47147|1299|6939|50989|48116
44324|32595|174|16276|64476
13030|1299|3356|16735|2716
20932|1299|8551|20473|47065|61574
32590|174|52468|271150
20205|1299|32787|202161
35600|50263|21263|203293
34177|174|60068|216213|205884
45049|6696|1299|6855|50698
8283|6939|54429
204092|6939|50989|48116
327727|174|35598|52091|206810|59867
6424|174|21320|5408|50148
58308|6939|1299|5617|200750
8220|3491|174|140227|44324|205369
198385|174|8551|20473|47065|61574
58308|6939|1299|14754
63927|1299|8551|44709
7713|1299|3356|16735|2716
20253|1299|174|21320|5408|50148
2497|6461|6424|44592|49581|209693
271253|174|35598|52091|206810|35273
174|1299|32787|202161
2027|6696|1299|20473|399970
6720|1764|174|10490|2722|12148|47065|61574
28917|6939|268624|262594|269603
148968|1299|6453|29208
50629|20764|52091|206810|196767
28917|6939|30893|204789
4181|1299|21351|60132
3170|37468|53062|266493|61625
58308|6939|7018|3379
57821|12586|3257|1299|3920|206777
4764|1299|3257|60068|206406|210557
48070|6939|393682
29504|15935|174|8551|20473|47065|61574
210312|4601|6939|28917|12668
174|62000|212815|52053
553|6939|28370
12859|6939|39790
28917|6939|1299|60068|396319
40994|6939|50989|48116
6667|174|60068|216213|205884
6082|174|37468|61568|266460|61625
139317|44324|32595|174|36352|136258
58308|6939|1299|52468|273877
139317|44324|32595|174|18678|273114
29075|1299|8551|44709
58308|6939|3170|965
3320|174|20723|2852|202874
4601|6939|28917|9110
57381|50304|1299|3356|28370|263535|268030
28917|6939|1299|16880
1140|33891|216067|44244
553|62255|52091|206810|12773|213694
58299|174|399697|39967|399697
12956|174|28189|266931|269250|271150
41327|6939|28370|270962
6730|6830|3257|49666|205647|49801|204533
58057|174|35598|25308|28917|204076
28917|6939|1299|20473|402238
3303|174|20473|47065|61574
44324|32595|174|17451
35600|6939|29222|204957
206356|50629|1299|20473|399970
58308|6939|7018|26830
35598|174|6461|394737
32590|37100|6762|174|37468|61568|266460|61625
12779|62255|52091|206810|214721
34019|6696|1299|198949|35676
28917|6939|1299|3301|25252
210312|4601|50869|34019|51306
328840|327727|174|137409|62000|212815|52053
9900|23764|3356|21320|5408|47065|61574
8283|6939|39790
15935|6461|394737
58308|6939|6830|23520|64126|273198
58308|6939|1299|7483
12637|35598|52091|206810|34786|34789|34786
44324|32595|174|7195|30081
34927|56655|1299|3223|34224|12735
44324|32595|174|395723
34549|2603|21320|5408|47065|61574
210312|4601|50869|52025|57851
9900|23764|1299|20473|47065|61574
34019|4601|4492
148968|7474|3257|174|5538|8194|29345
32590|1299|3356|28370|268198
139317|44324|32595|174|262901|273630
58057|174|35598|52091|206810|197643
62167|174|140227|44324|205369
28917|6939|58308
19151|174|210329|215728
15576|35598|52091|206810|202279
3333|12859|215551|30893|13214|35634
28917|8359|57304|209693|213702
58308|59689|29075|1299|20473|47065|61574
271253|6453|174|1916|47065|61574
3399|3257|174|13786|263047
29691|1299|34927|202827
6830|5511|49666|58224|214805
513|174|28189|266931|271615|273522|271150
559|35598|52091|206810|196638
2497|1299|917|214598
32590|1299|56630|209944
202365|50673|174|2914|226|47065|61574
24482|6424|44592|49581|211507
44324|209022|52025
13786|174|6453|29208
6762|174|20473|47065|61574
64475|62255|52091|206810|24881|24697
28917|6939|1299|49604
41666|31133|12389|28917|8905|42132|56779
2734|47787|6424|203020
37105|37662|174|204548|215728
8283|6453|60068|211571
29504|15935|174|3257|60068|206406|210557
50300|3356|21320|5408|47065|61574
39392|33891|52320|7162|13878|52468|271150
2497|6461|6424|44592|49581|211507
999|6453|174|60068|216213|205884
29222|6939|553|204680
553|62255|52091|206810|214210
28917|6939|1299|25899|26793
58308|6939|7018|400072
215596|1299|37468|53062|266493|61625
40994|23764|35168|212999
28917|6939|48678|209737
50673|174|201814|209896
917|25369|174|216211|211575
3333|1257|174|140227|44324|205369
397131|60011|3356|174|60068|205884
28917|6939|1299|8781
13830|971|174|35598|52091|206810|35273
15576|8220|1299|174|37468|61568|266460|61625
13786|174|210329|215728
210312|4601|50869|6939|50989|33837
58057|50673|174|1299|20473|47065|61574
29504|15935|174|35598|52091|206810|214721|204108
58299|20473|47065|61574
4601|50869|214757|212085
1257|1299|8551|44709
40994|57463|41327|201722
37662|1299|20473|399970
209|3356|9002|62000|212815|52053
44324|32595|174|211691
4601|50869|52025|213982
206356|50629|3223|41327
29504|15935|174|5511|49666|58224|214805
28917|34927|202827
12859|35598|52091|206810|202279|213203
62167|174|60068|197103|212080
58308|6939|1299|20473|48231
139317|44324|32595|174|9166
31742|174|210|47065|61574
210312|4601|50869|213768|205634
20932|174|140227|44324|205369
15605|35598|52091|206810|48595
29222|6939|35826
31742|1299|198949|35676
34800|58057|50673|174|6461|394737
174|35598|52091|206810|59867
20253|1299|7195|11432|271150|272738
28917|6939|1299|26858
42541|1299|6855|39904
48362|1299|5511|60068|206406|210557
35426|215596|62000|6777|42541|207727
37739|3491|1299|6424|44592|49581|209693
34800|58057|50673|174|138997|216211|44324|205369
5413|1299|8551|44709
21232|13030|1299|4230|2716
29222|6939|15372
136557|174|3356|28370|28657
5405|1680|44709
293|3356|1299|20473|47065|61574
28917|6939|1299|18734|13591
28917|6939|31263|9026
58308|6939|1299|210937|11930
35008|1299|3223|41327
4601|6939|28917|50009
50304|1299|201814|209896
7018|6939|28370|28657
32590|1299|3356|28370|53079
52320|6424|44592|49581|211507
24961|1299|1680|20473|47065|61574
58308|6939|33891|60068
34927|56655|1299|6453|29208
47147|1299|37468|60068|216213|205884
28917|6939|1299|395423
328964|23764|1299|60068|211571
39122|174|13786|263047|269680
139317|44324|32595|174|399646|206042
36924|1299|174|37468|61568|266460|61625
3170|6939|28917|39153
29222|6939|28917|206011
139317|44324|32595|174|2018|8094
34927|174|7311|835|394273
328840|327727|174|35598|52091|206810|34786
58308|6939|1299|214415
559|6939|58308
28917|6939|25192|29067
52925|3356|1299|6855|39904|47767
36924|1299|6461|210|47065|61574
29691|1299|1680|20473|47065|61574
14315|2914|6424|44592|49581|211507
44324|32595|174|399646|212532
8218|6461|174|140227|44324|205369
209|3356|1299|6855|50698
917|60068|1299|3356|28370|263060
9044|174|60068|216213|205884
44324|32595|174|55003
59414|3303|174|140227|44324|205369
559|9498|20473|47065|61574
8888|137409|3356|1299|20473|47065|61574
58057|174|6453|19318|201813
28917|6939|1299|20473|204463
3399|5511|174|399697|39967|399697
12389|1299|10490|2722|12148|47065|61574
6424|6762|1299|6855|39904|202605
29222|1299|20473|399970
7018|2914|20473|201423
35600|6939|2852|197451
58308|212815|52053
1280|2914|174|204548|215728
151326|174|37468|61568|266460|61625
34019|6939|30893|199580
8220|1299|12859|47065|61574
12637|6939|28917|6789
174|52468|271150
58308|6939|40994|204136
44324|32595|174|43853
35266|1299|20473|47065|61574
204092|6939|207995
207841|6939|15372|203592
207841|61049|174|60068|205884
44324|32595|174|17185
40994|174|52468|262393
20253|1299|13335|5408
6424|6939|28917|47438
262427|174|1299|8551|44709
16552|1299|3216|51032|41344|39707
35426|215596|174|13786|263047|269680
58308|6939|7018|46488
139317|44324|32595|174|63293
12350|1299|3257|204548|215728
50304|1299|174|60068|205884
5405|62255|52091|206810|12773|213694
14907|1299|60068|197103|212080
553|6939|30893|204789
28917|6939|1299|39648
6894|174|60068|197103|212080
37497|3491|174|10490|2722|12148|47065|61574
44324|32595|174|57974|62661
14630|6424|44592|49581|211507
199524|174|210329|215728
28917|6939|1299|23520|264821|274129
49544|3356|174|20723|2852|202874
4601|50869|6939|42695
205112|50629|1299|6855|39904|47767
15576|35598|52091|206810|39558
1299|9002|49434|212815|52053
262427|174|35598|52091|206810|24881|24697
55222|174|13786|263047|266089
58308|6939|6830|23520|10269|265818
13786|3356|1299|6855|39904|199604
16347|1299|37468|270551|263047
48070|57463|7713|174|56308
202365|50673|174|13786|263047|267961
47147|1299|174|60068|205884
42541|62255|52091|206810|12773|47809|50780
58057|174|35598|52091|206810|214721|204108
6830|6939|28917|198297|51081
132337|1299|60068|197103|212080
32590|137409|62000|212815|52053
34177|1299|3356|60011|34927|208690
6830|6939|28370|263535
210312|4601|7195|11432|271150
8283|6939|30893|199580
577|33891|216067|44244
6424|12859|47065|61574
15935|174|3356|28370|28657
198385|174|7545|20473|47065|61574
28917|6939|7018|11992|35892
202297|13335|400095
42473|1299|174|204548|215728
215596|1299|3356|28370|28657
1299|174|13786|263047|268105
62000|1680|44709
34177|174|204548|215728
55222|1299|25091|8298|4601|4492
6453|1299|42303|51701|30893
58308|6939|28370
1764|174|60068|216213|205884
15605|35598|52091|206810|12773|52213
12956|1299|8551|44709
6830|3257|20473|399970
210937|1299|174|60068|205884
398465|174|3257|21034
60068|33891|12859|47065|61574
14907|1299|7195|20473|47065|61574
139317|44324|32595|174|30103
7474|3257|1299|20473|201423
4764|174|16276|203019
34177|3356|1299|3920|206777
49544|3356|1299|8551|44709
2734|137409|48011|25184|49801|204533
58299|62255|52091|206810|214721|204108
398465|174|34927|202827
2516|1299|12956|212721
24482|2914|1299|20473|47065|61574
37739|3491|174|37468|61568|266460|61625
34854|1299|174|62000|212815|52053
37053|37100|33891|60068|211571
4775|1273|174|37468|61568|266460|61625
327727|174|46427|64289|44592|49581|209693
29479|9002|62000|212815|52053
12859|6830|60068|216213|205884
16347|1299|22773|8119
328840|327727|174|1299|25091|8298|4601|4492
971|174|6453|29208
3399|5511|174|14840|269288
10111|1299|60068|216213|205884
41666|49434|212815|52053
29140|6424|44592|49581|211507
58308|59689|30781|33891|44592|49581|209693
328840|327727|174|13786|263047|266089
49434|5511|174|5538|8194|29345
41327|174|60068|216213|205884
37662|174|399697|39967|399697
58308|6939|1299|20473|51191
57381|50304|1299|60068|197103|212080
34019|6939|28370|267608
328206|37739|3491|1299|20473|47065|61574
174|13786|263047|61826
36236|2914|12859|47065|61574
210312|4601|6939|28917|43714
42473|1299|8551|20473|47065|61574
64475|6939|29222|513|20940
1299|6939|30893|13214
17350|6453|174|60068|216213|205884
28917|6939|1299|20473|54721
2734|58453|30990|174|37662|36958
50877|5405|6939|24796|63293
35426|215596|1299|6762|16735|273514
35280|1299|42303|51701|30893
58308|6939|1299|3308|3573
198385|6424|44592|49581|209693
29075|1299|60068|216213|205884
917|60068|174|399697|39967|399697
174|35598|52091|206810|35273
28917|6939|1299|396993|50224
25152|6939|1299|20473|47065|61574
51185|6762|174|201814|209896
29222|6939|263047|264389
271253|3356|1299|6855|39904|47767
44324|32595|174|27988|271949
917|60068|174|138997|216211|44324|205369
28917|13335|400095
6894|174|35598|52091|206810|24881
55222|174|3257|60068|206406|210557
58308|6939|50629|49855
19653|30600|1299|198949|35676
28917|6939|1299|52468|23031|23246
4230|1299|21351|60132
35008|1299|3356|21320|5408|47065|61574
39122|1299|6762|16735|273514
5405|62255|52091|206810|196638
50673|174|13786|263047|269680
44324|32595|174|140577
6424|6939|28917|52191
271253|1299|35598|52091|206810
210312|4601|50869|41051|205415
11039|6461|1299|35598|52091|206810
139317|44324|32595|174|396278
35360|6424|44592|49581|211507
136557|137409|62000|212815|52025|212895|210320
23367|1299|12956|212721
12969|1299|3356|28370|263535|268030
28917|6939|1299|12293
44324|32595|174|263167
3216|1299|5511|60068|206406|210557
29691|1299|60068|197103|212080
2734|13786|263047|262376
6424|6939|28917|50009
12779|3257|1299|6855|39904
50673|174|21320|5408|47065|61574
29222|6939|7018|22241|400745
58308|6939|29208|34222
28917|6939|1299|6855|12767
210312|4601|50869|56381
51088|28917|215730|209693
44393|394256|174|60068|216213|205884
28917|6939|1299|19332|273255
58308|6939|41720
3170|6939|28917|8491
28917|6939|1299|21277|212692|208293|50597
28917|6939|1299|20473|210659
28917|6939|7018|4473|13979|8076
49788|1299|37468|53062|266493|61625
47147|1299|6939|28370
28917|6939|1299|52468|267756
41722|12389|174|21320|5408|47065|61574
12859|13335|400095
28917|6939|1299|30823|49418|206134
198385|174|138997|216211|44324|205369
41327|13786|263047|271068
48185|1299|20473|399970
28917|6939|1299|8151|20940
20253|1299|22773|8119
3170|6939|28917|198297
39122|1299|3257|204548|215728
3214|1299|8551|20473|47065|61574
58308|6939|6830|23520|64126|265695|63293
28917|6939|6830|23520|64126|274068
5413|1299|6855|39904|47767
5405|6939|2852|61110
1140|24785|6830|3356|28370|267608
58308|6939|1299|13999
559|37468|52468|262393
174|6762|1680|44709
41722|12389|1299|60068|197103|212080
49434|33891|216067|44244
999|6453|174|5538|8194|29345
58308|6939|6830|23520|27717|269846
205206|1299|7195|11432|271150|272738
12637|6939|28370|267556
12307|29691|1299|17676|216211|44324|205369
328964|3491|2914|6424|44592|49581|209693
15562|2914|3356|21320|5408|47065|61574
34927|56655|1299|6461|394737
3741|33891|216067|44244
1299|3491|20473|47065|61574
56655|1299|12956|212721
28917|6939|1299|30823|215540
29222|6939|202297|200299
16347|1299|34927|202827
20912|12637|1299|20473|47065|61574
8283|6939|28370|267556
39351|6830|60068|216213|205884
207841|6939|28917|6789
20205|174|22381|267470|263047|264389
6894|174|1299|20473|47065|61574
17639|174|204548|215728
271253|174|35598|52091|206810|24881|24697
58308|6939|1299|44332
139317|44324|32595|174|132839
3399|174|5538|8194|29345
215596|1299|3356|8119
40387|1299|56504|47674
6424|6939|28370|263535
15562|2914|6424|44592|49581|209693
58308|6939|3170
206356|50629|264409|61832|266460|61625
29222|6939|215085|202585
6830|1299|56630|209944
40994|57463|41327|211661
44324|32595|174|1299|25091|8298|4601
137409|174|204548|215728
327727|174|35598|52091|44660
20130|23352|6461|62000|212815|52053
58308|6939|7018|54097
58308|6939|29208
4601|50869|13335|400095
34019|47065|61574
3130|174|34927|202827
20612|9044|1299|174|204548|215728
49028|1299|3356|28370|263060
24516|3491|1299|198949|35676
29222|6939|59970
327960|327782|37100|174|5538|8194|29345
210312|4601|50869|41051|401315
58308|6939|6830|23520|265540
64475|6939|54429
1280|1299|198949|35676
44324|32595|18423|137409|6461|1299|9498|18229|132215
4601|50869|34019|204092
58308|35598|52091|206810|12773|52213
29222|1299|6855|39904|199604
207841|6939|28917|47478
58299|62255|52091|206810|12773|211692|196629
328840|327727|174|35598|52091|44660
58308|6939|33891|47540
4826|1299|20473|399970
553|48284|8220|1299|20115|22677|208527
6461|1299|60068|216213|205884
28917|6939|1299|44239
6720|33891|60068|211571
8426|6777|35598|52091|206810|59867
57695|917|60068|1299|6939|393682
34288|1299|3356|28370|263963
34927|1299|3257|19318|201813
327960|174|3356|28370|28657
55222|174|6461|394737
271253|1299|37468|270551|263047
58308|6939|3170|210495
553|1299|12956|212721
174|3356|28370|268521
34019|6939|25192|29067
41327|6939|28370|28657
210312|4601|50869|6939|50989
28917|6939|1299|23520|27884
34177|1299|6453|29208
48919|174|140227|44324|205369
8455|1299|8551|20473|47065|61574
202032|58115|21263|30791
34854|1299|3356|28370|28657
13830|971|174|35598|52091|206810|196638
30844|8283|47065|61574
47147|1299|6939|196610|48927
50673|174|1299|198949|35676
57695|917|60068|1299|25091|8298|4601|4492
37271|174|60068|205884
28917|6939|7018|6621|265591
58308|6939|35133|57706
22652|1299|6855|50698
57381|50304|1299|17676|216211|44324|205369
40994|57463|41327|214443
44324|32595|174|1289
57111|41327|7195|28343|2716
49544|3356|1299|6855|50698
28917|6939|1299|14525
34019|29169|1299|20473|47065|61574
28917|6939|1299|203410
263152|174|2914|226|47065|61574
4777|2516|1299|201814|209896
47692|3356|1299|198949|35676
3356|1299|6424|44592|49581|209693
28917|37468|52468|271150
7720|44324|215172|214955
28917|6939|15935|197451|201931
40994|57463|41327|200553
6830|12956|28343|2716
28917|6939|1299|23487
199938|1299|174|60068|216213|205884
12956|1299|6855|39904|199604
60068|174|1299|3920|206777
207841|16164|36032
15547|174|210329|215728
174|35598|52091|48158
139317|44324|32595|174|16276|64476
1031|999|6453|1299|12389|39089|202279|206810|52091|41039|48595
28917|6939|1299|23520|27745
44324|32595|174|263009|52559|274658
209|3356|1299|201814|209896
263152|264409|174|6453|19318|209896
12956|6830|60068|216213|205884
37100|1299|12389|39089|202279|206810|52091|41039|48595
16552|2914|174|11432|271150
6894|174|13786|263047|52793
4601|50869|34019|35600|56648
4230|1299|29695|206557
20055|1299|20473|399970
271253|1299|37468|53062|266493|61625
28917|6939|1299|8151|278
210312|4601|50869|214757|59449
209650|34927|9002|1299|198949|35676
58308|6939|1299|16509|8987
33891|1299|201814|209896
58308|6939|1299|58321|43758
44324|401538|393577|213801
5405|6939|28370|28657
14315|174|6762|16735|273514
14907|1299|174|204548|215728
327960|174|56630|209944
59890|60068|33891|12859|47065|61574
41666|37468|60068|216213|205884
209650|34927|1299|6453|29208
34019|6939|25192|20701
1828|33891|44592|49581|209693
199524|174|201814|209896
36924|1299|3356|13786|263047
680|1299|198949|35676
35600|6939|30893|199580
28917|6939|6830|23520|52468|269934|274125
28917|6939|1299|5504
58308|6939|1299|63473|209261
35600|58453|30990|174|37100|328436
17639|1299|20473|399970
4181|3491|5408|47065|61574
196621|6939|28917|48084|35816
2734|58453|30990|174|37100|328514|327859
1299|6939|30893|199580
5713|174|10490|2722|12148|47065|61574
394256|174|28189|266931|271615|273522|271150
16552|6453|174|21320|5408|50148
28917|6939|1299|30823|49418|213877
28917|6939|1299|20326
6082|2914|1299|6855|39904|202605
271253|174|35598|25308|28917|204076
56911|174|52468|262393
49028|1299|34927|202827
48070|6939|28917|39238
1403|577|1299|60068|216213|205884
328206|37739|3491|1299|198949|35676
35426|215596|174|13786|263047|271068
28917|6939|1299|23316
7018|6762|16735|273514
19151|174|6453|19318|209896
4777|137409|62000|212815|52053
12859|6939|215172|214955
559|35598|52091|206810|8274
6730|6830|9002|8772|396416
57381|50304|1299|20473|47065|61574
58057|174|201814|209896
35369|5405|47065|61574
971|174|35598|52091|206810|34786
139317|44324|32595|174|7497|24151|23596
58308|6939|7018|16576
139317|44324|32595|174|11172
6908|174|201814|209896
11039|6461|1299|3920|206777
35600|30781|5511|174|37468|61568|266460|61625
328512|37100|1299|6855|39904|202605
199524|1299|3356|28370
139317|44324|32595|174|273264
29222|6939|2852|202874
34927|60011|3356|174|20473|47065|61574
58308|6939|6830|23520|264821|274129
15623|4455|33891|216067|44244
12969|1299|6855|50698
13786|2914|12859|47065|61574
16552|3257|174|22381|267470|263047|264389
55222|174|3356|8119
51088|6461|8899|60294|33891|50673|43414|43995
29222|6939|62000|208226|205778
50877|5405|6939|30893
15605|35598|52091|206810|214721
32590|37100|174|216211|211575
50628|1299|56504|47674
15935|174|3356|3223|34224|12735
17350|6453|1299|1680|20473|47065|61574
210937|1299|174|13786|263047
15605|6939|29222|513|20940
58308|6939|50629|207252|202119
327727|174|14840|269288
22652|174|3356|28370|268521
328964|37468|174|204548|215728
327727|174|1299|6855|50698
28917|6939|1299|20473|398883
151326|174|35598|52091|206810|57164
20253|1299|16164|36032
40994|6939|28370|269016
1140|24785|6830|174|140227|44324|205369
199524|1299|6855|39904
29222|6939|35168|197556|206026
15547|174|28189|266931|269250|271150
5511|174|21700|399914
44324|32595|18423|137409|6461|174|34927|209533|214450
8218|28917|215730|209693
8455|6424|44592|49581|211507
58308|6939|1299|20473|40138
6696|1299|9002|8772|396416
55720|3491|174|62000|212815|52053
32097|4230|52654|266493|61625
50628|6453|174|140227|44324|205369
40994|57463|41327|206737
9044|1299|174|204548|215728
271253|6453|174|13786|263047|269680
12637|1299|56504|47674
11039|137409|62000|212815|52053
19151|174|5511|49666|58224|214805
132847|7474|7473|6461|6424|44592|49581|211507
51088|2914|174|5538|8194|29345
132825|174|35598|52091|206810|214210
327960|174|35598|52091|206810|48595
553|6939|39790
12956|1299|20473|399970
58308|6939|1299|37119|13335
4601|50869|215172|201371
44324|32595|174|36236
12779|3257|1299|198949|35676
33891|216067|44244
32590|1299|6855|39904|47767
20514|1299|4230|2716
12969|1299|6453|4755|7768
34927|56655|1299|3356|8772|215536
139317|44324|32595|174|270126|270215
32590|37100|1299|3920|206777
398465|1299|20473|399970
971|174|22381|267470|263047
25091|3356|174|1916|47065|61574
39122|1299|6939|28370|52593
47147|1299|17676|216211|44324|205369
49605|6762|1299|3920|206777
2734|16735|60503|268746|61625
2152|6461|62000|212815|52053
327727|174|35598|52091|206810|24881
35369|8218|33891|216067|44244
7018|6939|28370|264426
44324|32595|174|397026
49432|48362|1299|12956|212721
42541|1299|174|210|47065|61574
2516|1299|34927|202827
2914|12859|47065|61574
3216|1299|37468|270551|263047
210312|4601|50869|41051|200306
58308|6939|6830|23520|263714
29691|1299|56504|47674
28917|6939|1299|398104|44273
49028|1299|174|21320|5408|50148
33891|56630|209944
23764|3356|174|10490|2722|12148|47065|61574
7713|174|1299|8551|44709
38880|6762|174|140227|44324|205369
174|3356|28370
151326|174|35598|52091|206810|39089
52873|12956|1299|6855|50698
28917|6939|1299|41897
2497|1299|23764|35168|212999
45049|6696|1299|17676|216211|44324|205369
49544|2914|174|210329|215728
28917|6939|1299|396253
139317|44324|32595|174|33544
139317|44324|32595|174|198104
59414|6830|3356|1680|44709
12859|1299|10490|2722|12148|47065|61574
5405|1299|17676|216211|44324|205369
18106|174|210329|215728
1764|5405|266493|61625
48070|6939|2852|202874
12637|1299|22773|8119
12779|14840|269288
559|34927|202827
59891|13030|1299|12956|212721
59891|13030|1299|174|20473|47065|61574
12859|1299|174|60068|205884
16347|1299|60068|211571
328840|327727|174|6762|1680|44709
16552|1299|174|37468|61568|266460|61625
13830|971|174|1299|6855|39904
58308|6939|7018|11483
44324|32595|174|153773
34927|52025|174|37468|61568|266460|61625
28917|3257|174|1916|47065|61574
553|31133|51032|41344|39707
28917|6939|7018|22241|400745
6830|1299|4230|2716
3170|6939|2852|210367
577|1299|8551|44709
139317|44324|32595|174|32505|397370|6936
58299|174|210|47065|61574
20205|1299|6461|394737
4601|50869|214757|212470
12859|1299|20473|399970
28917|6939|1299|44522
207841|6939|50989|205966
13830|971|174|6453|19318|209896
139317|44324|32595|174|400701|14333
327727|174|37468|53062|266493|61625
17660|2914|1299|6855|50698
5405|6939|58308
28917|6939|1299|1759|29422
50304|1299|3356|20473|47065|61574
917|3214|1299|3223|34224|12735
30600|1299|6855|39904|199604
4601|50869|52025|212895|402182
35426|215596|1299|6939|393682
40994|16276|203019
49788|174|204548|215728
29222|6939|9136|206236|208183
44324|7720|10111|1299|8551|20473|47065|61574
25160|174|22381|267470|263047|264389
35600|6939|42695|43101
213151|34549|3257|1299|20473|47065|61574
28917|6939|1299|6128|54004|21835
3320|6461|6424|44592|49581|209693
58308|6939|1299|835|52025|215760
64475|44592|49581|209693
57777|8298|25091|2603|21320|5408|47065|61574
213151|34927|1299|20473|399970
12307|29691|1299|3257|204548|215728
6461|174|1916|47065|61574
35426|215596|62000|56584|207529
50877|5405|1299|20473|47065|61574
207841|6939|28370|268198
4637|1299|56504|47674
9044|174|52468|271150
29222|6939|12779|39636
58308|6939|7018|399611
577|174|60068|205884
35280|2914|174|20473|47065|61574
4777|2497|1299|198949|35676
28917|6939|25192|26710
50673|174|32787|202161
29222|6939|52838|268086
6720|1853|9002|62000|212815|52053
48185|33891|216067|44244
49605|6762|174|20473|47065|61574
264479|6762|1299|20473|399970
6424|8772|215536
34854|1299|3356|28370
917|60068|1299|56630|209944
139317|44324|32595|174|54579|394778
7720|10111|1299|3920|206777
21700|174|8551|20473|47065|61574
28917|6939|1299|20473|400671
263237|174|6453|19318|201813
139317|44324|32595|174|57974|198963
50673|174|6762|16735|273514
28917|6939|1299|262210
44324|32595|174|201902
58308|6939|1299|56504
9268|4764|174|52468|262393
7018|1299|34927|202827
327727|174|35598|52091|206810|12773|213694
12859|35598|52091|206810|211692|214268|196977
29075|6762|174|37468|61568|266460|61625
28917|6939|1299|1759|205250
29222|6939|8194
35600|6939|29222|513|20940
35280|3356|174|5538|8194|29345
6830|6939|2852|199711
327960|174|7311|835|394273
58308|6939|1299|12025|402106
33891|60068|211571
32590|12956|1299|6855|39904|47767
210312|4601|6939|28917|21453|35271
46450|1299|6855|39904|199604
42541|62255|52091|206810|12773
40994|57463|41327|201847
28917|6939|6830|23520|272935|274105|274027
58308|6939|7018|398222
3491|174|62000|212815|52053
56987|1299|6855|39904
4601|8298|8283|6762|16735|273514
3170|4788|45796|136780|134736|133524|136975|136168|174|45558|134976
12859|137409|62000|212815|52053
50628|1299|6762|60068|205884
28917|6939|40994
2914|1299|1680|20473|47065|61574
4601|50869|41051|207529
20253|1299|2914|226|47065|61574
48070|1299|6453|29208
58308|6939|6830|23520|27884
56655|1299|7195|28283|268744|2716
20253|1299|174|21320|5408|47065|61574
327727|174|13786|263047|269488
32590|6453|174|1916|47065|61574
46450|1299|12859|47065|61574
60068|1299|6855|39904|202605
35600|6939|29222|207688
44324|32595|174|32505|46689
15605|35598|52091|206810|12773|47809|50780
137409|6461|21320|5408|47065|61574
60068|174|56630|209944
210312|4601|50869|44324|202335
48070|6939|28917|6789|48004
58308|6939|6830|23520|263248
3170|6939|28917|21453|201646
48070|6939|2852
196621|58115|21263|203293
32590|37100|1299|6855|39904|47767
3170|2914|12859|47065|61574
58308|6939|7018|14858
44324|32595|174|394110
58308|6939|25400|15765
28917|6939|1299|34927|210667|204375
60068|1299|3356|28370|263535
327727|174|210329|215728
25220|3356|174|210|47065|61574
207841|6939|28917|24651|39900
41327|13786|263047|269488
59891|13030|12859|47065|61574
25091|1299|20473|201423
58299|62255|52091|206810|57460
58308|6939|1299|23520|14638
19151|174|37468|61568|266460|61625
44324|32595|174|21859
20253|1299|7195|28189|266931|269250|271150
15623|4455|6424|44592|49581|211507
8283|3491|138997|216211|44324|205369
5405|14840|269288
16552|1299|3356|28370|263535
139317|44324|32595|174|14051|23431
7594|3356|1299|20473|47065|61574
47147|1299|6939|2852|210367
29680|3257|1299|20473|399970
28917|6939|1299|23520|265620
28917|6939|7018|394102
6830|174|20723|2852|202874
57111|41327|215551|30893
8426|3257|174|22381|267470|263047|264389
28917|6939|1299|54082|263725|269973
2734|58453|30990|174|37100|328436
28634|4230|1299|6855|39904|199604
3320|1299|22773|8119
35426|215596|1299|60068|197103|212080
47160|174|5538|8194|29345
49432|48362|1299|2914|226|47065|61574
13786|174|10490|2722|12148|47065|61574
196621|15576|174|20473|47065|61574
35600|35625|5511|1299|12859|47065|61574
9044|1299|198949|35676
8283|20764|52091|206810|39089
58308|6939|7018|32673
132825|174|35598|52091|206810|34786
48070|1299|3356|28370
9268|4764|174|22381|267470|263047
3170|174|60068|205884
23367|1299|6855|39904|199604
58308|6939|7018|401202
28917|6939|1299|14041|194
28917|6939|1299|20473|214921
12637|6939|393682
58308|6939|1299|12337
44324|32595|174|28999
553|9002|197068
57111|174|6453|4755|20473|47065|61574
39392|174|3356|60011|34927|208690
58308|6939|2852|202874
28917|6939|6830|23520|262191|272020
15547|174|3356|8119
50304|1299|4230|2716
44324|32595|174|399646|200329
8283|2914|13786|263047|271068
44324|32595|174|53667|38230
49432|48362|1299|10490|2722|12148|47065|61574
917|60068|1299|6424|44592|49581|209693
139317|44324|32595|174|12252
42541|31133|35598|25308|28917|204076
7594|174|35598|52091|206810|39558
28917|6939|1299|211826
44324|32595|174|204979
28917|6939|1299|400767
62000|6777|2852
28917|6939|1299|20473|7492
577|174|60068|216213|205884
35280|1299|3920|206777
59890|174|210329|215728
12956|174|21700|399914
50877|5405|14840|269288
398465|1299|23764|35168|212999
50629|1299|21351|60132
58308|59689|29075|174|52468|271150
45352|174|204548|215728
1299|6939|393682
327960|174|35598|52091|206810|210063
57821|12586|3257|3356|21320|5408|47065|61574
44324|32595|174|3573
34927|1299|6453|4755|7768
174|6762|16735|273514
196621|15576|3356|21320|5408|47065|61574
45049|6696|1299|12389|39089|202279|206810|52091|41039|48595
6424|6939|28917|9110
44324|32595|174|7203
4601|8298|25091|1299|20473|201423
58308|6939|1299|19750
59414|6830|6762|267470|263047
20764|174|7545|20473|47065|61574
2500|2914|1299|6855|39904|47767
2914|137409|62000|212815|52053
40387|1299|35598|52091|206810
3549|3356|9002|62000|212815|52053
553|1299|60068|197103|212080
14907|1299|34927|202827
1267|33891|44592|49581|209693
25220|33891|19318|201813
199524|3356|1299|6855|39904
28917|6939|1299|20473|214772
49028|1299|201814|209896
29222|1299|60068|197103|212080
29222|6939|29670|212520
262427|174|50509|51032|41344|39707
4601|50869|52025|209477
28917|6939|1299|393559
13030|1299|56504|47674
42541|1299|2914|226|47065|61574
28917|6939|1299|52468|269853
15605|6939|28370|270962
210312|4601|6939|28917
12637|6939|2852|201648
44324|32595|174|19982
48070|1299|7545|20473|47065|61574
12956|174|13786|263047|267961
28917|6939|1299|8151|19373
64475|3320|3491|5408|47065|61574
136557|174|35598|52091|206810|56766
28917|6939|263047|264923
263237|174|3356|8119
12637|35598|52091|206810|12773|213694
1273|174|210|47065|61574
139317|44324|32595|174|12189
139317|44324|32595|174|212250|208293|203217|59588
57777|13335|5408
44324|32595|174|16637|36974|20940
398465|174|13786|263047
58308|6939|6830|23520|64126|272971
4601|50869|34019|35600
4601|6939|28917|6789
49544|1299|6762|60068|205884
6696|1299|37468|53062|266493|61625
16347|1299|6855|39904|202605
42708|33891|60068|211571
7594|174|5538|8194|29345
29504|15935|174|13786|28343|2716
34019|7195|20473|47065|61574
28917|6939|1299|33425
28917|6939|1299|8764
60068|33891|56630|209944
29222|39801|199881
263237|174|1299|8551|44709
58308|6939|6830|23520|64126|274130
20253|1299|12859|47065|61574
23764|3356|174|60068|216213|205884
28917|6939|7018|398837
44324|32595|174|17185|25645
58308|6939|1299|201902
553|1299|198949|35676
20514|1299|6762|267470|263047
3399|174|201814|209896
28917|6939|1299|6206|15020
1140|24785|6830|3356|28370|28657
210312|4601|50869|52025|212895
394256|174|3257|19318|201813
29222|6939|268624|262594|268117
210312|4601|50869|52025|212895|214205
37239|37468|33891|44592|49581|209693
23352|2914|1299|198949|35676
139317|44324|32595|174|199335
196621|15576|174|1916|47065|61574
3170|6939|29222|41495
42473|1299|3920|206777
44393|394256|174|2914|226|47065|61574
41811|1273|174|20723|2852|202874
4601|50869|58299|41051|49867
36236|174|52468|271150
20253|1299|3223|34224|12735
41327|13786|263047|266089
21232|15576|35598|52091|206810|35273
28917|6939|1299|54600
7018|3257|21034
50629|6939|24796|63293
6894|174|35598|52091|206810|59815|25299
6424|37517|1299|5511|37309
12779|6939|28370|263535
58308|6939|6830|23520|27665|263222|274045
39122|1299|6453|4755|7768
51519|39351|174|60068|205884
28917|6939|1299|30823|49418|216127
139317|44324|32595|174|399646
52320|1299|198949|35676
207841|61049|12859|47065|61574
12859|1828|12179|393398|3356|174|50131
28917|6939|215782
58308|6939|35133|149020
29222|16276|203019
13830|971|174|3257|204548|215728
12859|1299|3257|20473|47065|61574
28917|6939|1299|60051|208293|203214|51684
49432|48362|1299|3356|28370|263535|268030
7018|6939|2852|210367
199938|1299|60068|197103|212080
327960|327782|5511|174|52468|271150
199938|1299|3356|28370|264426
19151|2914|1299|6855|39904|47767
3170|6939|16652
49544|1299|174|60068|205884
2027|47160|174|8551|20473|47065|61574
58308|6939|35168|197556|206026
39122|28917|215730|209693
8283|20764|52091|206810|202497
24516|174|35598|52091|206810|214210
44324|32595|174|44222|210374
50673|174|2914|20473|47065|61574
13030|1299|174|20473|47065|61574
852|1299|201814|209896
57777|8298|25091|6453|174|140227|44324|205369
29222|6939|50629|49855
3303|174|399697|39967|399697
9044|1299|6453|19318|209896
34927|1299|917|214598
57777|8298|8283|3491|209810|207187|206420
6082|2914|1299|198949|35676
3170|6939|39790
553|62255|52091|206810|59867
136557|174|35598|52091|206810|211692|214268
327960|174|3356|1680|44709
29504|15935|6461|52320|7738|262999|272466
35008|1299|4637|20473|47065|61574
553|6939|50989
263152|174|2914|20473|47065|61574
199938|1299|3356|28370|267608
58308|6939|28917|198297|51081
28917|6939|1299|60068|197103|209843
210312|4601|50869|6939|59689
132825|174|28189|266931|269250|271150
50131|36236|3257|1299|198949|35676
1299|174|13786|263047|267961
51873|6830|1299|3920|206777
207841|6939|28917|39238
148968|1299|6453|19318|201813
34800|58057|50673|174|7195|20473|47065|61574
2027|62000|41441|210320
29691|1299|3223|34224|12735
58308|6939|6830|23520|265539
28917|6939|1299|55285
263237|174|1299|198949|35676
48070|1299|56630|209944
8220|1299|9002|8772|396416
8220|6453|1299|16276|203019
15576|56630|209944
50629|6939|2852|210498
327804|37271|174|11432|271150|272738
328964|37468|174|11432|271150
28917|6939|1299|20473|204934
1267|1299|6453|29208
28917|6939|1299|20473|204291
204092|6939|28917|12668
44324|32595|174|21826|271909
3170|6939|2852|197451
196621|6939|30893|9423
20055|1299|6855|39904
327727|174|3356|8119
6830|6939|28370|268521
49432|48362|1299|3356|28370|264426
12859|1299|3356|60011|34927|208690
28917|6939|1299|55410|38266
210312|4601|50869|214757|208790
132825|174|20723|2852|202874
14537|13786|174|20473|47065|61574
577|1299|12859|47065|61574
6777|35598|52091|206810|196638
9268|4764|1299|8551|44709
34800|58057|50673|174|60068|197103|212080
48919|174|60068|211571
3216|1299|6855|39904
29504|39392|33891|7195|20473|47065|61574
34177|3356|1299|6855|39904
16552|30844|8283|47065|61574
48070|16276|203019
328512|5713|174|21320|5408|47065|61574
553|1299|6855|39904
28917|20764|52091|206810|59867
6730|6830|3257|20473|47065|61574
44324|32595|174|329082
4764|1299|23764|35168|212999
210312|4601|50869|199310|215502
34927|52025|174|210329|215728
46450|1299|6855|50698
206356|50629|33891|216067|44244
196621|6939|42695|43101
398465|4826|3257|174|20473|47065|61574
32590|1299|7195|20473|47065|61574
29222|6939|29670
41327|174|52468|262393
15605|6939|200070
15692|61049|52025|212895|210320
204092|6939|33924
35600|6939|54429|401894
34927|174|20473|47065|61574
50300|174|210|47065|61574
35600|6939|215172|214955
20253|1299|37468|60068|216213|205884
6830|174|60068|205884
30781|1299|20473|201423
204092|49434|212815|52053
2516|174|1916|47065|61574
44324|32595|174|400810
6057|174|60068|197103|212080
24516|174|35598|52091|206810|39558
49028|1299|37468|53062|266493|61625
34927|56655|1299|4637|20473|47065|61574
3399|47311|150249|153176
34549|1299|56630|209944
2734|3257|174|140227|44324|205369
36924|1299|20473|201423
28917|6939|1299|835|52025|215760
35600|6939|28917|47759
25091|41327|24796|12779|197000
559|56630|209944
57111|41327|6461|17378|8119
1140|24785|6830|3356|28370|263535|268030
5713|174|8551|20473|47065|61574
28917|6939|1299|20473|215848
577|1299|1680|20473|47065|61574
215596|174|60068|205884
58308|6939|1299|11172|265586
3130|174|3356|3223|41327
6424|174|35598|52091|206810|57164
139317|44324|32595|18423|137409|6461|1299|4637|1221|16509
34019|47160|174|52468|271150
139317|44324|32595|174|21277|39216
196621|6939|28917|39238|49392|34567
49028|1299|6939|2852|199711
58308|6939|1299|60068|212238
12637|35598|52091|206810|57164
139317|44324|32595|174|35041
8220|3491|174|20723|2852|202874
12779|174|13786|263047|267425
262427|174|7311|835|394273
271253|6453|174|14840|269288
917|60068|174|1916|47065|61574
59891|13030|1299|6453|19318|201813
44324|32595|174|398734
61568|174|20723|2852|202874
57381|50304|2603|21320|5408|47065|61574
327960|174|35598|52091
139317|44324|32595|174|2860|215446
29075|174|20473|47065|61574
64475|6939|2852|61110
39122|1299|3356|16735|2716
199524|37100|1299|20473|47065|61574
28917|6939|29670|57024
139317|44324|32595|174|397735
28917|6939|3170|205739
6720|1764|174|52468|262393
19151|174|206170|6939|5405|200019
58308|6939|1299|206364
5511|1299|6855|39904|47767
33891|917|214598
6730|6830|174|14840|269288
204092|6939|28917|39238|49392
48185|3356|174|210|47065|61574
58308|6939|1299|7250
210312|4601|50869|52025|401441
271253|6453|174|13786|263047
327727|174|1299|20473|399970
3303|33891|216067|44244
398465|174|60068|205884
49028|1299|4230|2716
328840|327727|174|35598|52091|206810|214210
328840|327727|174|14840|269288
28917|3257|1299|20473|201423
49028|1299|33891|216067|44244
32590|37100|2603|21320|5408|47065|61574
41666|20764|52091|206810|48687
34927|52025|1299|42303|51701|30893
139317|44324|32595|174|208765
28917|6939|62000|207879
139317|44324|32595|174|210|47065|61574
210312|4601|50869|215509
28917|6939|1299|20473|398338
24516|174|35598|52091|59815|25299
58308|6939|30893
263237|174|7545|20473|47065|61574
48362|1299|1680|20473|47065|61574
48362|1299|60068|216213|205884
58308|6939|7018|32119
29222|6939|28917|39238|49392
139317|44324|32595|174|17497
13030|1299|3356|1680|44709
34927|56655|1299|37468|270551|263047
132825|174|35598|52091|206810|214721|204108
29222|1299|198949|35676
28917|6939|1299|15557|205461
29222|6939|35168|21299
58308|6939|1299|212477
58308|59689|30781|1299|6855|39904|47767
34019|29169|1299|198949|35676
58299|62255|52091|206810|210063
62167|174|12389|39089|202279|206810|52091|41039|48595
8220|1299|6855|50698
136557|174|46427|64289|44592|49581|211507
34288|174|210329|215728
12859|7195|11432|271150|272738
5413|1299|35598|52091|206810
139317|44324|32595|174|401486
8283|20764|52091|59815|25299
23367|1299|8943|200636
132825|174|35598|52091|206810|39089
210312|4601|50869|59645|216355
21700|174|6453|4755|7768
35600|6939|59970
9044|1299|20473|47065|61574
17639|174|60068|216213|205884
1299|37468|53062|266493|61625
20932|174|210|47065|61574
28917|6939|1299|199524|62553|205941|211281
24516|174|12389|39089|202279|206810|52091|41039|48595
39122|1299|6939|2852|212876
2497|2914|6424|44592|49581|209693
34019|6939|30893|13214
42541|62255|52091|206810|57164
58308|6939|49418|213893
12779|62255|52091|206810|39089
28917|6939|1299|36352|27176
216285|8280|6762|174|20723|2852|202874
8455|1299|60068|197103|212080
35600|6939|207995
132337|174|1916|47065|61574
16552|37100|1299|20473|47065|61574
23367|1299|35598|52091|206810
20253|1299|6453|4755|7768
8455|1299|174|37468|61568|266460|61625
199524|1299|9002|49434|212815|52053
17660|2914|1299|6855|39904|202605
47147|1299|6939|28370|268521
136557|174|35598|52091|206810|34786
24785|6830|3491|216211|211575
58308|6939|48678|212598
28917|6939|29222|41495|206202
28917|6939|1299|394102|400326
28917|20764|52091|206810|59815
210312|4601|50869|199310|210352
29504|15935|174|3257|19318|201813
6424|6939|196610|48927
139317|44324|32595|174|17185
1267|1299|12956|212721
58308|6939|1299|16509|149172
6082|2914|1299|6855|39904
20912|12637|1299|7545|20473|47065|61574
8298|25091|6453|174|399697|39967|399697
327960|174|35598|52091|206810|211101
4637|3257|1299|3920|206777
6894|174|2914|226|47065|61574
35598|174|22381|267470|263047|264389
207841|37468|60068|216213|205884
199524|174|3257|9498|20473|47065|61574
52025|1299|21351|60132
12969|1299|3356|28370|264426
48070|6939|28917|47478
15547|3303|174|52468|271150
28917|6939|1299|19637
136557|174|37468|53062|266493|61625
4181|1299|198949|35676
4764|1299|8943|200636
28917|6939|1299|21976|88
28917|6939|1299|209578
12859|6939|28370
4601|50869|216375
132825|174|3356|28370|28657
136557|174|35598|52091|206810|211692|214268|197578
28917|6939|1299|14616
44324|32595|174|394814
28917|6939|1299|5518
39351|174|3257|19318|209896
34854|1299|35598|25308|28917|204076
28917|6939|47160|203698|206967
6730|6830|174|201814|209896
29222|6939|215085|207682
3491|174|56630|209944
28917|8359|57304|48678|42216
44324|32595|174|48519
58308|6939|1299|208905|198256
12859|6939|28370|263535
28917|6939|1299|13876
139317|44324|32595|174|17267
14907|1299|174|21700|399914
58308|6939|7018|6621|265705
40994|6461|6424|44592|49581|211507
58308|6939|7018|22241|400745
7018|3356|28370|263060
3320|1299|37468|270551|263047
22652|1299|6453|60068|216213|205884
36924|1299|3356|28370|263060
852|174|28189|266931|271615|273522|271150
58308|6939|1299|46261|49548
7474|7473|1299|34927|202827
50629|20764|52091|206810|56766
327727|174|3356|3223|34224|12735
29222|6939|8194|206362
199524|174|16276|203019
6057|174|32595|44324
210312|4601|50869|216375
139317|44324|32595|174|205148
58308|6939|6830|44239
58308|6939|7018|20057|64011
7018|6939|28370|267556
17350|3356|7720|44324|215172|214955
577|6830|60068|216213|205884
5405|1299|20473|399970
28917|6939|199081|209847
44324|32595|174|19740|54380|400053
47147|1299|3356|28370|263535|268030
61568|174|20473|47065|61574
28917|6939|1299|12709
16552|6453|3356|21320|5408|47065|61574
37739|3491|174|60068|205884
58308|6939|12735|15830|198417
13030|1299|8551|44709
50877|5405|7195|20473|47065|61574
28917|6939|1299|20473|214216
48070|6939|2852|204772
21700|174|6453|29208
33891|14840|269288
3130|174|46427|64289|44592|49581|209693
50629|20764|52091|206810|210063
41327|6939|28370|268521
17350|3356|2914|12859|47065|61574
44324|215172|214955
174|50509|51032|41344|39707
28917|6939|1299|23520|11139
28917|6939|1299|6855|29148
207841|20473|30893
23764|3356|174|20723|2852|202874
58308|6939|28370|268198
28917|6939|1299|31242|198050
57381|50304|1299|20473|399970
6424|6939|50989|33837
48185|1299|3257|210329|215728
50629|6939|50989|50683
52320|137409|62000|212815|52053
55222|174|52468|271150
328840|327727|174|6461|394737
28917|6939|1299|23520|262191|264835
32590|1299|35598|52091|206810
8283|6939|2852|202874
1299|22773|8119
34288|1299|3356|28370|268521
12637|35598|52091|206810|39558
58308|6939|6830|23520|262148
28917|6939|7018|394896
199524|174|35598|52091|206810|211692|214268
12779|6939|29222|207688
4608|1221|4637|33891|216067|44244
41327|13786|263047|267425
58308|6939|1299|1759|29422
971|174|210329|215728
38880|6939|1299|20473|399970
14537|12859|47065|61574
58308|6939|1299|15557
37105|37468|174|20473|47065|61574
29222|6939|200303
198385|174|2914|226|47065|61574
58308|6939|553|204680
29222|6939|50629|35675
28917|6939|7018|21433
58308|6939|1299|208893
213151|41051|58299|266493|61625
28917|6939|1299|136897
3356|1299|201814|209896
7713|174|1299|3920|206777
58308|6939|7018|401671
41327|6939|24796|63293
44324|32595|174|272373
21232|15576|35598|52091|206810
49544|3356|1299|3920|206777
28917|6939|7018|397799
8888|6939|1299|20473|214587
58308|6939|49418|216127
4601|50869|44324
58308|6939|1299|22773
50877|5405|6939|2852|61110
42473|1299|1680|20473|47065|61574
58299|62255|52091|206810|197960
49788|1299|3257|20473|47065|61574
204092|6939|30893|204789
140627|1299|6855|50698
210312|4601|50869|58299|212691
51519|39351|174|204548|215728
4601|6939|28917|197078
20912|12637|1299|8551|20473|47065|61574
3170|6939|28917|28775
16552|1299|3356|8772|215536
47957|6461|62000|212815|52053
196621|6939|28917|50045
31510|174|1299|20473|399970
8283|6939|50989
139317|44324|32595|174|39537
6908|174|3257|21034
49432|48362|1299|56504|47674
210312|4601|50869|215828|51202|215828
58308|6939|6830|23520|272935|267845|273224
7713|33891|216067|44244
8426|3257|1299|20473|399970
64475|3320|174|37468|61568|266460|61625
205206|1299|3257|60068|206406|210557
20811|28716|1299|56504|47674
29222|6939|3170|214199
12859|1299|17676|216211|44324|205369
3701|174|11432|271150
553|9002|197589|174|6762|3269|198013
139317|44324|32595|174|209594
33891|264409|61832|266460|61625
20514|1299|3356|28370|28657
199938|1299|3356|60011|34927|208690
58308|6939|12735|15830|47952
29222|6939|199081|209847|26383
41327|137409|63473|200790
42541|44592|49581|209693
44324|32595|174|209847|26383
35600|6939|28917|6789|201069|207979
263152|174|1299|3920|206777
41722|12389|1299|174|37468|61568|266460|61625
42473|9002|62000|212815|52053
13786|174|35598|25308|28917|204076
44324|32595|174|202978
14537|174|204548|215728
198249|9498|20473|47065|61574
29222|6939|8899|42652|3573
34927|1299|37468|270551|263047
210312|4601|50869|6939|2852|200874
31510|174|60068|197103|212080
6730|6830|3356|3216|51032|41344|39707
34872|24961|1299|174|37468|61568|266460|61625
8220|3491|2914|6424|44592|49581|211507
51184|47692|33891|8551|44709
28917|6939|1299|7545|133612|18291
35710|3320|1299|8551|44709
28917|6939|200303
19151|174|14840|2716
6424|174|204548|215728
3320|1299|3920|206777
29222|6939|49418|206134
58308|6939|6830|23520|272935|273937
15605|35598|52091|206810|202497
51873|6830|1299|20473|399970
41327|174|216211|211575
34854|1299|3356|28370|269016
3399|5511|1299|6855|39904
6830|3356|28370|263535|268030
25152|2914|174|399697|39967|399697
58308|6939|3170|212806
1273|174|5538|8194|29345
196621|6939|33924
15605|6762|174|60068|216213|205884
28917|6939|1299|20473|211431
17350|6453|1299|6855|39904|199604
35426|215596|174|20473|47065|61574
148968|7474|3257|174|21320|5408|47065|61574
28917|6939|3170|214670
14537|174|12389|39089|202279|206810|52091|41039|48595
58308|6939|25400|31264
971|174|28189|266931|271615|273522|271150
58308|6939|7018|154126
58308|6939|15935|197451|202872
3170|4788|21351|60132
139317|44324|32595|174|62628
44324|32595|174|57225
327727|174|35598|52091|206810|211101
58308|6939|7018|4466
28634|4230|1299|6855|39904|47767
29222|6939|7018|400005
6730|6830|174|52468|271150
8529|1299|6855|39904|199604
28917|6939|1299|30823|208236
40994|57463|14840|269288
58511|1299|6855|39904|47767
3320|1299|8551|44709
25152|2914|137409|62000|212815|52053
15547|6424|44592|49581|211507
51184|1764|174|60068|205884
58308|6939|553|204680|214840
28917|6939|1299|26375
205206|1299|3356|28370|267556
2734|22356|28370|53079
12779|62255|52091|206810|39558
553|6939|24796
2914|174|60068|205884
1299|174|21320|5408|50148
210312|4601|50869|41051|211509
3320|1299|35598|52091|206810
24785|1299|6762|16735|273514
24516|174|204548|215728
21700|174|35598|52091|206810|214210
49028|1299|3257|20473|47065|61574
20514|1299|21351|60132
40994|6939|29222|41495|206202
34854|22356|52468|271150
15605|6939|25192|29067
58308|6939|1299|22439
4601|50869|34019|25057
58299|62255|52091|206810|196638|42702
7018|6453|60068|216213|205884
29504|15935|174|7311|835|394273
271253|6453|174|21700|399914
4775|1273|174|52468|271150
3356|1299|60068|216213|205884
6830|4637|20473|47065|61574
7018|3356|13786|263047
44324|32595|174|207866
28917|6939|1299|23520|263238|265775
52320|174|140227|44324|205369
196621|6939|24796|63293
7660|2516|174|60068|205884
44324|32595|174|55655|64315
50304|1299|6855|50698
4764|174|52468|262393
6696|1299|6855|50698
196621|8758|15576|174|52468|271150
210312|4601|50869|199177
1299|6453|19318|201813
44324|32595|208223
44324|32595|174|207096
7660|2516|3356|216211|44324|215172|214955
15605|35598|52091|206810|211692|214268
28917|6939|1299|396122
58308|6939|1299|20473|199097
57111|41327|6461|6057|28283|268744|2716
15623|1299|20473|47065|61574
41327|174|140227|44324|205369
42541|14840|269288
6908|174|6453|19318|201813
51873|6830|174|1916|47065|61574
210937|1299|3356|28370|269016
20205|1299|3223|34224|12735
23673|9900|23764|3356|174|20473|47065|61574
28917|6939|1299|8151|28400
199524|1299|201814|209896
7720|10111|1299|12859|47065|61574
6830|6461|394737
136557|174|140227|44324|205369
48919|174|3257|60068|206406|210557
28917|6939|1299|20473|40574
3130|174|35598|52091|206810|48687
206499|34549|1299|12389|39089|202279|206810|52091|41039|48595
34288|1299|3356|28370|264426
40387|1299|6762|49666|58224|214805
139317|44324|32595|174|19740|54380|400053
58299|62255|52091|206810|24881
7018|3356|13786|263047|269680
58308|6939|1299|34164|21342
44324|32595|174|36352|136258
12859|35598|52091|206810|196767
6830|3356|29695|206557|204503
2516|174|140227|44324|205369
29075|1299|3223|34224|12735
8283|20764|52091|206810|211692|214268|197578
199524|1299|6762|1680|44709
6424|6939|28917|39238|49392
28917|6939|2852|197277
6424|8529|328250|174|30990|37371
46450|1299|6762|60068|205884
35598|174|3257|21034
16552|1299|3356|28370|268198
6424|174|62000|212815|52053
12350|1299|6453|19318|201813
271253|174|35598|52091|206810|56766
28917|6939|1299|20473|142438
58308|59689|30781|1299|20473|201423
132825|174|6762|49666|58224|214805
16552|6453|174|60068|205884
139317|44324|32595|174|43160|199195
174|2914|20473|47065|61574
209650|34927|174|1916|47065|61574
15547|174|22381|267470|263047
28917|6939|7018|15084
15605|41327|13786|263047|268105
132337|1299|20473|47065|61574
49028|1299|3356|28370|269016
58308|6939|1299|28469
15576|174|210329|215728
48070|6939|42695|43101
59890|60068|33891|216067|44244
57111|41327|20764|43298|48678|213865
58308|6939|262485
34177|1299|3257|204548|215728
196621|58115|21263|34125
42473|1299|3356|16735|2716
204092|34019|14840|269288
28917|6939|1299|23520|52228|263785
55222|174|13786|263047
271253|6453|174|32595|44324
271253|6453|174|21320|5408|50148
971|174|35598|52091|206810|56766
3399|5511|174|52468|262393
42541|62255|52091|206810|214721|204108
139317|44324|32595|174|397423
7713|174|52468|271150
139317|44324|32595|174|53667|142597
41811|6461|62000|212815|52053
58308|6939|31263|206207
13786|174|5538|8194|29345
28917|6939|1299|13767|13951
48070|6939|30893
6424|13786|263047|272569|271133
58308|6939|28370|270962
139317|44324|32595|174|395866
58308|6939|1299|61327
7018|3356|28370|28657
37497|3491|5408|47065|61574
51184|1764|1299|3920|206777
559|6939|200303
28917|6939|1299|23520|262191|269907
1764|174|21700|399914
12779|6939|50989
139317|44324|32595|174|28511
16552|1299|3356|28370|267556
206499|34549|1299|6855|39904|47767
25091|5511|174|399697|39967|399697
47147|1299|6939|2852|200874
50629|6939|33924
60011|3356|174|20723|2852|202874
58308|6939|7018|21433
23367|1299|37468|53062|266493|61625
6762|174|8551|20473|47065|61574
210312|4601|50869|34019|34958
8283|6939|42695
16552|16260|174|52468|262393
15605|6939|25192|20701
4181|1299|29695|206557|205190
51185|6762|1299|201814|209896
7660|2516|1299|34927|202827
35710|3320|2914|6424|44592|49581|211507
139317|44324|32595|174|47787|203020
30844|174|1916|47065|61574
8220|1299|3356|1680|44709
7720|10111|1299|60068|197103|212080
207841|6939|28917|28907
44324|32595|174|20473
58308|6939|1299|20712
19151|33891|60068|211571
44324|32595|174|267613|13335
398465|174|13786|263047|268105
12859|13335|5408
2914|174|20473|47065|61574
59414|6830|174|52468|262393
64475|7195|20473|47065|61574
48362|1299|174|210329|215728
8758|6461|62000|212815|52053
58308|6939|6830|203446|214279
263152|264409|174|1299|6855|39904
35369|5405|28283|268744|2716
34927|56655|1299|6453|19318|209896
3130|174|14840|269288
204092|6939|28917|8491
12859|6939|28370|267556
29222|6939|12735|42216|51722|26383
6908|174|5511|49666|58224|214805
2734|64200|7018|1299|25540
5405|62255|52091|44660
28917|6939|1299|397515
52320|1299|5511|49666|58224|214805
49432|48362|1299|3356|28370|263060
1836|1299|20473|201423
3170|6461|55081|59678|216096
3214|1299|3356|60011|34927|208690
7713|1299|201814|209896
6730|6830|174|21700|399914
15605|12637|6939|33924
207841|7195|11432|271150
28917|6939|1299|52468|274169
12389|174|60068|216213|205884
34927|56655|1299|60068|197103|212080
28917|6939|1299|52468|274278
12637|1299|201814|209896
49544|3356|174|52468|271150
12350|1299|6453|19318|209896
7594|137409|62000|212815|52053
58308|6939|1299|19693
62000|215551|30893|13214|35634
6461|174|204548|215728
4181|1299|6855|39904|199604
328840|327727|174|34927|202827
60326|34927|1299|10490|2722|12148|47065|61574
44324|32595|174|132839
1299|47232|20723|2852|202874
22652|174|28189|266931|271615|273522|271150
60326|206499|34549|174|140227|44324|205369
553|174|20473|47065|61574
8280|6762|174|60068|197103|212080
271253|1299|6855|39904|199604
4777|2497|1299|3920|206777
8283|6939|2852|201648
41327|6939|25192|20701
20205|1299|29695|206557|208835
42473|1299|6453|19318|201813
3170|201776|12389|39089|202279|206810|52091|41039|48595
206356|50629|8551|44709
46450|1299|22773|8119
44324|32595|174|44372
21412|1299|20473|47065|61574
28917|6939|1299|6855|203208
9002|1299|8551|20473|47065|61574
136557|174|1299|8551|44709
328840|327727|174|35598|52091|206810|211101
6762|174|201814|209896
58308|6939|29208|209135
29222|9002|12555
16552|2914|1299|35598|52091|206810
35266|1299|6855|39904|202605
328964|37468|174|5538|8194|29345
20253|1299|29695|206557|204503
204092|6939|60432
6830|6939|28917|25386
12859|6939|30893
7660|2516|1299|60068|216213|205884
35369|1764|174|216211|211575
8283|6939|2852|210367
50673|174|11432|271150|272738
58308|6939|7018|22317
29222|6939|28370
174|35598|52091|206810|211692|214268|197578
12859|137409|63473|200790
4601|50869|6939|25192|20701
58308|6939|1299|208905|212616|215283
58299|62255|52091|206810|202279|213203
196621|15576|174|60068|216213|205884
202365|50673|174|3257|22773|8119
12637|6939|54429
48362|1299|198949|35676
3333|1273|174|52468|271150
6908|1299|8551|44709
6830|1299|37468|270551|263047
4777|2497|174|140227|44324|205369
28917|6939|1299|3308|3573
199524|1299|6762|16735|2716
64475|62255|52091|206810|214721
139317|44324|32595|174|53667|206042
2914|1299|8551|44709
4608|4826|1299|8551|44709
37105|37662|174|6453|29208
4777|2497|174|52468|262393
12389|174|210|47065|61574
207841|6939|29222|513
44324|32595|174|210743
12859|9498|20473|47065|61574
13786|174|6461|394737
12637|6939|207995
20130|23352|2914|174|21320|5408|47065|61574
37271|6461|6424|44592|49581|209693
12779|33891|216067|44244
58308|6939|1299|199524|51191
58308|6939|7018|40289
58308|6939|1299|9141|39869
50300|3257|1299|20473|47065|61574
205112|50629|33891|60068|211571
263237|174|20473|47065|61574
28917|6939|1299|3225|50475
139317|44324|32595|174|401847
132825|174|35598|52091|44660
2497|3356|21320|5408|47065|61574
264479|2914|6424|44592|49581|209693
28917|6939|1299|199408
6667|1299|174|37468|61568|266460|61625
12779|6939|30893|205563
20130|23352|2914|1299|198949|35676
50673|174|3257|22773|8119
28917|6939|1299|18734
58308|6939|5405|8648
40994|6939|28370|270962
6424|9304|136897|174|3491|137969|132824
2914|174|5538|8194|29345
4601|50869|34019|203432
4601|50869|58299|49585
36924|1299|10490|2722|12148|47065|61574
35320|1299|20473|47065|61574
7018|6939|2852|210498
207841|6939|28917|43714
199524|1299|6453|29208
7018|6939|28370|268521
4775|1273|1299|198949|35676
7018|1299|12859|47065|61574
196621|6939|28370|269016
28917|8359|57304|35168|197556|206026
12859|1299|5511|60068|206406|210557
6908|174|6453|19318|209896
28917|6939|269688
6720|1764|174|21700|399914
37721|174|60068|216213|205884
64475|6939|28370|28657
6424|6939|28917|48610
29222|6939|25400|49278
3214|1299|60068|216213|205884
20612|9044|174|60068|216213|205884
28917|6939|1299|42313|207876
6667|1299|201814|209896
34288|1299|6855|39904|199604
58308|6939|1299|54994
29222|6939|50629|207252|215147
202032|199181|12637
51519|39351|1299|3223|41327
7713|1299|6855|39904
58308|6939|1299|134521
207841|6939|28917|47438
56987|1299|6855|39904|199604
24785|6830|3356|28370|267608
196621|6939|28917|48084|199961
1299|6461|62000|212815|52053
6894|174|35598|52091|206810|208435
49028|1299|6939|2852|210367
8220|1299|3356|28370|263535|268030
56655|1299|174|210|47065|61574
202365|50673|174|52468|262393
136557|174|3257|19318|209896
58308|6939|29222|207688
13786|174|60068|216213|205884
20612|9044|1299|6453|19318|201813
42473|1299|6762|49666|58224|214805
34019|3303|174|20473|47065|61574
513|21320|6424|44592|49581|211507
3333|1273|174|52468|262393
8220|1299|5511|60068|206406|210557
28917|6939|1299|37680|328365
40994|6939|24796|63293
328840|327727|174|6762|49666|58224|214805
8426|3257|174|1916|47065|61574
31510|174|13786|263047|262578
22652|174|13786|263047|269488
20205|174|2914|20473|47065|61574
5713|174|204548|215728
4601|50869|6939|196610
209|3356|1299|6855|39904|47767
207841|6939|28370|263060
29504|15935|6461|17378|8119
35600|30781|1299|3920|206777
28917|6939|29222|207688
50304|1299|6855|39904
6939|1299|20473|47065|61574
62000|6777|42541|205235|208327
35710|3320|1299|3920|206777
28917|6939|1299|20473|151418
28917|6939|1299|6424
51873|6830|2914|20473|47065|61574
41327|14840|2716
207841|6939|59970
24961|1299|174|140227|44324|205369
28917|6939|1299|6424|47787
31122|174|20473|47065|61574
20932|33891|60068|211571
40994|6939|50989|33837
40994|6939|29222|204957
12779|62255|52091|59815|25299
6830|6939|30893|200690
5511|174|5538|8194|29345
58308|6939|1299|394161
35426|215596|174|21320|5408|47065|61574
8220|1299|29695|206557|204503
58308|39801|60983
50629|6939|28370|52593
31742|1299|12859|47065|61574
48070|1299|60068|211571
174|137409|62000|212815|52053
48070|1299|17676|216211|44324|205369
12969|1299|174|22381|267470|263047|264389
42473|1299|174|1916|47065|61574
6696|33891|216067|44244
39122|1299|6939|50989|48116
28917|6939|7018|22317
8660|1267|1299|3257|204548|215728
8298|8283|3491|209810|207187|207198|206429
28917|6939|1299|14080|265652
29169|174|8551|20473|47065|61574
397131|60011|3356|174|60068|216213|205884
29222|6939|7018|28469
28917|6939|1299|23520|27665|46764
58308|6939|6830|23520|27889
12307|29691|1299|60068|216213|205884
28917|6939|1299|3301|2799
58308|6939|1299|23118
205206|1299|12389|39089|202279|206810|52091|41039|48595
29222|6939|56595
28917|6939|1299|28469
132847|7474|7473|1299|3920|206777
1299|174|13786|263047|269680
29680|174|3356|8551|44709
64475|6939|29222|204957
148968|1299|3223|41327
3170|6461|17378|8119
60011|3356|1299|6855|39904|202605
553|1299|10490|2722|12148|47065|61574
58308|6939|553|212522
29479|50304|1299|60068|211571
58308|6939|25400|21293
28917|6939|12735|14789
64475|14840|2716
28917|6939|1299|8151|270177
41666|6204|214941|174|29802
151326|174|3356|3223|41327
3491|6461|6424|44592|49581|209693
58308|6939|7018|394102
33891|17676|216211|44324|205369
12956|174|5538|8194|29345
6424|6939|29222|207688
199524|174|62000|212815|52053
48185|1299|8551|44709
7018|3356|28283|268744|2716
12779|6939|2852|212876
7594|3356|2914|12859|47065|61574
6424|174|60068|197103|212080
42541|20764|43298|48678|213865
28917|6939|1299|39570
28917|6939|1299|7713
22652|1299|3356|28370|53079
6830|1299|6855|39904|199604
1299|3356|13786|263047|267961
8455|1299|198949|35676
3130|174|35598|52091|206810|8274
6830|2914|13786|263047|271068
34019|6696|1299|20473|47065|61574
56911|1299|6855|39904|199604
29222|6939|29208|20708
4601|50869|6939|50989|33837
34177|3356|1299|20473|399970
35369|8218|21320|5408|47065|61574
48070|6939|2852|61110
12779|62255|52091|206810|208435
3549|3356|174|204548|215728
61049|2914|1299|198949|35676
58308|6939|1299
12969|1299|6855|39904|205968
28917|6939|1299|20473|153057|153170
132825|174|50509|51032|41344|39707
50629|20764|52091|206810|57164
3170|16164|36032
263237|174|210|47065|61574
28917|6939|1299|30823|213520
7594|174|35598|52091|206810|12773|213694
6424|6939|28917|21453|41783
5405|6939|25192|29067
58308|6939|1299|395035
28917|6939|1299|60068|201216
174|1299|6855|39904
12969|1299|12389|39089|202279|206810|52091|41039|48595
6908|6461|62000|212815|52053
28917|6939|1299|20473|402185
12637|47065|61574
209650|34927|1299|3356|8119
205206|1299|37468|52468|271150
42541|9002|12555
513|29222|6939|12735|14789
136557|174|1916|47065|61574
48362|1299|174|20473|47065|61574
398465|1299|25091|8298|4601|4492
174|3356|3223|41327
37697|3491|174|28189|266931|271615|273522|271150
6730|6830|174|20723|2852|202874
213151|41051|58299|174|60068|205884
15605|6939|28917
20514|1299|25091|8298|4601|4492
28917|6939|1299|23520|265590
58308|6939|33891|60068|212238
513|174|3356|60011|34927|208690
199524|1299|60068|216213|205884
28917|6939|1299|20473|207649
41666|20764|52091
327727|174|3356|28370|268521
3170|6939|28370|267556
32590|1299|3920|206777
28917|6939|30893
58308|6939|47536|213370
28917|6939|2852|48091
28917|6939|1299|209635
47147|1299|6453|19318|201813
28917|6939|1299|20473|213891
327727|174|35598|52091|59815|25299
28917|6939|1299|46261|49548
28917|6461|7473|38001|25192
46450|1299|6453|4755|7768
58299|62255|52091|206810|39558
58308|6939|1299|213138
1764|174|140227|44324|205369
50877|5405|6939|54429|401894
58308|6939|6830|23520|263703
1299|3356|28370|269016
12779|7195|28260|270548|52794|52659
48362|1299|3356|28370|267556
57381|50304|1299|5511|60068|206406|210557
29222|6939|42184|204702
7018|6461|62000|212815|52053
39122|1299|3356|28370
28917|6939|6424|207990
34854|1299|5511|60068|206406|210557
210312|4601|6939|28917|198297|51081
31742|1299|6762|49666|58224|214805
53828|2914|1299|6855|39904
28917|6939|7018|25993
4601|50869|44324|199018
559|6939|30893|13214
553|6939|28370|52593
3170|8551|44709
196621|6939|28917|39153
20912|12637|1299|37468|53062|266493|61625
3491|174|201814|209896
28917|6939|1299|52468|266894
29222|6939|41720|47152|208753
6730|6830|9002|12555|198070
32590|33891|44592|49581|209693
6730|6830|174|62000|212815|52053
57111|41327|61568|266460|61625
31510|174|201814|209896
58057|174|5538|8194|29345
59891|13030|1299|198949|35676
58308|6939|33891|207436|203228
210937|1299|201814|209896
553|6939|25192
42473|1299|4230|2716
35280|3356|174|20473|47065|61574
3356|1299|6855|39904|202605
58308|6939|28917|206011
1299|6939|30893|200690
202032|57463|14840|2716
48362|1299|174|1916|47065|61574
17660|6453|174|28189|266931|271615|273522|271150
7713|174|1299|20473|399970
14907|1299|33891|216067|44244
32590|1299|3356|28370|268521
1140|24785|1299|3920|206777
7713|174|14840|269288
34854|1299|17676|216211|44324|205369
28917|6939|6830|33915|200428
12859|35598|52091|206810|39089
49432|48362|1299|37468|270551|263047
28917|6939|1299|20473|139589
8220|3491|174|5538|8194|29345
210937|1299|37468|53062|266493|61625
215596|174|60068|216213|205884
198249|13030|1299|60068|216213|205884
49028|1299|52320|7162|13878|52468|271150
50629|174|60068|216213|205884
58308|6939|63290
6461|33891|216067|44244
3399|5511|1299|20473|399970
553|6939|2852|212876
44324|32595|174|53667|202776
20205|1299|34927|202827
57695|917|60068|1299|20473|201423
18106|174|210|47065|61574
28917|6939|1299|39063|29108
7594|174|35598|52091|206810|24881|24697
6057|174|21700|399914
139317|44324|32595|174|35598|204490|215330
41051|58299|56630|209944
1764|174|11432|271150|272738
199524|174|22381|267470|263047
28917|6939|1299|213291
206356|50629|13335|400095
28917|6939|1299|20473|216301
22652|174|13786|263047|266089
57381|50304|1299|37468|53062|266493|61625
3130|174|12956|212721
32595|174|37468|61568|266460|61625
39122|1299|60068|211571
28917|12859|47065|61574
34927|1299|7545|20473|47065|61574
199524|1299|13335|400095
28917|6939|29670|213674
32590|6424|44592|49581|211507
28917|6939|7018|2386|11873
6424|6939|28917|39134|39561|197695|210550
6082|2914|1299|25091|8298|4601|4492
199524|174|35598|52091|206810|59815|25299
28917|6939|1299|6855|2571
1403|577|1299|12859|47065|61574
4601|50869|6939|29222|207688
29680|174|13786|263047
58308|6939|39791|49101
42541|62255|52091|206810|24881
58308|6939|50629|207252|200229
2914|30058|216211|44324|215172|214955
36924|1299|3356|28370|264426
34927|56655|1299|7195|28283|268744|2716
6830|6453|49666|205647|49801|204533
199524|174|2914|226|47065|61574
6762|174|140227|44324|205369
34927|1299|3356|28370|263963
56662|25091|12859|47065|61574
31742|1299|6204|44592|49581|209693
7018|6939|2852|201648
207841|6939|30893|204789
28917|6939|1299|20473|212279
12859|20473|47065|61574
139317|44324|32595|174|13580
40994|57463|41327|197825
28917|6939|28370|267608
4601|14840|269288
58308|6939|1299|208414
40994|57463|41327|31617
32590|1299|174|37468|61568|266460|61625
58308|35598|52091|206810|197643
210937|1299|60068|211571
58057|34549|1299|3223|34224|12735
58308|39801|29222|204957|199058
2027|62000|47498|59645|211286
4601|6939|28917|198297
50628|1299|174|140227|44324|205369
37697|37497|1299|6855|39904|199604
212483|12859|47065|61574
209650|34927|1299|3356|28370|263535|268030
28917|6939|1299|20473|22665
148968|1299|21351|60132
64475|6939|28370|268198
398465|3320|1299|12859|47065|61574
3214|1299|1680|20473|47065|61574
174|37468|53062|266493|61625
15605|8298|4601|4492
3356|1299|22773|8119
61218|6939|1299|12389|39089|202279|206810|52091|41039|48595
58308|6939|7018|395568
35426|215596|1299|3223|34224|12735
59414|3303|174|60068|205884
12956|1299|20473|47065|61574
48070|20764|202984|35598|25308|28917|204076
28917|6939|1299|20473
210312|4601|50869|52025|202986
48070|1299|3356|28370|267608
52075|8455|8283|47065|61574
15935|174|13786|263047
139317|44324|32595|174|3714
28917|6939|1299|44176
47692|3356|1299|6855|39904|202605
47692|33891|56630|209944
136557|174|28189|266931|271615|273522|271150
50877|5405|6939|2852|213152
59890|174|204548|215728
199524|1299|3920|206777
39122|1299|6939|24796|63293
58308|6939|1299|209578
198249|13030|1299|10490|2722|12148|47065|61574
28917|6939|6830|23520|52468|274006
8283|2914|20473|47065|61574
2500|2914|174|20473|47065|61574
3170|6939|15372|203592
46450|9002|62000|212815|52053
58308|39801|29222|204957|202051
139317|44324|32595|174|51561
31510|174|13786|263047|269488
50629|6939|28370
28917|6204|44592|49581|209693
28917|6939|1299|23520|272935|267845|274105
1836|1299|6855|39904
14907|1299|12389|39089|202279|206810|52091|41039|48595
29222|6939|9136
3214|6424|44592|49581|209693
29222|32787|202161
58299|6204|208972|210538|6775|13030|4637|133398
28917|6939|1299|1759
3356|1299|33891|216067|44244
58308|6939|1299|20473|150788
24516|174|35598|52091|48158
34288|1299|3356|28370|28657
58308|6939|1299|36352|399122
394256|174|12956|212721
42541|31133|12389|28917|8905|42132|56779
7594|3356|1299|8551|44709
6461|174|14840|269288
8283|20764|52091|206810|56915
49432|48362|1299|3920|206777
14907|1299|6855|39904|202605
1299|3356|13786|263047|269680
50628|1299|8551|20473|47065|61574
4601|50869|52025|208755
20912|174|28189|266931|269250|271150
48070|6939|2852|210498
57695|917|60068|1299|6424|44592|49581|211507
29222|6939|9136|206236|207921
44324|32595|174|6621
28917|6939|1299|27947|267881
34019|212815|52053
12779|212815|52053
50628|35280|6424|44592|49581|209693
32590|37100|174|140227|44324|205369
7018|1299|37468|270551|263047
553|9002|4657|132132|1299|6939|46997|10241|131259
53828|2914|174|60068|216213|205884
37468|1299|3920|206777
148968|7474|3257|174|8551|20473|47065|61574
28917|6939|1299|55222
36924|1299|3356|13786|263047|267961
14537|174|10490|2722|12148|47065|61574
19653|30600|1299|35598|52091|206810
28917|6939|1299|43519
199524|174|34927|202827
15547|174|37468|270551|263047
6057|174|204548|215728
58057|34549|3257|174|20473|47065|61574
48362|1299|20473|399970
58308|35598|52091|206810|211101
7018|3356|28370|263535
58308|6939|1299|211181
39122|1299|6855|50698
16552|1299|174|22381|267470|263047|264389
49605|6762|1299|198949|35676
28917|6939|1299|15133
8283|6762|1680|20473|47065|61574
51184|1764|174|60068|216213|205884
28716|1299|56504|47674
327727|174|3356|28370|28657
44324|32595|174|394542|398765
28917|6939|1299|9141
20055|174|13786|263047|266089|52793
6082|174|21320|5408|47065|61574
3320|1299|52320|7162|13878|52468|271150
6424|7195|28343|2716
29504|15935|174|3257|21034
34854|1299|6424|44592|49581|211507
28917|6939|1299|28428
210312|4601|264409|61832|266460|61625
6730|6830|3356|8551|44709
50629|20764|52091|206810|59815
20253|1299|3216|51032|41344|39707
213151|34927|1299|20473|201423
48070|1299|3356|28370|263963
8220|3491|174|399697|39967|399697
4601|50869|58299|48971|208200
60011|3356|1299|6855|50698
35598|174|210329|215728
47160|174|140227|44324|205369
16552|16260|174|52468|271150
136557|174|28189|266931|269250|271150
60011|3356|1299|6855|39904|199604
14537|52925|3356|1299|3920|206777
58308|6939|29222|41495
41327|6461|6057|28283|268744|2716
16552|1299|3356|216211|211575
328840|327727|174|1299|20473|399970
21412|1299|20473|399970
4601|50869|41051|197885
48070|6939|29222|41495
58308|6939|208016
31742|6424|44592|49581|211507
2734|17639|141210|138678|9299|3491|174|48678
50300|174|216211|211575
28917|6939|1299|20940|36183
41666|20764|52091|206810|34786
139317|44324|32595|174|396026
64475|62255|52091|206810|12773
15605|56911|1299|22773|8119
6424|6939|59970
139317|44324|32595|174|27951|274100
199524|1299|3356|60011|34927|208690
12859|1299|3356|28370|264426
6830|1299|60068|197103|212080
28917|6939|1299|52468|272883
398465|1299|3356|28370|263963
28917|6939|1299|23520|264821|271799
29075|6830|60068|216213|205884
37721|174|52468|271150
44324|32595|174|53667|213891
1031|6461|62000|212815|52053
11039|6461|1299|198949|35676
55222|174|3257|19318|201813
58308|6939|1299|12392
971|174|35598|52091|206810|214721|204108
61049|2914|1299|20473|47065|61574
4601|52320|7162|13878|52468|271150
58308|6939|6830|23520|262178
50877|42295|33891|216067|44244
7018|6939|54429|401894
44324|32595|174|49532
51185|6762|1299|6855|39904
58308|6939|56595
49788|1299|3356|28370|267608
28917|6939|6830|33915|208240
45049|6696|1299|37468|53062|266493|61625
199938|1299|20473|201423
35598|174|6453|4755|7768
207841|13335|5408
15605|8772|396416
28624|61568|174|10490|2722|12148|47065|61574
19653|30600|174|204548|215728
28917|6939|24796|63293
8298|25091|1299|3223|34224|12735
8283|2914|28283|268744|2716
28917|6939|1299|20473|50611
29691|1299|174|140227|44324|205369
263237|174|60068|197103|212080
58511|33891|216067|44244
60068|174|21320|5408|50148
271253|6453|174|13786|263047|267961
210312|4601|6939|28917|39238|49392
140627|1299|6855|39904|202605
58308|6939|1299|33749
20205|174|62000|212815|52053
21700|174|35598|52091|206810|214721
15605|6939|30893|13214|35634
14315|6453|1299|201814|209896
917|60068|33891|56630|209944
20205|1299|6762|267470|263047
394256|174|201814|209896
6424|20473|47065|61574
205206|1299|3356|28370|263060
6730|6830|1299|20473|47065|61574
42473|1299|3356|28370|263535|268030
5405|6939|28370|267608
139317|44324|7720|10111|1299|198949|35676
20932|1299|3223|41327
58308|6939|1299|61273
48362|1299|174|140227|44324|205369
216285|8280|6762|174|22381|267470|263047|264389
210312|4601|50869|41051|212488
20253|1299|3356|28370|263963
44324|32595|174|4261
32590|12956|174|399697|39967|399697
37739|3491|174|210|47065|61574
60326|12859|47065|61574
196621|6939|28370|52593
12779|62255|52091|206810|214210
553|62255|52091|206810|196638|42702
207841|6939|28917|28775
28917|6939|1299|27947
31742|1299|20473|47065|61574
28917|6939|6830|23520|64126|274130
6894|174|35598|52091|206810|202497
4601|50869|6939|30893|199580
12779|6939|28370|268198
205206|1299|201814|209896
58308|6939|7018|10439
174|2914|20473|399970
3170|32787|202161
40994|57463|41327|213013
513|29222|6939|35168|48716
49028|1299|6939|30893
41666|37468|53062|266493|61625
7594|174|216211|44324|205369
47147|1299|3356|28370|267608
4601|50869|215172|214955
44324|32595|174|7040
148968|7474|7473|6461|174|20473|47065|61574
5392|3356|1299|22773|8119
48362|1299|6461|394737
207841|6939|28917|35539
139317|44324|32595|174|20473|47065|61574
23367|1299|8551|20473|47065|61574
44324|32595|174|213184
18106|2914|1299|198949|35676
58057|50673|33891|216067|44244
6453|1299|3216|51032|41344|39707
852|1299|8551|44709
28917|20764|52091|206810|211692|31069
1280|2914|174|21320|5408|47065|61574
58308|6939|47160
28917|6939|1299|208905|199270
199524|1299|21351|60132
56911|1299|6855|39904
51873|6830|60068|211571
20205|1299|6453|4755|7768
559|6939|28370
42473|1299|3356|8119
9044|1299|3356|60011|34927|208690
25152|2497|174|8551|20473|47065|61574
196621|8758|8220|1299|20473|399970
29075|1299|3257|60068|206406|210557
34019|47160|174|52468|262393
42473|1299|6204|44592|49581|209693
3491|174|32595|44324
44324|32595|174|397650
44324|32595|174|46642
7018|1299|59692|12555
51519|39351|174|216211|211575
132825|174|5459|200070
198249|6424|44592|49581|209693
34288|1299|3223|34224|12735
6667|1299|60068|216213|205884
28917|6939|1299|43012
2500|2914|1299|8551|44709
20205|1299|6453|19318|201813
4601|50869|213768|274348
137409|6424|44592|49581|209693
1403|577|1299|198949|35676
20612|9044|1299|20473|399970
6667|1299|2914|226|47065|61574
3491|174|60068|197103|212080
50304|1299|174|20473|47065|61574
34288|1299|6453|1031|61568|266460|61625
20764|174|12956|212721
19653|30600|1299|8551|44709
58308|6939|1299|400513
34019|6939|24796
28917|6939|1299|20473|139317
29222|6939|47160|203698|206967
58308|6939|7018|16816
39122|1299|10490|2722|12148|47065|61574
40994|6939|28917|198297
1299|3257|20473|47065|61574
4601|50869|59645|216355
199524|1299|917|214598
18106|174|140227|44324|205369
35280|3356|174|399697|39967|399697
7018|3356|28370
49432|48362|1299|20473|201423
34019|6939|2852|212876
1140|24785|6830|3356|28370
58308|6939|1299|20473|52025
57111|174|1299|3920|206777
4601|50869|52025|201398
57111|174|46427|64289|44592|49581|211507
6057|174|210329|215728
28917|6939|1299|32798
58308|6939|1299|20940|21342
140627|1299|4230|2716
20612|8758|6424|44592|49581|211507
58308|6939|28917|6789|48004
44324|32595|174|401636
204092|6939|28917|24651
398465|1299|29695|206557|208835
41051|58299|174|60068|216213|205884
50629|1299|8551|44709
210312|4601|50869|58299|209185
14907|1299|3920|206777
14907|1299|3356|28370|267556
47147|1299|6855|39904|205968
2734|13786|263047|267425
14537|3356|1299|8551|44709
35280|1299|33891|216067|44244
6894|174|35598|52091|206810|59815
49028|1299|20473|47065|61574
35600|6939|25192
12307|29691|1299|3356|60011|34927|208690
57866|6830|3257|20473|47065|61574
34927|56655|1299|17676|216211|44324|205369
559|31133|51032|41344|39707
5405|6461|210|47065|61574
215596|1299|6453|4755|7768
48070|6939|2852|201648
6696|1299|20473|399970
6730|6830|9002|12555|44676
20932|12859|47065|61574
58308|6939|6830|23520|272935|273948|274204
58308|6939|6830|23520|272112|274072
34800|29632|9002|3356|174|20473|47065|61574
8455|28917|215730|209693
2516|1299|10490|2722|12148|47065|61574
29222|58115|209042
8283|20764|52091|206810|8274
202365|50673|174|1299|20473|47065|61574
14537|13786|174|12389|39089|202279|206810|52091|41039|48595
59414|6830|5511|49666|58224|214805
28917|6939|1299|20940|63949
59414|6830|174|210329|215728
49605|6762|1299|20473|47065|61574
1299|60068|211571
7594|174|28189|266931|269250|271150
13830|971|174|7311|835|394273
50629|47232|20723|2852|202874
139317|44324|32595|174|3257|835|52025|214223
58308|6939|56595|58148
196621|6939|30893|13214|35634
24785|6830|3356|28370|268198
1273|174|1916|47065|61574
19653|30600|1299|42303|51701|30893
50629|2603|21320|5408|50148
58308|6939|54429
28917|6939|1299|23520|27694
34927|174|60068|205884
12389|174|52468|271150
35320|1299|198949|35676
58308|59689|30781|1299|6855|39904|202605
28917|6939|1299|11830|271891
22652|1299|6762|49666|58224|214805
28917|6939|1299|208398
28917|6939|1299|14080|273083
40387|1299|6762|267470|263047
174|13786|263047|267961
7594|174|37468|61568|266460|61625
58057|174|6453|19318|209896
62000|56584|207529
132847|7474|3257|1299|20473|201423
6424|6939|28370|52593
35369|5405|56630|209944
34854|1299|2914|226|47065|61574
210312|4601|50869|214757|215956
12389|174|1916|47065|61574
44324|32595|174|213966
6730|6830|1299|6855|39904
44324|32595|174|54002
398465|174|11432|271150|272738
2734|27364|2914|174|21555
3170|3223|41327
6424|6939|28917|48084|35816
7018|6453|19318|209896
34019|3303|174|140227|44324|205369
1267|1299|6855|39904|47767
5413|1299|201814|209896
59105|9370|2497|174|52468|271150
37739|3491|1299|20473|201423
28917|6939|1299|22497
12779|7195|28189|266931|271615|273522|271150
8283|2914|3223|34224|12735
28917|6939|1299|23520|264847|64150|13335
14907|2914|174|37468|61568|266460|61625
139317|44324|32595|174|51847|151338
5511|174|11432|271150
12859|35598|52091|206810|57982
50629|33891|60068|211571
199524|174|3257|204548|215728
3130|174|50509|51032|41344|39707
58308|6939|5405|25291
28917|6204|208972|210538|6775|13030|4637|133398
48070|1299|8551|44709
210312|4601|50869|52025|208915
553|6461|23352|20473|47065|61574
4601|50869|6939|15372
7594|174|60068|211571
52025|1299|6855|39904|47767
29222|6939|3170|399275
394256|174|37468|61568|266460|61625
60068|174|399697|39967|399697
35600|50263|21263|212038
24961|1299|20473|399970
58308|6939|6830|23520|272935|274105
64475|6939|2852|212876
59105|2518|2516|174|140227|44324|205369
58057|50673|174|210329|215728
38880|2914|6424|44592|49581|211507
8220|3491|174|20473|47065|61574
35426|215596|62000|6777|209870
398465|174|13786|263047|271068
59891|13030|33891|60068|211571
553|6939|2852|197277
6730|6830|174|60068|216213|205884
210312|4601|50869|58299|35206
1403|577|174|60068|205884
139317|44324|32595|174|63436
42541|1299|6762|49666|58224|214805
5413|1299|174|60068|205884
64475|62255|52091|206810|196767
32097|25091|8298|4601|4492
8455|1299|12859|47065|61574
7594|174|216211|211575
28917|6939|15576|60311
6082|2914|1299|6855|39904|199604
174|32787|202161
28917|6939|1299|198949|12625|15814
55720|3491|6461|62000|212815|52053
58308|6939|6830|23520|52286|264764|273041
24785|6830|174|37468|61568|266460|61625
6730|6830|174|216211|211575
210312|4601|6939|28917|39153
1299|6939|30893|204789
20514|1299|33891|216067|44244
553|6939|215172|214955
44324|32595|174|212081
6424|6939|28370|267556
215596|62000|41441|203729
28917|6939|1299|60068|400519
36924|1299|6855|39904|199604
36924|1299|3356|28370|268198
44324|32595|174|394855
64475|6939|42695
215596|1299|198949|35676
24516|174|35598|52091|44660
58308|6939|1299|21623
14537|3356|1299|6855|39904
210312|4601|50869|52025|215212
28917|6939|1299|23520|27717|269846
34019|29632|59682
58308|6939|1299|26073
8220|1299|3223|34224|12735
553|6424|44592|49581|211507
20932|174|20473|47065|61574
62167|174|1299|3920|206777
6424|6939|28917|47478
31510|6424|44592|49581|211507
28917|6939|1299|23520|267823|270003|273131
513|29222|6939|262365|263433|268967
31510|174|56630|209944
3170|6939|2852|200874
327782|5511|174|11432|271150|272738
199524|3356|1299|6855|39904|202605
198249|13335|400095
196621|9002|34927|202827
51185|6762|174|399697|39967|399697
46450|2914|174|37468|61568|266460|61625
34288|1299|198949|35676
47147|6461|6424|44592|49581|211507
20932|1299|6453|19318|201813
8283|6939|33924
3356|174|20723|2852|202874
59689|29075|174|3257|21034
8218|6461|174|60068|197103|212080
139317|44324|32595|174|33544|22729
58308|6939|1299|2586|12757
50304|12859|47065|61574
58308|6939|1299|211826
971|174|6461|394737
12779|174|13786|263047|264972
6830|3356|20473|47065|61574
28917|6939|56595|206324|21433
199524|1299|12389|39089|202279|206810|52091|41039|48595
44324|32595|174|399646
58299|7195|28189|266931|271615|273522|271150
42541|1299|6855|39904|202605
24785|6830|3356|28370|268521
2497|1299|25091|8298|4601|4492
13786|3356|1299|3920|206777
210312|4601|50869|58299|216441
40994|174|28189|266931|271615|273522|271150
135895|137409|174|210329|215728
58308|6939|5405|48918|34172
20205|1299|6762|16735|273514
19151|174|56630|209944
44324|32595|174|212250|208293|203217|14789
9002|1299|1680|20473|47065|61574
2914|174|8551|20473|47065|61574
58308|6939|60294
25160|174|10490|2722|12148|47065|61574
29222|174|21700|399914
28917|6939|1299|20473|138401
22652|174|13786|263047|269680
3130|174|3356|28370
398465|174|13786|263047|267961
132337|6939|1299|20473|47065|61574
56655|1299|174|210329|215728
205112|50629|1299|8551|44709
57695|917|60068|1299|198949|35676
35600|1828|12179|393398|3356|1299|23033|50131
28917|6939|1299|21976
15576|35598|52091|206810|214721|204108
7018|3257|60068|206406|210557
20912|12637|20473|47065|61574
12637|174|210329|215728
48070|6939|28917|39238|49392
2497|174|1916|47065|61574
51184|1764|5405|61568|266460|61625
58308|6939|6830|23520|264821|272807
3356|174|140227|44324|205369
20253|1299|12389|39089|202279|206810|52091|41039|48595
28917|6939|7018|22600
139317|44324|32595|18423|137409|6461|1299|25091|8298|4601
58308|6939|269688
6830|3356|28370
28917|6939|1299|198949|16365
196621|6939|42695|52011
7018|1299|25091|8298|4601|4492
35600|6939|50989|33837
34019|6939|28370|52593
328840|327727|174|13335|5408
16552|1299|174|60068|205884
12307|29691|1299|1680|20473|47065|61574
15547|174|12389|39089|202279|206810|52091|41039|48595
12956|174|13786|263047
28917|6939|1299|5617|42673
210312|4601|50869|6939|15372
24785|6830|174|13786|263047|271068
28917|6939|1299|23520|263703|273069
35426|215596|1299|56630|209944
7018|3356|3216|51032|41344|39707
28917|6204|214941|174|29802
2734|58453|30990|174|37100|327708|36926|37133|328075
35266|137409|62000|212815|52053
3130|174|35598|52091|206810|34786
553|29632|215536
8283|6762|1680|44709
11039|6461|1299|8551|20473|47065|61574
29222|6939|3170|203363|212085
559|35598|52091|206810|59867
57695|917|60068|174|3356|8772|215536
6830|3356|28370|268521
34800|58057|50673|174|216211|211575
8455|1299|3920|206777
28917|6939|1299|14080|263710
328840|327727|174|35598|52091|206810|24881|24697
21232|15576|35598|52091|206810|24881|24697
24482|137409|62000|212815|52025|212895|210320
48070|1299|1680|20473|47065|61574
210937|1299|17676|216211|44324|205369
1836|1299|20473|47065|61574
42541|13335|5408
44324|32595|174|200584
45049|6696|1299|198949|35676
40994|57463|41327|206988
28917|6939|1299|14080|26611
28917|6939|7018|400393
50877|5405|1299|3920|206777
2914|1299|6855|39904|199604
47147|3320|1299|20473|399970
57821|12586|3257|174|210|47065|61574
5511|174|210|47065|61574
1267|1299|6855|39904|202605
28917|6939|1299|20473|203040
6424|6939|2852|61110
6830|9002|12555|44676
58308|6939|2852|199711
207841|20764|43298|48678|210574
57695|917|60068|1299|3223|34224|12735
58308|6939|7018|32031
139317|44324|32595|174|200315|57568
6908|1299|6855|39904|47767
205112|50629|6461|23352|20473|47065|61574
13830|971|174|6453|4755|7768
35008|1299|174|204548|215728
209|3356|174|1916|47065|61574
58308|6939|25192|29067
35600|6939|42695
48070|1299|3356|28370|263535|268030
215596|1299|6762|16735|273514
47147|1299|6939|28370|28657
35426|215596|174|204548|215728
328840|327727|174|35598|52091|206810|39558
196621|58115|21263
58308|6939|268944
58057|1836|5511|174|37468|61568|266460|61625
8888|137409|33891|60068|211571
6424|1299|60068|216213|205884
210312|4601|50869|6939|2852
37721|174|140227|44324|205369
34854|1299|7545|20473|47065|61574
13830|971|174|35598|52091|206810
394256|174|52468|271150
271253|6453|174|28189|266931|271615|273522|271150
58057|174|35598|52091|206810|214721
60011|3356|174|60068|216213|205884
62000|6777|42541|205235|62113
1299|12956|212721
51088|6461|8899|60294|33891|50673|43414|49784
58308|6939|1299|10396|397566
4826|1299|60068|211571
28917|6939|54429
271253|3356|1299|6855|39904
4601|50869|6939|25192
18106|33891|60068|211571
50629|35598|52091|48158
34019|6939|2852|200874
4230|33891|216067|44244
29691|1299|174|204548|215728
35710|3320|1299|201814|209896
29222|6939|214443
204092|6939|24796
23367|1299|6057|28283|268744|2716
12637|35598|52091|206810|24881|24697
6830|3356|28370|263963
49028|1299|7195|28189|266931|269250|271150
20912|12637|1299|6424|44592|49581|211507
6830|1299|17676|216211|44324|205369
3170|6461|8899|60294|33891|50673|43414|43995
196621|33891|44592|49581|209693
139317|44324|32595|174|43766
6424|174|21320|5408|47065|61574
327960|327782|5511|174|11432|271150
42541|37468|60068|216213|205884
31510|174|34927|202827
394256|174|37468|53062|266493|61625
28917|6939|1299|44180
41327|6939|28370|268198
1299|34927|202827
2734|16735|273514
58308|6939|56595|209082
28917|6939|1299|23520|46650|14432
13030|1299|60068|216213|205884
20080|2914|174|37468|61568|266460|61625
12859|1031|262999|272466
7660|2516|6939|1299|20473|399970
6908|174|60068|216213|205884
7018|6939|393682
44324|32595|174|18978
6696|1299|34927|202827
35710|3320|1299|12859|47065|61574
6461|174|32595|44324
28917|6939|1299|25899|399575
58308|6939|7018|14654
398465|174|28189|266931|271615|273522|271150
137409|62000|212815|52025|212895|210320
19653|30600|1299|10490|2722|12148|47065|61574
28917|6939|1299|8151|28563
58308|6939|1299|52468|264851
31742|174|13786|263047
29222|6939|31319
139317|44324|32595|174|53667|210025
139317|44324|32595|174|53667|213891
28917|6939|1299|6400|274192
47692|33891|37468|270551|263047
207841|6939|28917|48610
15605|35598|52091|206810
28917|6939|7018|397650
28917|6939|1299|20473|214569
28917|6939|1299|52468|272097
49544|1299|6453|4755|7768
264479|6762|1299|42303|51701|30893
12637|35598|52091|206810|12773|44710
51873|6830|174|52468|262393
1836|1299|12389|39089|202279|206810|52091|41039|48595
29691|1299|20473|201423
37468|174|5538|8194|29345
11537|20965|5408|47065|61574
49028|32787|202161
44324|32595|174|270126|270215
6894|174|35598|52091|44660
51185|28917|215730|209693
47147|1299|6424|44592|49581|209693
16552|1299|7195|28189|266931|269250|271150
35598|174|12956|212721
49788|1299|6453|29208
37497|3491|174|60068|205884
58308|6939|6830|23520|264847|64150|13335
209650|34927|1299|3356|28370
41327|174|22381|267470|263047|264389
58308|6939|1299|11179
3170|6939|28917|21453|41783
57777|8298|33891|216067|44244
28917|6939|61618|268492
9002|1299|3223|34224|12735
28917|6939|3170|215066
14630|2914|12859|47065|61574
55222|174|12389|39089|202279|206810|52091|41039|48595
328840|327727|174|35598|52091|206810|39089
8283|2914|268624|28370|268521
29222|6939|30893|205563
58308|6939|21430|203376
7018|3356|22381|267470|263047|264389
28917|6939|1299|23033|50131
205206|33891|13786|263047|269488
12859|1299|3356|28370|263963
58308|6939|205479
271253|6453|1299|3920|206777
2497|1299|3223|41327
559|35598|52091|206810|214721|204108
28917|6939|1299|30600|26793
37497|3491|174|34927|202827
34019|6939|215172|214955
47160|174|11432|271150
13237|1299|3356|28370|263060
31122|174|60068|216213|205884
12779|6939|200303
34288|1299|201814|209896
2734|9304|136237|174|137995
29222|6939|7018|62907
29691|1299|21351|60132
34927|60011|3356|1299|12859|47065|61574
40994|57463|41327|43648
174|5511|49666|58224|214805
35600|6939|15372|203592
1299|29049|49666|205647|49801|204533
50629|6939|28370|268521
33891|212815|52053
1299|174|60068|205884
559|35598|52091|206810|48595
48919|174|20473|47065|61574
28917|6939|1299|13855|400528|395580
37100|1299|3920|206777
148968|1299|60068|211571
47147|1299|6939|2852|61110
212815|52025|212895|210320
3130|174|37468|270551|263047
51185|6762|1299|20473|399970
202365|50673|174|13786|263047
48362|1299|8551|20473|47065|61574
680|1299|35598|52091|206810
139317|44324|32595|174|212250|208293|203217
64475|7195|11432|271150|272738
327727|174|5459|200070
49028|35280|6453|174|399697|39967|399697
50628|1299|12389|39089|202279|206810|52091|41039|48595
28917|6939|1299|47887
28917|6939|1299|23520|264813
4601|6939|28917|6789|200702
4608|4826|1299|201814|209896
14537|6461|62000|212815|52053
199938|1299|33891|216067|44244
28917|6939|1299|8151|270206
213151|34549|1299|3223|34224|12735
204092|6939|28917
58308|6939|2914|20473|399970
553|6939|28370|264426
58308|6939|1299|52468|273190
44324|32595|174|18640
28917|6939|7018|6621
58308|6939|48678|207582
7018|174|1916|47065|61574
7018|1299|3920|206777
327727|174|32787|202161
6730|6830|3356|28370|268521
553|1680|44709
15605|57463|7713|1299|56308
207841|6939|28370|263535
398465|1299|3216|51032|41344|39707
15605|35598|52091|206810|211692|31069
50673|174|3257|60068|206406|210557
11845|30844|3257|1299|20473|47065|61574
28917|6939|262365|263433|268967
16552|3257|1299|20473|201423
50304|1299|3356|60011|34927|208690
34288|1299|20473|201423
9044|1299|174|210329|215728
58308|6939|1299|213138|202169
28917|6939|1299|3920
8426|3257|174|13786|263047|271068
2497|174|140227|44324|205369
32590|4637|1299|201814|209896
30600|1299|201814|209896
4775|1273|174|21700|399914
136557|174|60068|197103|212080
3741|174|6762|49666|58224|214805
34800|58057|50673|174|210329|215728
174|3257|60068|206406|210557
28917|6939|1299|62913
58057|50263|62000|212815|52053
6830|6939|28917|44812
328840|327727|174|14840|2716
51519|39351|174|2914|226|47065|61574
199524|1299|4230|52654|266493|61625
58308|6939|35826
28917|6939|1299|23520|270200
36924|1299|3356|13786|263047|269680
58308|6939|49418|213887
51184|1764|174|399697|39967|399697
58057|174|6762|16735|273514
39120|174|6461|394737
29222|6939|62000|198825
210312|4601|50869|6939|30893|204789
58308|6939|204310
58308|6939|9136|208395
28917|6939|7018|397248
20612|9044|1299|3257|20473|47065|61574
28917|6939|1299|23520|272935|267862
28917|6939|1299|11019|33059
2497|1299|20473|399970
553|62255|52091
7594|174|35598|52091|44660
7474|3257|174|1916|47065|61574
20055|174|21320|5408|50148
8758|15576|174|52468|271150
8283|33891|216067|44244
20130|23352|2914|1299|1680|20473|47065|61574
44324|32595|174|32336
216285|8280|6762|174|5538|8194|29345
328840|327727|174|52468|262393
40994|174|35598|52091|206810
14907|1299|2914|226|47065|61574
328964|3491|1299|20473|47065|61574
6908|174|11432|271150
398465|7922|1299|198949|35676
49028|1299|3356|28370|263963
327727|174|3257|28917|215730|209693
12779|174|22381|267470|263047
12637|35598|52091|206810|211692|214268|196977
50673|174|3356|28370|268521
35008|1299|917|214598
48070|6939|28917|21453|201646
213151|34927|1299|8551|20473|47065|61574
44393|58057|50673|12859|47065|61574
6453|1299|6855|50698
6730|6830|9002|12555|3227
3741|174|22381|267470|263047|264389
210937|1299|3356|28370|263060
47147|1299|12389|39089|202279|206810|52091|41039|48595
60068|1299|25091|8298|4601|4492
58308|6939|1299|49604
139317|44324|32595|174|3714|1657
139317|44324|32595|174|7195
328840|327727|174|60068|211571
31742|1299|8551|20473|47065|61574
139317|44324|32595|174|44222|210374
28917|6939|40994|204136
139317|44324|32595|174|15235
327960|174|62000|212815|52053
2497|174|5538|8194|29345
40387|1299|8551|44709
58308|6939|1299|203660
28917|6939|1299|52468|271822
6762|174|11432|271150|272738
48070|32787|202161
13830|971|174|35598|52091|206810|39558
34549|1299|33891|216067|44244
199938|1299|8551|44709
58308|6939|49418|213673
58308|6939|200995
28917|6939|1299|39290
28917|6939|1299|20473|133555
29222|1299|22773|8119
139317|44324|32595|174|36671
38136|50131|36236|174|140227|44324|205369
139317|44324|32595|174|395748
58308|6939|1299|8697|8376
328840|327727|174|35598|52091|206810|48595
15412|33891|216067|44244
20764|174|210329|215728
58057|174|8551|20473|47065|61574
207841|20764|43298|48678|213865
6082|174|11432|271150|272738
210312|4601|50869|58299|209114|202545
20253|1299|3356|28370|53079
12859|1299|3356|28370|263535|268030
1299|2914|20473|47065|61574
58308|6939|31263|8822
207841|6939|29222|207688
28917|6939|393682
17350|2914|174|210329|215728
20932|1299|6453|19318|209896
559|1828|12179|393398|3356|1299|23033|50131
293|3356|1299|3920|206777
328964|3491|1299|198949|35676
139317|44324|32595|174|214273
40387|1299|3356|8119
58308|6939|1299|12293
14537|174|60068|205884
35600|6939|28917|48084
35008|1299|4230|52654|266493|61625
6424|174|60068|216213|205884
24785|6830|3257|20473|47065|61574
41666|20764|52091|59815
14907|1299|3356|28370|53079
28917|6939|1299|23511
199524|3356|1299|6855|39904|47767
3170|6939|28370|264426
20764|174|1299|3920|206777
34927|60011|3356|21320|5408|47065|61574
6830|6939|28917|47438
37739|3491|174|5538|8194|29345
210937|1299|6453|19318|201813
15935|174|12389|39089|202279|206810|52091|41039|48595
58308|6939|553|42873
553|9002|62000|212815|52053
56662|20473|174|20473|47065|61574
12586|3257|9002|62000|212815|52053
140627|2914|174|5538|8194|29345
28917|6939|1299|51407
12637|1299|60068|216213|205884
263152|174|2914|60068|216213|205884
28917|6939|1299|20473|38047
57695|917|60068|1299|6855|50698
196621|9002|8772|215536
196621|6939|28917|47914
3214|1299|7545|20473|47065|61574
11039|4901|11537|20965|5408|47065|61574
36924|1299|34927|202827
49432|48362|1299|8551|44709
57866|1299|6762|16735|273514
2734|13786|263047|267961
13786|174|60068|205884
57111|41327|174|22381|267470|263047|264389
20612|9044|1299|2914|226|47065|61574
21412|1299|3257|20473|47065|61574
48185|1299|8551|20473|47065|61574
1299|7195|28189|266931|271615|273522|271150
917|60068|33891|212815|52053
44324|32595|174|29802
207841|20764|202984|35598|25308|28917|204076
28917|6939|6830|6730|213081|211535
62167|174|6762|49666|58224|214805
6830|6939|25192
3356|7720|44324|215172|214955
271253|174|35598|52091|206810|59815|25299
34549|1299|3223|34224|12735
1403|577|33891|60068|211571
6423|20055|174|13786|263047|61826
28917|6939|62000|198831|212133
35710|3320|1299|198949|35676
20514|1299|34927|202827
28917|6939|1299|30823|49418|207957
28917|6939|7018|22056
35008|1299|7195|20473|47065|61574
16552|1299|174|140227|44324|205369
20253|1299|17676|216211|44324|205369
44324|32595|174|399544
6908|6461|8899|60294|33891|50673|43414|49784
56655|1299|6453|19318|201813
1764|174|204548|215728
28917|6939|1299|8551|714
15605|6939|2852|61110
28917|6939|1299|23520|52253|13335
9002|3356|174|11432|271150
553|6939|28917|39238
58057|174|35598|52091|206810|24881
44324|32595|174|149522|150414
139317|44324|32595|174|6461|2000
20205|174|28189|266931|271615|273522|271150
42473|1299|6424|44592|49581|211507
28917|6939|1299|270122|270111
207841|6939|196610|48927
205206|1299|6855|39904|47767
139317|44324|32595|174|53667|215832
58308|6939|1299|20473|199459
398465|1299|174|14840|269288
58308|6939|1299|5617|62321
52320|33891|216067|44244
58308|6939|1299|42615
28917|6939|1299|32270|27887
328840|327727|174|22381|267470|263047|264389
37271|174|5538|8194|29345
6908|6461|8899|60294|33891|50673|43414|43995
553|6939|29222|207688
19151|174|3257|21034
198249|13030|1299|174|60068|205884
21412|174|20473|47065|61574
48185|1299|174|140227|44324|205369
6730|6830|9002|12555
8220|1299|60068|211571
139317|44324|32595|174|35916|21769
204092|34019|4601|4492
28917|6939|1299|214002
12779|6939|393682
34288|1299|6855|39904|47767
28917|6939|1299|14178|21433
21700|174|35598|52091|206810|59815|25299
58299|137409|63473|200790
44324|32595|174|398748
12779|6939|2852|61110
58308|6939|1299|20473|203913
6830|6939|28917|9110
58308|6939|25400|12929
40994|6939|28917|50045
2027|35280|6453|174|399697|39967|399697
1273|174|20723|2852|202874
28917|6939|1299|23520|263703|272018
58057|174|46427|64289|44592|49581|211507
20514|1299|37468|52468|271150
28917|6939|1299|20115|23132|402037
328840|327727|174|1299|6855|39904|47767
28917|6939|7018|20182
64475|3320|174|52468|271150
139317|44324|32595|174|61097
15605|41327|13786|263047|262578
17639|174|21700|399914
1299|8551|44709
49028|1299|6939|28370|263535
58057|50673|174|60068|216213|205884
64475|32787|202161
207841|6939|50989
6830|174|138997|216211|44324|205369
29680|174|13786|263047|269488
13786|3356|1299|20473|47065|61574
58057|1836|1299|20473|399970
12637|6939|59689
3491|1299|6424|44592|49581|211507
47692|3356|174|216211|211575
139317|44324|32595|174|210684
8283|20764|52091|206810|56766
6453|1299|12389|39089|202279|206810|52091|41039|48595
8455|6461|62000|212815|52053
139317|44324|32595|174|29727
23367|1299|7195|28343|2716
5405|33891|216067|44244
151326|174|204548|215728
13830|971|174|28189|266931|269250|271150
6894|174|35598|52091|206810|48595
58511|1299|20473|47065|61574
5405|14840|2716
58308|6939|50533
139317|44324|32595|174|54804
7660|2516|1299|6424|44592|49581|211507
39392|174|1299|198949|35676
37053|37100|1299|12389|39089|202279|206810|52091|41039|48595
559|35598|52091|206810|211692|214268
44324|32595|174|11990|17217
136557|174|3356|9002|12555
202365|50673|174|32787|202161
34854|1299|37468|52468|262393
28917|6939|1299|20473|132479|153033
28917|6939|1299|60068|51191
12637|6939|215172|214955
215596|1299|3356|28370|267556
196621|58115|21263|202526
28917|6939|1299|23520|27665|263222|274045
47160|174|1916|47065|61574
12389|174|60068|205884
271253|137409|62000|212815|52053
151326|174|34927|202827
28917|6939|1299|23520|10269
41666|20764|29049|49666|205647|49801|204533
31122|6424|44592|49581|211507
2500|2914|174|37468|61568|266460|61625
8283|20764|52091|206810|12773|47809|59478
210937|1299|174|216211|211575
29680|174|1916|47065|61574
34549|174|1916|47065|61574
3399|5511|174|37468|61568|266460|61625
198385|174|1299|8551|44709
20612|9044|2914|174|140227|44324|205369
4775|6424|44592|49581|209693
55222|1299|8551|44709
30600|1299|6855|39904|202605
47147|1299|4637|20473|47065|61574
28917|6939|1299|8240
29222|6939|202297|210951
2497|174|210|47065|61574
49432|48362|1299|174|22381|267470|263047|264389
28917|6939|1299|60068|197103|203748
48185|1299|20473|201423
29504|15935|174|3257|19318|209896
38001|3491|174|28189|266931|271615|273522|271150
28917|6939|1299|6855|3573
6894|174|35598|52091|206810|5598
6667|6830|60068|216213|205884
40387|1299|6453|19318|209896
5713|174|60068|211571
210312|4601|50869|6939|2852|212876
58308|6939|1299|48851
28917|6939|1299|20473|199695
3333|6830|60068|211571
328512|5713|174|60068|211571
50673|174|5459|200070
3130|174|60068|216213|205884
2027|47160|174|216211|211575
33891|8298|4601|4492
44324|32595|174|57974|198963
38001|3491|1299|3920|206777
4601|50869|58299|209114
28917|6939|1299|198949|25773
28917|6939|1299|23033|399275
58308|6939|33891|42008
28917|6939|1299|20473|26080
31742|1299|3356|28370|267608
13830|971|174|3257|21034
58308|6939|553|34878|58069
4777|2497|174|28283|268744|2716
7018|32787|202161
58308|6939|7018|19645
16552|1299|12956|212721
513|174|204548|215728
39801|5511|174|21700|399914
6424|6939|60432
44324|32595|174|60068|216213|205884
28917|6939|1299|212477|207847
21412|174|216211|211575
286|1299|198949|35676
58308|6939|1299|32270|265547
28917|8359|57304|15935|215806
41327|137409|48011|25184|49801|204533
23673|6939|1299|20473|47065|61574
49028|1299|174|13786|263047|271068
28917|6939|1299|8926
553|7195|28189|266931|271615|273522|271150
42473|1299|3356|28370|263535
12779|13335|400095
28917|6939|1299|400513
56987|12859|47065|61574
58308|6939|29670|47496
28917|6939|25400|3292|208202
11845|30844|33891|216067|44244
12859|18678|22381|28343|2716
28917|6939|1299|11830
202032|58115|21263|34125
58308|6939|6830|23520|52228|13335
35600|13335|400095
58308|6939|5405
209823|33891|216067|44244
196621|6939|28917|12668
28917|6939|1299|204805
12779|62255|52091|206810|59815|25299
41722|12389|1299|198949|35676
58308|6939|1299|262206|52262
328840|327727|174|13786|263047|266089|52793
174|35598|52091
24516|174|3356|28370|268521
6424|6939|2852|201648
196621|6939|54429
62167|174|60068|211571
35008|1299|29695|206557
28917|6939|1299|20473|401778
553|62255|52091|206810|196638
58308|6939|7018|7287|13965
4601|50869|58299|209898|199553|211894
42541|52320|7162|13878|52468|271150
139317|44324|32595|174|200165
16552|2914|174|11432|271150|272738
36924|1299|60068|216213|205884
35600|6939|28917|21453|199933
58308|35598|52091|206810|12773|44710
48070|6939|196610|48927
34927|52025|174|28189|266931|269250|271150
28917|6939|1299|20473|18257
199524|1299|9002|8772|396416
29222|6939|200995
52873|12956|174|20723|2852|202874
58308|6939|1299|36192
44324|32595|174|13693
16552|3257|174|8551|20473|47065|61574
44324|32595|174|21826
7018|3356|8119
23367|1299|7195|28189|266931|271615|273522|271150
48070|1299|174|20473|47065|61574
20253|1299|174|20473|47065|61574
35369|5405|6939|215172|214955
29169|174|216211|211575
50877|5405|6939|207995
513|29222|6939|39791|47493
1299|20473|201423
24785|6830|174|11432|271150
28917|6939|1299|23520|52468
6830|9002|8772|396416
58308|6939|1299|19009|26889
40994|6939|28917|48084|35816
210312|4601|50869|213768
34800|58057|50673|174|60068|211571
12350|1299|3356|28370|263963
199524|1299|5511|49666|58224|214805
20514|1299|23764|35168|212999
25220|1299|8551|44709
57866|1299|3216|51032|41344|39707
58308|6939|1299|209551
50304|1299|8943|200636
23367|1299|12859|47065|61574
35600|50263|201814|209896
680|2914|12859|47065|61574
12859|44592|49581|209693
37053|37100|1299|20473|47065|61574
174|6461|394737
398465|1299|3257|210329|215728
2027|47160|174|60068|216213|205884
48070|6939|28917|50009
28917|6939|1299|20473|54681
58308|6939|7018|22600
29222|6939|2852|212876
139317|44324|32595|174|54994
28917|6939|1299|20473|198558
24516|174|3356|8119
8220|1299|3356|28370|263060
202365|50673|33891|20473|47065|61574
6830|1299|3920|206777
58308|6939|6830|60068
28917|6939|56595|202590
28917|6939|1299|20473|131662
398465|1299|4230|52654|266493|61625
28917|6939|1299|201319
28917|6939|1299|39783
28917|6939|1299|60486
58308|6939|1299|20473|35085|210960
29222|6939|273556
206356|50629|215551|30893
210312|4601|50869|57777
6424|1031|266493|61625
59414|6830|174|8899
39351|174|60068|197103|212080
41327|13786|263047|268105
58308|6939|49418|213877
15935|174|22381|267470|263047
196621|6939|28370|270962
917|60068|174|210329|215728
271253|174|35598|52091|206810|59867
559|35598|52091|206810|39558
12779|8551|20473|47065|61574
58308|6939|6830|23520|10269
553|6939|30893
263152|174|1299|198949|35676
213151|34927|1299|20473|47065|61574
263237|174|12956|212721
49432|48362|1299|3356|28370|269016
28917|6939|1299|396993|208812
28917|6939|7018|25996
28917|6939|1299|30823|49418|215590
16552|1299|29695|206557|208835
58308|6939|8194|206362
34019|50263|201814|209896
136557|174|35598|52091|206810|48687
39122|174|210|47065|61574
44324|32595|174|32440|40189
6894|174|10490|2722|12148|47065|61574
5405|37271|20473|47065|61574
328512|5713|174|204548|215728
6830|6939|2852|200874
3130|174|35598|52091|206810
15605|6762|1299|20473|47065|61574
3399|174|20473|47065|61574
33891|12859|47065|61574
205206|1299|3356|28370|264426
58308|6939|1299|24429
199524|174|32787|202161
3130|174|35598|52091|206810|196638
12859|15557|206865|3215|5511|174|199727|12645
58308|6939|1299|18616
136557|174|35598|52091|206810|8274
41327|215551|30893
58308|6939|1299|5518|12578|208995
3170|6939|28917|21453|199933
60011|3356|1299|201814|209896
174|3356|8551|44709
20130|23352|2914|174|37468|61568|266460|61625
44324|32595|174|24429
50629|20764|52091|206810|5598
28917|6939|1299|40824|394094
50629|57463|14840|2716
28917|6939|3170|205479
139317|44324|32595|174|213527
44393|394256|174|3356|8119
1140|24785|6830|3356|28370|269016
12956|1299|42303|51701|30893
51184|47692|33891|12389|39089|202279|206810|52091|41039|48595
35710|3320|33891|44592|49581|209693
6424|1680|44709
28917|6939|1299|20473|49867
28917|6939|1299|20473|213116
35426|215596|174|13786|263047|269488
49028|1299|6939|28370|52593
29222|6939|60432
15547|33891|216067|44244
6423|20055|174|35598|52091|206810
58308|6939|1299|29838|62731
59414|13030|1299|198949|35676
327727|174|22381|267470|263047
139317|44324|32595|174|397026
398465|174|60068|197103|212080
209|3356|174|399697|39967|399697
199524|174|1299|198949|35676
559|6939|28370|267608
58308|6939|7018|3486
398465|1299|3356|1680|44709
28917|6939|1299|26073
28917|6939|1299|265840
52075|6762|174|20473|47065|61574
2500|2914|174|210329|215728
2516|1299|12859|47065|61574
206499|34549|1299|6855|39904|202605
5713|174|20473|47065|61574
4601|50869|58299|206478
271253|1299|21351|60132
20612|9044|1299|174|37468|61568|266460|61625
24961|1299|6855|50698
58308|6939|62553|214757
210312|4601|50869|215828|204464
28917|6939|1299|1759|51188
28917|6939|1299|9498|45609
39351|174|20473|47065|61574
135895|6939|1299|20473|214587
35426|215596|174|21320|5408|50148
58308|6939|6830|23520|265590
12637|35598|52091|206810|211692|214268|197578
44324|32595|174|201050
42473|1299|20473|201423
48070|1299|3356|1680|44709
3130|174|17378|8119
132337|1299|198949|35676
17639|174|399697|39967|399697
917|60068|174|5538|8194|29345
58308|6939|6830|23520|263238|274004
29075|1299|20473|47065|61574
15623|1299|198949|35676
41327|6939|2852|213152
58308|6939|1299|20473|215150
49544|3356|174|20473|47065|61574
58308|6939|1299|27947|272890
28917|6939|1299|46475|142036
58308|6939|1299|30823|213520
28917|6939|1299|52468|264851
34927|1299|3257|19318|209896
59919|12779|62255|52091|206810|59815|25299
680|1299|20473|47065|61574
29222|6939|199399
6762|174|10490|2722|12148|47065|61574
513|29222|6939|48070|60894
52320|174|20473|47065|61574
28917|6939|1299|20773|44273
29222|6939|29670|59645
3491|1299|12859|47065|61574
28917|6939|1299|20473|25048
151326|174|50509|51032|41344|39707
58308|6939|1299|19551
58308|6939|2852
4775|4637|33891|216067|44244
8220|1299|3920|206777
23367|1299|17676|216211|44324|205369
12859|1299|174|20473|47065|61574
28917|6939|1299|20473|210387
42541|62255|52091|206810|211692|214268|196977
35600|6939|25192|29067
58299|1680|44709
209650|34927|1299|3257|19318|209896
199938|1299|174|1916|47065|61574
132825|174|35598|52091|206810|24881
5405|62255|52091|206810|202279
50628|3356|174|210|47065|61574
59689|30781|1299|3920|206777
37721|174|216211|211575
58308|6939|6830|23520|46650|14432
1299|25091|8298|4601|4492
58308|6939|1299|1759|205250
28917|6939|1299|20473|214660
28917|6939|61618
33891|13786|263047
28917|6939|1299|35777
40994|6939|196610|48927
50304|1299|20473|47065|61574
58308|6939|1299|209635
49434|9002|21320|5408|47065|61574
132825|2914|1299|6855|39904|202605
8283|20764|43298|48678|210574
12779|174|20473|47065|61574
57777|8298|12859|47065|61574
58308|6939|1299|20521
286|1299|3920|206777
21412|1299|3223|34224|12735
139317|44324|32595|174|204979
4601|50869|6939|16652
1257|174|22381|267470|263047|264389
37239|37468|174|12389|39089|202279|206810|52091|41039|48595
58511|3257|174|20473|47065|61574
3320|1299|20473|201423
4764|174|28283|268744|2716
2497|174|22381|267470|263047|264389
139317|44324|32595|174|12310|44679|201308
3130|174|1299|20473|47065|61574
24961|1299|6855|39904|47767
3399|5511|174|210|47065|61574
12389|1299|60068|197103|212080
12637|6939|58308
199524|137409|6424|44592|49581|211507
12637|6939|200070
20253|1299|6762|16735|273514
58308|6939|1299|32806
44324|32595|174|40092
49788|174|20473|47065|61574
3399|5511|174|60068|216213|205884
3130|174|32595|44324
553|62255|52091|206810|214721|204108
57695|917|60068|174|6461|394737
204092|6939|30893
293|3356|1299|201814|209896
513|29222|6939|62553|214757
24785|6830|174|5538|8194|29345
58308|6939|3170|203363|212085
58308|6939|1299|9141
1299|3257|60068|206406|210557
32590|37100|1299|8551|44709
20514|1299|6855|39904|199604
31742|1299|6855|39904|202605
559|13335|5408
8455|1299|20473|47065|61574
14907|1299|174|1916|47065|61574
25152|2914|174|140227|44324|205369
57111|174|2914|226|47065|61574
174|201814|209896
139317|44324|32595|174|210477
174|3257|19318|201813
139317|44324|32595|174|30567
15605|56911|1299|6855|39904|202605
28917|6939|1299|34628|34652
55720|6939|1299|201814|209896
58308|6939|1299|62597
215596|1299|20473|201423
58308|6939|57913
58308|6939|1299|400164
28917|6939|1299|262206|27742
32590|6461|6424|44592|49581|211507
4764|1299|33891|216067|44244
58308|6939|52091
7018|174|5538|8194|29345
48070|64049|174|55410|141549
327727|174|13786|263047|262813|265917
5405|62255|52091|59815
48070|6461|21320|5408|47065|61574
139317|44324|32595|174|1289
1299|7195|28189|266931|269250|271150
29222|6939|200712
29222|6939|553|204680|202539
58308|6939|1299|9929|17623
52320|1299|3356|60011|34927|208690
205206|33891|262999|272466
44324|32595|174|43160|201121
45049|6696|5511|174|52468|271150
28917|6939|1299|7843|22516|395500
398465|1299|3356|28370|263060
8283|20764|52091|206810
34019|47160|174|60068|205884
28917|215551|30893|205166
14537|6461|6424|44592|49581|209693
8283|6939|200070
4601|50869|41051|212834
28917|6939|1299|48299
58308|6939|1299|36086
3491|174|210329|215728
25160|174|60068|216213|205884
28917|6939|1299|20473|395332
28917|6939|1299|12488|52025
5405|6461|394737
6696|1299|17676|216211|44324|205369
6762|1299|6855|50698
553|1299|17676|216211|44324|205369
139317|44324|32595|174|6400
48185|1299|201814|209896
198249|13030|1299|174|20473|47065|61574
28917|6939|1299|25899|400338
28917|6939|28370|263535
13237|1299|3356|28370|269016
58308|6939|6830|23520|27665|14789
48070|7195|11432|271150|272738
37100|174|140227|44324|205369
58308|6939|52927|267933
34927|56655|1299|2914|226|47065|61574
513|174|52468|262393
199524|174|28283|268744|2716
58308|6939|1299|48299
4601|50869|215509
28917|20764|52091|206810|39089
34927|56655|1299|20473|399970
46450|1299|6453|29208
49605|6762|1299|8551|44709
4601|6939|28917|39134|39561|197695|210550
58308|6939|268047
293|3356|174|20473|47065|61574
6424|6939|28917|39238|49392|34567
3356|1299|20473|47065|61574
28917|6939|1299|11664|20002
58308|6939|6424
29222|6939|7018|46488
3170|6939|28917|20985
58308|6939|1299|399077
28917|6939|7018|11992|399599
19653|30600|174|52468|262393
139317|44324|32595|174|43872
41327|6939|25192
28917|6939|263047|264389
34854|1299|7195|28189|266931|271615|273522|271150
3170|6939|59970
41327|6461|52320|7162|13878|52468|271150
8220|1299|8551|44709
60068|174|7195|20473|47065|61574
64475|6939|2852|201648
28917|6939|1299|6855|35096
42541|49434|212815|52053
58308|6939|31263
49028|1299|174|13786|263047|268105
213151|41051|58299|56630|209944
6830|6453|60068|216213|205884
49028|1299|20473|399970
174|1299|6939|24796|63293
48070|7195|28189|266931|269250|271150
210312|4601|6939|28917|9110
8529|1299|37468|270551|263047
38880|4826|1299|198949|35676
58308|6939|553|204680|202329
58308|6939|3170|49485
6720|1853|20965|5408|47065|61574
6730|6830|1299|8551|44709
13030|1299|174|140227|44324|205369
59414|13030|62000|212815|52053
28917|6939|207995
199938|1299|198949|35676
151326|174|201814|209896
28917|6939|42695|52011
58308|6939|41720|58180
2497|1299|8551|20473|47065|61574
6830|6939|28917|39238
13030|1299|3356|60011|34927|208690
28917|6939|1299|23520|264821|274290
139317|44324|32595|174|53667|199340
8888|137409|174|3257|204548|215728
34927|52025|1299|6855|39904
4601|8298|25091|6453|174|140227|44324|205369
58308|6939|1299|4226|401734
28917|6939|1299|25122
22652|33891|60068|211571
3216|1299|3223|34224|12735
4601|50869|34019|212783
28917|6939|6830|23520|64126|272980
31122|6453|1299|20473|201423
34927|6939|1299|7195|20473|47065|61574
210312|4601|8298|25091|6830|60068|216213|205884
4601|50869|34019|12654
52873|12956|174|12389|39089|202279|206810|52091|41039|48595
35320|1299|3920|206777
28917|6939|1299|197190
58308|6939|1299|42708|201691|216415
20932|21320|5408|47065|61574
12637|57463|22356|52468|271150
58299|13335|5408
35426|215596|1299|1680|20473|47065|61574
15605|35598|52091|206810|8274
196621|8758|15576|174|204548|215728
49544|3356|174|11432|271150
48070|7195|28343|2716
139317|44324|32595|174|61506
28917|6939|1299|18734|28545
58308|6939|29208|62083
6730|6830|1299|42303|51701|30893
198249|9002|197068
8283|2914|13786|263047|267334
3170|64049|174|55410|141549
2734|396356|262287|174|52468|262287
174|35598|52091|206810|210063
28917|6939|1299|23520|264821|272807
58308|6939|553|204680|202539
6423|20055|174|13786|263047|269488
8283|6939|28370|264426
132825|2914|6424|44592|49581|209693
12637|35598|52091|206810|214210
58308|6939|1299|60068|216213|215568
34177|174|12389|39089|202279|206810|52091|41039|48595
34177|1299|3356|28370|28657
15605|41327|13786|263047|61826|52766
199524|174|35598|52091|206810|202279
174|3257|22773|8119
3257|174|201814|209896
44530|6830|60068|216213|205884
12859|4657|38001|25192
8220|1299|6453|1031|61568|266460|61625
140627|1299|6855|39904
58308|6939|33891|21083
3399|33891|60068|211571
52320|1299|3920|206777
4601|50869|199310|207529
8283|3491|209810|207187|207242
30781|3356|174|216211|211575
196621|8758|15576|56630|209944
58308|6939|1299|210333
198385|15576|174|20473|47065|61574
15547|8220|1299|3920|206777
49028|1299|6939|2852|201648
6894|174|210|47065|61574
28917|6939|1299|132168|63689
34177|1299|3356|28370|268198
44324|32595|174|35986|30612
559|9002|12555
553|6939|2852|48091
4601|50869|41051|209527
35426|215596|174|11432|271150
58308|6939|1299|54082|64150|63293
36924|1299|6424|44592|49581|209693
28624|4230|33891|216067|44244
58308|6939|6830|23520|27665|28067
4826|3257|174|20473|47065|61574
28917|6939|1299|20473|201353
50131|174|20473|47065|61574
62167|174|1299|198949|35676
210312|4601|50869|6939|50989|50683
3701|3356|1299|6855|39904|202605
39122|174|13786|263047
2497|174|52468|271150
6830|174|201814|209896
50629|215551|30893|205166
23367|1299|3356|16735|273514
28917|6939|1299|15164|22379
6424|6762|1299|6855|50698
577|174|204548|215728
199524|174|21320|5408|47065|61574
35008|1299|174|20473|47065|61574
28917|6939|1299|23520|30689
577|1299|6762|49666|58224|214805
6453|3356|21320|5408|47065|61574
7713|1299|4230|52654|266493|61625
4601|50869|52025|401441
28917|6939|28370|264426
210312|4601|50869|52025|51939
28917|6939|1299|40185
559|6424|44592|49581|211507
15547|174|6453|29208
50629|20473|47065|61574
139317|44324|32595|174|204561
6830|3491|209810|207187|206420
398465|1299|3356|28370|267556
51873|6830|174|216211|211575
553|6939|28370|263535
53828|2914|174|20723|2852|202874
22652|1299|3356|28370|263963
58308|6939|1299|13767|13951
50629|20764|52091|206810|57982
5511|1299|198949|35676
139317|44324|32595|174|263237|266830|28120
58308|6939|1299|205890
29504|15935|174|12389|39089|202279|206810|52091|41039|48595
44324|49581|211507
9268|4764|1299|6855|39904
210312|4601|50869|6939|30893|205563
7713|174|13786|263047|262578
2914|174|60068|216213|205884
58308|6939|1299|1759|29422|207006
5713|3491|174|37468|61568|266460|61625
48070|20764|202984|35598|25308|28917|9049|51017
202365|50673|174|1299|20473|399970
6894|6424|44592|49581|211507
58308|6939|7018|10934
4775|1273|174|11432|271150
196621|58115|21263|41504
58308|6939|6830|23520|64126|272980|274084
32590|1299|3356|28370|28657
56987|1299|8551|44709
971|174|7311|835|394273
37497|3491|174|210|47065|61574
4601|50869|214420
29632|9002|21320|5408|47065|61574
41666|13335|400095
57866|1299|198949|35676
136557|174|3356|1680|44709
28917|6939|1299|13443
51873|6830|174|60068|197103|212080
28917|6939|1299|5391|8585|57388
50877|5405|1299|174|37468|61568|266460|61625
29504|15935|174|28189|266931|271615|273522|271150
47147|1299|6939|28370|263060
41666|20764|52091|206810|39089
58308|6939|1299|54082|263725|274023
17350|6453|1299|6855|39904
48185|1299|3491|216211|211575
64475|3320|1299|17676|216211|44324|205369
35008|1299|1680|20473|47065|61574
204092|6939|29222|207688
553|62255|62379
21700|3257|1299|3920|206777
58057|34549|2603|21320|5408|47065|61574
41722|12389|1299|10490|2722|12148|47065|61574
264409|174|399697|39967|399697
3170|1680|44709
28917|6939|15935|200844
29222|6939|263047|267425
47692|33891|12389|39089|202279|206810|52091|41039|48595
31742|1299|3356|16735|2716
9268|4764|1299|6855|39904|199604
8283|2914|13786|263047|274841
40387|1299|3356|16735|2716
58308|6939|33891|15945
7660|2516|1299|3920|206777
6894|174|204548|215728
6424|6939|28917|50923
57777|8298|8283|3491|209810|207187|205044
207841|6939|28917|198297|51081
6423|20055|174|201814|209896
57695|137409|62000|212815|52025|212895|210320
58308|6939|6830|60068|51191
2500|2914|1299|6855|39904
20253|1299|174|60068|205884
8283|6939|59689
139317|44324|32595|174|51110
28917|6939|1299|6424|47787|203020
209650|34927|1299|17676|216211|44324|205369
28917|6939|1299|48620
8283|6939|28370|263535
4601|50869|41051|215448
209823|25091|1299|20473|47065|61574
8426|3257|174|13786|263047|267961
210312|4601|50869|6939|28370|268198
174|35598|52091|206810|5598
28917|6939|1299|20473|400478
23367|1299|6204|44592|49581|209693
48070|6939|30893|205563
17350|2914|137409|62000|212815|52053
60068|1299|9002|8772|396416
34927|1299|60068|197103|212080
28917|6939|1299|60068|206150
34288|1299|60068|197103|212080
13830|971|174|1299|6855|39904|47767
28917|6939|1299|14469
262427|174|35598|52091|206810|35273
174|10490|2722|12148|47065|61574
13830|971|174|6453|29208
59105|9370|2497|174|52468|262393
12859|35598|52091|206810|56915
20253|1299|8943|200636
6830|3356|13786|263047|268105
14315|6453|1299|20473|399970
34927|1299|6424|44592|49581|211507
50628|1299|12956|212721
971|174|35598|52091|206810|196638
23673|9900|23764|1299|198949|35676
20932|1299|6855|39904|202605
42295|33891|216067|44244
44324|32595|174|205847
4608|7575|2914|174|37468|61568|266460|61625
13830|971|174|35598|52091|206810|24881
28917|6939|1299|44788
28917|6939|1299|27947|52257
4601|8298|8283|2914|20473|47065|61574
50629|1299|20473|47065|61574
44324|32595|174|5719
28917|6939|39791|57728
28917|37271|20473|47065|61574
4181|1299|20473|201423
3130|174|20473|47065|61574
29222|6939|28917|204623
207841|6939|28917|39134
59919|52025|212895|210320
51088|8455|1299|10490|2722|12148|47065|61574
210312|4601|50869|41051|215006
48070|6939|28917|39134|39561|197695|210550
6830|174|60068|197103|212080
57695|917|60068|1299|20473|399970
20932|1299|17676|216211|44324|205369
19151|2914|1299|3920|206777
57381|50304|1299|3356|8119
44324|32595|174|15121
210312|4601|6939|28917|24651|39900
199524|174|13786|263047|262813|265917
44324|32595|174|6400
7594|174|10490|2722|12148|47065|61574
6696|1299|4230|2716
37271|174|216211|211575
4601|50869|58299|28859
174|35598|52091|206810|59815
35600|6057|28283|268744|2716
35008|1299|12389|39089|202279|206810|52091|41039|48595
58057|174|13786|263047|269680
28917|6939|1299|20473|137256
139317|44324|32595|174|3360
58308|6939|6830|200308
4601|50869|44324|198304
41327|9002|197068
210937|1299|3356|28370
32653|3741|174|13786|263047
58308|6939|1299|58317
28917|6939|1299|63473|209261
174|3491|20473|399970
38136|50131|36236|2914|12859|47065|61574
513|29222|6939|268047
35426|215596|62000|47498|59645|211286
42541|62255|52091|48158
48070|6939|16652
58308|6939|7018|11992|399599
48070|6424|44592|49581|211507
207841|6939|29222|513|12654
2518|1299|6855|39904|202605
13237|33891|60068|211571
3170|6939|2852|201648
58308|6939|5405|207137|209854
39392|174|21700|399914
21232|13030|1299|12956|212721
58299|62255|52091|206810|48687
28917|6939|1299|3301|56736
198249|13030|21320|5408|47065|61574
196621|6939|28917|201119
132825|174|35598|52091|206810|210063
58057|50673|174|3257|22773|8119
48919|33891|216067|44244
139317|44324|32595|174|215656
139317|44324|7720|10111|1299|60068|216213|205884
58308|6939|1299|52423
44393|394256|174|28189|266931|271615|273522|271150
58308|6939|1299|42313|47394
58308|6939|5405|15498
29222|6939|29208|34222
11845|30844|174|399697|39967|399697
205206|1299|174|37468|61568|266460|61625
3257|1299|6855|39904
14630|6830|174|37468|61568|266460|61625
7018|1299|42303|51701|30893
7018|1299|29695|206557|204503
16552|6453|174|28189|266931|269250|271150
45049|6696|1299|6855|39904|202605
58308|6939|29208|60275
42541|1299|37468|270551|263047
28917|6939|1299|20473|142561
1280|1299|3920|206777
6424|6939|28917|47914
151326|174|35598|52091|206810|35273
48919|174|6453|29208
28917|6939|1299|23520|27665|270040
41327|174|22381|267470|263047
6461|174|140227|44324|205369
28917|6939|1299|142132
58308|6939|1299|14080|3573
553|6939|30893|199580
6424|6762|1299|20473|47065|61574
139317|44324|32595|174|54502
50629|1299|6855|39904|205968
28624|61568|174|20723|2852|202874
50628|6453|174|60068|216213|205884
6730|6830|34927|202827
11845|30844|21320|5408|47065|61574
3170|174|13786|263047
327804|5713|12859|47065|61574
28917|6939|1299|395954
6830|6453|4230|2716
28917|6939|1299|18734|270137
34800|29632|8455|8283|47065|61574
51873|6830|3257|21034
23367|3257|174|399697|39967|399697
47957|3356|1299|10490|2722|12148|47065|61574
199938|1299|6762|16735|273514
42541|62255|52091|206810|211692|214268
151326|174|20723|2852|202874
50877|5405|6939|215172|214955
148968|1299|35598|52091|206810
8283|20764|52091|206810|197643
327727|174|22381|269144|268424|264524|266448|268624|268874
58308|6939|1299|262206|18809|26105|264843
37105|37662|1299|20473|399970
12637|1299|174|20473|47065|61574
2734|47787|6424|207990
12637|6939|25192|29067
139317|44324|32595|174|398636
58308|6939|30893|9423
39122|1299|6939|28370
199524|174|7195|20473|47065|61574
34927|1299|3356|28370|263535
58308|6939|1299|58317|48448
49788|1299|20473|47065|61574
174|28189|266931|269250|271150
41666|20764|52091|206810|210063
24785|6830|174|11432|271150|272738
28917|6939|1299|20473|54874|57439
328206|37739|3491|174|11432|271150|272738
210937|1299|3223|41327
9900|23764|3356|174|20473|47065|61574
4601|50869|52025|212895|206290
50629|6939|393682
44324|32595|174|4538
44324|32595|174|209589
12859|6939|42695|43101
559|6939|28370|263060
58308|6939|6830|23520|52233|262238
34288|1299|174|37468|61568|266460|61625
58308|6939|8194|29345
34927|52025|174|52468|262393
34800|58057|50673|33891|216067|44244
13830|971|174|56630|209944
202365|50673|174|13786|263047|269680
196621|9002|8772|396416
139317|44324|32595|174|329344
28917|6939|39791|49101|51449
263152|53013|6762|1299|6855|39904|199604
2734|58453|30990|174|37100|328895
41327|20764|43298|48678|213865
58057|50673|174|37468|270551|263047
44324|32595|174|62810
35600|6939|2852|213152
12859|37468|60068|216213|205884
398465|1299|6461|394737
12779|37271|20473|47065|61574
31510|174|3356|16735|2716
139317|44324|32595|174|46789
18106|174|60068|216213|205884
28917|6939|1299|20940
199938|1299|60068|211571
210312|4601|50869|34019|209090
3356|1299|20473|399970
1299|5511|60068|206406|210557
15605|6939|2852|210367
33891|1680|20473|47065|61574
29504|39392|33891|52320|7162|13878|52468|271150
210312|4601|8298|25091|6453|174|140227|44324|205369
34854|1299|3356|28370|268198
58308|6939|25400|49278
199524|174|13786|263047|268105
61218|6939|1299|174|62000|212815|52053
6894|33891|44592|49581|209693
49788|1299|6453|4755|7768
28917|6939|56595|211879
29222|6939|207995
12956|1299|3920|206777
28917|6939|7018|11483
50629|6939|42695
210312|4601|50869|52025|214749
2497|174|20723|2852|202874
196621|6939|215172|214955
21412|174|210329|215728
48070|57463|7713|1299|56308
34019|6939|54429
58308|6939|1299|205505
559|6939|28370|270962
58308|6939|48070|60894
3170|174|204548|215728
16260|174|52468|271150
559|47065|61574
28917|6461|32787|202161
139317|44324|32595|174|395348
40994|57463|41327|47178
4601|50869|212123
37271|3257|1299|20473|399970
29222|6939|8899|42652
39122|1299|6939|50989|50683
132825|174|35598|52091|206810|48595
58308|6939|7794|396917
58308|6939|1299|262206|262197|3573
61049|174|3356|28370|28657
15547|174|52468|271150
50877|214443|6939|28917|52191
20253|1299|35598|25308|28917|204076
263152|174|140227|44324|205369
37271|174|14840|269288
58308|35598|52091|206810|214210
17639|1299|198949|35676
139317|44324|32595|174|198725
559|6830|60068|216213|205884
15605|6939|207995
50629|3223|34224|12735
48070|1299|174|210329|215728
151326|174|35598|52091|206810|48687
139317|44324|32595|174|37649
210312|4601|8298|25091|1299|10490|2722|12148|47065|61574
139317|44324|32595|174|5719
139317|44324|32595|174|401780
28917|6939|1299|21859|62610|213734
35008|1299|7195|28260|270548|52794|52659
6424|137409|62000|212815|52053
49544|33891|216067|44244
328840|327727|174|35598|52091|206810|59815
15547|33891|44592|49581|209693
8280|6762|174|20473|47065|61574
139317|44324|32595|174|399893
28917|6939|1299|396986
58308|6939|40994|205563
44324|32595|174|992
49028|1299|6204|44592|49581|209693
15935|174|6453|4755|7768
328512|5713|174|10490|2722|12148|47065|61574
12779|12389|49666|205647|49801|204533
58057|50673|174|20473|47065|61574
37468|174|399697|39967|399697
15692|2914|6424|44592|49581|211507
48070|6939|200303
553|1299|21351|60132
6730|6830|6453|29208
3257|1299|6939|24796
58308|6939|1299|271938
28917|6939|1299|62904
139317|44324|32595|174|54413
204092|6939|2852|200874
58308|6939|1299|8240|206844
209650|34927|1299|201814|209896
28917|6939|1299|36352|26383
12859|14840|269288
1280|1299|22773|8119
327960|174|35598|52091|206810|56766
3356|1299|6855|39904|199604
4181|1299|56504|47674
37739|3491|174|140227|44324|205369
6830|6939|28370|269016
328964|23764|174|12389|39089|202279|206810|52091|41039|48595
6830|9002|12555|210827
3130|174|30844|21351|60132
24785|1299|60068|197103|212080
12637|1299|8551|44709
12307|29691|1299|174|140227|44324|205369
35600|6939|2852|201648
8283|6762|16735|273514
35426|215596|174|28189|266931|269250|271150
1031|999|6453|174|60068|205884
50629|6461|32787|202161
58308|6939|5405|213425
24961|1299|21351|60132
7594|174|37468|270551|263047
210312|4601|50869|214757|212470
12779|6939|2852|210367
58308|6939|33891|204419
151326|174|35598|52091|206810|210063
23367|1299|3356|16735|2716
394256|174|2914|226|47065|61574
28917|6939|1299|34164
56655|1299|25091|8298|4601|4492
29222|6939|28917|39153
13786|137409|62000|212815|52053
29075|1299|6453|19318|201813
58057|174|5459|200070
44324|32595|174|6424|47787|203020
196621|6939|30893|13214
3356|174|11432|271150
28917|6939|1299|38930
553|7195|28189|266931|269250|271150
28917|6939|25192|20701
64475|62255|52091|206810|56766
28917|6939|7018|401291
28917|6939|1299|21738|200242
20253|1299|29695|206557|205190
17350|2914|6424|44592|49581|211507
7018|3356|28370|268521
28917|6939|1299|23520|27884|262146
17350|6453|174|20723|2852|202874
28917|6939|1299|41231
58308|6939|1299|396993|50224
4826|9002|21320|5408|47065|61574
58308|6939|1299|46261|46978
3130|174|35598|52091|206810|211692|214268
28917|6939|6830|23520|64126|272971
917|60068|174|11432|271150|272738
62167|33891|216067|44244
28917|6939|1299|197308
36924|1299|21351|60132
6424|7195|28189|266931|269250|271150
50673|174|13786|263047|262578
12307|29691|1299|5511|60068|206406|210557
6424|6939|15372
34927|1299|6453|29208
50628|1299|3257|60068|206406|210557
151326|174|210329|215728
58308|59689|30781|1299|198949|35676
216285|8280|137409|62000|212815|52053
12956|174|8551|20473|47065|61574
40994|57463|41327|202975
44324|32595|174|2901
7500|2497|174|20723|2852|202874
35600|32787|202161
6424|174|35598|52091|206810|12773|213694
513|29222|6939|49418|213673
58308|6939|5405|39614
6423|20055|174|21320|5408|50148
21412|9002|21320|5408|47065|61574
28917|6939|1299|270126|270215
198385|29075|12859|47065|61574
28917|6939|1299|3249|31605
2027|47160|174|13786|263047
14907|1299|20473|201423
12637|55685|1299|7713|141630
58308|6939|3170|201579
58308|35598|52091|59815|25299
971|174|28189|266931|269250|271150
35600|6939|29222|41495|206202
44324|32595|174|20459
50869|50263|62000|212815|52053
199938|1299|6762|49666|58224|214805
513|29222|6939|15935|204860|203385
206499|34549|1299|201814|209896
139317|44324|32595|174|7203
48919|174|52468|262393
58308|6939|1299|54696
44324|32595|174|136493
20205|174|3257|21034
28917|6939|1299|20473|58093
44324|32595|174|53667|202256
31510|137409|62000|212815|52053
31510|174|2914|226|47065|61574
199524|37100|1299|198949|35676
53013|6762|1299|6855|39904|199604
58308|6939|33891|57395
6830|3257|21034
7018|6939|54429
28917|6939|1299|5391
35266|1299|60068|216213|205884
28917|6939|1299|199524|51191
29632|12859|47065|61574
559|6939|28370|52593
28917|6939|1299|265620|272344
29222|6939|32097|33387
58057|174|22381|267470|263047
14537|6461|6424|44592|49581|211507
48070|13335|5408
2734|22356|28370|263060
37105|37662|174|201814|209896
12637|35598|52091|206810|50204
140627|137409|62000|212815|52053
3491|174|399697|39967|399697
31742|1299|3223|41327
12956|1299|20473|201423
9268|4764|1299|35598|25308|28917|204076
205112|50629|6939|24796
23367|1299|23764|35168|212999
215596|1299|20473|399970
1257|1299|10490|2722|12148|47065|61574
15547|174|1299|20473|399970
60068|174|3356|8772|215536
40387|1299|34927|202827
28917|6939|1299|7843|11427|54201
28917|6939|1299|20473|54874
57381|50304|1299|3356|60011|34927|208690
136557|174|201814|209896
3399|5511|1299|6855|39904|47767
58057|174|60068|205884
680|1299|8551|44709
32590|1299|3356|21320|5408|47065|61574
34019|6939|30893|204789
210312|4601|50869|58299|209807
28917|6939|49418
58308|59689|30781|1299|6855|39904
29222|6939|28917|48084|59833
34927|56655|1299|7545|20473|47065|61574
1299|6939|50989|205966
1299|6762|16735|2716
139317|44324|32595|174|13999
6894|3257|1299|20473|47065|61574
6830|6461|62000|212815|52053
9268|4764|174|22381|269144|268424|264524|266448|268624|268874
37271|33891|44592|49581|209693
28917|6939|7018|14858
139317|44324|32595|174|398399
3549|3356|1299|33891|216067|44244
4601|50869|6939|50989|50683
56655|1299|7195|28189|266931|271615|273522|271150
6730|6830|174|13786|263047
44324|32595|174|25645
8298|28917|215730|209693
52873|12956|3356|21320|5408|47065|61574
28917|6939|1299|49915
22652|174|11432|271150|272738
64475|6939|50989|205966
7594|174|7195|20473|47065|61574
17639|137409|62000|212815|52053
34019|6939|28370|28657
207841|6939|28370|269016
29075|1299|3356|28370
20253|1299|37468|53062|266493|61625
60068|1299|17676|216211|211575
207841|7195|11432|271150|272738
328206|37739|3491|1299|6855|50698
28917|6939|1299|20473|138564
44324|32595|174|399646|54591
28917|6939|1299|23520|267797
15935|174|60068|197103|212080
58308|6939|1299|46161
35600|58453|30990|174|37100|327708|327795|328676
29222|39801|60983
58308|6939|1299|262206|28036
58308|6939|28917|6789
196621|6939|28370|28657
12859|1299|37468|270551|263047
207841|6939|28917|21453|41783
50304|1299|10490|2722|12148|47065|61574
51088|3257|5405|8943|200636
29504|15935|6461|6057|28283|268744|2716
41327|6939|28370
58308|6939|1299|54082|263725|264773
28917|6939|1299|203055
42541|264409|61832|266460|61625
215596|174|14840|269288
6894|3257|1299|12859|47065|61574
34288|1299|6453|19318|209896
58308|6939|8899|42652|3573
8220|6453|3356|21320|5408|47065|61574
20514|1299|3356|1680|44709
139317|44324|32595|174|207234
139317|44324|32595|174|263157
3491|174|204548|215728
3356|1299|6855|50698
59689|29075|174|60068|205884
12859|1299|6855|39904|47767
52025|32097|32787|202161
3356|6830|60068|216213|205884
23673|3356|174|210329|215728
42541|1299|174|60068|216213|205884
37100|33891|216067|44244
37105|36994|1273|1299|20473|47065|61574
39122|1299|6939|2852|48091
3701|3356|1299|12859|47065|61574
28917|6939|1299|21859|63473|213771
49028|1299|6424|44592|49581|209693
34019|137409|48011|25184|49801|204533
14537|13786|174|35598|25308|28917|204076
29680|174|5538|8194|29345
394256|174|3356|8119
398465|3320|1299|8551|44709
58057|50673|174|60068|211571
58308|6939|1299|29802
513|29222|6939|263047|267961
6830|13335|400095
3130|174|35598|52091|206810|211692|214268|196977
28917|6939|1299|20473|209220
50304|1299|174|210329|215728
136557|174|1299|198949|35676
137409|6424|44592|49581|211507
999|6453|174|22381|267470|263047|264389
7594|174|60068|197103|212080
327804|37271|174|5538|8194|29345
16552|3257|174|20473|47065|61574
29222|6939|29670|60729
44324|32595|174|6424|47787
28917|6939|1299|20473|39617
40994|6939|28370|264426
2734|13786|263047|262578
9044|1299|60068|216213|205884
19151|174|21320|5408|47065|61574
28917|20764|52091|206810|57164
24785|6830|3356|16735|273514
9002|6830|60068|216213|205884
51088|8455|1299|8551|20473|47065|61574
58308|6939|1299|28428
44324|32595|174|215656
34549|3257|174|20473|47065|61574
207841|6939|28917|48084|199961
46450|1299|6855|39904|47767
58308|6939|28917|48084|35816
12307|29691|1299|20473|399970
14907|1299|174|210329|215728
6424|16164|36032
28917|6939|1299|3301|207538
3130|174|6453|4755|7768
1836|1299|201814|209896
16552|1299|7195|20473|47065|61574
57777|8298|8283|6762|16735|273514
139317|44324|32595|174|400519
29222|6939|50989|50683
59105|59103|2907|20965|5408|47065|61574
327960|174|35598|52091|206810|24881|24697
971|174|35598|52091|206810|35273
8529|1299|3920|206777
28917|6939|1299|23520|265561
6461|33891|60068|211571
64475|14840|269288
1764|174|11432|271150
28917|6939|1299|213802
35600|39801|199881
44324|32595|174|273298
271253|6453|1299|20473|47065|61574
553|1828|12179|393398|3356|1299|23033|27323
35369|5405|49434|212815|52053
58308|6939|3170|57483
199524|1299|3356|1680|44709
4181|1299|6453|1031|61568|266460|61625
34927|56655|1299|6453|4755|7768
39351|174|2914|226|47065|61574
58308|6939|1299|17676|4725|17509
28917|6939|1299|20473|207618
5405|62255|52091|206810|39089
12779|6939|30893|13214
29691|6424|44592|49581|209693
28917|6939|25400|198309
28917|8359|57304|48707
271253|1299|42303|51701|30893
47160|174|11432|271150|272738
23367|1299|3223|34224|12735
44324|32595|174|36236|6838
139317|44324|32595|174|395687
58308|6939|7018|4473
42473|9002|3356|174|399697|39967|399697
51873|6830|174|60068|216213|205884
50628|33891|60068|211571
8220|1299|35598|25308|28917|204076
2516|1299|29695|206557
6424|44592|49581|209693
210312|4601|50869|215172|203309
3130|174|35598|52091|206810|214721
917|60068|33891|6461|394737
6082|2914|1299|6855|39904|47767
29222|6939|15935|204860|203385
22652|1299|7195|28260|270548|52794|52659
49788|12552|8283|47065|61574
8283|6939|28370|268198
44324|32595|174|20546
28917|6939|1299|8151|28403
40387|1299|6453|4755|7768
1299|6762|1680|44709
46450|1299|174|210|47065|61574
35369|5405|49581|209693
24961|8283|47065|61574
58308|6939|1299|198785
50629|6939|200303
8426|6777|35598|52091|206810|35273
22652|1299|6855|39904|47767
4826|1299|201814|209896
44324|32595|174|55022
44324|32595|174|13335
28917|6939|7018|15130
553|62255|52091|206810
12859|1299|6453|29208
58308|6939|1299|8151|28403
32590|137409|174|8551|20473|47065|61574
271253|174|12389|39089|202279|206810|52091|41039|48595
205206|1299|6855|39904|202605
28917|6939|1299|1759|51164|210167
24516|174|56630|209944
6424|6762|2914|12859|47065|61574
32590|6453|174|140227|44324|205369
29222|6939|32097|64236
263152|264409|174|210329|215728
6424|37468|52468|262393
8220|6453|174|14840|269288
49544|1299|10490|2722|12148|47065|61574
132825|174|35598|52091|48158
44324|32595|174|397384
12586|3257|5405|8943|200636
28917|6939|1299|14080|269902
44324|32595|174|14148
553|32787|202161
57381|42708|33891|216067|44244
513|174|21700|399914
28917|6939|1299|23520|264847|64150
20055|174|20723|2852|202874
28917|6939|1299|3308|42789
3257|174|20473|47065|61574
29222|6939|215085
12637|6939|39790
7594|3356|1299|198949|35676
20205|1299|3223|41327
174|21700|399914
12956|1299|10490|2722|12148|47065|61574
47147|1299|3356|16735|273514
28917|6939|1299|20473|202184
44324|32595|174|3320
14907|3356|174|20723|2852|202874
47147|1299|2914|226|47065|61574
209|3356|174|60068|205884
328512|5713|174|216211|211575
139317|44324|32595|174|206310
3170|174|1299|20473|47065|61574
3170|7195|28189|266931|269250|271150
47147|1299|3356|28370|264426
28917|20764|52091|206810|39558
44324|32595|174|18501
58057|1836|1299|12389|39089|202279|206810|52091|41039|48595
17350|3356|174|399697|39967|399697
42473|1299|6939|28370|263060
3320|6830|60068|211571
49028|1299|3223|34224|12735
47957|6830|34927|202827
205206|1299|3356|28370|28657
139317|44324|32595|174|56718
12859|29632|59682
28917|6939|1299|23520|272935|271808
64475|6939|28917|198297
4637|3257|5405|8943|200636
58308|6939|28917|204623
21412|1299|56630|209944
58308|4601|4492
12956|1299|35598|52091|206810
3170|41313|6821|1299|29208|205347
62000|6777|5405|213642|329263
13830|971|174|52468|262393
2500|2914|12859|47065|61574
1267|50263|62000|212815|52053
6424|6939|28917|28775
559|6939|25192|20701
6082|174|140227|44324|205369
199524|1299|29695|206557
6762|174|1916|47065|61574
49028|1299|174|210329|215728
15605|6939|2852|210498
35600|58453|30990|174|37100|36908
49788|1299|20473|201423
28917|6939|1299|8796|967
16347|1299|3257|204548|215728
40994|174|22381|267470|263047|264389
327727|174|6453|4755|7768
3170|6939|25192|20701
139317|44324|32595|174|216471
49788|1299|6424|44592|49581|211507
6830|6939|2852|213152
263237|174|13335|5408
58308|6939|6830|33915|9143|12315
58308|6939|1299|395403
45352|174|21320|5408|50148
6830|3491|209810|207187
48919|174|204548|215728
210312|4601|50869|41051|212470
50263|62000|212815|52053
136557|174|35598|52091|206810|35273
136557|174|21320|5408|50148
6453|174|210329|215728
29222|6939|35168|197556
45049|6696|1299|174|140227|44324|205369
28917|6939|49418|213887
32590|1299|37468|53062|266493|61625
37721|174|37468|61568|266460|61625
28917|6939|1299|3301
2734|59692|12555
328840|327727|174|6453|19318|201813
38880|6939|1299|20473|47065|61574
137409|33891|216067|44244
63927|1299|20473|399970
28917|6939|1299|23520|46198
58308|6939|1299|20473|398549
999|6453|1299|12389|39089|202279|206810|52091|41039|48595
199524|174|35598|52091|206810
45352|1299|201814|209896
28917|6939|1299|6206
56987|1299|6855|39904|202605
210937|6830|3257|21034
58057|174|11432|271150|272738
553|174|204548|215728
577|1299|25091|8298|4601|4492
46450|1299|3920|206777
34019|6939|42695
34800|58057|50673|174|1299|198949|35676
6908|174|210329|215728
50629|20764|52091|206810|211692|31069
58308|6939|3170|205739
58308|6939|42184|196731
210312|4601|50869|6939|2852|197277
20253|1299|174|22381|267470|263047|264389
139317|44324|32595|174|213035
207841|6939|30893|199580
56655|1299|3356|20473|47065|61574
12637|6939|2852|213152
39351|174|13786|263047|264972
1299|3356|1680|44709
39351|174|3356|28370|28657
328964|23764|1299|8551|20473|47065|61574
6461|174|60068|205884
6424|6939|28917|39238|49392|9098
28917|6939|7018|4196
49028|1299|174|13786|263047|267961
28917|6939|1299|14016|402062
3170|6939|29222|513|20940
41722|20764|174|210329|215728
57111|52025|212895|210320
34288|1299|2914|226|47065|61574
12859|7195|28189|266931|269250|271150
553|62255|52091|206810|34786
45352|174|22381|267470|263047|264389
196621|16276|203019
5405|8772|396416
28917|6939|1299|3308
23367|1299|3356|28370|263535
37053|5713|174|3257|21034
58308|6939|1299|36352|55286
58308|6939|6830|60068|62651
64475|52320|7738|262999|272466
28917|6939|1299|20473|398810
210312|4601|50869|34019|201281
58308|6939|197301
28917|6939|35826
398465|1299|5511|49666|58224|214805
58308|6939|1299|60068|216213|200216
30600|1299|20473|47065|61574
206356|50629|215551|30893|13214|35634
29222|6939|56595|207067
204092|6939|28370|267556
40387|1299|6453|19318|201813
13030|1299|12956|212721
4601|50869|6939|29222|41495|206202
202365|50673|174|10490|2722|12148|47065|61574
44324|32595|174|214273
207841|6939|2852|210498
207841|6939|2852|198500
328964|23764|3356|174|20723|2852|202874
24482|47311|150249|153176
59414|6830|34927|202827
50629|20764|52091|206810|196638|42702
8280|6762|174|1916|47065|61574
35600|58453|30990|174|37100|328514|327859
9002|21320|5408|47065|61574
28917|6939|1299|20473|20420
6424|7195|20473|47065|61574
35598|174|52468|271150
34288|1299|6762|49666|58224|214805
28917|6939|1299|23520|27717|267809
20514|1299|12956|212721
32590|3257|174|20473|47065|61574
34854|1299|6453|19318|209896
55720|9930|1299|33891|216067|44244
9044|1299|60068|197103|212080
199524|174|3257|21034
28917|6939|1299|47169
47147|3320|1299|37468|53062|266493|61625
28917|6939|1299|54829
28917|6939|263047|262578
29222|6939|553|212522|20940
202365|50673|174|60068|197103|212080
199524|174|14840|2716
139317|44324|32595|174|401429
7018|6939|59970
58308|6939|1299|202276
34019|6939|30893|13214|35634
29222|6939|28917|201119
199524|174|12956|212721
34927|1299|3257|204548|215728
34854|1299|7195|20473|47065|61574
22652|1299|3356|28370|267608
58057|174|35598|52091|206810|59815|25299
58308|6939|33891|12337
50877|5405|6939|28370|268198
6423|20055|174|37468|61568|266460|61625
7018|1299|6855|50698
28917|6939|25400|213158
1299|2914|1916|47065|61574
199524|37100|1299|6855|39904|202605
39351|1299|2914|226|47065|61574
196621|6939|25192|29067
39122|1299|3356|28370|268521
1299|10490|2722|12148|47065|61574
28917|6939|1299|5518|34001
58511|1299|20473|399970
48070|6939|28917|47914
6424|6939|29222|513
327960|174|60068|211571
60068|33891|17676|216211|44324|205369
58511|1299|6855|39904
210312|4601|50869|58299|209898|199553|208948
1140|24785|1299|10490|2722|12148|47065|61574
57866|1299|6855|39904|202605
139317|44324|32595|174|21928
44324|32595|174|42313|212986
8220|1299|3356|28370
49788|174|210329|215728
6082|2914|6424|44592|49581|209693
34288|174|60068|205884
28917|6939|1299|20473|27218
174|35598|52091|206810|8274
327804|37271|33891|60068|211571
28917|6939|1299|397522|44273
17350|6453|1299|33891|216067|44244
12779|174|13786|263047|262578
57111|41327|13786|263047|266089|52793
58308|6939|29670|60802
553|20473|30893
45352|1299|6855|39904|199604
49788|1299|2914|226|47065|61574
328512|5713|174|60068|216213|205884
58308|6939|61618|267320
6424|1299|8551|44709
28917|6939|1299|31108
12859|6939|60432
20764|174|201814|209896
21700|174|20473|47065|61574
8298|25091|6830|60068|216213|205884
202365|50673|174|52468|271150
52025|174|13786|263047
209650|34927|1299|3257|20473|47065|61574
8283|2914|13786|263047|267961
28917|6939|1299|214783
139317|44324|32595|174|18907
204092|6939|28917|39238|49392|9098
47147|1299|6939|30893
9044|1299|20473|201423
136557|174|6762|16735|273514
57777|8298|8283|3491|209810|207187|207198
28917|6939|1299|27589|11110
49432|48362|1764|5405|266493|61625
4601|50869|41051|201957
17350|6453|1299|8551|20473|47065|61574
56655|1299|5511|60068|206406|210557
6777|35598|52091|206810|50204
34927|56655|1299|3356|20473|47065|61574
3320|1299|13335|400095
35008|1299|37468|270551|263047
58308|6939|1299|14080
48362|1299|6762|267470|263047
52025|174|210329|215728
6762|3356|21320|5408|47065|61574
58308|6939|273556
58308|6939|1299|40061
28917|6939|1299|3301|206884
21700|174|35598|52091|206810|211101
8426|6461|62000|212815|52053
16347|1299|6453|60068|216213|205884
328964|23764|3356|21320|5408|47065|61574
9044|174|20473|47065|61574
37697|3491|174|62000|212815|52053
28917|6939|1299|60068|395092
50628|1299|8551|44709
55222|1299|6204|44592|49581|209693
328206|37739|3491|1299|3920|206777
210937|137409|62000|212815|52053
34019|47160|174|20473|47065|61574
209650|34927|1299|3356|28370|269016
28917|8359|57304|199081
264409|174|20473|47065|61574
28917|6939|1299|32270|265619
58308|6939|56595|207067
207841|37468|61568|266460|61625
44324|32595|174|208794|200851
20514|1299|3356|28370|267556
28917|6939|1299|20473|140731
59103|2907|20965|5408|47065|61574
210312|4601|50869|6939|2852|202874
28917|6939|1299|21559|271945
37271|174|22381|267470|263047|264389
553|174|52468|271150
25152|2497|174|210|47065|61574
8283|6939|2852|210498
20205|174|52468|262393
57111|41327|201376|199881
7713|174|7195|20473|47065|61574
8298|8283|3320|6855|39904|202605
20080|2914|1299|33891|216067|44244
199524|174|8551|20473|47065|61574
6424|9002|12555
553|6774|36947|174|36891
28917|6939|1299|60068|206216
58308|6939|1299|199508|49866
50629|215551|30893|13214|35634
28917|6939|1299|212582
40994|57169|5580|1299|57169
31742|1299|6453|4755|7768
6730|6830|3257|37468|270551|263047
28917|6939|1299|20473|46170
57111|174|10490|2722|12148|47065|61574
3130|174|35598|52091|206810|59867
8283|1031|266493|61625
28917|6939|1299|208414
2500|2914|1299|198949|35676
262427|174|35598|52091|206810|211692|214268
35600|6939|2852|48091
37497|3491|2914|6424|44592|49581|211507
55222|174|52468|262393
202032|58115|21263
328964|3491|1299|22773|8119
12637|1299|174|22381|267470|263047|264389
12956|174|37468|61568|266460|61625
8529|1299|6762|16735|273514
44324|32595|174|205148
44393|394256|174|21320|5408|50148
64475|6939|28370|52593
5405|49581|211507
29504|15935|174|13786|263047
6894|174|35598|52091|206810|214721
8888|137409|6461|21320|5408|47065|61574
14907|1299|3223|34224|12735
44324|32595|174|35916|21769
8455|1299|60068|216213|205884
12779|264409|61832|266460|61625
29222|6939|50629
34854|1299|3356|28370|267608
6696|1299|8943|200636
4601|50869|41051|207076
34927|1299|6855|39904|205968
24482|2603|21320|5408|47065|61574
12779|6939|2852|197277
57381|50304|1299|6453|19318|201813
50673|174|399697|39967|399697
38001|3491|174|201814|209896
204092|6939|28917|21453|201646
327727|174|35598|52091|206810|59815
28917|6939|1299|13768
58308|6939|25400|15765|203673
3333|12859|3223|41327
42541|62255|52091|206810|12773|57005
199524|174|35598|52091|206810|12773|213694
327960|174|35598|52091|206810|59815|25299
29222|6939|7018|11992|35892
199524|6762|174|20473|47065|61574
25091|1299|3920|206777
57111|174|138997|216211|44324|205369
28917|6939|1299|3249
1299|3356|13786|263047|269488
398465|174|52468|271150
58308|6939|25563
398465|1299|3257|19318|201813
47147|1299|7195|20473|47065|61574
210312|4601|20473|47065|61574
12389|28917|215730|209693
58299|62255|52091|206810|12773|47809|59478
29222|6939|12735|201978|208425
204092|6939|28917|20985
196621|6939|54429|401894
3130|174|35598|52091|206810|214721|204108
17350|6453|1299|16276|203019
3170|6939|33924
1299|6939|2852|197451
394256|174|20473|47065|61574
59105|2518|2516|174|210|47065|61574
327727|174|1299|22773|8119
28917|6939|1299|23520|27884|273054
28917|8359|57304|15935|56747
60068|1299|6855|50698
577|1299|60068|216213|205884
2518|1299|20473|47065|61574
559|3320|6855|39904|47767
22652|1299|20473|399970
37271|174|11432|271150|272738
57111|41327|34927|202827
174|3356|268624|28370|28657
28917|6939|7018|397556
15605|35598|52091|206810|24881
28917|6939|202297|210951
33891|3223|41327
513|174|216211|211575
41051|50263|44592|49581|209693
4777|2497|174|60068|216213|205884
17660|6453|174|20723|2852|202874
5413|1299|3491|20473|47065|61574
263237|174|216211|44324|205369
20514|1299|174|13786|263047
44324|32595|174|399275
1299|37468|60068|216213|205884
15935|6461|6057|28283|268744|2716
44324|32595|174|398636
28917|6939|1299|23487|27738
12586|3257|1299|20473|201423
20205|1299|7195|20473|47065|61574
34019|2603|21320|5408|47065|61574
64475|6939|28370|268521
7018|6461|394737
44324|32595|174|36792
3491|1299|35598|52091|206810
1267|1299|8551|44709
6830|9002|12555|200624
12779|35598|52091|206810
51088|6461|6424|44592|49581|211507
21232|13030|62000|212815|52053
29222|6939|29208|209847|26383
47692|33891|216067|44244
58308|6939|1299|1759|51164|210167
6908|174|14840|2716
28917|6939|1299|8151|272289
196621|6939|196610|48927
28917|6939|1299|20473|396088
28917|6939|49418|198981
6894|174|35598|52091|206810
4601|50869|6939|54429
8283|6939|200303
35280|1299|201814|209896
42541|28283|268744|2716
28917|6939|1299|53991
7713|174|20473|47065|61574
47957|3356|1299|198949|35676
136557|174|35598|52091|206810|211692|214268|196977
6830|174|216211|211575
1031|999|6453|174|140227|44324|205369
34927|1299|174|60068|205884
196621|15576|13335|400095
47147|1299|8551|44709
35710|3320|1299|60068|216213|205884
29222|6939|50629|207252|202119
12779|47065|61574
50304|1299|3356|28370|268521
6830|6939|28917
210312|4601|6939|28917|39238
4601|50869|6939|59970
58308|6939|6830|23520|52471
6424|6939|30893|205563
139317|44324|14840|269288
58057|1836|9002|62000|212815|52053
59414|6830|9002|12555|198070
2734|13335|400095
28917|6939|199081|209847|26383
6830|3356|1680|44709
28917|6939|7018|54495
394256|174|1299|3920|206777
199524|1299|37468|270551|263047
3320|1299|6204|44592|49581|209693
28917|6939|1299|27563|396141
3333|33891|216067|44244
199524|137409|62000|212815|52025|212895|210320
4601|6939|28917|206011
44324|32595|174|40676
18106|6424|44592|49581|209693
8283|57866|28917|215730|209693
28917|6939|40994|198510
271253|6453|174|22381|267470|263047|264389
41666|20764|52091|206810|56766
139317|44324|32595|174|16276
49432|48362|1299|3257|204548|215728
50628|1299|60068|197103|212080
15605|35598|52091|206810|12773
36924|1299|6855|50698
48070|6939|215172|214955
50673|174|210|47065|61574
6730|6830|12956|212721
9268|4764|174|28189|266931|271615|273522|271150
8529|28917|215730|209693
8283|20764|52091|206810|211101
210312|4601|50869|44324|216299
39122|1299|20473|201423
28917|6939|1299|23520|270200|272314
216285|8280|6762|174|210|47065|61574
49028|1299|3356|60011|34927|208690
5405|6939|2852|210367
64475|31133|12389|28917|8905|42132|56779
15605|56911|1299|6855|39904|47767
15605|35598|52091|59815|25299
207841|61049|2914|1299|20473|47065|61574
174|22381|269144|268424|264524|266448|268624|268874
28917|6939|1299|37662|329246
1299|6939|28370|267608
58057|174|13786|263047
328840|327727|174|16276|203019
3399|5511|174|52468|271150
37053|37100|33891|216067|44244
15935|174|216211|211575
42541|1299|3223|41327
210312|4601|6939|28917|28775
58308|6939|1299|9929|17816
28917|6939|1299|23520|262191|273078
553|6663|3216|51032|41344|39707
49028|1299|3257|204548|215728
4601|50869|41051|215006
1273|174|60068|197103|212080
28917|6939|1299|25400
139317|44324|32595|174|22612
3356|2914|6424|44592|49581|209693
35600|50263|61049|34927|202827
6830|7195|28343|2716
47147|1299|20473|30893
41327|6939|28370|263535
47692|33891|266493|61625
49788|1299|917|214598
35008|1299|8551|44709
58308|6939|1299|14080|274030
513|174|5538|8194|29345
139317|44324|32595|174|55286
917|60068|1299|6855|50698
31122|174|216211|211575
262427|174|35598|52091|59815|25299
60011|3356|1299|22773|8119
50877|5405|1299|8551|44709
44324|32595|174|216471
44324|32595|174|22361|400097
4826|1299|8551|44709
39122|1299|6939|2852|197451
12779|13335|5408
3320|1299|21351|60132
28917|6939|1299|18678|262589|272937
48070|7195|28189|266931|271615|273522|271150
12956|1299|6855|39904|202605
132825|174|12389|39089|202279|206810|52091|41039|48595
57111|174|14840|269288
58308|6939|2852|210498
3170|8529|328250|174|30990|37371
28917|6939|1299|52468|271967
40994|57463|41327
4181|1299|8551|20473|47065|61574
140627|2914|6424|44592|49581|209693
17639|1299|3257|20473|47065|61574
28917|6939|1299|20115
38001|3491|174|60068|216213|205884
210312|4601|9002|8772|396416
328840|327727|174|17378|8119
49605|6762|174|60068|216213|205884
28917|6939|1299|43578
204092|1680|20473|47065|61574
64475|7195|28189|266931|271615|273522|271150
29222|6939|50629|3624
12637|6939|28917|6789|200702
15605|35598|52091|206810|12773|44884
24516|174|3257|60068|206406|210557
41327|6939|39790
59890|174|140227|44324|205369
58952|137409|62000|212815|52053
1299|3356|13786|263047|271068
28917|6939|28370
6461|6424|44592|49581|211507
210312|4601|50869|58299|209898
23367|1299|6453|29208
513|29222|6939|49418
37468|174|8551|20473|47065|61574
28917|6939|1299|49206
60011|3356|1299|8551|44709
58308|6939|6830|23520|264847|64150|272991
31742|1299|3257|19318|209896
6461|174|60068|216213|205884
8283|6939|207995
58308|6939|6424|49941
14907|1299|37468|270551|263047
28917|6939|6830|23520|272935|272908
28917|6939|1299|20473|199285
57777|8298|8283|3491|209810|207187|205345
29504|15935|174|28189|266931|269250|271150
58308|6939|1299|12876
31742|1299|6855|39904|199604
24785|1299|20473|47065|61574
45352|1299|6855|39904|202605
28917|6939|1299|20473|401060
29222|6939|553|204680|208974
132825|174|34927|202827
1273|174|13786|263047|271068
34288|1299|20473|399970
553|20764|43298|48678|213865
28917|6939|59970
174|8551|20473|47065|61574
35426|215596|174|52468|271150
6894|33891|60068|211571
7018|174|60068|216213|205884
41327|6939|2852|200874
21700|174|20723|2852|202874
55720|6939|1299|12389|39089|202279|206810|52091|41039|48595
28917|6939|1299|11492
28917|6939|1299|20473|36268
58299|62255|52091|206810|197643
37468|33891|216067|44244
215596|1299|6855|39904
35008|1299|7195|28189|266931|269250|271150
44324|7720|10111|1299|60068|197103|212080
196621|6939|28917|28775
40387|1299|25091|8298|4601|4492
48362|1299|3356|8119
328840|327727|174|13786|263047|264923
42473|1299|174|216211|211575
3356|1299|198949|35676
17639|174|210329|215728
6894|174|35598|52091|206810|202279
196621|6939|25192|26710
139317|44324|32595|174|399646|13317
206499|34549|174|399697|39967|399697
29504|15935|174|22381|267470|263047
28917|6939|56595|202590|200280
6830|1299|8551|44709
28917|6939|1299|20473|132479|153034
49788|174|60068|205884
204092|6939|28370|263535
12637|6939|2852|212876
559|6939|30893|205563
58308|35598|52091|206810|34786|41875
6082|174|210329|215728
58308|6939|1299|29119
28917|6939|7018|22729
151326|174|35598|52091|206810|214721
394256|174|60068|211571
29222|6939|40994|203997
39122|1299|6939|28370|268521
64475|7195|28260|270548|52794|52659
39351|1299|198949|35676
61049|2914|1299|3920|206777
23367|137409|62000|212815|52053
40994|57463|41327|205051
327960|174|3491|20473|399970
6730|6830|174|11432|271150|272738
215596|1299|6762|16735|2716
210312|4601|50869|202939
139317|44324|32595|174|209312
57111|41327|19318|201813
58308|35598|52091
209|3356|174|60068|216213|205884
3399|174|37468|270551|263047
17660|6453|174|210329|215728
58308|6939|24796
35600|6939|25192|26710
58308|6939|202297
327960|174|35598|52091|44660
199938|1299|174|13786|263047
64475|62255|52091|206810|34786
40387|1299|4230|52654|266493|61625
57777|8298|25091|6453|174|399697|39967|399697
12779|56630|209944
28917|20764|52091|206810|48687
328512|5713|174|210329|215728
44324|32595|174|14178|272300
48070|1299|174|1916|47065|61574
4601|50869|212934
139317|44324|32595|174|398947|27884
47311|150249|212001|199376
34927|60011|3356|1299|20473|47065|61574
14907|1299|3356|60011|34927|208690
139317|44324|32595|174|4261
14907|1299|35598|25308|28917|204076
60068|33891|44592|49581|209693
48070|20473|30893
58308|6939|6830|23520|264847|64150
58308|6939|49418|198981
29075|1299|3356|28370|28657
21700|174|6762|16735|273514
139317|44324|32595|174|25467
12779|29632|215536
8220|6453|174|21320|5408|50148
64475|62255|52091|59815|25299
3257|174|1916|47065|61574
58308|6939|1299|39783
28917|8551|20473|47065|61574
35600|6939|24796|63293
6424|6939|28370|28657
3130|174|3257|19318|201813
327960|174|50509|51032|41344|39707
6424|16276|203019
35266|2914|3356|21320|5408|47065|61574
1853|20965|5408|47065|61574
553|2603|8674|1299|21859|24406
28917|6939|1299|60354
44324|32595|174|203623
6424|6939|28917|12668|51883
64475|6939|39790
44324|32595|174|265612
31510|174|13786|263047|267425
1764|174|210|47065|61574
12956|1299|6855|50698
58308|6939|35168|48716
44324|32595|174|54579|394778
58308|6939|12735|15830|137922
50628|6453|174|60068|205884
199524|174|21700|399914
1764|1299|20473|47065|61574
139317|44324|32595|174|32336
5413|1299|3257|20473|47065|61574
7713|174|11432|271150
34019|13335|5408
28917|6939|200462
28917|6939|1299|6855|56973
132337|1299|60068|216213|205884
917|60068|1299|3356|28370|263535
139317|44324|32595|174|214043
55720|2914|1299|6855|50698
28917|6939|1299|29264
58308|6939|29208|210631
8283|6762|16735|266931|271615|273522|271150
174|1299|20473|399970
1031|999|6453|174|28189|266931|269250|271150
29222|6939|31263|206207
328840|327727|174|35598|52091|206810|202279
24516|174|35598|52091|206810|211101
28917|6939|1299|7979
50673|174|3356|60011|34927|208690
553|1299|3356|28370|263535
58308|6939|1299|399912
6830|1299|35598|52091|206810
1257|1299|20473|399970
35426|215596|1299|3356|28370|264426
58308|6939|5405|198913
199524|1299|17676|216211|211575
58308|6939|6830|23520|270111
58308|6939|1299|208905|206446|35793
58308|6939|5405|213425|33832
3130|174|35598|52091|206810|12773|213694
139317|44324|32595|174|22131
12779|6939|29222|41495
20764|8359|1299|6855|39904|47767
210312|4601|50869|199310|215172
3491|174|28189|266931|271615|273522|271150
44324|32595|174|216302
139317|44324|32595|174|16601
49544|18779|174|210329|215728
20080|2914|1299|10490|2722|12148|47065|61574
37239|37468|174|210329|215728
199938|137409|62000|212815|52053
5405|62255|52091|206810|197643
12637|6939|2852
22652|1299|6762|267470|263047
3170|6939|2852|212876
205112|50629|1299|6855|39904
28917|6939|1299|29838
34800|58057|50673|174|7311|835|394273
136557|174|35598|52091|206810|197643
44324|32595|174|13249
8220|1299|20473|47065|61574
7594|174|35598|52091|206810|57164
3701|11164|6461|6424|44592|49581|211507
6424|6663|3216|51032|41344|39707
39122|1299|6939|2852|210498
198249|264409|61832|266460|61625
6453|1299|6855|39904|47767
20253|1299|3356|16735|2716
7018|6939|30893|13214|35634
57381|50304|1299|3356|28370|263963
199524|1299|7195|28343|2716
132825|174|62000|212815|52053
35369|5405|29632|215536
136557|174|1299|12859|47065|61574
28917|6939|1299|21859|63473|209261
327782|37100|1299|3920|206777
8220|1299|6453|19318|209896
210312|4601|50869|6939|54429
4764|1299|5511|49666|58224|214805
49544|2914|174|37468|61568|266460|61625
28917|6939|29222|204957
7474|7473|1299|3920|206777
210312|4601|50869|52025|212895|205991
215596|62000|6777|559|196722
58308|35598|52091|206810|211692|31069
58308|6939|33891|8741
398465|174|20473|47065|61574
45049|6696|1299|7545|20473|47065|61574
50629|20764|29049|49666|205647|49801|204533
3214|1299|20473|47065|61574
28917|6939|1299|34170|13335
29169|1299|20473|201423
50877|5405|6939|16652
58308|6939|7018|399756
28917|6939|1299|8796
398465|1299|3356|28370
44393|394256|174|1299|3920|206777
29140|286|33891|216067|44244
35600|6939|30893|205563
14537|52925|3356|1299|6855|39904
34177|1299|174|20473|47065|61574
28917|6939|1299|20473|211024
58308|6939|1299|21859|62610
28917|6939|1299|30823|198983
31510|174|1299|6855|39904|47767
37497|137409|62000|212815|52053
4601|50869|6939|2852|48091
47147|3320|1299|10490|2722|12148|47065|61574
1764|174|60068|205884
60068|174|11432|271150|272738
8529|1299|21351|60132
328206|37739|3491|174|11432|271150
58308|6939|268624|53245
35600|50263|21263|30791
139317|44324|32595|174|8304
28917|6939|1299|36192
28917|6939|1299|45204|13335
204092|6939|28917|39134
263237|174|210329|215728
35600|6939|30893|200690
12552|33891|60068|211571
7018|1299|60068|216213|205884
6830|6939|28370|267608
25160|174|210329|215728
28917|6939|1299|32097|26329
12779|6939|50989|48116
553|6939|30893|13214
28917|6939|6830|59776
37271|174|204548|215728
57381|50304|1299|3920|206777
139317|44324|32595|174|138538
16552|1299|20473|399970
28917|6939|1299|5617|42598
28917|6939|1299|52025|54681
28917|6939|1299|10396|394590
6830|6939|2852|204772
8283|6939|2852|213152
6667|1299|20473|47065|61574
29222|6939|21430|199220
51088|8455|1299|3920|206777
29222|6939|35133|149020
4181|1299|3356|8772|215536
20253|1299|9002|8772|396416
327727|174|13786|28343|2716
44324|32595|174|22360
17350|2914|6424|44592|49581|209693
58308|6939|1299|6400
58299|62255|52091|206810|34786|34789|34786
31742|1299|6453|29208
44324|32595|174|208765
513|29222|6939|268944
5405|6939|2852|210498
132337|174|60068|211571
8220|6453|1299|29695|206557|204503
8283|2914|1916|47065|61574
917|60068|5511|1299|198949|35676
29222|6939|35600|61025
36924|1299|6855|39904|202605
32595|174|1916|47065|61574
28917|6939|1299|52468|264635
210312|4601|50869|58299|206470
28917|6939|1299|20473|43131
210937|1299|3356|28370|263535|268030
174|1299|8551|44709
58057|34549|1299|12389|39089|202279|206810|52091|41039|48595
40994|9002|8772|396416
559|35598|52091|206810|50204
58308|6939|56595|202590
47147|3320|1299|60068|197103|212080
20205|1299|8551|20473|47065|61574
207841|6939|15372
1299|3216|51032|41344|39707
28917|6939|1299|14593
327960|174|6453|4755|7768
28917|6939|1299|270179
28917|6939|61618|268797
28917|6939|1299|29544
17660|2914|174|140227|44324|205369
58308|6939|49418|215590
7594|174|35598|52091|206810|24881
50304|1299|7195|28260|270548|52794|52659
199524|174|1299|8551|44709
47147|1299|6762|49666|58224|214805
58308|6939|1299|7632|150923
41327|13786|263047|61826
40994|6939|28917|12668|51883
29222|6939|41720|198747
44324|32595|174|57974|266
12956|174|216211|211575
44324|32595|174|91
12779|62255|52091|206810|8274
327960|174|14840|269288
1273|174|20473|47065|61574
6830|9002|12555|212247
327727|174|13786|263047|266089|52793
34927|174|12389|39089|202279|206810|52091|41039|48595
64475|6939|50989|33837
206356|50629|1299|60068|197103|212080
44324|32595|174|2731|400488
31742|1299|3356|8772|215536
3170|6939|2852|213152
12859|35598|52091|206810|202497
34927|1299|174|21320|5408|50148
28917|6939|1299|48152
61568|174|12389|39089|202279|206810|52091|41039|48595
35600|6939|2852|204772
10111|1299|8551|20473|47065|61574
210312|4601|50869|58299|209114|206072
50629|29632|59682
4826|1299|198949|35676
35266|3257|5405|8943|200636
58308|6939|1299|20473|203145
6830|174|28189|266931|269250|271150
48362|1299|174|60068|216213|205884
17660|2914|1299|198949|35676
17350|2914|1299|6855|50698
3130|174|1299|12859|47065|61574
44324|32595|174|398980
58308|6939|7018|30232
40994|6939|28917|50923
553|6939|29222|41495|206202
47160|6939|24796
34927|60011|3356|1299|6855|39904|47767
44324|32595|174|54419
47147|1299|6939|33924
58308|6939|7018|4196
139317|44324|32595|174|53667|401727
57695|917|60068|1299|9002|8772|396416
28917|6939|1299|20473|14270
58308|6939|1299|62917
151326|174|60068|211571
12637|6939|50989|33837
58308|6939|1299|23511
48070|6939|28917|44056
37468|174|12956|212721
17639|1299|60068|216213|205884
28917|6939|1299|213138|202169
328206|37739|3491|174|5538|8194|29345
4637|33891|216067|44244
174|35598|52091|206810
58308|6939|5405|41981
35600|6939|28917|9110
6424|174|35598|52091|206810|59815|25299
19653|30600|1299|12389|39089|202279|206810|52091|41039|48595
58308|6939|1299|396986
58308|6939|33891|12306
44324|32595|174|20278|395092
328840|327727|174|35598|25308|28917|204076
64475|62255|52091|206810|214721|204108
553|6939|42695|52011
398465|174|37468|53062|266493|61625
3170|174|60068|216213|205884
40994|6939|28917|44056|57629
553|9002|12555|48430
31510|174|21320|5408|47065|61574
174|14840|269288
327727|174|35598|52091|206810|35273
210312|4601|50869|52025|210985
55222|1299|20473|399970
174|3491|20473|47065|61574
12859|7195|28260|270548|52794|52659
5405|62255|52091|206810|59867
28917|6939|1299|22604
9268|4764|174|14840|2716
12969|1299|174|14840|269288
199524|174|35598|52091|206810|197643
36236|3257|1299|3920|206777
139317|44324|32595|174|53667|200329
3130|174|210|47065|61574
21232|15576|35598|52091|206810|211692|214268
64475|6939|25192
15623|6830|60068|211571
4775|1273|1299|12859|47065|61574
15935|174|35598|52091|206810|202279
205206|1299|3356|28370|53079
20514|1299|3356|28370|263535
34019|6939|30893
16552|6453|174|201814|209896
132825|174|35598|52091|206810|5598
4601|50869|6939|25192|26710
139317|44324|32595|174|2731|400488
35598|174|3356|8119
2734|142111|152672|174|3257|40676|397423|400402|62564
28917|6939|1299|52468|272034
57866|1299|60068|197103|212080
32590|137409|6461|21320|5408|47065|61574
12637|6939|2852|204772
139317|44324|32595|174|1089
57381|50304|1299|6855|50698
15605|6939|2852|212876
29222|6939|49418|216127
31510|174|30844|21351|60132
52075|6762|174|140227|44324|205369
210312|4601|6939|28917|20985
7594|174|60068|216213|205884
139317|44324|32595|174|3356|7195|52863
34854|1299|20473|399970
28917|6939|1299|20473|205618
3170|61049|34927|202827
64475|6461|210|47065|61574
6667|33891|216067|44244
971|174|6453|19318|201813
28917|6939|21430
41327|1299|198949|35676
58299|266493|61625
210312|4601|6939|28917|206011
49028|1299|6939|393682
58308|6939|61618|267443
199938|1299|21351|60132
1273|174|13786|263047|267961
29222|6939|35133|57706
58308|6939|1299|15133
513|29222|6939|214443
57381|50304|1299|6762|267470|263047
32590|1299|3356|28370
8426|6777|35598|52091|206810|12773|213694
12779|14840|2716
36924|6762|174|37468|61568|266460|61625
34927|60011|3356|1299|10490|2722|12148|47065|61574
3320|2914|6424|44592|49581|209693
3491|174|20473|47065|61574
58308|6939|2852|212876
55222|174|13786|263047|269488
41327|6461|16276|203019
58308|6939|1299|15164|22379
6461|6830|34927|202827
327960|174|3257|204548|215728
58299|28283|268744|2716
6830|6939|2852|48091
44324|32595|174|213527
20473|174|20473|47065|61574
42473|9002|6424|44592|49581|209693
266213|3356|1299|6855|39904|47767
4601|6939|28917|201119
213151|41051|58299|21320|5408|47065|61574
139317|44324|13335|400095
1828|6461|174|5538|8194|29345
15605|47065|61574
8220|1299|29695|206557|205190
216285|8280|6762|1299|20473|47065|61574
7594|174|35598|52091|206810|211101
28917|6939|1299|52468|265799
204092|6939|29222|513|20940
49432|48362|1299|20473|399970
58308|35598|52091|59815
28917|6939|1299|265620|270145
49788|1299|56630|209944
4601|50869|34019|211868
6830|6939|2852|61110
34800|58057|50673|174|3257|20473|47065|61574
37497|1299|8551|44709
34019|47160|174|204548|215728
4455|33891|216067|44244
28917|6939|1299|20473|33309|26679
28917|6939|1299|20473|205810
513|174|28189|266931|269250|271150
58299|62255|52091|206810|8274
2027|47160|174|13786|263047|269680
28917|6939|1299|52468|267790|273122
19653|30600|1299|6855|39904
49434|5511|174|52468|271150
263152|137409|62000|212815|52053
327727|174|35598|52091|206810|210063
64475|62255|52091|206810|12773|47809|50780
327727|174|35598|52091|206810|211692|214268
35598|1299|3223|34224|12735
61568|174|140227|44324|205369
58308|6939|7018|1751
17350|3356|1299|198949|35676
34177|174|210329|215728
196621|15576|174|140227|44324|205369
196621|6939|30893|200690
6777|35598|52091|206810|59815|25299
14907|1299|6855|50698
44324|14840|269288
64475|9498|20473|47065|61574
34854|1299|6762|49666|58224|214805
29075|174|13786|263047|266089
44324|32595|174|21320|5408|47065|61574
28917|6939|1299|199610
29222|6939|8899|42652|213928
8426|3257|174|13786|263047
11039|6461|174|20473|47065|61574
58308|6939|1299|262206
139317|44324|32595|174|32505|62917
42541|31133|12389|28917|8905|42132
64475|62255|52091|206810|214210
8283|6453|4755|7768
139317|44324|32595|174|208905
20932|1299|20473|399970
210312|4601|6939|28917|8926|200019|48753
50629|47311|150249|153176
199524|1299|3356|28370|263963
3130|174|35598|52091|206810|39558
2734|3257|174|20473|47065|61574
56655|1299|3356|8772|215536
58308|6939|6830|23520|272935|267862
4601|50869|199310|215172
19653|30600|1299|201814|209896
19151|2914|12859|47065|61574
205206|1299|6855|50698
58308|6939|33891|61098
210312|4601|50869|6939|33924
50629|6461|137409|63473|200790
34854|1299|174|210|47065|61574
28917|6939|1299|8551|20940
174|35598|52091|206810|202279
8426|6777|35598|52091|206810|48687
6424|6939|29222|513|20940
12307|29691|33891|60068|211571
24516|174|35598|52091|206810|210063
58308|6939|6830|23520|52468|274006
3214|1299|3257|20473|47065|61574
6424|174|201814|209896
35008|1299|37468|52468|271150
49028|1299|6939|2852|197451
34288|1299|6762|267470|263047
210937|1299|20473|201423
28917|6939|29670
398465|174|20723|2852|202874
59689|29075|174|52468|262393
1828|1299|8551|20473|47065|61574
132847|7474|3257|174|140227|44324|205369
28917|6939|1299|263444
21700|174|35598|52091|206810|214721|204108
11164|6461|6424|44592|49581|211507
6830|174|32595|44324
44324|32595|174|30317
210937|1299|7545|20473|47065|61574
58308|6939|8194|201547
44324|32595|174|267784
199524|1299|6855|50698
7713|174|34927|202827
60326|34872|24961|8283|47065|61574
7018|3356|60011|34927|208690
6730|6830|6204|44592|49581|209693
51185|6762|1299|42303|51701|30893
4601|50869|58299|35206
52873|12956|1299|6855|39904|47767
28917|6939|1299|14522
12956|174|140227|44324|205369
5413|1299|174|140227|44324|205369
210312|4601|50869|6939|200303
58308|6939|1299|11172|270217
4601|50869|41051|203852
6461|21320|5408|47065|61574
34177|2603|21320|5408|47065|61574
63927|1299|60068|211571
6730|6830|1299|6424|44592|49581|209693
50628|6453|174|210329|215728
28917|6939|35826|205311
210312|4601|8298|8283|2914|20473|47065|61574
5511|174|140227|44324|205369
25091|3356|174|399697|39967|399697
4601|6939|28917|43886
51184|1764|174|216211|211575
4601|50869|44324|202335
4601|50869|41051|204406
28917|6939|1299|14080|270018
6894|174|35598|52091|206810|39558
58308|6939|6830|23520|272935|267845
1299|6855|39904|202605
55222|1299|3356|16735|273514
49434|5511|174|140227|44324|205369
58308|6939|1299|52468|273883
32590|1299|174|20473|47065|61574
5413|1299|6762|16735|273514
63927|1299|198949|35676
7474|7473|6461|6424|44592|49581|211507
6762|1299|20473|201423
8220|1299|3356|28370|268198
4826|1299|3920|206777
6424|174|35598|52091|206810|196638
47957|6830|60068|211571
210937|1299|3491|20473|47065|61574
207841|6939|28917|52191
12307|29691|1299|3223|34224|12735
28917|6939|29670|49933
8220|1299|17676|216211|211575
1221|4637|3356|21320|5408|47065|61574
210312|4601|8298|25091|6453|174|20473|47065|61574
58299|13030|1299|20473|47065|61574
47957|3356|174|5538|8194|29345
41722|20764|174|201814|209896
398465|1299|3257|204548|215728
327727|174|12956|212721
1257|174|204548|215728
8283|20764|52091|206810|208435
139317|44324|32595|174|205847
44324|32595|174|395748
28917|6939|1299|39386|25019|39891
680|1299|201814|209896
6830|9002|49434|212815|52053
327782|5511|174|52468|271150
12586|3257|1299|3920|206777
56655|1299|7195|28260|270548|52794|52659
210312|4601|50869|6939|30893|199580
15935|174|6453|29208
12637|35598|52091|206810|5598
6894|174|210329|215728
58308|59689|29075|174|52468|262393
327727|174|35598|52091|48158
58308|6939|1299|39855
210312|4601|50869|58299|209898|199553
28917|6939|1299|20473|200936
58308|6939|35133|50917|214677
204092|34019|3303|174|52468|271150
553|6939|24796|63293
209|3356|21320|5408|47065|61574
6424|1299|12389|39089|202279|206810|52091|41039|48595
21700|174|22381|267470|263047|264389
52025|174|37468|61568|266460|61625
6667|33891|44592|49581|209693
328840|327727|174|35598|52091|206810|211692|214268
553|7195|20473|47065|61574
8758|6424|44592|49581|209693
3320|174|52468|271150
28917|3257|174|140227|44324|205369
204092|6939|25192
25160|6424|44592|49581|211507
12637|6939|29222|204957
57381|50304|1299|6453|29208
34549|6424|44592|49581|211507
29222|6939|35489
44324|32595|174|35041
58308|6939|1299|208328
35280|6424|44592|49581|209693
57111|41327|7311|835|394273
28917|6939|7018|20074
15547|3303|174|140227|44324|205369
44324|32595|174|51110
37497|3491|174|1916|47065|61574
28917|6939|1299|60664
37739|3491|1299|20473|399970
58308|6939|50629|207160
29504|15935|174|12956|212721
28917|6939|1299|52468|265775
559|35598|52091|206810|57460
8283|6762|60068|216213|205884
174|3257|9498|20473|47065|61574
553|6939|54429
34854|1299|42303|51701|30893
139317|44324|32595|174|209589
32590|4637|6461|174|37468|61568|266460|61625
32590|137409|174|60068|205884
7594|174|35598|52091|206810|59815|25299
553|6939|28370|270962
18106|2914|1299|20473|47065|61574
39122|174|60068|216213|205884
28917|6939|1299|9141|39869|59491
29222|6939|3170|210495
58308|6939|1299|36352|399502
174|13786|263047|267425
29222|6939|7018|401623
47147|1299|60068|216213|205884
39122|1299|3356|28370|264426
50300|6424|44592|49581|211507
37105|37662|174|210329|215728
29222|6939|2852|204772
139317|44324|32595|174|211211
174|12389|60299|41798|39824|58172|35168|58172
6424|6939|2852|197277
198385|174|7311|835|394273
51519|39351|174|20473|47065|61574
263152|174|10490|2722|12148|47065|61574
28917|20764|52091|206810|210063
28917|6939|1299|20473|210025
6730|6830|174|8899
917|60068|174|10490|2722|12148|47065|61574
12637|1299|7195|20473|47065|61574
17639|1299|20473|47065|61574
327960|174|35598|52091|206810|8274
1836|1299|21351|60132
4775|1273|1299|3920|206777
52025|174|21320|5408|50148
44324|32595|174|18988|54904
12859|8551|44709
28917|215551|30893|13214|35634
14907|1299|42303|51701|30893
15605|137409|62000|212815|52053
25091|12859|47065|61574
3130|174|3356|28370|28657
6424|6939|30893|200690
199524|174|6453|29208
35280|6453|174|210|47065|61574
12389|174|2914|20473|47065|61574
139317|44324|32595|174|22439
42541|7195|11432|271150
7018|12956|212721
216285|8280|6762|174|20473|47065|61574
29222|4601|4492
174|13786|263047|264923
3130|174|3257|28917|215730|209693
48070|6939|29222|41495|206202
136557|174|35598|52091|206810|214721|204108
50629|20764|52091|206810|24881
24785|6830|174|140227|44324|205369
35008|1299|6461|210|47065|61574
2734|3257|1299|198949|35676
45049|6696|33891|216067|44244
34549|1299|6855|39904
136557|174|35598|52091|206810|59815
4777|2497|174|60068|205884
23367|1299|3356|28370|269016
4601|50869|41051|213249
20080|2914|1299|6855|50698
39122|1299|198949|35676
2497|1299|6424|44592|49581|211507
28917|6939|39791
5511|174|60068|216213|205884
14537|33891|216067|44244
58308|6939|6830|34549|213045
20912|174|28283|268744|2716
28917|6939|1299|199124
58308|6939|1299|20473|47065
11164|6461|8899|60294|33891|50673|43414|43995
48185|1299|3257|20473|47065|61574
28917|6939|1299|23520|262199
37739|3491|174|60068|216213|205884
29222|6939|47787|203020|208414
35008|1299|20473|399970
327804|37271|174|1916|47065|61574
37739|3491|1299|6855|50698
36236|174|37468|61568|266460|61625
398465|1299|6453|4755|7768
52320|1299|201814|209896
58308|6939|1299|262206|27773
29222|6939|31263|9026
7473|6461|174|20473|47065|61574
971|174|35598|52091|206810|59815|25299
23367|1299|174|1916|47065|61574
44324|7720|10111|1299|12859|47065|61574
6830|3356|13786|263047|271068
34927|60011|3356|1299|6855|39904|199604
58299|56630|209944
12586|3257|174|20473|47065|61574
6424|6939|28370|269016
1299|174|1916|47065|61574
50629|6939|24796
971|137409|62000|212815|52053
271253|174|20723|2852|202874
22652|1299|3356|28370|269016
271253|6453|174|5538|8194|29345
8220|1299|35598|52091|206810
12779|62255|52091|206810|59815
49788|1299|20473|399970
49544|1299|6855|50698
58308|6939|1299|45102
36924|1299|3223|41327
52320|174|1299|20473|399970
51519|39351|174|3257|20473|47065|61574
44324|32595|174|26057
139317|44324|32595|174|43160
8426|6777|35598|52091|206810|24881
15605|20764|202984|35598|25308|28917|204076
34927|12186|1299|22773|8119
262427|174|35598|52091|206810|211692|214268|197578
513|174|1299|20473|47065|61574
24516|174|3356|1680|44709
36924|1299|174|13786|263047
3170|6461|137409|48011|25184|49801|204533
48070|8529|328250|174|30990|37371
15605|57463|14840|2716
2027|62000|56584|207529
58308|6939|1299|11019|29789
12859|35598|52091|206810|211101
199524|1299|12956|212721
44324|32595|174|20278
29222|1299|6855|39904|47767
31510|174|3356|8119
28917|6939|1299|3301|34576
3303|174|60068|205884
21700|174|35598|52091|206810|202279
28917|6939|1299|23520|273221
28917|6939|1299|14754|263812
12956|174|11432|271150
2734|142111|152672|174|3257|6205|197450
28917|6939|1299|208905|47956
57381|50304|1299|7195|28260|270548|52794|52659
42541|20764|43298|48678|210574
28917|6939|1299|27589
12859|1299|60068|216213|205884
59891|13030|1299|3356|60011|34927|208690
199524|1299|20473|201423
12637|35598|52091|206810|48595
264479|6762|1299|6855|39904|202605
174|35598|52091|206810|48687
2734|7311|835|394273
15576|174|140227|44324|205369
34019|39801|199881
37739|3491|174|1916|47065|61574
52320|6424|44592|49581|209693
5405|56630|209944
29222|6939|553|60824
29222|6939|15935|197451|201263
47147|1299|6939|30893|199580
25369|174|210|47065|61574
39351|174|60068|205884
148968|7474|3257|1299|20473|47065|61574
6424|6939|200303
1299|6453|19318|209896
28917|6939|196621
20205|1299|6453|29208
209|3356|1299|20473|47065|61574
6830|6939|28370|52593
59891|13030|62000|212815|52053
210312|4601|50869|214757|216401
215596|62000|6777|209870
3216|1299|22773|8119
139317|44324|32595|174|201896
20612|9044|174|210|47065|61574
210312|4601|6939|28917|204623
25160|174|399697|39967|399697
44324|32595|174|394611
1299|60068|216213|205884
34177|1299|3356|28370|263535|268030
12859|6939|16652
29222|6939|62553|214757
28917|20764|52091|206810|35273
58308|6939|33891|200735
1299|3356|60011|34927|208690
6830|7195|20473|47065|61574
44324|32595|174|397423
139317|44324|32595|174|13190
41327|7311|835|394273
12859|7195|20473|47065|61574
34854|1299|7195|28189|266931|269250|271150
17639|174|60068|205884
174|13786|263047|268105
29222|6939|49418|213893
40994|174|11432|271150
5511|174|216211|211575
971|174|35598|52091|206810|197643
29169|1299|20473|47065|61574
513|174|210329|215728
12779|52320|7738|262999|272466
327727|174|35598|52091|206810|34786
852|1299|3920|206777
5405|1299|60068|197103|212080
28917|6939|1299|23520|272935|267846
42541|1299|6453|29208
58308|6939|559|200233
513|29222|6939|61618|268364
44324|32595|174|30021
47147|1299|12956|212721
59414|6830|6204|44592|49581|209693
5405|62255|52091|206810|59815
12859|35598|52091|206810|214721|204108
22652|1299|6855|39904|199604
327983|37497|174|210329|215728
58308|6939|1299|835|52025|50224
132825|174|3257|19318|201813
20205|1299|22773|8119
35360|137409|62000|212815|52053
58057|50673|174|2914|20473|47065|61574
44324|32595|174|211211
4181|1299|60068|216213|205884
5405|6939|2852|201648
139317|44324|32595|174|25122
25160|174|21700|399914
42473|1299|6855|39904|202605
44324|32595|174|53667|216340
35710|48200|6762|174|20473|47065|61574
51519|39351|174|22381|269144|268424|264524|266448|268624|268874
6696|1299|174|140227|44324|205369
15576|174|52468|262393
38001|3491|174|20473|47065|61574
64475|62255|52091|206810
21700|174|35598|52091|44660
328840|327727|174|21320|5408|50148
49028|35280|6453|174|11432|271150|272738
28917|6939|1299|23520|272935|263730
29680|174|20723|2852|202874
35600|6939|28370|263060
8218|6461|1299|198949|35676
199938|1299|3920|206777
3214|1299|3223|34224|12735
28917|6939|1299|23520|262191|266774
34927|56655|1299|21351|60132
7018|1299|12555|210827
28917|6939|1299|20473|400644
3257|174|210|47065|61574
7018|1299|21351|60132
49544|1299|60068|216213|205884
34854|1299|56630|209944
35369|5405|266493|61625
57866|6830|174|399697|39967|399697
55222|174|20723|2852|202874
58308|6939|215085|207682
139317|44324|32595|174|54419
23352|2914|174|60068|205884
8220|1299|17676|216211|44324|205369
58308|6939|7018|2685
58308|6939|61618|268797
28917|6939|1299|52468|264668|267684
50877|5405|1299|17676|216211|44324|205369
48070|1299|3356|28370|263060
397131|60011|3356|21320|5408|47065|61574
139317|44324|32595|174|18978
41666|20764|52091|206810|214721|204108
6423|20055|174|13786|263047|262578
204092|34019|20473|47065|61574
8220|1299|6453|29208
49432|48362|1299|174|60068|205884
7474|3257|174|140227|44324|205369
29222|6939|3170|49485
207841|30844|21351|60132
4764|1299|6855|39904
559|7195|28260|270548|52794|52659
8220|1299|6855|39904|202605
40994|6939|28370|268198
64475|62255|52091|206810|211692|31069
2734|13786|263047|262813
263152|264409|174|3257|60068|206406|210557
50304|1299|3356|28370|269016
999|6453|174|28189|266931|271615|273522|271150
58308|6939|1299|46475|54286
9002|1299|60068|216213|205884
21700|3257|1299|198949|35676
4601|50869|6939|30893|204789
327960|174|35598|52091|206810|12773|213694
37053|37662|174|52468|262393
7713|1299|6762|267470|263047
29075|1299|3356|60011|34927|208690
29222|6939|62000|198831|210699
28917|6939|1299|35908
12859|35598|52091|206810|56766
64475|62255|52091|206810|59815
50131|174|37468|53062|266493|61625
2497|6830|60068|211571
8529|1299|7545|20473|47065|61574
12859|215551|30893
35600|30781|1299|20473|47065|61574
8283|20764|52091|206810|211692|214268|196977
39351|174|3356|8119
57111|174|3491|20473|47065|61574
41666|20764|52091|206810|59815
44324|32595|174|19624
35369|1764|1299|3920|206777
58308|59689|30781|33891|60068|211571
4601|50869|52025|210985
58308|6939|1299|21277|197882
23367|1299|6855|39904|47767
2734|34927|208690
204092|6939|30893|200690
29222|9002|197068
35266|3257|33891|216067|44244
4764|174|22381|267470|263047|264389
7594|174|12389|39089|202279|206810|52091|41039|48595
35008|1299|7545|20473|47065|61574
328840|327727|174|37468|53062|266493|61625
513|29222|6939|199095
210312|4601|8298|25091|1299|60068|216213|205884
28917|6939|1299|10396|14789
28917|9498|20473|47065|61574
6830|174|399697|39967|399697
20080|2914|1299|198949|35676
49028|1299|3223|41327
58308|6939|1299|43646
7500|2497|174|52468|262393
23764|1299|174|140227|44324|205369
7500|2497|174|34927|202827
209|3356|174|16276|203019
47160|174|204548|215728
28917|6939|1299|23520|262148
139317|44324|32595|174|397168
8283|20764|52091|206810|5598
12637|6939|29222|207688
1299|6939|28370|263060
28917|6939|1299|15659
44393|394256|174|3257|19318|209896
12859|35598|52091|59815
58308|6939|12735|8517
37497|1299|60068|211571
35625|3356|21320|5408|47065|61574
1273|174|56630|209944
3303|174|52468|271150
4181|1299|5511|49666|58224|214805
202365|50673|174|204548|215728
41327|6939|50989|205966
24785|6830|3356|28370|53079
28917|6939|1299|16509|14618|60900
37697|3491|174|210329|215728
28917|20764|52091|206810|202279
49028|1299|37468|60068|216213|205884
58308|6939|1299|32270|265619
513|29222|6939|49418|207957
47160|6939|33924
139317|44324|32595|174|11172|265625
17350|2914|1299|3920|206777
139317|44324|32595|174|35598|48108|208626
3170|7195|28260|270548|52794|52659
58308|6939|1299|14080|269902
56655|1299|7195|28189|266931|269250|271150
151326|174|35598|52091|48158
7018|6939|50989|50683
210312|4601|50869|41051|215448
61218|29632|9002|3356|174|20473|47065|61574
42541|31133|51032|41344|39707
29222|6939|41720|58180
139317|44324|32595|174|394542|20432
24516|174|35598|52091|206810|59815
64475|62255|52091|206810|202279|213203
293|2914|12859|47065|61574
20253|1299|12956|212721
30781|1299|198949|35676
34177|1299|3356|28370
28917|6939|1299|20473|47065
28917|6939|1299|262223
59105|2518|1299|35598|52091|206810
36924|1299|3356|13786|263047|271068
28917|6939|1299|31915
148968|1299|3216|51032|41344|39707
6830|3356|16735|2716
16347|3356|174|20723|2852|202874
174|7545|20473|47065|61574
21700|174|35598|52091|206810|57164
28917|6939|1299|20473|957
5405|62255|52091|206810|196638|42702
207841|6939|28917|204623
29222|1299|60068|211571
39122|1299|3356|28370|268198
328840|327727|174|35598|52091|206810|24881
28917|6939|8194|51955
49544|2914|174|20473|47065|61574
139317|44324|32595|174|53667|209864
58308|6939|5405|59745
198385|15576|174|210|47065|61574
58308|6939|1299|43927
210312|4601|50869|6939|29222|41495
206356|50629|1299|20473|47065|61574
13830|971|174|35598|52091|48158
3491|2914|6424|44592|49581|211507
50629|39089|202279|206810|52091|41039|48595
4601|9002|8772|396416
6424|6939|2852|199711
58308|6939|1299|207265
3741|174|1299|8551|44709
58308|29075|1299|20473|47065|61574
4601|50869|6939|39790
28917|8359|57304|209693|207567
12969|137409|62000|212815|52053
39122|174|3257|9498|20473|47065|61574
2734|22356|28370|28657
6939|1299|20473|214587
8283|44592|49581|209693
21320|33891|60068|211571
28917|6939|1299|35207
56655|1299|60068|216213|205884
35600|6939|28917|20985
398465|1299|3356|8119
55720|2914|1299|6855|39904|199604
58057|174|34927|202827
7500|2497|174|62000|212815|52053
28917|6939|1299|18734|20940
8283|2914|16164|36032
49028|1299|174|21320|5408|47065|61574
39120|174|6453|4755|7768
55720|2914|174|210329|215728
29222|6939|39791|49101
1299|3356|16735|2716
132825|174|35598|52091|206810|56766
24961|1299|10490|2722|12148|47065|61574
1764|5405|61568|266460|61625
58308|6939|1299|12488|52025
22652|1299|12859|47065|61574
44324|32595|174|19453
38001|9002|6424|44592|49581|209693
28917|6939|1299|14722
6830|6939|25192|20701
205206|33891|14840|269288
6830|3257|49666|205647|49801|204533
62167|3356|1299|3920|206777
44324|32595|174|40344
8888|137409|174|20473|47065|61574
28917|6939|1299|20473|402087
132825|174|210329|215728
28917|6939|6830|23520|272935|267845|274123
28624|61568|174|20473|47065|61574
28917|6939|1299|13293
32590|1299|6424|44592|49581|211507
132337|4766|8455|8283|47065|61574
4601|50869|58299|209898|199553|208948
25369|174|399697|39967|399697
24961|1299|17676|216211|44324|205369
58057|34549|6461|62000|212815|52053
48070|37468|53062|266493|61625
28917|6939|1299|54082|64150|63293
23367|1299|174|37468|61568|266460|61625
20080|2914|1299|35598|52091|206810
58308|6939|2852|204772
44324|8298|4601|4492
328840|327727|174|22381|269144|268424|264524|266448|268624|268874
32590|21320|5408|47065|61574
17639|1299|6453|4755|7768
140627|1299|12389|39089|202279|206810|52091|41039|48595
215596|1299|12389|39089|202279|206810|52091|41039|48595
553|6939|2852
55720|2914|1299|6939|24796|63293
210312|4601|50869|199310|202335
29222|6939|40994|212085
6453|174|399697|39967|399697
1764|174|12389|39089|202279|206810|52091|41039|48595
210937|1299|60068|197103|212080
1273|174|14840|269288
16347|1299|6762|49666|58224|214805
44324|32595|174|37288
44393|394256|174|28189|266931|269250|271150
28917|6939|1299|40824
205206|1299|3356|28370|267608
58308|6939|1299|52468|271948
44324|32595|174|26988
19151|174|60068|197103|212080
39351|1299|6453|19318|209896
48362|1299|12956|212721
28917|6939|1299|20473|19451
8220|1299|3356|28370|267608
20253|1299|3356|28370|264426
58308|6939|263047|264923
4181|1299|3356|8119
174|35598|52091|206810|56766
394256|174|3356|60011|34927|208690
28917|6939|3170|213692
28917|6939|262485
13237|1299|3356|28370|263963
50300|174|20723|2852|202874
4601|50869|6939|2852|204772
12637|35598|52091|206810|214721
21232|15576|35598|52091|206810|214210
139317|44324|32595|174|16921
11845|30844|174|201814|209896
199524|174|3257|19318|201813
29222|6939|56595|43442
49544|1299|174|37468|61568|266460|61625
44324|32595|174|19750
58057|34549|6424|44592|49581|211507
3257|174|21320|5408|47065|61574
12969|1299|6453|29208
34288|8218|21320|5408|47065|61574
60326|34872|24961|1299|174|37468|61568|266460|61625
44324|32595|174|46265
57381|50304|1299|174|210329|215728
29479|50304|1299|6855|39904|199604
971|174|37468|270551|263047
41327|1299|20473|201423
553|6939|2852|210367
9044|174|60068|205884
34288|1299|3223|41327
13786|174|60068|197103|212080
39351|174|13786|263047|52793
12307|29691|1299|3356|16735|273514
58308|6939|29670|57024
139317|44324|32595|174|13977|401455
328964|23764|1299|4230|2716
264479|6762|1299|6855|39904
206356|50629|1299|4637|20473|47065|61574
28917|6939|1299|16509|14618
20055|174|35598|52091|206810
20612|9044|174|11432|271150|272738
28917|6939|1299|24429
45049|6696|1299|4230|2716
58057|1836|33891|216067|44244
198249|9002|12555
328512|37100|1299|6855|39904|47767
4601|50869|52025|214323
58308|6939|1299|36352|26383
3170|174|140227|44324|205369
8660|1267|50263|62000|212815|52053
139317|44324|32595|174|47674
50304|33891|216067|44244
196621|6939|28370
34019|6939|33924
8283|2914|268624|28370|267608
28917|6939|1299|7342
139317|44324|32595|174|32473
35600|6939|2852|210367
15935|174|8551|20473|47065|61574
15692|2914|174|20723|2852|202874
44324|32595|174|397301
44324|32595|174|398885
28917|6939|1299|20473|202929
50877|5405|6939|2852|212876
6667|12859|47065|61574
8283|6939|29222|513|20940
4601|50869|213768|205634
6730|6830|174|28189|266931|269250|271150
25220|33891|216067|44244
206499|52025|212895|210320
204092|6939|200070
4826|1299|56630|209944
28917|6939|1299|20473|212270
49028|6461|16276|203019
49028|1299|17676|216211|44324|205369
28917|6939|1299|209551
394256|174|210329|215728
2497|174|21700|399914
20912|12637|1299|7195|20473|47065|61574
50304|1299|5511|60068|206406|210557
39120|174|210329|215728
58308|6939|1299|30823
47692|33891|8943|200636
7500|2497|1299|8551|44709
196621|6939|42695
15935|174|56630|209944
48070|6939|2852|210367
210937|1299|5511|60068|206406|210557
5405|32787|202161
55720|3491|174|37468|61568|266460|61625
11039|6461|174|37468|61568|266460|61625
7018|6939|2852|213152
1031|8455|8283|47065|61574
20130|23352|2914|1299|20473|47065|61574
28917|6939|1299|51167
25220|33891|266493|61625
1299|174|22381|267470|263047|264389
139317|44324|32595|174|13249
12779|52320|7162|13878|52468|271150
4764|1299|56504|47674
34927|1299|8943|200636
139317|44324|32595|174|4134|140329
12779|21351|60132
24516|174|35598|52091|206810|56766
210312|4601|50869|6939|29222|41495|206202
50673|174|52468|271150
28917|6939|7018|64230
398465|1299|174|22381|267470|263047|264389
135895|6939|1299|20473|47065|61574
41666|20764|52091|206810|202497
29169|1299|198949|35676
263152|264409|174|6453|19318|201813
3257|174|13786|263047|267961
210312|4601|50869|213376
328512|5713|174|140227|44324|205369
8283|6939|50989|50683
7922|2914|12859|47065|61574
204092|6939|28917|198297|51081
8283|3320|6855|39904|47767
199524|1299|198949|35676
40994|6939|28917|12668
206499|34549|1299|6855|39904
205206|1299|7195|28283|268744|2716
7018|13335|400095
23352|2914|174|210|47065|61574
7594|174|60068|205884
398465|174|140227|44324|205369
15605|35598|52091|206810|57164
29691|1299|3257|20473|47065|61574
139317|44324|32595|174|398843
48362|1299|174|210|47065|61574
31510|174|1299|6855|39904
1836|33891|216067|44244
28917|6939|1299|55410
513|29222|6939|49418|206134
28917|6939|1299|208893
57111|41327|13786|263047|268105
1299|198949|35676
34854|1299|174|21320|5408|50148
12307|29691|1299|198949|35676
971|174|12956|212721
205112|50629|50263|201814|209896
327960|174|3257|60068|206406|210557
49788|1299|17676|216211|44324|205369
20253|1299|3356|60011|34927|208690
8455|33891|44592|49581|209693
15605|6939|2852|204772
35008|1299|52320|7162|13878|52468|271150
3130|174|35598|52091|48158
3130|174|5459|200070
59689|29075|174|210329|215728
34927|56655|1299|174|216211|211575
1299|6939|2852|201648
51184|1764|174|210|47065|61574
7474|3257|174|60068|205884
6894|174|50509|51032|41344|39707
28917|6939|1299|48469
28917|6939|1299|52468|273127
36924|1299|3257|20473|47065|61574
35008|1299|3356|16735|2716
28917|6939|1299|23520|14813
35600|50263|21263|205844
209|3356|174|5538|8194|29345
3356|1299|10490|2722|12148|47065|61574
210312|4601|6939|28917|6789|200702
5713|174|140227|44324|205369
49432|48362|1299|174|210329|215728
139317|44324|32595|174|201902
56911|1299|22773|8119
50629|1680|20473|47065|61574
139317|44324|32595|174|201050
58308|6939|1299|62913
6424|6939|28370|263060
20253|1299|174|13786|263047|269488
42541|62255|52091|206810|196638|42702
15935|174|12956|212721
4601|50869|34019|34958
47147|3320|1299|8551|44709
34927|1299|8551|20473|47065|61574
34854|1299|6762|16735|2716
8283|6453|8551|44709
28917|6939|1299|199150
6830|174|52468|271150
35600|6939|24796
205206|33891|216067|44244
24482|33891|60068|211571
6730|6830|174|13786|263047|269680
28917|6939|263047
29222|6939|3170|43851
28917|6939|1299|273299
19653|30600|174|21700|399914
8426|6777|35598|52091|206810|12773|44884
6830|3356|29695|206557
18106|2914|1299|3920|206777
4601|50869|200242
15605|56911|174|210329|215728
34800|58057|50673|174|3356|60011|34927|208690
36924|1299|198949|35676
8426|3257|174|140227|44324|205369
4601|264409|61832|266460|61625
23367|1299|52320|7162|13878|52468|271150
12779|20764|43298|48678|210574
6830|3491|209810|207187|207198|206429
29691|1299|8551|44709
6730|6830|3356|28370|267556
58308|6939|28917|48610|57712
13237|1299|37468|270551|263047
34854|1299|7195|28260|270548|52794|52659
210937|1299|3920|206777
35426|215596|174|60068|205884
204092|6939|28917|35539
58308|35598|52091|206810
196621|9002|917|214598
48070|6939|28370|28657
6082|2914|6424|44592|49581|211507
132847|7474|7473|1299|198949|35676
34927|56655|1299|174|60068|205884
37239|37468|1299|6855|39904|202605
48919|174|210|47065|61574
52925|3356|1299|6855|39904|199604
12637|35598|25308|28917|9049|51017
2518|2914|12859|47065|61574
20514|1299|6855|39904|47767
4230|1299|8551|44709
14630|2914|6424|44592|49581|209693
58299|62255|52091|206810|214210
29222|6939|263047|269680
7713|174|210|47065|61574
3170|6939|24796|63293
50304|6461|62000|212815|52053
58308|6939|6424|208277
394256|174|7545|20473|47065|61574
28917|6939|62000|198825
58511|1299|6762|16735|273514
40994|174|60068|205884
48070|6939|28917|48084
36924|1299|3257|19318|209896
271253|174|35598|52091|206810
28917|6939|1299|20473|46407
49028|1299|7195|11432|271150|272738
58308|6939|1299|34927
47147|1299|6855|39904|47767
553|1299|201814|209896
29222|6939|48678|212598
6730|6830|32787|202161
12956|174|11432|271150|272738
39122|1299|6939|28370|263060
37739|3491|174|10490|2722|12148|47065|61574
50629|20764|52091|206810|35273
7018|3356|28370|267556
28917|6939|1299|3301|8464
6894|174|35598|52091|206810|214210
8220|1299|174|210329|215728
3257|174|8551|20473|47065|61574
44393|394256|174|37468|61568|266460|61625
51088|3257|33891|216067|44244
328206|37739|3491|174|210|47065|61574
6777|35598|52091|206810|24881|24697
136557|174|3356|28370|267608
2734|52320|7162|13878|52468|271150
6424|6939|2852|48091
12637|6939|2852|197277
327727|174|13786|263047|264972
398465|1299|8551|44709
139317|44324|32595|174|37468|61568|266460|61625
8283|20764|52091|206810|12773|211692|196629
205206|1299|3356|16735|2716
28917|6939|1299|7843|11426|26450
199524|1299|1680|20473|47065|61574
3130|174|1299|6855|39904|199604
7594|174|46427|64289|44592|49581|211507
28917|6939|1299|15830|3819
28917|6939|1299|6855|12344
210937|1299|3356|28370|28657
8660|1267|1299|6453|19318|201813
58308|6939|1299|23487
28917|6939|1299|44273
39122|1299|3356|28370|267608
215596|62000|6777|42541|207727
210937|1299|6762|49666|58224|214805
57111|41327|174|52468|271150
5511|174|11432|271150|272738
8298|25091|1299|3920|206777
204092|6939|50989|33837
51519|39351|1299|20473|47065|61574
58308|6939|12637
44324|32595|174|60239
4775|6453|1299|29695|206557
19653|30600|174|399697|39967|399697
28917|6939|1299|23520|6503|28469
327727|174|35598|52091|206810|56915
6830|1299|42303|51701|30893
58308|6939|1299|8796|967
58308|6939|1299|52468|272930
5713|8455|8283|47065|61574
24516|174|35598|52091
16552|1299|4230|2716
36924|1299|174|21320|5408|50148
139317|44324|32595|174|28929
50877|5405|28283|268744|2716
398465|174|13786|263047|269488
6939|6830|60068|216213|205884
136557|174|35598|52091|59815|25299
199938|6424|44592|49581|209693
28917|6939|1299|60068|197103|264846
39122|1299|3356|28370|28657
44324|32595|174|395506
29222|6939|30893|9423
139317|44324|32595|174|135377
35600|6939|28917|50923
35600|6939|28917|39134|39561|197695
42541|1299|12389|39089|202279|206810|52091|41039|48595
28917|6939|1299|263821
35008|1299|37468|60068|216213|205884
199524|174|21320|5408|50148
7018|6939|30893|200690
3491|1299|6855|39904|199604
12779|32787|202161
513|29222|6939|52927|267933
6424|6939|2852|197451
28917|6939|1299|13293|12346
29479|50304|1299|56630|209944
136557|174|34927|202827
28917|6939|1299|60068|197103|329324
137409|174|20473|47065|61574
28917|6939|1299|9829
34019|8551|44709
29222|6939|3170|215066
6830|3356|56630|209944
398465|3320|1299|17676|216211|44324|205369
20205|174|1916|47065|61574
6424|33891|60068|211571
202365|50673|174|60068|205884
41327|13335|5408
34927|56655|1299|198949|35676
28917|6939|1299|52468|273877
198385|174|140227|44324|205369
4230|174|399697|39967|399697
139317|44324|32595|174|28546
52075|6424|44592|49581|211507
263152|174|34927|202827
31510|174|1916|47065|61574
50300|174|52468|271150
6424|272713|263390|269273
47147|1299|174|22381|267470|263047|264389
48070|1299|3491|216211|211575
3320|1299|60068|211571
44324|32595|174|209847
6730|2603|21320|5408|47065|61574
8283|6453|19318|201813
6461|174|37468|61568|266460|61625
29222|6939|25400|3292|208202
58299|62255|52091|206810|196767
12859|35598|52091|206810|211692|31069
8220|1299|60068|197103|212080
28917|6939|6830|203446|214279
29222|6939|29208|209847
8218|6461|174|20473|47065|61574
47160|6939|25192|29067
57695|917|60068|28917|215730|209693
2497|1299|20473|201423
6830|6939|24796|63293
20253|1299|3356|28370|263060
34854|1299|3356|60011|34927|208690
20912|12637|1299|174|20473|47065|61574
40994|57463|41327|57264
35266|2914|174|5538|8194|29345
34927|1299|6461|210|47065|61574
49544|33891|60068|211571
34927|1299|3356|28370|267556
42541|2603|21320|5408|47065|61574
210312|4601|50869|56381|209844
7474|3257|1299|20473|47065|61574
28917|6939|1299|20473|48231
32590|1299|20473|399970
8283|3491|209810|207187|205044
35266|2914|174|140227|44324|205369
4764|1299|60068|211571
30600|1299|34927|202827
263152|264409|174|7311|835|394273
49544|3356|174|204548|215728
6730|6830|3257|19318|209896
12350|34177|174|210329|215728
15576|174|216211|211575
5405|49434|212815|52053
5408|47065|61574
29222|6939|25400|50270
215596|1299|3920|206777
42541|1299|6762|16735|273514
20055|1299|6855|39904|202605
22652|1299|12956|212721
6424|174|2914|20473|47065|61574
51873|6830|60068|216213|205884
263152|264409|174|1299|6855|39904|47767
28917|6939|1299|54696
42541|62255|52091|206810|210063
50304|1299|20473|201423
57381|50304|1299|201814|209896
210312|4601|6939|28917|50923
59105|2518|1299|20473|47065|61574
3320|1299|29695|206557
139317|44324|32595|174|6713|37190
28917|6939|1299|36352|399122
28917|6939|48678|207582
58308|6939|6830|23520|262191|274248
4601|50869|41051|205415
139317|44324|32595|174|20545
5405|6939|33924
29222|6939|47160|213873
29680|3257|1299|20473|47065|61574
35369|1764|174|11432|271150
4601|7195|20473|47065|61574
271253|1299|6855|39904|47767
6424|6939|16652
213151|34927|174|20473|47065|61574
6424|174|140227|44324|205369
57866|1299|20473|399970
28917|6939|1299|398106|44273
55720|3491|174|34927|202827
59919|12779|39801|199881
7018|3257|204548|215728
271253|174|210329|215728
58308|6939|50629|47277
12956|1299|25091|8298|4601|4492
513|29222|6939|50698
263237|174|2914|20473|201423
25369|174|11432|271150|272738
50877|5405|6939|24796
28917|6939|1299|33647
559|35598|52091|206810|211692|214268|197578
13237|1299|174|22381|267470|263047|264389
28917|6939|1299|61423
59890|174|201814|209896
28917|6939|1299|7545|133612
9268|4764|174|28283|268744|2716
139317|44324|32595|174|394584
29504|39392|174|1916|47065|61574
24482|2914|1299|8551|44709
216285|8280|6762|174|216211|211575
132825|174|6453|4755|7768
58308|6939|6830|60284
48070|6939|29222|513|21449
3701|3356|1299|20473|47065|61574
8298|8283|3491|209810|207187|204943
263152|174|21700|399914
553|6939|28917|48084
28917|6939|1299|46261|46978
12350|1299|3356|28370|269016
58308|6939|1299|31242
48185|1299|56504|47674
28917|6939|1299|23520|28545|28509
44324|32595|174|13977|401455
3399|12859|47065|61574
28917|6939|9120
39122|1299|12956|212721
50629|1299|3920|206777
8298|8283|3491|209810|207187|205345
28917|6939|3170|206924
29504|15935|174|3356|8119
45049|6696|1299|8943|200636
139317|44324|32595|174|20986
38136|50131|36236|174|34927|202827
58308|6939|47787|203020|208414
42541|1299|174|1916|47065|61574
1267|1299|174|210329|215728
58308|6939|1299|1759|51164|20574
58308|6939|1299|48620
58308|6939|8899|42652|213928
35600|6939|28370|267608
7594|174|210|47065|61574
35426|215596|1299|3356|28370|267556
44324|32595|174|273264
19151|174|14840|269288
328964|37468|174|20473|47065|61574
553|62255|52091|206810|211692|214268
47147|1299|174|1916|47065|61574
263152|174|1299|20473|47065|61574
16552|1299|3356|1680|44709
398465|1299|56504|47674
15605|35598|52091|206810|39089
3170|6939|28917|47759
28917|6939|1299|35847
21412|137409|62000|212815|52053
13830|971|174|5459|200070
29222|6939|48678|209737
6894|174|13786|263047|268105
210937|1299|6855|39904
47147|1299|3356|28370|53079
2500|2914|1299|35598|52091|206810
62167|174|12956|212721
139317|44324|32595|174|19382
4601|50869|215561
40994|6939|215172|214955
398465|174|13786|263047|269680
50304|1299|174|1916|47065|61574
3170|6939|196610|48927
12859|35598|52091|206810|196638
50131|36236|3257|1299|3920|206777
64475|6939|59970
50628|3356|174|20473|47065|61574
12779|62255|52091|206810|196638
1140|24785|6830|174|37468|61568|266460|61625
28917|6939|6830|60068|51191
132825|174|22381|267470|263047
58308|6939|5405|400731
50300|174|11432|271150
12779|35598|25308|28917|9049|51017
28917|6939|1299|14016|402062|402197
41327|2603|21320|5408|50148
1299|174|13786|263047|269488
28917|6939|1299|139341
28917|6939|1299|60068|197103|198517
58308|6939|33891|47147|197540
44324|32595|174|57974
28917|6939|3170|203363|212085
5405|62255|52091|206810|35273
3741|174|14840|269288
35008|1299|2914|226|47065|61574
215596|1299|3356|28370|268521
49028|1299|6939|28370|28657
29222|6939|199081
3170|6939|29222
12637|20764|202984|35598|25308|28917|204076
328964|23764|1299|34927|202827
198385|174|204548|215728
25369|1299|42303|51701|30893
20055|174|13786|263047|262578
55222|174|34927|202827
12637|1299|8551|20473|47065|61574
28917|6939|1299|52468|264841
44324|32595|174|395512
139317|44324|32595|174|53667|14956
34927|174|37468|61568|266460|61625
21412|1299|6762|267470|263047
28917|6939|1299|20473|211968
28917|20764|43298|48678|210574
20253|1299|7195|28260|270548|52794|52659
139317|44324|32595|174|40092
6424|6939|42695|43101
199524|1299|20473|399970
34019|9498|20473|47065|61574
58308|6939|1299|27947|13335
139317|44324|32595|174|53667
48362|1299|12389|39089|202279|206810|52091|41039|48595
6424|6939|2852|210367
28917|6939|1299|20473|153185|152922
32590|1299|201814|209896
198385|174|37468|270551|263047
28917|6939|1299|9299|20940
199938|1299|7545|20473|47065|61574
196621|9002|12555|48430
60326|34927|174|1916|47065|61574
47957|3356|1299|20473|201423
8220|1299|6762|267470|263047
30844|50263|62000|212815|52053
48362|1299|6453|29208
50629|20764|52091|206810|211692|214268|196977
5392|3356|174|20723|2852|202874
17350|6453|174|11432|271150|272738
28917|6939|47160|213095
207841|6939|28917|9110
2500|2914|1299|6855|50698
139317|44324|32595|174|27988|271949
31742|1299|3356|28370|28657
12779|8551|44709
215596|1299|56630|209944
6424|6939|28917|204623
3491|6461|6424|44592|49581|211507
60068|174|210|47065|61574
58308|6939|29208|20708
1140|24785|6830|3491|216211|211575
30058|53808|44324|215172|214955
57111|174|1916|47065|61574
12779|62255|52091|206810
34019|47160|174|22381|267470|263047|264389
58308|6939|28917|52191
12859|6939|54429|401894
8280|6762|174|20723|2852|202874
12637|1299|7195|11432|271150
196621|6939|2852|200874
8283|6939|28370|52593
28917|6939|39791|198002
59105|2518|1299|6855|39904
29222|6939|47160|210979
57111|41327|13786|263047|262813|265917
15935|174|3356|16735|2716
210312|4601|50869|34019|212783
35600|6939|28917|50009
41722|20764|174|12956|212721
44324|32595|174|395348
553|33891|60068|211571
40994|57463|41327|197650
15605|6762|174|11432|271150|272738
44324|32595|174|36671
4777|2516|6830|60068|211571
28917|6939|1299|60068|35487
28917|6939|1299|4226|401734
50877|5405|6939|2852|210367
57381|50304|1299|6453|4755|7768
139317|44324|32595|174|13462
29222|174|399697|39967|399697
44324|32595|174|30567
35600|6939|28917
39351|174|210329|215728
205206|1299|29695|206557
20514|1299|3257|204548|215728
7018|3356|21320|5408|47065|61574
52025|32097|28283|268744|2716
28917|6939|1299|3223|196763
21232|15576|35598|52091|206810|202279
57111|174|3257|20473|47065|61574
139317|44324|32595|174|204413
58308|35598|52091|206810|57164
513|174|140227|44324|205369
62167|174|6453|4755|7768
44324|32595|174|206310
41327|6461|32787|202161
15605|6939|50989|33837
4601|50869|56381
29222|6939|33924
49788|174|216211|211575
4764|1299|16164|36032
209650|34927|1299|6453|4755|7768
47147|9002|1299|8551|20473|47065|61574
3701|3356|1299|6855|39904
37662|174|3356|16735|2716
41666|20764|52091|206810|5598
3320|1299|20473|47065|61574
4601|6939|28917|43714
7594|174|35598|52091|206810|5598
39122|174|399697|39967|399697
3701|3356|1299|6855|39904|47767
202365|50673|174|140227|44324|205369
3214|6453|174|22381|267470|263047|264389
28917|6939|1299|20473|62311
8660|1267|1299|8551|44709
49028|1299|7545|20473|47065|61574
3130|174|21320|5408|50148
680|1299|6855|39904|47767
8283|20764|52091|59815
207841|6939|25192|20701
58308|6939|28370|269016
40994|57463|41327|206182
199524|174|52468|271150
29691|1299|3356|8119
12779|12389|39089|202279|206810|52091|41039|48595
24785|6830|3356|60011|34927|208690
328840|327727|174|35598|52091|206810|202497
28917|6939|6830|23520|263703|269901
12350|1299|6453|1031|61568|266460|61625
5413|1299|60068|216213|205884
28917|6939|25192
202365|50673|174|60068|216213|205884
137409|174|60068|205884
6894|3257|1299|20473|201423
11845|37468|1299|8551|44709
28917|6939|1299|53334
52873|12956|174|399697|39967|399697
28917|6939|1299|52468|271882
1140|24785|1299|20473|47065|61574
58308|6939|7018|28469
15605|35598|52091|206810|57460
32590|1299|3356|28370|269016
7018|174|210329|215728
60068|174|5538|8194|29345
44324|32595|174|12709
47692|3356|1299|6855|39904|199604
207841|6939|28917|39134|39561|197695
47147|1299|6939|30893|13214|35634
58308|6939|9136|207943
8888|137409|174|60068|216213|205884
210312|4601|50869|60900
3214|1299|60068|197103|212080
55720|2914|174|37468|61568|266460|61625
14315|6453|6461|6424|44592|49581|209693
58308|6939|1299|25122
32590|4637|3257|5405|8943|200636
3170|25091|8298|4601|4492
35280|6453|1299|20473|47065|61574
58308|6939|1299|208905|212616
196621|6939|28917|25386
13030|1299|7195|11432|271150
58308|6939|1299|36352|399275
51519|39351|174|13786|263047|266089
3491|1299|20473|399970
25220|1299|21351|60132
7018|6939|60432
8283|12956|10429|22381|267470|263047|264389
3320|1299|37468|53062|266493|61625
151326|174|35598|52091|206810|196638
6424|6939|28917|6789|201069|207979
58308|6939|1299|44239
6424|30844|21351|60132
45352|174|37468|61568|266460|61625
6730|6830|174|35598|52091|206810
8220|3491|174|14840|269288
58308|6939|1299|199524|62553|205941
29169|174|52468|271150
44324|32595|174|27951|274100
8283|6453|29208
202365|50673|174|3257|204548|215728
20965|5408|47065|61574
205206|1299|3356|28370|263535
4181|1299|174|140227|44324|205369
202365|50673|174|210329|215728
44324|32595|174|208905
15935|33891|216067|44244
28917|6939|1299|60068|197103|328159
6424|52898|263047|268105
29222|6939|553|204680|208854
29222|6939|50533|205321
28917|6939|1299|208905|198256
12637|6939|2852|61110
47147|1299|174|13786|263047|269680
58308|6939|1299|48132
210312|4601|6939|28917|21453|48149
41722|12389|1299|20473|201423
58299|16276|203019
1299|6939|2852
29222|6939|29208|210631
28917|20764|52091|206810|48595
12859|1299|16164|36032
29222|6939|7018|7287
20912|174|204548|215728
6424|174|56630|209944
1299|6939|28370|264426
328840|327727|174|28189|266931|271615|273522|271150
28917|6939|1299|23520|262191|264653
46450|1299|20473|47065|61574
1299|3257|21700|399914
2152|3356|1299|6855|39904
3214|1299|2914|226|47065|61574
21412|1299|7545|20473|47065|61574
41327|44592|49581|209693
199938|1299|3356|28370|269016
209650|34927|1299|8551|44709
41327|6461|17378|8119
132847|7474|137409|62000|212815|52025|212895|210320
148968|1299|23764|35168|212999
58308|6939|32097|11867
553|1299|6453|19318|209896
32590|37100|1299|201814|209896
8283|6939|15372|203592
204092|34019|2603|21320|5408|50148
35369|1764|174|60068|205884
24961|1299|3920|206777
20205|174|52468|271150
42473|1299|6453|1031|61568|266460|61625
47147|3320|1299|1680|20473|47065|61574
215596|174|13786|263047|271068
1836|5511|174|37468|61568|266460|61625
327727|174|13786|263047
42473|1299|3491|216211|211575
64475|6939|24796|63293
3356|174|204548|215728
4601|50869|6939|2852|210498
13830|971|174|204548|215728
20514|1299|6204|44592|49581|209693
2027|47160|6939|28370|28657
50877|5405|6939|28370
139317|44324|32595|174|17072|272286
12859|6461|210|47065|61574
6830|1299|21351|60132
3130|174|7311|835|394273
36924|1299|3223|34224|12735
398465|7922|1299|3920|206777
57111|41327|7195|28189|266931|269250|271150
12637|1299|7195|11432|271150|272738
49028|1299|174|216211|211575
39122|1299|6939|196610|48927
8283|2914|13786|263047|264982
6830|6939|200070
12186|1299|22773|8119
553|1299|20473|201423
17639|174|35598|52091|206810
28917|6939|1299|51057
28624|3356|1299|6855|39904
35369|1764|174|5538|8194|29345
52873|12956|1299|6855|39904|202605
45049|6696|1299|56504|47674
8283|3491|209810|207187|201265
58308|6939|6830|23520|54082|263725|271981
28917|6939|40994|212085
139317|44324|32595|174|50881
139317|44324|32595|174|212551
44393|394256|174|3257|20473|47065|61574
53828|2914|174|60068|205884
139317|44324|32595|174|44166
44393|394256|174|37468|53062|266493|61625
28917|20764|52091|206810|8274
58308|6939|6830|23520|27717|274255
204092|6939|28917|48084|199961
34177|174|60068|205884
45049|6696|1299|8551|44709
15935|174|210329|215728
48185|1299|6453|4755|7768
41327|264409|61832|266460|61625
41327|6939|2852|197277
40994|57463|41327|200497
8529|1299|6855|39904|47767
50877|5405|3216|51032|41344|39707
7713|174|46427|64289|44592|49581|209693
29222|6939|40994|204136
196621|15576|174|11432|271150|272738
20514|1299|174|14840|269288
17350|3356|9002|62000|212815|52053
29222|13335|5408
44324|7720|10111|1299|8551|44709
210312|4601|50869|58299|206478
6424|174|216211|211575
28917|6939|1299|208905|199393
59105|2518|1299|3920|206777
44324|32595|174|401847
20612|9044|1299|174|210329|215728
196621|9002|46427|64289|44592|49581|211507
50628|1299|20473|201423
553|1299|3356|28370|263535|268030
49432|48362|1299|60068|211571
2516|174|210|47065|61574
174|13786|263047|269680
1140|24785|6830|3356|28370|268198
56987|1299|6855|39904|47767
58308|6939|200070
34854|1299|33891|216067|44244
4601|9002|46427|64289|44592|49581|211507
44324|32595|174|13190
3320|1299|29695|206557|205190
28917|6939|1299|21559|271945|269931|272015
20912|12637|1299|60068|216213|205884
12637|1299|10490|2722|12148|47065|61574
28917|6939|1299|23520|272012
25091|5511|174|5538|8194|29345
6730|6830|33891|216067|44244
151326|174|35598|52091|206810|39558
50673|174|1916|47065|61574
12779|62255|52091|44660
20205|1299|917|214598
24785|1299|20473|201423
15576|174|60068|205884
28917|6939|1299|20473|150805
28917|6939|1299|11179
553|6939|2852|197451
1764|174|5538|8194|29345
58057|174|35598|52091|206810|48687
58299|62255|52091|206810|34786
139317|44324|32595|174|396949
37721|1299|3920|206777
37497|1299|6855|39904|202605
20055|1299|42303|51701|30893
207841|7195|20473|47065|61574
559|35598|52091|206810|202279
207841|57463|22356|52468|271150
47147|1299|6204|44592|49581|209693
4601|8298|8283|3491|216211|211575
28917|6939|1299|4213|46378
22652|1299|3356|28370|263535
6696|1299|56630|209944
139317|44324|32595|174|62902
20912|12637|34927|202827
29222|6939|42184|196932
198385|15576|3356|21320|5408|47065|61574
50877|5405|6939|30893|200690
48070|61049|174|3356|28370|28657
41327|7195|28189|266931|269250|271150
50304|1299|174|37468|61568|266460|61625
210312|4601|6939|28917|48084|59833
28917|6939|1299|16509|14490
58308|35598|52091|206810|214721
58299|20764|52091|206810|196638
7713|174|3356|8772|215536
28917|6939|6830|23520|64126|265721|271942|273121
49788|1299|34927|202827
40994|6939|59689
28917|6939|25400|15765
58308|6939|1299|52468|27814|13335
3491|174|60068|211571
3130|174|35598|52091|206810|214210
132337|174|60068|205884
57695|917|60068|174|20473|47065|61574
198249|13030|1299|198949|35676
210312|4601|50869|59645|211286
64475|3320|1299|20473|47065|61574
6830|2914|13786|263047|268105
31510|174|2914|20473|47065|61574
8220|1299|12956|212721
7713|174|3356|9002|8772|396416
196621|6939|2852|212876
207841|6939|28917|48084|35816
48070|1299|3356|28370|28657
19653|30600|1299|3920|206777
34019|37271|20473|47065|61574
6424|16735|2716
207841|6939|29222|41495
12637|35598|52091|206810|202279
213151|137409|62000|212815|52053
35426|215596|62000|6777|42541|205235|208327
58299|37468|53062|266493|61625
20253|1299|56504|47674
513|29222|6939|7794
37497|3491|2914|12859|47065|61574
14907|1299|8551|44709
917|60068|33891|44592|49581|209693
6894|174|13786|263047|267961
12859|6939|28370|28657
139317|44324|32595|174|399646|55223
174|35598|52091|206810|57164
30600|174|210329|215728
8426|6777|35598|52091|206810|48595
14907|1299|3257|204548|215728
35600|6939|29222|41495
8220|3491|1299|198949|35676
4601|50869|6939|50989|205966
132825|174|6461|394737
9268|4764|174|16276|203019
2497|174|204548|215728
12779|6939|2852|197451
52320|1299|20473|201423
12969|1299|3356|28370|53079
3491|174|34927|202827
56987|1299|3223|34224|12735
56655|1299|6453|60068|216213|205884
58299|62255|52091|206810
132825|174|35598|52091|206810|208435
3214|28917|215730|209693
15935|174|3257|60068|206406|210557
271253|6453|174|60068|216213|205884
1299|59692|12555
29479|50304|1299|6855|50698
34927|56655|1299|3223|41327
29075|174|204548|215728
199938|1299|174|22381|267470|263047|264389
5405|6939|16652
6830|44530|41327|213013
47160|174|60068|205884
50131|36236|2914|12859|47065|61574
28917|6939|1299|20473|136535
41327|6939|60432
22652|1299|3356|28370|267556
64475|62255|52091|206810|211692|214268|196977
44324|32595|174|7195|272872
4601|50869|6939|2852|201648
8966|21320|5408|47065|61574
28917|6939|1299|25400|49082|204224
398465|174|210|47065|61574
44393|394256|174|52468|262393
58308|6939|6830|23520|6503|28469
7594|137409|62000|212815|52025|212895|210320
139317|44324|32595|174|9146
58308|6939|29208|196653
6424|6939|30893|199580
44324|22356|52468|271150
48070|6939|29222
6777|35598|52091|206810|35273
59891|13030|1299|6453|29208
328840|327727|174|35598|52091|206810|214721
58308|6939|6830|23520|272935|267846|273861
2518|1299|3920|206777
47160|6939|28370|269016
12779|6939|28370|52593
58308|6939|6830|23520|11139|14694
49028|1299|10490|2722|12148|47065|61574
1140|24785|6830|174|20473|47065|61574
58308|6939|6830|23520|27665
44324|32595|174|15695
3130|174|13786|263047|262813
204092|34019|32787|202161
327727|174|35598|52091|206810|214721|204108
2497|174|399697|39967|399697
29169|174|399697|39967|399697
3130|174|8551|20473|47065|61574
1140|24785|1299|8551|20473|47065|61574
40994|57463|41327|15605
33891|8551|44709
37053|37100|174|216211|211575
58308|6939|12735|201978|208425
6696|1299|3257|20473|47065|61574
50877|5405|6461|210|47065|61574
6762|1299|198949|35676
7018|174|60068|205884
293|2914|6424|44592|49581|209693
42473|1299|3223|34224|12735
50304|1299|21351|60132
971|174|201814|209896
29222|6939|28370|269016
35280|2914|6424|44592|49581|211507
210312|4601|50869|6939|2852|204772
58308|6939|1299|63473|58057
12779|44592|49581|211507
29222|6939|7018|400072
29222|6939|263047|271068
29222|6939|28917|25386
44324|32595|174|50881
53828|2914|174|37468|61568|266460|61625
5511|174|52468|271150
28917|6939|1299|14080
58308|6939|5405|206583
28917|6939|7018|16816
59105|2518|1299|6855|39904|47767
28917|6939|1299|39208
28917|6939|1299|29802
6830|6939|50989
559|35598|52091|206810|197643
327727|174|204548|215728
58299|62255|52091|206810|59815
55222|174|56630|209944
41722|12389|1299|20473|399970
25160|1299|8551|44709
5413|1299|37468|60068|216213|205884
11039|6461|1299|201814|209896
215596|1299|3356|28370|263963
48070|6939|28917|20985
204092|6939|28370|267608
4601|50869|6939|2852|197277
42541|1299|201814|209896
327983|37497|3491|174|37468|61568|266460|61625
205206|33891|16164|36032
263152|174|3356|60011|34927|208690
327804|37271|174|140227|44324|205369
34927|60011|3356|174|1916|47065|61574
1299|6939|2852|210498
35008|1299|8551|20473|47065|61574
1299|6939|2852|197277
6830|174|10490|2722|12148|47065|61574
29691|1299|3223|41327
13237|1299|201814|209896
6730|6830|3356|53062|266493|61625
56911|174|210329|215728
40994|3257|33891|216067|44244
44324|32595|174|6405
49028|1299|60068|197103|212080
38001|3491|174|5538|8194|29345
8298|8283|3491|209810|207187|206420
19653|30600|174|52468|271150
1299|3920|206777
28917|6939|1299|43893
49788|174|13786|263047
28917|6939|1299|25773
34927|52025|174|22381|267470|263047|264389
7594|174|34927|202827
34019|6939|15372|203592
28917|8359|57304|41720|58180
196621|6939|207995
34927|1299|2914|226|47065|61574
49788|1299|6453|19318|209896
34177|3356|1299|198949|35676
58057|174|13786|263047|269488
32590|1299|21351|60132
398465|1299|6453|29208
58308|6939|7018|2386
139317|44324|32595|174|20278
64475|6939|2852
2914|1299|60068|216213|205884
40994|6939|28917|48084|59833
17350|6453|174|60068|205884
15605|41327|19318|201813
50877|137409|62000|212815|52053
327727|174|56630|209944
7713|1299|8551|44709
50300|33891|60068|211571
36924|1299|12389|39089|202279|206810|52091|41039|48595
59891|13030|1299|8551|44709
48070|6939|39790
15935|174|37468|53062|266493|61625
199524|47311|150249|212001|199376
139317|44324|32595|174|31775
57866|1299|42303|51701|30893
3214|1299|174|1916|47065|61574
35280|1299|35598|52091|206810
48070|6939|33924
8758|9002|1299|8551|20473|47065|61574
327727|174|1299|6855|39904|47767
34927|1299|3257|60068|206406|210557
17350|2914|30058|216211|44324|215172|214955
6461|174|11432|271150|272738
28917|6939|6424|134450
3320|1299|10490|2722|12148|47065|61574
12637|6939|28917|6789|201069|207979
6461|174|11432|271150
58308|6939|50629|207252|216079
6894|174|13786|263047|266089|52793
14907|1299|6461|394737
8455|6424|44592|49581|209693
28917|6939|1299|20473|148971
210312|4601|50869|52112
553|6939|30893|205563
1140|24785|6830|2914|226|47065|61574
199524|174|20473|47065|61574
3257|1299|198949|35676
9002|3356|174|5538|8194|29345
58308|6939|1299|9584
139317|44324|32595|174|36027
6830|3356|3223|41327
210312|4601|50869|34019|209523
8298|8283|2914|20473|47065|61574
49788|1299|8551|44709
266213|3356|174|20723|2852|202874
21232|13030|1299|6453|4755|7768
31510|174|7545|20473|47065|61574
3491|1299|20473|201423
28917|6939|1299|20115|20001
13830|971|174|35598|52091
58057|174|204548|215728
64475|6939|29222|41495|206202
8218|33891|216067|44244
58308|6939|3170|211956
28917|6939|1299|30600
58308|6939|1299|3249|43937
23367|1299|20473|47065|61574
7594|174|399697|39967|399697
36924|1299|3356|28370|269016
1299|37468|52468|262393
1299|3356|8119
136557|174|35598|52091
2914|1299|20473|47065|61574
44324|12859|47065|61574
6696|1299|6461|394737
57111|174|1299|25091|8298|4601|4492
6762|2914|12859|47065|61574
8220|3491|2914|6424|44592|49581|209693
52075|33891|216067|44244
205206|1299|3257|204548|215728
12859|1299|3356|28370
2152|3356|1299|22773|8119
12552|33891|44592|49581|209693
6424|6939|59689
30844|6424|44592|49581|211507
28917|6939|6830|23520|272401
58308|6939|1299|20326
28917|6939|1299|15557|204426
41666|20764|52091|206810|12773
28917|6939|1299|3301|199215
58299|7195|28189|266931|269250|271150
4777|2497|1299|20473|201423
4601|50869|6939|196610|48927
12307|29691|1299|20473|47065|61574
559|7195|20473|47065|61574
139317|44324|32595|174|398343|400509
29504|39392|174|21700|399914
30781|1299|6855|39904
29222|6939|2852|201648
4601|6939|28917|47914
34800|58057|50673|174|20723|2852|202874
59414|6830|3257|204548|215728
6830|174|35598|52091|206810
34927|1299|3920|206777
328840|327727|174|13786|263047|268105
328840|327727|174|28189|266931|269250|271150
3170|6461|394737
44324|32595|174|56501
1853|9002|62000|212815|52053
12779|6939|28370|269016
28917|6939|1299|43927
51873|24889|13030|21320|5408|47065|61574
6696|5511|174|11432|271150|272738
398465|174|8551|20473|47065|61574
28917|6939|200712
28917|6939|1299|18734|16960
210312|4601|9498|20473|47065|61574
34019|266493|61625
61218|29632|8455|8283|47065|61574
42473|6424|44592|49581|209693
207841|6939|28917|24651
42541|1680|44709
3130|174|3356|60011|34927|208690
28917|6939|28370|270962
42541|37271|20473|47065|61574
328840|327727|174|22381|267470|263047
29222|6939|207767
30781|1299|10490|2722|12148|47065|61574
42473|1299|2914|226|47065|61574
58057|50673|174|22381|267470|263047|264389
210937|1299|198949|35676
2734|264409|61832|266460|61625
3130|174|22381|269144|268424|264524|266448|268624|268874
16552|3257|174|216211|211575
31510|174|5511|49666|58224|214805
47147|1299|3356|28370|268521
5405|6939|28370
210312|4601|50869|41051|213286
35426|215596|1299|6762|267470|263047
3170|6939|2852
971|174|1299|6855|39904
132337|1299|3257|20473|47065|61574
140627|1299|8551|44709
148968|1299|5511|49666|58224|214805
3170|6939|28917|21453
12859|1299|3356|28370|263060
205112|50629|6461|210|47065|61574
34854|1299|198949|35676
174|35598|25308|28917|9049|51017
29222|6939|268944|271441
139317|44324|32595|174|265609
44324|32595|174|17497
48070|6939|2852|199711
28917|41095|55685|1299|7713|141630
20205|1299|29695|206557
20514|1299|8551|44709
553|62255|52091|206810|34786|41875
57777|8298|25091|1299|3223|34224|12735
34177|3356|1299|6855|39904|47767
199524|1299|33891|216067|44244
44324|32595|174|28546
12779|62255|52091|206810|56915
3130|174|52468|271150
45352|137409|62000|212815|52053
19151|174|20473|47065|61574
8283|6762|60068|205884
2516|1299|29695|206557|205190
28917|6939|1299|19009|26889
12779|6939|50989|33837
28917|6939|1299|18734|265605
49788|1299|16276|203019
37271|174|20723|2852|202874
20514|1299|60068|211571
58308|6939|5405|213162
53828|3257|1299|20473|47065|61574
205206|1299|20473|399970
28917|6939|2852|197451
58308|6939|1299|20473|211158
971|174|6453|4755|7768
28917|6939|1299|23520|52468|273102
12637|35598|52091|206810|211692|31069
28917|6939|200462|215163
57866|1299|35598|52091|206810
4601|6939|28917|39134
15605|20764|43298|48678|213865
148968|1299|3257|204548|215728
2497|1299|42303|51701|30893
6424|6939|28917|12668|197404
139317|44324|32595|174|11172|273278
50629|20764|52091|206810|214721
45049|6696|1299|16164|36032
28917|6939|1299|20473|401466
1273|174|216211|211575
28917|49581|211507
266213|3356|6461|6424|44592|49581|209693
199524|174|60068|205884
45049|6696|5511|174|37468|61568|266460|61625
6424|37517|1299|174|37649
9044|1299|3223|41327
38136|50131|174|21320|5408|47065|61574
204092|6939|28917|47914
9900|23764|3356|174|10490|2722|12148|47065|61574
327960|174|28189|266931|269250|271150
15576|35598|52091|44660
4601|50869|6939|28370|270962
29140|6424|44592|49581|209693
16552|3257|174|1916|47065|61574
139317|44324|32595|174|21826|273155
139317|44324|32595|174|213966
12779|6939|42695|52011
12859|35598|52091|44660
64475|62255|52091|206810|12773|213694
51873|6830|174|52468|271150
206356|50629|37468|53062|266493|61625
971|174|60068|211571
58308|6939|1299|14080|264718
14537|3356|1299|198949|35676
559|6939|25192
210312|4601|50869|58299|209898|199553|211894
262427|174|3491|20473|399970
29222|6939|28370|268198
58308|6939|9136|211479
58299|8551|44709
198249|9002|34927|202827
28917|6939|1299|23520|52286|264764
328840|327727|174|28283|268744|2716
8283|6453|60068|197103|212080
28917|6939|1299|141039
135895|137409|33891|60068|211571
196621|6939|2852
34019|6939|28370|263535
41327|31133|51032|41344|39707
28917|6939|1299|25899
58308|6939|268624|262594|269677
196621|15576|56630|209944
12956|1299|56630|209944
19151|2914|1299|6855|39904
38880|6762|174|21320|5408|47065|61574
559|35598|52091|206810|34786|34789|34786
42473|1299|6939|28370|268198
28917|6939|24796
28917|6939|1299|39572
59919|12779|174|52468|271150
1828|1299|60068|216213|205884
12637|6939|2852|200874
58308|59689|29075|12859|47065|61574
7018|3356|13786|263047|269488
50628|1299|3223|34224|12735
48070|6939|28917|8491
31122|174|60068|205884
6424|6939|28917|198297
28917|6939|1299|54994|140591
207841|6939|60432
58057|50673|174|7195|20473|47065|61574
29691|1299|20473|47065|61574
28917|6939|1299|5617|62321
20205|1299|8551|44709
7500|2497|174|52468|271150
58308|6939|1299|3223|58744
58308|6939|7018|22617
12637|32787|202161
32590|12956|2914|12859|47065|61574
35280|2914|12859|47065|61574
6830|6939|2852|197451
58308|6939|1299|396253
35280|6453|174|21700|399914
35600|6939|28917|206011
7474|3257|174|5538|8194|29345
199524|1299|29695|206557|204503
39351|1299|17676|216211|44324|205369
204092|6939|28370|270962
44324|32595|174|30919
49028|1299|56504|47674
210312|4601|50869|215828
19653|30600|1299|6855|39904|47767
29222|6939|7018|397799
29222|6939|7018|399611
58308|6939|7018|25687
44324|32595|174|401780
31122|174|13786|263047|271068
207841|6939|25192
213151|41051|58299|61568|266460|61625
16552|1299|6461|210|47065|61574
135895|6939|1299|20473|399970
25091|1299|20473|47065|61574
23367|1299|42303|51701|30893
58308|6939|1299|43893
12969|1299|3356|16735|2716
28917|8359|12389|41556|31133|1299|47447|202656
34927|60011|3356|1299|201814|209896
7018|6939|28370|267608
5405|62255|52091|206810|24881
553|7195|11432|271150
36924|1299|20473|399970
327782|37100|1299|20473|47065|61574
58308|6939|1299|39869|59491
31742|1299|3356|28370|268521
28917|6939|1299|6503|6621|265515
7018|6939|30893|13214
28917|6939|1299|20473|60601
50877|5405|6939|25192|29067
15605|20473|30893
31742|1299|3257|19318|201813
148968|1299|3223|34224|12735
216285|8280|6762|174|60068|216213|205884
139317|44324|32595|174|9457
29222|6939|56595|202590
7660|2516|1299|917|214598
44324|32595|174|19237
206356|50629|174|1916|47065|61574
199524|1299|2914|226|47065|61574
262427|174|12389|39089|202279|206810|52091|41039|48595
1280|1299|3356|8772|215536
28917|14840|269288
51519|39351|174|13786|263047|264972
139317|44324|32595|174|32505
20514|1299|7195|28189|266931|269250|271150
36924|1299|174|1916|47065|61574
12859|6939|42695
553|1299|7545|20473|47065|61574
49028|1299|3356|28370|263535|268030
29222|6939|47674
37739|3491|1299|6424|44592|49581|211507
8220|1299|3356|28370|53079
1403|577|1299|12956|212721
58308|6939|1299|200107
139317|44324|32595|174|272406
12859|35598|52091|206810|202279
559|35598|52091|48158
139317|44324|32595|174|984
58308|6939|1299|42473
38136|50131|174|7195|20473|47065|61574
36924|1299|6204|44592|49581|209693
58299|62255|52091|206810|211692|214268|197578
6057|174|399697|39967|399697
6424|174|216211|44324|205369
58511|3257|174|5538|8194|29345
23367|1299|6855|39904|202605
139317|44324|32595|174|11029
23473|174|37468|61568|266460|61625
44324|32595|174|56718
41095|6830|60068|211571
49605|6762|174|20723|2852|202874
42473|1299|20473|47065|61574
34854|1299|6762|16735|273514
58299|62255|52091|206810|56915
24785|6830|174|13786|263047|267961
60068|1299|3920|206777
12859|35598|52091|206810|34786|34789|34786
15547|3303|174|20473|47065|61574
2497|1299|8551|44709
264479|7195|1299|12389|39089|202279|206810|52091|41039|48595
6667|1299|25091|8298|4601|4492
21700|174|140227|44324|205369
28917|6939|207767
205206|1299|56504|47674
215596|62000|6777|42541|205235|208327
34854|1299|12859|47065|61574
58308|6939|50629|215236
12637|35598|52091|206810|12773|44884
34019|6939|28370
6762|174|210|47065|61574
210937|6830|2914|20473|47065|61574
19151|174|6453|4755|7768
6730|6830|6453|4755|7768
20205|174|3257|9498|20473|47065|61574
28917|6939|1299|20473|400817
6908|174|8551|20473|47065|61574
49028|1299|20473|30893
29222|6939|62000|198831|207466
1273|174|60068|216213|205884
20253|1299|6424|44592|49581|209693
6830|3257|22773|8119
20205|1299|7195|28260|270548|52794|52659
20912|12637|57463|22356|52468|271150
62167|3356|1299|198949|35676
38001|3491|174|11432|271150
4601|50869|52025|208915
3257|174|5538|8194|29345
28917|6939|1299|23520|263785
6057|174|50509|51032|41344|39707
42541|7195|28343|2716
6082|137409|62000|212815|52025|212895|210320
28917|56630|209944
39122|1299|6939|28370|267608
64475|6939|25192|29067
28917|6939|7018|62907
210937|1299|12859|47065|61574
28917|6939|7018|22241
45049|6696|1299|3356|8772|215536
1140|24785|6830|3356|28370|267556
35710|3320|1299|52320|7162|13878|52468|271150
29222|6939|6424|46516
271253|1299|3223|41327
13237|1299|3356|28370|53079
28917|6939|2852|200874
28917|6939|1299|20473|30514
51873|6830|6762|16735|273514
7018|174|32595|44324
1299|7195|28343|2716
28917|6939|1299|20473|61126
4775|6453|174|399697|39967|399697
263237|174|6453|19318|209896
210312|4601|50869|34019|35600|56648
8283|49581|211507
3399|33891|216067|44244
19653|30600|174|210|47065|61574
28917|6939|1299|23520|52471
19151|174|35598|52091|206810
8426|6777|35598|52091|206810|39558
206499|34549|1299|8551|44709
34927|56655|1299|8551|44709
56655|1299|174|21700|399914
20205|1299|25091|8298|4601|4492
29680|3257|1299|3920|206777
31742|1299|8551|44709
56655|1299|3223|41327
3170|174|20473|47065|61574
50629|50263|201814|209896
28917|6939|1299|12025|402106
50629|37468|53062|266493|61625
397131|60011|3356|174|20473|47065|61574
28917|8359|57304|203786
49605|6762|1299|6855|39904|202605
28917|6939|1299|20115|33588
553|62255|52091|206810|59815|25299
12637|20473|47065|61574
328840|327727|174|35598|52091|206810|211692|214268|197578
44324|32595|174|205583
12637|35598|52091|206810|59867
44324|32595|174|57961|205140|14789
39122|1299|2914|226|47065|61574
60171|174|52468|271150
15605|6939|50989|50683
3130|174|20723|2852|202874
328840|327727|174|6453|29208
28917|8529|328250|174|30990|37371
12637|6939|33924
28917|6939|32097|64236
196621|6939|28917|50009
204092|6939|28917|43886
35598|174|56630|209944
28917|20764|52091|206810|24881
22652|1299|6453|29208
28917|6939|48678|212598
210937|1299|6855|39904|47767
553|6939|29222|41495
59105|2518|33891|44592|49581|209693
4608|137409|62000|212815|52053
58308|6939|1299|20473|213891
12389|1299|20473|47065|61574
58057|50673|8283|47065|61574
5405|6939|42695|43101
39122|174|13786|263047|267961
559|20764|43298|48678|213865
35280|3356|21320|5408|47065|61574
327960|174|22381|267470|263047|264389
327727|174|35598|52091|206810|202497
6830|174|13786|263047|269680
28917|6939|1299|6855|208414
215596|1299|8551|44709
28624|3356|1299|6855|39904|199604
42473|1299|5511|60068|206406|210557
34927|174|2914|20473|47065|61574
28917|6939|1299|52468|272936
4601|50869|6939|54429|401894
196621|8758|6461|62000|212815|52053
28917|6939|1299|29551|35042
202032|57463|22356|52468|271150
58308|6939|553|212522|13335
28917|6939|1299|6696|25181
29222|6939|51826
8283|6939|58308
14537|52925|3356|1299|198949|35676
12637|35598|52091|206810|57460
28917|6939|1299|262206|18809|13335
58308|59689|30781|5511|174|37468|61568|266460|61625
19653|30600|1299|20473|47065|61574
2734|9304|136897|174|3491|137969|132824
3130|174|1299|6855|39904
34927|1299|3356|28370|267608
6730|6830|2914|20473|47065|61574
12859|35598|52091|206810|12773|57005
174|28189|266931|271615|273522|271150
44324|32595|174|398343
22652|174|3356|16735|2716
28917|6939|1299|20473|199925
59414|6830|174|204548|215728
28917|6939|1299|60068|200325
139317|44324|32595|174|22115
199524|1299|60068|197103|212080
28917|6939|1299|2589
21412|1299|3257|204548|215728
15692|2914|137409|62000|212815|52053
34019|6939|2852|210367
31742|1299|60068|216213|205884
8283|20764|52091|206810|214721|204108
28917|6939|1299|209847
204092|6939|59970
23673|137409|62000|212815|52053
2914|1299|6939|24796|63293
5405|6939|2852|48091
34927|1299|1680|20473|47065|61574
139317|44324|32595|174|6621|265705
139317|44324|32595|174|42313|212766
327960|174|204548|215728
47160|6939|28370|28657
44324|32595|174|46789
28917|6939|1299|201216
13830|971|174|35598|52091|206810|59815|25299
199524|1299|3356|28370|263060
6908|174|6453|29208
48185|1299|60068|197103|212080
28917|6939|1299|7250
215596|1299|3257|19318|209896
13830|971|174|6461|394737
58308|6939|1299|12189|400672
28917|6939|1299|264788
5413|6461|6424|44592|49581|211507
398465|7922|2914|6424|44592|49581|211507
34019|6939|30893|205563
47147|1299|3356|28370|28657
58308|6939|1299|212582
28917|6939|3170|212806
20205|174|210|47065|61574
20612|9044|174|11432|271150
2497|174|60068|216213|205884
209|3356|1299|22773|8119
6830|6453|8551|44709
50629|174|20473|47065|61574
6424|13786|263047|264972
17639|174|140227|44324|205369
20932|174|1916|47065|61574
1273|174|52468|271150
6730|6830|3356|28370|28657
264409|174|1299|8551|44709
8283|6939|196610|48927
58299|174|60068|205884
58308|6939|30893|13214|35634
215596|174|11432|271150|272738
12859|264409|61832|266460|61625
29504|15935|174|35598|52091|206810|214721
210312|4601|50869|213768|204768
64475|6939|33924
210312|4601|50869|6939|2852|210367
513|29222|6939|61618|267216
1299|29695|206557|205190
210312|4601|50869|215828|215849
4775|1273|174|11432|271150|272738
5405|1299|198949|35676
37100|6762|174|37468|61568|266460|61625
6830|174|1916|47065|61574
58308|6939|1299|199524
205206|1299|7195|11432|271150
34927|56655|1299|60068|216213|205884
139317|44324|209022|52025
215596|174|52468|262393
58308|6939|6830|23520|272935
58057|1836|6424|44592|49581|209693
22652|1299|3356|28370|263535|268030
44324|32595|174|1916|47065|61574
32590|1299|6855|39904
3356|1299|20473|201423
28917|6939|62000|208226|205563
34549|1299|12859|47065|61574
7594|174|8551|20473|47065|61574
6894|174|8551|20473|47065|61574
6423|20055|174|13786|263047|271068
3130|174|21320|5408|47065|61574
51519|39351|1299|6855|39904|205968
199524|1299|3216|51032|41344|39707
8220|1299|34927|202827
29222|6939|553|5501
33891|262999|272466
35625|3257|174|20473|47065|61574
37105|36994|1273|174|140227|44324|205369
6453|174|32595|44324
28917|6939|1299|38077
35600|6939|28917|8491
58308|6939|15935|197451|201931
1828|1299|1680|20473|47065|61574
7713|174|13786|263047|267961
207841|6939|28917|50045
46450|1299|174|140227|44324|205369
58308|6939|1299|262206|18809
31510|174|3257|19318|201813
28917|6939|1299|20473|151674
3130|174|28283|268744|2716
58308|6939|50629|207252|215576
327727|174|35598|52091|206810|24881|24697
48070|16164|36032
64475|6939|50989|50683
20514|1299|35598|52091|206810
6720|1764|174|210|47065|61574
28917|6939|1299|32787|20940
49028|1299|174|1916|47065|61574
60068|28917|215730|209693
58308|6939|47787|203020
12779|62255|52091|206810|211692|214268|196977
210937|1299|33891|216067|44244
37105|37662|174|6453|4755|7768
6424|7195|11432|271150|272738
21700|174|35598|52091|206810|39089
199938|1299|3356|16735|2716
12859|1299|3356|28370|267608
48362|1299|7545|20473|47065|61574
58308|6939|1299|9829
327727|174|12389|39089|202279|206810|52091|41039|48595
15605|6939|25192|26710
207841|6939|2852|200874
4601|6939|28917
32590|3356|174|140227|44324|205369
31510|174|6453|29208
398465|1299|6204|44592|49581|209693
35280|6453|174|11432|271150
15605|137409|48011|25184|49801|204533
49544|3356|174|11432|271150|272738
6830|6939|28917|204623
12859|1299|20473|47065|61574
3491|1299|6855|50698
136557|174|3356|8119
15605|41327|39089|202279|206810|52091|41039|48595
1031|999|6453|174|13786|263047|269488
23367|1299|25091|8298|4601|4492
34019|6461|394737
553|62255|52091|206810|12773|52213
12969|1299|174|204548|215728
31742|1299|6855|39904|47767
136557|174|35598|52091|206810|210063
57381|50304|1299|3356|22381|267470|263047|264389
28917|6939|1299|6503|22894
28917|6939|1299|23520|11139|397382
49544|3356|174|140227|44324|205369
44324|32595|174|22359
44324|32595|174|395687
40994|174|20473|47065|61574
196621|6939|28917
206356|50629|1299|3920|206777
28917|6939|1299|211393
1299|3356|8772|215536
6777|35598|52091|206810|24881
327960|174|35598|52091|206810|202497
213151|41051|58299|174|60068|216213|205884
58511|1299|174|20473|47065|61574
58299|62255|52091|44660
6830|6939|28917|44056
34927|56655|1299|25091|8298|4601|4492
31510|33891|60068|211571
34854|1299|3356|28370|264426
49028|1299|6939|54429
37105|37662|174|3356|16735|2716
2734|22356|28370|268521
41327|174|60068|197103|212080
4601|9002|12555|48430
196621|6939|196610
397131|60011|3356|9002|62000|212815|52053
47147|1299|174|21320|5408|47065|61574
206356|50629|37468|60068|216213|205884
28917|6939|1299|397519
12637|1299|37468|53062|266493|61625
49028|1273|3216|51032|41344|39707
34549|174|22381|267470|263047|264389
3399|5511|174|216211|211575
3741|6461|62000|212815|52053
2734|20473|47065|61574
58308|6939|28917|44056
58308|6939|6830|23520|64126|273924
20253|1299|4230|2716
7713|174|1916|47065|61574
6830|3356|4230|2716
28917|6939|1299|43893|209454
58308|6939|1299|6922|10399
28917|6939|1299|18734|28548
29222|6939|29208|206785
58308|6939|12735|57844
216285|8280|6762|1299|42303|51701|30893
23367|1299|37468|52468|271150
20932|1299|3223|34224|12735
3170|208972|210538|6775|13030|4637|133398
12779|6939|30893|13214|35634
58308|6939|2852|213152
28917|6939|1299|25956
207841|6939|28917|44812
199524|1299|3356|28370|264426
28917|6939|1299|30823|211138
29504|15935|6461|210|47065|61574
58308|6939|7018|22216
207841|61049|174|22381|267470|263047|264389
5413|1299|21351|60132
37662|174|3257|21034
4601|50869|213768|204768
29222|6939|30893|200690
44324|32595|174|263812|208414
28917|6939|7018|16711
28917|6939|1299|20473|153185|153331
50628|1299|174|37468|61568|266460|61625
28917|6939|1299|20473|197730
199524|1299|35598|52091|206810
16552|6424|44592|49581|209693
4777|2497|174|22381|267470|263047|264389
28917|6939|1299|20473|212217
28917|6939|1299|23520|264821
139317|44324|32595|174|212081
20932|1299|60068|197103|212080
28917|6939|1299|23520|262191
3399|5511|174|11432|271150
327727|174|34927|202827
58308|6939|1299|21277|212692|208293|50597
29222|6939|7018|22056
64475|33891|216067|44244
28917|6939|7018|397602
2734|142111|152672|174|3257|40676|40812
58308|6939|1299|30823|49418|216127
20912|12637|56630|209944
58057|50673|174|60068|197103|212080
15935|174|35598|52091|206810|56766
58308|6939|15372
35426|215596|62000|6777|20326
204092|6939|28917|34784
204092|6939|28917|48084|35816
44324|32595|174|32244|201682
56911|1299|8551|44709
48070|6939|28917|198297
3130|174|35598|25308|28917|9049|51017
35600|6939|50989|48116
48070|6939|2852|197451
34019|6939|28370|264426
56655|1299|20473|201423
271253|6453|174|399697|39967|399697
132825|174|35598|52091|206810
57111|41327|6461|7473|38001|25192
4601|50869|6939|28370|267608
31510|174|13786|263047|271068
398465|1299|8943|200636
58308|6939|28917|43714
4601|50869|58299|209807
21412|1299|8551|44709
4601|9498|20473|47065|61574
60068|174|216211|44324|205369
16552|1299|3356|28370|269016
34927|1299|3356|28370|28657
39122|1299|6939|28370|268198
28917|6939|2852|210367
271253|174|35598|52091|206810|211692|214268
55222|174|21320|5408|50148
3170|6939|25192|26710
58308|6939|1299|14080|270018
28917|6939|1299|210021
59105|2518|2516|174|20473|47065|61574
28917|20764|52091|206810|211101
8283|2914|13786|263047|262485|266327
5405|3216|51032|41344|39707
20130|23352|3257|174|201814|209896
58057|34549|3257|1299|20473|47065|61574
34927|1299|9002|8772|396416
58308|6939|30893|200690
12859|6939|29222|204957
17350|6453|174|11432|271150
49432|48362|1299|3356|28370|53079
2914|3257|5405|8943|200636
50877|5405|6939|30893|204789
28917|6939|39791|49101|42422
20205|1299|60068|216213|205884
58308|6939|33891|215606
151326|174|35598|52091|44660
513|29222|6939|212635
20612|9044|174|22381|267470|263047|264389
28917|6939|1299|63473|18909
15623|174|20473|47065|61574
56655|1299|174|1916|47065|61574
28917|6939|1299|23520|262191|264647
9268|4764|137409|62000|212815|52053
262427|174|35598|52091|206810|202279
48070|6939|29222|513|12654
31742|174|60068|205884
41666|3216|35598|52091|48158
57111|41327|13786|263047
6908|1299|20473|47065|61574
41327|1299|3920|206777
210312|4601|50869|52025|209552
136557|174|35598|52091|206810|57164
31510|174|140227|44324|205369
4601|50869|6939|42695|52011
28917|6939|1299|23520|28545|28512
196621|6939|28917|204623
6424|13786|263047
28917|6939|1299|265780|269815
136557|174|35598|52091|206810|56915
50628|1299|10490|2722|12148|47065|61574
58308|6939|207767
398465|1299|3356|16735|273514
20764|174|140227|44324|205369
47160|174|60068|216213|205884
28917|6939|1299|397522
28917|6939|1299|20473|396015
1299|3356|16735|273514
136557|174|60068|216213|205884
210312|4601|8298|8283|3491|216211|211575
58308|6939|268624|262594|269603
28917|6939|1299|32097|22295|205563
15576|174|1916|47065|61574
28917|6939|1299|23520|14638|35892
39392|174|60068|205884
44324|32595|174|397168
58308|6939|3170|215066
40994|6939|28917|44812
58308|6939|5405|199710
57381|50304|1299|4637|20473|47065|61574
28917|6939|1299|21277|197882
13237|1299|3356|28370|267556
7500|2497|174|28283|268744|2716
63927|6424|44592|49581|209693
7594|174|35598|52091|206810|202497
21700|174|21320|5408|50148
28917|6939|1299|400304
28917|6939|1299|6855
205206|1299|37468|270551|263047
41327|174|60068|205884
58308|6939|6830|33915|208240
24961|1299|6762|16735|273514
5405|62255|52091|206810|48687
37100|1299|8551|44709
48070|6939|28917|21453|199933
11039|6461|1299|60068|216213|205884
35600|44592|49581|209693
553|6939|50989|205966
32590|6453|174|14840|269288
45049|6696|1299|174|210|47065|61574
58308|6939|40994|212085
40994|6939|28917|39238|49392
327983|37497|174|20723|2852|202874
28917|6939|1299|401909
28917|6939|1299|20473|49688
28917|6939|1299|4637|1221
40994|6939|29222|513|20940
7018|1299|60068|197103|212080
7473|6461|6424|44592|49581|211507
199524|174|138997|216211|44324|205369
16552|1299|33891|216067|44244
28917|6939|1299|20473|400181
28917|6939|1299|27947|264836
59105|2518|1299|8551|20473|47065|61574
42541|62255|25308|28917|9049|51017
2497|174|11432|271150
28917|6939|1299|210333
58308|6939|1299|54113
64475|6939|50989|48116
4601|50869|6939|30893|9423
3130|174|13786|263047
3170|6204|25198|1299|21859|402186
210312|4601|50869|41051|215562
28917|6939|1299|2518|2515|131971
174|34927|202827
196621|15576|174|216211|211575
34019|56630|209944
48070|6939|28917|47759
139317|44324|32595|174|3266
12307|29691|6424|44592|49581|209693
6830|174|210329|215728
28917|6939|1299|396993|15353
34019|6939|2852|210498
199524|47311|150249|153176
28917|6939|1299|208328
328840|327727|174|35598|52091|206810|59867
19151|2914|6424|44592|49581|209693
58511|1299|198949|35676
6830|6939|30893|13214|35634
31742|1299|20473|399970
47147|1299|20473|399970
34927|56655|1299|20473|47065|61574
398465|1299|3356|28370|267608
42473|9002|21320|5408|47065|61574
58057|174|28189|266931|271615|273522|271150
6830|6939|28917|12668|51883
28917|6939|1299|33549
42541|1299|7545|20473|47065|61574
139317|44324|32595|174|214206|18636
28917|6939|1299|398788
3170|6461|210|47065|61574
58299|6204|25198|1299|21859|402186
13830|971|174|1299|8551|44709
28917|8359|57304|200449
39122|1299|6939|30893
32590|4637|3356|21320|5408|47065|61574
210312|4601|50869|6939|29222|513|20940
12969|1299|6855|39904|47767
8283|3491|216211|211575
35426|215596|62000|215551|30893
16347|1299|4230|2716
44324|32595|174|7195
553|1299|37468|53062|266493|61625
28917|6939|262365|267933
196621|6939|2852|201648
327960|174|37468|61568|266460|61625
29222|6939|207767|214948
7594|174|46427|64289|44592|49581|209693
328840|327727|174|13786|263047|267425
8220|6453|1299|60068|216213|205884
28917|6939|40994|205563
209650|34927|1299|10490|2722|12148|47065|61574
3170|6939|28917|44812
3549|3356|174|20723|2852|202874
6424|13335|400095
34288|1299|60068|211571
15692|2914|174|5538|8194|29345
28917|6939|1299|19693
971|174|35598|52091|206810|214721
28917|6939|1299|262206|18809|26105|264843
50629|174|210329|215728
24785|6830|3356|28370|263535
12350|1299|3356|28370|263535
58308|6939|1299|56655|216321
15576|174|11432|271150
29222|174|140227|44324|205369
29222|6939|12859
3170|6461|52320|7738|262999|272466
398465|3320|1299|37468|53062|266493|61625
328840|327727|174|3257|28917|215730|209693
15605|6939|2852|197277
34854|1299|60068|197103|212080
25160|174|20473|47065|61574
3320|174|399697|39967|399697
3130|174|35598|52091|206810|24881
15605|56911|174|204548|215728
6830|6939|393682
35426|215596|62000|6777|559|200233
398465|3320|1299|25091|8298|4601|4492
28917|6939|1299|7195|53065|269093
328964|37468|174|210329|215728
28917|6939|1299|7545|55328
999|6453|174|10490|2722|12148|47065|61574
17660|6453|174|399697|39967|399697
15605|35598|52091|206810|12773|57005
6894|174|13786|263047
58308|6939|1299|265620|270145
37271|9002|62000|212815|52053
28917|6939|1299|36236
28917|6939|7018|396169
23673|9900|23764|3356|1299|20473|47065|61574
12637|6939|28370|28657
58057|50673|174|1299|20473|399970
20514|1299|7195|28189|266931|271615|273522|271150
16552|1299|5511|49666|58224|214805
29222|6939|50629|211664
207841|6939|28917|50009
553|7195|11432|271150|272738
44324|32595|174|3360
1267|1299|56504|47674
207841|37468|52468|271150
50131|174|60068|205884
50628|6453|174|11432|271150|272738
15576|174|210|47065|61574
57111|41327|37468|52468|262393
35426|215596|174|11432|271150|272738
35600|30781|1299|10490|2722|12148|47065|61574
12956|1299|198949|35676
4601|50869|6939|50989
41327|13786|263047|61826|52766
6830|6939|196610|48927
58308|6939|28917|9110
3257|174|22381|267470|263047|264389
28917|6939|1299|20473|399840
13830|971|174|35598|52091|206810|197643
17350|2914|174|399697|39967|399697
33891|19318|209896
28917|6939|1299|20473|395522
28917|6939|1299|20473|212996
58308|6939|1299|20473|202986
40994|174|140227|44324|205369
28917|7195|20473|47065|61574
35598|1299|3223|41327
207841|6939|28370
28917|6939|54429|401894
7018|3257|20473|47065|61574
210312|4601|50869|6939|28370|270962
28917|6939|198101
34927|52025|1299|6855|39904|47767
37105|37468|1299|198949|35676
52075|2914|1299|198949|35676
28917|6939|1299|20473|149285
34854|1299|174|22381|267470|263047|264389
49028|1299|3356|28370|263535
44324|32595|174|3714|1657
29222|6939|29208|211731
327960|174|1299|8551|44709
4181|1299|201814|209896
41095|3356|1299|22773|8119
58308|6939|1299|400475
28917|6939|1299|23520|272935|273937
44324|32595|174|33059
8529|1299|56504|47674
4601|50869|214757|214818
28917|6939|8194|206362
209823|3356|21320|5408|47065|61574
20932|1299|6762|267470|263047
58308|59689|30781|1299|20473|47065|61574
6424|62255|52091|48158
28917|6939|1299|395730
262427|174|35598|52091|206810|48687
58308|6939|35133|50917|214677|205563
20514|1299|12389|39089|202279|206810|52091|41039|48595
6830|3491|209810|207187|204943
2516|1299|60068|216213|205884
139317|44324|32595|174|22359
39351|12859|47065|61574
174|3356|9002|12555
42541|1299|10490|2722|12148|47065|61574
35426|215596|62000|56584|202673
4601|50869|6939|25192|29067
35008|1299|6762|49666|58224|214805
3170|6939|29222|207688
58308|6939|33891|48918|43722
28917|6939|1299|3249|43937
28917|6939|1299|399814
57777|8298|8283|3491|209810|207187
49028|1299|6453|4755|7768
17350|2914|1299|35598|52091|206810
58308|6939|1299|835|52025|210338
196621|6939|25192
60503|6939|6830|60068|216213|205884
35280|6453|1299|3920|206777
28917|6939|1299|36352|55286
196621|6939|2852|202874
28624|61568|174|12389|39089|202279|206810|52091|41039|48595
44324|32595|174|53667|44421
15605|6939|54429
41327|29632|59682
8455|1299|20473|201423
7594|174|35598|25308|28917|204076
6461|1299|4230|2716
12779|7195|20473|47065|61574
20912|12637|1299|10490|2722|12148|47065|61574
202365|8283|47065|61574
49028|1299|37468|52468|271150
28917|6939|1299|23520|262191|27845
58308|6939|1299|34628|34652
35266|1299|1680|20473|47065|61574
29222|6939|7018|3486
62167|3356|21320|5408|47065|61574
398465|1299|35598|52091|206810
7018|6461|9498|20473|47065|61574
139317|44324|32595|174|273205
37053|37662|174|399697|39967|399697
34019|28283|268744|2716
29222|6939|49418|212701
34288|174|204548|215728
58308|6939|7018|18439
60011|3356|1299|20473|47065|61574
28917|201814|209896
58308|6939|6830|23520|27696|271971
28917|6939|1299|6855|47749
209823|3356|174|20473|47065|61574
44324|32595|174|199335
55222|174|3356|28370|268521
35426|215596|1299|12389|39089|202279|206810|52091|41039|48595
58308|6939|1299|32270|27887
210937|1299|6762|267470|263047
42541|1299|198949|35676
4601|50869|58299
38880|33891|216067|44244
41666|20764|52091|206810|12773|44710
207841|6939|59689
28917|6939|1299|213138
6453|1299|3920|206777
174|35598|52091|206810|211101
28917|6939|1299|29990
398465|1299|29695|206557|204503
28917|20764|52091|206810|5598
34854|13335|5408
12859|1299|3356|28370|28657
199524|174|28189|266931|269250|271150
6730|6830|3356|8551|20473|47065|61574
327727|174|13335|5408
44324|32595|174|4058
209650|34927|1299|60068|216213|205884
28917|6939|7018|397994
6082|174|60068|205884
12956|174|60068|205884
210312|4601|50869|215172|211575
174|21320|5408|50148
16552|2914|174|20723|2852|202874
58308|6939|6830|23520|262191|272020
17350|2914|174|5538|8194|29345
55222|1299|6855|39904|47767
8283|6762|16735|52794|52659
58308|6939|6830|23520|263703|269820
22652|174|204548|215728
136557|174|3356|9002|8772|396416
262427|174|204548|215728
34927|174|60068|216213|205884
12637|6939|28370|263060
215596|62000|6777|5405|213642|329263
196621|15576|8220|1299|174|37468|61568|266460|61625
45049|6696|1299|20473|201423
29222|6939|205005
2027|47160|6939|24796
28917|6939|1299|215078
3356|174|20473|47065|61574
6453|174|50509|51032|41344|39707
58308|6939|6830|23520|264663
174|35598|52091|44660
139317|44324|32595|174|7413
4775|1273|174|21320|5408|47065|61574
23367|1299|3356|28370|263963
28917|6939|1299|20473|44754
8455|8283|47065|61574
39122|1299|6453|29208
34927|1299|3223|34224|12735
64475|6939|2852|48091
199524|174|22381|267470|263047|264389
210937|1299|1680|20473|47065|61574
58308|6939|1299|55410
29680|174|8551|20473|47065|61574
328840|327727|174|12389|39089|202279|206810|52091|41039|48595
139317|44324|32595|174|6424|47787
47147|1299|3216|51032|41344|39707
6424|174|46427|64289|44592|49581|209693
22652|1299|3356|28370|268198
12637|6939|50989|205966
60068|1299|20473|201423
2734|40511|6461|7018|27434
58308|6939|15576
30600|1299|12389|39089|202279|206810|52091|41039|48595
29222|6939|28370|263535
139317|44324|32595|174|14051|400097
35008|1299|3356|1680|44709
34927|56655|1299|6453|60068|216213|205884
58299|20764|43298|48678|213865
35598|1299|20473|399970
12779|6939|54429|401894
40994|6939|30893|205563
45049|6696|1299|8551|20473|47065|61574
6908|174|10490|2722|12148|47065|61574
16552|3257|1299|20473|399970
34800|58057|50673|174|210|47065|61574
37100|174|216211|211575
13830|971|174|35598|25308|28917|204076
2734|13786|263047|271068
971|174|35598|52091|206810
202032|58115|21263|212038
3214|1299|174|20473|47065|61574
8426|3257|174|20473|47065|61574
38136|50131|174|1299|20473|47065|61574
28917|6939|7018|4466
263237|174|8551|20473|47065|61574
3356|1299|8551|44709
58308|6939|33891|202245|212509|212290
58308|6939|1299|60664
3491|174|20723|2852|202874
9044|2914|174|140227|44324|205369
25152|2914|174|210329|215728
35600|6939|2852|210498
559|35598|52091|206810|5598
1764|174|52468|271150
28917|6939|1299|45896|38726|131422
17350|2914|12859|47065|61574
28917|6939|7018|30382
207841|6939|28917|48084
7018|174|399697|39967|399697
3130|174|3356|1680|44709
6730|6830|3356|56630|209944
210312|4601|50869|44324|211729
199938|1299|20473|47065|61574
62167|174|60068|205884
3130|174|35598|52091|59815|25299
50629|1299|20473|399970
58299|62255|52091|206810|39089
58308|59689|30781|1299|3920|206777
58308|6939|6830|23520|265561
51873|6830|1299|198949|35676
60068|1299|21351|60132
132825|174|12389|49666|205647|49801|204533
49028|1299|3356|16735|2716
28917|6939|15935|197451|202872
29222|58115|21263
559|52320|7738|262999|272466
31510|33891|44592|49581|209693
2914|1299|10490|2722|12148|47065|61574
6830|3356|28370|263060
49432|48362|1299|6453|4755|7768
6830|137409|62000|212815|52053
28917|6939|1299|8551|19551
44324|32595|174|58453|9505|135062
28917|6939|6830|33915|207894
8298|33891|216067|44244
25369|1299|6204|44592|49581|209693
44324|32595|174|32505
49788|1299|3356|60011|34927|208690
327804|37271|2603|21320|5408|47065|61574
4601|6939|28917|39238|49392
4181|1299|4230|2716
20932|1299|20473|201423
20055|174|13786|263047|61826
151326|174|14840|269288
56987|1299|20473|399970
15605|6939|33924
139317|44324|32595|174|399275
12350|1299|6855|39904|47767
327727|174|201814|209896
4601|50869|41051|209460
28917|6939|1299|19332|270165
20612|8758|9002|1299|8551|20473|47065|61574
24516|174|35598|52091|206810|34786
28917|6939|196610|48927
12956|174|399697|39967|399697
210937|1299|3257|20473|47065|61574
49788|1299|8551|20473|47065|61574
58308|6939|1299|1759|51188|3274
852|174|37468|61568|266460|61625
29691|1299|60068|216213|205884
328840|327727|174|37468|270551|263047
8283|12956|212721
271253|6453|174|11432|271150
7018|6939|30893
28624|61568|174|204548|215728
57381|50304|1299|6855|39904
58299|6830|60068|211571
6894|3257|174|20473|47065|61574
28917|6939|1299|62214
13237|33891|216067|44244
42541|62255|52091|206810|12773|44884
25369|174|52468|271150
207841|6204|208972|210538|6775|13030|4637|133398
28917|6939|1299|23520|263238|272966
42541|1299|174|20473|47065|61574
58308|6939|33891|198570
2518|1299|6855|39904
4601|8551|44709
4601|50869|205369
29222|6939|2852|210367
398465|3320|1299|60068|197103|212080
13786|3356|21320|5408|47065|61574
21232|15576|174|204548|215728
199524|174|13786|263047|266089
35600|6939|2852|200874
58308|6939|50533|33808
20912|12637|1299|3356|60011|34927|208690
136557|174|35598|52091|206810|39558
48070|6939|42695
210937|1299|21351|60132
20932|174|60068|216213|205884
210312|4601|50869|44324
6057|174|12389|39089|202279|206810|52091|41039|48595
49028|1299|6453|19318|201813
58308|6939|200712
264479|6762|1299|6855|39904|199604
28917|6939|49418|213673
28917|6939|1299|23520|273099
51184|1764|174|201814|209896
57777|8298|8283|3491|209810|207187|207198|206429
45049|6696|1299|6762|16735|273514
17660|6453|174|21320|5408|50148
20055|174|13786|263047|267425
12637|1299|6855|39904|205968
14537|13786|174|10490|2722|12148|47065|61574
151326|174|35598|52091|59815|25299
148968|1299|20473|399970
28917|20764|52091|206810|24881|24697
58308|6939|7018|986
28917|6939|7018|400005
139317|44324|32595|174|54002
6424|174|34927|202827
36924|1299|3356|21320|5408|47065|61574
47147|1299|6855|39904|202605
199938|1299|3356|28370|268521
49028|35280|6453|174|11432|271150
58057|50673|174|1299|198949|35676
328840|327727|174|52468|271150
12779|174|138997|216211|44324|205369
139317|44324|32595|174|61081
12637|35598|52091|206810|34786|41875
513|29222|6939|263047|269680
34927|60011|3356|1299|60068|216213|205884
28917|6939|1299|63473|58057
8220|3491|174|1916|47065|61574
559|6939|50989|48116
28792|3257|5405|8943|200636
28917|6939|1299|399868
49544|3356|1299|201814|209896
210312|4601|50869|6939|28370|269016
12969|1299|6762|49666|58224|214805
60326|28917|215730|209693
6830|32787|202161
2516|174|60068|205884
174|7311|835|394273
16347|1299|174|37468|61568|266460|61625
55720|3491|174|20723|2852|202874
49432|48362|1299|3356|28370|267556
29504|15935|174|30844|21351|60132
9268|4764|1299|59692|12555
8529|1299|174|216211|211575
28917|6939|1299|14080|274030
48362|1299|3356|28370|53079
132825|174|35598|52091|206810|202497
47147|1299|3356|28370|263535
5413|1299|20473|399970
31122|174|8551|20473|47065|61574
58308|35598|52091|206810|24881
293|3356|174|140227|44324|205369
28917|6939|60294
204092|30781|1299|20473|399970
58308|6939|1299|38077
210312|4601|50869|6939|28370|52593
24516|174|35598|52091|206810|48595
58308|6939|42184|196932
24516|174|35598|52091|206810|35273
210937|1299|174|1916|47065|61574
553|6939|60432
4601|6939|28917|12668|197404
44324|32595|174|54113
56655|1299|3356|16735|2716
41722|12389|1299|20473|47065|61574
28917|6939|196610
28917|6939|2852|210498
3170|6939|28370|263060
8283|6939|42695|52011
58308|6939|5405|215389
10111|1299|12859|47065|61574
1828|6461|174|1916|47065|61574
41327|6461|8899|60294|33891|50673|43414|43995
28917|6939|1299|23520|10269|265818
47147|1299|174|13786|263047|269488
44324|32595|174|9146
204092|6939|28370|268521
44324|32595|174|44222|215540
15935|6461|17378|8119
32590|12956|1299|10490|2722|12148|47065|61574
58308|6939|1299|210909
24889|13030|21320|5408|47065|61574
6082|174|8551|20473|47065|61574
7018|174|204548|215728
6696|1299|6855|39904|205968
58308|6939|1299|1759|51188
6730|6830|174|60068|197103|212080
49028|1299|6939|2852|61110
59689|30781|1299|198949|35676
44324|32595|174|14960|19551
6424|6939|28917
48070|6939|28917|50045
48070|1299|6762|16735|273514
50628|3356|21320|5408|47065|61574
15605|41327|8551|44709
28917|6939|1299|58317|48448
1140|24785|1299|20473|201423
20205|1299|56630|209944
28917|6939|3170
20205|1299|3257|204548|215728
41327|13786|263047|264972
15605|35598|52091|206810|211101
58308|6939|1299|54829
58299|14840|269288
204092|6939|28370|28657
4637|6830|34927|202827
263152|174|3257|204548|215728
49544|1299|20473|201423
44324|32595|174|2018|8094
210312|4601|50869|41051|212888
16552|1299|6424|44592|49581|211507
12969|1299|20473|399970
680|2914|174|140227|44324|205369
6830|6939|60432
28917|6939|1299|18678
30600|1299|6855|50698
209650|34927|1299|3257|19318|201813
6453|1299|1680|20473|47065|61574
58308|6939|1299|4637|1221
52320|1299|20473|47065|61574
12969|1299|3356|16735|273514
44324|32595|174|44788
44324|32595|174|270120
58308|6939|1299|47583
49544|2914|174|140227|44324|205369
3333|1257|174|210329|215728
39122|174|210329|215728
35280|1299|6855|39904|202605
28917|6939|268624|61823
28917|6939|25400|200139
210312|4601|6939|28917|34784
20764|2603|21320|5408|47065|61574
37697|37497|1299|6855|39904
207841|6939|28917|12739
42541|62255|52091|206810
139317|44324|32595|174|91
21232|15576|35598|52091|206810|39558
58299|9498|20473|47065|61574
4601|6939|28917|48084|199961
58308|6939|1299|20473|215507
328206|37739|3491|174|20473|47065|61574
12389|1299|2914|226|47065|61574
174|35598|52091|206810|214210
6830|6939|25192|26710
28917|6939|15935|198143
6762|1299|6855|39904|202605
58308|6939|9136|206236
16552|1299|6855|50698
28917|6939|1299|18734|28477
50304|1299|3257|204548|215728
7594|174|35598|52091|206810|48687
29691|1299|37468|60068|216213|205884
50877|5405|6939|2852|204772
58308|6939|25400|50270
29222|6939|42184|8454
4764|174|14840|269288
12637|6939|30893|200690
28917|6939|1299|45102
29222|6939|41720
293|3320|33891|216067|44244
50877|6762|174|399697|39967|399697
20055|1299|8551|44709
210312|4601|6939|28917|12668|197404
35008|1299|7195|28189|266931|271615|273522|271150
58299|264409|61832|266460|61625
41327|6939|2852|48091
198249|9002|917|214598
4826|1299|60068|216213|205884
23673|9900|23764|3356|174|1916|47065|61574
34927|174|210329|215728
263152|174|56630|209944
29222|6939|9136|206236
206499|34549|1299|33891|216067|44244
210312|4601|50869|6939|196610|48927
6424|6939|28370|264426
20612|9044|1299|3223|41327
34019|61568|266460|61625
64475|6939|2852|200874
28917|6939|1299|399672
29222|6939|8194|51955
6667|174|140227|44324|205369
28917|6939|1299|7195|266409|269179
8283|6939|2852|61110
14315|6453|1299|3920|206777
139317|44324|32595|174|21826|273843
48070|6939|54429|401894
8283|3491|209810|207187|202551
6453|174|28189|266931|271615|273522|271150
58308|6939|1299|20473|201235
13237|1299|3356|28370|28657
398465|1299|12389|39089|202279|206810|52091|41039|48595
28917|6461|6057|28283|268744|2716
4775|1273|174|10490|2722|12148|47065|61574
23764|1299|8551|20473|47065|61574
37271|174|1916|47065|61574
1403|577|1299|3920|206777
48070|1299|20473|399970
41722|20764|33891|60068|211571
58308|6939|7018|7764
28917|6939|1299|52468|271977
28917|6939|1299|6400|264817
35598|174|37468|270551|263047
1764|1299|8551|44709
15576|174|11432|271150|272738
46450|1299|20473|399970
35369|1764|174|140227|44324|205369
13030|1299|3356|8119
29691|1299|3356|60011|34927|208690
205206|1299|60068|216213|205884
23764|1299|3920|206777
553|1299|3356|28370|267556
58308|6939|33891|49435
44324|32595|174|47787
58308|6939|6424|207990
1299|6939|28370
553|1299|5511|60068|206406|210557
58308|6939|1299|18678
15576|13335|400095
8283|47065|61574
4764|1299|12956|212721
12779|9498|20473|47065|61574
5413|1299|22773|8119
29222|6939|28917|44056|57629
7713|174|60068|197103|212080
57695|917|60068|1299|21351|60132
23352|2914|1299|60068|216213|205884
58308|6939|29208|209847|26383
41327|6939|2852
6423|20055|137409|62000|212815|52053
204092|6939|28917|198297
553|6939|28917|198297|51081
57381|50304|1299|3356|28370
7594|174|35598|52091
1299|174|21320|5408|47065|61574
21412|1299|12956|212721
58308|6939|6830|23520|54082|263725|274085
39392|174|140227|44324|205369
57866|5511|174|37468|61568|266460|61625
8529|1299|174|37468|61568|266460|61625
917|60068|174|3257|19318|201813
31510|174|3356|60011|34927|208690
60068|33891|8298|4601|4492
41327|21700|399914
6830|16276|203019
28917|6939|1299|20473|39792
3130|174|56630|209944
577|1299|20473|201423
196621|9002|12555
41327|6461|394737
12637|6939|30893
37697|37497|1299|8551|44709
4601|50869|199310|207314
48185|1299|6855|39904|47767
210312|4601|50869|41051|212510
917|25369|6424|44592|49581|209693
28917|6939|1299|16276
58308|35598|52091|206810|5598
139317|44324|32595|174|22361|400097
12637|6939|28370|270962
58308|6939|6830|23520|52468|273859
57695|917|60068|174|1916|47065|61574
2027|47160|6939|54429
1299|6939|28370|268521
28624|3356|1299|6855|39904|202605
51519|39351|174|12956|212721
139317|44324|32595|174|400701
12307|29691|1299|8551|44709
210312|4601|50869|52025|135120
30600|174|210|47065|61574
6830|1299|6424|44592|49581|211507
205206|1299|6453|4755|7768
20912|174|12389|39089|202279|206810|52091|41039|48595
34800|29632|9002|1299|8551|20473|47065|61574
3741|174|201814|209896
58057|50673|174|2914|226|47065|61574
199938|1299|17676|216211|44324|205369
34177|1299|6453|19318|201813
51088|8455|1299|20473|47065|61574
58308|6939|1299|212175
1299|6855|39904|205968
3130|174|13786|263047|269488
206356|50629|174|60068|205884
34800|58057|50673|174|37468|270551|263047
58308|6939|1299|9009|44239
45049|6696|1299|9002|8772|396416
62000|47498|59645|211286
13237|1299|6855|39904|47767
28917|6939|1299|6855|214945
29222|6939|7018|3423
139317|44324|32595|174|46974
34177|1299|6453|4755|7768
28917|6939|1299|8402
6762|174|60068|197103|212080
12779|6939|28370
12779|3257|1299|20473|47065|61574
28917|6939|1299|58321|43758
4181|137409|62000|212815|52053
52320|174|210329|215728
35600|35598|25308|28917|9049|51017
28917|6939|1299|19332|272322
15605|31133|12389|28917|8905|42132|196698
28917|6939|1299|21351|2199
12859|35598|52091|206810|211692|214268|197578
198385|15576|56630|209944
42541|62255|52091|206810|12773|213694
58308|6939|5405|48918
40994|6939|28917|39238|49392|9098
20764|28917|215730|209693
30844|174|20473|47065|61574
6461|174|5538|8194|29345
28917|6939|1299|23520|262191|273027
15935|174|5511|49666|58224|214805
44324|32595|174|17056
58308|6939|1299|396362
12969|1299|3356|28370|263963
210312|4601|6939|28917|8491
2734|13786|263047|266089|52793
12859|1299|3356|28370|268521
8283|6939|50989|48116
13830|971|174|13786|263047
328840|327727|174|62000|212815|52053
559|264409|61832|266460|61625
263237|174|6453|4755|7768
7474|7473|1299|198949|35676
15605|8772|215536
553|62255|52091|206810|48595
50629|1299|60068|197103|212080
35008|1299|3257|60068|206406|210557
7018|6939|50989|48116
199524|174|13786|263047|267961
6696|1299|10490|2722|12148|47065|61574
209650|34927|174|20473|47065|61574
57381|50304|1299|7195|20473|47065|61574
139317|44324|32595|174|44222|209847|26383
50877|5405|6939|25192|20701
553|6939|50989|33837
3170|6939|2852|199711
5405|1680|20473|47065|61574
7474|3257|174|14840|269288
61568|6762|1299|6855|39904|202605
553|1299|1680|20473|47065|61574
49028|1299|7195|28189|266931|271615|273522|271150
58308|6939|33891|202092
49432|48362|1299|6453|19318|201813
57866|28917|215730|209693
198385|174|1299|3920|206777
64475|6939|200070
28917|6939|41720|58180
148968|7474|7473|6461|6424|44592|49581|211507
132825|174|201814|209896
15605|35598|52091|206810|211692|214268|196977
205112|12859|47065|61574
58511|12859|47065|61574
47160|174|13786|263047|271068
207841|6939|28370|264426
16552|1299|6424|44592|49581|209693
55222|174|37468|61568|266460|61625
6424|268746|61625
15623|6830|34927|202827
8283|6939|29222
6830|3356|8119
29504|39392|174|60068|216213|205884
16552|1299|3356|21320|5408|47065|61574
44393|394256|174|60068|197103|212080
28917|6939|1299|20115|397418
7713|1299|12389|39089|202279|206810|52091|41039|48595
44324|32595|174|139057
64073|137409|62000|212815|52053
21412|1299|6453|1031|61568|266460|61625
204092|6939|28917|50045
21700|174|201814|209896
40387|2381|137409|62000|212815|52053
3170|6939|393682
40994|6939|28370|263060
44393|64073|137409|62000|212815|52053
58308|6939|15935|56360
328206|37739|3491|174|60068|197103|212080
151326|174|12389|39089|202279|206810|52091|41039|48595
327727|174|14840|2716
61218|6939|1299|201814|209896
139317|44324|32595|174|212318
28917|6939|1299|22611|23428
35008|1299|6762|16735|273514
174|1299|3920|206777
6830|6939|30893|199580
28917|6939|7018|4473|13979|2576
1299|35598|25308|28917|204076
140627|2914|1299|10490|2722|12148|47065|61574
55720|2914|1299|6855|39904|47767
213151|34549|1299|3920|206777
50877|5405|6939|2852|210498
24516|3491|2914|12859|47065|61574
1299|6939|24796|63293
999|6453|174|60068|205884
58308|6939|1299|60051|208293|203214
8283|20764|52091|206810|34786
58308|6939|6830|23520
37105|37468|174|60068|205884
4601|6939|28917|35539
28917|6939|1299|7393|393582
139317|44324|32595|174|149522|150414
216285|8280|6762|174|21700|399914
12779|6939|200070
63927|3257|174|60068|205884
39120|174|204548|215728
8220|1299|33891|216067|44244
58308|35598|52091|206810|48687
58057|174|60068|216213|205884
398465|1299|32787|202161
328840|327727|174|35598|52091|206810|48687
52075|6461|62000|212815|52053
1836|9002|62000|212815|52053
15605|35598|52091|206810|59867
12779|62255|52091|206810|56766
9268|4764|1299|8943|200636
210937|1299|174|204548|215728
29222|6939|7018|11483
58308|6939|29670|48387
58308|35598|52091|206810|211692|214268|197578
1257|1299|22773|8119
58057|174|35598|52091|206810|202279
58308|6939|29222|513|20940
398465|1299|6762|49666|58224|214805
1273|174|60068|205884
4601|50869|34019|204186
1299|3356|28370|264426
59414|6830|3257|21034
398465|137409|62000|212815|52053
58308|6939|200462|215163
59414|6830|3257|19318|209896
50304|1299|3356|28370|263535|268030
49788|12552|12859|47065|61574
9268|4764|1299|29695|206557|208835
12637|1299|12389|39089|202279|206810|52091|41039|48595
58308|215955|5405|6762|15557|206865
1299|1680|20473|47065|61574
28917|6939|7018|26830
29222|6939|28370|267608
4601|50869|199310|202335
12859|1299|8943|200636
202032|32787|202161
60068|174|3356|60011|34927|208690
15935|174|3257|21034
20485|174|3257|21034
28917|6939|1299|21859|137443
3333|1257|1299|22773|8119
8220|1299|3356|22381|267470|263047|264389
44324|32595|174|53667|212237
327727|174|13786|263047|268105
12969|1299|12956|212721
50300|3257|1299|198949|35676
12637|1299|6855|39904|199604
3333|12859|47311|150249|153176
140627|1299|34927|202827
48070|1299|20473|47065|61574
148968|7474|7473|1299|20473|47065|61574
6830|174|13786|263047|271068
513|20965|5408|47065|61574
328964|3491|2914|6424|44592|49581|211507
1140|24785|6830|174|13786|263047|267961
58308|6939|50629|207252|215093
3257|174|14840|269288
6424|2914|174|5538|8194|29345
25220|3320|174|37468|61568|266460|61625
49028|1299|6939|2852|212876
20612|9044|1299|6453|4755|7768
47692|33891|6461|394737
44324|32595|174|8926
7018|1299|8551|20473|47065|61574
4777|2497|2914|6424|44592|49581|209693
37739|3491|174|11432|271150|272738
6453|1299|20473|47065|61574
6830|5511|60068|206406|210557
47147|1299|3257|19318|201813
263152|174|7545|20473|47065|61574
263152|174|12389|39089|202279|206810|52091|41039|48595
35266|6424|44592|49581|211507
28917|6939|1299|34170|138915|140666
7018|174|37468|61568|266460|61625
55222|174|13786|28343|2716
63927|1299|3920|206777
34927|56655|1299|8943|200636
8220|1299|60068|216213|205884
48070|6939|28917|39153
7018|3356|1680|44709
327804|37271|3257|1299|3920|206777
58308|6939|35133|210558
52075|6762|174|37468|61568|266460|61625
58308|6939|1299|16509|14490
28917|6939|1299|39029
49544|1299|6855|39904|47767
44324|32595|174|22131
7720|10111|1299|20473|47065|61574
8220|1299|6424|44592|49581|209693
35266|1299|6855|39904|47767
48070|37468|61568|266460|61625
6453|174|21320|5408|50148
202365|50673|174|13786|263047|267425
215596|174|140227|44324|205369
210312|4601|50869|58299|207271
12779|16276|203019
58308|6939|1299|54082|263725|272916
553|62255|52091|206810|24881
57866|1299|6855|39904
207841|6939|28917|39134|39561|197695|210550
47160|62000|6777|20326
59919|12779|1680|44709
58308|6939|32097
6830|3257|204548|215728
49788|2603|21320|5408|47065|61574
59891|13030|1299|20473|47065|61574
398465|4826|1299|56630|209944
58308|20764|43298|48678|210574
47147|1299|174|13786|263047
151326|174|3356|1680|44709
174|13786|263047
28917|6939|1299|60068|133944
64475|3216|51032|41344|39707
1299|174|14840|269288
9268|4764|1299|56504|47674
48070|1299|4637|20473|47065|61574
6908|174|6453|4755|7768
174|6453|19318|201813
6830|174|11432|271150
36924|1299|3356|28370|28657
41327|7195|28260|270548|52794|52659
328840|327727|174|35598|52091|206810|56766
35280|1299|10490|2722|12148|47065|61574
57777|8298|8283|3491|209810|207187|202551
58308|6939|15605
57111|174|6453|9498|20473|47065|61574
58308|6939|59970
327983|37497|137409|62000|212815|52053
28917|6939|1299|20473|210041
40387|1299|37468|270551|263047
139317|44324|32595|174|28539
6730|6830|1299|6855|39904|199604
28917|6939|1299|60068|197103|396043
58308|6939|553|60824
58308|6939|1299|30404
204092|6939|2852|199711
28917|6939|1299|52580
3170|212175|174|212175
328512|5713|174|8551|20473|47065|61574
28917|6939|1299|263744
13030|1299|7195|28189|266931|271615|273522|271150
210312|4601|50869|199310|207529
6830|5511|60068|216213|205884
553|1299|12389|39089|202279|206810|52091|41039|48595
28917|6939|1299|30600|3801
15605|6939|28370|269016
28917|6939|1299|23520|262178
35710|3320|1299|34927|202827
4601|50869|58299|41051
28917|6939|1299|12189|400672
263237|174|3356|3223|41327
3216|1299|56504|47674
1299|6762|60068|205884
4601|50869|215828|204464
1299|174|13786|263047|271068
139317|44324|32595|174|20546
58308|6939|1299|393705
29222|6939|200462
28917|6939|1299|198949|209830
29222|6939|28917|20985
28917|6939|1299|62874|22400
13786|174|56630|209944
50877|5405|6939|2852|197277
9268|4764|1299|56630|209944
41327|13335|400095
7594|174|28283|268744|2716
25220|3356|174|60068|216213|205884
3170|6939|215172|214955
50629|57463|14840|269288
139317|44324|32595|174|48260
394256|174|204548|215728
23764|1299|34927|202827
139317|44324|32595|174|216302
209|3356|1299|6855|39904|199604
207841|61049|174|3356|28370|28657
28917|6939|1299|3301|59951
28917|6939|1299|201589
29222|6939|28917|197078
58308|6939|29222|204957
39122|174|21700|399914
263237|174|2914|226|47065|61574
41327|8551|44709
9044|1299|3920|206777
7018|174|52468|271150
553|52320|7162|13878|52468|271150
32590|1299|6855|39904|199604
4601|50869|54148
4777|2497|174|11432|271150|272738
6461|1299|8551|20473|47065|61574
47147|1299|6939|215172|214955
262427|174|3257|204548|215728
28917|6939|1299|20473|40138
45049|6696|1299|6855|39904|47767
205206|33891|13786|263047|269680
52320|174|60068|205884
28917|6939|29222|513|20940
57695|917|60068|1299|23764|35168|212999
328964|23764|1299|201814|209896
28917|6939|1299|29774
45352|1299|12389|39089|202279|206810|52091|41039|48595
6424|1299|8551|20473|47065|61574
139317|44324|32595|174|7296
4601|50869|44324|211729
48919|174|138997|216211|44324|205369
58308|6939|33891|20830
3491|1299|3920|206777
12350|1299|12389|39089|202279|206810|52091|41039|48595
271253|6453|174|11432|271150|272738
29222|6939|48678|47951
29691|1299|174|210329|215728
28917|6939|1299|8375|214019
7474|137409|62000|212815|52053
139317|44324|32595|174|20135
271253|1299|12389|39089|202279|206810|52091|41039|48595
209650|34927|174|210329|215728
213241|9002|1299|3920|206777
55222|1299|21351|60132
35008|1299|8943|200636
28917|6939|1299|3301|29217
42473|1299|3356|28370
48070|6939|59970
57111|174|2914|20473|47065|61574
210312|4601|6939|28917|39134
34177|1299|12956|212721
52075|2914|12859|47065|61574
6424|6939|2852|210498
6730|6830|6762|267470|263047
35426|215596|62000|6777|559|196722
56655|1299|2914|226|47065|61574
3741|174|1299|6855|39904|47767
51184|47692|33891|216067|44244
4775|1273|174|140227|44324|205369
41327|33891|60068|211571
13030|1299|3257|19318|201813
139317|44324|32595|174|54706
58308|35598|52091|206810|56766
139317|44324|32595|174|42313|216325
327727|174|35598|25308|28917|9049|51017
41666|20764|52091|206810|208435
35369|1764|1299|20473|47065|61574
6830|3356|28370|267608
132825|174|14840|269288
15605|56911|174|52468|271150
6424|6939|15372|203592
202032|58115|21263|205844
327727|174|35598|52091|206810|48687
1299|3356|20473|47065|61574
680|33891|216067|44244
3216|1273|174|52468|262393
28917|6939|1299|20473|395648
3170|7195|28343|2716
204092|6939|28917|44812
58057|174|11432|271150
6424|6939|196610
58308|6939|1299|201589
28917|6939|1299|60068|917
42541|33891|216067|44244
15576|35598|52091|206810|48687
49432|48362|1299|6453|19318|209896
58308|6939|6830|23520|27717|267809
35426|215596|1299|4230|2716
8283|2914|13786|263047|262485
13237|1299|3356|28370|267608
58308|59689|30781|33891|216067|44244
12969|1299|56504|47674
58308|6939|1299|52468|28461
48070|1299|8551|20473|47065|61574
62000|6777|559
42473|6461|62000|212815|52053
139317|44324|32595|174|205544
204092|6939|28917|6789|201069|207979
4601|6939|28917|204623
49788|1299|6453|19318|201813
44324|32595|174|53667|199340
24516|174|37468|53062|266493|61625
48919|174|3257|21034
28917|6939|1299|30823|213887
5713|33891|216067|44244
58308|6939|6830|23520|273157
58308|6939|6830|23520|272935|267845|274123
44324|32595|174|12222
47147|3320|1299|20473|201423
45049|6696|1299|3356|60011|34927|208690
48362|1299|56504|47674
6720|1764|174|52468|271150
20514|1299|22773|8119
210312|4601|50869|6939|207995
34288|1299|3356|8119
58308|6939|1299|43519
139317|44324|32595|174|62810
58308|6939|5405|200209
39351|174|6453|29208
8283|20764|52091|206810|197960
3257|1299|6939|24796|63293
58299|62255|52091|206810|12773|57005
31742|174|20723|2852|202874
22652|174|140227|44324|205369
60068|174|210329|215728
398465|1299|3257|60068|206406|210557
58308|6939|33891|213913
215596|1299|17676|216211|44324|205369
29222|6939|53764
513|29222|6939|200712
6830|6939|28370|270962
12637|6939|2852|199711
58308|6939|1299|16509|213151
34927|56655|1299|174|210329|215728
553|6939|25192|29067
1828|6461|174|20473|47065|61574
15605|31133|12389|28917|8905|42132
44324|32595|174|199391
199524|47311|150249|212001|215379
58308|6939|1299|20940
28917|6939|1299|23520|262202
24785|6830|174|60068|205884
12859|1031|266493|61625
174|399697|39967|399697
199524|1299|7195|28260|270548|52794|52659
39351|174|3257|60068|206406|210557
34927|174|216211|211575
35600|6939|54429
45049|6696|1299|174|21320|5408|47065|61574
7713|174|3257|20473|47065|61574
40994|57463|41327|200553|213844
6453|1299|16276|203019
34019|6939|28370|268198
58308|6939|1299|20473|197626
20080|2914|174|204548|215728
60068|33891|7195|20473|47065|61574
44324|32595|174|60068|205884
12859|35598|52091|206810|57460
13030|1299|201814|209896
12859|1299|174|216211|211575
213151|34549|174|22381|267470|263047|264389
47160|6939|30893|200690
28917|6939|1299|20473|134666
1764|174|10490|2722|12148|47065|61574
47692|3356|1299|3920|206777
58308|6939|29208|206785
31742|1299|3257|20473|47065|61574
29222|6939|7018|36040
58308|6939|208731
12956|1299|29695|206557
51088|8455|1299|6855|39904|47767
24516|174|35598|52091|206810|211692|214268
136557|174|5459|200070
6720|1764|1299|198949|35676
4826|137409|62000|212815|52025|212895|210320
4601|50869|6939|33924
210312|4601|8298|8283|6762|16735|273514
58308|6939|6830|33915|207894
39351|6830|60068|211571
6830|6939|30893|205563
20612|9044|1299|60068|216213|205884
58308|6939|6830|23520|27665|263222
136557|174|206170|6939|5405|200019
14907|1299|174|216211|211575
36924|1299|3257|60068|206406|210557
328512|37100|1299|198949|35676
6424|271586|263047
7720|10111|1299|60068|216213|205884
34549|174|399697|39967|399697
50628|1299|6762|267470|263047
28917|6939|1299|10396|397566
20514|1299|7195|28343|2716
4601|50869|215172|215619
49434|9002|1299|3223|34224|12735
41327|6461|52320|7738|262999|272466
3130|174|3491|20473|47065|61574
139317|44324|32595|174|21826|271909
398465|4826|1299|20473|399970
12779|174|1916|47065|61574
7018|6939|200303
29504|39392|174|2914|226|47065|61574
49544|3356|1299|20473|47065|61574
6894|174|13786|263047|61826|52766
8220|1299|6855|39904|47767
28917|6939|1299|205890
28917|6939|1299|398705
34927|1299|17676|216211|211575
28917|6939|7018|32031
4601|50869|52025|214347
139317|44324|7720|10111|1299|60068|197103|212080
210312|4601|9002|46427|64289|44592|49581|211507
20205|174|14840|269288
28917|6939|1299|20473|50827
6453|174|13786|263047
42541|1299|8551|20473|47065|61574
28917|6939|1299|20473|215311
7018|1299|12555|48430
34019|6461|210|47065|61574
327960|174|1299|6855|39904|47767
34019|47160|6461|174|37468|61568|266460|61625
24516|3491|1299|20473|47065|61574
28917|6939|1299|197690
15605|6939|28370|52593
210312|4601|50869|215172|215619
28917|6939|1299|48851
12779|6939|30893|199580
58299|62255|52091|206810|57982
199524|1299|6855|39904|47767
57821|12586|3257|1299|12859|47065|61574
8426|6777|35598|52091|206810|214721
4601|50869|211008
174|2914|226|47065|61574
58308|6939|1299|52468|273127
16347|1299|6762|16735|273514
44324|32595|174|206262|57722
7473|1299|20473|47065|61574
35600|6939|28917|48084|59833
42541|1299|20473|201423
3320|174|37468|61568|266460|61625
12307|29691|1299|174|204548|215728
327727|174|50509|51032|41344|39707
44324|32595|174|51847|61112
32097|4230|2716
40994|6939|28917|39153
28917|6939|1299|20473|207754
8220|1299|174|37468|61568|266460|61625
7594|174|30844|21351|60132
293|3356|174|60068|205884
327960|174|35598|52091|206810|57164
6908|174|22381|267470|263047
22652|1299|7195|20473|47065|61574
57381|50304|1299|3356|16735|2716
12779|35598|52091|206810|196638
4601|50869|34019|201281
49028|1299|3356|28370|267556
58308|6939|1299|199610
50877|5405|1299|198949|35676
32097|32787|202161
3333|1257|1299|198949|35676
56655|2603|21320|5408|47065|61574
37468|1299|6855|39904
64475|6939|29222|41495
7713|174|37468|61568|266460|61625
199524|3356|21320|5408|47065|61574
31742|1299|3257|204548|215728
513|174|20473|47065|61574
209650|34927|174|216211|211575
513|29222|6939|268944|271441
42473|1299|3257|204548|215728
3491|1299|25091|8298|4601|4492
16347|1299|3223|41327
213241|9002|1299|8551|20473|47065|61574
17639|1299|2914|226|47065|61574
21700|174|35598|52091|206810|210063
139317|44324|32595|174|31404
2734|13786|263047|262485|271315
513|29222|6939|15935
58308|6939|1299|200217
398465|1299|60068|211571
6720|1764|174|12389|39089|202279|206810|52091|41039|48595
25160|41327|24796|12779|197000
37662|174|201814|209896
328512|5713|174|3257|21034
58952|137409|62000|212815|52025|212895|210320
39122|1299|3356|28370|269016
207841|6939|28917|39238|49392|9098
35266|1299|8551|44709
8529|1299|1680|20473|47065|61574
16552|1299|3356|16735|2716
44324|13335|400095
31742|1299|201814|209896
64475|7195|28189|266931|269250|271150
25091|5511|174|20473|47065|61574
35426|215596|1299|3356|28370|268521
62000|56584|202673
3549|3356|1299|201814|209896
28917|6939|1299|25899|25905
58299|62255|62379
139317|44324|32595|174|9457|138199
57821|12586|3257|5405|8943|200636
8455|3356|174|399697|39967|399697
28917|6939|1299|11019
29691|1299|56630|209944
6696|1299|56504|47674
139317|44324|32595|174|206262|57722
35600|16276|203019
5713|174|12956|212721
58308|6939|7018|399571
4764|1299|6461|394737
7594|174|20723|2852|202874
30844|33891|60068|211571
62167|174|10490|2722|12148|47065|61574
327960|174|12389|39089|202279|206810|52091|41039|48595
39351|174|3257|19318|201813
139317|44324|32595|174|14
204092|6939|15372|203592
3257|1299|20473|47065|61574
3356|174|60068|205884
28917|6939|1299|4538
32590|37100|1299|12389|39089|202279|206810|52091|41039|48595
12859|47065|61574
35600|58453|30990|174|37100|327713|37298
9044|1299|3223|34224|12735
3356|1299|12859|47065|61574
7660|2516|174|20473|47065|61574
1267|6762|174|37468|61568|266460|61625
12779|6939|28370|263060
34549|174|22381|267470|263047
61218|29632|9002|1299|198949|35676
207841|6939|28917|21453|48149
139317|44324|32595|174|396073
13830|971|174|28189|266931|271615|273522|271150
50628|33891|216067|44244
28917|6939|6830|23520|52468|52242
39351|1299|8551|44709
7018|3356|16735|2716
327727|174|1299|6939|24796
34019|29169|1299|8551|44709
29680|174|60068|216213|205884
28917|6939|1299|27947|27668
58308|6939|1299|59796|39010
42541|62255|52091|206810|35273
14907|1299|6762|16735|273514
14315|137409|62000|212815|52053
59891|13030|1299|60068|216213|205884
36924|1299|6855|39904
39122|174|32595|44324
58308|6939|6830|23520|64126|273917
58308|35598|52091|206810|39089
44324|32595|174|399646|206042
8283|6939|28370|268521
20253|1299|60068|197103|212080
8220|1299|6461|394737
12637|6939|28917
38880|4826|1299|3920|206777
48070|1299|3356|28370|269016
37468|33891|60068|211571
4601|50869|214757|204508|44908
210312|4601|50869|215248
9044|174|210|47065|61574
51873|6830|174|399697|39967|399697
16347|1299|6453|29208
50629|174|216211|211575
58308|6939|49418|207957
13030|1299|174|60068|205884
4777|2497|1299|20473|47065|61574
58057|174|60068|197103|212080
34854|1299|12389|39089|202279|206810|52091|41039|48595
12350|34177|33891|44592|49581|209693
47160|174|20473|47065|61574
6424|62255|52091|206810
8426|3257|1299|20473|47065|61574
8455|1299|6855|39904|47767
397131|60011|3356|1299|198949|35676
44324|32595|174|11029
207841|6939|28370|267608
4601|20473|47065|61574
2027|47160|6939|28370|269016
6830|3356|3216|51032|41344|39707
29222|6939|553|212522|63293
28917|6939|6830|33915|9143|12315
6424|13786|263047|269680
48919|174|10490|2722|12148|47065|61574
553|9002|19551|1299|19551
58308|6939|1299|3223|48254
30781|5511|174|37468|61568|266460|61625
6830|6939|28917|48084|199961
48070|1299|33891|216067|44244
212483|8455|8283|47065|61574
58308|6939|1299|31915
58308|6939|1299|5377
52025|174|52468|262393
148968|7474|7473|1299|198949|35676
64475|62255|52091
2734|63270|1299|3356|36207
57821|12586|3257|174|20473|47065|61574
21700|174|35598|52091|206810|24881|24697
15547|174|12956|212721
50304|1299|3356|28370|53079
35426|215596|174|5538|8194|29345
5413|1299|17676|216211|44324|205369
139317|44324|32595|174|393681
35600|6939|28917|47914
262427|174|35598|52091|206810|59867
210312|4601|50869|215172|401804|214955
28917|6939|1299|398465
24516|174|37468|61568|266460|61625
204092|6939|2852|212876
139317|44324|32595|174|398885
24516|174|35598|52091|206810|202497
15562|2914|1299|20473|47065|61574
6424|6939|215172|214955
12969|1299|6461|394737
1299|29695|206557|208835
34927|60011|3356|1299|6855|39904|202605
37721|174|21320|5408|47065|61574
3399|28917|215730|209693
24516|174|35598|52091|206810|24881|24697
49432|48362|1299|6461|394737
29222|6939|2852|197451
37497|3491|174|20473|47065|61574
12637|1299|5511|60068|206406|210557
41327|13786|263047|52793
7922|2914|6424|44592|49581|211507
13030|1299|3257|204548|215728
28917|6939|7018|32629
12586|3257|174|210|47065|61574
199938|1299|3223|34224|12735
34927|52025|32097|25091|8298|4601|4492
6461|62000|212815|52053
206499|34549|174|140227|44324|205369
6830|3356|28370|269016
8888|137409|174|210329|215728
6830|12956|21351|60132
3130|174|13786|263047|266089|52793
139317|44324|32595|174|198507
4181|1299|34927|202827
210312|4601|50869|6939|29222|207688
59891|13030|1299|174|60068|205884
210937|1299|13335|5408
28917|6939|1299|8551|12222
46450|1299|20473|201423
19151|174|21320|5408|50148
553|264409|61832|266460|61625
28917|6939|1299|5056|20273
20253|1299|3356|1680|44709
174|210329|215728
12779|6939|50989|50683
6453|1299|6855|39904
3170|6939|200303
18106|174|22381|267470|263047|264389
4601|50869|6939|28370|264426
28917|6939|1299|60068|212786
28917|6939|1299|52468|23031
20912|12637|1299|198949|35676
207841|6939|2852|61110
57381|50304|1299|3356|20473|47065|61574
29222|6939|12779|204664
4601|6939|28917|50045
58308|6939|35489
51519|39351|174|22381|267470|263047
6461|8899|60294|33891|50673|43414|49784
38880|1299|6453|4755|7768
48185|1299|6453|1031|61568|266460|61625
58308|6939|1299|20473|44354
28917|6939|1299|60068|35487|399272
58057|174|37468|270551|263047
28917|6939|1299|835|52025|203069
6057|6461|1299|198949|35676
210312|4601|50869|6939|25192|26710
37468|174|210329|215728
29222|6939|28370|52593
28917|6939|1299|20473|200268
24785|6830|3491|20473|47065|61574
16552|1299|174|20473|47065|61574
35600|6939|28917|48084|35816
58308|6939|1299|44654
58308|6939|25400|200139
4601|50869|205154
36924|1299|6453|4755|7768
15605|35598|52091|206810|12773|47809
553|9002|12555|210827
45049|6696|1299|12859|47065|61574
12859|1299|3356|28370|268198
8283|6461|62000|212815|52053
51088|8455|1299|198949|35676
553|3320|174|37468|61568|266460|61625
28917|6939|1299|36086
28917|6939|1299|14754
7018|6453|4755|7768
3399|5511|174|11432|271150|272738
28917|57724|12555
45049|6696|5511|174|11432|271150
7018|6939|39790
2497|2914|12859|47065|61574
29222|6939|64475
2734|13786|263047|266089
559|6939|42695|43101
34177|1299|6453|60068|216213|205884
12859|7195|28343|2716
28917|6939|25400|12929
328840|327727|174|204548|215728
20514|1299|7195|28283|268744|2716
58308|6939|6830|23520|270068
4601|50869|52025|205378
12779|6939|2852|202874
8220|1299|21351|60132
58308|6939|7018|62883
28917|6939|50989|48116
58308|35598|52091|206810|59867
44393|394256|174|1299|20473|47065|61574
52025|32097|20473|399970
199524|1299|3356|28370|267556
21700|174|216211|44324|205369
1299|37468|270551|263047
64475|37468|53062|266493|61625
8529|1299|20473|47065|61574
47147|1299|3356|8119
29222|6939|15962
38001|3491|174|22381|267470|263047|264389
132825|174|35598|52091|206810|59815|25299
47147|1299|47232|20723|2852|202874
20514|1299|3356|28370
139317|44324|32595|174|272102|273011
271253|6453|2914|12859|47065|61574
559|13237|196714|199284|33891|3356|34984
2500|2914|174|140227|44324|205369
58308|29075|174|399697|39967|399697
44324|32595|174|33811
34177|1299|6762|16735|2716
7018|3356|28370|53079
20514|1299|6855|39904|202605
5405|1299|8551|20473|47065|61574
21412|1299|60068|216213|205884
35426|215596|1299|3223|41327
58308|6939|1299|21277|13335
216285|8280|6762|174|10490|2722|12148|47065|61574
264409|174|1299|20473|47065|61574
23352|3257|174|201814|209896
58308|6939|62193
28917|6939|7018|400072
28917|6939|1299|20473|207890
29222|6939|29670|47496
35600|21351|60132
29222|6939|48678|44547
6082|2914|1299|6939|24796|63293
264409|174|6453|19318|209896
58057|174|62000|212815|52053
3320|1299|7195|11432|271150
39392|33891|264409|61832|266460|61625
61218|29632|12859|47065|61574
4181|1299|3356|1680|44709
13030|33891|60068|211571
49605|56911|174|12389|39089|202279|206810|52091|41039|48595
174|13786|263047|52793
58308|6939|28917|44056|57629
15605|59692|12555
50304|1299|3356|22381|267470|263047|264389
59891|13030|33891|216067|44244
24516|174|14840|2716
44324|32595|174|329344
29691|1299|174|60068|216213|205884
513|29222|6939|49418|198981
2516|1299|20473|47065|61574
1299|6939|50989|48116
4601|50869|51087
28917|6939|1299|20115|22677|397019
680|1299|3920|206777
328206|37739|3491|1299|6424|44592|49581|211507
28917|6939|1299|23520|11556|52336
41666|20764|52091|206810|39558
4601|8298|25091|1299|20473|47065|61574
29222|6939|29208|198605
5713|174|60068|197103|212080
28917|6939|1299|23520|27884|265735
32595|174|60068|216213|205884
64475|6939|28917|48084|59833
28917|6939|1299|20473|51191
50300|33891|216067|44244
327960|174|6453|29208
210937|1299|8551|20473|47065|61574
34927|60011|3356|9002|62000|212815|52053
15605|12637|13335|5408
30600|1299|42303|51701|30893
14907|1299|198949|35676
58308|6939|1299|3249|35106
3356|6461|6424|44592|49581|209693
47147|1299|7195|11432|271150
34854|1299|174|210329|215728
34019|49581|211507
6908|174|14840|269288
6424|6939|2852
28917|6939|7018|395568
20130|23352|2914|174|8551|20473|47065|61574
58308|29075|1299|10490|2722|12148|47065|61574
50877|5405|6939|28370|52593
327727|174|28283|268744|2716
24516|174|21320|5408|50148
209650|34927|1299|3356|28370|268521
28917|6939|1299|8151|272329
20473|2603|21320|5408|47065|61574
4775|1273|174|60068|205884
28917|6939|1299|28118|14789
29222|6939|25400|198309
40994|6461|9498|20473|47065|61574
559|35598|52091|59815|25299
9002|1299|3920|206777
139317|44324|32595|174|42313|207502
14907|5511|174|52468|262393
48070|1299|3356|28370|268521
40994|57463|41327|24796
58308|6939|1299|270126
210312|4601|50869|41051|212037
28917|6939|1299|27947|273040
42541|29632|215536
28917|20764|52091|206810|202497
12969|1299|8551|44709
28917|8359|57304|15935|199711
32590|1299|60068|197103|212080
37105|36994|1273|174|20473|47065|61574
1031|999|6453|174|13786|263047|271068
196621|8758|9002|1299|198949|35676
151326|174|3356|16735|2716
32590|6453|1299|20473|47065|61574
44324|32595|174|3714
9900|23764|1299|12859|47065|61574
4601|50869|44324|139299
29222|6939|42184|210035
28917|6939|1299|20473|63910
1403|577|1299|20473|47065|61574
20253|1299|6453|29208
4601|50869|34019|209090|211781
12389|1299|198949|35676
29075|1299|3356|28370|267556
12859|35598|52091|206810|196638|42702
58308|6939|6830|23520|272935|272908
47147|1299|60068|197103|212080
28917|6939|3170|49485
39351|174|10490|2722|12148|47065|61574
3130|174|46427|64289|44592|49581|211507
48070|6939|28917|8926|200019|48753
4181|1299|6453|29208
6057|174|140227|44324|205369
215596|174|21320|5408|47065|61574
58057|34549|1299|37468|270551|263047
58308|6939|50989|48116
28917|6939|1299|20473|399976
50629|49434|212815|52053
22652|1299|3223|41327
15605|6939|2852|197451
59689|30781|5511|174|37468|61568|266460|61625
49432|48362|1299|174|1916|47065|61574
6082|174|5538|8194|29345
7018|6939|2852|197451
34800|58057|50673|174|60068|216213|205884
53828|2914|1299|6855|39904|47767
215596|1299|4230|2716
28917|6939|1299|60068|397032
60326|34927|1299|17676|216211|44324|205369
34854|1299|32787|202161
58308|6939|1299|30823|49418|213877
39122|1299|3223|41327
8455|1299|6855|39904
20912|12637|8772|396416
559|35598|52091|206810|57164
31742|1299|3356|28370|53079
50877|5405|1299|20473|399970
48070|6939|28917|206011
5405|6939|24796|63293
327782|37100|2603|21320|5408|47065|61574
48070|6939|28917|48084|35816
44324|32595|174|13335|395747
28917|6939|1299|11172
28917|6939|1299|23520|5639|27924
40387|1299|3223|41327
41666|20764|52091|206810|211101
35008|1299|3257|204548|215728
199524|1299|16276|203019
64475|9002|12555
7018|2914|226|47065|61574
553|6461|4637|20473|47065|61574
6720|1764|174|216211|211575
29222|6939|30893|204789
29075|1299|3920|206777
28917|6939|6830|58299|211286
15605|6939|30893|13214
4601|50869|6939|28370|28657
210312|4601|50869|204464|206586
6461|1299|20473|201423
262427|174|35598|52091|206810|211692|214268|196977
210312|4601|50869|41051|213422
41327|6939|28370|52593
29222|6939|40994
8283|6939|24796
2518|2516|174|20473|47065|61574
28917|6939|40994|216321
28917|6939|1299|14522|52458
37739|3491|174|8551|20473|47065|61574
199938|1299|12859|47065|61574
15605|35598|52091|206810|12773|44710
28917|6939|1299|3301|198476
1299|174|210329|215728
48070|6939|28370|268198
29504|15935|174|35598|52091|206810|35273
210937|1299|174|21320|5408|47065|61574
12859|1299|20473|201423
50629|6204|208972|210538|6775|13030|4637|133398
327983|37497|174|204548|215728
58308|6939|28917|48084|59833
5413|1299|174|1916|47065|61574
3333|1257|174|22381|267470|263047|264389
35600|58453|30990|174|37100|327708|36926|37133|328075
210937|1299|6453|19318|209896
2914|174|140227|44324|205369
12969|1299|3356|28370
136557|174|8551|20473|47065|61574
8283|6939|28370|270962
44324|32595|174|42228
19151|2914|1299|198949|35676
35266|6424|44592|49581|209693
44393|394256|174|60068|205884
16347|1299|37468|60068|216213|205884
210312|4601|50869|214757|204508
49028|1299|6939|215172|214955
42541|62255|52091|206810|202497
28917|6939|1299|6855|50881
58308|6939|42695|43101
4601|50869|41051|216339
58308|6939|1299|212477|23061
28917|6939|1299|199544
28917|6939|3170|399275
3701|174|140227|44324|205369
28917|6939|1299|398109
58308|6939|48678|213407
4601|50869|215828|214079
28917|6939|1299|397516
4601|50869|6939|2852|198500
35008|1299|6424|44592|49581|211507
20764|174|60068|205884
15562|2914|174|5538|8194|29345
36924|6762|174|399697|39967|399697
13030|1299|7195|11432|271150|272738
52873|12956|6830|60068|216213|205884
139317|44324|32595|174|25645
58308|6939|1299|15113
328512|37100|1299|3920|206777
58299|174|138997|216211|44324|205369
42541|1299|12956|212721
58308|6939|1299|51290
44324|32595|174|43766
57111|41327|13786|263047|262578
2497|174|13786|263047
3491|1299|6855|39904|202605
28917|6939|268624|53245
202365|50673|174|2914|20473|47065|61574
148968|1299|8551|44709
44324|32595|174|63089
6424|6939|28917|44056
37053|37100|1299|8551|44709
35426|215596|1299|37468|270551|263047
328840|327727|174|35598|52091
42473|1299|6855|39904|199604
7018|6939|59689
29222|6939|553|204310
15605|35598|52091|206810|196638
40994|6939|60432
6830|3356|1680|20473|47065|61574
49432|48362|1764|5405|61568|266460|61625
28917|6939|1299|20473|28715
59890|60068|1299|3920|206777
5405|6939|54429|401894
6424|1031|61568|266460|61625
15605|137409|206216|215172|214955
42541|62255|52091|59815
327727|174|1299|6939|24796|63293
55222|1299|22773|8119
6830|6939|24796
28917|6939|1299|20473|401815
28917|6939|7018|28469
55222|174|210329|215728
16552|6453|174|60068|216213|205884
174|35598|52091|206810|59815|25299
35426|215596|1299|198949|35676
50629|20764|52091|206810|12773|44710
49788|12552|9002|62000|212815|52053
20932|1299|8551|44709
2734|13335|5408
28917|6939|1299|23520|262191|273221
44324|32595|174|399646|40776
16552|37271|33891|216067|44244
58308|6939|56595|202590|200280
20055|174|13786|263047|267961
20912|174|52468|271150
35369|1764|174|52468|262393
2497|1299|12859|47065|61574
9002|1299|17676|216211|44324|205369
28917|6939|1299|4229|21859|396986
35600|6939|28917|201119
11039|6461|1299|1680|20473|47065|61574
29691|1299|6855|39904|47767
12637|6939|2852|210367
264479|6762|1299|29695|206557|205190
20205|1299|29695|206557|205190
41327|61568|266460|61625
58308|6939|6830|23520|263703|270026
25091|2603|21320|5408|47065|61574
37497|1299|6855|39904|47767
132337|12859|47065|61574
58308|6939|1299|51167
58308|6939|1299|63270|397301
25091|33891|216067|44244
58308|6939|47160|213873
6424|52468|271150
5713|174|3257|21034
6894|174|35598|52091|206810|59867
29479|50304|47311|150249|153176
327727|174|22381|267470|263047|264389
5413|1299|12956|212721
28917|6939|1299|22442
58308|6939|1299|32374
3701|11164|6461|6424|44592|49581|209693
41327|215551|30893|13214|35634
28917|6939|1299|36352|399502
34927|56655|1299|6762|49666|58224|214805
139317|44324|32595|174|396101
44324|32595|174|32473
34019|6939|16652
1299|174|204548|215728
37697|3491|174|204548|215728
559|35598|52091|206810|202497
20932|1299|6855|39904
20253|1299|6855|39904|202605
15605|6939|30893|200690
28917|6939|1299|20473|401209
29222|1299|6855|39904
209|3356|1299|3920|206777
58299|62255|52091|206810|214721
6424|33891|44592|49581|209693
28917|6939|25400|15765|203673
57381|50304|1299|7545|20473|47065|61574
3399|5511|1299|20473|201423
28917|6939|6424|46516
4601|8298|25091|2603|21320|5408|47065|61574
174|1299|20473|47065|61574
41327|13786|263047|262813|265917
29691|33891|216067|44244
29680|174|22381|267470|263047|264389
58057|6939|1299|20473|399970
34177|33891|44592|49581|209693
196621|6939|60432
64475|6939|42695|43101
553|28283|268744|2716
207841|6939|28917|21453|35271
174|3356|8772|215536
15935|174|22381|267470|263047|264389
29222|6939|215172|214955
58308|6939|1299|52468|271967
28917|37468|270551|263047
271253|1299|8551|44709
4764|174|13786|263047
35008|1299|174|37468|61568|266460|61625
12779|62255|52091|206810|211692|214268|197578
37497|3491|1299|198949|35676
50673|174|5538|8194|29345
11039|6461|1299|34927|202827
44324|32595|174|21826|273843
48185|12859|47065|61574
4601|50869|41051|201732
20080|2914|1299|6855|39904|202605
139317|44324|32595|174|36236
553|1299|6204|44592|49581|209693
31510|174|3356|3223|34224|12735
28917|6939|8943
35600|6939|2852|212876
58308|6939|56595|43442
28917|6939|1299|8560
58308|6939|1299|205184
58308|6939|1299|52468|269989
50877|5405|62255|52091|206810
14907|137409|62000|212815|52053
31122|2603|21320|5408|47065|61574
58511|3257|174|210|47065|61574
8283|6762|16735|2716
29680|174|21320|5408|50148
2027|35280|6453|174|21700|399914
3333|1257|1299|8551|44709
553|6939|42695
6082|174|10490|2722|12148|47065|61574
24482|137409|62000|212815|52053
140227|44324|215172|214955
20764|174|60068|216213|205884
48362|2603|21320|5408|47065|61574
6894|174|6453|4755|7768
8283|20764|52091|206810|50204
64475|6939|28917|6789|200702
139317|44324|32595|174|44891
40387|1299|6453|29208
7018|3356|8772|215536
28917|6939|1299|20473|215011
6830|3257|60068|206406|210557
20080|2914|174|20723|2852|202874
207841|28283|268744|2716
49544|1299|3257|204548|215728
50628|33891|44592|49581|209693
34177|1299|6762|267470|263047
6424|6939|28917|8926|41221|207164
28917|6939|1299|52468|265684|272013
28917|6939|1299|13335|395747
20253|1299|3257|60068|206406|210557
28917|6939|7018|22617
14907|1299|174|140227|44324|205369
49028|1299|2914|226|47065|61574
35600|4601|4492
30781|33891|60068|211571
58308|35598|52091|206810|48595
37100|2603|21320|5408|47065|61574
28917|6939|1299|199524
12637|16276|203019
34019|7195|28189|266931|269250|271150
58308|6939|6830|23520|264821|271799
44324|32595|174|13999
38001|9002|21320|5408|47065|61574
3491|174|37468|270551|263047
32590|6453|2914|12859|47065|61574
513|29222|6939|263047|267425
20253|1299|4230|52654|266493|61625
58308|6939|7018|3423|13979|10616
12637|35598|52091|206810|12773
7018|6939|50989
35008|1299|4230|2716
28917|6939|1299|54509
29222|6939|12735|15830
2734|3257|174|60068|216213|205884
58299|62255|52091|206810|50204
16347|1299|6453|19318|201813
1299|6855|39904|47767
209|3356|1299|16276|203019
44324|32595|174|11805
58299|50263|201814|209896
6423|20055|1299|29695|206557|204503
28917|6939|1299|23033|401988
6894|174|13335|400095
513|29222|6939|204310
553|174|21320|5408|47065|61574
28917|6939|1299|401909|393336
6424|262287|22356|49418|216127
60068|174|7311|835|394273
28917|20764|52091|206810|196638
13830|971|174|37468|61568|266460|61625
8283|6939|196610
553|9002|12555|212247
50304|1299|3356|28370|263060
12350|1299|3356|28370|268198
20205|1299|6453|60068|216213|205884
42541|3216|51032|41344|39707
58308|6939|50629|207252
28917|6939|1299|57811|201029
4230|1299|6855|39904
35600|50263|21263|33814
4601|50869|6939|200070
29222|6939|25400|31264
20764|174|1299|198949|35676
6461|174|56630|209944
58308|6939|1299|212318
209650|34927|1299|3356|28370|263535
6830|2914|13786|263047|269488
29222|6939|15935|198143
327727|174|6453|19318|209896
58308|6939|1299|42201
205206|33891|212815|52053
202032|58115|21263|203293
199524|174|11432|271150
34927|56655|1299|174|20473|47065|61574
204092|6939|30893|199580
35710|2603|21320|5408|47065|61574
29479|50304|1299|201814|209896
24516|174|35598|52091|206810|214721
6057|174|20473|47065|61574
48070|6939|28917|24651
58308|20764|43298|48678|213865
45049|6696|1299|6855|39904
6424|28283|268744|2716
174|21320|5408|47065|61574
48070|20473|47065|61574
7018|3356|28343|2716
23352|3257|5405|8943|200636
28917|6939|1299|906|212336
58308|6939|33891|44946
58308|6939|1299|3301|206884
40994|174|5538|8194|29345
4601|50869|41051|206633
58308|6939|12735|205893
58308|6939|29222|41495|206202
6908|174|5538|8194|29345
199524|37100|1299|6855|39904
58308|6939|1299|60051|208293|203214|51684
553|9498|20473|47065|61574
397131|60011|3356|1299|20473|399970
58308|6939|5405|43902
13830|971|174|35598|25308|28917|9049|51017
28917|6939|1299|20473|13696
207841|6939|28917|6789|48004
264409|174|204548|215728
1299|37468|52468|271150
3303|174|140227|44324|205369
22652|174|3356|60011|34927|208690
36924|6762|174|11432|271150
56655|1299|8943|200636
34019|29169|174|60068|205884
34927|1299|52320|7738|262999|272466
29222|6939|9136|34219
7018|6453|29208
174|60068|197103|212080
34288|1299|6453|19318|201813
44324|32595|174|11900
35600|6939|393682
4764|1299|29695|206557|204503
209650|34927|1299|60068|197103|212080
58308|6939|1299|6758|33874
37105|37662|174|21320|5408|50148
2914|174|11432|271150
8455|1299|6855|39904|202605
29222|6939|24796|63293
198249|20473|47065|61574
63018|174|210329|215728
35600|1828|13789|30372|3356|174|393216
4230|1299|35598|52091|206810
50877|5405|6939|33924
8455|1299|174|140227|44324|205369
50131|174|1299|8551|44709
34800|29632|9002|3356|1299|20473|47065|61574
28917|6939|1299|20473|395460
49434|5511|174|52468|262393
328840|327727|174|3257|204548|215728
4608|4826|1299|35598|52091|206810
14537|3356|1299|6855|39904|202605
22652|1299|6204|44592|49581|209693
210312|4601|50869|52025|212895|402182
41327|6939|54429|401894
15935|174|28189|266931|269250|271150
49028|6830|60068|211571
3130|174|21700|399914
58308|6939|1299|20940|34164
5413|1299|3491|216211|211575
202297|23764|35168|212999
12637|1299|3920|206777
42541|35598|52091|206810|196638
17660|2914|6424|44592|49581|209693
49028|1299|7195|28343|2716
48070|1299|174|22381|267470|263047|264389
139317|44324|32595|174|15326
20485|1299|6855|39904
327983|37497|1299|12389|39089|202279|206810|52091|41039|48595
58308|6939|1299|11664
28917|6939|1299|398044
50628|1299|3491|216211|211575
50629|215551|30893|205563
28917|6939|1299|23520|273871
48185|1299|10490|2722|12148|47065|61574
139317|44324|32595|174|213184
48362|1764|5405|61568|266460|61625
215596|174|13786|263047|267961
210937|1299|20473|399970
29075|6424|44592|49581|211507
41327|13786|263047|267961
44324|32595|174|400529
394256|174|28189|266931|269250|271150
58308|6939|1299|10158
59414|6830|174|28283|268744|2716
32590|1299|37468|270551|263047
15605|35598|52091|206810|197643
34927|1299|3356|8772|215536
42541|44592|49581|211507
57111|174|60068|197103|212080
196621|15576|174|210|47065|61574
37271|174|5459|200070
28917|6939|1299|34170|138915
50131|174|21320|5408|47065|61574
58308|6939|7018|20182
48185|3356|174|20473|47065|61574
6762|174|204548|215728
34927|52025|1299|8551|44709
8455|1299|6453|4755|7768
196621|6939|50989|48116
39122|174|60068|205884
58308|6939|6830|23520|52468|262179
14907|1299|3356|28370|269016
15935|174|1299|22773|8119
20253|1299|6204|44592|49581|209693
206356|50629|50263|201814|209896
28917|6939|1299|17018|53698
8758|8220|1299|20473|399970
262427|174|3257|60068|206406|210557
58308|6939|15962|50881
263237|174|21320|5408|47065|61574
57695|917|60068|1299|56630|209944
3741|174|1299|6855|39904
29222|6939|29208|44770
28917|6939|1299|6400|273157
3170|9498|20473|47065|61574
15935|6461|52320|7738|262999|272466
57111|174|56630|209944
971|174|35598|52091
136557|174|210|47065|61574
3549|3356|1299|6855|39904|202605
398465|3320|1299|60068|216213|205884
21232|15576|35598|52091|206810|214721|204108
37497|3491|174|60068|216213|205884
12956|1299|6855|39904
28917|8359|57304|15935|204860|201931
29504|39392|174|20473|47065|61574
174|3257|28917|215730|209693
47147|1299|33891|216067|44244
29222|6939|553|203703
28917|6939|1299|14754|52356
328840|327727|174|3356|8119
47160|174|28189|266931|269250|271150
15547|174|3257|60068|206406|210557
29680|3257|1299|198949|35676
57777|9002|8772|215536
8218|6461|174|37468|61568|266460|61625
34927|174|22381|267470|263047|264389
213241|28917|215730|209693
204092|6939|42695|52011
48185|1299|22773|8119
29222|6939|12735|205893
28917|6939|1299|23520|52468|272058
139317|44324|32595|174|212175|59437
58308|6939|1299|36352|27176
3333|12859|215551|30893
58308|6939|1299|204805
3320|1299|13335|5408
174|140227|44324|215172|214955
49028|1299|3356|28370|264426
210312|4601|50869|41051|208487
28917|6939|200070
8283|7195|11432|271150|272738
15935|174|3356|8119
8283|50509|51032|41344|39707
852|174|11432|271150
6830|3257|37468|270551|263047
2516|1299|2914|226|47065|61574
35598|174|6453|29208
57111|41327|6461|52320|7738|262999|272466
139317|44324|32595|174|42313|212986
327727|174|35598|52091|206810|8274
29075|174|3257|21034
16552|1299|3356|60011|34927|208690
139317|44324|32595|174|60068|205884
34288|1299|3356|28370|269016
39351|1299|3356|28370|268521
38001|3491|1299|20473|47065|61574
210312|4601|50869|6939|25192|29067
20514|1299|35598|25308|28917|204076
327727|174|3257|21034
7713|174|8551|20473|47065|61574
14315|2914|174|20473|47065|61574
56655|12859|47065|61574
58308|6939|1299|52025|54681
64475|6939|28370|264426
41666|1031|262999|272466
30600|174|20473|47065|61574
20932|1299|174|37468|61568|266460|61625
28917|6939|1299|14754|263824
20932|1299|2914|226|47065|61574
64475|6939|42695|52011
63927|1299|20473|47065|61574
15605|6939|28370
8283|14840|2716
136557|174|35598|52091|206810|214721
57381|50304|1299|3356|28370|267556
29504|15935|174|3257|204548|215728
34019|13335|400095
29222|6939|49418|215590
44324|32595|174|53667|152697
58308|6939|1299|20473|214921
6894|174|56630|209944
6082|174|22381|267470|263047|264389
6424|6939|29222|204957
28917|6939|1299|52423
20253|1299|35598|52091|206810
51184|47692|33891|20473|47065|61574
207841|6939|30893|13214
29680|174|62000|212815|52053
29680|174|20473|47065|61574
215596|1299|6461|394737
2516|1299|8551|20473|47065|61574
45352|174|210329|215728
327960|174|137409|62000|212815|52053
28917|6939|1299|46161
7713|1299|6855|39904|202605
58299|37271|20473|47065|61574
64475|6939|30893|199580
553|1299|3356|8119
45352|1299|3223|34224|12735
58308|6939|262365
139317|44324|32595|174|397601
12637|1299|6855|39904|47767
36994|3356|21320|5408|47065|61574
1299|3356|14840|269288
28634|4230|1299|8551|44709
50629|20764|52091|206810|39558
58308|6939|1299|32270
40994|174|52468|271150
64475|62255|52091|206810|59815|25299
262427|174|60068|211571
139317|44324|32595|174|25509
210312|4601|50869|6939|60432
29222|6939|52838
6424|174|35598|52091|206810|48687
28917|6939|1299|32787
44324|32595|174|202521
47147|1299|5511|60068|206406|210557
20932|174|210329|215728
50131|36236|174|140227|44324|205369
4826|137409|62000|212815|52053
20253|1299|3257|204548|215728
57111|41327|174|52468|262393
20253|1299|3223|41327
29222|6939|12735|51559
2027|47160|6939|54429|401894
29691|1299|174|20473|47065|61574
29222|6939|9120
40994|6939|28917|6789|200702
28917|6939|1299|32097|401132
34800|58057|50673|174|140227|44324|205369
28917|6939|56595|207067
47147|3320|33891|216067|44244
7660|2516|1299|37468|60068|216213|205884
7018|3356|16735|266931|269250|271150
199524|174|35598|52091|206810|59867
132825|174|6453|29208
8298|25091|33891|60068|211571
52873|12956|1299|8551|44709
49028|1299|12859|47065|61574
209|3356|1299|20473|399970
12637|6939|28370|268198
24785|6830|3356|28370|269016
58308|39801|29222|204957
6667|9002|62000|212815|52053
16552|1299|174|21320|5408|50148
6830|3491|216211|211575
44324|32595|174|327727|328840
58308|6939|1299|398705
3216|1299|174|210329|215728
58299|34549|1299|3920|206777
42541|62255|52091|206810|56766
29222|6939|40994|198510
20764|174|2914|226|47065|61574
34927|52025|32097|4230|2716
139317|44324|32595|174|397161
2914|174|21320|5408|47065|61574
48362|1299|20473|47065|61574
44324|32595|174|53667|210025
16552|37100|1299|201814|209896
48070|6939|28917
11845|37468|1299|6855|39904|47767
24516|137409|62000|212815|52053
17350|6453|1299|29695|206557|205190
14630|1299|6855|39904|202605
577|1299|8551|20473|47065|61574
4764|1299|6855|39904|202605
12859|35598|52091|206810
58308|6939|5405|204704
6424|52320|7162|13878|52468|271150
28917|6939|6830|23520|272935|267845|273224
553|1299|12859|47065|61574
8283|56630|209944
16552|1299|6762|16735|273514
559|6939|28370|264426
34854|1299|6453|19318|201813
64475|12859|47065|61574
44324|32595|174|398113
327960|174|35598|52091|206810|196638
29632|9002|3356|174|140227|44324|205369
25369|6424|44592|49581|211507
47147|1299|174|60068|216213|205884
50877|5405|6939|30893|13214|35634
4777|2497|174|35598|52091|206810
9268|4764|1299|3257|60068|206406|210557
29222|6939|197301
58308|35598|52091|206810|202497
4826|1299|8551|20473|47065|61574
12779|174|5538|8194|29345
35008|1299|3356|8772|215536
58308|59689|29075|174|204548|215728
174|13786|263047|266089
8220|6453|174|11432|271150
199938|1299|3356|28370
57381|50304|1299|3356|28370|269016
52320|1299|20473|399970
198385|174|1299|198949|35676
39351|174|60068|216213|205884
61218|29632|9002|3356|1299|20473|47065|61574
59890|60068|33891|20473|47065|61574
48070|1299|3223|41327
20253|1299|8551|20473|47065|61574
394256|174|3257|19318|209896
64475|6204|208972|210538|6775|13030|4637|133398
58308|6939|7018|6431
58308|6939|7018|20057
33891|13786|263047|269680
62000|41441|210320
15605|35598|52091|206810|50204
29691|1299|174|22381|267470|263047|264389
57695|917|60068|1299|3356|28370|263060
198385|174|3356|268624|28370|28657
139317|44324|32595|174|21320|5408|47065|61574
58057|174|3257|204548|215728
34927|52025|137409|62000|212815|52053
210312|4601|6939|28917|197078
209650|34927|1299|20473|399970
13786|174|204548|215728
29075|12859|47065|61574
28917|6939|1299|16509|149172
44324|32595|174|270068
28917|6939|1299|208905|208666
29222|6939|40994|216321
39122|1299|3257|60068|206406|210557
20205|1299|4230|2716
48070|6939|28917|9110
12779|28283|268744|2716
8220|3491|174|204548|215728
3491|174|60068|205884
41666|20764|43298|48678|210574
328964|23764|137409|62000|212815|52053
28917|6939|1299|20473|209300|24239
6830|3356|13786|263047
2734|2914|1299|35598|52091|206810
35600|6939|28917|28907
6423|20055|1299|6855|39904|47767
56987|174|21320|5408|50148
3170|174|22381|267470|263047
5405|266493|61625
151326|174|35598|52091|206810|12773|213694
13830|971|174|12389|39089|202279|206810|52091|41039|48595
28917|6939|15372
30781|1299|20473|399970
210312|4601|50869|213423
41666|20764|43298|48678|213865
12637|1299|3257|204548|215728
44324|32595|174|397142
12637|6939|28370|267608
48070|6939|28917|24651|39900
58308|6939|50629|44700
59105|2518|2914|174|20473|47065|61574
202365|50673|174|7545|20473|47065|61574
6894|3257|1299|20473|399970
327960|174|35598|25308|28917|9049|51017
58308|6939|1299|6424|203020
7594|174|35598|52091|206810|202279
28917|6939|1299|14016
12859|35598|52091|206810|5598
28917|6939|3170|203589
50304|1299|52320|7738|262999|272466
28917|6939|1299|131429
42473|1299|3356|28370|267608
49028|1299|3356|28370|268521
213151|6424|44592|49581|211507
28917|6939|1299|51569
3216|1299|8551|44709
210312|4601|50869|6939|39790
199524|21320|5408|47065|61574
29222|6939|196610|48927
3491|174|22381|267470|263047|264389
136557|174|35598|52091|206810
199524|1299|6461|62000|212815|52053
58308|6939|49418|206134
19151|174|6762|1680|44709
30600|1299|6855|39904|47767
8220|1299|2914|226|47065|61574
852|1299|1680|20473|47065|61574
58308|6939|33891|197988
37497|1299|201814|209896
28917|6939|1299|30517|46293
6082|2914|30058|216211|44324|215172|214955
6894|174|13786|263047|266089
12859|6939|25192|26710
328512|5713|174|60068|197103|212080
55222|1299|6855|50698
198385|174|6461|394737
196621|6939|39790
58299|21320|5408|47065|61574
25160|174|204548|215728
14907|1299|20473|399970
12637|6939|2852|197451
35710|3320|33891|216067|44244
21232|13030|1299|6453|19318|201813
139317|44324|32595|174|207498
6424|6939|28917|44812
58308|6939|50629|207252|216267
206499|34549|6461|62000|212815|52053
50673|174|12956|212721
262427|174|6461|394737
6730|6830|1299|21351|60132
4601|50869|58299|34924
204092|6939|28917|39153
29222|6939|50989|205966
9268|4764|1299|6461|394737
28917|6939|1299|23520|263238|271933
6730|6830|3356|28370|263963
24785|6830|174|13786|263047
140627|2914|174|210329|215728
40994|2914|12859|47065|61574
38136|50131|174|60068|216213|205884
51184|47692|3356|21320|5408|47065|61574
13030|1299|10490|2722|12148|47065|61574
16347|1299|3257|210329|215728
28917|6939|1299|7632|9905
1764|174|52468|262393
394256|174|6453|29208
58308|6939|3170|43851
28917|6939|32097|22295|206042
56655|1299|4637|20473|47065|61574
139317|44324|32595|174|55410|24023
28917|6939|1299|20473|153057|153168
35600|6939|28917|39134|39561|197695|210550
199524|3356|1299|6855|39904|199604
12859|35598|52091|206810|59867
20764|174|1299|20473|47065|61574
1299|52320|7738|262999|272466
6894|174|35598|52091|206810|24881|24697
148968|7474|3257|174|1916|47065|61574
559|6424|44592|49581|209693
28917|6939|1299|20473|398549
58057|174|6461|394737
42473|6424|44592|49581|211507
31510|174|10490|2722|12148|47065|61574
15605|35598|52091|206810|5598
32590|1299|12859|47065|61574
48070|1299|3356|28370|53079
6424|6939|28917|50045
12637|35598|52091|206810|196638
196621|6939|28917|52191
4181|1299|29695|206557
12779|2603|21320|5408|47065|61574
58308|6939|3170|215323
58308|6939|30893|204789
47147|9002|6424|44592|49581|209693
12859|6939|207995
327782|37100|1299|198949|35676
328840|327727|174|210329|215728
12779|174|13786|263047|268105
151326|137409|62000|212815|52025|212895|210320
263237|137409|62000|212815|52053
39122|1299|3356|28370|53079
398465|174|60068|216213|205884
39122|1299|7545|20473|47065|61574
28917|6939|61618|269288
3320|6461|6424|44592|49581|211507
64475|62255|52091|206810|57460
24516|174|35598|52091|206810
553|6939|50989|50683
4601|50869|204464|212467
40994|6939|196610
2734|13786|263047|262485|266327
1273|2914|12859|47065|61574
16552|4637|33891|216067|44244
2497|174|56630|209944
56655|1299|7195|20473|47065|61574
21412|1299|6461|394737
210937|1299|56504|47674
50629|6461|394737
39351|1299|3223|41327
58308|6939|271150
4601|50869|215828|215849
7594|174|21320|5408|47065|61574
28917|6939|62000|208226|202986
6730|6830|3356|28370|268198
44324|32595|174|40727
28917|6939|1299|60068|216213|200216
6082|2914|1299|8551|44709
34927|1299|3257|20473|47065|61574
132337|1299|3257|204548|215728
28917|6939|202297
60068|1299|198949|35676
29479|50304|1299|22773|8119
174|6461|9498|20473|47065|61574
28917|6939|1299|137366|45287
47147|1299|174|20473|47065|61574
29680|174|14840|269288
41327|6830|60068|216213|205884
42541|47065|61574
28917|6939|1299|15692
5405|6939|54429
6424|174|210|47065|61574
15547|174|21320|5408|50148
3170|6461|8899|60294|33891|50673|43414|49784
12779|6461|23352|20473|47065|61574
11039|6461|174|210329|215728
41666|20764|52091|206810|197643
7594|174|11432|271150|272738
8529|1299|20473|201423
5413|6461|62000|212815|52053
64475|6939|30893|13214
29691|1299|6453|29208
4601|50869|34019|209523
559|6939|50989|205966
18106|33891|216067|44244
398465|6939|1299|20473|214587
8529|1299|10490|2722|12148|47065|61574
8283|6939|30893|200690
28917|8359|57304|15935|198143
47692|3356|1299|201814|209896
24482|33891|44592|49581|209693
44324|32595|174|26269
58308|6939|1299|3308|42789
47160|174|13786|263047|269488
136557|174|216211|44324|205369
139317|44324|32595|174|7497
13030|1299|174|14840|269288
12859|35598|52091|206810|59815|25299
6424|6939|54429|401894
12859|7195|11432|271150
34854|1299|3356|28370|53079
64475|44592|49581|211507
44324|32595|18423|137409|6424
328840|327727|174|35598|52091|206810|211692|214268|196977
1299|6939|28370|52593
58299|28917|215730|209693
29222|6939|12735|15830|47952
31742|1299|3356|16735|273514
139317|44324|32595|174|53667|139791
58308|6057|28283|268744|2716
3491|174|16276|203019
41327|13786|263047|262578
49028|1299|6939|30893|13214|35634
559|6939|30893|200690
28917|6939|1299|20473|213447
151326|174|35598|52091|206810|48595
327960|174|16276|203019
20253|137409|62000|212815|52053
21412|1299|37468|270551|263047
37697|37497|1299|6855|39904|47767
210312|4601|8551|44709
12779|174|13786|263047|269488
29222|6939|39791|47493
7713|1299|5511|49666|58224|214805
6424|1299|6855|39904|47767
6830|3491|209810|207187|202551
5405|62255|52091
29222|6939|35133
9268|4764|1299|29695|206557
56655|1299|6762|49666|58224|214805
327960|174|35598|52091|206810|214721|204108
58308|6939|1299|201706|208677
49544|2914|174|60068|205884
57381|50304|1299|7195|28343|2716
28917|6939|1299|23520|11139|397529
4601|50869|57777
29222|6939|39791|49101|49244
29222|6939|31263|8822
6830|3491|138997|216211|44324|205369
44393|394256|174|3257|60068|206406|210557
28917|6939|3170|215453
48070|1299|3356|28370|268198
48070|6939|28917|21453|35271
20932|1299|10490|2722|12148|47065|61574
210937|1299|174|60068|216213|205884
50304|1299|7195|20473|47065|61574
28917|6939|1299|23520|263714
12779|174|13786|263047|271068
28917|6939|1299|8551|11414
327727|174|13786|263047|61826|52766
328840|327727|174|13786|28343|2716
57111|41327|4601|4492
29222|6939|2852|213152
36924|1299|8551|44709
559|6939|59970
28917|6939|1299|210892
57111|41327|37468|270551|263047
28917|6939|1299|45896|55313
29504|15935|174|3356|16735|2716
139317|44324|32595|174|19982
8220|1299|3356|28370|264426
12859|6939|30893|13214|35634
29222|6939|41073
577|174|140227|44324|205369
39122|1299|6939|215172|214955
559|6939|215172|214955
34854|1299|6855|39904|202605
6830|3257|20473|47065|61574
28917|6939|1299|23520|15344
28917|6939|1299|21777
3130|174|60068|211571
204092|29632|215536
3333|1257|1299|10490|2722|12148|47065|61574
35008|1299|3356|8119
28917|6939|6830|33915
6696|1299|198949|35676
51185|6762|1299|6855|50698
5405|6939|2852|204772
44324|32595|174|25122
59689|29075|174|216211|211575
210312|4601|50869|214675
12859|2603|21320|5408|47065|61574
28917|6939|1299|23520|264663
196621|58115|21263|30791
148968|1299|12956|212721
47147|1299|174|204548|215728
140627|2914|174|20473|47065|61574
4601|50869|213768
5713|174|13786|263047
58308|6939|50629|59645
398465|4826|1299|8551|20473|47065|61574
210312|4601|50869|208453
50629|20764|52091|206810|50204
55222|174|28189|266931|271615|273522|271150
205206|33891|19318|201813
28917|6939|3170|57483
7500|2516|1299|201814|209896
28917|6939|6830|23520|27665|27789|274008
12637|6939|28370|268521
28917|6939|1299|63139
44324|32595|174|398843
58308|6939|1299|213281
58308|6939|3170|22665
64475|6939|30893
2497|1299|4230|2716
327804|37271|174|201814|209896
16347|1299|6855|39904
151326|174|6461|394737
139317|44324|32595|174|41427|209847|26383
35600|6939|28917|204623
199524|47311|150249|212001|199762
29222|6939|6424|49941
6762|1299|29695|206557|208835
32590|12956|1299|3920|206777
44393|394256|174|1299|8551|44709
12307|29691|1299|20473|201423
8660|1267|33891|60068|211571
48070|6939|28917|52191
57866|5511|174|140227|44324|205369
6453|174|11432|271150
5413|1299|10490|2722|12148|47065|61574
3257|174|32595|44324
58308|6939|9136
210312|4601|50869|52025|205649
210312|4601|50869|41051|212121
394256|174|12389|39089|202279|206810|52091|41039|48595
4777|2497|2914|12859|47065|61574
50304|1299|3356|8119
2027|47160|174|13786|263047|269488
29222|6939|32097
29222|6939|35826|205311
21232|15576|35598|52091|206810|56766
17350|3356|21320|5408|47065|61574
136557|174|37468|270551|263047
8283|23764|35168|212999
33891|266493|61625
60011|3356|174|140227|44324|205369
15547|174|3257|19318|201813
6894|174|35598|52091
34019|33891|216067|44244
12637|6939|25192|26710
6424|62255|25308|28917|9049|51017
35600|6939|28917|24651|39900
58308|6939|28917|47759
39351|2603|21320|5408|47065|61574
50877|5405|6939|25192|26710
58308|6939|1299|3249|207568
139317|44324|32595|174|393857
263237|174|3356|3223|34224|12735
20253|1299|60068|216213|205884
3130|174|35598|52091|206810|24881|24697
55222|174|6762|49666|58224|214805
41327|29632|215536
57111|41327|13786|263047|267334
513|174|7545|20473|47065|61574
13830|971|174|35598|52091|206810|214721|204108
3320|1299|1680|20473|47065|61574
3356|216211|44324|215172|214955
56655|1299|198949|35676
53828|2914|174|21320|5408|47065|61574
2914|1299|35598|52091|206810
215596|1299|3356|28370|263535|268030
202365|50673|12859|47065|61574
14907|3356|174|60068|216213|205884
2914|174|210|47065|61574
28917|6939|7018|7287|13965
49544|2914|174|5538|8194|29345
35008|1299|174|210329|215728
5405|62255|52091|206810|8274
139317|44324|32595|174|27951
56662|13030|12859|47065|61574
58308|6939|12555
23367|1299|37468|60068|216213|205884
8283|6939|30893|9423
7018|3356|28370|267608
209650|34927|1299|3356|28370|263060
41666|1031|61568|266460|61625
1103|6830|174|11432|271150
37271|137409|62000|212815|52053
58308|6939|29670
44324|32595|174|401429
28917|6939|1299|20473|215007
28917|6939|1299|7195|53065|267003|269093
28917|6939|1299|199540
199524|37100|1299|8551|44709
16552|2914|12859|47065|61574
58308|6939|1299|398465
917|60068|1299|17676|216211|211575
4601|50869|41051|215980
48185|1299|6762|49666|58224|214805
12859|6939|393682
49432|48362|137409|62000|212815|52053
44393|394256|174|22381|267470|263047|264389
16347|1299|6762|60068|205884
553|6939|2852|201648
25091|1299|3223|41327
8283|20764|52091|206810|211692|31069
3491|174|35598|52091|206810
3170|6939|29222|41495|206202
202365|50673|174|3356|60011|34927|208690
23367|1299|174|14840|269288
28917|6939|1299|32478
58308|6939|15935|197451|201263
553|6939|15372
64475|6939|30893|205563
39122|1299|6939|2852|201648
28624|61568|174|60068|216213|205884
3170|6461|6424|44592|49581|209693
58308|6939|1299|203092
20205|174|21320|5408|47065|61574
15605|41327|13786|263047|269488
1299|917|214598
58308|6939|6830|31079
206356|50629|5511|174|20473|47065|61574
34549|1299|201814|209896
60068|1299|12859|47065|61574
20253|1299|3356|28370|268521
209650|34927|1299|3356|28370|28657
28917|6939|3170|43851
29222|6939|30893|13214|35634
210312|4601|50869|52025|212895|215459
4230|1299|6855|39904|47767
3130|174|35598|52091|44660
38880|174|201814|209896
21412|174|60068|216213|205884
45352|1299|6204|44592|49581|209693
12859|35598|52091|206810|208435
35369|1764|1299|198949|35676
12859|6939|28370|263060
35426|215596|1299|3216|51032|41344|39707
3170|6461|62000|212815|52053
1299|2914|226|47065|61574
3214|1299|174|60068|205884
31742|1299|3356|60011|34927|208690
58308|6939|1299|11492
37468|174|11432|271150
47147|3320|1299|198949|35676
13237|1299|6855|39904
12956|174|60068|216213|205884
6730|6830|3257|22773|8119
4777|2497|174|11432|271150
513|29222|6939|263047|271068
2518|33891|44592|49581|209693
6894|174|13786|263047|264972
34927|1299|6855|39904
5405|62255|62379
28917|6939|7018|29992
6730|6830|1299|20473|399970
58308|6939|2852|210367
327782|37100|174|216211|211575
28917|6939|1299|52468|273177
35008|1299|60068|211571
28917|6939|1299|20473|25820
13786|174|20473|47065|61574
34019|264409|61832|266460|61625
24785|6830|174|52468|271150
7474|137409|62000|212815|52025|212895|210320
29479|50304|1299|20473|399970
37739|3491|1299|20473|47065|61574
50629|6939|42695|43101
35008|1299|7195|28283|268744|2716
28917|6939|1299|20473|17138
47147|1299|7545|20473|47065|61574
34927|56655|1299|10490|2722|12148|47065|61574
46450|1299|8551|44709
139317|44324|32595|174|1613
12859|33891|216067|44244
6720|1764|5405|61568|266460|61625
1299|17676|216211|44324|205369
44324|32595|174|54804
58308|6939|6830|23520|52233
199938|1299|56504|47674
199524|137409|6424|44592|49581|209693
29222|6939|262365|263433|268967
28917|6939|1299|33749
35426|215596|1299|3356|28370|263963
553|20764|202984|35598|25308|28917|204076
28917|6939|1299|136468
35600|6939|28917|21453
3170|7195|28189|266931|271615|273522|271150
58308|6939|6830|23520|272935|263730
58308|6939|1299|201216
35598|174|399697|39967|399697
917|60068|1299|3920|206777
20932|8283|47065|61574
32590|12956|1299|8551|44709
3320|1299|7195|11432|271150|272738
28917|6939|56595|58148
49788|1299|3356|8119
6830|13335|5408
15562|2914|1299|3920|206777
58308|6939|197580
58308|6939|1299|199524|62553|205941|211281
40994|6939|28917|43714
58308|6939|1299|52468|264668|267684
35426|215596|1299|12859|47065|61574
206356|50629|174|216211|211575
55222|1299|4230|52654|266493|61625
215596|1299|3356|28370|268198
12307|29691|1299|6762|267470|263047
12779|6939|29222|513|20940
28917|6939|1299|21859|62610|213618
33891|44592|49581|209693
139317|44324|32595|174|395746
55222|174|6453|29208
28917|6939|6830|31079
34800|58057|50673|174|3356|28370|28657
34927|1299|60068|216213|205884
31742|174|3257|21034
42541|1299|6855|39904|47767
12779|62255|52091|206810|214721|204108
8220|1299|3356|28370|263963
971|174|35598|52091|48158
207841|6939|28917|197078
40994|174|14840|269288
62167|174|216211|211575
1299|6424|44592|49581|211507
3170|6939|28370|263535
42473|1299|10490|2722|12148|47065|61574
48185|2914|174|20473|47065|61574
64475|6939|60432
58308|6939|1299|26673
6830|3257|8551|44709
44324|32595|174|44222|209847|26383
58308|6939|1299|6204|25198
21412|1299|60068|211571
15623|1299|20473|399970
6730|6830|3356|64289|44592|49581|211507
8758|15576|56630|209944
49432|48362|1299|198949|35676
6424|6762|1299|6855|39904|199604
59891|13030|1299|3356|8119
559|35598|52091|206810|210063
37468|1299|8551|44709
58308|6939|47160|213095
41327|3223|34224|12735
58308|6939|28917|201119
58057|174|13786|263047|61826|52766
553|6939|42695|43101
15935|174|52468|271150
12779|6939|2852|210498
174|13786|263047|271068
34854|1299|6204|44592|49581|209693
5405|7195|20473|47065|61574
1836|1299|20473|399970
28917|6939|1299|202276
44324|32595|174|42313|207502
20514|1299|32787|202161
3257|174|140227|44324|205369
3491|174|11432|271150|272738
328206|37739|3491|174|140227|44324|205369
215596|174|22381|267470|263047|264389
9268|4764|1299|6855|50698
132337|1299|3356|8119
58057|34549|174|140227|44324|205369
37271|3356|1299|12859|47065|61574
58308|6939|1299|264788
29691|1299|174|216211|211575
1836|8455|8283|47065|61574
64475|6939|50989
852|1299|198949|35676
62167|174|6453|29208
4601|50869|52025|209552
31742|1299|3216|51032|41344|39707
58308|6939|39791|49101|51449
513|6730|6830|174|37468|61568|266460|61625
35598|174|204548|215728
198249|37271|20473|47065|61574
49432|48362|1299|174|140227|44324|205369
44324|32595|174|395301
20764|174|6453|29208
50629|6939|28370|267608
7018|6939|28370
6057|6461|1299|8551|44709
210312|4601|50869|41051|213249
8283|50263|201814|209896
6830|174|13786|263047|267961
58308|6939|7018|396912
58308|6939|21430|199220
11845|37468|1299|198949|35676
22652|1299|56630|209944
12307|57118|8283|47065|61574
210312|4601|50869|52025|212895|205336
8283|7195|20473|47065|61574
8280|6762|174|210|47065|61574
12956|174|210329|215728
199524|174|50509|51032|41344|39707
28917|6939|6830|23520|262191|274248
48070|6939|2852|212876
207841|6939|28917|198297
4601|50869|34019|51306
29222|6939|262365
7713|1299|6461|394737
204092|6939|30893|13214|35634
58308|6939|6830|23520|264821|271982
32590|6453|174|20473|47065|61574
4601|6939|28917|47438
28917|6939|1299|43646
32590|1299|20473|47065|61574
852|1299|29695|206557|205190
34019|9002|12555
39351|174|13786|263047|269488
58057|174|35598|52091|206810|39558
39351|174|3356|60011|34927|208690
28917|6939|1299|20473|51044
28917|6939|6424|203020
264409|174|1299|20473|399970
49605|137409|62000|212815|52053
29075|1299|3356|28370|268198
45352|1299|8551|44709
2152|3356|1299|6855|39904|47767
58308|6939|1299|400760
34927|1299|60068|211571
4601|50869|41051|212037
205206|1299|3356|16735|273514
50763|8943|33891|216067|44244
136557|174|32595|44324
47160|174|60068|197103|212080
32653|3741|174|1299|6855|39904|47767
57777|13335|400095
58308|6939|1299|17676|4725
139317|44324|32595|174|55003
36924|1299|3356|60011|34927|208690
2914|174|32595|44324
34019|47160|174|8551|20473|47065|61574
210312|4601|50869|203704
6424|174|10490|2722|12148|47065|61574
12859|6461|6057|28283|268744|2716
39351|174|140227|44324|205369
47160|174|13786|263047
21700|174|1916|47065|61574
48070|1299|198949|35676
58308|6939|1299|32913
61568|174|10490|2722|12148|47065|61574
139317|44324|32595|174|54113
132337|174|204548|215728
40994|57463|41327|206732
327804|37271|174|60068|205884
58308|6939|1299|20473|212316
14537|52925|3356|1299|20473|47065|61574
513|29222|6939|49418|213893
8220|1299|4637|20473|47065|61574
215596|1299|3216|51032|41344|39707
28917|6939|1299|23520|11081
58308|6939|6830|23520|52286|264764
553|1299|60068|216213|205884
8283|6939|215172|214955
58308|6939|5405|57575
209|3356|7720|44324|215172|214955
6082|174|20723|2852|202874
28917|6939|1299|398788|44273
19151|174|201814|209896
50673|174|3356|8119
4601|50869|213376
1299|4230|2716
15605|6939|200303
8426|3257|174|60068|216213|205884
34927|1299|3356|28370|263535|268030
29222|6939|2852|210498
15576|35598|52091|206810|35273
34019|29169|1299|20473|201423
139317|44324|32595|174|27385
559|20965|5408|47065|61574
48070|41313|6821|1299|29208|205347
8660|1267|33891|44592|49581|209693
7018|174|20723|2852|202874
21412|1299|6762|49666|58224|214805
17660|2914|174|37468|61568|266460|61625
16552|1299|17676|216211|44324|205369
4601|50869|6939|28370|52593
6830|1299|6855|39904|47767
49028|1299|20473|201423
28917|6939|1299|209255
28917|6939|1299|20473|150788
29222|6939|39791|49101|211274
20612|9044|1299|8551|44709
29222|39801|58308
151326|174|35598|52091|206810|211101
136557|174|140227|44324|215172|214955
25091|1299|10490|2722|12148|47065|61574
139317|44324|32595|174|393770
3216|33891|60068|211571
28917|6939|1299|20473|397244
4601|50869|210632
34177|3356|1299|8551|44709
6830|3356|60011|34927|208690
12307|29691|1299|6453|4755|7768
15576|35598|52091|206810|208435
139317|44324|32595|174|8452|24835
58308|6939|6830|23520|263785
28917|6939|7018|1341
58308|6939|5405|207137
50877|5405|6939|30893|13214
34288|1299|3356|16735|273514
5405|49581|209693
16552|1299|29695|206557|205190
327983|37497|1299|8551|44709
28917|6939|32097|33387
18106|174|204548|215728
15562|2914|174|20473|47065|61574
44324|32595|174|57974|401452
12350|1299|174|22381|267470|263047|264389
28917|6939|1299|15305
55222|174|13786|263047|262813
4455|33891|44592|49581|209693
8283|6939|24796|63293
32590|37100|1299|60068|216213|205884
23352|2914|1299|3920|206777
680|2914|174|20473|47065|61574
28917|6939|1299|20473|153185|137436
50629|1031|61568|266460|61625
20932|1299|3257|20473|47065|61574
21232|15576|35598|52091|206810|59867
35598|174|52468|262393
52320|1299|3356|8119
262427|174|35598|52091|206810|48595
327960|174|6461|394737
20514|1299|3356|28370|267608
9268|4764|174|37468|61568|266460|61625
58308|6939|1299|16509|200227
14315|174|16276|203019
57821|12586|3257|9002|62000|212815|52053
553|1299|6855|39904|47767
210937|1299|8551|44709
22652|174|3356|8119
11039|6461|6424|44592|49581|211507
28917|6939|1299|1759|51188|3274
35598|202984|6762|174|37468|61568|266460|61625
11845|37468|1299|6855|39904
64475|13335|400095
139317|44324|32595|174|45557
6057|6424|44592|49581|211507
210312|4601|50869|52025
15935|174|3356|28370|268521
3491|1299|6424|44592|49581|209693
139317|44324|32595|174|53667|202776
12779|62255|52091|206810|202279
31742|174|216211|211575
6696|1299|3356|8772|215536
42541|1299|60068|211571
3170|7195|11432|271150
13237|33891|44592|49581|209693
15605|35598|52091|59815
44393|394256|174|6461|394737
28917|6939|3170|212683
34854|1299|20473|47065|61574
199524|174|35598|52091|206810|57164
28917|6939|215172|214955
4601|50869|58299|206470
210312|4601|50869|52025|214347
58308|59689|29075|1299|174|37468|61568|266460|61625
23352|2914|1299|20473|47065|61574
29075|1299|20473|201423
553|62255|52091|206810|24881|24697
58308|6939|1299|209847
40994|57463|41327|207227
34927|1299|12956|212721
28917|6939|1299|11019|30361
34288|174|22381|267470|263047|264389
3320|1299|7195|20473|47065|61574
174|3356|9002|8772|396416
151326|174|35598|52091|206810|202279
60068|33891|216067|44244
202365|50673|174|1299|20473|201423
58308|6939|31263|9026
1273|1299|12859|47065|61574
51519|39351|174|6762|16735|273514
8426|6777|35598|52091|206810|50204
34800|58057|50673|174|1299|20473|47065|61574
28917|6939|1299|32097|399646
6424|272713|263390|270896
17639|174|21320|5408|47065|61574
31742|1299|6461|394737
49432|48362|1299|6453|29208
57866|1299|20473|47065|61574
2734|1031|266493|61625
39122|174|13786|263047|268105
4601|50869|58299|209898|211894
37721|1299|198949|35676
49028|1299|3356|28370|268198
6424|6939|28370|270962
4601|50869|6939|2852|210367
29222|1299|3920|206777
4601|50869|199310|153376
28917|3257|174|13786|263047
139317|44324|32595|174|200435
12637|6939|28917|6789|203561
196621|58115|21263|206970
559|35598|25308|28917|9049|51017
34927|1299|34927|202827
23764|1299|198949|35676
50629|13335|400095
35600|6939|25192|20701
198249|58115|21263|41504
48362|1299|37468|270551|263047
49028|1299|8551|20473|47065|61574
41666|8298|4601|4492
44324|32595|174|205035
52025|32097|4230|52654|266493|61625
60068|1299|20473|399970
6730|6830|174|10490|2722|12148|47065|61574
6461|1299|1680|20473|47065|61574
41666|20764|52091|206810|211692|31069
34549|3257|1299|20473|399970
28917|6939|1299|3301|204847
5405|8772|215536
42473|1299|6762|267470|263047
151326|174|3257|60068|206406|210557
8529|1299|22773|8119
398465|1299|6855|39904|202605
42541|20473|47065|61574
24516|174|35598|52091|206810|196638
48362|1299|33891|216067|44244
44324|32595|174|393770
29504|15935|174|60068|216213|205884
1273|174|34927|202827
1403|577|1299|20473|201423
58308|6939|1299|197308
34854|1299|7195|28343|2716
50629|3223|41327
34854|1299|3356|28370|263535|268030
199524|1299|4230|2716
12779|174|13786|263047|269680
5405|62255|52091|206810
37662|174|22381|267470|263047
174|3257|25091|8298|4601|4492
28917|6939|7018|7287
35008|1299|12859|47065|61574
28917|6939|268624|262594|269677
6424|44592|49581|211507
29222|6939|50629|207252|213579
12859|56630|209944
15935|174|35598|52091|206810|59867
2734|9002|197068
58308|6939|1299|56655
13830|971|174|22381|267470|263047|264389
55222|174|13786|263047|262813|265917
553|6939|28917|48084|59833
328840|327727|174|30844|21351|60132
28917|6939|1299|52468|274063
37100|1299|10490|2722|12148|47065|61574
28917|6939|1299|32270
3549|3356|174|399697|39967|399697
553|62255|52091|206810|35273
139317|44324|32595|174|36792
31510|174|6461|394737
34927|1299|3356|28370|263060
62167|3356|1299|20473|47065|61574
196621|6939|28370|267556
139317|44324|32595|174|43160|201121
2497|2914|6424|44592|49581|211507
553|20473|47065|61574
12350|1299|8551|44709
12859|3216|51032|41344|39707
327960|174|210329|215728
35266|2914|12859|47065|61574
7660|2516|1299|29695|206557
58308|6939|1299|21738|200242
8426|6777|35598|52091|206810|57164
4181|1299|3356|60011|34927|208690
202365|50673|174|201814|209896
553|52320|7738|262999|272466
3320|1299|17676|216211|44324|205369
216285|8280|6762|174|32595|44324
58308|6939|1299|2589
10111|1299|8551|44709
55222|174|28283|268744|2716
28917|6939|52838|268086
48070|6939|29222|513|20940
58308|6939|7018|6621|28613
3170|6939|42695|43101
28917|6939|1299|49222
32590|1299|17676|216211|211575
28917|6939|1299|42473
4764|1299|20473|399970
20055|174|13786|263047|269680
57866|9002|21320|5408|47065|61574
35600|6939|28917|12668
58308|6939|1299|8473
58308|6939|7018|395742
58308|6939|48678|47951
17660|6453|174|16276|203019
24961|33891|60068|211571
47147|1299|3356|8772|215536
16552|1299|37468|270551|263047
55222|174|14840|2716
8283|2914|13786|263047|269502
398465|174|204548|215728
34177|1299|2914|226|47065|61574
28917|6939|52838
12637|20473|30893
44324|32595|174|266445
58308|6939|12735|212805
57821|12586|3257|174|216211|211575
29222|6939|212635
6830|6939|28370|264426
6777|35598|52091|206810|59867
3170|6939|28917|43714
57695|917|60068|1299|3356|8119
6424|174|1299|8551|44709
50629|20764|52091|206810|34786
16552|3257|174|62000|212815|52053
28917|6939|1299|397774
7594|174|35598|52091|206810|214721
20514|1299|174|204548|215728
6057|174|21320|5408|50148
47147|1299|6762|267470|263047
151326|174|56630|209944
58308|6939|15935|198143
4601|50869|52025|210100
210312|4601|50869|205929
34549|3257|1299|20473|201423
4601|50869|6939|28370|263060
28634|4230|1299|21351|60132
38136|50131|36236|3257|1299|198949|35676
7594|174|35598|52091|206810|56915
44324|32595|174|25467
58308|6939|28370|267556
6424|6939|33924
22652|174|3356|28370|28657
4601|50869|6939|2852
28917|6939|1299|27947|272890
41327|6939|50989|50683
139317|44324|32595|174|13335
199524|174|56630|209944
8298|25091|1299|8551|44709
5413|1299|3257|210329|215728
2027|49434|33891|216067|44244
132825|174|35598|52091|206810|211692|214268|196977
4601|6939|28917|24651
28917|6939|7018|6621|28613
1299|7195|20473|47065|61574
48070|6939|28370|264426
4601|50869|214675|208790
57866|5511|174|52468|262393
210312|4601|50869|52025|212895|206290
44324|32595|174|141163
209|3356|174|201814|209896
44324|32595|174|43160
35008|1299|6461|62000|212815|52053
151326|174|35598|52091|206810|211692|214268|196977
15935|174|3356|3223|41327
40994|6939|28917|201119
49028|1299|6461|394737
31510|174|7311|835|394273
28917|6939|1299|206924|204318
28917|6939|59689
199524|1299|6204|44592|49581|209693
8283|16276|203019
22652|1299|29695|206557|208835
29691|1299|198949|35676
263237|174|1299|3920|206777
852|174|11432|271150|272738
139317|44324|32595|174|29802
28917|6939|1299|35661|42612
204092|30781|1299|3920|206777
28917|6939|1299|36236|399827
139317|44324|32595|174|12709
37721|33891|216067|44244
15605|6762|174|140227|44324|205369
28917|6939|1299|63473|201801
8220|1299|174|21700|399914
3356|1299|3920|206777
34288|1299|6453|29208
28917|6939|1299|6855|200828
41327|6461|62000|212815|52053
28917|6939|1299|23520|54082|263725|274085
577|33891|60068|211571
28917|6939|1299|32934|63293
210937|1299|3356|60011|34927|208690
1299|16276|203019
45049|6696|1299|7195|20473|47065|61574
28917|6939|29222
35426|215596|1299|6453|4755|7768
37468|174|6762|49666|58224|214805
8220|1299|42303|51701|30893
28917|6939|263047|267961
28917|6939|1299|205958
12637|35598|52091|206810|48687
58308|6939|1299|265780|269815
199524|174|3257|28917|215730|209693
55222|174|6453|4755|7768
12779|6939|50989|205966
50877|5405|6939|28370|267608
204092|6939|28917|21453|41783
48919|174|399697|39967|399697
64475|50629|5511|174|20473|47065|61574
57695|917|60068|174|21320|5408|50148
196621|6939|30893|204789
28624|3356|1299|198949|35676
49432|48362|1299|174|210|47065|61574
6830|6939|28917|48084
20514|1299|3356|16735|2716
3170|174|1299|3920|206777
5405|12389|39089|202279|206810|52091|41039|48595
20253|1299|174|1916|47065|61574
47692|33891|8551|44709
28917|6939|6830|23520|64126|273924
8283|3320|6855|39904
51519|39351|174|13786|263047|262578
1299|6461|210|47065|61574
48362|1299|6762|16735|2716
47147|6830|34927|202827
28917|6939|1299|23520|27665|27789
42473|1299|20473|399970
44324|32595|174|17072|272336
41666|1680|20473|47065|61574
559|35598|52091|206810|211692|214268|196977
42541|1299|174|204548|215728
58308|6939|41720|213709
58308|6939|1299|394353
49544|3356|174|60068|216213|205884
58308|23764|35168|212999
35600|6939|196610|48927
41327|6939|33924
553|1299|6453|19318|201813
60011|3356|1299|60068|216213|205884
58308|6939|5405|200019
12307|29691|33891|44592|49581|209693
34927|56655|1299|7195|20473|47065|61574
327727|174|13786|263047|267425
58308|6939|15935|198284
35426|215596|62000|1680|44709
3399|174|56630|209944
29222|6939|7018|16576
1299|3356|28370|263060
6423|20055|1299|6855|39904
52873|12956|174|210329|215728
28917|6939|262485|272707
852|6461|62000|212815|52053
28917|6939|1299|21859|135377
28917|6939|1299|249|204044|23507
6908|1299|3920|206777
12637|35598|52091|206810|34786
139317|44324|32595|174|22150
3491|174|28189|266931|269250|271150
58308|6939|1299|9498|45609
24961|1299|6855|39904|202605
28917|6939|47160|210979
210312|4601|50869|6939|2852|61110
139317|44324|32595|174|26277
41327|174|22381|269144|268424|264524|266448|268624|268874
34288|174|52468|262393
264409|174|3257|60068|206406|210557
35426|215596|174|14840|269288
207841|6939|42695|52011
42473|1299|6453|19318|209896
47957|3356|1299|20473|47065|61574
20130|23352|2914|174|60068|205884
58308|6939|271150|272738
49028|1299|3920|206777
28917|6939|1299|23520|272935|267845|272083
136557|174|35598|25308|28917|204076
34019|47160|174|216211|211575
29222|6939|29670|57024
6762|174|399697|39967|399697
17350|6453|1299|6855|39904|47767
5413|1299|3257|19318|201813
28917|6939|64475
199524|174|1299|20473|47065|61574
58308|6939|6830|23520|64126|272980
8283|20764|52091|206810|196767
328964|37468|174|201814|209896
3130|174|35598|25308|28917|204076
1103|20965|5408|47065|61574
58308|6939|1299|203532
28917|6939|7018
559|137409|48011|25184|49801|204533
39122|174|13786|263047|269488
50629|20764|52091|206810|39089
23673|9900|23764|1299|12859|47065|61574
216285|8280|6762|1299|8551|44709
199524|1299|6453|19318|201813
35600|25091|8298|4601|4492
58308|6939|8899|42652
8888|137409|62000|212815|52053
559|35598|52091|206810|34786|41875
139317|44324|32595|174|60497
263237|174|201814|209896
210312|4601|50869|210632
30600|174|140227|44324|205369
199524|1299|6453|1031|61568|266460|61625
24785|1299|10490|2722|12148|47065|61574
28917|6939|1299|23520|262191|270088
132825|174|35598|52091|206810|59867
51184|1764|174|204548|215728
42541|62255|52091|59815|25299
151326|174|35598|52091|206810|5598
2734|22356|28370|263535
20612|8758|15576|174|52468|271150
20912|174|28189|266931|271615|273522|271150
28917|6939|1299|20473|216430
41327|6939|54429
41327|174|20473|47065|61574
28917|6939|1299|20473|208260
204092|30781|1299|198949|35676
49788|1299|37468|270551|263047
852|174|60068|205884
7713|174|56630|209944
16552|1299|37468|53062|266493|61625
28917|6939|1299|208905|212616|215283
31510|174|3257|21034
4826|15412|33891|216067|44244
47147|1299|6939|30893|205563
19653|30600|1299|6855|39904|202605
207841|6939|50989|48116
6894|3257|1299|3920|206777
3701|174|35598|25308|28917|204076
52025|1299|8551|44709
210312|4601|6939|28917|44056|57629
56655|1299|6453|19318|209896
49434|5511|1299|20473|47065|61574
1299|6939|215172|214955
58308|6939|6830|23520|272935|267845|64120
42541|7195|28260|270548|52794|52659
32590|1299|6855|39904|202605
31510|174|3356|28370|268521
139317|44324|32595|174|20278|395092
49432|48362|1299|174|60068|216213|205884
4601|50869|6939|2852|197451
34927|60011|3356|1299|3920|206777
57821|12586|3257|1299|20473|47065|61574
205112|50629|3223|34224|12735
3170|9304|136897|174|3491|137969|132824
58299|62255|52091|206810|12773
12307|29691|1299|3257|20473|47065|61574
34854|1299|174|21320|5408|47065|61574
22652|1299|3920|206777
50673|174|11432|271150
35600|6939|15372
58308|6939|29208|56717
47147|1299|174|13786|263047|271068
12779|62255|52091|206810|24881|24697
680|33891|44592|49581|209693
31122|174|13786|263047|269488
553|7195|28260|270548|52794|52659
12859|1299|174|210329|215728
29075|174|216211|211575
264409|174|7311|835|394273
17639|174|22381|267470|263047|264389
37468|174|12389|39089|202279|206810|52091|41039|48595
13830|971|174|201814|209896
28917|6939|1299|32723
34288|1299|60068|216213|205884
15562|2914|6424|44592|49581|211507
35266|1299|198949|35676
29504|39392|174|1299|198949|35676
58308|6939|33891|20546
49028|1299|174|60068|205884
28917|6939|61618|267216
52873|12956|174|204548|215728
28917|6939|1299|58317
58308|6939|1299|207415
139317|44324|32595|174|266445
132337|33891|216067|44244
60068|174|1299|6855|39904|47767
15547|174|399697|39967|399697
48070|6939|28917|6789
6424|6939|28917|21453|199933
29504|15935|174|35598|52091|206810|202279
29222|6939|42184|43397
12779|2603|21320|5408|50148
41666|20764|52091|206810|59815|25299
6453|2914|12859|47065|61574
23367|1299|174|21320|5408|50148
29222|6939|29670|205740
917|60068|174|216211|211575
44324|32595|174|2860|215446
45352|1299|12956|212721
51519|39351|174|13786|263047|52793
327727|174|35598|25308|28917|204076
39122|1299|60068|197103|212080
29222|6939|3170|203363
4601|6939|28917|20985
44324|32595|174|21928
12307|29691|1299|3920|206777
12350|1299|3356|28370|263060
58308|6939|12735|42216|51722|26383
50304|2603|21320|5408|47065|61574
28917|6939|50989|50683
48185|1299|6855|39904|202605
199524|137409|12859|47065|61574
24961|1299|6855|39904|199604
210937|1299|37468|270551|263047
209650|34927|1299|3356|28370|53079
34800|58057|50673|12859|47065|61574
3214|137409|62000|212815|52053
136557|174|35598|52091|206810|39089
29632|9002|1299|8551|20473|47065|61574
50629|20764|52091|206810
148968|1299|3356|8119
58308|6939|7018|36519
23764|3356|174|1916|47065|61574
58308|35598|52091|206810|39558
17350|3356|1299|201814|209896
209823|3356|174|140227|44324|205369
3214|1299|6855|39904|202605
136557|174|20473|47065|61574
271253|6453|174|60068|205884
58308|6939|1299|18734|20940
12779|20764|43298|48678|213865
4601|6939|28917|21453|201646
58308|6939|33891|203380
1299|3491|216211|211575
31122|174|13786|263047
25220|1299|20473|201423
29222|6939|54429
4181|1299|174|20473|47065|61574
207841|7195|28189|266931|269250|271150
23367|1299|8551|44709
139317|44324|32595|174|395506
58308|6939|6830|23520|64126|273220
4601|50869|214757|208790
5405|13335|5408
28917|6939|1299|30148
61049|174|60068|216213|205884
35008|1299|20473|201423
20932|1299|5511|60068|206406|210557
6424|6939|28917|6789|200702
58308|6939|35168|197556
58511|1299|8551|20473|47065|61574
139317|44324|32595|174|45250
44324|32595|174|3356|7195|52863|270956
32590|1299|60068|211571
327727|174|3257|204548|215728
57381|50304|1299|3257|20473|47065|61574
28917|6939|40994|203997
19151|33891|216067|44244
15576|35598|52091|206810|211692|214268
58308|6939|9120
44324|32595|174|12310|44679|201308
48070|6939|28917|21453
25160|2603|21320|5408|47065|61574
57111|41327|33891|60068|211571
31510|174|12956|212721
1273|1299|2914|226|47065|61574
35600|39801|59689
28917|6939|1299|20473|135646
28917|14840|2716
44324|32595|174|213035
44324|32595|174|33154|398461
6894|174|13786|263047|61826
2734|13786|263047
29504|15935|6830|34927|202827
20253|1299|42303|51701|30893
58308|6939|7018|25993
52025|174|28189|266931|271615|273522|271150
37271|174|140227|44324|205369
60011|3356|1299|3920|206777
28917|6939|1299|23520|272935|267845
139317|44324|32595|174|263801
58057|174|210329|215728
28917|6939|30893|205563
48362|1299|174|204548|215728
58308|6939|1299|14178|21433
48070|6939|28370|267608
263152|174|3491|20473|47065|61574
216285|8280|6762|174|37468|61568|266460|61625
58308|6939|3170|213692
196621|6939|25192|20701
20764|174|60068|197103|212080
8220|1299|3223|41327
3130|174|1299|6855|39904|47767
2027|47160|174|13786|263047|271068
28917|6939|7018|29298
12637|1299|17676|216211|44324|205369
196621|6939|15372|203592
852|1299|35598|52091|206810
198385|174|13786|263047
264409|174|6453|19318|201813
44324|32595|174|48266|61112
199524|174|14840|269288
8426|3257|174|201814|209896
6830|3491|209810|207187|207198
852|174|20473|47065|61574
29691|1299|174|60068|205884
29222|6939|12637|60087
29504|15935|174|35598|52091|206810|59867
4775|1273|1299|20473|47065|61574
4775|1273|174|60068|216213|205884
46450|2914|174|20723|2852|202874
49028|1299|6939|28370|264426
50629|20764|52091|206810|57460
12859|35598|52091|206810|210063
3320|1299|34927|202827
20253|1299|3356|28370|263535
207841|6939|28917|47759
58057|50673|174|28189|266931|271615|273522|271150
20253|1299|56630|209944
58308|6939|28370|267608
23673|3491|174|28189|266931|269250|271150
327727|174|35598|52091|206810|57164
47147|1299|6939|393682
64475|6939|28917|39238
3170|6939|28917|198297|51081
42473|1299|6453|60068|216213|205884
34854|1299|37468|53062|266493|61625
196621|6939|28917|206011
28917|6939|263047|267425
15935|174|20473|47065|61574
58308|6939|40994|198510
37497|3491|174|8551|20473|47065|61574
204092|6939|196610
29504|15935|174|52468|271150
559|6939|24796
44324|32595|174|32934
3130|174|137409|62000|212815|52053
41666|20764|52091|206810|56915
6720|1764|174|204548|215728
21700|174|35598|52091|206810|5598
58308|6939|28370|273514
559|20473|47065|61574
2734|63270|1299|15164|62725
7594|174|7311|835|394273
29222|6939|50533
34854|1299|52320|7738|262999|272466
28917|6939|1299|20473|208022
58308|6939|25400|3292|208202
394256|174|210|47065|61574
34927|1299|3257|210329|215728
8283|6939|54429|401894
12637|8298|4601|4492
47692|3356|21320|5408|47065|61574
202365|50673|174|1916|47065|61574
28917|6939|1299|23520|267713
44324|32595|174|210801
28917|6939|1299|205467
2497|1299|56630|209944
34800|58057|50673|8283|47065|61574
28917|20764|52091|206810|211692|214268|197578
51088|2914|174|140227|44324|205369
9268|4764|1299|6855|39904|202605
34927|1299|174|1916|47065|61574
16552|1299|60068|197103|212080
23367|1299|7195|20473|47065|61574
12969|1299|3356|28370|268198
39122|1299|6939|28370|28657
132337|1299|20473|201423
14907|5405|6461|210|47065|61574
28917|6939|42695
36236|174|140227|44324|205369
15605|35598|52091|48158
16552|37100|1299|198949|35676
28917|8359|57304|41720|208229
35598|174|21320|5408|50148
6730|6830|174|11432|271150
34800|29632|12859|47065|61574
41666|14840|2716
59689|29075|1299|20473|47065|61574
31742|174|1916|47065|61574
29222|6939|25400|15765
37105|37468|174|11432|271150
209650|34927|1299|2914|226|47065|61574
21412|1299|6453|4755|7768
61218|29632|9002|1299|8551|20473|47065|61574
58299|32787|202161
48070|1299|3356|28370|263535
1140|24785|6830|6453|60068|216213|205884
20612|9044|174|60068|205884
4601|50869|34019|205816
4637|3257|1299|198949|35676
5405|62255|52091|59815|25299
12389|1299|174|37468|61568|266460|61625
58308|6939|1299|4229
28917|6939|1299|939
7594|174|37468|53062|266493|61625
44324|32595|174|31241
205206|1299|6762|49666|58224|214805
15547|174|3257|19318|209896
2497|174|60068|197103|212080
20612|8758|6461|62000|212815|52053
4601|50869|207303
12956|1299|29695|206557|204503
58308|6939|28917|197078
2734|9507|55884|4826|3257|174|62685
21232|15576|35598|52091|206810|56915
198385|174|3257|20473|47065|61574
3170|60068|211571
6424|6939|25192|29067
17350|2914|174|204548|215728
58308|6939|5405|5539
198385|174|3491|20473|47065|61574
32590|1299|3223|34224|12735
199524|3356|174|20723|2852|202874
6730|6830|174|210|47065|61574
64475|1680|20473|47065|61574
513|21320|33891|216067|44244
328840|327727|174|35598|52091|206810|12773|213694
36924|1299|12956|212721
13830|971|174|12956|212721
28917|6939|1299|20473|139686
47147|6461|62000|212815|52053
42541|137409|48011|25184|49801|204533
28917|6939|1299|20473|153057|153172
58308|6939|1299|3301|43645
327983|37497|3491|1299|198949|35676
398465|4826|1299|8551|44709
7594|174|35598|52091|206810|48595
6908|174|3257|204548|215728
34927|52025|1299|6855|39904|199604
397131|60011|3356|1299|20473|47065|61574
139317|6939|1299|20473|47065|61574
20253|1299|6855|50698
4181|1299|60068|197103|212080
210312|4601|50869|212934
5405|6939|28370|264426
50304|1299|6453|4755|7768
4601|50869|208453
4601|50869|41051|212121
58308|6939|1299|3308
6461|174|13786|263047
3170|6939|28917|9110
3701|174|34927|202827
264479|6762|1299|198949|35676
3170|6461|137409|63473|200790
553|62255|52091|206810|196767
58308|6939|559
58308|6939|1299|12488
58308|6939|1299|12709
263237|174|1299|20473|47065|61574
1257|174|140227|44324|205369
48070|6939|29222|207688
20514|1299|174|21320|5408|50148
57111|174|21320|5408|47065|61574
210312|4601|50869|6939|16652
34177|1299|174|13786|263047
64475|62255|52091|206810|35273
28917|6939|1299|8151|272327
41811|1273|33891|216067|44244
12637|6939|28917|39134|39561|197695
48362|1299|201814|209896
58308|6939|30893|13214
35598|174|201814|209896
29632|8455|8283|47065|61574
37697|37497|1299|6855|39904|202605
263237|174|3356|8772|215536
577|1299|3920|206777
58308|6939|8194
37105|37662|1299|8551|44709
23367|1299|33891|216067|44244
15935|174|7311|835|394273
58308|6939|1299|52468|272034
28917|6939|1299|32913
12859|215551|30893|199580
49432|48362|1299|174|20473|47065|61574
207841|6939|30893|200690
8283|6939|30893|204789
3130|174|60068|197103|212080
44324|32595|174|13737
44324|32595|174|25710
34019|3216|1299|8402
29222|6939|49418|198981
44324|32595|174|19382
29691|1299|6855|39904
2497|174|35598|52091|206810
13786|174|20723|2852|202874
4601|6939|28917|21453|35271
29504|15935|174|35598|52091|206810
3549|3356|1299|6855|39904|47767
9002|1299|17676|216211|211575
3130|174|3257|19318|209896
51519|39351|1299|198949|35676
8218|33891|60068|211571
28917|6939|7018|10439
139317|44324|32595|174|49532
852|6461|6424|44592|49581|209693
1031|999|6453|174|22381|267470|263047|264389
7594|174|204548|215728
29222|1299|33891|216067|44244
24961|28917|215730|209693
50877|5405|6939|28370|263535
49788|174|22381|267470|263047|264389
6424|6939|25192
5713|174|60068|205884
52320|174|5538|8194|29345
31510|174|1299|20473|47065|61574
2734|13786|263047|262485
60068|33891|6461|394737
58308|6939|1299|54082|263725|269973
34872|24961|8283|47065|61574
30600|1299|35598|52091|206810
14537|3356|1299|3920|206777
12969|1299|3257|204548|215728
207841|6939|2852|204772
28917|20910|13194|174|60068|210906
39351|1299|3356|16735|2716
174|13786|28343|2716
25091|1299|3223|34224|12735
31742|1299|3223|34224|12735
28917|6939|7018|3486
39351|174|6453|4755|7768
1031|12859|47065|61574
6830|1299|25091|8298|4601|4492
44324|32595|174|204810
48070|1299|6855|39904
4601|50869|214757|59449
3130|174|13335|400095
41327|1680|44709
42473|1299|7545|20473|47065|61574
58057|50673|174|3356|60011|34927|208690
36924|1299|7545|20473|47065|61574
52320|12956|1299|20473|399970
215596|174|13786|263047|269488
12956|1299|29695|206557|208835
559|20764|43298|48678|210574
6453|174|140227|44324|205369
3170|3491|174|37468|61568|266460|61625
20912|12637|47065|61574
559|6939|30893|199580
58308|6939|196610
34019|6939|42695|52011
46450|1299|174|20473|47065|61574
6908|174|35598|25308|28917|204076
52025|32097|25091|8298|4601|4492
6424|21320|5408|50148
29222|6939|28917|47438
13237|1299|3356|28370|264426
35600|6939|28370|28657
16552|1299|25091|8298|4601|4492
7018|1299|6424|44592|49581|209693
35426|215596|1299|3356|28370|263535|268030
58308|6939|1299|1759
58308|6939|35826|62815
6939|1299|20473|399970
28917|6939|1299|20473|153185|153186
44324|32595|174|15326
58308|6939|1299|60068|133944
199524|1299|3356|28370|268521
58308|6939|199081|209847|26383
35280|6453|174|11432|271150|272738
7018|1299|20473|399970
28917|6939|1299|23520|26505
41327|34927|202827
28917|6939|1299|265530
8220|1299|25091|8298|4601|4492
41666|20764|52091|206810|12773|211692|196629
8283|3491|209810|207187|207198
18106|174|20473|47065|61574
40994|6939|30893|13214
39122|1299|3223|34224|12735
262427|174|35598|52091|206810|196638
38880|8283|47065|61574
262427|174|35598|52091|206810|208435
34549|174|216211|211575
139317|44324|32595|174|31241
41666|1680|44709
327727|174|35598|52091|206810|208435
553|6939|30893|13214|35634
28917|6939|1299|23520|27717
48070|137409|62000|212815|52053
37239|37468|174|12956|212721
1836|174|204548|215728
199938|1299|3223|41327
206499|34549|1299|56630|209944
56655|1299|6453|29208
7018|3356|28370|263535|268030
12637|6939|28917|6789|48004
50300|3257|1299|3920|206777
210312|4601|50869|34019|208627
28917|6939|1299|21859|42969
263237|174|3356|1680|44709
58308|6939|28370|52593
58308|6939|1299|399672
31510|174|3356|3223|41327
50304|1299|6855|39904|202605
3701|174|60068|211571
12859|35598|52091|206810|211692|214268
202032|58115|21263|206970
31742|1299|3356|28370
35266|1299|6855|39904|199604
58308|6939|1299|36352|40092
57111|41327|13786|263047|264972
29075|1299|3257|20473|47065|61574
28917|6939|52838|269035
29222|6939|29670|60802
58299|7195|28260|270548|52794|52659
29222|6939|553|34878|58069
29222|174|20473|47065|61574
328840|327727|174|13786|263047|274841
398465|3320|1299|20473|201423
28917|6939|1299|19332
136557|174|3257|21034
25369|6424|44592|49581|209693
1299|174|210|47065|61574
6894|174|12389|39089|202279|206810|52091|41039|48595
24785|1299|3920|206777
198249|13030|1299|20473|47065|61574
6424|273522|271150
50629|20764|52091|206810|208435
59890|174|60068|205884
58308|6939|15962|203933
174|52468|262393
41051|58299|174|52468|271150
64475|52320|7162|13878|52468|271150
37239|37468|174|204548|215728
60326|34872|24961|1299|20473|47065|61574
199524|1299|3257|20473|47065|61574
31510|174|13786|263047|269680
58308|6939|33891|43771
151326|174|35598|52091|206810|56915
37105|36994|3356|21320|5408|47065|61574
28917|6939|1299|18734|28545|28549
29222|6939|3170|212806
35710|3320|1299|37468|53062|266493|61625
6894|174|6453|29208
58308|6939|50533|205321
1140|24785|6830|174|52468|271150
151326|174|22381|267470|263047|264389
52925|3356|1299|3920|206777
24785|6830|3257|21034
16552|137409|62000|212815|52053
28917|6939|1299|8657|15525|204057
28917|8359|57304|41720|202704
49432|48362|1299|6762|267470|263047
12779|6939|15372
199938|1299|6204|44592|49581|209693
4601|8298|25091|1299|60068|216213|205884
29504|15935|174|35598|52091|206810|48687
5405|1299|20473|47065|61574
28917|6939|1299|10396|30526
207841|6939|28917|39153
30781|1299|3920|206777
1273|1299|3920|206777
3130|174|37468|53062|266493|61625
58308|29075|174|22381|267470|263047|264389
57381|50304|1299|6855|39904|205968
4601|6939|28917|21453|48149
45352|1299|6855|39904
215596|174|1916|47065|61574
8280|6762|1299|20473|47065|61574
3170|6939|54429
398465|1299|21351|60132
35280|6453|1299|198949|35676
39122|1299|3257|20473|47065|61574
29222|6939|7018|4473|13979|2576
11164|6461|6424|44592|49581|209693
7018|1299|56630|209944
199938|1299|37468|53062|266493|61625
12859|1299|6453|4755|7768
48362|1299|3356|28370|268198
3170|6461|6424|44592|49581|211507
553|1299|3356|28370|263060
15605|6939|29222
199938|1299|3356|28370|28657
12779|6939|28370|28657
216285|8280|6762|174|11432|271150
41666|22356|52468|271150
28917|6939|1299|19332|270141
35600|6939|28917|43714
15943|174|52468|271150
6696|1299|20473|47065|61574
20485|1299|6855|39904|199604
59414|13030|1299|20473|47065|61574
34288|1299|6762|16735|273514
1299|174|37468|61568|266460|61625
32590|174|140227|44324|205369
206356|50629|1299|10490|2722|12148|47065|61574
45049|6696|1299|3257|20473|47065|61574
4775|1273|1299|2914|226|47065|61574
28917|6939|1299|23520|263703|270026
59919|137409|62000|212815|52053
35008|1299|23764|35168|212999
263152|174|60068|197103|212080
36924|1299|6855|39904|47767
47160|6939|28370|264426
28917|6939|6830|23520|64126|274168
398465|1299|37468|53062|266493|61625
20253|1299|5511|49666|58224|214805
3320|33891|44592|49581|209693
577|1299|10490|2722|12148|47065|61574
48070|13335|400095
12859|35598|52091|206810|39558
44324|32595|174|327727|329010
40994|6939|28917|9110
58308|6939|50629|3624
8283|20764|52091|206810|39558
40994|6939|29222|207688
49432|48362|1299|3356|28370
48362|1299|174|22381|267470|263047|264389
293|20965|5408|47065|61574
6730|6830|174|13786|263047|271068
14907|12859|47065|61574
34019|6939|42695|43101
20055|174|201814|209896
1221|7474|137409|62000|212815|52053
39392|33891|20473|47065|61574
151326|174|3356|3223|34224|12735
6461|1299|60068|211571
41327|16164|36032
48362|1299|3356|28370
210312|4601|50869|214757|214818
13237|1299|3356|28370|268198
6830|33891|216067|44244
9268|4764|174|399697|39967|399697
1828|1299|3920|206777
3320|1299|3216|51032|41344|39707
23367|1299|3356|28370|53079
4601|50869|6939|28370|267556
48070|6939|28370|52593
29479|50304|33891|216067|44244
59414|3303|174|20473|47065|61574
37680|41327|24796|12779|197000
139317|44324|32595|174|27988|272879
8283|6939|28370|263060
58057|34549|3257|1299|20473|201423
47147|1299|3356|16735|2716
58299|62255|52091|206810|211692|214268|196977
132825|174|35598|52091|59815|25299
6424|174|35598|52091|206810|202279
207841|6939|2852|48091
8283|20764|52091|206810|210063
64475|47147|1299|6762|16735|273514
852|1299|34927|202827
15605|35598|52091|206810|48687
30600|174|60068|205884
210312|4601|50869|199310|199073
32097|28283|268744|2716
28917|6939|1299|20115|20001|3456
553|1299|3356|28370|264426
28917|6939|25400
20764|8359|1299|6855|39904
21320|6424|44592|49581|209693
6730|6830|3356|3223|41327
4601|50869|6939|200303
19653|30600|174|20473|47065|61574
20932|1299|60068|216213|205884
37662|174|28189|266931|269250|271150
28917|6939|1299|11889
41327|6939|30893|13214|35634
174|35598|52091|206810|24881|24697
17639|1299|3920|206777
47147|3320|1299|8551|20473|47065|61574
40994|57463|41327|60989
58057|50673|174|1299|3920|206777
12859|6461|394737
58308|6939|7018|4473|13979|2576
29222|6939|49418|213887
328840|327727|174|1299|6855|39904
207841|6939|2852|212876
48185|1299|6855|50698
42541|62255|52091|206810|214210
8280|6762|1299|42303|51701|30893
8220|1299|20473|399970
266213|3356|1299|6855|39904|199604
28917|6939|1299|6855|204690
215596|1299|37468|270551|263047
50629|215551|30893|200690
4455|6424|44592|49581|211507
28917|6939|1299|19332|3360
34854|1299|4637|20473|47065|61574
553|62255|52091|206810|50204
58308|6939|1299|13443
35008|1299|3356|21320|5408|50148
28917|6939|7018|6621|265705
328840|327727|174|35598|52091|206810|57164
34019|14840|2716
36924|1299|59692|12555
50629|6461|9498|20473|47065|61574
29222|6939|56381|209844
29222|6939|263047|264923
8529|1299|12859|47065|61574
37053|37100|174|140227|44324|205369
58299|62255|52091|206810|211692|31069
42473|1299|174|14840|269288
35600|6939|28917|47478
47147|1299|6939|30893|200690
28917|6939|3170|22665
151326|174|35598|52091|206810|214721|204108
49544|1299|20473|47065|61574
58308|6939|1299|63473|201801
553|174|60068|205884
28917|6939|1299|54528
6424|1828|13789|30372|3356|174|393216
12307|29691|1299|6453|19318|201813
29222|6939|8899|42652|44569
6830|174|8899
202365|50673|174|3257|60068|206406|210557
58308|6939|1299|265620|270111
35600|6939|28917|21453|48149
271253|6453|174|20473|47065|61574
59919|12779|21351|60132
34854|1299|37468|270551|263047
64475|62255|62379
18106|174|399697|39967|399697
36236|174|34927|202827
59689|30781|33891|44592|49581|209693
327727|174|399697|39967|399697
50300|174|52468|262393
24785|1299|20473|399970
4601|6939|28917|44812
58308|6939|6830|23520|52228
4601|50869|41051|201445
32653|3741|33891|60068|211571
1403|577|33891|216067|44244
48070|1299|3920|206777
199524|174|20723|2852|202874
58308|6939|6830|23520|22724
139317|44324|32595|174|7195|272872
44324|32595|174|53667|14956
58308|6939|196945
23367|1299|174|60068|205884
174|14840|2716
32653|3741|174|14840|2716
58308|6939|7018|16711
50629|20764|52091|206810|48687
4764|1299|59692|12555
917|60068|174|216211|44324|205369
28917|6939|1299|20473|63150
139317|44324|32595|174|16509
12389|1299|3920|206777
28917|6939|268624|263601
139317|44324|32595|174|63089
18106|174|60068|205884
20514|1299|174|210329|215728
6424|13786|263047|267961
12637|35598|52091|48158
42541|62255|52091|206810|59815
35598|174|3257|204548|215728
35600|30781|1299|6855|39904|202605
327727|174|13786|263047|262578
559|28283|268744|2716
56655|1299|22773|8119
6082|174|204548|215728
6830|174|204548|215728
28917|6939|49418|206134
62167|174|6461|394737
14907|1299|10490|2722|12148|47065|61574
139317|44324|32595|174|35598|204490|206306
6696|5511|174|11432|271150
4601|50869|41051|213422
29222|6939|28917|50009
23764|1299|20473|47065|61574
58308|6939|1299|49788|212514|215295
213151|34927|1299|60068|197103|212080
28917|6939|1299|23118
58308|6939|29670|205740
6424|174|8551|20473|47065|61574
48070|1299|6453|4755|7768
207841|37468|53062|266493|61625
41722|52025|212895|210320
58308|6939|5405|60169
58308|6939|1299|20473|25820
2518|1299|6855|39904|199604
174|5459|200070
50629|6939|50989
58308|6939|1299|14080|273083
13786|174|60068|211571
198249|13030|1299|174|140227|44324|205369
28917|6939|1299|12252|64120
398465|1299|29695|206557
513|29222|6939|207767
139317|44324|12859|47065|61574
44324|32595|174|52438
29075|2603|21320|5408|47065|61574
28917|6939|1299|60068|197103|400903
47147|1299|174|14840|269288
6830|6939|2852|210367
5713|174|210329|215728
136557|174|1299|3920|206777
205206|2603|21320|5408|47065|61574
47147|6830|60068|211571
199524|1299|9002|8772|215536
32590|3356|21320|5408|47065|61574
202365|50673|174|7311|835|394273
29691|1299|17676|216211|44324|205369
12637|6939|24796|63293
25160|1299|20473|47065|61574
6424|20473|30893
28917|6939|7018|46677
50629|6939|28370|28657
28917|6939|1299|3301|43645
6453|1299|60068|216213|205884
398465|1299|3257|19318|209896
148968|1299|6453|19318|209896
28917|6939|1299|265583
40994|6939|28917|35539
15605|6939|42695|43101
44324|32595|174|21859|62610
174|13786|263047|61826|52766
3170|35598|25308|28917|9049|51017
59414|13030|1299|60068|216213|205884
328964|37468|174|12389|39089|202279|206810|52091|41039|48595
48070|6939|24796
41327|6939|30893|200690
29222|174|1916|47065|61574
42541|62255|52091|206810|211692|31069
8283|20764|52091|206810|214721
29222|6939|29208|60266
5713|174|21320|5408|47065|61574
41327|6939|30893|204789
7713|174|10490|2722|12148|47065|61574
204092|6939|2852|213152
34177|174|37468|270551|263047
1836|6424|44592|49581|209693
12586|3257|174|216211|211575
199524|174|35598|52091|206810|35273
58308|6939|6830|23520|64126|265721|273901
8283|12859|47065|61574
204092|6939|2852
58308|6939|6830|23520|262202|3573
2734|58453|30990|174|30844|328436
28917|6939|1299|20473|399866
28917|6939|1299|205809
6424|174|35598|52091|206810|214721
139317|44324|32595|174|13977|400848
136557|174|56630|209944
34177|1299|174|22381|267470|263047|264389
4601|50869|34019|204092|208567
271253|6453|174|13786|263047|271068
15576|35598|52091|206810|56915
48070|15412|45903|3491|1299|45896|55313
34927|1299|6855|39904|199604
51519|39351|174|3356|28370|268521
29222|6939|6424|134450
3130|174|7195|20473|47065|61574
34927|1299|3356|8119
8455|1299|174|60068|205884
210312|4601|50869|41051|17160
19151|2914|1299|20473|47065|61574
6057|8455|8283|47065|61574
58308|6939|6830|33915|209390
198249|7195|11432|271150|272738
57381|50304|1299|3356|28370|268521
58308|6939|6830|23520|28088
28917|6939|1299|25899|33236
7018|1299|4230|2716
205206|1299|3223|41327
8283|6939|393682
5405|8943|200636
24482|2914|1299|60068|216213|205884
44324|32595|174|20473|40138
32595|174|210|47065|61574
22652|1299|17676|216211|211575
34019|20764|43298|48678|210574
48070|1299|3356|16735|273514
14907|1299|3356|28370|264426
12779|8772|396416
57866|6830|33891|216067|44244
28917|6939|1299|20473|402127
39392|174|1299|20473|201423
2497|1299|201814|209896
3170|6939|2852|61110
1299|6204|44592|49581|209693
29222|6939|7018|11992
28917|6939|1299|198949
37739|3491|5408|47065|61574
327727|174|5511|60068|206406|210557
20612|9044|174|20473|47065|61574
6696|1299|6855|39904|202605
6696|1299|174|210|47065|61574
210312|4601|50869|6939|28370
328512|5713|174|201814|209896
12969|1299|3356|28370|269016
2152|3356|1299|6855|39904|202605
48070|6939|50989|48116
8455|6830|34927|202827
262427|174|35598|52091|206810|12773|213694
271253|174|16276|203019
207841|6939|42695|43101
2734|13786|263047|262813|265917
56987|174|399697|39967|399697
13237|1299|3356|8119
199524|174|60068|216213|205884
44324|32595|174|6621|265705
4601|50869|204003
12779|62255|52091|206810|48687
58057|174|3257|20473|47065|61574
28917|6939|1299|394923
28917|6939|1299|20473|151361
1267|33891|60068|211571
49544|6830|60068|211571
7018|6762|267470|263047
28917|6939|2852|198500
15605|35598|52091|206810|202279|213203
8220|1299|3491|20473|47065|61574
24961|1299|8551|44709
8280|6762|1299|37468|270551|263047
28917|6939|1299|20473|36744
29222|6939|61618|267320
2027|47160|174|1916|47065|61574
58308|6939|1299|132168
12307|29691|1299|56504|47674
34854|14840|2716
19151|137409|62000|212815|52053
60011|3356|1299|12859|47065|61574
6830|3356|16735|266931|271615|273522|271150
24516|174|35598|52091|206810|24881
62167|174|28283|268744|2716
2497|1299|198949|35676
58308|6939|1299|200478
139317|44324|32595|174|397650
49028|1299|6939|28370|263060
28917|6939|1299|46475
34019|31564|174|35665|200906
58308|6939|33891|39257
28917|6939|1299|20473|55207
2027|47160|6939|30893|200690
210312|4601|50869|6939|50989|48116
28917|6939|1299|52468|274055
11845|37468|174|8551|20473|47065|61574
6423|20055|174|13786|263047|269680
58308|6939|47674
22652|1299|35598|52091|206810
215596|1299|6855|50698
34800|58057|50673|174|2914|226|47065|61574
44324|32595|174|210156
12637|6939|30893|199580
57695|917|60068|174|399697|39967|399697
35600|30781|33891|60068|211571
23673|3491|174|35598|52091|206810
2500|2914|1299|20473|47065|61574
39122|1299|8551|44709
40994|6939|28370|267608
20253|1299|20473|47065|61574
58308|6939|7018|26305
55222|1299|3356|28370|263060
23673|9900|23764|1299|20473|47065|61574
20253|1299|29695|206557
210312|4601|37271|20473|47065|61574
6894|174|1299|20473|399970
24889|6424|44592|49581|211507
35598|137409|62000|212815|52053
6908|1299|6762|16735|273514
30600|1299|6855|39904
35008|1299|6453|1031|61568|266460|61625
20932|1299|20473|47065|61574
139317|44324|32595|174|401029
136557|174|3356|60011|34927|208690
3549|3356|1299|22773|8119
29222|6939|29208
151326|174|14840|2716
51873|6830|174|10490|2722|12148|47065|61574
6908|1299|6855|39904|199604
139317|44324|7720|10111|1299|8551|44709
50877|5405|6939|28370|264426
199938|1299|3356|28370|263535
58308|6939|1299|7632|9905
8220|6453|1299|20473|47065|61574
34927|56655|1299|174|140227|44324|205369
64475|6939|28370|267608
63927|3257|174|20473|47065|61574
58308|6939|7018|64230
207841|32787|202161
8899|60294|33891|50673|43414|43995
19151|174|12389|39089|202279|206810|52091|41039|48595
40387|1299|6855|39904
8220|6453|1299|29695|206557
5405|6939|28370|52593
3214|6461|8899|60294|33891|50673|43414|49784
12859|35598|52091|206810|24881
31510|174|60068|216213|205884
61568|6762|1299|6855|39904|199604
28917|6939|1299|20473|44446
58308|6939|33891|61438
1764|174|216211|211575
3320|33891|216067|44244
328512|37100|1299|20473|47065|61574
210312|4601|50869|52025|212895|214223
6908|2914|6424|44592|49581|209693
28917|6939|1299|16509
58057|174|35598|52091|206810|35273
37271|3257|1299|20473|47065|61574
14537|2603|21320|5408|47065|61574
34019|20473|47065|61574
8888|137409|174|8551|20473|47065|61574
39351|174|7545|20473|47065|61574
51184|47692|33891|12859|47065|61574
15623|174|210329|215728
58308|35598|52091|48158
52025|1299|3223|34224|12735
58057|1836|1299|3920|206777
49028|1299|174|13786|263047
13030|1299|3920|206777
29222|6939|48678|207582
32590|1299|6461|394737
52925|3356|1299|6855|39904
49544|21320|5408|47065|61574
559|37468|60068|216213|205884
3170|6939|24796
34854|1299|1680|20473|47065|61574
8220|6453|1299|29695|206557|208835
46450|1299|3257|60068|206406|210557
151326|174|12956|212721
28917|6939|1299|20473|54041
6830|12859|47065|61574
50877|52025|212895|210320
50673|174|20473|47065|61574
3170|6939|42695|52011
12637|57463|7713|1299|56308
58308|6939|1299|205763
8758|15576|174|204548|215728
39122|1299|6939|33924
28917|6939|1299|271
49605|6762|1299|6855|39904|47767
8660|1267|1299|6855|39904
58308|6939|1299|13837
327983|37497|3491|174|10490|2722|12148|47065|61574
62167|174|210|47065|61574
210312|4601|50869|34019|201080
8529|1299|3257|210329|215728
50304|1299|60068|197103|212080
49028|1299|6453|29208
41327|37468|270551|263047
58057|50673|174|7311|835|394273
44324|32595|174|42366
35280|6453|174|60068|205884
151326|174|35598|52091|206810|8274
210312|4601|50869|6939|28370|267556
174|30844|21351|60132
204092|6939|28917|47759
999|6453|1299|198949|35676
12859|1828|12179|393398|3356|1299|23033|27323
58057|28917|215730|209693
3130|174|5538|8194|29345
553|1299|6762|16735|273514
12307|29691|13030|12859|47065|61574
29504|39392|174|3356|60011|34927|208690
174|17378|8119
14537|33891|44592|49581|209693
55720|2914|1299|6939|24796
42473|1299|60068|197103|212080
44324|32595|174|41564
40994|1299|3920|206777
58308|6939|1299|60068|216213|215427
139317|44324|32595|174|52438
58057|34549|1299|12859|47065|61574
139317|44324|32595|174|55655|64315
58308|6939|7018|7287
20514|1299|6453|19318|209896
559|35598|52091|206810|12773
37497|3491|1299|20473|47065|61574
21700|174|35598|52091|206810|59815
8455|1299|6855|39904|199604
204092|3216|51032|41344|39707
553|9002|9304|136897|174|3491|137969|132824
37468|174|60068|205884
12779|174|22381|267470|263047|264389
58308|6939|6830|23520|265580
47160|174|210|47065|61574
28917|6939|1299|5617|200750
44324|32595|174|7497
15605|41327|13786|263047|267961
12859|6461|17378|8119
553|14840|2716
3170|174|12956|212721
29680|174|13786|263047|269680
8359|1299|6855|39904|47767
49432|48362|1299|5511|60068|206406|210557
34927|1299|3223|41327
3130|174|1299|3920|206777
196621|33891|60068|211571
34019|21351|60132
398465|4826|1299|60068|216213|205884
44324|32595|174|20473|328760
29222|6939|1200
24785|6830|3356|28370|263535|268030
136557|174|3257|8551|44709
8298|8283|3491|216211|211575
40994|6939|42695
48070|1299|174|140227|44324|205369
6894|174|35598|52091|59815|25299
139317|44324|32595|174|48519
35600|6939|28917|39238|49392|9098
50629|6939|2852|200874
3170|174|6453|29208
47160|6939|24796|63293
17639|174|14840|2716
6730|6830|9002|197068
28624|3356|1299|3920|206777
17350|3356|1299|3920|206777
12779|174|201814|209896
2497|174|37468|61568|266460|61625
139317|44324|32595|174|267784
28917|6939|1299|20473|46793
28917|6939|1299|21859|63473|55223
5405|6939|28370|263535
58308|6939|28370|268521
58308|6939|6830|23520|52253
58308|6939|61618|268364
15576|35598|52091|206810|48595
8283|2914|3223|41327
58308|6939|6830|23520|267853
20912|12637|1299|60068|197103|212080
20253|1299|174|13786|263047|269680
28917|6461|210|47065|61574
28917|6939|1299|20473|1024
3170|6939|196610
209650|34927|1299|3920|206777
139317|44324|32595|174|17451
20253|1299|10490|2722|12148|47065|61574
28917|6939|1299|30823|213250
28917|6939|1299|20473|131667
3130|174|35598|52091|206810|210063
28917|6939|62000|198831
7018|6939|58308
6424|6939|28917|12668
58308|6939|1299|60068
58308|6939|1299|262206|18809|13335
44393|394256|174|60068|211571
28917|6939|1299|20473|396476
34019|6939|2852
34019|6939|2852|197277
20253|1299|3356|28370|28657
35600|35625|5511|174|52468|271150
559|6939|54429
139317|44324|32595|174|44222|209847
25160|2914|12859|47065|61574
210312|4601|50869|56381|208814
263152|174|210|47065|61574
42541|7195|28189|266931|269250|271150
8298|12859|47065|61574
28917|6939|1299|14080|10620
62167|174|20473|47065|61574
58308|6939|56595|215742
28917|6939|1299|62874|204646
5511|1299|20473|47065|61574
48070|6939|25192|29067
39122|1299|1680|20473|47065|61574
58308|6939|1299|209255
3257|174|13786|263047
12586|3257|1299|20473|47065|61574
3701|3356|1299|8551|44709
14537|52925|3356|1299|6855|39904|47767
41327|174|10490|2722|12148|47065|61574
44393|394256|174|210|47065|61574
57866|1299|20473|30893
266213|3356|174|140227|44324|205369
23367|1299|37468|270551|263047
196621|6939|28917|39238|49392|9098
559|20764|202984|35598|25308|28917|204076
199524|174|3257|8551|44709
7018|1299|6855|39904|199604
44324|32595|174|204413
15605|6939|30893|205563
49544|2914|6424|44592|49581|211507
3170|35598|25308|28917|204076
577|174|20473|47065|61574
47147|1299|6939|30893|204789
20912|174|22381|267470|263047|264389
199524|37100|1299|6855|39904|47767
215596|1299|6453|29208
42473|1299|6939|2852|201648
4601|6939|28917|47478
8220|1299|22773|8119
559|35598|52091|206810|12773|213694
210937|52025|212895|210320
31510|174|8551|20473|47065|61574
34288|1299|6855|39904
6730|6830|1299|20473|201423
12637|6939|50989
28917|6939|1299|23520|46650
8283|20764|52091|206810|12773|213694
210312|4601|50869|6939|25192
28917|8359|57304|208437
34800|58057|50673|174|21320|5408|47065|61574
6424|6762|1299|198949|35676
210312|4601|50869|199310|207314
196621|6939|28917|6789
29222|6939|15935|201727
35266|2914|6424|44592|49581|209693
58308|6939|29670|60729
6730|6830|1299|6855|39904|47767
12859|35598|52091|206810|197960
4764|1299|6204|44592|49581|209693
28917|6939|1299|20473|62517
45352|1299|60068|211571
3170|6939|28370|269016
327983|37497|3491|174|34927|202827
44324|32595|174|16349
17350|6453|1299|42303|51701|30893
262427|174|35598|52091|206810|57164
57111|174|1299|20473|201423
21232|15576|35598|52091|48158
52873|12956|1299|3920|206777
57111|174|210|47065|61574
28917|6939|1299|265780
56655|1299|17676|216211|44324|205369
8283|20764|52091|206810|214210
6830|6939|28917|48084|59833
35426|215596|174|28189|266931|271615|273522|271150
57111|41327|7195|28189|266931|271615|273522|271150
139317|44324|32595|174|398734
3130|174|2914|226|47065|61574
12779|174|13786|263047|52793
56655|1299|3257|204548|215728
3214|1299|10490|2722|12148|47065|61574
32595|174|20473|47065|61574
12779|62255|62379
58308|6939|28370|263060
210312|4601|50869|41051|216339
58308|35598|52091|206810|202279
28917|6939|1299|3301|199902
8283|20764|202984|35598|25308|28917|9049|51017
34927|9002|21320|5408|47065|61574
58308|6939|200462
62000|6777|42541|205235|207727
139317|44324|32595|174|139057
44324|32595|174|400702
23367|1299|3356|28370|268521
34927|9002|1299|198949|35676
58308|6939|1299|54600
28917|6939|1299|52468|264637
8218|6830|60068|216213|205884
28917|6939|1299|31898|54253
20205|1299|3356|8772|215536
210312|4601|50869|58299|209114
64475|6939|28370|267556
52320|6461|21320|5408|47065|61574
29222|6939|7018|154126
50629|44592|49581|211507
58057|1836|1299|12859|47065|61574
7713|174|3491|20473|47065|61574
207841|6939|29222|204957
35625|5511|1299|12859|47065|61574
48070|6939|25192|20701
553|9002|12555|48876
57777|8298|8283|3320|6855|39904|202605
20253|1299|6453|19318|209896
58308|6939|33891|196819
29222|6939|7018|395568
16347|3356|174|399697|39967|399697
64475|6939|25192|20701
44324|32595|174|48260
327960|174|3356|3223|34224|12735
28917|6939|1299|199508|215629
35710|3320|1299|10490|2722|12148|47065|61574
2027|6696|1299|198949|35676
58057|50673|174|60068|205884
37053|37100|1299|60068|216213|205884
31742|1299|35598|52091|206810
37105|37468|1299|3920|206777
6424|6939|28917|6789|48004
210937|1299|174|210329|215728
50673|174|52468|262393
28917|6939|1299|41564
16552|1299|198949|35676
30844|174|201814|209896
31742|1299|3356|28370|263060
6667|33891|60068|211571
28917|20764|52091|59815|25299
28917|6939|6830|23520|273189
3170|7195|20473|47065|61574
44324|32595|174|55410
29680|174|13786|263047|271068
8529|6453|174|11432|271150|272738
7594|174|35598|25308|28917|9049|51017
58308|6939|29670|212520
58308|6939|12735
327727|174|35598|52091|206810|211692|214268|197578
327727|174|6453|19318|201813
132337|1299|8551|20473|47065|61574
1299|3356|21320|5408|47065|61574
47147|1299|20473|201423
680|2914|174|5538|8194|29345
58511|3257|174|140227|44324|205369
553|1299|3356|28370|268198
7713|1299|174|37468|61568|266460|61625
12859|1299|3257|19318|209896
15623|3303|174|140227|44324|205369
207841|6939|200303
3130|174|35598|52091
58308|6939|1299|30823|49418
48185|3356|174|140227|44324|205369
57866|6830|174|5538|8194|29345
28917|6939|7018|19645
28917|29632|215536
204092|6939|28917|6789|203561
58308|6939|15962|21433
4181|1299|6453|60068|216213|205884
327727|174|6461|394737
174|13786|263047|264972
49432|48362|1299|60068|197103|212080
5413|1299|6453|4755|7768
12859|35598|52091|206810|50204
34800|58057|50673|174|10490|2722|12148|47065|61574
4601|7195|11432|271150
15935|174|1299|20473|399970
42541|29632|59682
327960|327782|37100|2603|21320|5408|47065|61574
15605|56630|209944
20514|1299|3223|41327
58308|6939|6830|23520|14813
999|6453|174|21320|5408|47065|61574
48919|174|21700|399914
263152|174|60068|216213|205884
28917|6939|7018|16576
12779|6939|28370|264426
29222|1299|21351|60132
6424|7195|28260|270548|52794|52659
28917|6939|3170|211956
12779|6939|2852|48091
55222|1299|42303|51701|30893
50628|6453|174|204548|215728
29222|6939|50629|207160|207510
61218|29632|9002|1299|3920|206777
41666|20764|52091|206810|196638|42702
205206|1299|6762|16735|273514
58308|6939|24796|63293
49788|1299|7545|20473|47065|61574
559|6939|60432
36924|1299|3356|28370|263535|268030
4775|137409|62000|212815|52053
15576|35598|52091|206810|5598
204092|6939|28917|39238
20055|174|13786|263047|268105
19151|174|60068|205884
16552|1299|3223|41327
6830|6939|28917|201119
40994|6461|6424|44592|49581|209693
1403|577|1299|201814|209896
49788|174|140227|44324|205369
6730|6830|3356|1680|20473|47065|61574
174|1916|47065|61574
52320|33891|60068|211571
210312|4601|50869|199310
62167|174|204548|215728
29075|174|60068|216213|205884
971|174|204548|215728
264409|174|1299|6855|39904
20932|1299|6453|4755|7768
210937|1299|3356|28370|267556
199524|1299|29695|206557|208835
196621|58115|21263|205844
28917|6939|28370|268198
264479|6762|1299|29695|206557|204503
210312|4601|50869|34019|35600|39432
41722|20764|12859|47065|61574
5413|1299|6762|49666|58224|214805
20130|23352|2914|1299|60068|216213|205884
20253|1299|33891|216067|44244
47147|3320|174|37468|61568|266460|61625
58057|50673|174|52468|262393
44324|32595|174|1089
44324|32595|174|16637|36974
327960|174|21320|5408|50148
57695|917|60068|174|34927|202827
28917|6939|1299|206264
216285|8280|6762|174|8551|20473|47065|61574
24482|2914|1299|198949|35676
139317|44324|32595|174|51551|44971
15547|174|22381|267470|263047|264389
8426|6777|35598|52091|206810|214721|204108
199524|174|3257|19318|209896
139317|44324|32595|174|398113
8283|35598|52091|48158
12969|1299|3356|28370|267608
398465|1299|37468|270551|263047
50304|1299|6855|39904|199604
2027|6696|1299|3920|206777
44324|32595|174|50131
12779|6939|2852|213152
559|35598|52091|206810|196638|42702
28917|6939|1299|53981
174|210|47065|61574
328840|327727|174|3356|3223|41327
2497|174|28283|268744|2716
37721|174|20473|47065|61574
8218|6461|174|1916|47065|61574
3170|13335|400095
58308|6939|33891|197999
263237|174|35598|52091|206810
45049|6696|1299|34927|202827
14907|5511|174|52468|271150
6082|174|20473|47065|61574
31742|1299|3356|28370|264426
49605|6762|174|5538|8194|29345
151326|174|16276|203019
36924|1299|3257|210329|215728
14537|52925|3356|1299|6855|39904|199604
28917|6939|1299|212765|211309
49028|1299|198949|35676
37239|22355|30844|21320|5408|47065|61574
215596|174|52468|271150
199938|1299|3257|19318|209896
28917|6939|1299|30404
20485|174|52468|271150
210312|4601|50869|41051|201957
151326|174|35598|52091|206810|24881
12637|6939|30893|205563
4601|50869|34019|200162
28917|6939|1299|206364
44324|32595|174|400812
57111|41327|1680|44709
58308|6939|202297|210951
59919|12779|12389|39089|202279|206810|52091|41039|48595
6453|174|22381|267470|263047|264389
139317|44324|32595|174|141163
12637|1299|16164|36032
31510|174|22381|267470|263047|264389
139317|44324|32595|174|56898
205112|50629|20473|47065|61574
9044|1299|3257|20473|47065|61574
3170|174|56630|209944
28917|6939|1299|6400
35426|215596|1299|37468|53062|266493|61625
16552|6453|174|22381|267470|263047|264389
28917|6939|1299|20473|199459
55222|174|14840|269288
28917|6939|1299|3223|211428
3320|1299|60068|197103|212080
14907|1299|3356|28370|263535|268030
60068|1299|56630|209944
35369|8218|33891|60068|211571
199938|1299|1680|20473|47065|61574
28917|6939|1299|262206|28036
23367|1299|198949|35676
999|6453|174|13786|263047|271068
36236|3257|1299|198949|35676
6082|174|14840|2716
32590|7922|174|52468|271150
29222|6939|29208|62102
263237|174|3356|60011|34927|208690
20932|1299|201814|209896
327727|174|35598|52091|206810|48595
2734|3257|174|21320|5408|47065|61574
5713|174|12389|39089|202279|206810|52091|41039|48595
58308|6939|1299|60068|206150
398465|1299|22773|8119
1828|18779|174|210329|215728
48919|35320|1299|20473|47065|61574
44324|32595|174|212250|208293|203217|59588
20205|1299|6424|44592|49581|211507
16552|1299|3356|28370
263152|174|60068|211571
31742|1299|33891|216067|44244
12859|137409|206216|215172|214955
23764|1299|35598|52091|206810
44324|7720|10111|1299|3920|206777
210937|6830|174|52468|271150
52925|3356|1299|198949|35676
28917|20764|29049|49666|205647|49801|204533
34177|1299|174|140227|44324|205369
59414|6830|174|22381|267470|263047|264389
28917|6939|1299|9009|44239
12779|62255|52091|206810|12773|213694
206499|34549|1299|37468|270551|263047
28917|6939|1299|21738
50304|1299|3356|28370|267556
35600|6939|28917|6789|200702
58308|6939|7018|396973
139317|44324|32595|174|61568|52901
51519|39351|174|60068|197103|212080
29222|174|52468|271150
6894|174|35598|52091|206810|35273
47147|1299|3356|28370|268198
48362|6424|44592|49581|209693
139317|44324|32595|174|12843
206499|34549|1299|3223|41327
34549|1299|6855|39904|47767
49544|3356|1299|10490|2722|12148|47065|61574
16552|37100|6762|174|37468|61568|266460|61625
28917|6939|1299|20473|215150
42541|62255|52091|206810|48687
58308|6939|42695
35598|174|60068|211571
12969|1299|3223|41327
48362|1764|5405|266493|61625
215596|174|11432|271150
48362|1299|3356|28370|269016
28917|6939|3170|203363
48070|6939|28917|25386
28917|6939|1299|20473|204844
40994|21320|5408|47065|61574
58308|6939|1299|9146
29222|6939|8943|43915
139317|44324|32595|174|14178|272300
12637|35598|52091|206810|211692|214268
58308|6939|263047|264389
20253|1299|3356|8119
45352|174|3257|21034
559|6939|25192|26710
136557|174|35598|52091|206810|24881|24697
17350|2914|174|20473|47065|61574
58308|6939|7018|20074
57777|8298|25091|1299|10490|2722|12148|47065|61574
2734|137409|63473|200790
2500|2914|1299|3920|206777
398465|174|14840|269288
37053|37662|174|52468|271150
207841|6939|393682
20253|1299|23764|35168|212999
24785|6830|174|1916|47065|61574
3491|1299|3223|34224|12735
151326|174|3356|28370|268521
7594|3356|2914|6424|44592|49581|211507
28917|6939|1299|16863
151326|174|35598|52091|206810|24881|24697
58308|6939|1299|206264
210312|4601|50869|34019|204092|202945
139317|44324|32595|174|214206
28917|6939|1299|20473|211158
39122|1299|3491|20473|47065|61574
58057|174|3491|20473|47065|61574
204092|6939|2852|197277
28917|6939|1299|59437
207841|6939|28917|12668
50131|174|1299|20473|47065|61574
6667|174|11432|271150|272738
12779|174|10490|2722|12148|47065|61574
35008|1299|6461|394737
34019|3303|174|60068|205884
64475|62255|52091|206810|50204
58308|6939|1299|212765|211309
6939|1299|12389|39089|202279|206810|52091|41039|48595
58308|35598|52091|206810|12773
58308|6939|32097|22295|206042
12637|6939|28917|39134
328964|37468|174|11432|271150|272738
28917|6939|1299|8551|21859
262427|174|35598|52091|206810|210063
51088|8455|1299|6855|39904
174|1299|6855|50698
3333|12859|3223|34224|12735
3170|6939|2852|210498
58057|174|10490|2722|12148|47065|61574
28917|6939|1299|48448
58511|1299|6855|39904|202605
202365|50673|174|28189|266931|269250|271150
20253|1299|6855|39904|199604
48185|1299|174|20473|47065|61574
50629|9002|8772|396416
5405|62255|52091|206810|56766
6730|6830|9002|12555|48430
32590|33891|216067|44244
50673|174|13786|263047|267425
40994|57463|41327|203847
327983|37497|3491|174|8551|20473|47065|61574
21700|3257|1299|20473|201423
6667|2603|21320|5408|47065|61574
59689|30781|1299|20473|201423
41327|7195|20473|47065|61574
35600|6939|42695|52011
17660|2914|174|20473|47065|61574
44324|32595|174|12337
35008|1299|29695|206557|208835
61049|52025|212895|210320
58308|6939|33891|20940
553|6939|25192|20701
50304|1299|8551|44709
7018|2914|20473|47065|61574
1299|52320|7162|13878|52468|271150
3214|12859|47065|61574
4764|1299|35598|25308|28917|204076
58308|6939|1299|16509|14618
34927|1299|174|20473|47065|61574
35710|4809|1299|20473|399970
28624|3356|1299|6855|39904|47767
34854|1299|6762|267470|263047
51519|39351|1299|3223|34224|12735
210312|4601|50869|41051|209460
15623|174|60068|205884
7594|3356|2914|6424|44592|49581|209693
25152|2497|174|60068|216213|205884
6461|174|14840|2716
559|6939|42695|52011
8426|33891|44592|49581|209693
174|28283|268744|2716
6762|1299|29695|206557
8529|1299|8551|44709
553|1299|3223|41327
139317|44324|32595|174|40344
8283|20764|43298|48678|213865
44324|32595|174|397723
199524|174|3356|8551|44709
14907|5405|12859|47065|61574
28917|20764|52091|206810|208435
44324|32595|174|27659
7713|174|11432|271150|272738
2914|174|11432|271150|272738
28917|16276|203019
6730|6830|3356|16735|2716
12637|2914|6424|44592|49581|209693
196621|6939|28917|20985
58308|6939|3170|206924
60503|6939|1299|20473|399970
327983|37497|3491|2914|6424|44592|49581|211507
6730|6830|174|22381|267470|263047|264389
34800|29632|9002|1299|198949|35676
28917|6939|1299|52468|273123
7018|174|21700|399914
58299|4601|4492
209650|34927|9002|21320|5408|47065|61574
210312|4601|9002|12555
1299|3356|28370|268198
286|3257|5405|8943|200636
20514|1299|3223|34224|12735
199524|1299|25091|8298|4601|4492
28917|6939|1299|398465|23511
210312|4601|50869|205369
30844|3257|1299|198949|35676
271253|174|35598|52091|206810|12773|213694
263237|174|140227|44324|205369
58057|50673|174|210|47065|61574
917|25369|174|11432|271150
553|8551|44709
28917|6939|1299|20473|398549|216321
58308|6939|1299|52468
58308|6939|1299|27947|272819
553|1299|3356|28370
3170|6461|137409|206216|215172|214955
327960|174|1299|6855|39904
12389|174|140227|44324|205369
39122|1299|6939|2852|210367
210937|1299|3356|28370|53079
58308|6939|1299|14080|265652
24516|174|35598|52091|206810|8274
58308|6939|7018|2386|30313
139317|44324|32595|174|46455|12056
5713|174|22381|267470|263047|264389
34019|47160|174|1916|47065|61574
30781|1299|8551|44709
210312|4601|50869|52025|214508
271253|174|60068|211571
28917|6939|1299|28458|263167
15605|35598|52091|206810|208435
3491|174|1916|47065|61574
7500|2497|174|35598|52091|206810
32590|12956|1299|6855|39904|199604
12637|35598|52091|59815
6696|1299|20473|201423
210312|4601|50869|215172
44324|32595|174|39572
50629|6939|42695|52011
44324|32595|174|53667|210842
14907|1299|201814|209896
6830|6453|56630|209944
29504|15935|174|3356|28370|268521
29075|1299|3223|41327
8298|8283|3491|209810|207187|205044
58308|6939|56595|215320
398465|1299|3356|28370|268521
32590|137409|174|20473|47065|61574
49028|1299|3257|60068|206406|210557
20912|12637|8772|215536
15623|174|1916|47065|61574
44324|32595|174|53587|22552
6696|1299|1680|20473|47065|61574
16552|1299|6855|39904|199604
58057|50673|174|10490|2722|12148|47065|61574
58299|1680|20473|47065|61574
559|6939|25192|29067
3130|174|3356|3223|34224|12735
58308|6939|6830|8560
58308|6939|6830|23520|265561|270173|63293
3130|174|35598|52091|206810|59815|25299
139317|44324|7720|10111|1299|12859|47065|61574
34177|174|37468|53062|266493|61625
58308|6939|60432
3549|3356|174|12389|39089|202279|206810|52091|41039|48595
12956|174|204548|215728
46450|1299|17676|216211|211575
216285|8280|6762|174|140227|44324|205369
58308|6939|1299|3301|199902
139317|44324|32595|174|53667|152697
132825|174|3257|28917|215730|209693
17639|1299|8551|20473|47065|61574
29504|15935|174|60068|197103|212080
50673|174|13786|263047|271068
174|7195|20473|47065|61574
64475|62255|52091|206810|34786|34789|34786
852|174|28189|266931|269250|271150
8283|2914|13786|263047|266089
20612|9044|1299|5511|60068|206406|210557
44393|35710|4809|1299|20473|399970
55720|2914|174|399697|39967|399697
3130|174|35598|52091|206810|202279
41051|50263|201814|209896
4601|50869|58299|59645
4764|137409|62000|212815|52053
199524|12859|47065|61574
2734|9304|136237|174|137995|136237
3257|1299|6855|39904|47767
49028|1299|8551|44709
20253|1299|32787|202161
17639|174|28189|266931|269250|271150
58057|174|6453|4755|7768
58308|6939|1299|49222
7474|3257|174|8551|20473|47065|61574
20253|1299|60068|211571
25220|33891|12389|39089|202279|206810|52091|41039|48595
28917|6939|1299|20473|153185|153333
58308|6939|42184
57381|50304|1299|2914|226|47065|61574
44324|32595|174|45250
35369|1764|174|204548|215728
34177|1299|6453|19318|209896
263152|174|6453|19318|201813
20055|1299|21351|60132
6424|6939|30893|13214
327727|174|13786|263047|52793
852|1299|29695|206557
13786|3356|174|140227|44324|205369
559|37468|270551|263047
210312|4601|6939|28917|50009
28917|6939|1299|23520|264821|274070
398465|174|21320|5408|50148
327983|37497|3491|174|60068|205884
12779|6939|207995
28917|6939|1299|23520|27696|271971
28917|6939|1299|20473|400550
15605|6939|30893|204789
16552|1299|16276|203019
7018|6939|50989|33837
7018|3356|13786|263047|268105
8426|6777|35598|52091|206810|202279
8218|6461|174|60068|216213|205884
28917|6939|16652
4777|2497|174|52468|271150
34177|1299|3356|28370|263963
8298|8283|3491|209810|207187
553|174|22381|267470|263047|264389
559|33891|216067|44244
32590|1299|29695|206557
7660|11537|20965|5408|47065|61574
58308|6939|6830|23520|27884|265735
62000|6777|559|200233
207841|61049|2603|21320|5408|47065|61574
58308|6939|1299|198818
6777|35598|52091|206810|214721
199524|1299|6424|44592|49581|209693
199524|174|35598|52091|206810|24881
60011|3356|1299|6855|39904
139317|44324|32595|174|30317
39392|174|20473|47065|61574
32590|1299|22773|8119
35426|215596|1299|6453|29208
50629|6939|28370|268198
680|6461|62000|212815|52053
29504|39392|174|1299|3920|206777
15605|55685|1299|7713|141630
28917|6939|6830|23520|52468|273859
139317|44324|32595|174|27659
28917|6939|1299|60068|399244|142594
8220|1299|29695|206557|208835
1031|999|6453|174|13786|263047|267961
33891|4637|20473|47065|61574
6730|6830|3257|21034
210312|4601|6939|28917|48084|199961
57111|41327|174|22381|267470|263047
44324|32595|174|400164
20932|1299|12956|212721
28917|6939|1299|52468|272075
56911|174|204548|215728
4181|1299|52320|7738|262999|272466
12859|6939|29222|41495
210312|4601|50869|59645
44324|32595|174|397496
58308|6939|6830|33915|29263
28917|47311|150249|153176
58308|6939|1299|15164
139317|44324|32595|174|53667|211233
204092|6939|15372
58308|6939|39791|49101|211274
44324|32595|174|27988|272879
60326|34927|174|20473|47065|61574
553|6939|50989|48116
199524|6762|174|140227|44324|205369
4601|50869|214757
44324|32595|174|396278
32653|3741|33891|44592|49581|209693
34549|1299|37468|270551|263047
32590|7195|33891|216067|44244
28917|6939|6830|23520|272935|273948
41811|1273|174|37468|61568|266460|61625
4601|50869|44324|198304|204518
8426|6777|56630|209944
49432|48362|1299|174|204548|215728
29504|15935|174|37468|270551|263047
41327|39089|202279|206810|52091|41039|48595
3257|1299|8551|20473|47065|61574
38136|50131|174|60068|197103|212080
58308|6939|1299|14616
20932|1299|6453|1031|61568|266460|61625
12859|1299|6855|39904
199524|1299|42303|51701|30893
199524|174|1916|47065|61574
35008|1299|3491|20473|47065|61574
3549|3356|1299|6855|39904
58308|6939|42184|215756
41327|13786|263047|266089|52793
13830|971|174|35598|52091|206810|12773|213694
8660|1267|1299|5511|60068|206406|210557
35426|215596|62000|6777|42541|205235
6908|174|140227|44324|205369
47147|1299|6939|50989|33837
7473|1299|198949|35676
202365|50673|174|22381|267470|263047|264389
58308|6939|16652
12969|1299|6855|39904|199604
58308|6939|207767|214948
34019|29169|174|8551|20473|47065|61574
28917|3257|174|20473|47065|61574
57381|50304|8455|8283|47065|61574
58308|6939|1299|2280
271253|174|35598|52091|206810|214721
28917|6939|1299|23520|64126|265695|63293
205206|1299|6453|29208
4601|50869|58299|209898
28634|4230|1299|201814|209896
6830|6939|50989|205966
28917|6939|1299|3308|47527
202365|50673|174|3356|28370|28657
58308|6939|1299|36692
6830|174|28283|268744|2716
20055|3257|33891|216067|44244
3333|1257|174|204548|215728
139317|44324|32595|174|42228
58308|6939|6830|23520|64126|265695|273867
64475|3320|1299|3920|206777
6696|1299|174|37468|61568|266460|61625
327983|37497|3491|174|20473|47065|61574
28917|6939|1299|22773
6424|14840|2716
28917|6939|1299|20473|215527
5413|1299|3920|206777
35600|39801|58308
29504|15935|6461|394737
327983|37497|3491|174|60068|197103|212080
28634|4230|174|20723|2852|202874
28917|6939|1299|34927
3130|174|20473|30893
62000|212815|52025|212895|210320
6461|1299|56630|209944
34800|58057|50673|174|5459|200070
5405|62255|52091|206810|202497
44324|32595|174|13977|399353
28917|6939|1299|23520|262191|262245
12637|57463|14840|2716
19151|174|1299|6855|39904|47767
58308|6939|7018|54495
20912|12637|174|140227|44324|205369
39392|174|1916|47065|61574
39351|1299|60068|216213|205884
7018|1299|201814|209896
151326|174|35598|52091|206810|214210
34927|1299|3491|216211|211575
28917|6939|1299|12337
40994|6939|28917|6789
7018|3356|13786|263047|271068
1103|6830|60068|211571
214443|6939|28917|52191
204092|6939|28917|21453|48149
58308|6939|29208|205400
174|6453|29208
3356|174|11432|271150|272738
34854|1299|3356|28370|263060
199524|1299|3257|204548|215728
4601|50869|6939|30893|13214|35634
8660|1267|1299|12956|212721
139317|44324|32595|174|53471
37053|37100|1299|3920|206777
28917|6939|1299|20473|398565
44324|32595|174|16843
215596|1299|3356|28370|53079
14907|1299|21351|60132
8529|1299|60068|216213|205884
23367|1299|6424|44592|49581|211507
6461|174|210329|215728
64475|62255|25308|28917|9049|51017
210312|4601|50869|41051|201377
4601|50869|41051|213286
207841|6939|28917|6789|201069|207979
2734|37468|60068|216213|205884
55720|2914|1299|201814|209896
51519|39351|174|3356|8119
29222|6939|62000|208226|202986
58308|6939|6830|23520|270200|272314
327983|37497|3491|5408|47065|61574
58308|39801|29222|41495
7713|174|210329|215728
47147|1299|6939|28370|263535
7713|174|2914|226|47065|61574
59105|2518|2914|12859|47065|61574
34927|33891|216067|44244
6424|6939|30893|13214|35634
58308|6939|1299|27947|264836|265762
35600|6939|196610
52025|137409|62000|212815|52053
6453|1299|29695|206557|205190
64475|62255|52091|206810|211101
60068|174|1916|47065|61574
1836|33891|44592|49581|209693
37662|174|28189|266931|271615|273522|271150
917|60068|1299|20473|201423
50673|174|1299|20473|47065|61574
20764|174|1916|47065|61574
55222|1299|3356|28370|267608
29222|1299|20473|47065|61574
29222|6939|197301|202361
28917|6939|1299|20473|153319
58308|6939|6830|23520|27665|27789|274008
6082|174|21700|399914
680|1299|174|37468|61568|266460|61625
29680|174|28283|268744|2716
34800|58057|28917|215730|209693
28917|6939|1299|8781|396986
29222|6939|553|204680|202329
58308|6939|7018|397568
4230|1299|34927|202827
48070|6939|28917|47438
139317|44324|32595|174|13693
6830|3356|13786|263047|267961
327960|174|32787|202161
28917|6939|1299|21859|139057
42541|1299|3257|19318|209896
58308|6939|7018|3573
35280|1299|8551|44709
44324|32595|174|53667|209864
34019|20764|52091
3170|6939|28917|6789
327983|37497|1299|20473|399970
34177|1299|3356|8119
30600|1299|3920|206777
8220|1299|3356|20473|47065|61574
3170|6939|60432
16552|1299|3356|28370|267608
59105|2518|1299|25091|8298|4601|4492
23367|1299|7195|28189|266931|269250|271150
15605|35598|52091|206810|210063
58308|6939|6830|23520|262202|263713
28917|6939|1299|9299|10139
8426|6777|35598|52091|206810|34786
59919|12779|62255|52091|206810
58057|1836|1299|6855|39904|47767
49544|1299|6855|39904|199604
44393|394256|174|21320|5408|47065|61574
50877|5405|6939|25192
44324|32595|174|44222
51519|39351|174|13786|263047|267425
6762|1299|3920|206777
207841|6939|28917|6789|200702
917|60068|1299|23764|35168|212999
8283|6774|36947|174|36891
58308|6939|1299|9009
174|35598|52091|206810|12773|213694
28917|6939|1299|37680|328596
42541|62255|52091|206810|208435
42541|56630|209944
1403|577|1299|34927|202827
21412|174|204548|215728
41666|56630|209944
58057|34549|174|399697|39967|399697
58308|6939|28917|20985
58057|50673|174|201814|209896
198385|174|20473|47065|61574
30781|1299|20473|47065|61574
36924|1299|174|22381|267470|263047|264389
60068|33891|29632|59682
4601|50869|52025|205649
139317|44324|32595|174|15121
5392|137409|62000|212815|52053
28917|6939|1299|20473|398223
8298|25091|1299|10490|2722|12148|47065|61574
198385|15576|174|60068|197103|212080
29222|6939|28917|48084|199961
41327|6939|50989
53828|2914|1299|6855|39904|202605
139317|44324|32595|174|3356|7195|52863|270956
24516|174|35598|52091|206810|208435
293|2914|6424|44592|49581|211507
6424|6939|50989|205966
28917|6939|1299|25260
50629|20764|52091|206810|59867
23352|2914|174|8551|20473|47065|61574
58308|6939|1299|14522
6057|6461|21320|5408|47065|61574
16552|1299|1680|20473|47065|61574
52025|174|52468|271150
9002|6830|60068|211571
35598|174|3257|19318|201813
271253|174|34927|202827
852|1299|60068|216213|205884
30600|174|52468|271150
28917|6939|41720|47152|208753
20912|12637|174|21320|5408|47065|61574
6830|3356|28370|268198
39122|137409|62000|212815|52053
8455|1299|6855|50698
4601|50869|56381|208814
210937|1299|34927|202827
12859|6939|50989|50683
12389|174|21320|5408|47065|61574
2027|6696|1299|20473|47065|61574
139317|44324|32595|174|18501
49788|1299|6762|267470|263047
58308|6939|33891|59716
20912|12637|1299|17676|216211|44324|205369
58308|6939|35826|205311
8220|1299|6424|44592|49581|211507
46450|33891|216067|44244
19151|174|7545|20473|47065|61574
15692|2914|3257|28917|215730|209693
199938|1299|174|210|47065|61574
6830|1299|6855|39904
35600|20764|202984|35598|25308|28917|204076
37239|22355|5511|174|52468|271150
132825|174|1299|8551|44709
31742|1299|3356|28370|263535|268030
3170|6461|214565|64289|212895|210320
60068|174|216211|211575
136557|174|21320|5408|47065|61574
28917|6939|7018|19065
513|29222|6939|35168|21299
28917|6939|1299|20473|201235
28917|6939|273556
49028|1299|174|140227|44324|205369
59689|30781|1299|20473|47065|61574
6830|3491|209810|207187|205345
8529|2603|21320|5408|47065|61574
6424|6939|28917|39134
8426|6424|44592|49581|211507
58308|6939|61618|268492
57111|174|3356|60011|34927|208690
28917|6939|1299|262206|52262
15605|6939|2852|213152
28917|6939|1299|6503
58308|6939|1299|3301|207538
4230|1299|29695|206557|208835
28917|6939|1299|208905|212616
210312|4601|50869|213768|274348
50673|174|60068|216213|205884
64475|29632|59682
136557|174|3356|8551|44709
18779|174|210329|215728
41327|2603|21320|5408|47065|61574
4601|50869|41051|215004
13030|1299|6453|4755|7768
50673|174|204548|215728
5413|1299|1680|20473|47065|61574
58308|6939|30893|205563
6424|4601|4492
210312|4601|50869|41051|215004
35625|33891|216067|44244
58057|174|1299|8551|44709
44324|32595|174
28917|6939|1299|2280
7500|2497|174|14840|269288
28917|6939|1299|20473|200202
58308|6939|1299|46887|400164
327983|37497|3491|174|1916|47065|61574
1299|6939|50989|33837
31510|174|216211|211575
39351|1299|3356|28370|28657
47147|1299|3257|204548|215728
29680|174|399697|39967|399697
58308|6939|1299|5504
28917|6939|1299|60068|212508
58308|6939|1299|7979
58308|6939|25400
28917|6939|6830|23520|64126|272980|274084
49432|48362|1299|3356|28370|263535
44324|32595|174|209847|215540
210312|4601|50869|215828|59449
8283|6461|210|47065|61574
4601|50869|41051|201377
28917|6939|48678|209828
40387|1299|29695|206557|204503
3214|1299|20473|201423
60068|1299|3356|28370|263060
12350|1299|6762|49666|58224|214805
4601|6939|28917|44056|57629
29222|6939|29208|62083
58308|6939|1299|52468|272936
44324|32595|174|214043
12586|3257|1299|12859|47065|61574
971|174|35598|25308|28917|204076
29504|39392|33891|4637|20473|47065|61574
57111|41327|13786|263047|52793
398465|4826|1299|20473|47065|61574
28917|6939|1299|23520|274183
3320|2914|12859|47065|61574
29504|15935|174|1299|8551|44709
57695|917|60068|174|216211|44324|205369
28917|6939|31263|8822
45352|174|3257|60068|206406|210557
58308|6939|1299|49206
57777|8298|25091|1299|198949|35676
20764|174|1299|20473|399970
50629|1299|7545|20473|47065|61574
13830|971|174|35598|52091|206810|56766
12637|35598|52091|206810|8274
9044|1299|12389|39089|202279|206810|52091|41039|48595
28917|6939|48678|47951
49544|2914|174|204548|215728
49432|48362|1299|201814|209896
42541|62255|52091|206810|59815|25299
49544|2914|174|11432|271150|272738
58308|6939|199095
28917|6939|1299|20473|63313
58308|6939|1299|199753
28917|6939|1299|52468|270049
139317|44324|32595|174|7040
50877|5405|1299|60068|197103|212080
196621|6939|30893
41327|3356|174|20473|47065|61574
8888|137409|174|60068|205884
61568|6762|1299|6855|39904
6830|6939|28370|268198
1836|1299|3920|206777
553|13335|5408
41327|266493|61625
39122|1299|6939|28370|263535
8280|137409|62000|212815|52053
31742|6424|44592|49581|209693
9900|23764|3356|174|60068|216213|205884
28917|6939|1299|23520|273157
136557|174|11432|271150|272738
32590|1299|174|1916|47065|61574
174|13786|263047|274841
44324|32595|174|200315|57568
58299|62255|52091|206810|5598
28917|6939|7018|20057
28917|6939|1299|23520|263238|52274
39122|1299|6939|54429
12637|6939|29222|41495|206202
58308|6939|5405|147049
210312|4601|50869|215172|214955
6777|35598|52091|206810|56766
28917|6939|1299|42313
3130|174|3356|16735|2716
49544|1299|174|20473|47065|61574
39351|174|204548|215728
28917|6939|1299|1759|51164|20574
49028|1299|174|204548|215728
40994|9002|12555
29222|6939|202585|215842
205206|1299|37468|52468|262393
3130|174|28189|266931|269250|271150
21412|1299|6453|29208
37271|3356|1299|20473|47065|61574
48919|174|1916|47065|61574
2734|32098|28509|174|398465|399296
44324|32595|174|198104
4775|1273|174|60068|197103|212080
33891|37468|270551|263047
35008|1299|3920|206777
264409|174|6453|29208
559|32787|202161
39351|1299|6855|39904
44324|32595|174|62833
29680|174|35598|52091|206810
210312|4601|50869|52025|208755
52320|1299|17676|216211|211575
34800|58057|50673|174|12956|212721
28917|6939|1299|203532
13830|971|174|35598|52091|206810|202279
28917|6939|1299|3308|201503
47147|2914|174|399697|39967|399697
28917|6939|1299|60610
58308|6939|7018|22715
12969|33891|216067|44244
198249|4601|4492
210312|4601|50869|213768|214161
398465|1299|6855|39904|47767
58308|6939|263047|267425
48070|1299|174|60068|205884
398465|4826|1299|35598|52091|206810
49605|6762|1299|6855|39904|199604
40387|23473|174|37468|61568|266460|61625
59414|6830|3356|8119
39351|174|138997|216211|44324|205369
327983|37497|1299|6855|39904
207841|6939|28917|21453
58057|174|3257|21034
58511|3257|174|60068|205884
57695|917|60068|1299|3356|28370|267608
553|1299|3356|28370|263963
553|6939|59970
24482|6424|44592|49581|209693
58308|6939|1299|8764
32590|174|399697|39967|399697
210937|1299|3356|28370|263963
13830|971|174|6453|19318|201813
6762|1299|201814|209896
3170|13335|5408
8455|6830|60068|216213|205884
207841|6939|2852|210367
28917|6939|49418|213877
58308|6939|39791|57728
47232|174|6453|29208
23367|1299|2914|226|47065|61574
29504|15935|174|6453|4755|7768
2914|1299|6855|39904|47767
34854|1299|174|216211|211575
553|1299|8551|20473|47065|61574
132337|8966|21320|5408|47065|61574
12779|44592|49581|209693
34177|1299|3491|216211|211575
28917|6939|2852|201648
553|6939|28917|48084|199961
37662|174|12956|212721
14630|1299|201814|209896
48070|1299|6855|50698
58308|29075|2603|21320|5408|47065|61574
35426|215596|1299|12956|212721
139317|44324|32595|174|17056
29222|6939|21430|203376
202984|6762|174|37468|61568|266460|61625
4764|1299|6762|49666|58224|214805
13830|971|174|60068|211571
210312|4601|50869|52025|214323
6908|6461|6424|44592|49581|211507
35600|6939|28917|198297|51081
58308|6939|1299|51057
15605|6939|30893
513|29222|6939|61618|268492
21412|174|140227|44324|205369
44393|394256|174|210329|215728
58308|6939|1299|210937|62599
132825|174|60068|211571
199524|1299|5511|60068|206406|210557
328512|5713|174|12956|212721
35600|1828|12179|393398|3356|1299|23033|27323
139317|44324|32595|174|50131
12637|1299|37468|60068|216213|205884
28917|6939|1299|7632|131728
50629|1299|20473|201423
398465|174|32595|44324
28917|6939|1299|11664|263812
207841|6939|28917|48084|59833
34927|1299|56630|209944
6424|6939|28917|43714
56655|1299|174|60068|205884
29504|15935|174|56630|209944
29222|6939|263047
38136|50131|174|60068|205884
29222|6939|25400|200139
4601|50869|41051|209235
58308|6939|1299|54528
20080|2914|1299|20473|47065|61574
398465|7922|2914|12859|47065|61574
50877|5405|6939|2852|200874
23367|1299|6762|267470|263047
24961|3320|1299|60068|197103|212080
2734|22356|28370|263963
5405|62255|52091|206810|210063
4637|6461|174|37468|61568|266460|61625
28917|6939|7018|3423|13979|10616
3741|33891|44592|49581|209693
29222|6939|200462|215163
264409|174|6453|4755|7768
50628|6453|174|5538|8194|29345
199524|1299|6855|39904|199604
34927|52025|1299|29695|206557
15935|174|3356|1680|44709
6424|174|35598|52091|206810|35273
139317|44324|32595|174|40727
1403|577|1299|6855|50698
7018|1299|1680|20473|47065|61574
35600|6939|28917|43886
6424|6939|28917|44056|57629
41327|1299|20473|47065|61574
50304|1299|3356|16735|2716
3214|6453|174|13786|263047
64475|62255|52091|206810|39089
58308|6939|1299|52468|269853
58057|174|35598|52091|206810|211692|214268
6461|1299|917|214598
210312|4601|50869|58299|48971|208200
1299|7195|11432|271150|272738
20764|174|210|47065|61574
8280|6762|174|13786|263047|271068
37053|37100|2603|21320|5408|47065|61574
23673|9900|23764|3356|174|10490|2722|12148|47065|61574
210312|4601|50869|205154
58308|6939|6830|23520|27745
2497|1299|3223|34224|12735
328840|327727|174|3356|3223|34224|12735
58308|6939|7018|395500
42473|1299|56504|47674
1299|6939|2852|48091
6894|174|13786|263047|262578
8529|6453|174|11432|271150
34927|1299|10490|2722|12148|47065|61574
3701|11164|6461|8899|60294|33891|50673|43414|49784
58308|6939|1299|23520|46198
271253|1299|6855|39904|202605
19151|2914|1299|8551|44709
49788|1299|60068|197103|212080
28917|6939|1299|5617|214666
917|60068|174|6461|394737
28917|6939|1299|23033|27323
852|1299|20473|47065|61574
1280|1299|174|140227|44324|205369
58308|6939|1299|208905|210625
60011|3356|21320|5408|47065|61574
49788|1299|7195|20473|47065|61574
28917|6939|1299|10158
6461|1299|198949|35676
204092|34019|2603|21320|5408|47065|61574
29222|6939|268624
28917|6939|1299|20473|11613
28917|6939|1299|5518|12578|208995
15605|35598|52091|206810|214210
6424|6939|28917|198297|51081
174|2914|12859|47065|61574
50877|5405|6939|2852
22652|174|6461|394737
6777|35598|52091|206810|214721|204108
44324|32595|174|26277
58308|6939|1299|40185
136557|174|52468|262393
29504|39392|33891|266493|61625
28917|6939|2852|213152
28917|6939|15935|204860|203385
328840|327727|174|13786|263047|264982
21700|174|2914|20473|47065|61574
28917|6939|1299|16921
917|60068|174|6453|4755|7768
7018|1299|33891|216067|44244
58308|6939|1299|3223|214673
8220|3491|174|37468|61568|266460|61625
6424|264409|61832|266460|61625
4601|50869|58299|209114|206072
57111|41327|50263|201814|209896
42541|62255|52091|206810|214721
12637|8772|396416
6730|6830|174|1916|47065|61574
15576|35598|52091|206810|24881
8280|6762|174|5538|8194|29345
59891|13030|1299|174|140227|44324|205369
136557|174|5538|8194|29345
28917|6939|1299|19750
47147|1299|9002|8772|396416
51184|1764|174|140227|44324|205369
394256|174|6461|394737
20764|174|138997|216211|44324|205369
48919|174|3257|20473|47065|61574
38136|50131|174|210|47065|61574
132825|174|56630|209944
44324|32595|174|4134|140329
56655|1299|174|140227|44324|205369
35710|3320|174|37468|61568|266460|61625
264479|6762|1299|6855|39904|47767
37739|3491|1299|3920|206777
14630|6830|33891|216067|44244
12969|1299|3223|34224|12735
6830|2914|3223|34224|12735
139317|44324|32595|174|53667|202256
28917|6939|1299|52468|271795
1299|3356|216211|211575
21700|174|35598|52091|59815|25299
16552|37271|174|11432|271150
24516|174|3257|19318|201813
28917|6939|1299|23520|263703|269946
49028|1299|174|37468|61568|266460|61625
29222|6939|30893
58308|6939|1299|51834
216285|8280|6762|1299|22773|8119
44324|32595|174|395746
28917|6939|1299|20473|396500
3320|6830|34927|202827
28917|6939|1299|20473|208914
50673|174|6461|394737
28917|6939|1299|23520|263238|272883
139317|44324|32595|174|51847|61112
47692|3356|174|60068|216213|205884
28917|6939|1299|23520|264821|271982
577|174|210329|215728
29169|174|20473|47065|61574
12586|3257|174|399697|39967|399697
39122|1299|6939|393682
39351|174|1916|47065|61574
29075|174|399697|39967|399697
59689|29075|12859|47065|61574
6453|1299|198949|35676
24961|1299|20473|47065|61574
6696|1299|174|21320|5408|47065|61574
151326|174|3257|21034
40994|9002|34927|202827
58308|6939|1299|208905|199270
58308|6939|1299|265530
328512|5713|174|22381|267470|263047|264389
42541|7195|28189|266931|271615|273522|271150
35266|1299|6855|39904
174|6453|60068|216213|205884
58057|50673|174|216211|211575
37468|2914|174|32595|44324
513|174|3257|20473|47065|61574
58308|6939|196610|48927
49605|6762|174|11432|271150|272738
57866|12859|47065|61574
6720|33891|216067|44244
51185|6762|1299|6855|39904|202605
58308|6939|1299|31242|198050
206356|50629|174|204548|215728
139317|44324|32595|174|61407
12350|1299|12956|212721
17350|6453|1299|6855|39904|202605
4181|1299|20473|47065|61574
210312|4601|50869|6939|2852|201648
6939|1299|7195|20473|47065|61574
34927|60011|3356|174|60068|205884
5405|20473|47065|61574
12350|1299|20473|399970
8298|8283|3491|209810|207187|202551
56987|174|13786|263047
209|3356|1299|6855|39904|202605
28917|6939|1299|62917
1299|174|60068|216213|205884
64475|62255|52091|206810|196638
49544|3356|174|5538|8194|29345
196621|6939|2852|48091
58308|6939|1299|206610
60326|206499|34549|1299|198949|35676
3320|1299|60068|216213|205884
140627|1299|6855|39904|199604
13830|971|174|3257|60068|206406|210557
12637|35598|52091|206810|196638|42702
2734|22356|28370
57866|6830|174|11432|271150
139317|44324|32595|174|19406
4601|50869|6939|42695|43101
3130|174|216211|44324|205369
28917|6939|2852|204772
271253|6453|174|140227|44324|205369
28917|6939|1299|20473|207755
28917|6939|1299|16509|200227
19151|2914|1299|34927|202532
5413|1299|56630|209944
4601|50869|41051|208487
35600|6939|28370|52593
4601|8298|25091|1299|198949|35676
553|62255|52091|206810|211692|31069
2500|2914|174|11432|271150|272738
1273|174|52468|262393
23367|1299|3356|60011|34927|208690
6423|20055|1299|21351|60132
6730|6830|174|20473|47065|61574
28917|6939|1299|20473|209300
207841|6939|25192|26710
49028|1299|6762|16735|273514
39122|1299|6855|39904
58299|49581|211507
51873|24889|6424|44592|49581|211507
139317|44324|32595|174|26801
47147|9002|3356|174|20473|47065|61574
513|29222|6939|15935|56360
328840|327727|174|35598|52091|206810|196638
139317|44324|32595|174|212148
60326|34927|1299|8551|20473|47065|61574
3130|174|35598|52091|206810|211692|214268|197578
41811|1273|1299|8551|44709
15547|174|13786|263047
35280|6453|174|399697|39967|399697
1299|6939|2852|61110
6667|1299|20473|399970
39351|1299|5511|60068|206406|210557
148968|1299|6453|4755|7768
39122|174|20473|47065|61574
49432|48362|1299|174|216211|211575
56655|1299|6453|4755|7768
210312|4601|50869|6939|28917
7018|3356|3223|34224|12735
28917|6939|1299|6758|33874|14789
209650|34927|5405|1299|20473|47065|61574
210312|4601|50869|214770
139317|44324|32595|174|8926
204092|6939|28917|48084|59833
28917|6939|1299|19551
30600|1299|22773|8119
4601|50869|6939|207995
28917|6939|7018|46488
1103|33891|216067|44244
12859|6939|25192|20701
4775|1273|174|8551|20473|47065|61574
31742|1299|3356|28370|268198
28917|6939|1299|20473|63183
1273|174|8551|20473|47065|61574
15605|6939|50989
263152|174|6461|394737
64475|62255|52091|206810|24881
58308|6939|1299|199540
41327|6939|16652
28917|6939|1299|271938
42541|1299|3257|20473|47065|61574
7594|174|35598|52091|206810
327804|37271|174|11432|271150
35008|1299|35598|52091|206810
57866|1299|10490|2722|12148|47065|61574
34927|1299|3356|28370|268521
49028|1299|6855|50698
328840|327727|174|5511|60068|206406|210557
52025|174|28189|266931|269250|271150
50304|1299|3356|1680|44709
553|9002|12555|198070
199524|174|35598|52091|206810|39558
29222|6939|3170|211956
6424|9304|136237|174|137995
4601|50869|34019|35600|61025
35426|215596|62000|1031|266493|61625
23367|1299|56630|209944
559|6939|50989|50683
57111|174|1299|8551|44709
3130|174|3257|204548|215728
20205|1299|21351|60132
6424|6939|2852|204772
28917|6939|1299|23520|27889
41666|20764|52091|206810|196638
6830|6939|28917|43714
36924|1299|35598|52091|206810
14907|1299|6453|4755|7768
56987|174|52468|262393
28917|6939|1299|20473|394935
58308|6939|1299|262223
58308|6939|1200
57381|50304|1299|7195|28189|266931|271615|273522|271150
42473|1299|37468|53062|266493|61625
328840|327727|174|13786|263047|269680
199938|1299|10490|2722|12148|47065|61574
40387|1299|174|210329|215728
1299|20473|30893
28917|6939|1299|23520|263248
50629|1680|44709
13030|1299|7195|20473|47065|61574
12956|9002|62000|212815|52053
50628|1299|3257|20473|47065|61574
28917|6939|1299|396993
202365|50673|174|210|47065|61574
7018|6939|50989|205966
6461|1299|201814|209896
20253|1299|174|13786|263047
32590|1299|25091|8298|4601|4492
139317|44324|32595|174|984|55201
58308|6939|29208|49262
513|29222|6939|49418|213877
58057|50673|174|3257|20473|47065|61574
6424|174|35598|52091|206810|34786
20612|8758|3303|21320|5408|47065|61574
39122|174|5538|8194|29345
29222|6939|196945
29222|6939|9136|211479
12779|39801|199881
23367|1299|60068|197103|212080
327727|174|35598|52091|206810|211692|214268|196977
6057|6424|44592|49581|209693
59105|2518|1299|6855|50698
20205|1299|16276|203019
196621|6939|28917|198297
44324|32595|174|1613
31510|174|3257|20473|47065|61574
55222|174|201814|209896
8283|3491|209810|207187|206420
40994|57463|41327|213338
196621|6939|59970
6461|174|13786|263047|267961
49028|1299|6939|28370|268198
12637|6939|2852|198500
28917|6939|1299|20473|205417
210312|4601|50869|215296
64475|49434|212815|52053
23673|3491|174|28189|266931|271615|273522|271150
44324|32595|18423|137409|6461|1299|4637|1221|16509
7018|3356|28370|268198
41722|20764|174|204548|215728
42473|1299|3356|60011|34927|208690
15623|3303|21320|5408|47065|61574
58308|6939|8194|51955
55222|1299|29695|206557|208835
328206|37739|3491|174|1916|47065|61574
17350|3356|1299|22773|8119
41327|6461|210|47065|61574
51519|39351|174|3257|60068|206406|210557
213151|34549|174|140227|44324|205369
28917|6939|1299|52468|264836
12637|1299|8943|200636
210312|4601|50869|6939|25192|20701
139317|44324|32595|174|27747
139317|44324|32595|174|26057
28917|6939|47160|214390
58308|6939|1299|5518|51894
40387|1299|174|204548|215728
28917|6939|1299|20473|154486
31742|1299|6855|50698
215596|1299|12859|47065|61574
6730|6830|3356|3223|34224|12735
58308|6939|7018|26153
28917|6939|1299|52468|265632
58308|6939|9136|34219
3130|174|11432|271150|272738
25091|3356|174|5538|8194|29345
513|174|1299|198949|35676
41327|19318|209896
35598|174|3257|19318|209896
44324|32595|174|398156
28917|6939|1299|210937|11930
15576|35598|52091|206810|24881|24697
206356|50629|1299|8551|44709
1403|577|174|210329|215728
132847|7474|7473|1299|20473|47065|61574
36236|2914|6424|44592|49581|211507
4601|50869|6939|2852|61110
216285|8280|6762|174|60068|197103|212080
394256|174|1916|47065|61574
139317|44324|32595|174|1299|25091|8298|4601
58057|174|13786|263047|268105
12779|174|60068|216213|205884
198385|174|3257|60068|206406|210557
199938|1299|174|20473|47065|61574
28917|262999|272466
6830|174|8551|20473|47065|61574
40994|6939|58308
6830|174|140227|44324|205369
49788|174|60068|216213|205884
28917|6939|1299|32806
16347|1299|8551|44709
394256|174|21320|5408|50148
28917|6939|1299|39892
28917|6939|199399
53828|2914|174|8551|20473|47065|61574
5413|1299|20473|47065|61574
14907|1299|32787|202161
5405|1299|8551|44709
174|13786|263047|269488
4601|6939|28917|48084|35816
215596|174|13786|263047|269680
64475|6939|30893|204789
29222|6939|7018|6431
64475|62255|52091|206810|12773|211692|196629
6830|174|62000|212815|52053
215596|62000|6777|2852
6830|6939|59970
59890|60068|1299|20473|399970
51519|39351|174|6453|29208
29222|6939|6424|39384
16552|1299|20473|47065|61574
398465|174|28283|268744|2716
215596|174|204548|215728
29075|1299|3356|28370|267608
34927|6424|44592|49581|209693
34019|6830|60068|216213|205884
4764|1299|12389|39089|202279|206810|52091|41039|48595
20253|1299|52320|7738|262999|272466
34288|1299|3356|28370|267608
36924|1299|4230|2716
39122|1299|3356|16735|273514
41722|20485|1299|6855|39904|47767
3170|6939|28917|6789|201069|207979
199524|174|3356|60011|34927|208690
8758|3303|21320|5408|47065|61574
34019|6939|2852|199711
8455|1299|8551|44709
12859|6204|208972|210538|6775|13030|4637|133398
50629|33891|44592|49581|209693
20253|1299|174|140227|44324|205369
29222|6939|29208|209135
28917|6939|1299|20473|153057
58308|6939|6830|23520|11139|397382
6830|6453|44592|49581|209693
28917|6939|1299|20473|40929
58308|6939|1299|20473|205398
139317|44324|32595|174|397142
7018|1299|6424|44592|49581|211507
28917|6939|1299|20473|214242
139317|44324|32595|174|33182
58308|6939|1299|14080|263710
28917|6939|32097|11867
25091|6453|174|20473|47065|61574
210312|4601|50869|6939|28370|263535
263152|174|21320|5408|47065|61574
59890|174|210|47065|61574
34549|174|5538|8194|29345
58308|6939|50629|35675
29140|2603|21320|5408|47065|61574
58308|6939|1299|58065
58308|6939|205081
40387|1299|201814|209896
28917|6939|1299|11049
58308|35598|52091|206810|12773|44884
4601|50869|214508
12350|1299|6855|39904|202605
35600|6939|28917|39238|49392
64475|62255|52091|206810|208435
6424|174|35598|52091|206810|24881|24697
136557|174|210329|215728
49028|1299|35598|52091|206810
28917|6939|1299|20473|42692
12969|1299|3356|28370|267556
210312|4601|6939|28917|8926|41221|207164
3170|1828|13789|30372|3356|174|393216
57866|1299|3920|206777
28917|20764|52091|206810|211692|214268
58308|6939|1299|199508|215629
4601|6939|28917|50923
28917|6939|7018|7743
64475|3320|1299|8551|20473|47065|61574
210312|4601|52320|7162|13878|52468|271150
199524|174|32595|44324
38136|50131|36236|2914|6424|44592|49581|211507
29691|1299|6453|19318|209896
57866|1299|8551|44709
132825|174|3356|16735|2716
28917|6939|1299|60284
6453|174|201814|209896
40994|9002|917|214598
7594|174|35598|52091|206810|211692|214268
28917|6939|6830|23520|64126|265695|273867
17660|2914|1299|10490|2722|12148|47065|61574
3130|174|1916|47065|61574
7018|6453|19318|201813
209650|34927|1299|20473|201423
139317|44324|32595|174|402062|400164
199524|1299|6762|49666|58224|214805
210312|4601|50869|41051|207076
47147|1299|3257|20473|47065|61574
28917|6939|1299|212318
44324|32595|174|54502
196621|6939|50989
28917|6939|1299|23520|27884|272009
6830|1299|20473|399970
198249|14840|269288
4601|50869|6939|30893|200690
210937|1299|174|210|47065|61574
6424|6939|28370|268198
48185|1299|3257|204548|215728
34800|58057|50673|174|28189|266931|269250|271150
35280|6453|174|204548|215728
58308|6939|28917|35539
42541|62255|52091|206810|24881|24697
513|174|8551|20473|47065|61574
40994|13030|6775|5405|21245
25152|2497|174|34927|202827
28917|6939|271150
16552|1299|42303|51701|30893
148968|7474|7473|1299|3920|206777
6762|174|13786|263047|271068
58308|6939|1299|35908
37271|3257|1299|3920|206777
35600|20764|43298|48678|210574
44324|32595|174|397903
58308|6939|3170|57782
47147|9002|21320|5408|47065|61574
33891|16164|36032
39392|33891|4637|20473|47065|61574
64475|62255|52091|206810|12773|44884
34854|1299|3356|28370|263535
28917|6939|197580
64475|6939|28370|269016
41666|1031|266493|61625
41327|13786|263047|267334
132825|174|3257|8551|44709
30600|174|37468|61568|266460|61625
139317|44324|32595|174|21826|269946|272993
3170|6939|28370|52593
58057|174|13786|263047|271068
55222|1299|29695|206557
58308|6939|1299|22497
28917|6939|1299|20144
15935|174|3257|19318|209896
15605|6939|28370|264426
139317|44324|32595|174|398439
3356|21320|5408|47065|61574
58308|6939|1299|62904
57381|50304|1299|174|204548|215728
56655|1299|3257|20473|47065|61574
28917|3257|174|216211|211575
29222|6939|7018|397602
58299|6204|214941|174|29802
16552|1299|6461|394737
28917|20764|52091|206810|12773|211692|196629
28917|6939|1299|52468|52263
3701|3356|1299|198949|35676
4764|1299|56630|209944
15605|203489|9002|41327|214169
12859|35598|52091|206810|12773
210312|4601|50869|44324|199018
40994|57463|41327|60530
58308|6939|28917|39153
327727|174|52468|262393
31742|1299|10490|2722|12148|47065|61574
48362|1299|60068|197103|212080
44324|32595|174|10578
13030|1299|6453|19318|209896
917|60068|1299|6939|393682
44324|32595|174|272406
7594|174|35598|52091|206810|211692|214268|197578
210312|4601|50869|52025|35100
22652|174|13786|263047
2152|3356|1299|6855|50698
35600|6939|50989
58308|6939|1299|3223
58308|6939|25400|213158
58308|6939|1299|17072|272336
12956|174|20723|2852|202874
58308|6939|1299|3342|212482
44324|32595|174|33182
58308|6939|1299|20473|210659
29075|174|52468|262393
49544|3356|1299|198949|35676
28917|201054|198408
3741|174|3257|19318|201813
48919|174|8551|20473|47065|61574
58308|6939|6830|23520|274183
58308|6939|15935
37271|174|52468|271150
58308|6939|5405|213425|20802
6730|6830|6461|394737
58308|6939|6830|23520|272935|273948
58308|6939|7018|22787
35426|215596|62000|6777|42541
34854|8298|4601|4492
57381|50304|6461|62000|212815|52053
29222|6939|7018|25993
328964|23764|1299|20473|47065|61574
29222|6939|268944
58308|6939|1299|394611
24785|6830|3356|28370|267556
4601|50869|41051|212488
3130|174|13786|263047|268105
57381|50304|1299|4230|2716
62167|174|13786|263047
58308|6939|215085
174|60068|211571
50629|6939|54429|401894
35600|6939|28917|12668|197404
24961|1299|8551|20473|47065|61574
20932|174|52468|271150
139317|44324|32595|174|7195|30081
3303|21320|5408|47065|61574
6830|6939|215172|214955
58308|6939|47160|207225
7018|6939|2852|212876
199524|174|11432|271150|272738
7720|10111|1299|8551|20473|47065|61574
51519|39351|1299|8551|44709
58308|6939|1299|39063|29108
29222|6939|25400|21293
57866|1299|21351|60132
13030|1299|6762|267470|263047
59689|30781|33891|60068|211571
139317|44324|32595|174|393524
34927|1299|56504|47674
12969|1299|3356|28370|263060
8455|1299|12389|39089|202279|206810|52091|41039|48595
140627|2914|174|140227|44324|205369
37468|174|6453|29208
204092|44592|49581|209693
20485|174|52468|262393
1403|577|1299|1680|20473|47065|61574
58308|6939|1299|6424
4601|50869|41051|205563
199524|1299|34927|202827
6424|6939|28917|201119
40994|6939|28917|204623
57821|12586|3257|174|1916|47065|61574
17639|174|20473|47065|61574
196621|58115|21263|56984
46450|1299|6855|39904|202605
28917|6939|1299|23520|27665|263222
207841|6939|28917|25386
34800|58057|50673|174|32787|202161
20253|1299|174|14840|269288
139317|44324|32595|174|28999
6830|6939|28917|39153
8220|6453|174|22381|267470|263047|264389
559|9002|12555|48430
44324|32595|174|57933
29222|174|204548|215728
17660|6453|174|50509|51032|41344|39707
6830|3257|56630|209944
5405|1299|10490|2722|12148|47065|61574
210312|4601|50869|6939|2852|48091
47957|33891|216067|44244
56662|34549|174|140227|44324|205369
38855|44324|215172|214955
271253|174|35598|52091|206810|196638
207841|6939|50989|33837
28917|8359|57304|39531
12307|29691|1299|174|22381|267470|263047|264389
12779|9002|34927|202827
553|9002|12555
205112|50629|6939|33924
262427|174|35598|52091|206810|56915
139317|44324|49581|209693
16552|1299|3356|28370|263963
35008|1299|174|140227|44324|205369
50304|1299|3356|28370|264426
3130|174|35598|52091|206810|208435
42473|1299|56630|209944
6696|1299|3356|60011|34927|208690
34177|8455|8283|47065|61574
13030|1299|174|22381|267470|263047|264389
28917|6939|1299|60068|204903
2497|1299|22773|8119
327727|174|28189|266931|271615|273522|271150
58308|6939|1299|5605
21700|174|35598|52091|206810|56766
13030|1299|3257|19318|209896
47957|44530|6830|60068|216213|205884
58308|6939|1299|400767
917|60068|1299|25091|8298|4601|4492
136557|174|35598|52091|206810|48595
58308|35598|52091|206810|56915
398465|1299|3356|28370|263535|268030
328840|327727|174|3356|16735|2716
32590|6453|174|60068|216213|205884
28917|6939|1299|270122
271253|174|35598|52091|206810|57164
140627|2914|174|399697|39967|399697
4601|50869|215172
44324|32595|174|44222|209847
327960|174|3356|8119
52075|2914|3356|21320|5408|47065|61574
12956|3356|21320|5408|47065|61574
198385|174|12389|39089|202279|206810|52091|41039|48595
7474|3257|174|22381|267470|263047|264389
37239|37468|174|6453|29208
19151|174|6453|19318|201813
37739|3491|174|11432|271150
139317|44324|32595|174|1916|11242
28917|6939|1299|20473|153185|153189
8220|1299|174|60068|205884
33891|7311|835|394273
23764|1299|12859|47065|61574
58308|6939|7018|13965
29222|6939|47160
58308|6939|1299|25400
59105|2518|33891|216067|44244
28917|6939|1299|23379|267700|269965|266815
24516|3491|5405|8943|200636
44324|32595|174|393524
37053|37100|1299|201814|209896
8283|3491|209810|207187|205345
971|174|3257|60068|206406|210557
3216|1299|6855|39904|47767
44324|32595|174|212318
2518|1299|34927|202827
8283|6939|28370
34927|52025|1299|29695|206557|208835
6424|6939|54429
28917|6939|1299|210021|14789
28917|6939|1299|20473|147048
6424|137409|48011|25184|49801|204533
6894|174|35598|52091|206810|34786
210312|4601|50869|58299|209898|199553|213081
17660|2914|6424|44592|49581|211507
139317|44324|32595|174|327727|328840
50131|36236|174|37468|61568|266460|61625
34854|1299|201814|209896
13030|33891|216067|44244
58057|50673|174|28189|266931|269250|271150
36924|1299|12859|47065|61574
49544|28917|215730|209693
29222|6939|12735|57844
39351|1299|20473|47065|61574
852|33891|60068|211571
59890|174|60068|197103|212080
44324|32595|174|16437
50304|1299|6855|39904|205968
6830|6939|28917|20985
8283|6453|19318|209896
553|6424|44592|49581|209693
20253|1299|29695|206557|208835
35426|215596|174|140227|44324|205369
58308|6939|50629
29504|15935|174|3356|3223|34224|12735
204092|6939|28917|44056|57629
132847|7474|3257|174|399697|39967|399697
29504|15935|174|3356|28370|28657
28917|6939|1299|12392
47147|9002|1299|198949|35676
204092|6939|28370|263060
4826|1299|35598|52091|206810
8280|6762|174|216211|211575
513|29222|6939|9120
21700|174|35598|52091|206810|211692|214268
6830|1299|3216|51032|41344|39707
1140|6830|60068|211571
16552|1299|60068|211571
28917|6939|1299|20940|21342
327727|174|137409|62000|212815|52053
205206|1299|7195|28189|266931|271615|273522|271150
327727|174|35598|52091|206810|5598
28917|6939|1299|51290
28917|6939|7018|2386
36924|1299|3216|51032|41344|39707
34854|1299|60068|216213|205884
553|9002|49434|212815|52053
35600|6939|28917|197078
25160|1299|6855|39904|202605
44324|32595|174|61097
3701|174|5538|8194|29345
28917|6939|1299|23520|263703|272951
139317|44324|401538|393577|213801
7018|1299|29695|206557
210937|1299|12956|212721
12779|6939|30893|204789
12637|8772|215536
206356|50629|12859|47065|61574
513|29222|6939|263047
132825|174|35598|52091|206810|24881|24697
3170|57463|7713|174|56308
31510|174|22381|267470|263047
8298|8283|6762|16735|273514
577|3491|5408|47065|61574
44324|32595|174|35598|204490|206306
44324|32595|174|329109|328297
6424|174|35598|25308|28917|204076
58057|1836|1299|21351|60132
47160|174|8551|20473|47065|61574
59414|6830|6453|29208
8283|6939|29222|41495
51088|8455|1299|60068|216213|205884
204092|6939|2852|48091
14315|2914|174|140227|44324|205369
39122|1299|17676|216211|44324|205369
559|35598|52091|206810|12773|57005
64475|31133|35598|25308|28917|204076
23367|1299|174|21320|5408|47065|61574
28917|6939|1299|20473|208884
394256|174|8551|20473|47065|61574
15576|174|20473|47065|61574
28634|4230|33891|216067|44244
28917|6939|1299|23520|262931
58308|6939|42184|49552
6894|174|37468|270551|263047
28917|6939|1299|9009|208414
9044|1299|6453|19318|201813
8455|1299|35598|52091|206810
4601|50869|56381|209844
28917|6939|1299|23033|204957
36924|1299|174|20473|47065|61574
12969|1299|3356|28370|268521
8283|3491|209810|207187|207198|206429
209|3356|1299|6424|44592|49581|209693
5405|62255|52091|206810|196767
4601|50869|52025|212895|214223
50673|174|3257|204548|215728
40994|6939|200303
48070|1299|6762|267470|263047
6894|174|35598|52091|206810|8274
28917|6939|1299|20473|21629
29222|6939|199095
44324|32595|174|6713|37190
2027|47160|174|210|47065|61574
206356|50629|174|140227|44324|205369
40994|6939|28917|39238
262427|174|35598|52091|48158
19151|174|1299|6855|50698
1299|6424|44592|49581|209693
44324|32595|174|8285|199152
58308|6939|1299|48707
50673|174|60068|205884
132825|174|35598|52091|206810|202279
215596|62000|6777|42541|204141
577|174|20723|2852|202874
58308|6939|1299|23520|262191
327960|174|3257|19318|201813
37662|1299|8551|44709
210312|4601|50869|41051|212164
29504|15935|174|10490|2722|12148|47065|61574
8283|6453|9498|20473|47065|61574
28917|20764|43298|48678|213865
6423|20055|1299|42303|51701|30893
57695|917|60068|174|21320|5408|47065|61574
6830|2914|13786|263047
64475|3320|1299|8551|44709
5511|174|14840|269288
61568|174|60068|216213|205884
28917|6939|1299|20473|140938
28917|6939|1299|203846
58308|6939|1299|36236|11878
28917|6939|1299|21080
57111|174|21700|399914
41327|6461|214565|64289|212895|210320
204092|137409|48011|25184|49801|204533
215596|1299|3223|34224|12735
210312|4601|6939|28917|6789
20253|1299|17676|216211|211575
28917|6939|1299|198611
20514|1299|37468|53062|266493|61625
58308|6939|1299|48448
2734|32098|28509|174|23520|28545
44324|32595|174|398843|401431
28917|6939|1299|20473|201726
34927|5405|1299|20473|47065|61574
28917|6939|1299|14016|31942
139317|44324|32595|174|33059
328840|327727|174|13786|263047|61826|52766
35710|137409|62000|212815|52053
14907|1299|3356|28370|263963
6762|174|32595|44324
34800|58057|50673|174|3257|22773|8119
40994|57463|41327|2593
48362|1299|6762|16735|273514
327727|174|13786|263047|264982
199938|1299|174|204548|215728
31742|1299|56630|209944
205206|33891|13786|263047|271068
16552|1299|6855|39904
196621|58115|209042
2734|58453|30990|174|37100|36908
25160|174|140227|44324|205369
37271|33891|216067|44244
16552|1299|3356|28370|53079
136557|174|3356|9002|12555|48430
174|3257|20473|47065|61574
50300|33891|44592|49581|209693
44324|32595|174|43872
58308|6939|6830|23520|27665|27789
58308|6939|1299|36236
58057|50673|174|3257|204548|215728
9268|4764|1299|6762|49666|58224|214805
57381|50304|1299|22773|8119
139317|44324|32595|174|329082
4601|6939|28917|8926|41221|207164
58308|6939|263047|271068
210312|4601|50869|34019|203432
139317|44324|32595|174|37288
28917|6939|1299|35415|205186
8529|33891|216067|44244
6830|3356|8551|44709
50629|1031|266493|61625
16552|1299|8551|44709
199524|1299|3356|16735|2716
12637|6939|42695|52011
6730|6830|3356|8772|215536
64475|6939|2852|210498
58308|6939|1299|262206|27742
64475|3320|1299|10490|2722|12148|47065|61574
15605|6939|29222|41495
41327|6939|25192|29067
215596|1299|3356|60011|34927|208690
28917|6939|1299|9299|10139|17796
11845|30844|33891|60068|211571
29222|6939|3170|206924
174|13786|263047|262813
44324|32595|174|41427|209847|26383
18106|137409|62000|212815|52025|212895|210320
44324|7720|10111|1299|60068|216213|205884
49028|1299|6939|60432
3491|174|14840|269288
2734|37468|270551|263047
20932|1299|6453|29208
210312|4601|50869|215172|201371
28917|6939|1299|34305
40994|57463|41327|13182
207841|6939|25192|29067
31122|174|13786|263047|267961
28917|6939|1299|60486|58193
29222|6939|35133|210558
1103|3257|174|140227|44324|205369
28917|6939|1299|8523
3257|174|13786|263047|271068
6894|174|20473|47065|61574
28917|6939|1299|5605
215596|62000|47498|59645|211286
34800|58057|50673|174|3257|204548|215728
50877|5405|1299|8551|20473|47065|61574
15935|174|60068|216213|205884
216285|8280|5408|47065|61574
44324|32595|174|401486|214183|40662
36994|1273|174|20473|47065|61574
23367|1299|3356|28370|268198
50629|20764|52091|206810|202497
49028|1299|6939|28370|268521
36924|1299|3356|28370|53079
58308|6939|50629|207252|197634
59919|9002|1299|201814|209896
28917|6939|1299|32097|56971
205206|1299|6855|39904|199604
1280|1299|20473|47065|61574
553|37271|20473|47065|61574
2734|7195|20473|47065|61574
28917|6939|7018|40289
59414|6830|174|35598|52091|206810
35600|6939|60432
35600|6939|28917|6789
210312|4601|6939|28917|47759
8283|6939|2852|197451
17639|174|14840|269288
398465|1299|3356|28370|53079
28917|6939|1299|9141|39869
1299|174|140227|44324|205369
12969|1299|6762|267470|263047
6057|174|60068|205884
28917|6939|1299|60068|197103|216385
28917|6939|7018|398222
47160|174|28189|266931|271615|273522|271150
263152|174|8551|20473|47065|61574
5405|9498|20473|47065|61574
5405|6939|25192|20701
139317|44324|32595|174|53667|210842
58308|6939|1299|30823|215730
28917|6939|1299|36236|64114
28917|6939|6830|23520|64126|265721|273901
29222|6939|12779|44652
44324|32595|174|397409
58308|6939|1299|9141|39869|59491
199938|1299|3257|20473|47065|61574
209823|25091|1299|3920|206777
12637|56630|209944
398465|4826|1299|198949|35676
263237|174|60068|205884
33891|21320|5408|47065|61574
263152|264409|174|399697|39967|399697
24516|174|1299|8551|44709
13830|971|174|210329|215728
29222|6939|7018|1999
28917|6939|1299|20473|399264
196621|6939|28917|50923
11845|30844|50263|62000|212815|52053
20253|1299|3356|28370|267556
327727|174|13786|263047|274841
34019|6939|2852|202874
49544|2914|6424|44592|49581|209693
559|35598|52091|59815
60011|3356|1299|198949|35676
29222|6939|28370|268521
58057|34549|1299|10490|2722|12148|47065|61574
58308|6939|7018|1341
6730|6830|3356|16735|273514
58308|6939|6830|23520|52468
14907|1299|60068|211571
1140|24785|6830|174|13786|263047|271068
63927|1299|6855|39904|199604
5413|1299|3257|19318|209896
34872|8283|47065|61574
58299|29632|215536
28917|6939|1299|20473|54874|970|21957
34549|6461|62000|212815|52053
5405|6939|39790
8280|6762|174|11432|271150
174|3356|9002|12555|48430
12779|62255|52091|206810|24881
9002|3356|174|140227|44324|205369
6461|1299|34927|202827
22652|1299|6424|44592|49581|209693
15605|41327|13786|263047|271068
47147|1299|6855|39904
64475|6939|16652
2027|47160|174|60068|205884
2734|58453|30990|174|37100|327713|37298
48070|6939|28370|263535
64475|62255|52091|206810|12773|57005
39351|174|3257|20473|47065|61574
4601|50869|58299|209898|199553
62167|174|22381|267470|263047
29222|6939|3170|59410
50628|1299|6939|28370|268521
7594|174|35598|52091|206810|211692|214268|196977
29222|1299|60068|216213|205884
4826|3356|216211|44324|215172|214955
50673|174|7545|20473|47065|61574
199524|1299|3356|28370|268198
35600|6939|28370|268198
327983|37497|1299|6855|39904|199604
6461|174|21700|399914
132825|174|35598|52091|206810|59815
29222|6939|200070
5405|62255|52091|206810|48595
4601|50869|41051|209552
33891|19318|201813
48919|174|60068|205884
33891|7195|28343|2716
28917|6939|1299|11664
12779|4601|4492
7594|174|50509|51032|41344|39707
3170|57463|14840|269288
28917|6939|7018|30232
30844|3257|1299|20473|47065|61574
58308|6939|1299|209022
12859|6939|25192
174|6453|4755|7768
36994|1273|1299|20473|399970
202365|50673|174|37468|270551|263047
6762|174|60068|216213|205884
8283|2914|13786|263047|262578
41327|37468|60068|216213|205884
2027|47160|174|22381|267470|263047|264389
58308|6939|1299|22442
3170|6939|29222|204957
2734|16735|53062|266493|61625
205206|1299|12956|212721
12779|33891|60068|211571
48362|1299|6204|44592|49581|209693
59105|2518|1299|6855|39904|202605
58057|1836|1299|198949|35676
553|29632|59682
4601|50869|215828|59449
31122|174|1916|47065|61574
28917|6939|1299|15830|400498
47147|1299|174|21700|399914
47957|3356|174|210|47065|61574
29222|6939|3170
553|6939|2852|210498
917|60068|1299|21351|60132
28917|6939|1299|40785
49028|1299|29049|49666|205647|49801|204533
271253|174|35598|52091|206810|202279
47147|1299|6939|50989|205966
58308|59689|30781|1299|8551|44709
12956|1299|1680|20473|47065|61574
58299|12859|47065|61574
139317|44324|32595|174|153773
207841|6939|28917|44056
47147|1299|3356|28370|263963
17350|3356|174|20473|47065|61574
139317|44324|32595|174|263812|208414
58057|50673|174|140227|44324|205369
58308|6939|1299|17072
13030|12859|47065|61574
12779|3257|174|20473|47065|61574
49434|5511|174|11432|271150
58057|34549|1299|6855|39904
21700|174|35598|52091|206810|56915
8220|1299|3356|21320|5408|50148
398465|3320|1299|8551|20473|47065|61574
58308|6939|35133|50917|209094
35600|13335|5408
28917|6939|40994|215472
58308|6939|7018|397248
6424|1299|6855|39904
139317|44324|32595|174|200584
22652|174|210329|215728
35600|30781|1299|6855|39904
207841|61049|2914|1299|3920|206777
12859|6939|33924
28917|6939|7018|14381
47147|1299|6939|2852
28917|6939|1299|12488
327960|327782|5511|174|11432|271150|272738
3130|174|6453|60068|216213|205884
28917|6939|1299|52468|269838
263237|174|60068|211571
28917|6939|1299|20473|206699
3741|174|204548|215728
917|60068|1299|20473|47065|61574
58308|6939|6830|23520|262202|52392
25369|174|11432|271150
327960|174|35598|52091|206810|39558
553|6939|207995
28917|6939|7018|986
34019|47160|174|60068|197103|212080
12859|6939|25192|29067
58308|6939|64475
20764|174|3257|20473|47065|61574
16552|1299|29695|206557
28917|6939|1299|20473|20277
852|174|140227|44324|205369
327960|174|3356|28370|268521
28917|6939|1299|23520|11139|14694
559|137409|63473|200790
28917|6939|1299|23520|11556
174|35598|52091|206810|197643
35600|50263|21263|206970
196621|6939|28917|48084|59833
22652|174|21320|5408|50148
50877|6762|174|11432|271150|272738
28917|6939|1299|200217
6461|28917|215730|209693
553|62255|52091|206810|202279
207841|6939|16652
3214|2603|21320|5408|47065|61574
39351|174|6762|16735|273514
58308|6939|1299|396993
6830|6204|44592|49581|209693
174|22381|267470|263047
29222|6461|394737
1299|6762|16735|273514
50629|6939|54429
4601|6939|28917|12668
58308|6939|1299|63473
58057|6424|44592|49581|209693
2497|174|34927|202827
30844|3257|28917|215730|209693
60326|34927|174|216211|211575
28917|6939|1299|52468|273190
28917|6939|1299|212175
971|174|35598|52091|206810|48687
6453|174|13786|263047|269488
16552|6453|174|210|47065|61574
28917|6939|1299|20473|18750
28917|6939|1299|10396
139317|44324|32595|174|53667|216340
15576|35598|52091|206810|8274
28917|6939|15935|56360
37662|174|6453|29208
28917|6939|48678|211804|208913
29075|1299|1680|20473|47065|61574
23367|1299|6453|60068|216213|205884
3170|6939|2852|204772
12969|1299|37468|270551|263047
6424|53062|266493|61625
3130|174|35598|52091|206810|59815
1299|6939|28370|28657
34854|1299|21351|60132
50629|215551|30893|199580
398465|1299|6762|267470|263047
50304|1299|6453|29208
209|3356|174|140227|44324|205369
28917|6939|1299|20473|133492
6082|2914|12859|47065|61574
28917|6939|1299|23520|27696
44324|32595|174|327727
5405|6939|28370|268198
28917|6939|1299|27947|52468
28917|20764|52091|59815
3491|1299|56630|209944
12956|1299|13335|400095
59105|2518|1299|34927|202827
139317|44324|32595|174|33154|398461
44393|394256|174|8551|20473|47065|61574
28917|6939|31263|206207
58308|6939|1299|265540
5405|6939|2852|213152
6461|6830|60068|216213|205884
4764|174|28189|266931|269250|271150
28917|6939|1299|23520|52228
56987|174|22381|267470|263047|264389
28917|6939|1299|56898
9370|2497|174|52468|271150
50673|12859|47065|61574
202365|50673|174|13786|263047|262578
29680|174|52468|271150
205206|1299|29695|206557|204503
7594|3356|1299|3920|206777
42473|1299|60068|216213|205884
35600|35625|3257|174|20473|47065|61574
22652|174|13786|263047|267961
28917|6939|1299|141039|209854
6830|174|210|47065|61574
1031|999|6453|174|5538|8194|29345
205206|1299|7195|28260|270548|52794|52659
8283|6762|49666|58224|214805
199524|33891|216067|44244
328840|327727|174|3257|21034
28917|6939|1299|31898|41457
28917|6939|1299|52468|271933
58308|6939|21430|33943
28917|6939|1299|23379|10617
20205|1299|17676|216211|211575
48070|6939|28917|48084|199961
8426|6777|35598|52091|206810|196638
29222|6939|12735|15830|137922
6830|6939|28917|52191
48070|37468|52468|271150
1299|3356|28370|263535|268030
8220|1299|3356|14840|269288
206499|34549|174|22381|267470|263047|264389
9268|4764|174|13786|263047
21320|5408|47065|61574
28917|6939|1299|57811
20205|1299|3356|1680|44709
136557|174|35598|52091|206810|59815|25299
28917|6939|1299|20473|27715
23673|3491|174|37468|61568|266460|61625
58308|6939|1299|58321
204092|6939|28917|6789
30844|3257|1299|20473|201423
139317|44324|32595|174|53893
8426|6777|47065|61574
28917|6939|1299|20473|62406
51519|39351|174|3356|60011|34927|208690
5713|174|138997|216211|44324|205369
6730|6830|1299|198949|35676
44324|32595|174|27385
50628|1299|6762|16735|273514
6830|174|20473|47065|61574
14630|2914|1299|3920|206777
14907|33891|44592|49581|209693
1403|577|174|60068|216213|205884
3257|5405|8943|200636
36924|1299|32787|202161
2497|2914|174|20473|47065|61574
53828|2914|174|140227|44324|205369
24516|174|6453|29208
44324|32595|174|20986
58308|6939|47160|214390
198385|174|1299|20473|47065|61574
47147|1299|6939|2852|197451
28917|6939|1299
29169|174|60068|205884
49432|13030|6775|5405|21245
16552|3257|1299|20473|47065|61574
139317|44324|32595|174|25829
50629|20764|52091|44660
12307|50869|50263|62000|212815|52053
64475|137409|48011|25184|49801|204533
34872|24961|1299|20473|47065|61574
50877|6762|174|20473|47065|61574
51185|6762|174|37468|61568|266460|61625
16552|1299|3920|206777
58308|6939|29208|209847
216285|8280|174|1299|8551|44709
8220|1299|3356|28370|28657
23367|1299|3216|51032|41344|39707
28917|6939|1299|201902
58308|6939|198101
397131|60011|3356|1299|201814|209896
52873|12956|174|60068|205884
3170|2603|21320|5408|50148
28917|6939|1299|57660
7594|174|16276|203019
40994|6939|28917|25386
1140|24785|6830|3356|60011|34927|208690
51519|39351|174|13786|263047|269680
210312|4601|50869|34019|35600
58308|6939|33891|42008|8925
39122|2603|21320|5408|47065|61574
12969|1299|37468|53062|266493|61625
12779|174|60068|205884
44324|32595|174|53667|215502
23367|1299|52320|7738|262999|272466
21412|1299|3920|206777
48070|6939|28917|204623
210312|4601|50869|6939|28370|264426
28917|6939|7018|22241|62714
44324|32595|174|149522
204092|6939|28917|48610
57111|174|8551|20473|47065|61574
47147|1299|174|210329|215728
48070|6939|28917|8926|41221|207164
209823|6830|60068|216213|205884
139317|44324|32595|174|400810
34854|1299|37468|60068|216213|205884
3170|3223|34224|12735
28917|6939|7018|20057|64011
28917|6939|1299|25148
12859|6939|28370|268198
28917|6939|1299|28423
7594|174|35598|52091|48158
20612|9044|1299|12389|39089|202279|206810|52091|41039|48595
44324|32595|174|12843
28917|6939|1299|4229
35600|31216|1200
271253|1299|201814|209896
6667|174|11432|271150
58308|6939|6830|59776
12859|47311|150249|153176
37697|3491|174|16276|203019
28917|6939|3170|214199
202365|50673|174|11432|271150
57111|174|20473|47065|61574
39122|174|204548|215728
12969|1299|174|13786|263047
577|6461|62000|212815|52053
58308|6939|6830|23520|262199
28917|6939|49418|216127
29222|6939|7018|15130
6461|174|201814|209896
13237|1299|8551|44709
39392|33891|17676|216211|44324|205369
8283|6939|2852|48091
32653|3741|174|1299|6855|39904
12859|1299|1680|20473|47065|61574
8283|2914|13786|263047|269680
7018|6939|2852|48091
6830|6939|2852
7594|174|11432|271150
210312|4601|50869|6939|54429|401894
398465|1299|12956|212721
32590|1299|3356|16735|273514
39351|1299|3223|34224|12735
2027|47160|6939|28370|264426
132337|1299|3223|41327
151326|174|35598|52091|206810|211692|214268|197578
21412|1299|12389|39089|202279|206810|52091|41039|48595
39120|174|6453|29208
29222|6939|29208|203488
28917|6939|1299|3301|212632
271253|1299|12956|212721
174|46427|64289|44592|49581|211507
34854|1299|12956|212721
58308|6939|48678|209828
139317|44324|32595|174|394110
12859|1299|8551|20473|47065|61574
50629|5511|174|20473|47065|61574
28917|6939|1299|32934|54115
44324|32595|174|47674
398465|174|13786|263047|262578
2734|32098|28509|174|3356|28554
39122|1299|6939|28370|264426
50304|1299|6453|19318|209896
4601|50869|58299|212691
397131|60011|3356|174|140227|44324|205369
51519|39351|174|210329|215728
58308|6939|1299|210015
20055|1299|29695|206557|204503
12779|20764|52091
28917|33891|60068|211571
58057|34549|1299|3223|41327
8220|6453|1299|29695|206557|205190
6730|6830|4637|20473|47065|61574
139317|44324|32595|174|399646|40776
34549|6424|44592|49581|209693
1836|1299|198949|35676
210312|4601|50869|6939|2852|199711
5413|1299|6762|267470|263047
29222|6939|8194|12509
4181|1299|6424|44592|49581|211507
21700|174|21320|5408|47065|61574
35280|1299|12389|39089|202279|206810|52091|41039|48595
58308|6939|7018|401623
48070|6939|15372
40994|6204|208972|210538|6775|13030|4637|133398
29222|6939|42184
58299|9002|1299|198949|35676
58308|6939|1299|835|52025|203069
132825|174|3356|8119
204092|6939|2852|202874
50629|9002|8772|215536
139317|44324|32595|208223
37271|174|28189|266931|271615|273522|271150
49028|1299|3356|28370
6461|1299|20473|47065|61574
8220|6453|174|20473|47065|61574
58308|6939|5405|9182
577|174|37468|61568|266460|61625
34854|1299|174|13786|263047
29222|6939|12735|14789
6730|6830|5511|49666|58224|214805
139317|44324|32595|174|44222
58057|50673|174|12956|212721
199938|1299|12956|212721
35600|6939|33924
199938|1299|3356|28370|263963
64475|62255|52091|206810|197643
139317|44324|32595|174|20473
4601|50869|6939|30893|205563
6830|3257|19318|209896
8455|1299|10490|2722|12148|47065|61574
2914|1299|33891|216067|44244
559|6939|16652
8283|6939|25192|26710
204092|6939|29222
136557|174|35598|52091|206810|202497
32590|4637|1299|56504|47674
46450|1299|174|210329|215728
37053|5713|8455|8283|47065|61574
4601|50869|41051|211715
14907|5405|47065|61574
39122|1299|6939|30893|13214|35634
30781|1299|6855|39904|47767
4601|50869|6939|29222
58308|6939|7018|35980
2734|64200|7018|1299|8990
139317|44324|32595|174|11900
209|3356|174|32595|44324
49544|1299|198949|35676
5413|1299|6855|39904
58299|174|216211|211575
207841|6939|29222
327960|174|12956|212721
57695|917|60068|1299|20473|47065|61574
139317|44324|32595|174|397903
8283|3491|209810|207187
198385|174|22381|267470|263047|264389
4601|50869|41051|25538
58308|6939|1299|42615|398338
4601|6939|28917|39238|49392|34567
51873|6830|3356|8551|44709
8220|1299|201814|209896
45049|6696|1299|10490|2722|12148|47065|61574
139317|44324|32595|174|11805
34927|56655|1299|37468|52468|262393
7018|1299|20473|47065|61574
49788|1299|3920|206777
852|174|60068|216213|205884
1299|6855|39904
28917|6939|6830
210312|4601|6939|28917|48084|35816
210937|1299|6204|44592|49581|209693
44324|32595|174|28929
6830|6453|19318|201813
58308|6939|1299|23487|27738
397131|60011|3356|1299|22773|8119
328512|5713|174|12389|39089|202279|206810|52091|41039|48595
6908|2914|12859|47065|61574
35426|33891|44592|49581|209693
58308|6939|263047|262578
38880|6939|1299|20473|214587
21320|33891|216067|44244
196621|6939|28370|263535
28917|6939|1299|15113
8426|33891|216067|44244
14907|1299|3257|19318|201813
28917|13335|5408
852|1299|29695|206557|204503
29222|6939|49418|213877
198385|174|6453|29208
47692|33891|7311|835|394273
22652|1299|6855|39904
58308|6939|199081
41327|174|52468|271150
28917|20764|52091|44660
49788|1299|6453|1031|61568|266460|61625
37105|37662|174|28189|266931|271615|273522|271150
29222|6939|42695
44324|32595|174|204561
41666|13335|5408
28917|6939|1299|262287|396356
62167|174|210329|215728
5405|62255|52091|206810|214210
60068|33891|212815|52053
2914|6424|44592|49581|209693
13237|1299|3356|28370
29222|6939|7018|40289
15605|6939|30893|199580
6730|6830|3356|8119
58308|6939|33891|202245|212509
28917|6939|1299|62240
57866|1299|8551|20473|47065|61574
136557|174|46427|64289|44592|49581|209693
3257|1299|20473|399970
2734|58453|30990|174|3356|36994|36908
1273|174|32595|44324
34927|60011|3356|174|60068|216213|205884
204092|30781|3356|174|20473|47065|61574
49028|1299|174|20473|47065|61574
50628|6830|60068|216213|205884
204092|6939|28917|50009
202297|47232|174|6453|29208
32590|37100|1299|198949|35676
28917|6939|35489
58299|62255|52091|59815|25299
18106|174|37468|61568|266460|61625
35600|6939|28917|21453|201646
58308|6939|1299|8151
31510|174|204548|215728
3170|33891|216067|44244
36924|1299|37468|270551|263047
6424|6939|30893|204789
207841|61049|174|60068|216213|205884
8283|6939|29222|41495|206202
207841|6939|28917|206011
50877|5405|6939|42695|52011
28917|6939|1299|137366|137363
57695|137409|62000|212815|52053
266213|3356|174|60068|216213|205884
2027|47160|6939|25192
15605|31133|12389|28917|8905|42132|200022
58308|6939|7794
28917|6939|1299|23520|52238
202365|50673|174|138997|216211|44324|205369
58308|6939|1299|41897
34177|1299|3356|28370|267556
139317|44324|32595|174|16843
40994|1299|20473|47065|61574
204092|6939|54429
202365|50673|174|13786|263047|271068
3399|174|210329|215728
39122|174|13786|263047|271068
271253|6453|174|21320|5408|47065|61574
198249|58115|209042
47311|150249|212001|215379
210312|4601|50869|41051|204406
139317|44324|32595|174|57974|62661
40994|57463|41327|211084
6830|174|5538|8194|29345
50629|6939|30893
28917|6939|1299|23520|52286
139317|44324|32595|174|12189|207134
49028|1299|12389|39089|202279|206810|52091|41039|48595
50131|174|7195|20473|47065|61574
48362|1299|3356|28370|267608
15605|41327|6939|28370|28657
8888|137409|6461|1299|3920|206777
28917|6939|205479
47692|33891|1299|201814|209896
34854|1299|3257|20473|47065|61574
28917|6939|1299|52025|1003|63477
7018|174|140227|44324|205369
28917|6939|1299|62874|203020
6830|6939|25192|29067
29222|6939|25400
12637|20764|43298|48678|210574
14315|174|1299|8551|44709
199524|28917|215730|209693
29222|6939|28370|267556
25220|1299|198949|35676
25220|3356|174|140227|44324|205369
3170|6939|28917|34784
328512|5713|174|13786|263047
210312|4601|50869|34019|205816
28917|8359|57304|15935|25238
2914|1299|3920|206777
60068|174|6461|394737
25220|2603|21320|5408|47065|61574
1031|999|6453|174|10490|2722|12148|47065|61574
139317|44324|32595|174|40676
28917|6939|1299|262206|23243|26617|269964
39351|174|37468|270551|263047
4601|6939|28917|8926|200019|48753
24516|174|6461|394737
262427|174|35598|25308|28917|204076
44324|32595|174|206262
28917|6939|1299|30600|31875
29222|6939|7018|25996
58057|174|35598|52091|206810|48595
51519|39351|174|3257|204548|215728
50628|1299|3920|206777
48362|1299|2914|226|47065|61574
41666|33891|216067|44244
29222|6939|62000|208226|205563
41722|12389|174|140227|44324|205369
3170|174|10490|2722|12148|47065|61574
205206|1299|174|13786|263047|267961
210312|4601|6939|28917|6789|48004
58299|7195|28343|2716
263237|174|3491|20473|47065|61574
58308|6939|6830|33915
204092|6939|2852|204772
215596|62000|6777|42541
553|174|210329|215728
553|1299|6762|267470|263047
50304|1299|3257|20473|47065|61574
20205|1299|2914|226|47065|61574
57866|1299|201814|209896
48362|1299|6453|19318|201813
48070|6939|28917|197078
28917|6939|1299|18734|265540
28917|6939|1299|8781|42298|214178
52873|12956|1299|201814|209896
207841|57463|14840|269288
58308|6939|1299|52468|271933
45049|6696|1299|3920|206777
199938|1299|8551|20473|47065|61574
6730|6830|174|60068|205884
28917|6939|1299|17676|4725|17509
44324|32595|174|400519
3320|1299|42303|51701|30893
12969|1299|174|210329|215728
64475|6939|28917|198297|51081
8220|6453|1299|8551|20473|47065|61574
28917|6939|1299|52468|262234
4601|7195|11432|271150|272738
12637|35598|52091|206810
28917|215551|30893
28917|6939|1299|20473|215168
7594|174|35598|52091|206810|59815
42473|1299|3356|28370|269016
44324|32595|174|262901|273630
263152|264409|174|1299|20473|399970
20764|174|216211|211575
58308|6939|6830|23520|272935|271943
327960|174|6762|49666|58224|214805
58308|6939|1299|6424|396931
44393|394256|174|12389|39089|202279|206810|52091|41039|48595
45049|6696|1299|1680|20473|47065|61574
139317|44324|32595|174|211691
29075|1299|198949|35676
58299|62255|52091|206810|208435
6830|6939|2852|202874
58308|6939|7018|36040
64475|3320|1299|20473|399970
64475|6461|23352|20473|47065|61574
1140|24785|6830|174|13786|263047|269488
31510|174|6453|4755|7768
44324|32595|174|396073
48070|1299|174|204548|215728
139317|44324|32595|174|20940
32590|1299|8551|44709
210312|4601|50869|58299
49432|48362|1299|3491|20473|47065|61574
28917|6939|1299|20473|27345|23077
1403|577|1299|6762|49666|58224|214805
8283|6939|2852|204772
1031|999|6453|1299|201814|209896
139317|44324|32595|174|48266|61112
44324|32595|174|53667|401727
60068|174|21320|5408|47065|61574
58308|6939|1299|3301|198476
42541|1299|6453|4755|7768
9268|4764|174|28189|266931|269250|271150
6830|6939|2852|201648
12956|174|21320|5408|47065|61574
20080|2914|174|210329|215728
34177|1299|3257|60068|206406|210557
12859|3223|34224|12735
37105|37662|174|3257|21034
210312|4601|50869|52025|214420
207841|6939|2852
28917|6939|1299|52468|265863
7018|1299|6855|39904|47767
28917|6939|7018|3573
58308|6939|1299|3301|201087
47147|1299|6453|4755|7768
3491|1299|1680|20473|47065|61574
971|174|35598|52091|206810|59867
31742|1299|3920|206777
9002|3356|174|11432|271150|272738
204092|34019|28283|268744|2716
58308|6939|1299|9141|211742
35600|20473|30893
57111|41327|39089|202279|206810|52091|41039|48595
28917|6939|7018|13965
139317|44324|32595|174|15094
6082|174|60068|216213|205884
58308|6939|7018|14381
1299|7195|28283|268744|2716
39122|1299|6762|267470|263047
4230|174|20723|2852|202874
28917|6939|1299|23520|265580
14907|1299|3356|8119
21700|174|35598|52091|206810|59867
205112|50629|3223|41327
28917|6939|25400|31264
58308|6939|6830|23520|15344
139317|44324|32595|174|3819
8660|1267|6762|174|37468|61568|266460|61625
28917|20764|52091|206810|214721|204108
47692|3356|174|210|47065|61574
41327|6461|8899|60294|33891|50673|43414|49784
262427|174|56630|209944
205206|1299|3356|8119
327960|174|35598|52091|206810|59815
1828|21320|5408|47065|61574
6894|174|13786|263047|262813
28917|6939|1299|23520|46650|13335
139317|44324|32595|174|6405
28917|6939|1299|52468|266812
29222|6939|48678|209828
49028|1299|37468|270551|263047
139317|44324|32595|174|327727
28917|6939|56595|43442
28917|6939|1299|60068|197103|202706
6730|6830|174|399697|39967|399697
52925|3356|1299|20473|47065|61574
58308|6939|52838|268086
9268|4764|1299|35598|52091|206810
6424|32787|202161
28917|6939|1299|60068|197103|400883
57111|41327|266493|61625
23764|1299|4230|2716
53828|3257|33891|216067|44244
9002|1299|8551|44709
37680|137409|62000|212815|52053
559|7195|11432|271150
8218|6461|174|204548|215728
34927|1299|201814|209896
58308|6939|39791|49101|49244
553|7195|28343|2716
20130|23352|2914|174|210|47065|61574
132825|174|13335|5408
58308|6939|6830|23520|263703|269928
4601|9002|8772|215536
5405|4601|4492
20080|2914|1299|6855|39904|199604
34549|52025|212895|210320
7018|3356|20473|47065|61574
15605|12637|6939|24796
4777|2497|174|21320|5408|47065|61574
42541|7195|20473|47065|61574
1273|174|37468|61568|266460|61625
2914|6424|44592|49581|211507
29222|6939|28370|270962
215596|1299|20473|47065|61574
21700|174|52468|271150
25160|174|140227|44324|215172|214955
513|21320|6424|44592|49581|209693
3170|25180|174|41327|206173
1280|1299|8551|44709
9268|4764|1299|12956|212721
29504|6461|62000|212815|52053
44324|32595|174|263194|262259
328206|37739|3491|1299|6424|44592|49581|209693
58308|6939|32097|33387
35600|6939|28917|35539
45352|1299|3216|51032|41344|39707
4601|50869|6939|28370
28917|6939|1299|20473|153057|153171
559|6939|30893|13214|35634
28917|6939|1299|21859|27418
8218|6461|1299|8551|44709
44324|32595|174|22381|270442
327960|174|35598|52091|206810|24881
35369|1764|1299|8551|44709
28917|8359|57304|209693
327960|327782|37100|1299|3920|206777
28917|6939|1299|147049
6082|174|35598|52091|206810
174|1299|6939|24796
139317|44324|32595|174|270120
1140|24785|6830|3356|28370|268521
202032|8298|4601|4492
23764|3356|1299|20473|47065|61574
4601|6939|28917|39134|39561|197695
6762|174|216211|211575
2518|1299|8551|44709
328206|37739|3491|174|60068|205884
44324|32595|174|20473|47065
14907|1299|12859|47065|61574
210312|4601|50869|34019|25057
9268|4764|1299|201814|209896
23367|1299|3356|28370|264426
40387|1299|29695|206557
32590|1299|174|13786|263047
47147|3320|3491|5408|47065|61574
553|1299|6461|394737
58308|6939|21430
210312|4601|6939|28917|21453|41783
57866|6830|60068|216213|205884
58308|6939|1299|20940|36183
199524|174|2914|20473|47065|61574
210312|4601|50869|41051|200221
58308|6939|553|212522|63293
28917|6939|1299|30823|215730
35426|215596|1299|20473|399970
40387|1299|3356|22381|267470|263047|264389
34927|174|210|47065|61574
1828|6461|174|140227|44324|205369
12859|1299|174|204548|215728
57381|50304|1299|174|216211|211575
215596|1299|7195|20473|47065|61574
28917|6939|1299|23520|263703|271855
12859|6461|52320|7162|13878|52468|271150
34927|1299|174|60068|216213|205884
2914|174|201814|209896
3701|174|60068|205884
20764|174|10490|2722|12148|47065|61574
398465|1299|6855|39904|199604
29222|6939|54429|401894
58308|6939|6830|23520|272935|28053
21412|174|52468|271150
3257|174|13786|263047|269680
12779|35598|52091|48158
34927|1299|12389|39089|202279|206810|52091|41039|48595
28917|6939|1299|48707
14907|1299|3356|28370|268198
207841|6939|24796
213241|9002|1299|198949|35676
6424|6762|1299|6855|39904
28917|6939|7018|1751
50673|28917|215730|209693
44324|32595|174|32505|54785
15576|35598|52091|206810|214721
8298|25091|1299|20473|47065|61574
3320|174|52468|262393
6830|6762|16735|273514
12859|3223|41327
4181|1299|6461|394737
6424|6762|1299|6855|39904|47767
21232|15576|174|52468|262393
12637|1299|6855|39904|202605
215596|1299|7545|20473|47065|61574
6830|6762|267470|263047
205206|1299|174|204548|215728
48185|1299|37468|270551|263047
2518|1299|174|37468|61568|266460|61625
7922|174|52468|271150
12637|35598|52091|206810|59815
202365|50673|174|216211|211575
58511|1299|201814|209896
58308|6939|1299|8926
6424|2914|174|20473|47065|61574
262427|174|6453|4755|7768
271253|174|35598|52091|206810|48595
48362|1299|6453|19318|209896
209823|25091|1299|198949|35676
29222|6939|42184|196731
59890|174|52468|262393
139317|44324|32595|174|211083
50628|1299|20473|399970
15605|35598|52091|206810|57982
174|5538|8194|29345
12859|35598|52091|206810|12773|47809|50780
139317|44324|32595|174|52580
29504|15935|174|20473|47065|61574
28917|6939|1299|197205
58308|6939|1299|35847
44324|32595|174|399893
28917|6939|1299|60068|62651
2516|174|20473|47065|61574
4601|50869|204464|214420
41327|14840|269288
12637|35598|52091|59815|25299
12637|6939|29222|513|20940
136557|174|52468|271150
57111|174|6762|16735|273514
42541|4601|4492
210312|4601|6939|28917|47438
151326|174|22381|267470|263047
24516|174|35598|52091|206810|214721|204108
28917|6939|1299|21277|13335
205206|33891|13786|263047
328964|37468|1299|20473|47065|61574
28917|6939|1299|25575
12779|9002|12555
24785|1299|198949|35676
28917|37468|52468|262393
148968|7474|3257|1299|20473|201423
25220|33891|20473|47065|61574
28917|6939|1299|265540
34177|1299|3356|28370|267608
49028|1299|7195|20473|47065|61574
204092|6939|28917|6789|48004
28917|6939|49418|215590
132825|174|3356|28370|268521
4809|1299|20473|399970
6762|1299|29695|206557|204503
8283|20764|52091|206810|48595
12779|174|140227|44324|205369
15935|33891|44592|49581|209693
58308|6939|33891|202524
8529|1299|34927|202827
5405|6939|30893
28917|6939|1299|52468|273966
34019|6939|200303
58308|6939|1299|44180
6453|174|8551|20473|47065|61574
40994|6939|28370|267556
28917|6939|1299|20473|216225
28917|6939|39791|47493
553|62255|52091|206810|56766
58308|6939|7018|400005
28917|6939|6830|33915|61351
210312|4601|50869|34019|204092
327983|37497|1299|60068|211571
28917|6939|1299|11664|274012
44324|32595|174|35986
34927|52025|32097|32787|202161
29222|6939|40994|205563
3216|1273|174|37468|61568|266460|61625
42473|1299|198949|35676
5405|62255|52091|48158
44324|32595|174|214206
6424|1299|3920|206777
17350|2914|1299|201814|209896
28917|6939|1299|56655|202986
38880|174|204548|215728
23367|1299|6453|4755|7768
29222|6939|28917|39238
49544|1299|3257|210329|215728
44324|32595|174|1097
29691|1299|8551|20473|47065|61574
44324|32595|174|263157
136557|174|399697|39967|399697
553|14840|269288
28917|6939|1299|208905|47962
209650|34927|1299|6855|39904
29222|6939|2852|48091
917|60068|1299|12859|47065|61574
553|1299|37468|270551|263047
14907|1299|3257|19318|209896
28917|6939|3170|965
34927|56655|1299|37468|53062|266493|61625
1031|999|6453|174|60068|216213|205884
40387|1299|12956|212721
139317|44324|32595|174|50297
32590|1299|8551|20473|47065|61574
5405|28283|268744|2716
57111|41327|13786|263047|267961
28917|6939|7018|22839
41722|12389|174|60068|205884
196621|15576|174|60068|197103|212080
266213|3356|174|5538|8194|29345
39122|174|13786|263047|267425
64475|62255|52091|206810|12773|44710
28917|6939|1299|1280
58308|6939|1299|20473|211321
6830|6939|2852|210498
50304|1299|3356|28370|267608
263237|174|1299|12859|47065|61574
3130|174|14840|2716
20612|9044|1299|60068|197103|212080
210937|1299|6453|29208
327727|174|35598|52091|206810|197643
6453|174|204548|215728
29504|39392|33891|264409|61832|266460|61625
52873|12956|174|5538|8194|29345
15605|35598|52091|206810|39558
198249|8551|44709
28917|6939|1299|20473|212279|212425
1299|60068|197103|212080
28917|6939|1299|17676|4725
210312|4601|50869|215828|215375
51873|6830|2914|226|47065|61574
4601|50869|205929
58308|6939|5405|47583
2027|47160|174|5538|8194|29345
58299|62255|52091|206810|211692|214268
513|174|1299|3920|206777
36924|1299|2914|226|47065|61574
205206|1299|3356|28370|268521
58299|61568|266460|61625
3257|174|60068|216213|205884
29222|6939|28370|28657
58308|6939|6830|23520|270200
28917|6939|1299|20473|44354
3214|6424|44592|49581|211507
6730|6830|1299|6855|39904|202605
25160|174|60068|205884
5405|62255|52091|206810|59815|25299
29632|9002|3356|1299|20473|47065|61574
28917|6939|263047|269680
51088|6461|6424|44592|49581|209693
59689|30781|1299|6855|39904|47767
20912|174|60068|211571
198249|9002|8772|215536
28917|6939|1299|397516|44273
1140|24785|6830|174|11432|271150
44324|32595|174|398439
199524|1299|3356|28370|263535
1403|577|6461|62000|212815|52053
29222|6939|30893|13214
7660|2516|1299|12859|47065|61574
23367|1299|3356|8119
50629|56630|209944
271253|3356|1299|6855|39904|202605
23367|1299|6461|394737
28917|20764|52091|206810
58299|62255|52091|206810|59815|25299
8283|2914|268624|28370|263060
199524|174|3257|60068|206406|210557
14537|3356|1299|6855|39904|47767
44324|32595|174|26801
39351|1299|6453|19318|201813
4181|1299|20473|399970
41666|20764|52091|206810|48595
9002|62000|212815|52053
2497|174|11432|271150|272738
12859|31133|51032|41344|39707
58308|6939|1299|42313
28917|6939|1299|39572|209929
28917|6939|41073
15605|35598|25308|28917|9049|51017
58308|6939|9136|206236|208183
9002|6424|44592|49581|209693
40994|6939|30893|204789
58308|6939|1299|207023
207841|7195|28343|2716
60326|34927|1299|20473|47065|61574
20205|1299|37468|270551|263047
12956|1299|29695|206557|205190
49028|6830|60068|216213|205884
15605|6939|42695|52011
64475|6939|28917|39238|49392
3701|174|210329|215728
58057|174|28189|266931|269250|271150
140627|2914|174|204548|215728
47147|3320|1299|3920|206777
28917|6939|1299|7483
132847|7474|3257|174|20473|47065|61574
50877|5405|20764|43298|48678|213865
58308|6939|6830|23520|264821|274290
23367|1299|56504|47674
28917|6939|1299|23520|272942|269893
28917|8298|4601|4492
12859|215551|30893|204789
28917|6939|1299|23520|22724
20932|174|399697|39967|399697
266213|3356|1299|198949|35676
5413|1299|6855|39904|202605
51519|39351|174|37468|270551|263047
50673|174|138997|216211|44324|205369
29222|6939|7018|26305
48070|6939|28917|44056|57629
58308|59689|29075|1299|8551|44709
139317|44324|32595|174|8285|199152
58308|6939|6830|204210
17660|2914|174|11432|271150
29222|6939|29208|60275
36924|1299|3356|28370|267556
266213|3356|174|20473|47065|61574
6830|9002|12555|3227
16347|1299|35598|25308|28917|204076
58308|6939|1299|60068|208414
327727|174|6762|49666|58224|214805
139317|44324|32595|174|21433
28917|6939|1299|21277|212573
41327|12859|47065|61574
55222|174|3257|21034
6830|1273|12389|39089|202279|206810|52091|41039|48595
28917|6939|1299|21277|210767
12859|49581|211507
12637|1299|3356|8119
35600|6939|200070
12637|35598|52091|206810|56766
139317|44324|32595|174|18988|54904
49544|1299|6855|39904|202605
6667|6461|6424|44592|49581|209693
3320|6461|62000|212815|52053
28917|6939|1299|265620|270111
48070|1299|3356|8119
2914|174|20723|2852|202874
139317|44324|32595|174|4538
55222|1299|23764|35168|212999
8426|6777|35598|52091|206810|24881|24697
28792|137409|62000|212815|52053
58308|6939|8194|12509
58308|6939|1299|216331
58308|6939|1299|28852
6696|1299|6855|39904|199604
24482|6461|62000|212815|52053
3701|174|35598|52091|206810
139317|44324|32595|174
28917|6939|1299|22773|54706
22652|174|5538|8194|29345
28917|6939|1299|29066
40994|174|28189|266931|269250|271150
35280|6424|44592|49581|211507
29222|6939|15372|203592
37271|174|20473|47065|61574
40994|6939|28370|268521
6908|174|20723|2852|202874
58308|6939|1299|201319
61049|12859|47065|61574
20932|174|204548|215728
28917|6939|1299|23520|52286|264764|273041
48070|6939|30893|204789
14907|1299|174|13786|263047
22652|1299|29695|206557|205190
9900|23764|3356|1299|20473|47065|61574
23367|1299|20473|201423
58308|6939|6830|33915|58083
35600|35598|52091|206810
21700|174|14840|269288
34927|12859|47065|61574
680|20965|5408|47065|61574
6424|6939|28917|24651
6696|1299|7545|20473|47065|61574
40994|1299|198949|35676
293|3356|1299|198949|35676
7018|6453|44592|49581|209693
40994|57463|41327|203726
29222|6939|9136|208395
28917|6939|1299|60051|208293|203214
49028|6461|62000|212815|52053
29222|6939|8943|44671
58299|174|210329|215728
44324|32595|174|60497
6424|6939|28370|268521
32590|6424|44592|49581|209693
16552|3257|174|60068|205884
327804|5713|3491|174|37468|61568|266460|61625
2518|1299|25091|8298|4601|4492
22652|1299|29695|206557|204503
41327|6461|55081|59678|216096
3130|174|1299|6939|24796|63293
3170|6939|28370|268198
58308|6939|7018|6621
29075|33891|60068|211571
56987|174|52468|271150
34927|1299|3356|21320|5408|47065|61574
28917|6939|7018|36519
44324|32595|174|16509
34019|6939|25192
28917|6939|1299|60068|197103|198234
5511|1299|6855|39904
50629|13030|6775|5405|21245
44324|32595|174|47787|203020
3170|6939|28917|21453|48149
1031|999|6453|174|13786|263047
34872|24961|21320|5408|47065|61574
41327|6939|28370|267556
6667|174|1916|47065|61574
58308|6939|8194|210213
174|6453|4755|20473|47065|61574
6908|1299|6855|50698
58308|6939|5405|29014
29222|6939|28370|263060
34800|58057|50673|174|1916|47065|61574
28917|6939|1299|13837
24785|6830|174|20473|47065|61574
29504|15935|174|6453|29208
17660|6453|174|201814|209896
64475|31133|51032|41344|39707
64475|3320|1299|60068|197103|212080
2734|16735|266931|269250|271150
28917|6939|1299|198818
174|35598|52091|206810|196638
12779|6939|25192|29067
28917|6939|1299|20473|210932
28917|6939|1299|15830|396893
20055|174|34927|202827
4775|6453|1299|201814|209896
15605|41327|13786|263047
35426|215596|62000|6777|559
44324|32595|174|18001
58308|6939|1299|60486
4764|1299|35598|52091|206810
6696|1299|16164|36032
41327|174|11432|271150|272738
210312|4601|50869|41051|209552
174|35598|52091|206810|211692|214268|196977
44324|32595|174|54706
21232|15576|35598|52091|206810|39089
19151|174|204548|215728
47147|9002|3356|174|140227|44324|205369
29222|6939|12735|8517
49432|48362|1299|6762|16735|273514
15605|6939|2852|202874
56655|1299|37468|270551|263047
35625|5511|174|5538|8194|29345
22652|1299|6424|44592|49581|211507
1403|577|174|20473|47065|61574
3130|174|1299|20473|399970
58308|6939|33891|38938
50629|33891|216067|44244
174|35598|52091|206810|39558
5413|1299|60068|211571
263237|174|3257|20473|47065|61574
60068|1299|6939|28370|263060
59890|174|216211|211575
6424|6939|25192|26710
40387|1299|56630|209944
12969|1299|8943|200636
44324|32595|174|31404
136557|174|20723|2852|202874
28917|6939|1299|20473|213007
8660|1267|1299|6855|39904|47767
37271|174|6453|29208
28917|20764|52091|206810|56915
50877|5405|6939|59689
12637|6939|24796
29504|15935|174|35598|52091|206810|56766
271253|6453|30058|216211|44324|215172|214955
16552|1299|6762|49666|58224|214805
199524|174|13786|263047|269680
29222|6939|7794
28917|6939|7018|10934
44324|32595|174|210477
15605|6939|39790
44324|32595|174|266593
15605|41327|13786|263047|269680
58308|6939|1299|16509
30844|21320|5408|47065|61574
28917|6939|1299|23520|265539
6082|2914|1299|3920|206777
50629|20764|52091|206810|211101
28917|6939|7018|26305
513|174|3257|21034
58057|50673|174|3356|8119
3491|1299|22773|8119
28917|6939|1299|16509|8987
3130|174|13786|263047|264972
28917|6939|1299|20473|152612|216198
59890|60068|1299|20473|47065|61574
28917|6939|1299|20473|153185|136725
58308|6939|33891|33988
2914|1299|198949|35676
917|60068|174|1299|6855|39904
271253|174|35598|52091|206810|24881
29680|174|216211|211575
398465|174|210329|215728
20514|1299|13335|5408
3356|174|12389|39089|202279|206810|52091|41039|48595
52320|1299|17676|216211|44324|205369
58308|6939|7018
28917|6939|1299|20473|18470
32590|137409|174|60068|216213|205884
4601|50869|52025|35100
30844|174|399697|39967|399697
34927|174|204548|215728
36924|1299|60068|211571
59919|12779|4601|4492
12779|6939|2852|199711
28917|6939|1299|262206|262197|3573
263237|174|2914|20473|47065|61574
35600|1828|12179|393398|3356|174|50131
1764|174|210329|215728
28917|6939|1299|20473|19285
35008|1299|12956|212721
28917|6939|39790
48185|33891|44592|49581|209693
40994|6939|29222|41495
34854|1299|35598|52091|206810
58057|34549|1299|6855|39904|202605
42541|62255|52091|206810|202279
2734|22356|28370|267556
49544|6830|60068|216213|205884
513|29222|6939|12735
22652|1299|8551|44709
28917|6939|1299|394977
1299|3356|13786|263047
58308|6939|6830|23520|272969
35426|215596|174|210329|215728
58299|52320|7162|13878|52468|271150
28917|6939|1299|397709
44324|32595|174|63436
8283|6762|52468|262393
971|174|1299|8551|44709
50304|8455|8283|47065|61574
50629|20764|52091|206810|196638
41722|12389|174|1916|47065|61574
205206|33891|8943|200636
29222|6939|12779|44219
28917|6939|1299|20473|211321
4601|50869|52025|216096
6908|1299|6855|39904
553|9002|12555|3227
50629|20764|52091|206810|12773|57005
139317|44324|32595|174|20473|47065
3356|174|216211|211575
28917|6939|1299|15557
3320|3491|5408|47065|61574
3130|174|35598|52091|206810|39089
48070|6939|28917|35539
28917|6939|2852|212876
58057|174|399697|39967|399697
398465|1299|3356|28370|263535
12956|1299|3216|51032|41344|39707
196621|6939|200070
15576|3356|1299|3920|206777
57866|6830|174|20473|47065|61574
7713|174|22381|267470|263047|264389
20912|174|35598|52091|206810
15605|6762|1299|3920|206777
202365|50673|174|12956|212721
42473|1299|3356|16735|273514
209650|34927|1299|8551|20473|47065|61574
16347|1299|6453|19318|209896
30600|174|21700|399914
28917|6939|6830|59622
6830|6939|28917|47914
49788|1299|12859|47065|61574
44324|32595|174|207498
8220|3491|174|10490|2722|12148|47065|61574
64475|4601|4492
136557|174|60068|205884
58308|6939|29208|60218
1299|3356|28370|268521
31742|174|21320|5408|47065|61574
28917|6939|1299|41528
58308|6939|1299|3249|200425
34288|174|52468|271150
58308|6939|1299|3301
210312|4601|50869|6939|28370|267608
32590|1299|3356|28370|263535
21232|13030|1299|6762|267470|263047
37271|174|201814|209896
58308|6939|7018|11992|35892
34927|1299|6855|50698
205206|33891|19318|209896
44324|32595|174|57801
9268|4764|1299|20473|399970
58308|6939|1299|29544
271253|1299|3216|51032|41344|39707
198385|174|52468|271150
8220|1299|3356|28370|268521
58308|6939|1299|14080|10620
15623|1299|3920|206777
553|9002|206119|3257|174|214941|208185
196621|6939|2852|204772
34288|1299|1680|20473|47065|61574
12637|6939|28917|39134|39561|197695|210550
8529|6453|174|399697|39967|399697
58308|6939|1299|26375
31510|174|5538|8194|29345
271253|174|35598|52091|206810|39558
48070|6939|29222|513
28917|6939|8943|43915
48070|6939|2852|198500
140627|2914|174|37468|61568|266460|61625
3130|174|3356|28370|267608
58308|6939|25400|198309
7473|1299|12389|39089|202279|206810|52091|41039|48595
58308|34927|202827
32653|3741|6461|62000|212815|52053
132825|174|35598|52091|206810|214721
327960|174|35598|52091|206810
57695|917|60068|174|5538|8194|29345
7713|1299|3356|16735|273514
41327|6461|23352|20473|47065|61574
263152|264409|174|6453|4755|7768
12969|1299|3356|1680|44709
16347|1299|33891|216067|44244
36924|1299|3356|13786|263047|269488
28917|6939|1299|60051|208293|203214|13335
1257|174|20473|47065|61574
38001|137409|62000|212815|52053
41666|20764|52091|206810|35273
12859|35598|52091|206810|214721
48185|1299|3223|41327
47147|1299|1680|20473|47065|61574
210312|4601|50869|41051|212977
6424|6939|28917|6789|203561
57111|41327|13786|263047|267425
41666|44592|49581|209693
1299|6939|28370|263535
1140|24785|6830|3356|28370|53079
32653|3741|174|14840|269288
139317|44324|32595|174|32505|46689
39351|1299|6762|16735|273514
263237|174|3257|204548|215728
48070|6939|30893|200690
48070|6939|28917|6789|203561
3491|1299|917|214598
6830|6939|196610
263237|174|46427|64289|44592|49581|211507
3257|33891|216067|44244
58308|6939|50989
35426|215596|62000|41441|210320
917|60068|33891|7195|20473|47065|61574
30600|1299|10490|2722|12148|47065|61574
28917|6939|7018|11992
29075|1299|174|37468|61568|266460|61625
49432|48362|1299|3356|28370|28657
44324|32595|174|393681
199524|174|35598|52091|206810|24881|24697
7500|2497|174|399697|39967|399697
58308|6939|1299|43012
35369|1764|174|60068|216213|205884
2734|142111|152672|174|3257|63023
8283|2914|13786|263047
6830|6453|19318|209896
17660|2914|12859|47065|61574
57381|50304|1299|6453|1031|61568|266460|61625
1299|17676|216211|211575
139317|44324|32595|174|52341
57866|6830|60068|211571
15935|174|35598|52091|206810|35273
210312|4601|50869|215828|213413
19151|9002|62000|212815|52053
34019|29169|174|52468|271150
328964|37468|174|8551|20473|47065|61574
58057|1836|1299|20473|47065|61574
14537|13786|174|35598|52091|206810
52075|2914|1299|3920|206777
136557|174|35598|52091|206810|24881
263237|174|6453|60068|216213|205884
148968|7474|3257|174|60068|205884
58308|6939|1299|3301|212632
47147|6461|6424|44592|49581|209693
35426|215596|1299|6855|39904|199604
20205|174|140227|44324|205369
2734|21700|399914
58511|3257|3356|21320|5408|47065|61574
3491|1299|10490|2722|12148|47065|61574
57111|41327|56630|209944
7594|174|35598|52091|59815|25299
51519|39351|174|7545|20473|47065|61574
29222|6939|202297
47147|1299|6939|54429
5405|12859|47065|61574
213151|41051|58299|33891|216067|44244
41722|20485|174|399697|39967|399697
29075|33891|44592|49581|209693
8283|2603|21320|5408|47065|61574
48070|6424|44592|49581|209693
204092|34019|35598|52091|206810
28917|6939|1299|23520|46650|399273
20514|1299|3356|28370|268198
24516|174|5459|200070
327960|174|34927|202827
3333|6830|60068|216213|205884
327727|174|37468|270551|263047
2734|9304|136897|174|1299|36137
4601|50869|34019|207910
28917|6939|1299|23520|27665|28067
58308|52025|212895|210320
42541|1299|20473|399970
29222|6939|6424|207990
12637|35598|52091|206810|210063
174|1299|20473|201423
39351|1299|6855|39904|205968
577|6461|6424|44592|49581|211507
8455|33891|216067|44244
210312|4601|50869|41051|214763
28917|6939|1299|29169|209453
59414|13030|21320|5408|47065|61574
196621|6939|28370|268198
28917|6939|1299|21351|886
40994|9002|8772|215536
7713|174|1299|25091|8298|4601|4492
174|13786|263047|262813|265917
262427|174|35598|52091|206810|24881
50673|174|3356|28370|28657
398465|4826|137409|62000|212815|52053
28917|6939|30893|9423
8283|6939|2852|212876
8283|20764|52091|206810|12773|47809|50780
58308|6939|1299|63139
6424|6939|42695
29222|6939|35133|200223
58308|6939|1299|131429
398465|1299|56630|209944
35426|215596|1299|3356|28370|28657
196621|15576|174|60068|205884
6908|1299|6855|39904|202605
28917|6939|7018|36040
6082|2914|1299|20473|47065|61574
20205|1299|3356|60011|34927|208690
51519|39351|6830|60068|211571
139317|44324|32595|174|20459
57866|1299|37468|270551|263047
12859|1299|8551|44709
16552|1299|34927|202827
28917|6939|1299|61273
37239|22355|5511|174|8551|20473|47065|61574
58308|6939|5405|21245
47147|1299|3356|28370|269016
4601|50869|41051|201423
199938|1299|6453|4755|7768
40994|1299|8551|44709
50131|174|1916|47065|61574
14315|6453|1299|20473|47065|61574
58308|6939|6830|23520|264847|64150|20940
139317|44324|32595|174|149522
6830|174|21700|399914
14630|2914|1299|20473|47065|61574
34927|1299|8551|44709
6424|272713|263390|264054|272619
8283|3491|20473|399970
4601|50869|41051|215562
34019|29169|174|216211|211575
174|20473|47065|61574
29222|6939|47160|214390
44324|32595|174|30103
271253|3356|1299|6855|39904|199604
23367|1299|3356|1680|44709
209650|34927|1299|174|60068|205884
328206|37739|3491|174|60068|216213|205884
29504|39392|174|1299|20473|201423
210312|4601|50869|44324|139299
1280|1299|35598|52091|206810
48185|1299|12956|212721
60011|3356|174|1916|47065|61574
559|25180|1299|198949|211049
8220|3491|174|201814|209896
34019|3223|41327
13030|1299|6453|19318|201813
2516|1299|198949|35676
58057|1836|33891|44592|49581|209693
56655|1299|20473|47065|61574
852|33891|216067|44244
6424|6939|28917|48084|199961
48919|35320|1299|3920|206777
1140|24785|6830|174|5538|8194|29345
28917|6939|1299|20473|207748
210312|4601|50869|41051|200372
12307|29691|1299|6453|29208
14315|6453|3356|21320|5408|47065|61574
28917|6939|1299|52468|27814
1403|577|174|37468|61568|266460|61625
1299|9002|8772|396416
139317|44324|32595|174|11172|272318
58308|6939|1299|44522
139317|44324|32595|174|400529
20130|23352|2914|1299|3920|206777
328964|23764|1299|35598|52091|206810
328512|5713|33891|216067|44244
21412|1299|10490|2722|12148|47065|61574
9002|3356|174|20473|47065|61574
15605|137409|63473|200790
12637|6939|50989|50683
139317|44324|7720|10111|1299|3920|206777
41666|20764|202984|35598|25308|28917|9049|51017
4601|50869|52025|212895|214205
4601|50869|41051|215777
3170|6939|28917|39134
35600|6939|2852
8283|6939|15372
29691|1299|20473|399970
48070|1299|3356|28370|264426
7594|174|35598|52091|206810|214210
1836|1299|12859|47065|61574
50877|5405|49581|211507
15605|35598|52091|206810|59815
559|3320|6855|39904
3549|3356|1299|8551|44709
136557|174|3356|8772|215536
50877|5405|6939|30893|199580
41327|6939|50989|33837
210312|4601|50869|41051|47509
559|37271|20473|47065|61574
8220|3491|174|35598|52091|206810
28917|6939|1299|208905|6810
139317|44324|32595|174|398748
41327|6461|6424|44592|49581|209693
210312|4601|50869|58299|34924
28917|6939|1299|6855|207696
2500|2914|174|11432|271150
4601|6939|28917|39153
34019|6939|28370|263060
20514|1299|16276|203019
8218|6461|174|5538|8194|29345
34927|52025|32097|28283|268744|2716
7018|3356|53062|266493|61625
398465|1299|42303|51701|30893
28917|6939|1299|21351
6424|31133|51032|41344|39707
139317|44324|7720|10111|1299|8551|20473|47065|61574
34019|6939|50989|50683
210312|4601|50869|52025|210338
28917|6939|1299|23520|272112|274072
6730|6830|3356|16735|52794|52659
48070|6939|54429
917|60068|174|3356|60011|34927|208690
44324|32595|174|54270
215596|62000|56584|202673
35008|1299|29695|206557|204503
139317|44324|32595|174|209847
48070|6939|28917|48084|59833
1273|1299|198949|35676
48070|1299|37468|270551|263047
28917|6939|1299|52468|273883
28917|6939|1299|20473|132479|152930
50673|174|13786|263047|267961
35600|6939|28917|6789|48004
14537|174|20473|47065|61574
1267|1299|5511|60068|206406|210557
29222|6939|6424|208277
2734|3257|1299|20473|47065|61574
210312|4601|50869|214757|199183
139317|44324|32595|174|398343
9044|174|22381|267470|263047|264389
6894|174|35598|52091|206810|39089
1299|6939|2852|199711
6830|3491|20473|47065|61574
215596|62000|6777|42541|205235
35600|6939|28917|21453|35271
5405|6939|207995
2734|16735|266931|271615|273522|271150
14630|1299|6855|39904
398465|174|22381|267470|263047|264389
210312|4601|6939|28917|44812
29504|15935|6830|60068|216213|205884
15605|35598|52091|206810|211692|214268|197578
25220|1299|201814|209896
59105|2518|2914|174|37468|61568|266460|61625
28917|6939|1299|8473
64475|37468|60068|216213|205884
38880|174|210329|215728
28917|6939|1299|27947|264836|265762
34019|44592|49581|209693
58308|6939|1299|57660
44324|32595|174|396026
16347|1299|60068|216213|205884
204092|6939|50989|50683
6424|6939|28917|21453|48149
58308|6939|3170|203589
577|1299|20473|47065|61574
51519|39351|1299|4637|20473|47065|61574
62167|174|20723|2852|202874
63927|1299|8551|20473|47065|61574
28917|6939|1299|60068|216213
3356|1299|6855|39904|47767
264409|174|6461|394737
6424|174|20723|2852|202874
327983|37497|3491|1299|20473|47065|61574
132825|2914|1299|6855|39904|199604
39122|1299|3356|8119
58308|6939|56595|211879
3130|174|2914|20473|201423
20912|174|20723|2852|202874
24961|1299|20473|201423
34549|3257|1299|20473|47065|61574
28624|61568|174|201814|209896
28917|6939|1299|58321
58308|6939|35133
9268|4764|1299|12389|39089|202279|206810|52091|41039|48595
29632|9002|3356|174|20473|47065|61574
7195|1299|12389|39089|202279|206810|52091|41039|48595
58308|6939|6830|23520|273189
49028|1299|6762|49666|58224|214805
15547|174|6453|4755|7768
36924|1299|3257|21700|399914
24516|174|7311|835|394273
4601|50869|6939|28370|268198
35600|6939|28917|48610
207841|6939|29222|41495|206202
57381|50304|1299|10490|2722|12148|47065|61574
34854|1299|6855|39904|199604
199938|1299|3356|28370|267556
174|140227|44324|205369
3170|6774|36947|174|36891
29222|6939|24796
44324|32595|174|22168
199524|6762|1299|20473|47065|61574
24961|1299|12956|212721
2516|3356|21320|5408|47065|61574
40994|6939|28917|206011
58057|1836|8455|8283|47065|61574
29691|13030|21320|5408|47065|61574
398465|4826|1299|201814|209896
28917|6939|1299|52468|269805
210312|4601|50869|44324|198304
58308|6939|7018|401291
12779|62255|52091|206810|59867
49028|13335|400095
553|1299|3356|28370|267608
50304|1299|12956|212721
48362|1299|17676|216211|44324|205369
6424|13335|5408
6894|174|201814|209896
28917|6939|1299|20473|214871
139317|44324|32595|174|395461
8218|6461|174|210329|215728
12956|1299|22773|8119
205206|1299|3223|34224|12735
58308|6939|1299|15659
6830|3356|64289|44592|49581|211507
48070|1299|6762|49666|58224|214805
28917|6939|1299|23520|46650|401400
174|35598|52091|206810|202497
44324|32595|174|37649
44324|32595|174|197071
28917|6939|1299|20473|212316
553|6939|54429|401894
202365|50673|174|3257|20473|47065|61574
12637|137409|62000|212815|52053
58308|6939|1299|48469
20253|1299|3257|20473|47065|61574
28917|6939|1299|52468|28461
207841|6939|28917|39238|49392
25369|174|216211|211575
210937|1299|3257|204548|215728
5405|6939|42695|52011
3130|174|52468|262393
20205|1299|12956|212721
174|35598|52091|206810|39089
38136|50131|36236|3257|1299|3920|206777
58308|35598|52091|206810|34786|34789|34786
12859|57463|14840|269288
262427|174|62000|212815|52053
132825|174|35598|52091|206810|56915
2734|3257|174|60068|205884
35600|6939|2852|197277
198249|13030|1299|3920|206777
7018|1299|917|214598
5405|6939|28370|267556
204092|6939|393682
2027|47160|174|13786|263047|267961
4601|50869|52025
58308|35598|52091|206810|59815
48185|1299|3257|19318|209896
271253|174|35598|52091|206810|214721|204108
28917|6939|1299|394611
28917|6939|1299|20473|40216
29222|6939|2852|197277
44324|32595|174|263801
196621|6939|50989|205966
139317|44324|32595|174|197071|202135
139317|44324|32595|174|19624
12859|215551|30893|200690
29222|6939|15935|197451|202872
28917|6939|6830|23520|263238|274004
57111|41327|3223|34224|12735
60068|33891|3223|41327
6830|6939|30893|9423
49432|48362|1299|3356|28370|268198
35600|6939|28370|263535
132847|7474|7473|1299|12389|39089|202279|206810|52091|41039|48595
852|6461|6424|44592|49581|211507
139317|44324|32595|174|30150
58308|6939|1299|57811
28917|6939|1299|23520|46650|20940
513|25091|8283|47065|61574
58308|6939|1299|12252
28917|6939|28370|268521
917|25369|174|11432|271150|272738
50300|174|11432|271150|272738
4775|1273|174|210|47065|61574
210312|4601|50869|34019|212351
29222|6939|62000
2516|6939|1299|20473|47065|61574
28917|6939|1299|3223|5605
34177|1299|3356|28370|269016
49028|1299|174|22381|267470|263047|264389
6423|20055|174|13786|263047|266089|52793
44324|32595|174|11172|272318
132825|174|35598|52091|206810|197643
12779|6939|25192
17350|3356|174|140227|44324|205369
6424|1299|20473|47065|61574
210312|4601|50869|52025|201676
263152|174|3257|20473|47065|61574
207841|6939|28370|28657
31122|6453|1299|3920|206777
35600|6939|16652
58308|6939|1299|400940
62167|174|1299|20473|201423
3491|174|11432|271150
577|174|1916|47065|61574
44324|32595|174|44891
49432|48362|1299|33891|216067|44244
328840|327727|174|13786|263047
58308|6939|6830|23520|262931
5405|29632|215536
50629|57724|12555
139317|44324|32595|18423|137409|6424
32590|4637|6830|34927|202827
42541|1299|174|60068|205884
199524|6762|1299|3920|206777
139317|44324|32595|174|40069
6424|174|35598|52091|206810
40994|174|210|47065|61574
29222|6939|62000|198053
37497|1299|6855|39904|199604
16347|1299|3257|60068|206406|210557
15623|4455|6424|44592|49581|209693
28917|6939|1299|396356
28917|6939|25563
48070|6939|24796|63293
48362|1299|3356|28370|263535|268030
58308|6939|1299|23379|267700|269965|266815
35426|215596|1299|3257|20473|47065|61574
48070|6939|28917|28775
139317|44324|32595|174|206067
34927|1299|174|140227|44324|205369
202365|50673|174|7195|20473|47065|61574
28917|6939|6830|23520|265561|270173
28917|6939|1299|16906
64475|62255|52091|59815
40994|6939|30893|13214|35634
2734|16735|52794|52659
28917|6939|7018|4185|13979|14298
21412|174|210|47065|61574
16552|1299|3356|16735|273514
21412|1299|2914|226|47065|61574
207841|6939|28917|6789|203561
7018|1299|22773|8119
139317|44324|32595|174|399646|200329
204092|30781|3356|174|140227|44324|205369
44324|32595|174|395359
47147|1299|3356|28370
28917|6939|7018|2386|30313
971|174|3257|204548|215728
44324|32595|174|398947|27884
44324|32595|174|199297
210312|4601|50869|211008
12637|35598|52091|206810|197643
139317|44324|32595|174|216371
57381|50304|1299|174|37468|61568|266460|61625
58308|6939|1299|26211
47957|3356|1299|20473|399970
6830|6939|28917|50009
1267|1299|6453|19318|209896
29222|6939|2852|199711
6730|6830|174|13786|263047|269488
39122|1299|6855|39904|202605
15605|56911|33891|216067|44244
22652|1299|60068|197103|212080
198385|174|60068|211571
215596|174|210329|215728
5511|1299|20473|399970
11845|37468|1299|6855|39904|202605
64475|56630|209944
57111|41327|7195|28260|270548|52794|52659
28917|6939|1299|23520|52468|262179
213151|34549|1299|198949|35676
6830|174|52468|262393
58308|6939|50989|205966
49028|1299|6939|30893|204789
58308|6939|1299|3301|2799
327983|37497|3491|1299|3920|206777
44324|32595|174|13819
37739|3491|174|60068|197103|212080
12637|1299|7195|28260|270548|52794|52659
6830|6939|50989|33837
34927|56655|1299|20473|201423
8283|6939|28370|267608
327960|174|35598|52091|206810|34786
139317|44324|32595|174|35986|30612
215596|1299|6939|393682
50629|1031|262999|272466
35280|6453|174|60068|216213|205884
12859|6461|7473|38001|25192
15935|174|3257|19318|201813
44324|32595|174|13999|273269
1299|3356|21320|5408|50148
48362|1299|3356|28370|263963
50877|5405|37271|20473|47065|61574
44324|32595|174|197071|202135
6730|6830|2914|226|47065|61574
328840|327727|174|13786|263047|267961
30058|216211|44324|215172|214955
28917|6939|47160|213873
1267|1299|6855|39904
3257|174|13786|263047|269488
28917|6939|56595|215742
139317|44324|32595|174|395359
58308|6939|28917|12668|51883
15623|1299|8551|44709
28917|6939|1299|393705
28917|6939|1299|23520|270068
28917|6939|1299|32934
56911|1299|6855|39904|47767
398465|174|3356|8772|215536
139317|44324|32595|174|209532
59890|174|399697|39967|399697
28917|6939|1299|210909
12307|29691|1299|56630|209944
19653|30600|1299|6855|39904|199604
327727|174|35598|52091|206810|202279
6830|174|11432|271150|272738
199524|174|399697|39967|399697
132847|7474|7473|1299|34927|202827
51519|39351|12859|47065|61574
971|174|13786|263047
206499|34549|1299|3223|34224|12735
6424|6939|28917|12739
6082|174|399697|39967|399697
28917|201776|12389|39089|202279|206810|52091|41039|48595
15935|174|10490|2722|12148|47065|61574
971|174|35598|52091|206810|24881
4181|1299|12956|212721
34019|29169|174|1916|47065|61574
30600|174|20723|2852|202874
198385|174|201814|209896
62000|6777|559|196722
6667|174|20473|47065|61574
139317|44324|32595|174|270068
1140|24785|1299|20473|399970
199524|174|10490|2722|12148|47065|61574
8758|6424|44592|49581|211507
680|1299|6855|39904|202605
206356|50629|6461|23352|20473|47065|61574
13030|1299|7195|28189|266931|269250|271150
28917|25180|1299|198949|211049
25160|174|8551|20473|47065|61574
29222|6939|61618|268364
3491|6461|62000|212815|52053
9900|23764|8455|8283|47065|61574
28917|6939|1299|20473|202986
204092|6939|30893|13214
20764|174|5538|8194|29345
58308|6939|553|34878
34019|6939|2852|201648
50304|1299|8551|20473|47065|61574
50628|1299|20473|47065|61574
210937|1299|6762|16735|2716
58308|6939|33891|201035
44324|32595|174|51551|44971
139317|44324|32595|174|267613|13335
6830|3356|8551|20473|47065|61574
50628|1299|17676|216211|44324|205369
6424|6939|25192|20701
39122|174|140227|44324|205369
9268|4764|1299|25091|8298|4601|4492
28917|6939|1299|158
6730|6830|12859|47065|61574
12307|29691|1299|174|20473|47065|61574
8283|6939|59970
58308|6939|6830|23520|272935|271804
553|1299|20473|47065|61574
28917|6939|8194|201547
29222|6939|63290
20253|1299|174|37468|61568|266460|61625
6453|174|13786|263047|269680
6830|6939|42695
35280|137409|62000|212815|52053
28917|2603|21320|5408|47065|61574
32595|174|60068|205884
5413|3356|174|20723|2852|202874
44393|394256|174|6453|29208
53828|2914|6424|44592|49581|211507
35426|215596|1299|3920|206777
14630|2914|174|140227|44324|205369
12859|3216|1299|8402
14315|2914|174|5538|8194|29345
32590|1299|3356|28370|263060
28917|6939|1299|399486|198831|212844
58308|6939|1299|20473|150184
58308|6939|199081|209847|215540
28917|6939|1299|20473|206081
58308|6939|212635
6423|20055|1299|16164|36032
28917|6939|1299|31242
6696|1299|8551|20473|47065|61574
3130|174|2914|20473|47065|61574
35426|215596|1299|2914|226|47065|61574
35008|1299|3257|20473|47065|61574
34854|14840|269288
28917|6939|1299|20473|8079
58308|6939|28917|198297
1273|174|140227|44324|205369
20253|1299|52320|7162|13878|52468|271150
58308|6939|29208|198605
28917|6939|1299|42201
58299|174|60068|197103|212080
40387|1299|29695|206557|208835
5413|1299|4230|2716
20764|8359|1299|20473|399970
31742|1299|37468|270551|263047
32590|12956|174|20473|47065|61574
6830|7195|28189|266931|269250|271150
8529|1299|20473|399970
132337|1299|3356|16735|2716
41666|20764|52091|59815|25299
28917|6939|1299|20473|44421
42541|1299|3257|204548|215728
6830|6939|28370|28657
6424|14840|269288
39120|174|12956|212721
58057|34549|1299|56630|209944
8283|2914|268624|28370
5405|1299|20473|201423
58308|6939|6830|23520|265620
6894|174|13335|5408
4601|50869|215172|211575
12350|1299|3356|8119
51088|12859|47065|61574
37497|174|204548|215728
8220|1299|3356|8772|215536
559|6939|50989
28917|6939|1299|44949
58308|6939|1299|42385
6461|1299|21351|60132
3320|1299|917|214598
262427|174|35598|52091|206810|39089
328840|327727|174|35598|25308|28917|9049|51017
28917|6939|1299|16509|213151
6423|20055|3257|33891|216067|44244
20912|174|56630|209944
4777|2497|1299|8551|44709
139317|44324|32595|174|4058
917|60068|174|6453|29208
4775|1273|1299|20473|399970
46450|1299|6461|394737
6424|174|35598|52091|206810|56766
48070|1299|6855|39904|47767
12307|29691|1299|6762|16735|273514
151326|174|21320|5408|50148
28917|6939|1299|20473|150184
28917|61568|266460|61625
6424|6939|29222|513|21449
12956|1299|60068|216213|205884
48362|1299|174|216211|211575
47147|1299|201814|209896
132337|1299|8551|44709
204092|34019|49581|209693
15605|6939|28370|267556
56655|1299|8551|44709
139317|44324|32595|174|22168
5405|6939|59689
32653|3741|174|210329|215728
48070|6939|30893|199580
2497|1299|6424|44592|49581|209693
20205|1299|3356|8119
1764|174|399697|39967|399697
577|1299|201814|209896
204092|6939|30893|205563
28917|6939|1299|7843|11351|7828
50629|6939|28370|267556
139317|44324|32595|174|207096
394256|174|3257|20473|47065|61574
204092|29632|59682
15605|35598|52091|206810|24881|24697
29222|13335|400095
6424|174|210329|215728
39351|174|3356|16735|2716
139317|44324|32595|174|53587|22552
58308|6939|6830|23520|64126|265721|271942|273121
28917|6939|1299|12252
13830|971|174|30844|21351|60132
12307|29691|1299|8551|20473|47065|61574
57111|41327|215551|30893|13214|35634
58299|62255|25308|28917|9049|51017
2734|13786|263047|268105
198249|13030|1299|3356|60011|34927|208690
6894|174|35598|52091|206810|214721|204108
207841|61049|174|8551|20473|47065|61574
12637|35598|52091|206810|202497
210937|6424|44592|49581|211507
34177|1299|6762|49666|58224|214805
28917|6939|1299|23520
28917|6939|1299|20473|54874|970
394256|174|22381|267470|263047|264389
51519|39351|174|3257|19318|209896
29691|1299|3257|204548|215728
60068|174|1299|6855|39904
140627|1299|3216|51032|41344|39707
199524|1299|3257|19318|209896
917|60068|33891|3223|41327
20205|1299|29695|206557|204503
553|6939|29222
174|37468|61568|266460|61625
58308|6939|6424|203020
213151|34549|174|22381|267470|263047
28917|6939|1299|52468|273229
58308|6939|1299|60068|200325
1221|4637|1299|201814|209896
40994|21320|5408|50148
13830|971|174|1299|6855|50698
58308|6939|15935|197451
35426|215596|1299|8551|44709
22652|174|20473|47065|61574
6830|3356|8772|215536
39351|174|22381|269144|268424|264524|266448|268624|268874
50300|174|201814|209896
58308|6939|1299|263444
12350|1299|6453|29208
7594|174|14840|269288
64475|16276|203019
55222|174|22381|267470|263047|264389
327727|174|20723|2852|202874
49788|1299|3356|16735|2716
29479|50304|1299|3223|41327
5405|44592|49581|209693
559|35598|52091|206810|211101
513|29222|6939|8943|43915
50629|6461|52320|7162|13878|52468|271150
14907|1299|20473|47065|61574
24516|3491|5408|47065|61574
28917|6939|1299|22773|20940
8283|1031|262999|272466
19653|30600|1299|6855|50698
3701|3356|1299|6855|50698
20253|1299|37468|270551|263047
215596|1299|7195|28343|2716
6730|6830|3356|28370|267608
49028|1299|6762|267470|263047
34288|1299|6453|4755|7768
7922|1299|3920|206777
205112|28917|215730|209693
37468|1299|6855|39904|202605
58308|6939|1299|393559
35600|6939|28370|267556
58308|6939|1299|29066
58308|6939|1299|14080|26611
58308|35598|52091|206810|57460
24516|174|35598|25308|28917|204076
53828|3257|1299|3920|206777
35710|3320|1299|20473|201423
559|20473|30893
20253|1299|3920|206777
59105|2518|1299|174|37468|61568|266460|61625
12779|6939|42695|43101
15935|174|52468|262393
12637|1299|198949|35676
20485|174|399697|39967|399697
6423|20055|174|20723|2852|202874
3130|174|3257|20473|47065|61574
15623|174|204548|215728
8529|1299|3257|204548|215728
148968|1299|201814|209896
58308|6939|1299|16552
37271|174|28189|266931|269250|271150
5405|1299|3920|206777
28917|6939|1299|33522
3170|6461|6057|28283|268744|2716
37271|3257|1299|198949|35676
3170|6939|28917|24651|39900
58308|6939|268624|262594
58057|1836|1299|20473|201423
30844|174|216211|211575
28917|43350|60503|268746|61625
12307|29691|1299|12956|212721
20932|1299|198949|35676
57866|1299|20473|201423
42541|62255|62379
60326|34927|174|210|47065|61574
6453|174|14840|269288
8220|1299|3356|8119
6424|2914|174|140227|44324|205369
28917|6939|1299|213929
29222|6939|28917|44812
139317|44324|32595|174|41564
58057|50673|174|138997|216211|44324|205369
13237|1299|3356|28370|268521
40994|6939|28917|48084|199961
6830|3356|21320|5408|47065|61574
29479|50304|1299|8551|44709
14907|1299|174|37468|61568|266460|61625
6894|174|62000|212815|52053
196621|6939|28370|264426
19151|174|6461|394737
55222|1299|7195|28260|270548|52794|52659
28917|6939|1299|20473|212529
29222|6939|35168|48716
52075|2914|1299|20473|47065|61574
58308|6939|6830|23520|262191|273849
1257|1299|3920|206777
32590|1299|29695|206557|204503
2734|22356|28370|61708
39392|33891|1680|20473|47065|61574
28917|6939|62000
210312|4601|50869|54148
35600|58453|30990|174|37100|33765|327774
31510|174|12389|39089|202279|206810|52091|41039|48595
139317|44324|32595|174|59895
34177|1299|3356|28370|268521
64475|62255|52091|206810|12773|47809|59478
64475|9002|12555|48430
28917|6939|1299|208905|206815
44324|32595|174|8304
20514|1299|3356|28370|269016
22652|174|21320|5408|47065|61574
12859|35598|52091|206810|34786
44324|32595|174|28511
20932|174|21700|399914
13786|174|210|47065|61574
58308|6939|33891|201962
48070|6939|28370|268521
42541|32787|202161
58308|6939|7018|4185
28917|215730|209693
6720|1764|5405|266493|61625
48185|1299|174|60068|205884
42473|1299|6762|16735|273514
213151|6424|44592|49581|209693
28917|6939|1299|20473|397592
50304|1299|3223|41327
35008|1299|60068|216213|205884
34854|1299|3356|28370|263963
37271|174|60068|216213|205884
4601|50869|41051|200372
3130|174|13786|263047|262813|265917
1299|23764|35168|212999
20253|1299|7195|28189|266931|271615|273522|271150
23673|3356|174|204548|215728
199524|174|35598|52091|206810|211101
23367|1299|37468|52468|262393
44324|32595|174|36352
12637|35598|52091|206810|59815|25299
262427|174|21320|5408|50148
47160|6939|54429|401894
64475|20764|43298|48678|210574
60503|6939|1299|20473|47065|61574
34800|29632|9002|3356|174|140227|44324|205369
9304|33891|216067|44244
11039|6461|1299|56630|209944
28917|6939|7018|7764
2518|2914|174|20473|47065|61574
29479|28917|215730|209693
34019|6939|50989|48116
58308|6939|28917|50923
41327|174|399697|39967|399697
50629|6939|215172|214955
50628|1299|12859|47065|61574
327727|174|6453|29208
12859|1299|3356|28370|263535
12637|35598|52091|206810|214721|204108
1299|6939|30893|13214|35634
29222|6939|61618
28917|6939|1299|23520|263238|273195
28917|6939|1299|52468|3790|273147
327727|174|35598|52091
210312|4601|50869|34019|202945|210960
12859|1299|6762|49666|58224|214805
8529|1299|2914|226|47065|61574
22652|1299|8551|20473|47065|61574
58308|6939|61618
2734|58453|30990|174|37100|327708|37440|32860
62000|6777|20326
5511|174|20723|2852|202874
58308|6939|1299|3249|216408
8283|2914|13786|263047|269488
8283|6939|25192|29067
49432|48362|1299|3257|20473|47065|61574
12637|6939|28370
8455|1299|56504|47674
34927|1299|3356|28370|268198
917|25369|1299|20473|47065|61574
139317|44324|32595|174|22381|270442
41666|20764|52091|206810
47147|1299|6939|50989
41327|6461|9498|20473|47065|61574
271253|174|35598|52091|206810|197643
42541|62255|52091|206810|50204
57381|50304|1299|3356|28370|264426
3214|6461|62000|212815|52053
41666|20764|52091|206810|211692|214268
21412|174|1916|47065|61574
49028|1299|6939|33924
58308|6939|3170|214199
44324|32595|174|42313|212766
61568|174|21320|5408|50148
3333|1257|174|13786|263047
28917|6939|1299|7545|153364
15605|35598|52091|206810|12773|47809|59478
35625|5511|174|52468|271150
28917|6939|1299|23520|54082
19151|174|7311|835|394273
2500|7660|11537|20965|5408|47065|61574
51519|39351|174|13786|263047|266089|52793
28917|6939|1299|20473|36710
41327|7195|28343|2716
25160|174|32595|44324
12779|6939|29222
49605|6762|1299|6855|39904
64475|6939|28917|48084|35816
8283|2914|13786|263047|267425
31510|174|60068|205884
1299|12389|39089|202279|206810|52091|41039|48595
58308|6939|268624|262594|268117
917|3214|1299|60068|197103|212080
4601|50869|203704
4601|50869|41051|200306
39120|174|12389|39089|202279|206810|52091|41039|48595
6830|137409|63473|200790
15935|174|35598|52091|206810|48687
34854|1299|6855|50698
2914|174|210329|215728
44324|32595|174|399646|55223
49432|48362|6424|44592|49581|209693
62167|174|201814|209896
20253|1299|6762|267470|263047
37053|37100|6762|174|37468|61568|266460|61625
14537|3356|1299|20473|47065|61574
559|7195|11432|271150|272738
39351|1299|3356|60011|34927|208690
3170|6939|42695
41666|50263|201814|209896
28917|6939|268624
1299|6939|33924
35600|6939|50989|205966
513|29222|6939|29670
60068|174|1299|20473|47065|61574
51184|1764|174|20473|47065|61574
34854|1299|3356|8772|215536
3170|35598|52091|206810
42541|62255|52091|206810|211101
25091|8283|47065|61574
15935|6461|23352|20473|47065|61574
4181|1299|6855|50698
47147|1299|174|13786|263047|268105
58308|6939|268624
327960|174|5459|200070
48070|6939|2852|48091
5405|6939|25192
56655|1299|7545|20473|47065|61574
48200|6762|174|20473|47065|61574
327727|174|7311|835|394273
2518|1299|201814|209896
1299|6461|394737
39122|174|216211|211575
5511|2914|12859|47065|61574
2914|3257|28917|215730|209693
1828|1299|60068|197103|212080
202032|16276|203019
51519|39351|174|138997|216211|44324|205369
139317|44324|32595|174|208794|200851
7594|174|35598|52091|206810|56766
577|1299|6855|50698
7713|1299|6855|39904|47767
3491|1299|201814|209896
2734|32787|202161
1299|3257|204548|215728
1299|35598|52091|206810
35426|215596|1299|20473|47065|61574
8220|1299|6855|39904
139317|44324|32595|174|263167
48185|2914|174|140227|44324|205369
57111|41327|2603|21320|5408|50148
20080|2914|1299|6855|39904
58308|6939|268624|61823
199524|174|12389|39089|202279|206810|52091|41039|48595
48070|1299|60068|216213|205884
6830|6939|30893|13214
8283|6939|60432
48070|7195|28260|270548|52794|52659
23367|1299|201814|209896
29075|174|22381|267470|263047|264389
34927|1299|4230|52654|266493|61625
28917|6939|1299|23520|64126|266734|273048
9268|4764|1299|6204|44592|49581|209693
34177|1299|6453|1031|61568|266460|61625
917|3214|1299|60068|216213|205884
6424|37468|53062|266493|61625
13237|5405|266493|61625
29222|6939|28917|47759
44324|32595|174|14
34177|1299|3491|20473|47065|61574
58308|6939|8943|44671
6424|37468|52468|271150
58308|29075|174|20473|47065|61574
553|62255|52091|206810|12773|47809|50780
28917|6939|1299|273263
28917|6939|1299|46475|59730
4601|50869|6939|2852|202874
139317|44324|32595|174|327727|329010
35600|35625|3356|21320|5408|47065|61574
917|60068|33891|20473|47065|61574
513|29222|6939|200995
210312|4601|50869|58299|41051|49867
6057|174|8551|20473|47065|61574
30600|174|399697|39967|399697
34927|1299|6762|49666|58224|214805
59689|29075|174|20473|47065|61574
28917|6939|1299|23520|262191|272153
48919|174|52468|271150
58308|6939|1299|213929
15605|6939|50989|48116
58308|6939|28917|25386
199524|174|35598|52091|206810|56766
2734|28283|268744|2716
21700|174|1299|8551|44709
24482|28917|215730|209693
22652|1299|60068|216213|205884
209|3356|174|20473|47065|61574
58308|6939|6424|39384
202032|57463|14840|269288
1140|24785|6830|174|11432|271150|272738
7018|6453|49666|205647|49801|204533
4601|50869|52025|201676
42541|62255|52091|44660
49028|1299|174|32595|44324
12779|6939|28370|268521
215596|1299|6855|39904|202605
14907|5405|266493|61625
28917|6939|41720
21412|1299|3223|41327
215596|174|13786|263047
16552|1299|12389|39089|202279|206810|52091|41039|48595
25152|2914|6424|44592|49581|211507
51519|39351|1299|20473|201423
4601|50869|214675
3130|174|35598|52091|206810|5598
29222|6939|39791
12307|29691|1299|6855|39904|47767
327727|174|13786|263047|271068
28917|6939|1299|18734|11888
51185|6762|1299|6855|39904|47767
37497|1299|6855|39904
48362|1299|3491|20473|47065|61574
28917|6939|1299|20473|400586
34019|16276|203019
204092|6939|50989|205966
32590|1299|12389|39089|202279|206810|52091|41039|48595
46450|1299|174|204548|215728
35369|28917|215730|209693
38001|3491|174|35598|52091|206810
204092|6939|28917|6789|200702
28917|6939|1299|60068|197103|395893
6830|6939|2852|212876
28917|6939|1299|23520|264847|64150|20940
29479|9002|3356|174|399697|39967|399697
7594|174|52468|262393
12859|6939|29222|207688
4601|50869|41051|200221
35266|1299|3216|51032|41344|39707
63927|1299|6855|39904
196621|6939|16652
28917|6939|1299|6400|272867
29222|6939|12735
139317|44324|32595|174|10578
3130|174|7545|20473|47065|61574
3130|174|6762|49666|58224|214805
199524|47311|150249|212001|205018
139317|44324|32595|174|273298
19151|174|50509|51032|41344|39707
28917|6939|1299|37662|329629|30844
137409|62000|212815|52053
12637|6939|29222|41495
12637|2914|6424|44592|49581|211507
58308|6939|50629|207252|213579
41051|58299|33891|216067|44244
2734|58453|30990|174|37100|33765|327774
20205|1299|4230|52654|266493|61625
28917|6939|1299|265780|273827
58308|6939|6830|23520|265561|270173
51873|6830|174|20473|47065|61574
58308|6939|6830|23520|22933
139317|44324|32595|174|272102|271816
1299|6762|267470|263047
6730|6830|3257|60068|206406|210557
28917|6939|15935|198284
59414|6830|174|399697|39967|399697
35426|39801|5511|174|21700|399914
6762|174|21320|5408|47065|61574
215596|62000|41441|210320
328964|3491|1299|8551|44709
3170|8926|174|3320
28917|6939|1299|21559|271945|269931|272027
6762|1299|6855|39904|199604
20055|174|13786|263047|52793
139317|44324|32595|174|199391
37239|37468|33891|60068|211571
34177|1299|3356|28370|264426
553|6939|28370|268198
3333|1257|1299|3920|206777
553|1299|6762|49666|58224|214805
205112|50629|174|210329|215728
327960|174|35598|52091|206810|39089
28917|6939|15935|201727
64475|62255|52091|206810|34786|41875
7018|3356|13786|263047|267961
9002|1299|20473|399970
139317|44324|32595|174|25710
29140|2914|1299|201814|209896
32590|1299|29695|206557|208835
216285|8280|6762|174|1916|47065|61574
151326|174|7311|835|394273
58299|174|1916|47065|61574
58308|6939|196621
28917|6939|1299|3223
47311|150249|212001|199762
9044|1299|174|37468|61568|266460|61625
41327|174|56630|209944
398465|1299|6461|62000|212815|52053
205206|1299|174|60068|205884
28917|6939|1299|6424|203020
210937|1299|60068|216213|205884
57381|50304|1299|3356|28370|267608
286|1299|20473|47065|61574
48185|1299|20473|47065|61574
28917|6939|47160|203062
28917|6939|1299|14265
28917|6939|6830|199524|51191
58308|6939|7018|397994
4601|6939|28917|39238
4601|50869|44324|216299
41666|20485|35598|52091|206810
4181|1299|29695|206557|208835
28917|6939|1299|60068|30536
50304|1299|1680|20473|47065|61574
917|60068|174|7195|20473|47065|61574
58308|6939|7018|398837
2734|21859|138415|4229|1299|3786|138195|136800
50629|20764|52091|59815
1299|42303|51701|30893
139317|44324|32595|174|11240
42541|1299|3257|60068|206406|210557
28917|6939|1299|32097|22295|40776
28917|6939|263047|271068
8660|1267|1299|20473|399970
11039|6461|174|140227|44324|205369
3130|174|11432|271150
398465|4826|1299|3920|206777
2914|174|12389|39089|202279|206810|52091|41039|48595
204092|16276|203019
210312|4601|50869|6939|393682
5713|174|60068|216213|205884
36924|1299|3257|204548|215728
14907|1299|60068|216213|205884
30781|33891|44592|49581|209693
34927|174|6461|9498|20473|47065|61574
34927|52025|1299|29695|206557|204503
58057|50673|174|52468|271150
263152|174|2914|12859|47065|61574
12859|35598|52091|206810|8274
262427|174|35598|52091|206810|8274
3130|174|204548|215728
58308|6939|393682
16347|1299|56630|209944
40994|2914|1299|20473|47065|61574
28917|6939|1299|20473|215507
3257|174|216211|211575
6424|6939|28917|39153
62167|174|138997|216211|44324|205369
34927|52025|1299|3223|34224|12735
139317|44324|32595|174|22360
210937|1299|6453|4755|7768
12779|6461|394737
210312|4601|50869|41051|209235
35600|50263|21263
28917|6939|1299|23520|273189|262262
174|60068|216213|205884
51873|6830|174|60068|205884
6424|1916|47065|61574
6777|56630|209944
34927|1299|3216|51032|41344|39707
199524|47311|150249|212001
8283|20764|52091|206810|59815
59689|30781|1299|8551|44709
8283|3320|6855|39904|199604
28917|6939|1299|52468|273034
553|174|60068|216213|205884
1836|174|52468|271150
58308|6939|7018|4185|13979|14298
44324|32595|174|206067
39351|174|13786|263047|267961
42541|2603|21320|5408|50148
205206|1299|7195|28189|266931|269250|271150
12859|1828|13789|30372|3356|174|393216
58308|6939|1299|939
58308|6939|1299|400400
28917|33891|216067|44244
199524|1299|23764|35168|212999
48070|6939|28917|34784
58299|174|20473|47065|61574
50304|1299|6453|19318|201813
4777|2497|2914|174|20473|47065|61574
58308|35598|52091|206810|12773|211692|196629
513|29222|6939|64475
37239|37468|1299|6855|39904
209|3356|174|210|47065|61574
210312|4601|8298|25091|1299|3920|206777
6830|174|21320|5408|47065|61574
40994|57463|41327|215687
34854|1299|3223|34224|12735
139317|44324|32595|174|42366
139317|44324|32595|174|398980
3257|1299|20473|201423
3549|3356|1299|6855|39904|199604
6057|174|34927|202827
44324|32595|174|55286
28917|6939|1299|20473|215223
21700|174|210|47065|61574
49028|1299|12956|212721
174|22381|267470|263047|264389
6908|174|60068|205884
47147|1299|12859|47065|61574
199524|1299|6461|394737
58308|6939|1299|11019
58308|6939|1299|5617|42673
28917|6939|1299|23520|262202|263713
58308|35598|52091|206810|59815|25299
52025|1299|6855|39904|199604
15605|6939|42695
35600|50263|21263|41504
1828|33891|216067|44244
20205|1299|20473|47065|61574
3170|7195|11432|271150|272738
264479|6762|1299|29695|206557
12969|1299|3216|51032|41344|39707
29222|6939|263047|267961
44324|32595|174|52341
55720|2914|1299|6855|39904|202605
39122|1299|6939|24796
3399|6461|62000|212815|52053
15935|174|35598|52091|206810|214721
46450|3356|21320|5408|47065|61574
24516|174|6453|4755|7768
8359|1299|6855|39904
58308|6939|1299|30823|49418|206134
7018|6939|30893|205563
12779|6939|24796
41722|20485|174|3257|21034
28917|6939|3170|215323
58308|6939|1299|208905|199393
1299|13335|5408
198385|174|216211|211575
136557|174|12389|39089|202279|206810|52091|41039|48595
2734|13786|263047|267334
58308|6939|33891|62359
50304|1299|174|204548|215728
58308|6939|1299|19679
35600|31564|174|35665|200906
207841|6939|28917|50923
58308|6939|50629|207160|207510
39122|1299|8551|20473|47065|61574
29222|6939|3170|213692
15562|2914|1299|6939|24796|63293
327960|327782|37100|1299|20473|47065|61574
2500|2914|174|204548|215728
12956|174|1916|47065|61574
513|29222|6939|273556
205206|1299|198949|35676
59105|2518|1299|8551|44709
37468|1299|198949|35676
3701|137409|62000|212815|52053
2516|1299|917|214598
35280|1299|20473|47065|61574
196621|6939|2852|210367
58057|50673|174|20723|2852|202874
44324|32595|174|7497|24151|23596
6453|1299|6855|39904|199604
31510|174|1299|20473|201423
58308|6939|1299|20473|35085
199524|1299|12859|47065|61574
6423|20055|174|13786|263047|267425
559|6939|24796|63293
29222|6939|39791|198002
327960|327782|37100|174|140227|44324|205369
39351|174|216211|211575
4181|1299|6855|39904|47767
48362|1299|3356|28370|268521
29222|6939|29208|215588
999|6453|174|28189|266931|269250|271150
58308|6939|29208|62102
15623|4455|33891|44592|49581|209693
41722|20485|1299|20473|399970
24516|174|34927|202827
140627|2914|12859|47065|61574
139317|44324|32595|174|142111
513|174|1299|8551|44709
58308|6939|6830|23520|262191|274039
12859|1299|12956|212721
34800|58057|6939|1299|20473|399970
1280|1299|12956|212721
3549|3356|1299|20473|399970
553|6939|2852|204772
28917|6939|1299|208905|210625
12779|6939|24796|63293
50877|5405|9498|20473|47065|61574
24482|44324|215172|214955
58308|6939|1299|42303
64475|6939|30893|13214|35634
37468|1299|6855|39904|47767
28917|6939|1299|29066|199491
6461|1299|3920|206777
20912|12637|1299|3920|206777
6424|6939|28917|197078
2734|137409|62000|212815|52053
2518|2516|174|140227|44324|205369
202365|50673|174|20723|2852|202874
204092|6939|200303
20253|1299|6424|44592|49581|211507
20514|1299|174|62000|212815|52053
12637|6939|54429|401894
174|12956|212721
5405|62255|52091|206810|211692|31069
28917|8359|57304|35168|197556
28917|6939|1299|25697
48185|1299|3257|60068|206406|210557
29632|9002|1299|198949|35676
1764|174|201814|209896
210312|4601|50869|34019|209090|211781
210312|4601|50869|6939|42695|52011
58308|6939|6830|23520|46650|401400
57111|174|216211|211575
1031|999|6453|174|8551|20473|47065|61574
58308|6939|40994|215472
4601|50869|41051|212888
59689|30781|1299|6855|39904
210937|1299|3356|28370|264426
210312|4601|50869|6939|2852|197451
28917|6939|1299|52468|273832
12389|1299|20473|201423
139317|44324|32595|174|13999|273269
50877|5405|1299|10490|2722|12148|47065|61574
4601|50869|34019|202945|210960
29222|6939|25192|26710
58308|6939|3170|59410
6730|6830|174|204548|215728
6424|6939|50989|48116
29222|6939|56595|211879
20932|1299|6762|49666|58224|214805
36924|1299|3257|19318|201813
20205|1299|3356|16735|2716
328206|37739|3491|5408|47065|61574
20205|1299|17676|216211|44324|205369
49432|48362|1299|8551|20473|47065|61574
15547|174|3257|204548|215728
8218|6461|1299|60068|216213|205884
44324|32595|174|62807
37271|174|52468|262393
49432|48362|1299|3356|28370|267608
58308|6939|33891|204704
20253|1299|37468|52468|262393
3356|174|5538|8194|29345
28917|6939|1299|60068|208414
6830|6939|28917|198297
44324|32595|174|209532
21232|13030|1299|8551|44709
50673|174|140227|44324|205369
174|32595|44324
28917|6939|1299|24909
14537|13786|174|5538|8194|29345
42473|1299|6453|29208
12350|1299|6855|39904
28917|6939|1299|393417
196621|6939|28917|39238|49392
35369|5405|6939|28370|269016
328840|327727|174|3356|28370|28657
58308|6939|7018|397556
8283|2914|13786|263047|262485|272707
8280|6762|174|21700|399914
6453|1299|6855|39904|202605
33891|3223|34224|12735
34854|1299|3356|28370|268521
37100|174|5538|8194|29345
35600|6939|28917|47438
327960|174|22381|267470|263047
5405|20764|43298|48678|213865
41666|20764|52091|206810|211692|214268|196977
3214|6461|8899|60294|33891|50673|43414|43995
28917|6939|1299|20473|142281
139317|44324|32595|174|19453
58308|6939|1299|39567
8283|20764|52091|206810|24881
19151|174|22381|267470|263047|264389
58308|6939|1299|25759
5405|47065|61574
204092|6939|50989
49788|174|1916|47065|61574
44324|32595|174|62902
12350|34177|33891|60068|211571
51873|6830|12859|47065|61574
12779|62255|52091|206810|48595
40994|6663|29049|49666|205647|49801|204533
398465|6424|44592|49581|211507
60068|5511|1299|198949|35676
17639|1299|60068|197103|212080
64475|20473|30893
32590|5511|174|1916|47065|61574
50673|174|10490|2722|12148|47065|61574
58308|6939|1299|34164
50304|1299|3356|16735|273514
41327|6939|25192|26710
28917|6939|1299|29636
42541|62255|52091|206810|48595
31510|174|3257|204548|215728
58308|6939|49418|212701
48070|6939|59689
58308|6939|1299|6424|47787|203020
55222|174|28189|266931|269250|271150
34800|58057|50673|174|22381|267470|263047|264389
6908|174|11432|271150|272738
2516|1299|174|20473|47065|61574
3491|1299|3223|41327
44324|32595|174|63293
57111|174|7195|20473|47065|61574
29691|1299|3920|206777
29075|174|52468|271150
28917|6939|1299|394161
205112|50629|6461|394737
29222|6939|29670|213341
58308|6939|1299|52468|23031|23246
29222|6939|21430|33943
60068|174|20723|2852|202874
28917|6939|7018|35980
513|29222|6939|39791|49101|51449
3130|174|13786|28343|2716
58308|6939|1299|17072|278
7594|174|35598|52091|206810|59867
327960|174|35598|52091|206810|214210
17350|6453|174|210|47065|61574
139317|44324|32595|174|2149
204092|6939|42695
60068|174|204548|215728
58299|174|140227|44324|205369
1299|6939|24796
15605|6939|28370|268198
58308|6939|61618|269288
8359|1299|20473|399970
327960|174|3257|19318|209896
139317|44324|32595|174|24429
328840|327727|174|35598|52091|206810|5598
47147|1299|6939|2852|212876
41051|58299|21320|5408|47065|61574
327727|174|35598|52091|206810|56766
16552|1299|4230|52654|266493|61625
4775|1273|174|1916|47065|61574
135895|137409|62000|212815|52053
28917|6939|6830|33915|58083
28917|6939|1299|20473|62707
328840|327727|174|13786|263047|271068
17660|6453|174|22381|267470|263047|264389
34854|1299|174|204548|215728
327727|174|1299|25091|8298|4601|4492
5405|6939|24796
34927|56655|1299|7195|28189|266931|269250|271150
12637|1299|6855|39904
32590|137409|6424|44592|49581|211507
20912|174|52468|262393
37271|33891|60068|211571
32590|1299|3356|28370|267556
4601|50869|52025|214451
139317|44324|32595|174|62005
35008|1299|20473|47065|61574
17639|1299|8551|44709
4601|50869|214757|215956
35600|6939|29222
6762|174|11432|271150
34019|62255|52091|206810
207841|6939|28917
28917|266493|61625
58299|62255|52091|206810|211101
28917|47065|61574
29222|6939|269688
58308|6939|1299|29774
196621|4601|4492
34854|1299|16276|203019
29222|6939|50533|205427
50877|5405|12859|47065|61574
20205|1299|60068|211571
5405|6939|30893|13214
28917|6939|1299|6855|13036
15605|6939|2852|199711
23673|9900|23764|3356|174|60068|216213|205884
199938|15943|174|52468|271150
6453|174|210|47065|61574
28917|6939|1299|60068|197103|268918
58057|174|13786|263047|267961
3130|174|13786|263047|267425
4601|50869|6939|29222|513|20940
50629|215551|30893|204789
49709|137409|62000|212815|52053
23764|137409|62000|212815|52053
35280|1299|6855|39904
7018|3356|23764|35168|212999
34854|1299|60068|211571
4764|174|22381|267470|263047
2734|13786|263047|52793
196621|6939|2852|61110
58299|62255|52091|206810|24881|24697
262427|174|35598|52091|206810|59815
28917|6939|1299|20473|137521
8280|174|1299|8551|44709
28917|6939|1299|20473|208505
3491|1299|198949|35676
50877|5405|1299|20473|201423
34927|60011|3356|1299|20473|399970
202365|50673|174|28189|266931|271615|273522|271150
29222|6939|553|34878
35280|3356|174|140227|44324|205369
328840|327727|174|35598|52091|206810
553|6939|2852|213152
23673|9900|23764|3356|1299|12859|47065|61574
264409|174|201814|209896
1280|1299|8551|20473|47065|61574
132847|7474|3257|174|1916|47065|61574
8426|6777|35598|52091|206810|56766
48070|6939|50989|50683
513|174|11432|271150|272738
40994|9002|12555|48430
12637|6939|28370|263535
3491|174|8551|20473|47065|61574
1267|1299|174|204548|215728
48070|6939|2852|213152
42541|1299|17676|216211|44324|205369
49434|9002|1299|3920|206777
3356|1299|32787|202161
58308|6939|1299|52468|23031
1299|6453|29208
4601|50869|199310|199073
28917|37468|53062|266493|61625
29222|6939|553|42873
35600|6939|28917|28775
12637|35598|52091|206810|202279|213203
8283|20764|52091|206810|211692|214268
51873|6830|1299|20473|201423
6453|174|21700|399914
32590|1299|1680|20473|47065|61574
139317|6939|1299|20473|399970
39801|5511|174|37468|61568|266460|61625
34927|1299|20473|201423
29680|174|201814|209896
57866|5511|174|20723|2852|202874
204092|6939|28917|204623
20253|1299|3356|28370|267608
58057|174|13786|263047|61826
3491|174|210|47065|61574
28917|6939|1299|23520|22933
35426|215596|62000|215551|30893|13214|35634
4601|50869|6939|30893|13214
23367|1299|34927|202827
12552|12859|47065|61574
210312|4601|50869|6939|50989|205966
41051|58299|266493|61625
59689|29075|1299|8551|44709
49028|1273|16019|59970
57866|1299|56630|209944
11845|37468|174|11432|271150
62167|174|21320|5408|47065|61574
6424|16735|273514
398465|174|3356|60011|34927|208690
49673|3216|33891|60068|211571
51873|6830|3356|60011|34927|208690
35600|6939|28370|270962
12956|1299|17676|216211|44324|205369
34854|1299|174|140227|44324|205369
3399|5511|174|140227|44324|205369
12859|1299|12389|39089|202279|206810|52091|41039|48595
23352|2914|174|21320|5408|47065|61574
8529|1299|12956|212721
328964|37468|3257|174|140227|44324|205369
58308|6939|6830|23520|6639
971|174|56630|209944
22652|1299|37468|270551|263047
215596|174|216211|211575
29075|174|1916|47065|61574
58057|34549|1299|33891|216067|44244
28917|6939|1299|23520|52233
20080|2914|1299|3920|206777
52025|1299|29695|206557|204503
24516|174|35598|52091|206810|56915
206356|50629|13335|5408
58308|6939|32097|54203
206356|50629|39089|202279|206810|52091|41039|48595
14907|1299|3356|28370|263535
139317|44324|32595|174|36236|6838
2027|62000|56584|202585|215842
7018|6939|28370|263535
12859|137409|48011|25184|49801|204533
8283|2914|13786|263047|268105
28917|6939|1299|9009
41666|20764|52091|206810|202279
20612|9044|1299|3356|60011|34927|208690
44324|32595|174|53667|211233
5405|6939|30893|205563
12969|33891|44592|49581|209693
35600|6939|28917|44056
48070|6939|28370|263060
58308|6939|1299|12189
28917|6939|1299|20473|198219
328206|37739|3491|174|8551|20473|47065|61574
58308|6939|6830|23520|30689
6424|6939|28917|21453|201646
42541|62255|52091|206810|12773|47809|59478
32590|37100|1299|6855|39904
50300|174|60068|205884
16552|6453|174|140227|44324|205369
58308|6939|6830|23520|11139
28917|6939|1299|20473|62184
327804|37271|3257|1299|198949|35676
28917|6939|1299|20712
398465|3320|1299|198949|35676
58308|6939|33891|29141
139317|44324|32595|174|992
328840|327727|174|13786|263047|262813
4637|1299|201814|209896
9044|1299|8551|44709
34019|6939|207995
264479|6762|1299|29695|206557|208835
6894|174|60068|216213|205884
57695|917|60068|174|140227|44324|205369
210312|4601|50869|34019|207910
139317|44324|32595|174|36741
213151|34549|174|1916|47065|61574
48070|30844|21351|60132
327983|37497|1299|201814|209896
5405|62255|52091|206810|57164
139317|44324|32595|174|400812
58308|6939|1299|61423
50673|174|7311|835|394273
37468|174|201814|209896
210312|4601|50869|13335|400095
28917|6939|1299|25899|40583
4777|2497|174|8551|20473|47065|61574
139317|44324|32595|174|206262
49788|1299|3356|16735|273514
58308|6939|29222
25152|2497|1299|20473|47065|61574
28917|6939|15372|203592
3257|6461|62000|212815|52053
139317|44324|32595|174|44143
58308|6939|6830|23520|272935|267845|272083
204092|6939|39790
42473|1299|174|60068|205884
37662|174|60068|211571
49028|1299|3356|16735|273514
44324|32595|174|61568|52901
3170|174|22381|267470|263047|264389
1299|174|20473|47065|61574
328840|327727|174|13786|263047|52793
1299|34927|202532
559|16276|203019
58308|6939|47160|205669
151326|174|3356|8119
47147|1299|3257|19318|209896
136557|174|11432|271150
6424|174|12389|39089|202279|206810|52091|41039|48595
210312|4601|50869|52025|214451
24516|174|12956|212721
44324|32595|174|13977|400848
58308|6939|1299|29066|199491
139317|44324|32595|174|57974
271253|6453|174|20723|2852|202874
39122|174|13786|263047|262578
58308|6939|51826
58308|6939|5405|202656
8426|6777|35598|52091|206810|59815|25299
3549|3356|1299|6855|50698
12779|3257|1299|3920|206777
3549|3356|1299|32787|202161
210937|6830|44530|41327|198434
28917|6939|1299|36352|40092
35600|6939|28917|48610|57712
398465|3320|3491|5408|47065|61574
29222|6939|12735|208594
41327|174|11432|271150
32590|12956|1299|198949|35676
51185|137409|62000|212815|52053
58308|6939|15576|60311
58308|6939|28370|264426
58308|6939|553|212522|20940
58308|20473|30893
28917|6204|25198|1299|21859|402186
12859|1828|12179|393398|3356|1299|23033|50131
328840|327727|174|6453|19318|209896
263152|264409|174|1299|8551|44709
48070|6939|50989
35280|6453|174|20723|2852|202874
28917|6939|1299|395403
58299|62255|52091|206810|202497
49432|48362|1299|1680|20473|47065|61574
559|35598|52091|206810
28634|4230|1299|35598|52091|206810
5413|1299|6453|1031|61568|266460|61625
6424|272713|263390
28917|6939|6830|23520|272935|267846|273861
139317|44324|32595|174|394542|398765
58308|6939|28917|6789|200702
35600|58453|30990|174|3356|36994|36908
174|35598|25308|28917|204076
327960|174|35598|52091|206810|197643
20205|174|60068|205884
6830|6939|30893
394256|174|60068|216213|205884
1299|3356|28370|263963
8283|6939|2852|197277
58057|1836|1299|8551|44709
6830|6939|2852|197277
50673|174|60068|211571
199524|1299|29695|206557|205190
513|174|12956|212721
139317|44324|32595|174|395723
44324|32595|174|41625
44324|32595|174|57492
37053|37100|1299|10490|2722|12148|47065|61574
34019|6939|28370|269016
559|3320|6855|39904|202605
3491|1299|6855|39904
42541|1299|6461|394737
139317|44324|32595|174|21859|62610
37100|1299|20473|47065|61574
35280|6453|1299|6855|50698
20514|1299|3356|28370|263060
210312|4601|50869|215828|214079
28917|6939|1299|59796|39010
44324|32595|174|398399
44324|32595|174|395461
44324|32595|174|202075
29222|6939|62000|208226
7018|6939|24796
207841|61049|174|216211|211575
47147|1299|16276|203019
58308|35598|52091|206810|196767
917|60068|174|11432|271150
8283|20473|47065|61574
199524|174|13786|28343|2716
210312|4601|50869|52025|201398
139317|44324|32595|174|35598|35196|206174
58308|6939|6830|5089
58308|6939|5405|49910
262427|174|35598|52091
2734|142111|152672|174|6461|7385
6082|174|14840|269288
4777|2497|174|5538|8194|29345
35369|1764|174|11432|271150|272738
31742|137409|62000|212815|52053
35600|6939|28917|50045
58308|6939|28370|28657
12350|1299|3356|28370|267608
36924|1299|17676|216211|44324|205369
132825|174|37468|61568|266460|61625
29691|8758|3303|174|52468|271150
37497|1299|20473|399970
32590|1299|10490|2722|12148|47065|61574
6830|3356|28283|268744|2716
59891|13030|1299|174|210329|215728
28917|6939|1299|60068|197103|329334
28917|6939|31263
139317|44324|32595|174|202521
50629|20764|52091|206810|24881|24697
6939|1299|6461|62000|212815|52053
23367|1299|17676|216211|211575
6453|174|16276|203019
29504|15935|33891|216067|44244
58299|206813|9136|1299|20473|206946
35008|1299|34927|202827
50629|35598|52091|206810
6830|6939|28917|39238|49392|9098
28917|6939|25400|49278
40934|137409|62000|212815|52053
35426|215596|174|13786|263047|267961
58308|6939|1299|50304
28917|6939|41720|213709
49432|48362|1299|60068|216213|205884
21232|13030|33891|216067|44244
28917|6939|1299|20473|202002
12779|62255|25308|28917|9049|51017
2497|6461|62000|212815|52053
28917|6939|1299|23520|5639
48070|6939|28917|6789|201069|207979
29222|6939|393682
21232|15576|35598|52091|206810|8274
216285|8280|6762|174|11432|271150|272738
29075|174|60068|205884
15576|35598|52091|206810
202365|50673|33891|216067|44244
12779|7195|11432|271150|272738
28917|6939|1299|6922|10399
32590|6453|174|60068|205884
44324|32595|174|46455|12056
56662|20473|2603|21320|5408|47065|61574
28917|6939|1299|52468|271785
28917|6939|1299|20473|35085
20205|1299|3920|206777
202365|50673|174|5538|8194|29345
553|1299|6939|393682
8426|3257|1299|3920|206777
917|60068|1299|3356|8119
28917|6939|1299|23520|263238|273196
28917|6939|1299|401026
49028|6830|34927|202827
28917|6939|1299|20473|142553
48070|1299|6453|19318|209896
8298|25091|2603|21320|5408|47065|61574
55222|1299|6855|39904
28917|6939|1299|8551|13335
6830|1299|201814|209896
15605|6939|2852|200874
12859|35598|52091|206810|12773|44710
59891|13030|1299|3920|206777
559|6663|3216|51032|41344|39707
48919|174|60068|197103|212080
38136|50131|36236|174|37468|61568|266460|61625
139317|44324|32595|174|61098
37105|37662|174|12389|39089|202279|206810|52091|41039|48595
28917|6939|1299|46261
34019|32787|202161
2497|1299|60068|216213|205884
4764|1299|6855|39904|199604
12637|1299|20473|201423
4764|1299|25091|8298|4601|4492
328840|327727|174|35598|52091|206810|56915
210312|4601|50869|34019
28917|6939|1299|50304
136557|137409|62000|212815|52053
17660|6453|174|204548|215728
34549|174|140227|44324|205369
20253|1299|174|13786|263047|271068
28917|20764|52091|206810|214721
397131|60011|3356|174|1916|47065|61574
1403|577|6830|60068|216213|205884
58308|6939|12637|202448
1299|9002|8772|215536
35280|1299|6855|50698
29222|6939|209097
8220|6453|2914|12859|47065|61574
64475|62255|52091|206810|56915
24482|52025|212895|210320
7018|1299|6855|39904
39122|1299|3257|19318|201813
41327|6939|2852|61110
2027|47160|6939|33924
8283|20764|52091|44660
29632|9002|1299|3920|206777
28917|6939|268944
6461|174|52468|262393
132825|174|35598|52091|206810|57164
3491|174|60068|216213|205884
210312|4601|50869|41051|213586
31742|1299|17676|216211|44324|205369
58308|6939|1299|32934
210937|6830|174|37468|61568|266460|61625
44324|32595|174|33544|22729
263237|174|12389|39089|202279|206810|52091|41039|48595
44324|32595|174|59895
559|6939|28370|263535
3356|1299|6855|39904
61568|6762|1299|8551|44709
44324|32595|174|212551
6830|6939|59689
1299|6057|28283|268744|2716
44324|32595|174|17267
7018|6939|2852|202874
28917|6939|1299|20473|153185|153190
34927|52025|174|28189|266931|271615|273522|271150
29222|6939|7018|62883
6730|6830|174|28189|266931|271615|273522|271150
16347|1299|6762|267470|263047
23367|1299|174|13786|263047
57821|12586|3257|174|140227|44324|205369
41666|20764|52091|206810|8274
136557|174|60068|211571
47147|3320|1299|56630|209944
210312|4601|50869|214757|199518
513|29222|6939|49418|216127
51088|8455|1299|6855|50698
7500|2497|174|37468|61568|266460|61625
58308|6939|1299|27947|52468
8298|8283|3491|209810|207187|207242
50300|174|140227|44324|205369
13237|1299|3356|16735|273514
41327|174|7545|20473|47065|61574
12350|1299|174|13786|263047
35600|6939|28917|12668|51883
6894|174|35598|52091|206810|211101
553|137409|48011|25184|49801|204533
21232|13030|1299|201814|209896
28917|6939|1299|20473|151202
45352|4657|33891|216067|44244
45352|1299|6855|39904|47767
28917|6939|1299|8151|19373|22894
215596|62000|6777|42541|205235|207727
559|6939|28917|6789|200702
44324|32595|174|28539
4181|1299|174|60068|205884
28917|8359|57304|15935|51968
38136|50131|174|8551|20473|47065|61574
20912|12637|1299|37468|60068|216213|205884
58057|34549|1299|198949|35676
206356|50629|33891|60068|211571
8220|1299|3257|20473|47065|61574
64475|1680|44709
20764|174|1299|20473|201423
20764|137409|62000|212815|52053
48185|1299|3223|34224|12735
266213|3356|1299|16276|203019
58308|6939|7018|30382
4901|11537|20965|5408|47065|61574
263152|264409|174|1299|20473|47065|61574
6908|174|204548|215728
917|60068|1299|6855|39904|202605
8455|1299|6453|1031|61568|266460|61625
271253|174|3257|21034
139317|44324|32595|174|55410
37271|3257|1299|12859|47065|61574
198249|7195|20473|47065|61574
55720|2914|174|204548|215728
7018|1299|12555|212247
60068|174|3257|19318|201813
15605|57463|14840|269288
28917|6939|202297|200299
151326|137409|62000|212815|52053
137409|174|210329|215728
199938|1299|37468|60068|216213|205884
28917|6939|25400|50270
6461|174|20473|47065|61574
31742|1299|3356|28370|267556
50629|6461|6057|28283|268744|2716
64475|20764|43298|48678|213865
34927|52025|32097|20473|399970
8220|1299|6461|210|47065|61574
8283|6939|28370|269016
28917|6939|1299|19332|265534
917|60068|174|20723|2852|202874
22652|174|22381|267470|263047|264389
49432|48362|1299|6762|49666|58224|214805
15605|6762|174|210|47065|61574
15605|35598|52091|206810|197960
41666|20764|52091|206810|59867
47160|6939|25192
6423|20055|1299|6855|39904|202605
9002|1299|198949|35676
4181|1299|3223|34224|12735
59689|29075|174|204548|215728
34177|1299|3356|28370|53079
34927|56655|1299|3356|22381|267470|263047|264389
49028|1299|6939|30893|13214
51185|33891|216067|44244
205112|50629|174|204548|215728
64475|6939|2852|204772
31742|174|20473|47065|61574
32590|12956|1299|201814|209896
52025|1299|6855|39904
58308|6939|7018|7743
136557|174|14840|269288
28917|6939|1299|30823|49418|210546
28917|6939|1299|60610|48686
34288|1299|20473|47065|61574
28917|6939|1299|7545
20205|1299|6461|62000|212815|52053
50629|3356|21320|5408|47065|61574
14315|174|7311|835|394273
48070|1828|13789|30372|3356|174|393216
39122|12859|47065|61574
28917|6939|1299|20473|201489
35426|215596|1299|7195|28343|2716
205206|1299|4230|2716
8283|6939|30893|13214
6830|3356|28370|263535
7713|1299|20473|399970
37053|37100|174|5538|8194|29345
151326|174|3356|28370|28657
20253|1299|37468|52468|271150
57381|50304|1299|198949|35676
13237|1299|6453|29208
52320|1299|2914|226|47065|61574
61568|174|204548|215728
8280|6762|174|22381|267470|263047|264389
3130|174|62000|212815|52053
10111|1299|20473|47065|61574
58308|6939|5405|212895
34177|3356|1299|12859|47065|61574
3701|3356|1299|20473|399970
6830|7195|28189|266931|271615|273522|271150
34019|6939|59970
22652|1299|7195|28343|2716
36924|1299|6461|394737
28917|20764|52091|206810|196638|42702
21700|3257|1299|20473|47065|61574
6453|9002|62000|212815|52053
6762|1299|8551|44709
8529|1299|8551|20473|47065|61574
34800|58057|50673|174|60068|205884
14630|137409|62000|212815|52053
3130|174|13786|263047|61826
35710|3320|1299|8551|20473|47065|61574
3170|57463|7713|1299|56308
398465|1299|3356|28370|269016
263152|174|1299|8551|44709
40994|174|11432|271150|272738
25369|1299|21351|60132
34927|52025|32097|4230|52654|266493|61625
42473|1299|174|210329|215728
15605|6939|28370|268521
58308|6939|1299|36352|27176|215120
20514|1299|9002|49434|212815|52053
12859|6939|29222|41495|206202
8283|13335|400095
139317|44324|32595|174|210801
29222|6939|7018|397248
58308|6939|7018|396169
37105|36994|1273|1299|20473|399970
207841|6939|2852|202874
35600|6939|28917|6789|203561
34927|1299|6762|16735|273514
139317|44324|32595|174|401555
215596|174|28189|266931|269250|271150
44324|32595|174|210|47065|61574
42473|1299|201814|209896
29222|6939|12735|212805
58308|6939|1299|20473
21700|174|22381|267470|263047
263237|174|6461|394737
58308|6939|6830|23520|52468|52242
398465|174|5538|8194|29345
199524|1299|37468|52468|271150
7922|2914|6424|44592|49581|209693
34854|1299|6461|62000|212815|52053
20055|174|13786|263047
8220|1299|3216|51032|41344|39707
6762|1299|6855|39904|47767
8359|1299|8551|44709
39122|1299|6939|60432
19653|2914|12859|47065|61574
28917|6939|62000|208226|205778
58299|29632|59682
139317|44324|32595|174|207136
398465|1299|3356|28370|28657
25152|2497|174|52468|271150
15605|41327|20473|47065|61574
24961|1299|174|20473|47065|61574
7660|2516|1299|1680|20473|47065|61574
3130|174|3257|21034
204092|6939|2852|197451
34872|24961|1299|8551|44709
50877|5405|56630|209944
28917|6939|1299|60068|197103|272768
1273|174|13786|263047|269680
3170|6939|2852|202874
398465|174|399697|39967|399697
28917|6939|1299|20473|203873
1299|6939|30893
23367|1299|10490|2722|12148|47065|61574
29222|6939|29208|199350
20205|1299|20473|201423
3170|16276|203019
7474|3257|174|399697|39967|399697
206356|50629|174|60068|216213|205884
57381|50304|1299|3356|28370|268198
42708|33891|216067|44244
58308|35598|52091|206810|35273
40994|6939|30893|200690
21232|33891|44592|49581|209693
559|35598|52091|206810|208435
8220|6453|1299|1680|20473|47065|61574
50304|1299|3356|28370|263535
64475|28283|268744|2716
28917|6939|1299|20473|137264
58308|6939|2852|198500
25152|2497|1299|3920|206777
139317|44324|32595|174|57974|401452
3130|174|13786|263047|52793
28917|6939|6830|23520|262191|273849
44324|32595|174|17072|272286
139317|44324|32595|174|57225
58308|6939|1299|45147|63859
60068|174|138997|216211|44324|205369
58308|6939|1299|37680|328596
28917|6939|1299|23520|11139|399915
50629|6939|28370|264426
1280|1299|34927|202827
28917|6939|1299|23520|262202|52392
1103|6830|3356|16735|52794|52659
58308|6939|47160|203062
398465|174|56630|209944
58308|6939|1299|21777
7500|2516|1299|12956|212721
263237|174|30844|21351|60132
28917|6939|1299|3249|206714
196621|32787|202161
29504|15935|33891|44592|49581|209693
64475|7195|28343|2716
44324|32595|174|20473|42962|136796
44324|32595|174|8452|24835
52873|12956|174|210|47065|61574
29222|43531|1200
58308|6939|1299|20473|200959
20514|1299|174|22381|267470|263047|264389
140627|2914|1299|20473|47065|61574
2914|30058|53808|44324|215172|214955
8455|1299|17676|216211|44324|205369
6730|6830|174|13786|263047|268105
58308|6939|12637|60087
61218|29632|9002|21320|5408|47065|61574
5713|174|216211|211575
57695|917|60068|1299|6424|44592|49581|209693
4766|8455|8283|47065|61574
207841|6939|28917|20985
58308|59689|29075|174|3257|21034
136557|174|37468|61568|266460|61625
1828|6424|44592|49581|211507
4601|37271|20473|47065|61574
37239|37468|1299|6855|39904|47767
328206|37739|3491|174|10490|2722|12148|47065|61574
139317|44324|32595|174|18640
50304|1299|2914|226|47065|61574
4601|6939|28917|21453|199933
34927|28917|215730|209693
139317|44324|32595|174|6424|47787|203020
34927|52025|1299|21351|60132
3399|5511|174|20473|47065|61574
1280|1299|12389|39089|202279|206810|52091|41039|48595
35426|39801|5511|174|37468|61568|266460|61625
28917|6939|1299|23520|10269|264640
140627|1299|201814|209896
8218|21320|5408|47065|61574
34927|52025|174|52468|271150
136557|174|35598|52091|206810|208435
49544|1299|6461|394737
47692|3356|174|20473|47065|61574
174|216211|211575
35280|6453|174|5538|8194|29345
20514|1299|29049|49666|205647|49801|204533
28917|6939|1299|20473|400503
58308|6939|1299|5518|34001
34927|1299|6461|394737
917|25369|174|210|47065|61574
58308|6939|1299|393417
2734|58453|30990|174|37100|327708|36926|32860
196621|6939|2852|199711
139317|44324|32595|174|1097
28917|6939|1299|17072
58308|6939|1299|25400|49082
59919|12779|33891|216067|44244
46450|1299|12956|212721
4601|50869|215828|215375
6830|174|13786|263047|269488
328840|327727|174|35598|52091|206810|8274
4601|50869|215828|51202|215828
199524|1299|6424|44592|49581|211507
15935|174|35598|52091|206810
59105|2518|2516|174|60068|205884
2734|3257|174|8551|20473|47065|61574
12779|62255|52091|206810|35273
20932|1299|37468|270551|263047
271253|6453|174|13786|263047|269488
327727|174|1299|6855|39904
64475|62255|52091|206810|8274
37239|37468|174|201814|209896
28917|6939|1299|7029
7018|3356|28370|269016
12859|6939|24796
328512|5713|174|20473|47065|61574
35426|215596|1299|7195|20473|47065|61574
513|29222|6939|61618|267443
553|1299|13335|400095
22652|63018|174|210329|215728
34019|8218|21320|5408|47065|61574
7594|174|35598|52091|206810|34786
41051|58299|61568|266460|61625
58308|6939|6830|23520|272012
12779|6939|33924
6424|174|5538|8194|29345
46450|1299|201814|209896
34177|33891|60068|211571
14907|3356|21320|5408|47065|61574
19653|3356|21320|5408|47065|61574
50629|6939|2852|210367
174|3356|8119
34927|137409|62000|212815|52053
25160|1299|6855|39904|205968
38880|6762|174|210|47065|61574
8280|6762|174|37468|61568|266460|61625
47311|150249|212001
51519|39351|174|1916|47065|61574
15605|35598|52091|206810|56915
262427|174|35598|52091|206810
1299|5511|49666|58224|214805
21412|1299|17676|216211|44324|205369
12859|1299|198949|35676
205206|1299|29695|206557|208835
12956|174|20473|47065|61574
48070|6939|28917|44812
6830|6453|4755|7768
8426|3257|174|13786|263047|269488
39351|174|13786|263047|267425
44324|32595|174|44143
28917|6939|1299|29551
41666|16276|203019
28917|6939|1299|207023
20253|1299|6453|19318|201813
44324|32595|174|53667|199343
37468|3257|174|140227|44324|205369
58308|6939|1299|3249
37100|1299|201814|209896
12637|35598|52091|206810|196767
44324|32595|174|397735
20932|1299|3257|204548|215728
35369|5405|12389|39089|202279|206810|52091|41039|48595
58308|6939|8194|206600
58308|13335|400095
513|174|60068|205884
8426|3257|1299|12859|47065|61574
44324|32595|174|61506
57866|1299|6855|39904|199604
36924|1299|56630|209944
24516|174|3257|25091|8298|4601|4492
199524|174|35598|52091|206810|196638
40387|1299|7195|28189|266931|269250|271150
58308|35598|52091|206810|196638
20253|1299|3356|28370|269016
40994|6939|24796
28917|6939|7018|154126
44324|32595|174|32505|62917
37721|174|8551|20473|47065|61574
14907|1299|3356|28370|268521
20253|1299|7195|28343|2716
51519|39351|1299|6855|39904|47767
49544|1299|6855|39904
58308|6939|49418
28917|6939|1299|23520|270111
174|138997|216211|44324|205369
553|6939|28917|6789
6424|6939|28917|35539
29222|6939|56595|209082
29691|1299|7545|20473|47065|61574
4601|50869|41051|212164
3170|6939|15372
28917|6939|1299|20473|394335
12956|1299|60068|197103|212080
58308|6939|61618|267216
2027|2603|21320|5408|47065|61574
44324|32595|174|142111
328206|37739|3491|1299|20473|399970
37239|37468|174|399697|39967|399697
41722|12389|1299|3920|206777
4601|50869|52025|135120
20253|1299|6461|394737
50673|174|3257|20473|47065|61574
49028|25091|8298|4601|4492
8283|6762|16735|266931|269250|271150
48070|6939|28917|21453|41783
58308|6939|6830|23520|272935|271808
9044|174|1916|47065|61574
139317|44324|32595|174|329109|328297
6423|20055|1299|8551|44709
28917|6939|1299|20473|211224
22652|1299|3356|28370|264426
58308|20764|29049|49666|205647|49801|204533
44324|32595|174|40069
28917|6939|1299|13536|19704
58308|6939|1299|27947|264836
28917|6939|1299|32097|33387
3399|5511|1299|3920|206777
15605|35598|52091|206810|59815|25299
513|174|7195|20473|47065|61574
4181|1299|35598|52091|206810
198385|174|3491|20473|399970
50673|174|28283|268744|2716
35426|33891|60068|211571
6730|6830|9002|12555|200624
6894|174|35598|25308|28917|9049|51017
50629|20764|52091|206810|211692|214268
13786|174|12389|39089|202279|206810|52091|41039|48595
30781|1299|6855|39904|199604
262427|174|35598|52091|206810|34786
16552|1299|3491|216211|211575
42473|1299|35598|52091|206810
15935|174|35598|52091|206810|48595
23764|8455|8283|47065|61574
12586|3257|3356|21320|5408|47065|61574
327727|174|21320|5408|50148
13030|1299|6453|29208
327727|174|17378|8119
6720|1764|174|60068|216213|205884
17639|174|37468|61568|266460|61625
6461|174|34927|202827
6453|174|21320|5408|47065|61574
3170|9304|136237|174|137995
16347|1299|198949|35676
35008|1299|33891|216067|44244
132825|174|35598|52091
6424|6939|2852|202874
6730|6830|3356|60011|34927|208690
58308|6939|1299|201706|47723
2027|47160|6939|24796|63293
327960|174|35598|52091|206810|214721
58308|6939|1299|15704
12859|35598|25308|28917|9049|51017
207841|6939|30893|13214|35634
58308|6939|1299|3301|8464
29222|6939|15935|197451
25160|137409|62000|212815|52053
58308|6939|8943
28917|6939|1299|262206|18809
58308|6939|29670|207510
48070|57463|14840|2716
64475|6939|54429|401894
5511|174|1916|47065|61574
28917|6939|1299|20473|205008
12859|35598|52091|206810|12773|211692|196629
59689|30781|1299|10490|2722|12148|47065|61574
58308|6939|50629|207252|215147|213413
6730|6830|13335|5408
58308|6939|50629|207252|205563
207841|52025|212895|210320
6762|174|5538|8194|29345
50673|174|28189|266931|269250|271150
34927|60011|3356|174|140227|44324|205369
210312|4601|50869|207907
22355|5511|174|8551|20473|47065|61574
58308|6939|1299|52025|212895|54891
14537|8455|8283|47065|61574
28917|6939|6830|23520|262191|273926
553|6939|28370|28657
36924|1299|60068|197103|212080
6830|12956|212721
50131|36236|2914|6424|44592|49581|211507
513|174|60068|197103|212080
16552|1299|20473|201423
8280|6762|174|201814|209896
48070|1299|3356|28370|267556
28917|6939|1299|20473|45275
23673|6939|1299|20473|399970
41722|20485|174|52468|262393
139317|44324|32595|174|12337
5405|61568|266460|61625
28634|4230|1299|6855|39904
577|6830|34927|202827
15562|2914|3257|28917|215730|209693
20205|1299|3491|20473|47065|61574
5413|1299|6855|39904|199604
37239|37468|6461|62000|212815|52053
24961|6830|60068|216213|205884
34019|6461|23352|20473|47065|61574
3130|174|37468|61568|266460|61625
51519|39351|174|3257|19318|201813
58308|6939|1299|8151|20940
196621|15576|174|52468|271150
3130|174|3257|9498|20473|47065|61574
199938|1299|174|60068|205884
58308|6939|1299|199544
39392|33891|7195|20473|47065|61574
6696|5511|174|37468|61568|266460|61625
12637|6939|29222
262427|174|16276|203019
132825|174|35598|25308|28917|204076
34854|1299|3223|41327
196621|6939|28917|44812
6453|174|13786|263047|271068
12779|137409|48011|25184|49801|204533
29075|174|210329|215728
15605|6939|50989|205966
6777|35598|52091|206810|48687
3257|174|399697|39967|399697
4601|50869|6939|29222|41495
4601|50869|41051|215153
50629|8298|4601|4492
196621|6939|28917|198297|51081
20055|1299|29695|206557|208835
204092|34019|47160|62000|6777|20326
32590|174|52468|262393
58057|174|21700|399914
57695|917|60068|1299|12859|47065|61574
50629|6461|210|47065|61574
8220|1299|56504|47674
49432|48362|1299|20473|47065|61574
139317|44324|32595|174|203623
50877|5405|20764|43298|48678|210574
24961|21320|5408|47065|61574
28917|6939|1299|60068|201207|212238
51088|2914|174|20473|47065|61574
28624|3356|21320|5408|47065|61574
28917|6939|7018|32119
29222|6939|7018|15084
21700|174|35598|52091|206810|35273
37468|33891|44592|49581|209693
23367|1299|7195|28260|270548|52794|52659
20253|1299|34927|202827
1299|3356|13786|263047|268105
48185|33891|60068|211571
22355|30844|21320|5408|47065|61574
29222|6939|29208|49262
44324|32595|174|198507
64475|6461|394737
17660|2914|174|5538|8194|29345
39122|1299|6461|394737
28917|6939|1299|36352|60117
35600|6939|30893|13214|35634
34019|47160|174|210329|215728
58057|50673|12859|47065|61574
58308|6939|1299|40061|31529
28917|6939|1299|25400|49082
8758|9002|1299|198949|35676
7018|174|52468|262393
2381|137409|62000|212815|52053
44324|32595|174|397601
21700|174|35598|52091|206810|39558
199524|37100|1299|3920|206777
1299|174|216211|211575
8455|1299|20473|399970
24516|174|20723|2852|202874
3741|174|210329|215728
21700|174|35598|52091|206810|34786
3170|2603|21320|5408|47065|61574
5413|1299|60068|197103|212080
3399|5511|174|1916|47065|61574
202032|58115|21263|202526
28917|6939|47160
58308|6939|9136|206236|207921
20253|1299|4637|20473|47065|61574
58308|6939|1299|214002
49788|1299|3356|28370|263060
327960|174|35598|52091|206810|48687
35426|215596|1299|7545|20473|47065|61574
9002|3257|33891|216067|44244
327960|174|35598|52091|206810|5598
9900|23764|3356|1299|12859|47065|61574
28917|6939|1299|44654
559|6939|28370|268521
34927|56655|1299|3920|206777
8220|3491|174|28189|266931|271615|273522|271150
29075|1299|17676|216211|44324|205369
1140|24785|6830|3491|20473|47065|61574
32590|6461|62000|212815|52053
174|35598|52091|206810|56915
44324|32595|174|20135
28917|6939|1299|136106|45305|141607
139317|44324|32595|174|14148
8283|2603|21320|5408|50148
60011|3356|1299|6855|39904|47767
37239|37468|174|6453|4755|7768
196621|6939|50989|50683
6730|6830|174|28283|268744|2716
58308|6939|205614
28917|6939|1299|200478
1764|1299|174|37468|61568|266460|61625
8283|20764|52091|206810|12773|44710
271253|1299|6855|39904
20932|1299|7545|20473|47065|61574
50673|174|13786|263047|269488
35600|30781|1299|6855|39904|199604
917|60068|33891|29632|59682
4601|50869|41051|198209
58308|6939|1299|8796
1836|1299|6855|39904|47767
1031|999|6453|174|21320|5408|47065|61574
204092|6939|2852|61110
57777|9002|8772|396416
16347|1299|6855|39904|47767
23367|1299|6855|39904
28917|6939|1299|20521
18106|174|12389|39089|202279|206810|52091|41039|48595
3130|174|1299|6939|24796
20205|174|204548|215728
51519|39351|174|3356|28370|28657
12956|1299|201814|209896
28917|6939|1299|17072|272336
28917|6939|1299|20473|207615
28917|6939|47787|203020
328840|327727|174|20723|2852|202874
15605|41327|21700|399914
58308|6939|28917|47438
8283|6939|28917
41666|20764|52091|44660
151326|174|35598|52091|206810
28917|6939|1299|20473|137908
28917|6939|1299|3223|202673
34927|56655|1299|174|210|47065|61574
34854|1299|10490|2722|12148|47065|61574
29222|6939|262485
19151|174|3356|8119
28917|6939|1299|21859|149042
63927|6424|44592|49581|211507
58308|6939|41720|47152|208753
29680|3257|1299|12859|47065|61574
28917|6939|1299|33089
513|29222|39801|199881
204092|13335|5408
1280|1299|174|37468|61568|266460|61625
5511|174|37468|61568|266460|61625
210312|4601|7195|20473|47065|61574
199938|1299|6461|394737
44324|32595|174|212175|59437
58057|34549|174|22381|267470|263047|264389
50629|6461|137409|206216|215172|214955
50629|6939|2852|213152
29222|6939|29670|208135
12637|174|21320|5408|47065|61574
271253|174|35598|52091|206810|211101
202032|58115|21263|216282
58308|6939|1299|37468|270553
41327|6939|30893|205563
58308|6939|1299|44176
15562|2914|174|20723|2852|202874
44324|32595|174|62005
34927|1299|37468|53062|266493|61625
971|174|37468|61568|266460|61625
5413|1299|8551|20473|47065|61574
41327|50263|201814|209896
44324|32595|174|21277|39216
513|29222|6939|269688
32590|1299|33891|216067|44244
35369|1764|1299|174|37468|61568|266460|61625
6424|6762|1299|3920|206777
8283|20764|52091|206810|196638
2497|2603|21320|5408|47065|61574
199938|1299|6855|39904|47767
49028|1299|6939|30893|200690
58308|6939|9136|3573
61049|174|140227|44324|205369
35600|6939|30893|13214
3356|174|32595|44324
28917|6939|15935
51184|1764|1299|198949|35676
58308|6939|1299|3301|29217
58308|6939|1299|265780|273827
11039|6461|1299|60068|211571
1299|6855|50698
15623|174|210|47065|61574
139317|44324|32595|174|32440|40189
132825|174|399697|39967|399697
205206|1299|3356|28370
20205|1299|3257|20473|47065|61574
199524|1299|7195|20473|47065|61574
34854|1299|3356|28370|267556
6830|44530|41327|198434
5405|62255|52091|206810|214721
263237|174|6762|49666|58224|214805
6424|6939|28917|34784
34019|47160|174|140227|44324|205369
28917|6939|7018|399756
205206|33891|13786|263047|267961
553|6939|28917|6789|200702
28917|6939|1299|20473|53966
35426|215596|1299|17676|216211|44324|205369
34019|6830|60068|211571
22652|1299|3356|28370
262427|174|6453|29208
7594|174|35598|52091|206810|196638
41327|6939|28370|269016
1299|7545|20473|47065|61574
11845|30844|174|140227|44324|205369
202365|28917|215730|209693
6830|3356|28370|28657
48185|1299|6461|210|47065|61574
207841|6939|196610
23367|1299|174|210|47065|61574
12859|1299|3356|28370|269016
58308|6939|1299|3249|31605
17350|6453|1299|60068|216213|205884
999|6453|174|140227|44324|205369
7922|1299|20473|47065|61574
58057|174|12389|39089|202279|206810|52091|41039|48595
58308|6939|1299|59437
58308|6939|1299|55410|38266
15605|35598|52091|206810|196638|42702
40387|1299|60068|211571
262427|174|35598|52091|206810|214210
3130|174|3356|8772|215536
4181|1299|3223|41327
57866|6830|174|32595|44324
21412|1299|6453|19318|209896
12637|13335|400095
28917|6939|1299|4213
58308|6939|1299|51569
2027|62000|56584|202673
57111|41327|13786|263047|262813
57111|41327|19318|209896
12859|35598|52091|206810|48687
58308|35598|52091|206810|8274
6453|174|1916|47065|61574
29222|6939|7018|22729
8283|3320|6855|39904|202605
29222|6939|7794|396917
394256|174|60068|205884
39392|174|60068|216213|205884
199524|6762|1299|20473|399970
20764|174|20473|47065|61574
2027|47160|174|52468|262393
44324|32595|174|53667|214660
58057|174|2914|20473|47065|61574
28917|6939|1299|6424|396931
266213|3356|1299|6855|39904
40994|6939|28917|48084
29680|174|11432|271150
41722|12389|174|60068|216213|205884
3130|174|140227|44324|215172|214955
41722|12389|174|52468|271150
58308|6939|41073
1299|20473|47065|61574
35710|3320|1299|7195|20473|47065|61574
34927|56655|1299|37468|60068|216213|205884
41095|6830|34927|202827
28917|6939|7018|395742
28917|6939|1299|23520|262202|3573
51519|39351|1299|3920|206777
266213|3356|2914|12859|47065|61574
5511|174|8551|20473|47065|61574
58308|6939|1299|16733
5413|1299|12859|47065|61574
50628|1299|60068|216213|205884
57866|1299|6855|39904|47767
8283|20764|52091|206810|12773|57005
59891|13030|1299|174|204548|215728
39351|1299|3257|204548|215728
29504|15935|174|204548|215728
28917|6939|1299|3249|200425
29222|6939|268047
59891|13030|1299|6453|19318|209896
3216|1299|201814|209896
28917|6939|2852
21700|174|35598|52091|206810|24881
6424|8772|396416
58299|215172|214955
58511|8455|8283|47065|61574
62000|215551|30893
34288|1299|8551|20473|47065|61574
41666|31133|12389|28917|8905|42132
28917|6939|1299|3223|58744
2914|1299|6855|50698
15605|35598|52091|44660
62167|174|8551|20473|47065|61574
6057|174|60068|211571
29222|6939|7018|399571
50628|6453|174|11432|271150
6730|6830|9002|12555|210259
29075|1299|3356|28370|263535
148968|137409|62000|212815|52053
6830|6939|28917|44056|57629
29222|6939|208453
398465|174|11432|271150
140627|2914|174|11432|271150|272738
210312|4601|50869|52025|212895|203766
210312|4601|50869|214420
139317|44324|32595|174|26388
28917|6939|7018|1999
2516|137409|62000|212815|52053
31742|174|21320|5408|50148
60011|3356|174|60068|205884
5405|6939|42695
23352|2914|1299|1680|20473|47065|61574
6830|6939|16652
7018|3356|14840|269288
6423|20055|174|13786|263047|264972
917|60068|174|1299|20473|47065|61574
917|25369|174|399697|39967|399697
58308|6939|1299|3301|204847
62000|6777|42541|207727
204092|6939|28917|12739
1280|2914|174|20473|47065|61574
3491|1299|6855|39904|47767
8283|2914|20473|399970
204092|33891|216067|44244
58308|6939|1299|13335
6453|1299|20473|399970
28917|6939|1299|36352|16628
28917|6939|7018|4473
34927|1299|3356|16735|2716
58057|1836|33891|60068|211571
7018|6939|30893|204789
34927|1299|20473|399970
52075|6762|174|20723|2852|202874
34288|174|399697|39967|399697
48070|1299|60068|197103|212080
58308|6939|28917|47914
15605|20764|43298|48678|210574
48185|21320|5408|47065|61574
3701|174|11432|271150|272738
2734|25091|8298|4601|4492
29222|6939|25400|12929
205206|1299|174|210329|215728
6424|6939|28917|48610|57712
37239|37468|33891|216067|44244
12779|1680|44709
4601|6939|28917|21453|41783
136557|174|216211|211575
28917|6939|268047
55222|174|37468|270551|263047
50629|174|140227|44324|205369
132825|174|3257|25091|8298|4601|4492
917|60068|174|20473|47065|61574
34177|1299|3356|28370|263535
15605|32787|202161
21412|1299|6453|19318|201813
210937|1299|6461|394737
48919|174|7545|20473|47065|61574
852|174|5538|8194|29345
4601|50869|59645|211286
47147|1299|6939|28370|267556
513|29222|6939|61618|269288
9044|174|11432|271150|272738
136557|174|35598|52091|48158
21700|174|35598|52091|206810|208435
58308|6939|7018|15130
58308|6939|28370|263535
20764|174|3257|204548|215728
139317|44324|32595|174|44788
37662|174|22381|267470|263047|264389
44324|32595|174|13462
7018|6762|49666|58224|214805
28917|6939|1299|9146
58057|50673|174|3356|28370|28657
1140|24785|6830|174|13786|263047|269680
17660|2914|1299|6855|39904
28917|6939|1299|20473|199111
999|6453|1299|201814|209896
3320|1299|25091|8298|4601|4492
4601|50869|52025|212895|215459
4601|50869|6939|2852|199711
48070|6939|28917|39134|39561|197695
56911|1299|6855|39904|202605
328840|327727|174|12956|212721
210312|4601|50869|204464|212467
28917|6939|1299|199524|62553|205941
38136|50131|36236|174|52468|271150
2516|1299|3920|206777
199524|5511|174|37468|61568|266460|61625
15605|20473|47065|61574
28917|6939|1299|52468|269955
210312|4601|50869|6939|28370|268521
31742|1299|7545|20473|47065|61574
15576|3356|1299|20473|47065|61574
40994|13335|400095
5405|6939|2852|197451
210312|4601|50869|41051|201732
7018|6461|210|47065|61574
20764|174|3491|20473|47065|61574
40994|6939|28917|12668|197404
6730|6830|3356|28370|263060
55222|1299|3223|34224|12735
28917|6939|1299|23520|263703|273208
13830|971|174|35598|52091|206810|214721
20205|174|3356|268624|28370|28657
2734|3257|1299|3920|206777
31510|174|52468|271150
58308|6939|56595|206324|21433
58308|6939|1299|2518|2515|131971
553|1299|3356|60011|34927|208690
6894|3257|1299|198949|35676
31122|6453|1299|20473|399970
139317|44324|32595|174|33811
2734|2914|12859|47065|61574
28917|6939|7794
6696|1299|174|60068|205884
3170|37468|60068|216213|205884
57381|50304|1299|3356|8772|215536
48362|1299|60068|211571
58057|1836|174|210329|215728
58057|174|35598|52091|206810|56766
28917|6939|3170|59410
4601|50869|215172|203309
29680|174|13786|263047|268105
209650|34927|174|210|47065|61574
58308|59689|30781|1299|6855|39904|199604
210312|4601|6939|28917|50045
559|6939|207995
7594|174|1916|47065|61574
1403|577|174|1916|47065|61574
4601|50869|215248
34927|56655|1299|12956|212721
199524|1299|6762|16735|273514
45049|6696|1299|6461|394737
7018|6939|196610
42541|1680|20473|47065|61574
16552|37100|1299|3920|206777
44324|32595|174|11172|265625
28917|6939|1299|23520|267853
39392|33891|21320|5408|47065|61574
61049|174|22381|267470|263047|264389
64475|6939|207995
210312|4601|7195|11432|271150|272738
2152|3356|1299|201814|209896
29222|6939|553|204680|214840
263237|174|6453|29208
58308|59689|29075|174|216211|211575
328840|327727|174|46427|64289|44592|49581|209693
210937|1299|3356|28370|268198
8220|1299|6453|4755|7768
28917|6939|1299|20473|142130
64475|62255|52091|206810|202279
199524|1299|3356|16735|273514
4601|50869|214757|199518
8283|20764|29049|49666|205647|49801|204533
25160|1299|6939|24796
57381|50304|1299|174|1916|47065|61574
42541|62255|52091|206810|5598
210312|4601|50869|41051|203852
37697|3491|174|28189|266931|269250|271150
28917|6939|1299|48237|35819|42943
6424|174|35598|52091|206810|214721|204108
58308|6939|1299|39029
40994|6939|28370|263535
1140|24785|6830|3356|28370|263060
60068|174|6453|4755|7768
42541|62255|52091|206810|39558
59890|174|21700|399914
199938|1299|37468|270551|263047
199524|174|6461|394737
327727|174|60068|211571
32653|3741|174|22381|267470|263047|264389
28917|6939|1299|23520|267823
52873|12956|174|140227|44324|205369
3701|11164|6461|8899|60294|33891|50673|43414|43995
263237|174|60068|216213|205884
39351|174|12956|212721
6424|174|35598|52091|206810|39558
4826|3257|174|399697|39967|399697
58308|6939|1299|37662|329246
205206|1299|3356|28370|269016
57695|917|60068|1299|6939|28370|263060
559|35598|52091|206810|12773|44710
41327|6939|2852|204772
29222|6939|49418
13830|971|174|35598|52091|206810|34786
44324|32595|174|206312
41327|13786|263047
205206|1299|174|60068|216213|205884
58308|6939|1299|8375
38136|50131|174|1916|47065|61574
6424|6939|42695|52011
51873|6830|174|210|47065|61574
23367|1299|174|20473|47065|61574
49544|2914|3356|21320|5408|47065|61574
6667|1299|10490|2722|12148|47065|61574
36924|1299|20473|47065|61574
28917|6939|7018|397568
58308|35598|52091|206810|210063
5511|1299|3920|206777
12350|1299|6453|4755|7768
8283|6939|42695|43101
137409|33891|60068|211571
25152|2914|1299|8551|44709
58308|6939|1299|198218
58308|6939|3170|215453
397131|60011|3356|1299|8551|44709
132825|174|28283|268744|2716
58308|6939|6830|23520|46650|20940
328840|327727|174|32787|202161
15605|41327|201376|199881
28917|6939|7018|32673
58308|6939|1299|203846
24516|174|6762|49666|58224|214805
35600|6939|30893
6424|1299|1680|20473|47065|61574
47147|1299|174|37468|61568|266460|61625
28917|6939|1299|52468|271948
28917|6939|8194|206600
15547|174|3356|268624|28370|28657
204092|34019|21351|60132
1299|3257|19318|201813
28917|6939|1299|36352
35008|1299|21351|60132
8529|1299|174|21700|399914
139317|44324|32595|174|400702
6423|20055|174|34927|202827
34927|1299|6855|39904|47767
28917|6939|60432
198385|174|60068|216213|205884
23764|3356|21320|5408|47065|61574
209650|34927|1299|3223|41327
24516|174|30844|21351|60132
14907|1299|6453|29208
206356|50629|20473|47065|61574
1140|24785|6830|3356|28370|263535
12779|62255|52091
58308|6939|1299|56655|212085
37105|37662|33891|216067|44244
209650|34927|1299|3356|28370|267608
50628|1299|6762|49666|58224|214805
14315|174|8551|20473|47065|61574
25220|6424|44592|49581|211507
22652|1299|10490|2722|12148|47065|61574
14907|1299|174|20473|47065|61574
49544|2914|174|11432|271150
64475|6939|29222|207688
139317|44324|32595|174|205583
6424|174|20473|47065|61574
13030|1299|6762|49666|58224|214805
57111|174|1299|12859|47065|61574
151326|174|6762|49666|58224|214805
34019|6939|200070
19151|174|1299|6855|39904
28917|6939|7018|2685
23367|1299|5511|49666|58224|214805
136557|174|6453|29208
58308|6939|1299|37680|328365
58308|6939|1299|58453|9808|2010
34019|6939|2852|197451
204092|6939|28370|52593
31510|174|138997|216211|44324|205369
148968|7474|3257|174|210|47065|61574
174|1299|25091|8298|4601|4492
5405|62255|52091|206810|211692|214268|196977
207841|6939|54429|401894
50877|5405|6939|58308
4601|50869|34019|201080
44324|32595|174|8452|24835|36935
513|174|1299|20473|201423
60068|1299|3356|8119
58308|6939|2852|48091
553|1299|56630|209944
42473|1299|12389|39089|202279|206810|52091|41039|48595
8529|1299|198949|35676
263152|174|2914|20473|399970
34800|58057|50673|174|28283|268744|2716
210312|4601|50869|41051|209527
4230|1299|201814|209896
286|3257|28917|215730|209693
32590|174|210|47065|61574
58299|62255|52091|206810|12773|44710
13030|1299|4230|2716
12637|35598|52091|206810|35273
3356|174|201814|209896
6830|6939|54429|401894
30600|1299|198949|35676
16347|1299|20473|399970
7594|174|56630|209944
58308|6939|6830|23520|27694
6453|1299|29695|206557|204503
31742|1299|20473|201423
559|4601|4492
42541|62255|52091|206810|12773|211692|196629
29222|6939|61618|268797
20932|33891|216067|44244
4764|137409|62000|212815|52025|212895|210320
29222|6939|25400|25225
44324|32595|174|54413
28917|6939|30893|200690
199524|174|28189|266931|271615|273522|271150
55720|3491|174|14840|269288
21232|13030|1299|6453|1031|61568|266460|61625
198385|174|6453|4755|7768
20912|12637|8298|4601|4492
917|25369|6424|44592|49581|211507
12859|1299|37468|52468|271150
34927|1299|6453|60068|216213|205884
58308|6939|42695|52011
58308|6939|50533|205427
51184|1764|174|210329|215728
28917|6939|1299|20473|208679
29222|6939|42184|215756
6894|174|13786|263047|269680
58308|16276|203019
207841|6939|33924
58308|6939|7018|4473|13979|8076
199524|174|60068|197103|212080
202365|50673|174|1299|3920|206777
47692|3356|174|21700|399914
35426|215596|62000|6777|5405|213642|329263
28917|6939|1299|23520|28545
210312|4601|50869|41051|215980
50877|6762|3356|21320|5408|47065|61574
139317|44324|32595|174|398843|401431
971|174|20723|2852|202874
28917|6939|1299|20115|400985
971|174|1299|6855|50698
139317|44324|32595|174|400164
209823|25091|8283|47065|61574
210312|4601|50869|6939|30893|200690
12637|6939|2852|210498
6762|174|22381|267470|263047|264389
12637|1299|7545|20473|47065|61574
57381|50304|1299|174|140227|44324|205369
58308|6939|6830|23520|52286
263237|174|204548|215728
6424|28343|2716
21412|6424|44592|49581|211507
29222|6939|39791|49101|51449
28917|6939|48678|44547
34927|52025|174|13786|263047
53828|2914|12859|47065|61574
35600|6939|28370|269016
51519|39351|174|22381|267470|263047|264389
58057|174|35598|52091|206810|24881|24697
15623|1299|60068|197103|212080
139317|44324|32595|174|22908
6453|1299|20473|201423
8283|2914|13786|263047|61826|52766
35600|58453|30990|174|37100|327708|37440|32860
6720|1764|1299|3920|206777
8660|1267|1299|174|204548|215728
37468|174|6453|4755|7768
34288|1299|6855|39904|202605
215596|1299|1680|20473|47065|61574
210312|4601|50869|215561
34800|58057|50673|174|3356|28370|268521
29680|174|28189|266931|269250|271150
28917|6939|1299|20473|214514
207841|6939|42695
28917|6939|1299|6400|262247
7018|3356|21320|5408|50148
39351|1299|37468|270551|263047
34800|58057|50673|174|3356|8119
25091|33891|60068|211571
151326|174|35598|52091|206810|211692|214268
31122|6453|1299|20473|47065|61574
209|3356|174|20723|2852|202874
2518|2516|174|60068|205884
24516|174|35598|52091|206810|59867
15547|174|28189|266931|271615|273522|271150
44324|32595|174|207136
852|174|20723|2852|202874
8426|3257|1299|20473|201423
199524|174|140227|44324|205369
49788|12552|33891|60068|211571
29691|1299|37468|270551|263047
49028|1299|3356|28370|267608
148968|7474|3257|174|20473|47065|61574
210312|4601|50869|6939|2852|213152
58308|6939|9136|207592
140627|1299|35598|52091|206810
28917|6939|1299|60068|917|969
29169|174|1916|47065|61574
48070|6939|2852|200874
28917|6939|7018|396973
139317|44324|32595|174|26988
16552|1299|29695|206557|204503
40994|6939|28370|52593
64475|62255|52091|206810|57164
1273|174|11432|271150
37497|3491|174|140227|44324|205369
58308|6939|1299|21080
24785|6830|3356|28370|263060
58299|49434|212815|52053
204092|6939|58308
12859|1299|3257|204548|215728
11039|6461|1299|20473|47065|61574
6894|174|35598|52091|206810|57164
9268|4764|1299|29695|206557|204503
4777|2516|1299|12956|212721
22652|1299|21351|60132
28917|6939|1299|25899|397301|6649
8220|1299|20473|201423
39122|174|2914|20473|47065|61574
213241|9002|21320|5408|47065|61574
132825|174|35598|52091|206810|211101
209650|34927|1299|3223|34224|12735
4601|50869|34019|212351
3130|174|140227|44324|205369
6830|3356|22381|267470|263047|264389
44324|32595|174|12189|207134
559|6830|60068|211571
28917|6939|1299|20473|212073
3170|13030|6775|5405|21245
553|6939|16652
917|60068|1299|34927|202827
6830|9002|12555|198070
29691|1299|6453|19318|201813
3320|1299|4230|2716
148968|7474|3257|174|60068|216213|205884
47311|150249|153176
35600|50263|21263|24766
29222|6939|15935|200844
264479|6762|1299|8551|44709
917|60068|33891|8298|4601|4492
15935|13335|5408
45352|174|3356|28370|28657
64475|6939|28370|270962
4601|50869|41051|215795
199524|174|52468|262393
23367|1299|6762|16735|273514
50629|8551|44709
2518|2516|174|210|47065|61574
6696|1299|6855|39904
55720|2914|1299|8551|44709
58308|6939|35133|50917|214677|212085
44324|49581|209693
210312|4601|50869|6939|15372|203592
58308|6939|1299|52468|271822
58308|6939|6830|23520|267708|274330
28917|6939|1299|52468|269989
8529|1299|6762|49666|58224|214805
196621|6939|2852|210498
136557|174|7195|20473|47065|61574
58308|35598|52091|206810|214721|204108
553|62255|52091|206810|211101
28917|6939|1299|21859|62610
3130|174|13786|263047|271068
58308|35598|52091|206810|24881|24697
15935|6830|34927|202827
34288|174|140227|44324|205369
28917|6939|1299|210937|62599
40994|6939|50989|205966
139317|44324|32595|174|51847|215269
58057|174|32595|44324
11164|6461|8899|60294|33891|50673|43414|49784
58308|6939|1299|197190
44324|32595|174|53667|147071
6424|20764|52091|206810|196638
8529|1299|174|20473|47065|61574
28917|6939|1299|20473|399992
6730|6830|9002|12555|212247
2734|21859|138415|4229|1299|3356|41095|17561
28917|6461|394737
136557|174|14840|2716
41666|6204|25198|1299|21859|402186
38136|50131|174|1299|8551|44709
45049|6696|1299|6855|39904|199604
9268|4764|1299|3216|51032|41344|39707
44324|32595|174|29727
7474|3257|174|60068|216213|205884
21700|174|35598|52091|206810|196638
12859|35598|52091|206810|214210
204092|6939|29222|204957
41327|6461|7473|38001|25192
50628|1299|3257|210329|215728
35426|215596|1299|6855|39904|202605
28917|6939|1299|39351
64475|37271|20473|47065|61574
19151|174|46427|64289|44592|49581|209693
8660|1267|1299|174|210329|215728
29222|6939|7018|11992|399599
58308|6939|1299|53981
199938|1299|174|216211|211575
12637|35598|52091|206810|211101
34019|2603|21320|5408|50148
38001|3491|174|204548|215728
196621|6939|30893|199580
34854|1299|174|60068|216213|205884
47147|1299|174|32595|44324
44324|32595|174|3819
29222|174|210329|215728
6777|35598|52091|206810|211692|31069
1273|1299|20473|399970
25152|2914|174|20473|47065|61574
28917|6939|1299|211181
139317|44324|32595|174|212250|208293|203217|14789
199938|1299|3257|204548|215728
34854|1299|8551|44709
15547|174|60068|211571
58308|6939|6830|23520|10269|264640
58308|6939|7018|399201
28917|6939|1299|9584
4601|50869|52025|214749
58308|6939|1299|208905|47956
8283|6939|16652
37100|1299|198949|35676
29222|6939|28917|50045
58308|32787|202161
28917|6939|209097
13830|971|174|35598|52091|206810|57164
41666|20764|52091|206810|214210
58308|6939|1299|20473|36268
52075|6762|174|5538|8194|29345
15605|6939|29222|41495|206202
199938|1299|6762|267470|263047
49605|6762|174|399697|39967|399697
50673|33891|20473|47065|61574
28917|6939|1299|23520|263703|274160
139317|44324|32595|174|55022
25160|1299|198949|35676
58308|6939|1299|3308|201503
58308|6939|35133|50917|215318
2516|174|21700|399914
29222|6939|62000|198825|214029
44324|32595|174|6914
210312|4601|50869|6939|42695|43101
917|60068|174|204548|215728
29222|6939|47536|213370
49028|1273|6204|44592|49581|209693
213151|34549|174|216211|211575
22652|174|1916|47065|61574
7660|2516|1299|8551|20473|47065|61574
5405|16276|203019
12779|62255|52091|206810|57164
64475|6939|25192|26710
48070|6939|28370
28624|61568|174|210|47065|61574
58308|6939|1299|63473|18909
58308|6939|5405|48031|136258
29222|6939|553
29222|6939|39790
17639|174|52468|271150
32590|12956|1299|20473|47065|61574
28917|6939|7018|399201
12859|6939|29222|513|20940
1299|3356|28370|53079
216285|8280|6762|174|201814|209896
4181|1299|25091|8298|4601|4492
28917|6939|7018|396922
34927|174|1916|47065|61574
20205|174|210329|215728
205206|1299|6762|267470|263047
58057|1836|174|52468|271150
44324|32595|174|16601
264409|174|210329|215728
34854|1299|3491|20473|47065|61574
41327|174|210329|215728
327804|37271|3257|1299|20473|47065|61574
6696|1299|7195|20473|47065|61574
55222|1299|6855|39904|199604
17350|6453|1299|20473|47065|61574
47147|1299|56630|209944
28917|6939|1299|20115|40264|14440
30844|33891|216067|44244
44324|32595|174|35598|204490|215330
271253|174|35598|52091|206810|48687
139317|44324|32595|174|393684
58308|6939|29670|208135
1031|999|6453|1299|198949|35676
21232|15576|174|52468|271150
3701|174|204548|215728
28917|6939|7794|396917
48185|1299|6762|267470|263047
16552|1299|60068|216213|205884
3130|174|16276|203019
12350|1299|3356|28370
48919|174|37468|53062|266493|61625
34549|1299|8551|44709
28917|6939|8194|210213
59890|174|1916|47065|61574
34800|58057|50673|174|28189|266931|271615|273522|271150
28917|6939|1299|20473|208393
136557|174|28283|268744|2716
42473|1299|21351|60132
58308|6939|40994
28917|25091|8298|4601|4492
12307|29691|1299|174|210329|215728
207841|6939|28917|34784
1299|6453|4755|7768
35008|1299|60068|197103|212080
28917|6939|1299|20473|57848
28917|6939|39791|49101
47147|3320|1299|13335|400095
29479|50304|1299|6855|39904
3356|174|60068|216213|205884
204092|6939|16652
999|6453|174|13786|263047
199938|1299|2914|226|47065|61574
62167|174|60068|216213|205884
41327|22356|28370|273514
4826|1299|20473|47065|61574
1299|20473|214587
12350|1299|37468|270551|263047
327727|174|13786|263047|269680
20514|1299|6453|29208
5511|174|52468|262393
34019|6939|2852|48091
37662|174|12389|39089|202279|206810|52091|41039|48595
6830|6939|28917|50045
12859|33891|60068|211571
135895|137409|174|204548|215728
198385|174|60068|205884
198385|174|210329|215728
28917|6939|1299|29447
39351|1299|10490|2722|12148|47065|61574
21700|3257|1299|20473|399970
35600|6939|30893|204789
20932|1299|3920|206777
50304|1299|174|21700|399914
12586|3257|33891|216067|44244
29222|6939|3170|212683
1299|6939|50989|50683
29222|6939|207992
139317|44324|32595|174|16637|36974
59890|174|20473|47065|61574
35369|5405|6939|28370|52593
3741|33891|60068|211571
6461|174|52468|271150
327804|5713|174|8551|20473|47065|61574
58308|6939|7018|401763
28917|6939|3170|201579
58308|6939|207995
40994|57463|41327|211222
199524|1299|7545|20473|47065|61574
58308|6939|39791|49101|42422
49432|48362|1299|3356|28370|263963
207841|6939|28917|44056|57629
32590|1299|6855|50698
20764|12859|47065|61574
204092|6939|28917|9110
4601|50869|6939|15372|203592
3170|6939|28917|25386
44393|394256|174|201814|209896
206356|50629|8551|20473|47065|61574
14315|6453|1299|6855|39904|47767
30600|174|52468|262393
29075|174|8551|20473|47065|61574
16552|1299|7195|28189|266931|271615|273522|271150
132337|174|210329|215728
15562|2914|1299|6939|24796
51873|6830|174|140227|44324|205369
7018|1299|29695|206557|208835
58299|21320|5408|50148
4601|50869|58299|209898|199553|213081
20253|1299|20473|201423
207841|20764|202984|35598|25308|28917|9049|51017
15547|3303|21320|5408|47065|61574
30844|6424|44592|49581|209693
559|8551|44709
58308|6939|199399
29222|6939|3170|215453
199524|174|6453|4755|7768
28917|6939|1299|39386|25019
56655|1299|3920|206777
51873|6830|3257|20473|47065|61574
20055|174|13786|263047|61826|52766
58308|21351|60132
58308|6939|1299|40785
204092|6939|2852|201648
21700|3257|1299|12859|47065|61574
6730|6830|174|140227|44324|205369
3170|20764|43298|48678|210574
8529|62000|212815|52053
58308|6939|50629|207252|197469
28917|6939|1299|198710
39351|174|13786|263047|269680
12969|1299|201814|209896
8280|6762|174|11432|271150|272738
28917|20910|13194|9002|6830
42541|1299|3257|19318|201813
28917|6939|1299|52468|265684
215596|62000|6777|42541|205235|62113
328206|37739|3491|174|34927|202827
34288|1299|3356|28370|263535
55720|6939|1299|6461|62000|212815|52053
19653|30600|174|140227|44324|205369
58308|6939|1299|6855|204690
36924|1299|3356|28370
29222|6939|553|212522|13335
60011|3356|1299|10490|2722|12148|47065|61574
207841|6939|28917|201119
8283|6939|30893|13214|35634
559|52320|7162|13878|52468|271150
2518|2914|6424|44592|49581|209693
6730|6830|3257|19318|201813
139317|44324|32595|174|59402
50673|33891|216067|44244
5405|62255|52091|206810|211692|214268
29222|6939|61618|268492
139317|44324|32595|174|401486|214183|40662
38001|3491|174|14840|269288
58308|6939|7018|46677
327727|174|13786|263047|264923
37721|174|204548|215728
210312|4601|50869|52025|213982
50629|6939|2852|212876
7713|174|204548|215728
398465|1299|3356|28370|268198
58308|6939|1299|55285
210312|4601|50869|207303
917|60068|1299|6424|44592|49581|211507
29222|6939|12637
57111|41327|13786|263047|266089
44324|32595|174|200435
15605|6762|174|5538|8194|29345
328512|5713|174|138997|216211|44324|205369
28917|6939|1299|208905|212644
49028|1299|6939|28370
29222|6939|28917|12668
3170|6939|28917|39134|39561|197695|210550
1403|577|1299|25091|8298|4601|4492
58308|6939|29208|48926
210312|4601|50869|34019|204186
57821|12586|3257|1299|20473|201423
28917|6939|50989|33837
204092|6939|28917|21453
31742|174|60068|216213|205884
6461|174|35598|52091|206810
39122|1299|7195|28343|2716
6830|174|60068|216213|205884
198385|174|2914|20473|47065|61574
209650|34927|1299|60068|211571
50304|1299|7195|28343|2716
49432|48362|1299|3356|28370|268521
50629|6939|2852|204772
34927|174|52468|271150
139317|44324|32595|174|53667|201517
31122|174|140227|44324|205369
50304|1299|6762|267470|263047
4601|50869|52025|212895|205991
1273|174|11432|271150|272738
174|5511|60068|206406|210557
263152|174|216211|44324|205369
15935|33891|60068|211571
20055|174|13786|263047|264972
29222|6939|56595|215320
44324|32595|174|400701|14333
6424|6939|29222
58057|50673|174|3356|28370|268521
29222|6939|263047|262578
37739|3491|174|34927|202827
210312|4601|6939|28917|201119
42541|62255|52091|206810|12773|44710
58308|6939|30893|199580
12779|62255|52091|48158
40994|57463|41327|198059
41327|6939|28370|263060
64475|3320|1299|198949|35676
58308|6939|1299|3301|34576
12969|1299|52320|7738|262999|272466
4777|2497|2914|6424|44592|49581|211507
64475|6939|215172|214955
12859|6939|28370|267608
48070|1299|3223|34224|12735
35600|6939|28370|264426
58308|6939|50629|207252|207196
28917|6939|1299|23520|272935|274105
16552|3257|174|60068|216213|205884
394256|174|3257|60068|206406|210557
28917|6939|1299|400475
42541|1299|56504|47674
59414|13030|1299|8551|44709
8220|1299|3356|21320|5408|47065|61574
20811|52025|212895|210320
58511|3257|174|1916|47065|61574
55222|174|3257|204548|215728
28917|6939|63290
58308|6939|50629|207252|215147
64475|62255|52091|206810|5598
12956|1299|6855|39904|47767
34854|1299|174|1916|47065|61574
22652|174|2914|20473|47065|61574
35600|6939|2852|202874
29222|6939|29670|207510
19653|30600|174|60068|205884
4775|6453|1299|29695|206557|204503
12637|35598|52091|206810|56915
49788|1299|3356|28370|268198
48185|1299|3257|19318|201813
3130|174|35598|52091|206810|211101
40387|1299|3223|34224|12735
4601|6939|28917|28775
34927|1299|3356|1680|44709
198249|9002|8772|396416
29222|6939|3170|57483
28917|6939|1299|17072|278
44324|32595|174|138538
199524|1299|3356|8119
47692|33891|20473|47065|61574
44393|394256|174|1299|198949|35676
2500|137409|62000|212815|52053
34927|60011|3356|1299|22773|8119
35600|30781|1299|8551|44709
139317|44324|32595|174|202075
3170|6461|52320|7162|13878|52468|271150
8280|6762|1299|6855|50698
36924|1299|3491|20473|47065|61574
44324|32595|174|30150
57381|50304|1299|3356|28370|28657
29504|39392|33891|21320|5408|47065|61574
20612|9044|33891|60068|211571
40994|57463|41327|205032
327727|174|35598|52091|206810|39558
16552|1299|35598|52091|206810
12859|1299|6855|39904|202605
28917|6939|1299|3223|41378
34927|1299|3491|20473|47065|61574
14630|1299|6855|39904|47767
328512|60171|174|52468|271150
10111|1299|198949|35676
28917|6939|1299|15830
3303|9002|62000|212815|52053
328964|37468|2914|174|32595|44324
132825|174|35598|52091|206810|48687
28917|6939|7018|6431
6830|1299|198949|35676
58308|6939|29670|213341
202365|50673|174|21320|5408|47065|61574
52320|1299|60068|197103|212080
559|35598|52091|206810|35273
20205|174|28283|268744|2716
398465|1299|174|21320|5408|50148
29222|6939|3170|205739
7660|2516|1299|29695|206557|205190
42473|1299|8551|44709
6894|174|35598|52091|206810|196638
40994|6939|28917|20985
24516|174|201814|209896
44324|32595|174|22850|64112|394353
44324|32595|174|44166
44324|32595|174|24992
49028|1299|21351|60132
57866|1299|22773|8119
553|1299|20473|399970
28917|6939|7018|22787
398465|1299|13335|5408
6730|6830|3356|29695|206557|204503
45049|6696|1299|56630|209944
47147|1299|3356|28370|263060
3491|174|140227|44324|205369
58308|6939|7018|11992
58308|6939|29208|211731
9268|4764|1299|33891|216067|44244
5405|62255|52091|206810|56915
210312|4601|50869|6939|42695
7018|1299|60068|211571
6082|174|210|47065|61574
44324|32595|174|50144
48070|6939|28917|43886
39351|174|13786|263047|271068
174|1299|6855|39904|199604
1299|3356|28370|267556
40994|32787|202161
6908|174|35598|52091|206810
29680|174|21320|5408|47065|61574
553|62255|52091|206810|197960
42473|1299|3356|28370|268521
32590|37100|1299|10490|2722|12148|47065|61574
28917|6939|1299|62044
16552|1299|56630|209944
513|174|14840|269288
28917|6939|62000|198053
12307|29691|1299|3356|8119
148968|1299|174|21320|5408|50148
15605|6939|28370|263535
17639|174|28189|266931|271615|273522|271150
64475|50629|174|140227|44324|205369
58308|6939|7018|3423
48070|9304|136237|174|137995
49028|1299|3356|28370|53079
14630|6830|3356|16735|273514
2500|2914|1299|201814|209896
34927|1299|198949|35676
14630|1299|8551|44709
58308|59689|30781|1299|10490|2722|12148|47065|61574
12859|32787|202161
2734|22356|28370|269016
50629|6939|28370|270962
174|13786|263047|266089|52793
20253|1299|8551|44709
28917|6939|1299|20473|13717
14630|2914|1299|198949|35676
174|2914|20473|201423
58308|6939|1299|20473|212996
209650|34927|1299|12956|212721
57111|41327|16164|36032
45352|174|3257|204548|215728
20514|1299|3356|28370|53079
58308|6939|6830|23520|11139|399915
4601|50869|41051|212977
58308|6939|29208|44770
58057|174|138997|216211|44324|205369
9370|2497|174|52468|262393
58057|174|7545|20473|47065|61574
559|35598|52091|206810|12773|52213
28917|6939|1299|26073|401698
58308|6939|6830|23520|272935|267845|274105
58057|174|6453|29208
35600|6939|30893|9423
139317|44324|32595|174|18001
6894|3257|174|140227|44324|205369
215596|62000|6777|559|200233
52025|1299|29695|206557|208835
58299|174|60068|216213|205884
62167|174|1916|47065|61574
20205|1299|6453|19318|209896
513|29222|6939|8943
199524|1299|6939|28370|263060
50304|1299|7545|20473|47065|61574
2027|47160|174|28189|266931|271615|273522|271150
58308|6939|2852|200874
49028|1299|6424|44592|49581|211507
58308|6939|28917|48084|199961
3170|174|138997|216211|44324|205369
32590|137409|6461|1299|3920|206777
14907|1299|3356|16735|273514
50628|52025|212895|210320
28917|6939|1299|20940|34164
2734|2914|174|37468|61568|266460|61625
34927|1299|7195|20473|47065|61574
14907|5405|20473|47065|61574
553|174|5538|8194|29345
206356|50629|1299|198949|35676
29075|174|13786|263047
5413|1299|174|20473|47065|61574
20253|1299|21351|60132
559|35598|52091|206810|34786
32590|12956|174|210329|215728
209650|34927|6830|60068|216213|205884
31510|174|1299|8551|44709
1828|1299|198949|35676
36994|1273|174|140227|44324|205369
58308|6939|1299|8375|214019
8220|1299|29695|206557
37697|3491|174|34927|202827
174|13335|5408
132337|1299|3920|206777
14907|33891|216067|44244
28917|6939|1299|203182
29075|1299|3356|8119
139317|44324|32595|174|397409
33891|29632|59682
20514|1299|37468|52468|262393
58308|6939|1299|394102|400326
28917|6939|1299|134521
20764|8359|1299|8551|44709
5405|35598|52091|206810|196638
132337|174|22381|267470|263047|264389
28917|6939|1299|39567
6461|1299|8551|44709
50673|174|210329|215728
132337|174|37468|53062|266493|61625
139317|44324|32595|174|401958
917|60068|1299|198949|35676
917|25369|1299|6204|44592|49581|209693
28917|6939|39791|49101|211274
3356|1299|60068|197103|212080
49028|1299|6939|2852|48091
42473|1299|6855|39904|47767
8283|20764|52091|206810|48687
559|14840|2716
58308|6939|48678|209737
28917|6939|1299|398106
34854|1299|174|37468|61568|266460|61625
58308|6939|1299|14522|52458
34288|174|20473|47065|61574
58308|6939|7018|16793
7018|6939|2852
20205|1299|29049|49666|205647|49801|204533
55222|174|3356|16735|2716
58308|6939|1299|199508
2603|21320|5408|47065|61574
8283|3491|20473|47065|61574
58308|6939|1299|212477|49592
17350|3356|1299|20473|47065|61574
207841|6939|28917|12668|51883
58308|6939|50989|50683
917|25369|174|52468|262393
28917|6939|1299|12189
28917|6939|1299|33932
42541|14840|2716
39351|174|3356|28370|268521
50673|174|2914|226|47065|61574
6696|1299|3920|206777
44324|32595|174|204251
553|1299|3257|20473|47065|61574
215596|62000|56584|207529
44324|32595|174|393684
57381|50304|1299|20473|201423
58308|6939|1299|8240
38001|3491|174|11432|271150|272738
4601|50869|41051|47509
3399|5511|1299|20473|47065|61574
58308|6939|28917|50045
50629|23764|35168|212999
58308|6939|214443
6730|6830|3356|28370|264426
20253|1299|25091|8298|4601|4492
917|60068|174|7311|835|394273
55222|174|12956|212721
140627|2914|1299|198949|35676
39351|1299|20473|201423
24516|174|14840|269288
58308|35598|52091|44660
29504|6461|6424|44592|49581|211507
28917|6939|62553|214757
15605|16276|203019
264479|6424|44592|49581|211507
36924|1299|3920|206777
35008|1299|3356|22381|267470|263047|264389
513|29222|6939|49418|212701
29222|6939|47160|203062
263152|174|1299|6855|50698
12859|35598|52091|59815|25299
4601|50869|205848
210312|4601|50869|214329
174|3257|8551|44709
45049|6696|1299|42303|51701|30893
58308|6939|39791|47493
28917|6939|41720|198747
20514|1299|3356|16735|273514
2516|1299|201814|209896
58308|6939|1299|3920
58308|6939|1299|13768
25152|2914|1299|35598|52091|206810
64475|6939|30893|200690
6730|6830|9002|12555|210827
328964|37468|174|60068|205884
28917|6939|1299|8151
139317|44324|32595|174|263194|262259
139317|44324|8298|4601|4492
17660|2914|1299|6855|39904|199604
174|3257|19318|209896
60068|1299|34927|202827
2518|1299|6855|39904|47767
553|174|216211|211575
37697|3491|174|60068|211571
8529|1299|3257|60068|206406|210557
34288|1299|3356|28370|268198
398465|4826|9002|21320|5408|47065|61574
20253|1299|2914|20473|47065|61574
24785|6830|174|13786|263047|269488
51519|39351|174|13786|263047|268105
25160|174|210|47065|61574
4181|1299|6855|39904|202605
20205|1299|198949|35676
28917|6939|204310
50877|5405|6939|2852|197451
40994|6939|28917
8220|1299|7545|20473|47065|61574
58308|6939|1299|28423
32590|1299|3356|28370|264426
204092|6939|29222|41495
42473|1299|3356|28370|264426
47147|1299|56504|47674
139317|44324|32595|174|397301
6762|174|37468|61568|266460|61625
28917|6939|1299|60068|197103|262160
6894|174|60068|205884
49788|1299|12956|212721
29222|6939|6424
34927|6830|60068|211571
56911|1299|20473|399970
13830|971|174|20723|2852|202874
58308|6939|1299|23033|399275
51873|6830|174|37468|61568|266460|61625
58308|6939|1299|44949
22652|1299|12389|39089|202279|206810|52091|41039|48595
57381|50304|1299|60068|216213|205884
16552|1299|56504|47674
58308|6939|42184|43397
12779|62255|52091|206810|202497
8280|6762|1299|22773|8119
202032|57463|34927|202827
58308|6939|1299|60068|396319
12859|16276|203019
50629|6939|2852|197277
40994|6663|3216|51032|41344|39707
29691|1299|174|1916|47065|61574
50628|6453|174|20473|47065|61574
44324|32595|174|212250|208293|203217
44324|32595|174|9457|138199
559|35598|52091|44660
59919|12779|56630|209944
44324|32595|174|36741
29222|6939|3170|201579
7018|3491|12389|39089|202279|206810|52091|41039|48595
29222|6939|12555|48430
5405|7195|11432|271150|272738
1299|21351|60132
58308|6939|6830|23520|264813
21232|15576|174|210329|215728
29222|6939|12779
29222|6939|61618|267443
6939|1299|201814|209896
398465|1299|6453|1031|61568|266460|61625
28917|6939|30893|199580
44393|394256|174|3257|19318|201813
29222|6939|7018|399756
12637|6939|196610
209|3356|2914|12859|47065|61574
50629|20764|52091|206810|56915
29222|6939|6830|33915|208240
29691|33891|44592|49581|209693
35710|3320|174|52468|271150
32653|3741|33891|216067|44244
50629|6461|7473|38001|25192
14537|13786|174|60068|197103|212080
58299|62255|52091|206810|34786|41875
328840|327727|174|1299|22773|8119
24516|174|3356|16735|2716
44324|32595|174|396101
50629|28917|215730|209693
63956|1221|7474|137409|62000|212815|52053
4777|2497|1299|42303|51701|30893
8280|6762|174|32595|44324
207841|6939|28917|48610|57712
64475|20473|47065|61574
22652|1299|3356|16735|273514
45049|6696|5511|174|11432|271150|272738
6730|6830|7195|20473|47065|61574
206356|50629|56630|209944
16552|1299|3223|34224|12735
11845|30844|174|216211|211575
971|174|35598|52091|206810|48595
3356|2914|12859|47065|61574
136557|174|35598|52091|206810|211101
12552|8283|47065|61574
398465|174|28189|266931|269250|271150
64475|3320|1299|60068|216213|205884
58308|6939|1299|13293
28917|20764|52091|206810|197960
50877|5405|6939|28370|267556
28917|6939|1299|52468|266728
132337|174|210|47065|61574
23367|1299|3356|28370|267556
210312|4601|50869|41051|206633
59414|6830|3257|19318|201813
263237|174|1299|25091|8298|4601|4492
42541|1299|6453|1031|61568|266460|61625
58308|6939|29208|203488
38880|174|12389|39089|202279|206810|52091|41039|48595
205206|1299|6453|1031|61568|266460|61625
34927|56655|1299|6762|267470|263047
48919|174|210329|215728
1267|1299|20473|399970
14537|137409|62000|212815|52053
19653|30600|174|210329|215728
398465|4826|1299|60068|211571
62000|41441|203729
50304|1299|60068|216213|205884
20055|1299|29695|206557
6762|174|20723|2852|202874
28917|6939|1299|63199
6830|3356|28370|267556
20080|2914|1299|201814|209896
132825|174|3257|60068|206406|210557
58308|59689|29075|174|210329|215728
12779|31133|35598|25308|28917|204076
34019|37468|53062|266493|61625
327960|174|14840|2716
3257|1299|12859|47065|61574
58308|59689|29075|174|60068|205884
58308|6939|6830|23520|263703|273208
42541|62255|52091|206810|196638
174|35598|52091|206810|48595
15562|2914|12859|47065|61574
12637|6939|50989|48116
50628|1299|174|20473|47065|61574
52873|12956|1299|35598|52091|206810
6453|1299|33891|216067|44244
6830|6939|28917|28775
3130|174|28189|266931|271615|273522|271150
50629|16276|203019
37739|3491|1299|12859|47065|61574
57381|50304|1299|3356|28370|53079
207841|6939|2852|199711
28624|3356|1299|20473|47065|61574
40994|6939|28917|6789|48004
29222|6939|7018|3573
12389|174|20473|47065|61574
58308|6939|6830|33915|61351
3130|174|35598|52091|206810|57164
34927|56655|1299|3356|16735|2716
199524|174|210|47065|61574
199524|1299|174|37468|61568|266460|61625
174|1299|22773|8119
7018|3356|28370|263963
917|60068|174|1299|6855|39904|47767
8283|2914|13786|263047|262485|271315
30781|3356|174|20473|47065|61574
1140|24785|6830|3257|21034
61568|6762|1299|6855|39904|47767
199524|174|13786|263047
12859|59692|12555
4777|2497|174|34927|202827
28634|4230|1299|29695|206557
29680|174|13786|263047|267961
4601|50869|215296
28917|6939|1299|29802|205749
20932|1299|6461|394737
174|6453|19318|209896
21700|174|35598|52091|206810|12773|213694
28917|6939|15935|197451
11039|6461|1299|8551|44709
28917|6939|1299|15704
8283|6939|2852|198500
37271|174|13786|263047
44324|32595|174|26388
559|35598|52091|206810|56915
4601|8298|25091|6830|60068|216213|205884
37053|37100|1299|198949|35676
28917|6939|1299|42615|398338
199524|47311|150249|212001|200160
58308|6939|1299|26073|205479
28917|6939|1299|23520|52253
58299|62255|52091|206810|202279
6730|6830|44530|41327|213013
49028|1299|6939|200303
1280|2914|174|399697|39967|399697
28917|6939|1299|835|52025|50224
12350|1299|3356|28370|28657
8220|1299|12389|39089|202279|206810|52091|41039|48595
36924|1299|174|140227|44324|205369
34019|6939|39790
151326|174|35598|52091|206810|59867
35426|215596|1299|6762|16735|2716
37739|3491|174|56630|209944
139317|44324|32595|174|21826|269946|274117
58308|6939|12555|48430
6720|1764|174|210329|215728
553|1299|3920|206777
20514|1299|6855|39904
4601|50869|214757|204508
35426|33891|216067|44244
35008|1299|6453|60068|216213|205884
49028|1299|3356|28370|28657
58308|6939|1299|208905|47962
398465|6939|1299|20473|47065|61574
4601|50869|41051|17160
56662|8283|47065|61574
917|60068|33891|216067|44244
210312|4601|50869|6939|30893|9423
23352|2914|174|37468|61568|266460|61625
328206|37739|3491|174|37468|61568|266460|61625
50629|37468|60068|216213|205884
48070|6939|196610
209650|34927|1299|3356|28370|267556
34927|1299|3356|28370
327727|174|1299|8551|44709
1836|1299|8551|44709
213151|34549|1299|8551|44709
20514|1299|6453|1031|61568|266460|61625
137409|6461|1299|3920|206777
28917|6939|199081
55222|174|35598|52091|206810
34019|14840|269288
216285|8280|6762|1299|37468|270551|263047
44324|32595|174|6461|2000
50629|20764|52091|206810|12773|211692|196629
44324|32595|174|53667|142597
215596|1299|3223|41327
2497|1299|3920|206777
1299|3356|22381|267470|263047|264389
6424|6939|2852|212876
20205|1299|23764|35168|212999
49544|2603|21320|5408|47065|61574
29222|6939|52927|267933
49544|1299|3257|20473|47065|61574
1299|56630|209944
40994|57463|41327|204947
51519|39351|174|13786|263047
37105|37662|174|60068|211571
12637|174|204548|215728
209650|34927|1299|6855|39904|47767
20205|1299|3257|60068|206406|210557
12859|6461|23352|20473|47065|61574
8283|2914|62240|205479
39351|174|3257|204548|215728
28917|6939|25400|25225
28917|6939|1299|214415
49605|6762|3356|21320|5408|47065|61574
207841|6939|28917|21453|199933
3491|174|14840|2716
398465|3320|1299|20473|47065|61574
58308|6939|6830|23520|11556
4601|8298|25091|1299|3920|206777
3170|6939|2852|48091
1299|32787|202161
41666|14840|269288
58308|6939|6830|23520|52468|269934|274125
513|29222|6939|49418|215590
12779|6939|2852
6908|174|5511|60068|206406|210557
28917|6939|1299|62874|50495
139317|44324|32595|174|32934
207841|137409|62000|212815|52053
12779|6939|30893|200690
204092|50263|201814|209896
42541|13335|400095
28917|6939|1299|15164
215596|1299|3356|28370|264426
34927|60011|3356|1299|8551|44709
199938|1299|3356|28370|53079
34288|1299|3356|28370|53079
28917|6939|1299|396362
50877|5405|62255|62379
23367|1299|3356|28370|28657
210312|4601|50869|204931
28917|6939|1299|23520|265561|270173|63293
29222|6939|7018|399201
28917|6939|50698
29691|1299|174|210|47065|61574
6894|2516|1299|20473|47065|61574
8220|1299|174|1916|47065|61574
559|6939|28370|28657
139317|44324|32595|174|22850|64112|394353
12859|37271|20473|47065|61574
15935|174|13786|28343|2716
57381|50304|1299|3356|16735|273514
12956|174|52468|271150
12779|174|13786|263047|267961
917|60068|174|1299|3920|206777
29222|6939|262485|272707
513|21320|33891|60068|211571
139317|44324|32595|174|212250|208293|203217|54994
35266|2914|174|20723|2852|202874
47692|33891|60068|211571
20514|1299|3356|8119
2518|33891|216067|44244
3130|174|13786|263047|264982
36924|1299|6424|44592|49581|211507
207841|6939|2852|197451
553|6939|33924
4601|6939|28917|24651|39900
553|9002|30081|174|30081
1140|24785|6830|174|13786|263047
971|174|3257|21034
34019|30781|1299|198949|35676
56655|1299|174|204548|215728
34927|1299|6762|267470|263047
58299|137409|48011|25184|49801|204533
44324|32595|174|20473|47065|61574
29222|6939|8194|29345
6424|37271|20473|47065|61574
205206|1299|6461|394737
34927|1299|3356|28370|264426
206356|50629|174|20473|47065|61574
20253|1299|7545|20473|47065|61574
58308|6939|56630|209944
5413|1299|35598|25308|28917|204076
50877|5405|6939|2852|48091
28917|6939|1299|60068|197103|200371
210312|4601|50869|204464|214420
32590|6453|174|399697|39967|399697
3170|20764|43298|48678|213865
14907|3356|174|140227|44324|205369
139317|44324|32595|174|399646|212532
210312|4601|50869|41051|215777
24961|1299|198949|35676
20205|174|20473|47065|61574
58057|6424|44592|49581|211507
12956|174|56630|209944
6453|174|11432|271150|272738
29504|15935|174|210329|215728
41327|20764|43298|48678|210574
39122|1299|3920|206777
24516|174|35598|52091|206810|202279
48070|1299|20473|201423
59890|174|3257|21034
8455|1299|174|20473|47065|61574
50877|5405|6939|28370|28657
8220|1299|8551|20473|47065|61574
28917|6939|1299|198949|12625
151326|174|35598|52091|206810|202497
199524|1299|6453|60068|216213|205884
41327|6939|2852|210498
9268|4764|174|22381|267470|263047|264389
58308|6939|1299|60068|51191
40994|57463|41327|205330
29222|6939|5405|400731
44324|32595|174|22115
4601|50869|60900
56655|1299|10490|2722|12148|47065|61574
28917|6939|1299|395035
971|174|34927|202827
28917|6939|1299|7843|10796|26072
23367|1299|174|140227|44324|205369
20080|2914|3356|21320|5408|47065|61574
196621|6939|28917|9110
44324|32595|174|51561
13830|971|174|22381|267470|263047
47147|1299|6939|50989|50683
28917|6939|1299|19679
5405|6939|2852|199711
394256|174|60068|197103|212080
4601|50869|41051|203226
139317|44324|32595|174|39572
50131|36236|174|34927|202827
3333|1273|174|37468|61568|266460|61625
3170|174|1299|198949|35676
917|60068|174|34927|202827
34019|6939|28370|268521
44393|401753|34872|8283|47065|61574
34019|6939|24796|63293
37662|174|52468|262393
58308|6939|1299|265840
49788|1299|60068|216213|205884
58299|7195|11432|271150|272738
12969|1299|3356|28370|263535
28917|6939|1299|60068|197103|197703
58308|6939|63290|40335
24785|6830|174|13786|263047|269680
35426|215596|1299|6855|50698
174|206170|6939|5405|200019
7594|174|35598|52091|206810|197643
3170|6939|28370|267608
28917|8551|44709
15605|56911|1299|20473|399970
20253|1299|6855|39904
34927|60011|3356|1299|198949|35676
32590|174|20473|47065|61574
58308|6939|25400|25225
210312|4601|50869|211024
28917|6939|1299|32270|265547
58308|6939|7018|25996
3399|174|204548|215728
4601|6939|28917|47759
398465|1299|5511|60068|206406|210557
35008|1299|3223|34224|12735
12859|35598|52091|206810|12773|47809|59478
23367|1299|60068|211571
58308|6939|7018|30614
204092|62000|212815|52053
58299|174|8551|20473|47065|61574
6461|1299|35598|52091|206810
12969|1299|3356|8119
23673|9900|23764|8455|8283|47065|61574
58308|6939|6424|46516
209650|34927|1299|6461|394737
1299|3223|34224|12735
6830|3257|210329|215728
64475|62255|52091|206810|197960
53828|2914|174|35598|52091|206810
37271|174|1299|12859|47065|61574
971|174|35598|52091|206810|57164
25369|21320|5408|47065|61574
58308|6939|262485|272707
32590|174|32595|44324
41327|6939|28370|264426
1299|6939|50989
132337|174|20473|47065|61574
327727|174|62000|212815|52053
28917|6939|48678|213407
14907|1299|35598|52091|206810
6453|174|28189|266931|269250|271150
44324|32595|174|53667|399266
2518|1299|60068|216213|205884
398465|174|62000|212815|52053
7594|174|35598|52091|206810|39089
6423|20055|1299|6855|39904|199604
58308|6939|1299|6696|25181
28917|6939|1299|29119
3170|6461|23352|20473|47065|61574
28917|6939|1299|207265
24516|174|3257|8551|44709
34019|6939|2852|61110
30781|3356|174|140227|44324|205369
34927|56655|1299|5511|60068|206406|210557
4777|2497|174|14840|269288
2734|13786|263047|269488
60068|1299|3223|41327
49028|1299|3356|8119
210312|4601|6939|28917|47914
34288|1299|3356|28370|267556
52025|174|22381|267470|263047|264389
49434|5511|174|20473|47065|61574
6461|8899|60294|33891|50673|43414|43995
44393|394256|174|20473|47065|61574
3170|174|210329|215728
1299|174|62000|212815|52053
58308|6939|1299|20473|207615
34019|1680|20473|47065|61574
553|6939|28917|39238|49392
34800|58057|50673|174|3257|60068|206406|210557
6830|6939|54429
215596|1299|6855|39904|199604
8660|1267|33891|216067|44244
3170|174|20723|2852|202874
55222|1299|6855|39904|202605
327727|174|35598|52091|206810
22652|137409|62000|212815|52053
58299|3216|51032|41344|39707
52025|1299|29695|206557
7594|174|22381|267470|263047|264389
8899|60294|33891|50673|43414|49784
151326|174|28283|268744|2716
174|11432|271150
263152|264409|174|20473|47065|61574
6461|174|60068|197103|212080
20612|9044|1299|3920|206777
12779|62255|52091|206810|210063
196621|6939|28917|12668|197404
2027|47160|6939|28370|270962
34927|1299|33891|216067|44244
57866|1299|1680|20473|47065|61574
4777|2497|174|210|47065|61574
38880|174|37468|61568|266460|61625
58308|6939|1299|6424|47787
5511|174|399697|39967|399697
28917|52320|7162|13878|52468|271150
31122|6453|1299|198949|35676
47147|1299|174|13786|263047|267961
39392|174|1299|3920|206777
28917|6939|1299|60068|26383
17660|2914|174|11432|271150|272738
48070|1299|3356|16735|2716
28917|6939|1299|20473|153185|153187
553|1299|6453|4755|7768
58308|6939|553|5501
28917|6939|1299|42303
35600|212815|52053
3170|6939|28370|28657
210312|4601|50869|34019|35600|61025
15605|35598|52091|206810|56766
44324|32595|174|33480
24516|174|35598|52091|206810|5598
210937|1299|6762|16735|273514
55222|174|60068|211571
58308|6939|1299|213291
9930|1299|33891|216067|44244
553|1299|3356|28370|268521
12859|6939|54429
23367|1299|6461|210|47065|61574
5413|1299|20473|201423
559|59692|12555
852|174|14840|269288
8280|6762|1299|198949|35676
37239|37468|174|6762|49666|58224|214805
132825|174|3257|21034
328840|327727|174|1299|6855|50698
5405|6939|25192|26710
327960|174|35598|52091|206810|202279
58308|6939|33891|211319
139317|44324|32595|18423|137409|6461|1299|9498|18229|132215
41327|174|5538|8194|29345
199938|1299|174|21320|5408|47065|61574
3170|25180|1299|17676|3258
6830|174|22381|267470|263047|264389
139317|44324|32595|174|19237
196621|8758|6424|44592|49581|209693
328840|327727|174|35598|52091|206810|59815|25299
48070|6939|28917|198297|51081
6424|6939|2852|213152
28917|6939|1299|20473|201243
12859|6939|28370|268521
50629|6939|2852|201648
29075|174|13786|263047|269488
39351|174|22381|267470|263047|264389
50629|20764|52091|206810|214210
28917|6939|1299|36243
8426|3257|174|13786|263047|269680
34019|6939|50989|205966
41327|174|138997|216211|44324|205369
9268|4764|1299|5511|49666|58224|214805
12350|1299|3356|28370|53079
30781|1299|6855|39904|202605
56655|1299|6762|16735|273514
53828|3257|1299|198949|35676
28917|6939|1299|209022
28917|6939|1299|31898|26954
51519|39351|174|140227|44324|205369
23367|1299|4230|52654|266493|61625
28917|6939|7018|19106
34854|1299|6855|39904
28917|6939|1299|20473|52025
6777|35598|52091|206810|39558
35600|35625|5511|174|5538|8194|29345
20514|1299|3356|28370|268521
41666|49581|209693
50877|5405|6939|2852|201648
28917|6939|1299|20473|35085|210960
58308|6939|1299|15695
199938|1299|3356|28370|268198
139317|44324|32595|174|206795
28917|6939|1299|208905|61102|60068|62651
59105|2518|2914|6424|44592|49581|211507
58308|6939|6830|23520|272401
6461|6424|44592|49581|209693
15935|174|204548|215728
210312|4601|50869|41051|201445
1403|577|1299|10490|2722|12148|47065|61574
3170|6939|28917|50045
553|6939|200070
204092|34019|14840|2716
199524|1299|3356|28370|269016
3356|174|210|47065|61574
12859|6939|28370|52593
28917|6939|1299|206610
21232|15576|35598|52091|206810|48687
398465|1299|34927|202827
28917|6939|1299|14586
59414|6830|6453|4755|7768
58308|6939|7018|2386|11873
4601|6939|28917|34784
53828|2914|6424|44592|49581|209693
1273|1299|20473|47065|61574
3170|174|201814|209896
7018|6939|2852|199711
202365|50673|174|60068|211571
199524|1299|20473|47065|61574
199524|1299|8551|44709
205112|50629|6939|24796|63293
50304|1299|7195|28189|266931|269250|271150
44324|32595|174|51847|151338
553|9002|9507|55884|4826|3257|174|62685
58308|6939|1299|30823|49418|215590
559|1680|44709
206499|34549|1299|198949|35676
3170|6939|28917|50009
28917|6939|1299|29551|202701|200486
12956|174|210|47065|61574
41327|13786|263047|262813
50629|6939|28370|263060
58308|6939|42184|210035
2734|22356|28370|263535|268030
57381|50304|1299|7195|28189|266931|269250|271150
199524|1299|8551|20473|47065|61574
29169|1299|8551|44709
32590|137409|12859|47065|61574
8283|6453|60068|216213|205884
7018|6939|24796|63293
398465|1299|6855|39904
35008|1299|29695|206557|205190
8220|1299|23764|35168|212999
15605|6939|2852|48091
12637|6939|42695
58308|6939|215782
210312|4601|50869|214757|204508|44908
28917|6939|1299|23520|263824
33891|13786|263047|269488
35280|6453|174|8551|20473|47065|61574
18106|174|201814|209896
29504|15935|6461|23352|20473|47065|61574
34854|1299|174|60068|205884
5405|6939|30893|200690
6424|212175|174|212175
47692|33891|12859|47065|61574
58308|6939|1299|30823|49418|207957
47957|3356|1299|3920|206777
44324|32595|174|16921
49605|6762|174|210|47065|61574
4601|50869|52025|215212
1140|24785|1299|60068|197103|212080
204092|6939|29222|41495|206202
20205|1299|201814|209896
61049|2603|21320|5408|47065|61574
58308|6939|1299|270126|270215
9002|3356|174|52468|271150
15605|6762|174|20473|47065|61574
151326|174|3491|20473|399970
4601|50869|58299|39910
917|60068|33891|12859|47065|61574
3170|37468|52468|271150
8218|6461|1299|20473|47065|61574
58308|6939|263047|267961
1031|999|6453|174|20473|47065|61574
6830|6939|50989|50683
3130|174|1299|22773|8119
4601|50869|52025|212895|205336
139317|44324|32595|174|197071
4181|1299|60068|211571
6730|6830|174|12389|39089|202279|206810|52091|41039|48595
57695|917|60068|174|56630|209944
1403|577|1299|8551|44709
29222|6939|28917|43714
4601|50869|34019
58308|6939|12637|199699
553|4601|4492
199524|174|35598|52091|206810|48687
44324|32595|174|53667|139791
34927|52025|174|14840|269288
8280|6762|2914|12859|47065|61574
1299|29695|206557
39122|1299|3356|28370|263060
12859|35598|52091|206810|12773|44884
44324|7720|10111|1299|198949|35676
14907|1299|6855|39904
8283|20764|52091|206810|57164
17350|6453|3356|21320|5408|47065|61574
199524|1299|3356|28370|28657
286|33891|216067|44244
5405|52320|7162|13878|52468|271150
6830|34927|202827
50629|1299|8943|200636
7018|6939|28370|52593
397131|60011|3356|1299|10490|2722|12148|47065|61574
29222|1299|12389|39089|202279|206810|52091|41039|48595
20932|174|216211|211575
6667|1299|20473|201423
29222|6939|50629|207160
327727|174|13786|263047|61826
28917|6939|1299|23520|272935|271804
39122|47311|150249|153176
20253|1299|7195|11432|271150
58308|6939|29670|59645
41722|20485|1299|8551|44709
136557|174|35598|52091|44660
174|56630|209944
2734|22356|28370|267608
48185|1299|174|37468|61568|266460|61625
28917|6939|1299|198279|35444
139317|44324|32595|174|17185|25645
5405|37468|53062|266493|61625
58308|6939|1299|39351
14315|174|20723|2852|202874
41327|6939|30893|199580
6894|6424|44592|49581|209693
50300|174|20473|47065|61574
35369|5405|61568|266460|61625
206356|50629|174|210329|215728
34927|1299|174|13786|263047
50629|20764|52091
28917|6939|1299|20473|151230
215596|62000|6777|559
2734|58453|30990|174|37662|328514
48070|7195|11432|271150
50629|20764|52091|206810|59815|25299
207841|20473|47065|61574
51184|28917|215730|209693
209650|34927|1299|20473|47065|61574
58057|50673|174|13786|263047
34927|56655|1299|22773|8119
25091|1299|60068|216213|205884
58308|6939|1299|56655|202986
29222|6939|29208|60218
28917|6939|1299|20473|136184
139317|44324|32595|174|394855
37721|174|210329|215728
202365|50673|174|399697|39967|399697
31742|1299|3356|8119
28634|4230|1299|29695|206557|208835
1267|33891|216067|44244
28917|6939|207992
553|33891|216067|44244
12859|35598|52091|206810|59815
28917|6939|1299|54994
58308|6939|1299|18734|28477
207841|6939|2852|197277
41666|12859|47065|61574
6894|174|3257|20473|47065|61574
207841|6939|2852|201648
29222|6939|48070|60894
28917|6939|1299|23520|27665
58308|6939|28917|44812
8298|25091|6453|174|140227|44324|205369
210312|4601|50869|52025|211358
12637|57463|14840|269288
39122|1299|12389|39089|202279|206810|52091|41039|48595
42473|1299|3356|28370|28657
35426|215596|62000|6777|42541|205235|62113
174|204548|215728
577|1299|34927|202827
35426|215596|62000|6777|2852
56655|1299|60068|197103|212080
23367|1299|29695|206557|204503
6424|6939|28917|39134|39561|197695
28917|6939|1299|22908
49028|1299|6939|2852|197277
28917|6939|1299|8151|270205
6057|174|5538|8194|29345
6424|6939|50989|50683
35426|215596|1299|20473|201423
44324|32595|174|209312
22652|1299|3223|34224|12735
6830|1299|6424|44592|49581|209693
12779|6939|42695
40994|6939|28917|28775
263152|264409|174|204548|215728
1257|1299|20473|47065|61574
60326|34927|1299|20473|201423
29504|39392|174|140227|44324|205369
29222|6939|41720|213709
28917|6939|1299|32798|16716
6830|174|14840|2716
398465|1299|3356|28370|264426
3170|8551|20473|47065|61574
44324|32595|174|27258|399252
55222|174|62000|212815|52053
47147|1299|6939|2852|48091
29222|6939|29208|56717
7713|33891|60068|211571
394256|174|1299|20473|47065|61574
6453|174|10490|2722|12148|47065|61574
6894|174|13786|263047|262813|265917
20612|9044|174|52468|271150
58308|6939|1299|199150
215596|1299|60068|216213|205884
28917|6939|1299|20473|197992
8426|3257|174|5538|8194|29345
513|29222|6939|8194
50304|1299|12389|39089|202279|206810|52091|41039|48595
212483|33891|216067|44244
32590|1299|3356|8119
21412|174|60068|205884
917|60068|174|56630|209944
139317|44324|32595|174|56501
58308|6939|2852|197277
213151|41051|58299|174|52468|271150
61049|174|8551|20473|47065|61574
34288|174|1916|47065|61574
6830|3356|3223|34224|12735
559|37468|53062|266493|61625
50629|6939|28370|263535
28917|6939|28370|273514
7660|2516|174|21700|399914
31510|174|37468|270551|263047
513|29222|6939|199399
37271|6461|6424|44592|49581|211507
29222|6939|15935|197451|201931
58308|6939|33891|206564
198385|174|6453|19318|209896
12779|6939|25192|26710
29222|6461|210|47065|61574
20514|1299|6461|394737
3170|49770|1299|29518
20932|1299|12389|39089|202279|206810|52091|41039|48595
3399|5511|1299|198949|35676
4181|1299|12859|47065|61574
50629|1299|6855|39904|47767
29075|174|140227|44324|205369
3356|1299|16276|203019
58308|6939|8943|43915
132337|1299|20473|399970
6453|30058|216211|44324|215172|214955
271253|1299|6855|50698
28917|6939|56595
5413|1299|6855|50698
139317|44324|32595|174|57801
136557|174|3257|19318|201813
34288|1299|3356|28370
52873|12956|1299|198949|35676
58308|35598|52091|206810|211692|214268|196977
29222|6939|8194|206600
41327|6939|2852|212876
58308|6939|1299|25956
398465|7922|2914|6424|44592|49581|209693
50629|20764|52091|59815|25299
23367|1299|6453|1031|61568|266460|61625
48070|9498|20473|47065|61574
139317|44324|32595|174|43853
2734|22356|28370|268198
8758|15576|174|210329|215728
28917|6939|1299|20473|206885
50300|174|5538|8194|29345
57111|41327|6461|394737
35280|6453|174|20473|47065|61574
139317|44324|32595|174|21859
139317|44324|32595|174|399646|54591
28917|6939|1299|20473|25848
2914|2603|21320|5408|47065|61574
58308|6939|1299|39290
12350|1299|3356|16735|2716
8298|25091|1299|3223|41327
12637|1299|6855|50698
44324|32595|174|395866
41327|33891|216067|44244
37271|2603|21320|5408|47065|61574
28917|6939|1299|23520|28088
20514|1299|5511|60068|206406|210557
8283|6762|53062|266493|61625
41327|56630|209944
49028|1299|174|13786|263047|269680
24961|47311|150249|153176
6762|1299|20473|47065|61574
50629|20764|52091|206810|202279
44324|32595|174|39063|29108
52320|1299|60068|216213|205884
12637|35598|52091|206810|24881
207841|6939|50989|50683
28917|6939|1299|20473|200959
5392|50877|5405|62255|52091|206810
3130|174|3257|60068|206406|210557
3130|174|13786|263047|262578
44324|32595|174|206795
2516|1299|37468|60068|216213|205884
29222|174|60068|205884
44324|32595|174|214206|18636
971|174|12389|39089|202279|206810|52091|41039|48595
58308|6939|1299|20473|208884
202365|50673|174|11432|271150|272738
14315|6453|1299|6855|39904|199604
209|3356|174|10490|2722|12148|47065|61574
31510|174|37468|53062|266493|61625
35426|215596|174|22381|267470|263047|264389
47147|1299|6939|60432
50304|1299|3920|206777
136557|174|35598|52091|206810|12773|213694
6908|174|20473|47065|61574
50629|6461|23352|20473|47065|61574
1280|2914|6424|44592|49581|211507
58308|35598|52091|206810|50204
44324|32595|174|201896
15935|174|3257|204548|215728
44324|32595|174|35598|48108|208626
29222|6939|12637|202448
3130|174|60068|205884
18106|137409|62000|212815|52053
35710|3320|1299|17676|216211|44324|205369
28917|6939|1299|13335
50304|1299|3356|28370|263963
28917|6939|42695|43101
29504|15935|174|1299|22773|8119
44393|394256|174|12956|212721
139317|44324|32595|174|397384
35369|5405|20473|47065|61574
28917|6939|1299|6855|196861
136557|174|35598|52091|206810|196638
21232|15576|35598|52091|206810|208435
327960|174|28189|266931|271615|273522|271150
44324|32595|174|25829
60068|174|140227|44324|205369
28917|6939|1299|11506
3170|174|216211|211575
917|60068|33891|917|214598
51088|2914|30058|53808|44324|215172|214955
58308|6939|1299|6128|54004|21835
59890|60068|1299|198949|35676
53828|2914|1299|6855|39904|199604
58308|6939|1299|60068|216213
28917|6939|1299|60068|197103|400905
58308|6939|1299|21738
1299|174|21700|399914
29222|6939|7018|32673
271253|6453|1299|198949|35676
328840|327727|174|13786|263047|262813|265917
8280|6762|1299|3920|206777
1140|24785|6830|174|1916|47065|61574
12307|29691|1299|60068|197103|212080
28917|6939|7018|18439
29222|6939|35600|56648
29222|6939|28917|8926
28917|6939|62000|198831|210013
50304|1299|22773|8119
20514|1299|6453|19318|201813
40994|6939|15372
15576|174|204548|215728
29222|6939|7018|32119
41666|20764|52091|206810|196767
139317|44324|32595|174|210743
12779|6939|215172|214955
196621|6939|28917|35539
34854|1299|22773|8119
21232|15576|35598|52091|206810|48595
28917|6939|268624|262594|268117
6777|35598|52091|206810|12773|213694
139317|44324|32595|174|36667
25220|3356|174|20473|47065|61574
28917|20764|52091|206810|57460
58308|6939|1299|2586|202635
57111|174|52468|271150
58057|34549|1299|17676|216211|44324|205369
2734|9002|46427|64289|44592|49581|211507
206356|50629|1299|6855|39904
37100|1299|6855|39904
28917|6939|1299|44656
12779|20473|30893
28917|6939|7018|399571
58308|6939|6830|23520|64126|266734|273048
58299|7195|20473|47065|61574
196621|15576|174|11432|271150
8283|3491|12389|39089|202279|206810|52091|41039|48595
29222|1299|174|37468|61568|266460|61625
1403|577|6461|6424|44592|49581|211507
15605|6939|29222|207688
42473|1299|6939|28370|268521
37497|1299|12389|39089|202279|206810|52091|41039|48595
199524|174|13786|263047|271068
513|29222|6939|262365
13786|174|1299|8551|44709
3130|174|206170|6939|5405|200019
49788|1299|3356|28370|264426
44324|32595|18423|137409|6461|1299|25091|8298|4601
8529|1299|174|60068|205884
20253|1299|201814|209896
29222|6939|28917|9110
6720|1764|174|140227|44324|205369
32590|4637|3257|1299|3920|206777
14537|13786|174|210329|215728
37497|3491|174|60068|197103|212080
12859|7195|28189|266931|271615|273522|271150
209650|34927|1299|3356|28370|268198
7713|174|3356|60011|34927|208690
28917|6939|7018|36610
58308|6939|1299|52468|272032
139317|44324|32595|174|42366|212799
62167|174|37468|270551|263047
216285|8280|6762|1299|6855|50698
58308|6939|1299|263744
47147|1299|10490|2722|12148|47065|61574
8283|20764|52091|206810|12773|52213
41327|7195|28189|266931|271615|273522|271150
59890|174|60068|216213|205884
139317|44324|32595|174|30919
137409|3356|1299|20473|47065|61574
12779|6939|28370|267608
48070|25180|1299|17676|3258
35598|1299|8551|44709
34927|56655|2603|21320|5408|47065|61574
36924|1299|201814|209896
398465|174|37468|61568|266460|61625
32590|1299|198949|35676
8283|2914|13786|263047|61826
8283|6762|52468|271150
48070|1299|6855|39904|199604
266213|3356|1299|20473|47065|61574
139317|44324|32595|174|32244|201682
139317|44324|32595|174|395512
210312|4601|6939|28917|24651
49788|1299|6762|16735|273514
47147|1299|174|216211|211575
28917|6939|1299|29838|62731
37100|33891|60068|211571
44324|32595|174|61098
20764|33891|60068|211571
28917|6939|1299|19332|16921
559|35598|52091|206810|12773|47809|50780
3701|174|60068|216213|205884
8283|2914|37271|20473|47065|61574
328840|327727|174|1299|8551|44709
58308|6939|6830|23520|54082
35600|50263|21263|34125
3170|6204|214941|174|29802
559|6939|50989|33837
12859|1680|44709
42541|62255|52091|206810|34786
60326|34927|1299|174|60068|205884
58308|6939|263047
1273|174|21320|5408|47065|61574
20253|1299|6453|60068|216213|205884
61568|174|201814|209896
57381|50304|1299|6453|19318|209896
58308|6939|1299|14041|194
1299|3356|28370|263535
58308|6939|6830|23520|52228|263785
32590|137409|62000|212815|52025|212895|210320
55222|174|3257|19318|209896
559|6939|28370|269016
559|6939|393682
29691|33891|60068|211571
8283|6939|30893
8283|2914|268624|28370|263535
28917|6939|49418|212701
3320|1299|8551|20473|47065|61574
58308|6939|33891|51839
28917|6939|1299|21859
6461|174|28189|266931|271615|273522|271150
56655|1299|3223|34224|12735
151326|174|35598|52091|206810|208435
41722|12389|174|210|47065|61574
28917|6939|268944|271441
8529|1299|174|1916|47065|61574
6830|6939|58308
17350|2914|174|140227|44324|205369
50304|1299|4637|20473|47065|61574
42473|1299|6453|4755|7768
41327|13786|263047|269680
394256|174|21320|5408|47065|61574
57111|174|7545|20473|47065|61574
2500|2914|174|5538|8194|29345
50673|174|13786|263047
24785|1299|8551|20473|47065|61574
15576|174|60068|216213|205884
20253|1299|13335|400095
12779|174|13786|263047
38136|50131|174|37468|53062|266493|61625
48185|1299|7545|20473|47065|61574
553|62255|52091|206810|12773|44884
37662|174|52468|271150
198385|174|10490|2722|12148|47065|61574
12956|1299|12389|39089|202279|206810|52091|41039|48595
139317|44324|32595|174|53366
3170|6939|28917|44056|57629
58308|6939|1299|394923
59689|29075|174|140227|44324|205369
4601|50869|52025|210338
1257|174|13786|263047
58308|6939|1299|30823|49418|210546
58308|6939|33891|51191
6830|6939|28370|267556
24516|174|35598|52091|206810|12773|213694
50304|1299|6762|16735|273514
47311|150249|212001|205018
57111|174|34927|202827
25091|1299|198949|35676
28917|6939|1299|54082|263725|272916
8220|1299|198949|35676
35710|3320|174|399697|39967|399697
28917|6939|1299|213205
971|174|5459|200070
34854|1299|3920|206777
3130|174|12389|49666|205647|49801|204533
57695|917|60068|1299|3920|206777
36924|1299|3356|28370|263535
28917|6939|3170|210495
35600|6939|200303
34854|13335|400095
24961|1299|174|37468|61568|266460|61625
39351|174|13786|263047|268105
8455|3356|174|216211|211575
9002|1299|201814|209896
6830|3491|209810|207187|207242
12956|174|28189|266931|271615|273522|271150
196621|58115|21263|33814
262427|174|399697|39967|399697
51519|39351|174|6453|4755|7768
12859|1299|3257|19318|201813
6830|174|14840|269288
204092|6939|25192|29067
48919|174|216211|211575
6730|6830|3257|8551|44709
6424|174|35598|52091|206810|24881
6762|1299|20473|399970
3333|1257|1299|20473|399970
8283|14840|269288
6777|47065|61574
9268|4764|1299|16164|36032
132825|174|204548|215728
8298|8283|3491|209810|207187|207198
15605|41327|37468|270551|263047
151326|174|5459|200070
41327|6461|6424|44592|49581|211507
6894|174|35598|52091|206810|210063
42541|8551|44709
6777|35598|52091|206810|48595
8455|21320|5408|47065|61574
39351|1299|3920|206777
139317|44324|32595|174|401636
34854|1299|8551|20473|47065|61574
210937|1299|10490|2722|12148|47065|61574
28917|6939|1299|23520|272935|267705
8283|6939|25192|20701
28917|6939|1299|20473|63538
64475|6939|15372
6894|174|37468|53062|266493|61625
21412|1299|20473|201423
44324|32595|174|7296
37497|3491|1299|3920|206777
25160|1299|3920|206777
398465|3320|1299|3920|206777
29140|137409|62000|212815|52053
5413|1299|56504|47674
29222|6939|47787|203020
4601|50869|211024
209|3356|1299|8551|44709
28917|6939|1299|11172|28418
1828|33891|60068|211571
8220|1299|56630|209944
13830|971|174|37468|270551|263047
25160|174|12389|39089|202279|206810|52091|41039|48595
19653|137409|62000|212815|52053
23367|1299|29695|206557
199938|1299|174|140227|44324|205369
140627|2914|3356|21320|5408|47065|61574
41327|1031|266493|61625
40387|1299|6855|39904|47767
28917|6939|1299|20473|153185|149510
4601|50869|215172|401804|214955
29169|174|140227|44324|205369
20253|1299|6855|39904|47767
58308|6939|263047|269680
28917|6939|1299|208398|215024
4764|1299|34927|202827
20514|1299|20473|399970
209|3356|6461|6424|44592|49581|209693
51519|2603|21320|5408|47065|61574
5405|62255|52091|206810|211101
50628|6453|174|1916|47065|61574
38001|3491|1299|198949|35676
208972|33891|216067|44244
28917|6939|1299|46887|400164
7195|33891|216067|44244
7018|6939|2852|200874
151326|174|35598|52091
202365|50673|174|1299|198949|35676
15547|8220|1299|198949|35676
12859|35598|52091|206810|24881|24697
39122|1299|6939|2852|61110
42473|1299|12956|212721
207841|6939|28370|267556
31122|174|13786|263047|269680
34019|6939|15372
9044|1299|5511|60068|206406|210557
559|62255|52091|206810
40994|57463|41327|208376
139317|44324|32595|174|35399
6424|6939|28917|8491
6720|1764|174|20473|47065|61574
32590|12956|1299|6855|39904
58308|6939|6830|23520|11081
60326|34927|1299|3920|206777
199938|1299|6855|39904
34019|7195|28189|266931|271615|273522|271150
35008|1299|6762|267470|263047
559|6939|30893|204789
7575|2914|174|37468|61568|266460|61625
44324|32595|174|20545
44324|32595|174|53366
23764|3356|174|20473|47065|61574
28917|6939|62000|208226
35426|215596|1299|60068|216213|205884
58308|6939|7018|394896
6424|62255|62379
210312|4601|50869|41051|205563
3170|44592|49581|209693
56655|1299|3356|8119
28917|6939|1299|20473|32434
174|13786|263047|264982
44324|32595|174|12189
49028|1299|6939|30893|205563
47147|1299|7195|28343|2716
58308|6939|2852|61110
210312|4601|50869|6939|30893|13214|35634
207841|7195|28189|266931|271615|273522|271150
13030|62000|212815|52053
264479|7195|33891|216067|44244
31122|174|5538|8194|29345
28917|6939|1299|20473|16840
7713|174|46427|64289|44592|49581|211507
58308|6939|1299|36352|60117
57111|41327|20764|43298|48678|210574
8888|137409|6424|44592|49581|211507
6424|6939|28917|21453
136557|174|22381|267470|263047
58308|35598|52091|206810|196638|42702
6830|1299|22773|8119
4601|50869|199310|215502
25152|2914|12859|47065|61574
50628|1299|6461|394737
6894|2516|6939|1299|20473|399970
31742|1299|3356|28370|263963
49028|1299|6939|2852|210498
28917|6939|1299|20473|208223
9002|3356|174|399697|39967|399697
42541|1299|8551|44709
139317|44324|32595|174|50144
35426|215596|174|216211|211575
58308|6939|1299|208905|206815
31510|174|210|47065|61574
32590|1299|2914|226|47065|61574
28917|6939|28370|28657
3170|6939|28370|270962
58057|174|20473|47065|61574
1299|6939|28370|267556
28917|6939|1299|23520|264821|273009
56655|1299|6762|267470|263047
12586|3257|174|1916|47065|61574
210312|4601|8298|25091|1299|198949|35676
60068|1299|6939|393682
6894|3257|174|216211|211575
41666|20764|52091|206810|57164
48070|1299|174|13786|263047
58308|6939|1299|5518
207841|61049|174|140227|44324|205369
263237|174|34927|202827
28917|6939|1299|20473|211721
58308|6939|1299|43893|209454
29680|174|140227|44324|205369
44324|32595|174|207234
7922|1299|198949|35676
28917|6939|1299|14080|264718
34019|39801|60983
29222|6939|39791|57728
25160|6424|44592|49581|209693
6423|20055|174|13786|263047
13786|174|35598|52091|206810
4777|2497|174|1916|47065|61574
2734|9498|20473|47065|61574
12969|1299|4230|2716
29222|6939|41327
55222|174|35598|25308|28917|204076
327983|37497|1299|6855|39904|47767
28917|6939|1299|20473|401566
44324|32595|174|47936
398465|1299|3223|41327
3491|174|37468|61568|266460|61625
44324|32595|174|27747
29222|6939|62000|198831|210013
35710|3320|1299|60068|197103|212080
34019|137409|63473|200790
58308|6939|6830|23520|272935|274105|274027
29691|1299|6762|267470|263047
204092|6939|59689
139317|44324|32595|174|140577
209650|34927|174|204548|215728
15605|56911|174|52468|262393
29691|1299|5511|60068|206406|210557
29075|174|6453|29208
58308|6939|6830|23520|263703|269901
3356|174|16276|203019
58308|6939|553|204680|208854
16552|37271|174|11432|271150|272738
32590|174|216211|211575
151326|174|35598|52091|206810|34786
37697|37497|1299|201814|209896
44324|32595|174|272102|271816
16552|1299|6855|39904|47767
13030|1299|174|204548|215728
15562|2914|30058|53808|44324|215172|214955
174|13335|400095
48362|1299|3920|206777
210312|4601|50869|41051|212184
139317|44324|32595|174|13737
209650|34927|174|7311|835|394273
58299|62255|52091|59815
3320|1299|201814|209896
328840|327727|174|50509|51032|41344|39707
48070|6939|28370|269016
58308|6939|2852|201648
52025|174|14840|269288
6830|9002|12555
47160|174|22381|267470|263047|264389
15605|12637|6939|24796|63293
28917|6939|1299|835|52025|210338
29222|6939|32097|54203
139317|44324|32595|174|62807
25220|137409|62000|212815|52053
28917|6939|1299|6855|49117
2734|16276|203019
50131|174|210|47065|61574
58308|6939|1299|60068|201207|212238
48362|1299|174|60068|205884
44324|32595|174|53667|215832
8220|1299|10490|2722|12148|47065|61574
15935|174|30844|21351|60132
35600|6939|28917|39153
30600|174|204548|215728
7713|174|1299|198949|35676
28917|6939|1299|31898
20055|137409|62000|212815|52053
6894|174|5538|8194|29345
57695|917|60068|1299|17676|216211|211575
48070|212175|174|212175
58308|6939|1299|3301|50273
64475|6939|28370
49544|3356|174|60068|205884
3214|52025|212895|210320
20205|1299|60068|197103|212080
44324|32595|174|397161
28917|6939|1299|39869|59491
58308|35598|52091|206810|208435
6830|6939|28917|35539
58308|6939|12735|14789
328840|327727|174|13786|263047|269488
44324|32595|174|14522
139317|44324|32595|174|397496
24785|6830|3356|28370
6667|1299|198949|35676
9268|4764|1299|34927|202827
58308|6939|1299|25400|49082|204224
917|60068|33891|7195|28343|2716
14907|5405|14840|269288
3356|174|1916|47065|61574
28917|6939|1299|62874
263152|174|3257|21034
263152|174|46427|64289|44592|49581|211507
28917|6939|1299|21559|271945|269931|271968|271989
6424|6939|29222|41495|206202
35600|6939|28917|34784
12779|6939|28370|267556
559|6939|30893
3170|6939|54429|401894
32590|1299|12956|212721
5413|1299|25091|8298|4601|4492
4601|6939|28917|6789|48004
4601|6939|28917|6789|203561
210937|1299|2914|226|47065|61574
20514|1299|201814|209896
139317|44324|32595|174|53667|214660
8220|3491|1299|20473|47065|61574
34019|6939|60432
12859|6939|28370|270962
263237|174|216211|211575
398465|174|13335|400095
25152|2914|174|204548|215728
28917|6939|35826|62815
24516|174|3257|19318|209896
35008|1299|174|60068|205884
7474|7473|1299|12389|39089|202279|206810|52091|41039|48595
8283|6939|30893|205563
31510|174|3257|19318|209896
39351|1299|20473|399970
4601|50869|52025|51939
50304|1299|7195|28189|266931|271615|273522|271150
52320|174|204548|215728
210312|4601|50869|41051|212834
58308|6939|29208|199350
30781|1299|60068|197103|212080
58308|6939|6830|23520|273871
971|174|6453|19318|209896
6696|1299|42303|51701|30893
44324|32595|174|32505|397370|6936
36924|1299|6453|60068|216213|205884
57695|917|60068|1299|6855|39904|202605
12637|20764|43298|48678|213865
28917|6939|262365
199524|174|13786|263047|262813
39122|1299|6939|28370|267556
1299|6453|1031|61568|266460|61625
3170|174|5538|8194|29345
28917|6939|7018|401763
2518|1299|8551|20473|47065|61574
9044|1299|56630|209944
9900|23764|3356|174|1916|47065|61574
57463|8455|8283|47065|61574
204092|6939|28370|264426
209823|3356|174|216211|211575
7474|3257|174|210|47065|61574
8426|6424|44592|49581|209693
53828|2914|174|20473|47065|61574
1299|29695|206557|204503
48070|6939|50989|205966
8283|2914|268624|28370|28657
35426|215596|174|60068|216213|205884
207841|6939|29222|513|20940
35369|1764|174|52468|271150
139317|44324|32595|174|53667|399266
58308|6939|6830|6730|213081|211535
210937|1299|13335|400095
28917|6939|1299|52468|263232
398465|2914|174|20723|2852|202874
6830|3356|21320|5408|50148
58057|34549|1299|3920|206777
40994|6939|207995
1273|174|13786|263047|269488
8220|1299|5511|49666|58224|214805
6423|20055|174|13786|263047|61826|52766
19653|30600|174|37468|61568|266460|61625
51519|39351|1299|20473|399970
271253|1299|33891|216067|44244
207841|6939|28917|43886
19653|30600|1299|22773|8119
20130|23352|3257|174|399697|39967|399697
6696|1299|12389|39089|202279|206810|52091|41039|48595
28917|6939|1299|62597
58308|6939|7018|1999
31742|1299|6762|267470|263047
35426|215596|174|210|47065|61574
39122|174|3257|21034
56987|1299|12389|39089|202279|206810|52091|41039|48595
139317|44324|32595|174|209847|215540
15562|2914|174|399697|39967|399697
58308|6939|28917
140627|2914|1299|3920|206777
7594|174|5459|200070
28917|6939|1299|6400|271940
44324|32595|174|2149
28917|6939|1299|30600|22379
55720|2914|137409|62000|212815|52053
34019|29169|174|140227|44324|205369
6777|35598|52091|206810|57164
559|29632|215536
58308|6939|1299|62214
47147|6830|60068|216213|205884
1403|577|6830|34927|202827
12637|1299|3216|51032|41344|39707
513|174|2914|226|47065|61574
58057|34549|52025|212895|210320
28917|6939|6830|5089
40994|6939|28917|47759
61568|174|210329|215728
58057|50673|174|21320|5408|47065|61574
6424|37517|1299|6758|37649
48362|1299|20473|201423
139317|44324|32595|174|35986
148968|1299|4230|2716
28917|6939|7018|54097
28917|6939|1299|202045
40994|57463|41327|43648|208499
50304|1299|37468|53062|266493|61625
52075|33891|60068|211571
139317|44324|32595|174|398156
48362|1299|6453|4755|7768
48185|6461|62000|212815|52053
48070|6939|25192
15935|174|1299|8551|44709
139317|44324|32595|174|47936
139317|44324|32595|174|394449
58308|6939|553
29222|6939|3170|965
41722|20485|1299|6855|39904
58308|6939|33891|211690
49028|1299|6939|2852
12779|174|13786|263047|266089
3257|174|140227|44324|215172|214955
198385|174|12956|212721
58299|62255|52091
1280|1299|201814|209896
28917|6939|1299|3301|209041
6424|6939|28917|206011
22652|174|20723|2852|202874
1299|6939|200303
12779|174|216211|211575
12779|6939|59970
57381|50304|1299|8551|44709
12779|6939|25192|20701
41327|174|1916|47065|61574
210312|4601|50869|41051|25538
29504|15935|174|1299|20473|399970
39122|1299|6762|49666|58224|214805
4601|50869|58299|209114|202545
3214|1299|198949|35676
2516|1299|1680|20473|47065|61574
15605|35598|52091|206810|202279
12637|13335|5408
28917|6939|29222|41495
7713|174|1299|12859|47065|61574
139317|44324|32595|174|46642
39122|174|22381|267470|263047|264389
210937|1299|3356|8119
210312|4601|50869|6939|2852|210498
29680|174|11432|271150|272738
174|216211|44324|205369
58308|6939|1299|201706|43278
48362|1299|3356|28370|263535
559|35598|52091|206810|211692|31069
49544|1299|174|204548|215728
8283|6939|25192
64475|62255|52091|206810|57982
15576|35598|52091|206810|39089
25091|6453|174|140227|44324|205369
34927|56655|1299|3257|20473|47065|61574
8220|1299|3257|204548|215728
38001|3491|174|20723|2852|202874
58308|6939|1299|197205
20080|2914|1299|8551|44709
34019|3303|174|52468|262393
55222|1299|3356|28370|263535
999|6453|174|13786|263047|269488
58308|6939|268944|271441
4181|1299|6855|39904
204092|6939|25192|20701
39351|1299|3257|20473|47065|61574
40994|13046|1299|3326|43009
22652|1299|6453|4755|7768
58308|6939|1299|3249|206714
58308|6939|39790
132825|174|3257|204548|215728
1836|33891|60068|211571
28917|8359|57304|202032
215596|1299|3257|20473|47065|61574
999|6453|1299|20473|47065|61574
917|60068|174|21320|5408|50148
48919|174|60068|216213|205884
58308|6939|6830|23520|46650|399273
48185|1299|6855|39904
44324|32595|174|14051|400097
12637|174|20473|47065|61574
44324|32595|174|399646|205563
42541|62255|52091|206810|39089
553|6939|58308
3399|174|30844|21351|60132
42541|62255|52091|206810|196767
8283|20764|52091|206810|59815|25299
1273|1299|20473|201423
5405|6939|2852|212876
49028|1299|6939|28370|267608
49028|1299|4230|52654|266493|61625
8283|6939|29222|207688
59890|174|10490|2722|12148|47065|61574
58308|6939|1299|9929
34177|1299|6762|16735|273514
28917|6939|196945
6730|6830|3356|28370|263535|268030
35280|1299|174|37468|61568|266460|61625
32595|174|21320|5408|47065|61574
14630|2914|3356|21320|5408|47065|61574
28917|6939|1299|23520|263703
3491|1299|60068|197103|212080
2914|174|35598|52091|206810
3257|1299|201814|209896
37662|174|21320|5408|50148
2518|1299|6855|50698
34177|33891|216067|44244
7018|174|20473|47065|61574
57777|8298|25091|1299|3920|206777
12637|6939|59970
34927|56655|12859|47065|61574
23367|1299|174|22381|267470|263047|264389
42541|1299|20473|47065|61574
47147|1299|7195|11432|271150|272738
28917|6939|1299|52468|273923
139317|44324|32595|174|137409|7578
196621|6939|28370|268521
207841|6939|30893|205563
12779|9002|12555|48430
24516|3491|1299|3920|206777
34019|9002|12555|48430
1299|3356|28370|28657
58308|6939|7018|19106
398465|1299|6453|19318|209896
199938|1299|174|210329|215728
29222|6939|56630|209944
4601|6939|28917|198297|51081
44324|32595|174|394584
25160|1299|6855|39904|199604
28917|3257|1299|3920|206777
202365|50673|174|3356|28370|268521
28917|6939|1299|20473|203913
49028|1299|56630|209944
5405|6939|2852|200874
7660|2516|174|140227|44324|205369
4764|1299|29695|206557
29222|6939|56595|205885
19151|174|5538|8194|29345
12779|29632|59682
58299|14840|2716
18106|33891|44592|49581|209693
15605|56911|1299|8551|44709
2497|174|210329|215728
58308|6939|1299|4538
5405|62255|52091|206810|211692|214268|197578
216285|8280|6762|174|204548|215728
204092|6939|28917|48610|57712
1299|7195|28260|270548|52794|52659
34927|1299|25091|8298|4601|4492
29075|1299|6453|19318|209896
28917|6939|49418|213893
48185|1299|17676|216211|44324|205369
58308|6939|215085|202585
28917|6939|1299|30823|49418
263152|174|2914|20473|201423
50304|1299|52320|7162|13878|52468|271150
4777|2497|174|37468|61568|266460|61625
29222|6939|50629|207252
2734|13786|263047|264972
44324|32595|174|3266
132825|174|35598|52091|206810|211692|214268
25152|2914|1299|201814|209896
6453|1299|8551|20473|47065|61574
9044|1299|20473|399970
6424|1031|262999|272466
21232|13030|1299|3257|204548|215728
50673|8283|47065|61574
34854|1299|37468|52468|271150
44324|32595|174|21826|269946|274117
44324|32595|174|272102|273011
328840|327727|174|3356|28370|268521
8283|49581|209693
207841|6939|2852|213152
58057|174|22381|267470|263047|264389
35008|1299|10490|2722|12148|47065|61574
50629|6939|207995
49788|1299|3257|204548|215728
20485|1299|8551|44709
20612|8758|6424|44592|49581|209693
49544|1299|174|210329|215728
60068|33891|3223|34224|12735
52873|12956|174|20473|47065|61574
8455|2914|12859|47065|61574
44324|32595|174|15094
32590|1299|20473|201423
58308|6939|35168|21299
28917|6939|1299|42313|204816
327960|174|201814|209896
64475|3320|1299|201814|209896
28917|6939|1299|52468|271936
398465|7922|1299|20473|47065|61574
49028|1299|6453|1031|61568|266460|61625
58308|6939|1299|32723
29222|6939|8194|201547
216211|44324|215172|214955
44324|32595|174|62628
28917|6939|30893|13214
13830|971|174|5511|49666|58224|214805
12779|20473|47065|61574
28917|6939|1299|20473|33760
29680|174|52468|262393
13830|971|174|14840|269288
4601|50869|34019|204092|202945
60068|1299|3356|28370|267608
4764|1299|6855|39904|47767
210312|4601|50869|204003
24785|6830|6453|60068|216213|205884
58308|6939|8899|42652|44569
15605|6939|29222|204957
28917|6939|1299|15830|7342
42473|1299|174|22381|267470|263047|264389
64475|29632|215536
28917|6939|1299|399077
199524|1299|3356|28370|263535|268030
28917|6939|7018|16793
12350|1299|3356|28370|267556
35426|215596|1299|3356|28370|53079
12779|62255|52091|206810|211101
15623|1299|20473|201423
48070|6939|50989|33837
58308|6939|7018|400393
12779|6939|54429
37468|28917|215730|209693
263152|174|20473|47065|61574
12350|1299|3356|16735|273514
199524|6762|1299|12859|47065|61574
139317|44324|32595|174|205035
513|29222|6939|268624|262594|268117
28917|6939|1299|16509|14618|54981
2734|58453|30990|174|30844|328895
47147|1299|6939|2852|210498
21700|174|35598|52091|206810|48595
6830|174|13786|263047
151326|174|35598|52091|206810|197643
50877|6762|174|11432|271150
28917|6939|2852|61110
12586|3257|174|140227|44324|205369
1299|12859|47065|61574
8283|20764|52091|206810|12773
19151|174|22381|267470|263047
28917|6939|1299|25899|396872
55222|1299|3223|41327
6453|174|60068|205884
47147|1299|35598|25308|28917|204076
12969|1299|6453|1031|61568|266460|61625
1273|1299|8551|44709
3130|174|1299|6855|50698
47147|1299|3920|206777
205206|1299|3356|28370|263963
3701|3356|1299|3920|206777
58511|1299|20473|201423
58308|6939|1299|27947
12637|6939|25192|20701
20080|137409|62000|212815|52053
15605|6939|25192
57777|8298|8283|3491|209810|207187|204943
6461|174|8551|20473|47065|61574
42541|62255|52091
513|29222|6939|61618|267320
37662|174|210329|215728
58308|59689|29075|174|140227|44324|205369
553|6939|28370|268521
29222|6939|29208|205400
58308|6939|6830|23520|26505
37105|37662|174|12956|212721
28917|6939|1299|23520|262191|274039
6894|174|35598|52091|206810|56915
7500|2516|137409|62000|212815|52053
6830|6461|210|47065|61574
6830|6939|39790
48070|6939|60432
559|35598|52091|206810|202279|213203
210937|1299|174|20473|47065|61574
327960|174|35598|52091|48158
196621|6939|2852|197451
29222|6939|25192
29222|6939|25192|29067
28917|6939|1299|63270|397301
40994|57463|22356|52468|271150
5405|1299|174|37468|61568|266460|61625
48070|1299|6453|19318|201813
25091|5511|174|140227|44324|205369
262427|174|35598|52091|206810|39558
58308|35598|52091|206810|12773|213694
62000|1031|266493|61625
6720|1764|1299|174|37468|61568|266460|61625
42473|1299|3356|28370|53079
210937|1299|174|37468|61568|266460|61625
15692|2914|174|399697|39967|399697
41666|20764|52091|206810|12773|213694
35600|6939|28370|268521
1403|577|174|204548|215728
6830|3356|16735|266931|269250|271150
28917|6939|1299|9009|215294
12859|8298|4601|4492
1764|174|20473|47065|61574
5413|6461|6424|44592|49581|209693
6424|64049|174|55410|141549
513|29222|6939|215085|207682
50673|174|216211|211575
34927|1299|6204|44592|49581|209693
139317|44324|7720|10111|1299|20473|47065|61574
28917|6939|1299|20473|209215
139317|44324|32595|174|30021
199938|1299|3356|8119
28917|6939|1299|23520|14638
4181|1299|2914|226|47065|61574
210312|4601|50869|199310|153376
28917|6939|1299|52468|272032
11039|6461|1299|4230|2716
20253|1299|174|13786|263047|267961
34927|52025|174|21320|5408|50148
7594|3356|1299|6855|50698
204092|34019|49581|211507
58308|6939|6830|58299|211286
35600|30781|1299|6855|39904|47767
7594|174|52468|271150
39122|1299|3356|1680|44709
28917|6939|1299|20473|51939
24516|3491|2914|6424|44592|49581|209693
6894|174|35598|52091|206810|56766
29222|6939|2852|61110
16347|1299|3223|34224|12735
37662|174|204548|215728
7018|3356|9002|8772|396416
207841|9498|20473|47065|61574
6424|9498|20473|47065|61574
2516|6939|1299|20473|399970
7018|6939|28370|269016
58308|6939|50989|33837
12859|6939|42695|52011
1828|1299|8551|44709
34927|6830|60068|216213|205884
4601|50869|6939|2852|213152
15605|6939|2852|201648
56655|1299|21351|60132
31510|174|210329|215728
28917|6939|1299|8697|8376
20932|1299|6855|39904|47767
42541|62255|52091|206810|8274
58308|6939|6830|33915|200428
559|35598|52091|206810|59815|25299
58308|6939|6823
3741|174|14840|2716
559|6939|33924
58299|4657|132132|1299|6939|46997|10241|131259
12779|7195|28343|2716
28917|6939|1299|36236|11878
139317|44324|32595|174|57961|205140|14789
58308|6939|1299|398446
29222|6939|7018
28917|6939|1299|54113
42473|1299|174|20473|47065|61574
58299|37468|60068|216213|205884
64475|6939|2852|213152
48070|20764|43298|48678|213865
8220|1299|174|20473|47065|61574
28917|6939|1299|262206|27773
28917|6939|62000|198831|207466
917|60068|33891|17676|216211|44324|205369
6830|6939|42695|43101
25220|1299|20473|47065|61574
2497|174|22381|267470|263047
29222|6939|29670|211939
34927|1299|3356|60011|34927|208690
23367|1299|3356|28370
4601|50869|52025|202986
49434|5511|174|11432|271150|272738
60068|1299|23764|35168|212999
21232|33891|60068|211571
174|12389|49666|205647|49801|204533
6424|8551|44709
46450|1299|3257|204548|215728
51184|47692|33891|266493|61625
28917|6939|1299|27947|13335
58308|6939|1299|21277|212573
12307|29691|33891|216067|44244
4764|1299|21351|60132
38001|3491|174|60068|205884
47147|3320|1299|17676|216211|44324|205369
58308|6939|7018|29992
37105|37662|174|28189|266931|269250|271150
58057|174|52468|271150
32590|12956|174|12389|39089|202279|206810|52091|41039|48595
28917|6939|1299|199753
199524|174|13786|263047|269488
28917|6939|1299|20473|199682
7474|7473|1299|20473|47065|61574
58308|6939|1299|17639|153322
32590|12956|1299|6855|39904|202605
4601|50869|41051|212184
58308|6939|33891|50696
58308|6939|1299|26073|401698
21700|174|35598|52091|206810|202497
8283|7195|11432|271150
29222|6939|6424|203020
50877|5405|6939|2852|202874
52025|212895|210320
3170|15557|206865|3215|5511|174|199727|12645
49028|1299|174|13786|263047|269488
59105|2518|2914|6424|44592|49581|209693
58057|50673|174|6461|394737
4775|1273|174|5538|8194|29345
8283|20764|52091|206810|12773|44884
199524|174|37468|61568|266460|61625
47147|1299|6939|2852|201648
210312|4601|6939|28917|39134|39561|197695|210550
60068|33891|7195|28343|2716
28917|6939|207767|214948
17660|2914|1299|20473|47065|61574
60068|1299|3223|34224|12735
58308|6939|41720|208229
49788|12552|33891|44592|49581|209693
20612|9044|1299|198949|35676
680|1299|6855|39904
22652|1299|201814|209896
29222|6939|15962|203933
207841|6939|28917|12668|197404
4601|50869|204464|206586
22652|174|60068|205884
1299|4637|20473|47065|61574
58308|6939|29670|213674
57111|174|1299|20473|47065|61574
151326|174|28189|266931|271615|273522|271150
209650|34927|1299|3257|60068|206406|210557
48362|1299|8551|44709
7473|1299|3920|206777
5405|6939|30893|204789
1273|174|10490|2722|12148|47065|61574
15562|2914|1299|198949|35676
2914|1299|34927|202532
8218|6461|174|216211|211575
28917|6939|1299|52468|274144
204092|6939|28917|47478
58308|6939|1299|31242|49787
50304|47311|150249|153176
20253|1299|3356|28370|268198
174|35598|52091|206810|214721|204108
34019|37468|60068|216213|205884
53828|2914|174|201814|209896
137409|174|3257|204548|215728
58308|6939|6830|199524|51191
40994|6939|16652
56662|28917|215730|209693
28917|6939|1299|60068|197103|270475
9044|174|11432|271150
45049|6696|1299|20473|47065|61574
3170|6939|28917|28907
28917|6939|1299|11019|29789
24482|6453|1299|20473|47065|61574
28917|6939|1299|270126
31742|1299|6762|16735|273514
1103|28917|215730|209693
60068|174|10490|2722|12148|47065|61574
12859|1299|3356|28370|53079
37468|1299|20473|47065|61574
8220|1299|16164|36032
31742|1299|3356|1680|44709
28917|6939|1299|9141|211742
6424|7195|28189|266931|271615|273522|271150
174|3257|21034
7594|174|35598|52091|206810|214721|204108
46450|1299|6855|39904
3130|174|6461|394737
139317|44324|32595|174|46265
2497|174|60068|205884
62000|47498|208453
6894|174|137409|62000|212815|52053
262427|174|210329|215728
28917|6939|6830|23520|64126|273220
11039|6461|174|204548|215728
6423|20055|174|13786|263047|267961
28917|6939|1299|23520|52228|13335
12637|6939|16652
3170|6939|25192
2518|1299|35598|52091|206810
553|1299|3356|28370|53079
58308|6939|50629|207252|205941
39122|174|20723|2852|202874
9268|4764|1299|60068|211571
139317|44324|32595|174|27258|399252
50877|5405|20473|47065|61574
559|35598|52091|206810|12773|47809|59478
136557|174|35598|52091|206810|5598
16552|6424|44592|49581|211507
327804|37271|174|216211|211575
58308|6939|1299|20473|205417
34800|58057|50673|174|7545|20473|47065|61574
1140|24785|1299|6762|16735|273514
12859|37468|53062|266493|61625
28917|6939|1299|28852
6696|1299|6855|39904|47767
5511|1299|20473|201423
2497|1299|21351|60132
14907|1299|3356|28370|263060
34927|1299|12859|47065|61574
28917|6461|17378|8119
58308|6939|1299|6758|33874|14789
14907|5405|61568|266460|61625
28917|6939|1299|36236|41378|399888|142438
29222|6939|29208|48926
199524|1299|3223|41327
3320|1299|12859|47065|61574
41327|6939|59970
6424|174|35598|52091
2734|52320|7738|262999|272466
22652|33891|216067|44244
2027|47160|174|52468|271150
3216|1299|3223|41327
207841|6939|28370|52593
57866|1299|3223|41327
210312|4601|50869|214757
29075|1299|20473|399970
2500|2914|6424|44592|49581|211507
50629|20764|52091|206810|214721|204108
28917|6939|1299|14593|40714
917|60068|174|210|47065|61574
58308|6939|29670|49933
28917|2603|21320|5408|50148
45352|174|3356|28370|268521
50629|1299|4637|20473|47065|61574
2734|63270|174|3356|36207
44324|32595|174|263237|266830|28120
44324|32595|174|201102
2914|1299|25091|8298|4601|4492
5511|1299|12859|47065|61574
205206|33891|266493|61625
2734|142111|152672|174|3491|4229|21859|154049
28917|6939|1299|20473|46464
35280|6453|174|21320|5408|47065|61574
7018|1299|16276|203019
12969|1299|6453|19318|201813
33891|52320|7162|13878|52468|271150
12307|29691|1299|7545|20473|47065|61574
7018|3491|216211|211575
35426|215596|62000|6777|42541|205235|207727
6453|1299|29695|206557
328512|37100|1299|8551|44709
12637|59692|12555
29504|15935|13335|400095
207841|6939|28917|8926|41221|207164
50673|174|1299|20473|399970
15605|35598|52091|206810|34786|41875
28917|6939|1299|11172|265586
6830|6939|207995
210312|4601|50869|58299|59645
264409|174|1299|6855|39904|47767
174|3356|28370|267608
34800|58057|50673|174|399697|39967|399697
58308|6939|6830|23520|27665|270040
48362|1299|3257|204548|215728
49605|6762|174|11432|271150
210312|4601|50869|6939|30893|13214
40994|6939|28917|39238|49392|34567
58308|6939|1299|39648
49432|48362|1299|12389|39089|202279|206810|52091|41039|48595
25160|174|216211|211575
58057|34549|1299|201814|209896
23367|1299|3356|28370|263060
29691|13030|12859|47065|61574
58308|6939|6830
58308|6939|1299|54103
34800|58057|50673|174|2914|20473|47065|61574
397131|60011|3356|1299|3920|206777
327960|174|28283|268744|2716
7018|6939|33924
6424|6939|28917|21453|35271
210312|4601|50869|41051|201911
64475|7195|11432|271150
44324|32595|174|9166
9044|1299|2914|226|47065|61574
29222|6939|62000|198831
42541|52320|7738|262999|272466
20485|1299|20473|399970
58308|6939|1299|16276
31510|174|3356|28370|28657
25091|6830|60068|216213|205884
327727|174|13786|263047|267961
139317|44324|32595|174|13819
971|174|35598|52091|206810|24881|24697
42541|62255|52091|206810|211692|214268|197578
58299|7195|11432|271150
58308|39801|29222|64515|64519|64520|64522|65500|207688
13830|971|174|35598|52091|206810|59867
3170|6939|28917
6424|20764|52091
31510|174|1299|3920|206777
3320|1299|29695|206557|208835
28917|6939|1299|60068|399244
262427|174|35598|52091|206810|59815|25299
51873|137409|62000|212815|52053
29222|6939|7018|19106
210312|4601|50869|52025|207118
202365|50673|174|6461|394737
58308|6939|56595|206324
328840|327727|174|35598|52091|206810|210063
15605|6762|1299|198949|35676
30600|1299|8551|44709
6830|6939|28917|197078
58308|6939|1299|43766
47957|3356|174|20473|47065|61574
41327|6939|215172|214955
20253|1299|20473|399970
35598|174|28189|266931|269250|271150
15605|6939|215172|214955
44324|32595|174|394634
151326|174|28189|266931|269250|271150
37721|33891|60068|211571
199524|33891|60068|211571
59105|2518|1299|198949|35676
210312|4601|50869|44324|198304|204518
328840|327727|174|35598|52091|206810|214721|204108
20055|174|13786|263047|269488
64475|6939|28370|263535
28917|6939|1299|198949|48851
20764|174|2914|20473|47065|61574
44324|32595|174|394542|20432
7018|6939|28370|263060
44324|32595|174|401029
35600|57463|22356|52468|271150
34927|1299|3356|28370|53079
44324|7720|10111|1299|20473|47065|61574
50629|6939|16652
28917|6939|1299|20473|206824
28917|6939|208731
60068|33891|20473|47065|61574
58308|6939|1299|36137
6696|5511|174|52468|271150
47147|1299|20473|47065|61574
28917|6939|1299|58065
58299|49581|209693
20932|1299|6762|16735|273514
62000|6777|209870
327727|174|35598|52091|206810|214721
12637|1299|20473|47065|61574
917|3214|1299|6855|39904|202605
2734|22356|28370|264426
28917|6939|1299|20473|205152
47160|174|210329|215728
136557|174|22381|269144|268424|264524|266448|268624|268874
50629|174|1916|47065|61574
6667|1299|60068|197103|212080
4601|50869|199177
20612|9044|1299|56630|209944
1140|24785|6830|3356|16735|273514
3399|174|37468|53062|266493|61625
44324|32595|174|50297
196621|6939|50989|33837
22652|174|11432|271150
47147|1299|13335|400095
34019|6939|25192|26710
58308|6939|1299|18734|28548
20514|1299|56630|209944
31742|1299|6855|39904
41722|12389|174|2914|20473|47065|61574
29222|6461|62000|212815|52053
6830|3257|19318|201813
28917|37468|60068|216213|205884
7713|174|5538|8194|29345
971|174|52468|271150
29222|6939|28370|264426
32590|1299|60068|216213|205884
28917|6939|1299|23520|265592
12637|6939|15372
29222|6939|3170|57782
39392|33891|266493|61625
28917|6939|7018|14654
3333|2603|21320|5408|47065|61574
57111|137409|62000|212815|52053
29222|6939|9136|207592
29691|1299|2914|226|47065|61574
58308|6939|1299|198611
4181|1299|56630|209944
7474|3257|174|20473|47065|61574
139317|44324|32595|174|136493
35008|1299|3356|20473|47065|61574
20253|1299|6453|1031|61568|266460|61625
1299|174|32595|44324
16347|1299|6855|50698
48070|6939|28917|21453|48149
49432|48362|1299|7545|20473|47065|61574
32590|4637|3257|1299|198949|35676
28917|3257|1299|20473|47065|61574
327727|174|52468|271150
53828|137409|62000|212815|52053
34019|30781|1299|3920|206777
50629|20764|202984|35598|25308|28917|9049|51017
37662|33891|216067|44244
64475|62255|52091|206810|211692|214268|197578
7594|174|210329|215728
6830|2914|226|47065|61574
20205|174|21320|5408|50148
28917|6939|1299|16733
216285|8280|6762|174|210329|215728
52873|12956|1299|20473|399970
29075|1299|7545|20473|47065|61574
286|3257|33891|216067|44244
20912|12637|1299|20473|201423
29680|3257|1299|20473|201423
20253|1299|174|204548|215728
7474|3257|174|21320|5408|47065|61574
215596|1299|6855|39904|47767
28917|6939|1299|39855
51519|39351|174|13786|263047|271068
266213|3356|1299|3920|206777
6424|6939|28917|20985
57695|917|60068|174|3356|60011|34927|208690
15547|174|52468|262393
40994|174|216211|211575
47147|3320|1299|60068|216213|205884
58308|6939|1299|205958
7713|1299|12956|212721
210312|4601|50869|213605
45049|6696|1299|20473|399970
29222|6939|50629|215236
44324|32595|174|400701
44324|32595|174|53667|200329
213151|41051|50263|44592|49581|209693
41327|1299|20473|399970
22652|1299|20473|201423
42473|1299|3356|28370|267556
148968|1299|174|204548|215728
12389|1299|20473|399970
6667|174|5538|8194|29345
263237|174|3257|60068|206406|210557
553|1299|3356|28370|269016
29680|174|34927|202827
29222|6939|48678|211804|208913
210312|4601|9002|8772|215536
36924|1299|1680|20473|47065|61574
58308|6939|1299|263821
31510|174|13786|263047|267961
4601|50869|213605
16552|1299|201814|209896
6762|1299|12859|47065|61574
559|35598|52091|206810|56766
553|6939|2852|61110
4601|50869|6939|60432
28917|6939|1299|20473|142641
139317|44324|32595|174|2901
6461|174|399697|39967|399697
60068|33891|917|214598
39122|1299|6855|39904|199604
50629|1299|10490|2722|12148|47065|61574
139317|44324|32595|174|399544
12859|1299|6762|267470|263047
3216|1299|20473|399970
29504|39392|33891|20473|47065|61574
28917|6939|61618|267320
6830|174|13786|263047|268105
15935|174|201814|209896
2497|1299|34927|202827
28917|6939|1299|20473|53841
7660|2516|1299|2914|226|47065|61574
35280|6453|174|10490|2722|12148|47065|61574
28917|6939|1299|18734|28545|28556
28917|6939|1299|52468|271923
559|6939|39790
12779|6939|39790
7018|1299|8551|44709
58308|6939|1299|36352|16628
52873|12956|1299|6855|39904|199604
22652|174|28189|266931|269250|271150
327727|174|3356|3223|41327
44324|32595|174|22439
23367|1299|6855|50698
6830|3356|16735|52794|52659
58057|34549|1299|6855|39904|47767
58308|6939|6830|23520|46650|13335
15605|35598|52091|206810|34786
28917|6939|1299|20473|60240
28917|6939|1299|52468
1299|174|13786|263047
58057|174|50509|51032|41344|39707
29222|1299|35598|52091|206810
16347|1299|6855|39904|199604
25152|2497|174|37468|61568|266460|61625
15547|174|204548|215728
5405|62255|52091|206810|208435
398465|1299|3356|16735|2716
139317|44324|32595|174|394611
398465|1299|29049|49666|205647|49801|204533
41327|6939|15372|203592
57111|41327|21351|60132
34019|6939|54429|401894
553|1299|6453|29208
204092|30781|33891|60068|211571
174|16276|203019
28917|6939|1299|20473|200510
47160|174|13786|263047|267961
21412|1299|21351|60132
28917|6939|199095
58308|6939|15935|200844
34800|58057|50673|174|20473|47065|61574
41666|20764|52091|206810|211692|214268|197578
59891|13030|21320|5408|47065|61574
29222|6939|205081
51185|6762|174|20723|2852|202874
57381|50304|1299|3257|204548|215728
4657|33891|216067|44244
50304|1299|20473|399970
64475|6939|24796
52873|12956|1299|6855|39904
28917|6939|1299|6204|25198
58299|44592|49581|209693
262427|174|35598|52091|206810|214721|204108
174|3356|3223|34224|12735
206356|50629|3356|21320|5408|47065|61574
271253|6453|6461|6424|44592|49581|209693
28917|6939|1299|20473|401155
2914|174|37468|61568|266460|61625
398465|1299|3223|34224|12735
13030|1299|198949|35676
139317|44324|32595|174|20473|328760
34019|1680|44709
28917|20764|52091|206810|211692|214268|196977
51185|6762|1299|22773|8119
4601|50869|52025|214420
28917|6939|6830|23520|272935|273948|274204
8283|20764|52091|206810|35273
4601|50869|58299|216441
1299|3257|210329|215728
39122|174|1916|47065|61574
7500|2497|1299|42303|51701|30893
1103|6830|174|11432|271150|272738
34854|1299|3257|204548|215728
51519|39351|1299|6855|39904
31742|1299|3356|28370|269016
8660|1267|1299|6453|29208
34800|29632|9002|21320|5408|47065|61574
6762|1299|22773|8119
3491|1299|20473|47065|61574
58308|6939|1299|57811|201029
58308|6939|7018|6621|265591
37105|37662|174|22381|267470|263047|264389
58308|6939|3170|214670
49432|48362|1299|3356|60011|34927|208690
50877|5405|49581|209693
49788|1299|1680|20473|47065|61574
3130|174|13786|263047|266089
7018|1299|6855|39904|202605
36924|1299|3491|216211|211575
148968|7474|3257|174|14840|269288
210312|4601|8298|25091|2603|21320|5408|47065|61574
28917|6939|1299|8151|272325
60326|34927|1299|60068|197103|212080
35426|215596|1299|3356|28370|268198
28917|6939|1299|36352|27176|215120
10111|1299|3920|206777
4601|50869|207907
398465|1299|6855|50698
6720|1764|174|60068|205884
22652|174|37468|61568|266460|61625
51519|39351|174|10490|2722|12148|47065|61574
207841|6939|28917|8926|200019|48753
553|6939|59689
215596|1299|12956|212721
48070|28283|268744|2716
28917|6939|1299|20473|59467
327727|174|35598|52091|206810|59815|25299
37239|37468|1299|8551|44709
1299|6939|2852|200874
51185|6762|1299|6855|39904|199604
50629|20764|52091|206810|197960
28917|6939|1299|23520|272935|267845|64120
6082|137409|62000|212815|52053
58308|6939|31319
151326|174|35598|52091|206810|56766
20514|1299|37468|270551|263047
58308|6939|1299|52468|265632
148968|1299|16276|203019
58308|6939|50698
21700|174|60068|216213|205884
30844|174|5538|8194|29345
210312|4601|50869|41051|207852
12637|35598|52091|206810|39089
30844|5511|1299|3920|206777
44324|32595|174|210684
28917|6939|1299|60068
29222|6939|205479
12859|1299|3920|206777
7018|3356|52468|262393
210312|4601|50869|6939|58308
16347|1299|12389|39089|202279|206810|52091|41039|48595
8283|3320|6855|50698
35426|215596|174|13786|263047
20055|1299|3223|34224|12735
327983|37497|3491|2914|12859|47065|61574
34927|60011|3356|174|20723|2852|202874
2516|6830|60068|211571
139317|44324|32595|174|16437
271253|6453|174|8551|20473|47065|61574
971|174|14840|269288
58308|6939|40994|216321
58057|1836|174|204548|215728
47957|28917|215730|209693
50877|5405|6939|42695|43101
38001|3491|174|28189|266931|269250|271150
6830|9002|12555|210259
6453|174|5538|8194|29345
62167|12859|47065|61574
132847|1221|4637|3356|21320|5408|47065|61574
42541|1299|60068|216213|205884
58308|6939|33891|61438|214517
58057|174|35598|52091|206810|211101
132847|7474|3257|1299|20473|47065|61574
28917|6939|1299|208905|206446|35793
8220|1299|4230|2716
58308|6939|29208|215588
210312|4601|50869|34019|211868
50673|174|37468|270551|263047
47147|1299|6939|28370|52593
58057|50673|174|399697|39967|399697
28917|6939|1299|20473|139216
12859|1299|201814|209896
397131|60011|3356|1299|12859|47065|61574
12637|6939|30893|13214|35634
58308|6939|6830|23520|11556|52336
7594|174|28189|266931|271615|273522|271150
58308|6939|1299|5617|42598
28917|6939|6830|23520|54082|263725|271981
58308|6939|1299|270122|270111
210312|4601|50869|200242
58308|6939|1299|5617|214666
35600|6939|39790
559|1828|12179|393398|3356|1299|23033|27323
4601|50869|6939|2852|212876
34854|1299|29049|49666|205647|49801|204533
34927|1299|17676|216211|44324|205369
8283|6939|2852|200874
50877|5405|6939|42695
2497|1299|20473|47065|61574
4181|1299|1680|20473|47065|61574
34019|6939|30893|200690
20253|1299|174|210|47065|61574
28917|6939|1299|20473|211437
148968|1299|3257|60068|206406|210557
64475|3320|1299|20473|201423
199524|1299|6453|19318|209896
205206|1299|3356|28370|268198
44324|32595|174|401958
4764|1299|29695|206557|208835
48070|6939|30893|13214
29222|6939|7018|401291
263152|264409|174|6453|29208
202365|50673|174|28283|268744|2716
202032|8772|215536
209650|34927|174|22381|267470|263047|264389
327727|174|6762|1680|44709
12637|35598|52091|206810|12773|211692|196629
12637|35598|52091|206810|12773|52213
57381|50304|1299|37468|270551|263047
6894|174|20723|2852|202874
12637|6939|28370|264426
58308|6939|1299|14265
58299|31133|51032|41344|39707
1299|6762|49666|58224|214805
262427|174|35598|52091|206810|214721
29222|6939|40994|215472
47957|3356|174|140227|44324|205369
917|60068|1299|3223|41327
58057|50673|174|1299|20473|201423
9268|4764|1299|21351|60132
28917|6939|39791|49101|49244
64475|6939|28917|6789
3130|174|3356|8119
25152|2914|174|37468|61568|266460|61625
35600|6939|2852|198500
199524|1299|3356|28370|267608
6082|2914|3257|28917|215730|209693
58308|6939|1299|17018|53698
6730|6830|13335|400095
19151|2914|1299|6855|39904|199604
24482|2914|1299|10490|2722|12148|47065|61574
7018|1299|10490|2722|12148|47065|61574
1764|1299|3920|206777
57695|917|60068|1299|34927|202827
12969|1299|6453|19318|209896
12859|2603|8674|1299|21859|24406
50628|1299|3257|204548|215728
6424|9002|12555|48430
5405|20764|43298|48678|210574
29222|6939|50989|33837
139317|44324|32595|174|16637|36974|20940
28917|6939|1299|23520|269804|269893
139317|44324|32595|174|16349
2027|62000|47498|208453
4637|3356|21320|5408|47065|61574
35600|50263|21263|202526
35266|1299|3920|206777
207841|16276|203019
61049|174|20473|47065|61574
3170|9304|136237|174|137995|136237
29222|6939|32097|22295|206042
553|62255|52091|206810|214721
34800|58057|50673|174|13786|263047
12859|28917|215730|209693
44324|32595|174|11172|273278
49432|48362|1299|17676|216211|44324|205369
44324|32595|174|56898
58299|174|22381|267470|263047|264389
12859|6939|200303
20514|1299|6855|50698
4601|50869|214757|199183
12350|1299|5511|60068|206406|210557
44324|32595|174|984
21700|174|35598|52091|206810|48687
28917|6939|1299|52468|264744
3130|174|35598|52091|206810|35273
6830|2914|20473|399970
22652|174|3356|1680|44709
59689|30781|33891|216067|44244
28917|6939|1299|200107
8455|6830|60068|211571
917|25369|1299|42303|51701|30893
45049|6696|1299|174|20473|47065|61574
29222|6939|7018|396973
58308|6939|6830|23520|64126|274168
28917|6939|1299|3225|50475|43586
42541|1299|174|210329|215728
39122|1299|6939|2852|197277
28917|6939|1299|54082|263725|264773
14907|21320|5408|47065|61574
34927|1299|6855|39904|202605
6461|1299|60068|197103|212080
21412|1299|5511|60068|206406|210557
28917|6939|1299|20473|899
13030|21320|5408|47065|61574
1299|3356|28370
55720|3491|174|16276|203019
2734|16735|2716
199938|6424|44592|49581|211507
24785|6830|2914|226|47065|61574
57111|41327|13786|263047|269680
52320|174|3257|204548|215728
553|62255|52091|206810|39558
58308|6939|1299|33425
12969|1299|6855|39904
215596|174|21320|5408|50148
210312|4601|6939|28917|21453|199933
50304|1299|174|216211|211575
58308|6939|1299|33549
44324|32595|174|25509
39351|174|22381|267470|263047
52025|1299|42303|51701|30893
999|6453|1299|3920|206777
28917|6939|1299|60068|212238
5405|6939|30893|13214|35634
6696|1299|174|216211|211575
29222|6939|7018|29992
35426|215596|62000|6777|42541|204141
16347|1299|56504|47674
135895|4826|1299|8551|44709
35008|1299|198949|35676
139317|44324|32595|174|48266
6453|174|60068|216213|205884
3130|174|13786|263047|61826|52766
136557|174|35598|52091|206810|59867
56655|1299|37468|52468|262393
4601|50869|214770
49544|2914|1299|35598|52091|206810
25152|2497|174|21320|5408|47065|61574
3356|174|21700|399914
24516|174|60068|211571
199938|1299|3356|28370|263535|268030
33891|7195|20473|47065|61574
14907|1299|8551|20473|47065|61574
8529|1299|60068|197103|212080
2152|3356|1299|8551|44709
3216|12389|28917|215730|209693
42473|1299|60068|211571
4601|50869|199310|210352
205112|33891|216067|44244
58308|6939|28917|50009
35266|1299|35598|52091|206810
196621|6939|24796
139317|44324|32595|174|47787
37739|3491|1299|198949|35676
57381|42708|33891|60068|211571
28917|6939|1299|8657|3243|13335
28917|6939|1299|23520|52233|262238
28917|6939|1299|20473|397546
14315|6453|1299|198949|35676
6908|174|12956|212721
215596|62000|1031|266493|61625
210312|4601|50869|58299|39910
48070|9304|136237|174|137995|136237
6424|6939|28917|24651|39900
50304|1299|3356|28370|28657
42473|1299|3356|28370|263963
28917|6939|6830|23520|64126|273198
4601|50869|215828|213413
44324|32595|174|396949
50304|1299|56630|209944
50673|174|60068|197103|212080
12779|33891|44592|49581|209693
6453|6461|6424|44592|49581|209693
34854|1299|3356|8119
34927|174|140227|44324|205369
29504|39392|33891|1680|20473|47065|61574
28917|6939|1299|15695
58308|6939|9136|213068
398465|174|216211|44324|205369
3130|174|3356|28370|268521
328840|327727|174|12389|49666|205647|49801|204533
327960|174|35598|52091|206810|35273
58308|6939|202585|215842
215596|62000|1680|44709
58308|6939|6830|23520|46198
35600|15557|206865|3215|5511|174|199727|12645
61218|29632|9002|3356|174|140227|44324|205369
7473|1299|34927|202827
8283|3491|38001|25192
28917|8359|57304|15935|204860|203299
31122|6424|44592|49581|209693
12779|4230|52654|266493|61625
41722|20485|174|52468|271150
36924|1299|7195|20473|47065|61574
18106|21320|5408|47065|61574
29479|50304|1299|6855|39904|47767
210312|4601|50869|52025|209477
262427|174|35598|52091|206810|5598
8280|6762|174|210329|215728
38855|137409|62000|212815|52053
49544|137409|62000|212815|52053
1257|1299|198949|35676
34927|56655|1299|6762|16735|273514
174|2914|60068|216213|205884
29222|6939|8943
139317|44324|32595|174|14522
36924|1299|8551|20473|47065|61574
139317|44324|32595|174|53667|215502
44324|32595|174|395500
210937|1299|174|22381|267470|263047|264389
28917|6939|2852|199711
52075|33891|44592|49581|209693
44324|32595|174|394449
31742|1299|60068|211571
25160|1299|6855|39904|47767
42541|62255|52091|206810|56915
59105|137409|62000|212815|52053
327960|174|35598|52091|206810|208435
28917|6939|1299|30823|209693
1299|6939|28370|268198
35280|6453|174|210329|215728
12956|174|32595|44324
40387|1299|3257|204548|215728
50629|1299|198949|35676
58057|50673|174|3257|60068|206406|210557
23367|1299|12389|39089|202279|206810|52091|41039|48595
31510|6424|44592|49581|209693
1273|174|21700|399914
174|1299|12859|47065|61574
199524|137409|62000|212815|52053
14907|1299|6855|39904|47767
58308|6939|5405|207061
47147|1299|174|140227|44324|205369
58308|6939|50629|207252|215666
12969|1299|5511|60068|206406|210557
6424|6939|28917|6789
24482|6453|174|20473|47065|61574
327983|37497|3491|174|60068|216213|205884
6730|6830|174|13786|263047|267961
35360|6424|44592|49581|209693
3170|6939|28370
28917|6939|1299|61327
10111|1299|60068|197103|212080
23367|1299|21351|60132
58308|59689|29075|174|20473|47065|61574
28917|6939|2852|202874
58308|6939|6830|23520|262191|273926
3130|174|35598|52091|206810|197643
202032|137409|48011|25184|49801|204533
4601|50869|41051|211509
6720|1764|174|201814|209896
48919|174|12389|39089|202279|206810|52091|41039|48595
34927|1299|20473|47065|61574
8943|33891|216067|44244
20514|1299|3356|28370|263963
34800|58057|50673|174|1299|20473|399970
58308|6939|6830|23520|264821|274070
513|29222|6939|202585|215842
28917|6939|7018|4185
28917|6939|1299|52025|212895|54891
215596|1299|6762|267470|263047
57866|1299|4230|2716
577|1299|198949|35676
64475|62255|52091|206810|211692|214268
8529|1299|17676|216211|44324|205369
29222|6939|60294
12586|3257|174|201814|209896
58308|6939|1299|9929|4808
4601|6939|28917|6789|201069|207979
41327|6939|28370|267608
44324|32595|174|27951
29691|1299|3356|16735|273514
50673|174|1299|20473|201423
44324|32595|174|200165
60068|1299|6424|44592|49581|211507
22355|5511|174|52468|271150
41666|20764|52091|206810|214721
49028|1299|6939|30893|199580
6894|174|13786|263047|267425
28917|6939|1299|201035
271253|1299|3223|34224|12735
204092|30781|1299|20473|47065|61574
44324|32595|174|16276
49788|1299|5511|60068|206406|210557
16347|1299|12956|212721
28917|6939|1299|8375
28917|6939|1299|20473|36369
12637|6939|15372|203592
4181|1299|2914|1916|47065|61574
59919|12779|28283|268744|2716
2497|174|20473|47065|61574
20205|174|37468|61568|266460|61625
50877|5405|1680|20473|47065|61574
327804|37271|174|60068|216213|205884
20764|174|204548|215728
328840|327727|174|35598|52091|48158
50877|5405|37468|60068|216213|205884
1299|8551|20473|47065|61574
28917|6939|1299|7632|150923
5413|2603|21320|5408|47065|61574
559|7195|28189|266931|269250|271150
50304|1299|3356|28370|268198
35710|3320|1299|20473|47065|61574
50877|5405|47065|61574
41095|33891|216067|44244
15605|41327|19318|209896
58308|6939|1299|31898
58308|6939|53764
30844|5511|2914|12859|47065|61574
58308|6939|6830|23520|272935|267705
139317|44324|32595|174|399646|205563
28917|6939|1299|132168
34019|3303|174|399697|39967|399697
48070|9304|136897|174|3491|137969|132824
34927|56655|1299|174|21700|399914
25091|6453|174|399697|39967|399697
40994|6939|28917|197078
44324|32595|174|33544
34177|1299|3257|20473|47065|61574
17660|6453|174|28189|266931|269250|271150
174|3356|1680|44709
136557|174|1299|20473|47065|61574
3257|28917|215730|209693
58308|6939|1299|6503
50304|1299|3223|34224|12735
207841|6939|39790
29504|15935|174|35598|52091|206810|48595
28917|6939|6830|23520|52286|264764|273897
49028|1299|37468|52468|262393
58308|6939|28917|48084
58308|6939|1299|34927|210667|204375
58057|174|2914|226|47065|61574
22652|1299|17676|216211|44324|205369
199524|1299|6855|39904|202605
58308|6939|1299|46475
28917|6939|1299|23520|272935|28053
28917|6939|1299|17293
207841|61049|174|20473|47065|61574
139317|44324|32595|174|201984
58057|174|35598|52091|206810|57164
28917|6939|1299|36137
28917|49581|209693
44393|394256|174|204548|215728
139317|44324|32595|174|6914
3320|1299|56630|209944
36924|1299|3356|28370|263963
6830|6939|200303
58511|3491|174|37468|61568|266460|61625
6424|6939|28917|43886
24961|62000|212815|52053
29222|6939|25400|213158
15605|6762|3356|21320|5408|47065|61574
52025|174|204548|215728
202365|50673|174|3356|8119
51184|1764|174|21700|399914
28917|6939|1299|44332
35600|50263|21263|216282
29075|1299|6453|4755|7768
917|60068|1299|20473|399970
29222|6939|32097|11867
7018|6939|196610|48927
39392|174|2914|226|47065|61574
44324|32595|174|401486
45352|1299|35598|25308|28917|204076
44324|32595|174|52580
45049|6696|1299|6855|39904|205968
199938|1299|3257|19318|201813
20253|1299|7195|20473|47065|61574
8660|1267|1299|56504|47674
35426|215596|1299|3257|19318|201813
44324|32595|174|265609
24516|174|3356|28370|28657
28917|6939|1299|23520|263703|269820
1299|6939|54429
8529|1299|174|140227|44324|205369
6424|6939|28917|28907
35600|6939|2852|199711
7018|3356|16735|266931|271615|273522|271150
47147|1299|6762|16735|273514
22652|174|210|47065|61574
199524|1299|56630|209944
29504|15935|174|216211|211575
58057|174|52468|262393
209650|34927|1299|3356|28370|263963
28917|6939|1299|262206
58057|174|140227|44324|205369
6830|1299|6855|39904|202605
8280|5408|47065|61574
29222|6939|271150
1299|6939|196610|48927
58308|6939|1299|32787
6830|60068|211571
34549|1299|17676|216211|44324|205369
12859|6939|50989
204092|30781|1299|60068|197103|212080
51519|39351|174|13786|263047|267961
49434|9002|1299|198949|35676
55720|3491|174|22381|267470|263047|264389
48070|1299|3356|20473|47065|61574
139317|44324|32595|174|19750
15623|6830|60068|216213|205884
29222|6939|56595|58148
6830|1299|20473|47065|61574
151326|174|3257|204548|215728
8283|13335|5408
21232|13030|1299|6453|29208
13030|1299|6453|1031|61568|266460|61625
263152|264409|174|6461|394737
1299|13335|400095
32590|33891|60068|211571
40994|174|8551|20473|47065|61574
44393|394256|174|6453|4755|7768
210312|4601|50869|6939|196610
1273|174|13786|263047
13030|1299|174|13786|263047
9900|23764|1299|3920|206777
34927|56655|1299|3257|204548|215728
174|11432|271150|272738
55222|1299|29695|206557|204503
327983|37497|3491|174|210|47065|61574
56911|33891|216067|44244
16552|1299|3356|28370|263060
3356|174|52468|271150
4601|50869|215828
553|6939|29222|204957
12779|62255|52091|206810|211692|214268
12859|215551|30893|13214|35634
6082|174|11432|271150
6777|35598|52091|206810|34786
44324|32595|174|54994
58308|6939|50629|211664
6730|6830|44530|41327|198434
57777|8298|25091|1299|8551|44709
327727|174|3356|16735|2716
8280|6762|174|8551|20473|47065|61574
199938|1299|12389|39089|202279|206810|52091|41039|48595
4181|1299|3920|206777
8529|1299|3257|20473|47065|61574
29222|6939|56595|215742
206356|50629|1299|7545|20473|47065|61574
20612|9044|1299|3356|8119
210937|1299|3223|34224|12735
32653|3741|174|201814|209896
28917|6939|1299|20473|211843
7720|10111|1299|198949|35676
5405|62255|52091|206810|24881|24697
8283|6461|32787|202161
29222|6939|16652
42473|1299|3216|51032|41344|39707
210312|4601|50869|41051|215795
29222|6939|199081|209847
136557|174|35598|52091|206810|214210
55222|1299|3356|28370
8283|20764|52091|206810|57460
50629|20764|52091|206810|48595
4764|1299|8551|44709
196621|6939|15372
44324|32595|174|21433
205206|1299|6855|39904
1103|3257|174|13786|263047
2734|58453|30990|174|37100|36908|36909
2497|174|52468|262393
559|62255|62379
20253|1299|3356|16735|273514
210312|4601|50869|34019|12654
136557|174|3257|28917|215730|209693
34927|56655|1299|3356|8119
34549|1299|10490|2722|12148|47065|61574
31742|1299|3356|28370|263535
28917|6939|1299|8240|206844
41666|20764|52091|206810|24881
20912|174|35598|52091|206810|59815|25299
6453|174|20723|2852|202874
58308|6939|1299|13855|400528|395580
49544|1299|201814|209896
293|2914|137409|62000|212815|52053
44324|32595|174|36027
136557|174|6762|49666|58224|214805
210937|1299|3356|28370|267608
207841|37468|52468|262393
4601|50869|213768|214161
20130|23352|2914|174|140227|44324|205369
34854|1299|34927|202827
29222|6939|28917|35539
35008|1299|29049|49666|205647|49801|204533
28917|6939|1299|17639|153322
35280|1299|198949|35676
513|174|13786|263047
20612|9044|1299|20473|201423
34288|1299|3356|16735|2716
7594|174|35598|52091|206810|35273
35600|6939|28917|39238
28917|6939|1299|20473|212237
5405|37468|60068|216213|205884
58299|13335|400095
50131|36236|174|52468|271150
28917|6939|1299|11279
28917|6939|1299|22611|3842
14630|1299|12389|39089|202279|206810|52091|41039|48595
132847|1221|4637|1299|201814|209896
210312|4601|50869|205848
202365|50263|62000|212815|52053
20253|1299|174|210329|215728
22652|1299|198949|35676
28917|6939|1299|21351|394485
28917|6939|7018|3423
41095|33891|44592|49581|209693
35426|215596|1299|3356|8119
28917|8359|57304|209693|206715
29479|50304|1299|21351|60132
29222|6939|15962|50881
999|6453|174|8551|20473|47065|61574
28917|6939|1299|20473|401637
6424|6939|2852|200874
28917|6939|1299|8151|270219
40994|6939|28917|47438
59891|13030|1299|6453|4755|7768
210312|4601|9002|34927|202827
57821|12586|3257|174|399697|39967|399697
4601|50869|213423
44324|32595|174|15235
34019|201376|199881
213151|41051|50263|201814|209896
559|14840|269288
209|3356|1299|6855|39904
40994|6939|29222
3303|174|35598|52091|206810
151326|174|399697|39967|399697
7660|2516|1299|20473|47065|61574
21232|15576|35598|52091|206810|24881
6696|1299|12859|47065|61574
6830|6939|28917|47759
44324|32595|174|22150
174|37468|270551|263047
971|174|22381|267470|263047|264389
398465|174|21700|399914
16552|1299|174|14840|269288
51184|1764|174|52468|271150
40387|1299|4230|2716
14315|174|11432|271150
139317|44324|32595|174|15695
50304|1299|6453|60068|216213|205884
513|174|2914|20473|47065|61574
513|174|1299|20473|399970
327804|37271|33891|216067|44244
23367|1299|29695|206557|205190
29222|6939|62000|198831|212133
50673|174|1299|3920|206777
6424|271586|263047|264389
12859|1299|3356|28370|267556
6830|174|37468|61568|266460|61625
266213|3356|6830|60068|216213|205884
47147|1299|6939|28370|264426
28917|6939|7018|396912
210312|4601|50869|214757|198889
31510|33891|216067|44244
58308|6939|5405|12502
58308|6939|1299|21859
202032|137409|62000|212815|52053
7018|1299|198949|35676
174|12389|39089|202279|206810|52091|41039|48595
58308|6939|1299|7029
2497|174|14840|269288
4601|50869|52025|207118
6696|1299|6762|16735|273514
6730|6830|3356|28370|53079
59890|3356|21320|5408|47065|61574
327727|174|16276|203019
139317|44324|32595|174|36352
28917|6939|1299|60068|398991
48070|6939|28370|267556
1299|3356|28370|267608
15605|31133|12389|28917|8905
553|16276|203019
64475|62255|52091|206810|202497
64475|6939|29222
28917|6939|1299|22439
2027|47160|174|140227|44324|205369
58308|6939|33891|204038
58057|174|60068|211571
55720|3491|174|28189|266931|271615|273522|271150
210312|4601|6939|28917|35539
28917|6939|1299|23520|264847|64150|272991
215596|62000|6777|20326
18106|28917|215730|209693
32590|174|60068|216213|205884
216285|8280|6762|174|13786|263047|271068
8283|2914|226|47065|61574
199524|174|1299|3920|206777
47147|1299|6855|50698
7018|6939|28370|268198
12779|8772|215536
132825|174|35598|52091|206810|211692|214268|197578
29222|6939|271150|272738
4601|50869|41051|212470
25091|3356|174|216211|211575
12956|174|12389|39089|202279|206810|52091|41039|48595
5713|12859|47065|61574
20080|2914|12859|47065|61574
34549|1299|3920|206777
3170|6939|28370|268521
64475|62255|52091|206810|210063
48919|35320|1299|198949|35676
41051|58299|174|60068|205884
57111|174|60068|216213|205884
28917|6939|7018|25687
22652|1299|1680|20473|47065|61574
2734|9002|8772|215536
35266|2914|174|20473|47065|61574
328964|37468|174|399697|39967|399697
28917|6939|7018|401623
6730|6830|6762|16735|273514
204092|13335|400095
41327|6939|50989|48116
25220|1299|3920|206777
3491|1299|60068|216213|205884
8220|3491|1299|3920|206777
44393|394256|174|7545|20473|47065|61574
58308|6939|1299|47768
202032|58115|21263|41504
15605|12637|47065|61574
44324|32595|174|53667|205398
29222|6939|61618|267216
64475|8551|44709
58308|6939|6830|23520|27717
47692|3356|1299|20473|47065|61574
29222|6939|199081|209847|215540
852|1299|8551|20473|47065|61574
271253|174|201814|209896
35600|20764|43298|48678|213865
34927|56655|1299|7195|28260|270548|52794|52659
28917|6939|56595|215320
15547|3303|174|60068|205884
44324|32595|174|201984
44324|32595|174|216371
55222|174|137409|62000|212815|52053
6424|6939|39790
263152|174|216211|211575
21700|174|35598|52091|206810
139317|44324|32595|174|266593
28917|6939|1299|20473|38008
24482|2914|1299|3920|206777
23673|9900|23764|1299|3920|206777
6453|174|13786|263047|267961
34800|58057|50263|62000|212815|52053
28917|6939|1299|22611
12350|1299|3356|28370|263535|268030
14907|1299|13335|400095
132825|174|28189|266931|271615|273522|271150
3130|174|13335|5408
12779|62255|52091|206810|34786
58308|6939|203059
6424|9304|136237|174|137995|136237
58308|6939|1299|11172
58308|6939|202297|200299
559|1828|13789|30372|3356|174|393216
15605|35598|52091|206810|34786|34789|34786
42473|1299|3356|28370|268198
6830|3356|53062|266493|61625
13786|174|1299|6855|50698
44324|32595|174|53667
271253|6453|174|10490|2722|12148|47065|61574
139317|44324|32595|174|55644
64475|264409|61832|266460|61625
198385|174|22381|267470|263047
58057|50673|174|28283|268744|2716
22652|1299|6855|39904|202605
1140|24785|6830|3257|20473|47065|61574
266213|3356|9002|62000|212815|52053
28917|6939|1299|21859|274778
20932|174|60068|205884
29222|6939|29208|196653
852|1299|29695|206557|208835
35369|1764|174|210|47065|61574
20205|1299|12389|39089|202279|206810|52091|41039|48595
58308|6939|1299|16509|14618|54981
28917|6939|56595|209082
28917|6939|1299|40061
210312|4601|50869|6939|28370|263060
199524|1299|35598|25308|28917|204076
49788|1299|3356|28370|267556
58308|6939|5405|214017
8220|6453|174|60068|205884
28917|6939|7018|399611
139317|44324|32595|174|394814
28917|47232|20723|2852|202874
62000|6777|42541|204141
37271|6461|62000|212815|52053
60068|174|11432|271150
148968|7474|3257|174|140227|44324|205369
2516|1299|6424|44592|49581|211507
14907|1299|6855|39904|199604
28917|6939|7018|26153
51873|6830|174|8551|20473|47065|61574
25369|1299|20473|47065|61574
35600|58453|30990|174|30844|328895
6730|6830|3257|20473|399970
139317|44324|32595|174|54270
24482|33891|216067|44244
41095|50263|62000|212815|52053
210312|4601|50869|214757|212085
47147|1299|6939|2852|199711
196621|6939|28917|47759
58308|6939|15962
6830|3356|28370|264426
59890|60068|1299|20473|201423
5405|62255|52091|206810|39558
58308|6939|56595|205885
58308|6939|1299|208905|208666
20912|174|210329|215728
917|25369|21320|5408|47065|61574
15605|56911|1299|6855|39904
6830|9002|197068
6730|6830|60068|216213|205884
9002|3356|1299|20473|47065|61574
34019|29632|215536
34019|3303|174|52468|271150
6894|174|17378|8119
28917|6939|1299|21976|40591
3320|2914|6424|44592|49581|211507
58308|6939|5405|208208
35598|174|3257|60068|206406|210557
20080|2914|174|20473|47065|61574
139317|44324|32595|174|263009|52559|274658
20080|2914|6424|44592|49581|209693
40994|57463|41327|41827
20055|174|37468|61568|266460|61625
4601|6939|28917|39238|49392|9098
58308|6939|1299|44656
13830|971|174|35598|52091|206810|24881|24697
57777|32787|202161
44324|32595|174|61081
29691|1299|6453|4755|7768
58308|6939|15935|201727
24961|12859|47065|61574
28917|6939|1299|23520|272969
49028|1299|174|210|47065|61574
28917|6939|1299|25899|14107
205206|1299|3356|28370|263535|268030
41327|37271|20473|47065|61574
4601|50869|6939|393682
50877|5405|6939|2852|199711
42541|9498|20473|47065|61574
8283|20764|52091|206810|202279
35426|215596|62000|41441|203729
8283|20764|52091
35280|6453|174|140227|44324|205369
28917|6939|1299|58453|9808|2010
28917|6939|1299|20473|139073
139317|44324|32595|174|394634
174|1299|198949|35676
1403|577|174|140227|44324|205369
28917|6939|1299|20473|22915
6730|6830|174|5538|8194|29345
136557|174|3356|28370
25091|3356|174|20473|47065|61574
210312|4601|50869|41051|201423
8220|1299|6204|44592|49581|209693
34019|29169|174|399697|39967|399697
139317|44324|32595|174|1916|47065|61574
327782|37100|174|140227|44324|205369
3491|174|10490|2722|12148|47065|61574
32590|174|22381|267470|263047|264389
6730|6830|9002|49434|212815|52053
15935|13335|400095
28917|6939|7018|22216
29140|286|1299|20473|47065|61574
35426|215596|174|1916|47065|61574
50304|1299|17676|216211|44324|205369
559|6939|28917|6789|48004
34177|3356|1299|20473|47065|61574
50300|174|399697|39967|399697
6830|1299|1680|20473|47065|61574
263152|174|20723|2852|202874
13237|1299|6453|4755|7768
28917|6939|1299|212477
35008|1299|6453|29208
28917|6939|1299|398104
199524|174|204548|215728
58308|6939|1299|25148
5413|1299|7545|20473|47065|61574
28917|6939|1299|213281
1103|3257|174|20473|47065|61574
210312|4601|8298|25091|1299|20473|201423
58308|6939|7018|397602
28917|6939|1299|20473|61387
204092|6939|54429|401894
139317|44324|32595|174|265612
6830|3491|209810|207187|201265
34019|49581|209693
57777|8298|8283|3491|216211|211575
58308|6939|1299|43578
210312|4601|50869|41051|197885
28917|6939|1299|14717
8280|6762|174|140227|44324|205369
40994|6939|30893|199580
29504|39392|33891|17676|216211|44324|205369
4601|50869|6939|2852|200874
216285|8280|6762|2914|12859|47065|61574
7594|174|35598|52091|206810|8274
553|62255|52091|206810|197643
262427|174|3257|21034
56655|1299|37468|60068|216213|205884
58308|6939|1299|3301|199215
58308|6939|48678|44547
34927|52025|137409|48011|25184|49801|204533
28917|6939|1299|23520|6639
58308|6939|1299|52468|272075
559|35598|52091|206810|196767
37721|1299|8551|44709
17350|6453|1299|6855|50698
40994|9002|197068
28917|6939|1299|52468|264826
28917|6939|1299|52468|27814|13335
58308|6939|6830|23520|27665|46764
199524|3491|174|37468|61568|266460|61625
207841|137409|33891|216067|44244
210312|4601|50869|6939|28370|28657
16552|30844|174|5538|8194|29345
20612|9044|1299|6453|19318|209896
3130|174|22381|267470|263047|264389
34854|1299|20473|201423
64475|62255|52091|206810|48687
58308|6939|1299|5056|20273
199524|3356|1299|201814|209896
29222|6939|12779|207028
58057|174|35598|52091|206810|12773|213694
207841|6939|28917|21453|201646
3701|11537|20965|5408|47065|61574
40994|57463|41327|16004
14537|174|210329|215728
35008|1299|56630|209944
7018|3356|216211|44324|205369
6424|33891|216067|44244
40994|174|201814|209896
28917|6939|50989
39122|1299|3356|28370|263535|268030
12779|31133|12389|28917|8905|42132|56779
29222|6939|197580
32590|9002|62000|212815|52053
28917|6939|48070|60894
8220|6453|174|210|47065|61574
48070|7195|20473|47065|61574
21320|6424|44592|49581|211507
58308|6939|40994|203997
57111|174|1299|198949|35676
34927|56655|1299|174|204548|215728
23764|3356|1299|12859|47065|61574
6939|1299|174|62000|212815|52053
58308|6939|208453
210312|4601|6939|28917|39238|49392|9098
1031|999|6453|174|28189|266931|271615|273522|271150
139317|44324|32595|174|13335|395747
7018|6939|2852|197277
23352|2914|12859|47065|61574
139317|44324|32595|174|199297
28792|3257|33891|216067|44244
58308|6939|12735|15830
52320|1299|6855|39904
49028|1299|6939|2852|200874
971|174|5511|49666|58224|214805
37739|3491|174|20473|47065|61574
12859|6939|50989|48116
210937|1299|6855|39904|202605
13237|1299|3356|28370|263535
20130|23352|3257|5405|8943|200636
42473|1299|174|140227|44324|205369
136557|174|22381|267470|263047|264389
29222|6939|31263
28917|6939|1299|60068|216213|216349
64475|6939|2852|197277
4601|50869|58299|207271
2734|1828|13789|30372|3356|174|393216
174|20473|30893
16552|30844|21320|5408|47065|61574
25369|174|52468|262393
20055|174|13786|263047|271068
58308|6939|1299|53991
28917|6939|1299|12252|272111
8280|6762|174|60068|216213|205884
44324|32595|174|137409|7578
6057|174|201814|209896
50304|1299|60068|211571
9044|1299|6453|4755|7768
29504|39392|174|1299|20473|47065|61574
56655|1299|37468|53062|266493|61625
58511|1299|3920|206777
61049|174|216211|211575
59414|13030|1299|3920|206777
917|25369|174|52468|271150
51185|6762|1299|8551|44709
210312|4601|50869|41051|198209
28917|6939|1299|13767
559|6939|28370|268198
59105|2518|1299|201814|209896
29075|1299|3356|28370|264426
29075|1299|3216|51032|41344|39707
28917|6939|1299|20473|397493
32590|1299|3356|60011|34927|208690
3491|1299|8551|44709
29222|6939|28917|48084|35816
28917|6939|1299|23520|265540
327804|5713|174|3257|21034
40994|6939|42695|43101
58308|6939|6830|23520|46650
47147|1299|198949|35676
3356|9002|62000|212815|52053
14907|1299|3356|28370|28657
28917|6939|1299|20473|197626
28917|6939|1299|7843|20001|21705
1764|1299|198949|35676
42473|1299|33891|216067|44244
9900|23764|1299|198949|35676
4764|174|22381|269144|268424|264524|266448|268624|268874
49028|1299|174|21700|399914
19653|30600|1299|34927|202827
8220|1299|6453|60068|216213|205884
6424|6939|28370
6424|6939|28917|39238
35600|58453|30990|174|37100|36908|36909
8220|1299|174|204548|215728
8283|6939|29222|204957
210937|1299|37468|60068|216213|205884
34288|1299|37468|53062|266493|61625
58308|6939|39791|198002
513|174|22381|267470|263047|264389
28917|6939|49418|207957
16552|1299|3356|8119
34854|1299|174|20473|47065|61574
132825|174|35598|52091|206810|12773|213694
17660|2914|3356|21320|5408|47065|61574
58057|1836|1299|201814|209896
28917|6939|1299|20473|401870
28917|6939|1299|23520|272935|271943
48070|1299|3491|20473|47065|61574
58308|6939|39791
196621|15576|3356|1299|20473|47065|61574
3170|20473|47065|61574
49028|1299|174|60068|216213|205884
59890|174|52468|271150
20205|174|21700|399914
513|29222|6939|61618
35600|30781|1299|198949|35676
58308|6939|56381|209844
136557|174|7311|835|394273
35598|1299|21351|60132
3170|6939|28917|43886
28917|6939|12637
28917|6939|1299|30823
971|174|1299|6855|39904|47767
20485|1299|6855|39904|47767
28917|6939|1299|20473|19879
58057|174|21320|5408|50148
2518|2914|174|37468|61568|266460|61625
8283|1031|61568|266460|61625
12859|1299|174|21700|399914
2518|1299|198949|35676
20205|1299|35598|52091|206810
12956|2914|12859|47065|61574
8220|1299|3356|28370|263535
58308|6939|33924
6830|6939|28370|263060
29222|6939|3170|205479
45049|6696|1299|174|37468|61568|266460|61625
29504|15935|33891|60068|211571
35266|1299|8551|20473|47065|61574
3130|174|1299|198949|35676
210312|4601|50869|58299|41051
680|1299|12389|39089|202279|206810|52091|41039|48595
12859|35598|52091|206810|57164
28917|6939|1299|39386|24429
12350|34177|33891|216067|44244
6830|2914|13786|263047|269680
44324|32595|174|37468|61568|266460|61625
34927|174|21320|5408|47065|61574
13830|971|174|35598|52091|206810|48595
40994|57463|41327|204504
917|60068|1299|3223|34224|12735
6453|174|20473|47065|61574
1140|24785|6830|174|60068|205884
47147|1299|6453|29208
29222|6939|28917
139317|44324|32595|174|53667|44421
28917|6939|1299|20473|399970
3549|3356|174|210329|215728
60068|174|34927|202827
680|33891|60068|211571
205206|1299|22773|8119
28917|20764|52091|206810|50204
34800|58057|50673|174|52468|262393
39122|1299|3257|19318|209896
37497|174|20723|2852|202874
32590|6453|174|20723|2852|202874
24516|174|35598|52091|206810|48687
6730|6830|174|52468|262393
31742|1299|37468|53062|266493|61625
31742|174|140227|44324|205369
7500|2516|6830|60068|211571
58308|6939|1299|7632|131728
12586|3257|1299|198949|35676
4601|50869|204931
196621|6939|28917|197078
20205|174|28189|266931|269250|271150
917|60068|174|140227|44324|205369
28917|6939|15935|197451|201263
58308|6939|3170|205479
1273|174|13786|263047|268105
6424|6939|28917|8926|200019|48753
4601|50869|214757|198889
58308|9002|12555
59414|13030|33891|216067|44244
29075|33891|216067|44244
198249|13030|12859|47065|61574
4601|50869|34019|209090
139317|44324|32595|174|53667|147071
58308|6939|1299|23033|204957
34854|1299|3216|51032|41344|39707
31742|1299|25091|8298|4601|4492
136557|174|12956|212721
39351|1299|4637|20473|47065|61574
136557|174|6461|394737
50304|1299|6762|49666|58224|214805
271253|1299|174|13786|263047
6424|6939|58308
44324|32595|174|399646|13317
64475|62255|52091|44660
6423|20055|1299|29695|206557
39122|1299|3356|28370|263535
28917|6939|32097|54203
3257|9002|62000|212815|52053
29504|15935|174|22381|267470|263047|264389
29222|6939|49418|207957
1299|7195|11432|271150
39392|174|1299|20473|47065|61574
21700|174|2914|60068|216213|205884
35598|174|28189|266931|271615|273522|271150
58308|6939|6830|23520|11139|397529
174|46427|64289|44592|49581|209693
48070|1299|2914|226|47065|61574
210937|1299|3356|28370|268521
37468|174|204548|215728
206356|50629|3223|34224|12735
50304|1299|174|140227|44324|205369
31742|1299|6453|1031|61568|266460|61625
174|20723|2852|202874
398465|174|13786|263047|267425
58308|6939|1299|32097|33387
559|35598|52091|206810|214210
12637|6939|28370|52593
12779|6939|2852|200874
48070|57463|14840|269288
17350|2914|1299|198949|35676
4601|6939|28917|48084|59833
4764|174|37468|61568|266460|61625
139317|44324|32595|174|206312
57381|50304|1299|174|60068|205884
1299|6939|2852|212876
28917|6939|61618|268364
6730|6830|3257|204548|215728
28917|6939|1299|60068|197103|272905
39122|1299|3356|28370|267556
28917|6939|1299|23520|263703|274022
63927|137409|62000|212815|52053
7018|1299|29695|206557|205190
58308|6939|2852|197451
31742|1299|1680|20473|47065|61574
28917|6939|1299|198785
17660|137409|62000|212815|52053
31510|174|20473|47065|61574
210312|4601|50869|6939|29222
209|3356|1299|198949|35676
559|1828|12179|393398|3356|174|50131
15605|56911|1299|6855|39904|199604
3170|6939|28917|6789|48004
64475|62255|52091|206810|39558
28917|6939|3170|57782
6667|28917|215730|209693
7713|3257|28917|215730|209693
8283|6461|9498|20473|47065|61574
40994|6939|42695|52011
28917|6939|1299|51834
55720|2914|1299|35598|52091|206810
28917|6939|1299|131429|396986
41666|20764|52091|206810|12773|44884
12859|35598|52091|206810|12773|213694
8426|6777|35598|52091|206810|211692|31069
49544|2914|12859|47065|61574
266213|3356|7720|44324|215172|214955
58308|6939|50629|39138|20940
59689|30781|1299|6855|39904|199604
31742|1299|12389|39089|202279|206810|52091|41039|48595
210312|4601|6939|28917|43886
28917|6939|1299|36692
48070|6939|30893|9423
9002|1299|56504|47674
58308|6939|1299|16880
328840|327727|174|35598|52091|206810|208435
553|62255|52091|206810|211692|214268|196977
198385|174|3257|204548|215728
2914|174|399697|39967|399697
2734|37468|52468|271150
196621|8758|15576|174|210329|215728
37497|3491|174|37468|61568|266460|61625
23673|9900|23764|3356|21320|5408|47065|61574
58299|62255|52091|206810|56766
28917|6939|1299|18616
60068|174|20473|47065|61574
20055|1299|16164|36032
29222|6939|3170|214670
58308|6939|1299|46475|59730
8660|1267|1299|6855|39904|202605
34800|58057|50673|174|1299|3920|206777
4601|9002|34927|202827
29222|6939|25400|15765|203673
29222|6939|196610
22652|1299|29695|206557
50629|12859|47065|61574
20253|1299|3356|28370
559|6939|28917|6789
48070|6939|2852|197277
513|29222|6939|35168|197556|206026
8283|20764|52091|206810|196638|42702
199524|1299|17676|216211|44324|205369
12859|1299|7545|20473|47065|61574
3170|6939|2852|198500
3130|174|1299|25091|8298|4601|4492
28917|6939|28370|263060
48070|1299|5511|60068|206406|210557
199524|174|35598|52091|206810|214721
40994|57463|41327|200887
34549|1299|3223|41327
48070|1299|35598|52091|206810
28917|20764|52091|206810|214210
29222|6939|15605
327983|37497|3491|174|140227|44324|205369
4775|1273|174|20473|47065|61574
39122|1299|6939|50989
40994|57463|41327|202152
52320|1299|6855|39904|47767
20932|1299|35598|25308|28917|204076
55222|174|22381|267470|263047
58308|6939|1299|49788|212514|214909
207841|6939|215172|214955
210312|4601|50869|52025|216096
15605|35598|52091|206810|196767
45352|174|399697|39967|399697
58308|6939|6830|23520|262191|272153
50628|1299|56630|209944
63927|1299|6855|39904|47767
29222|6939|29670|49933
56987|1299|37468|270551|263047
28917|6939|7018|395500
60326|34927|6830|60068|216213|205884
136557|174|35598|52091|206810|202279
42473|1299|174|37468|61568|266460|61625
58308|6939|6424|134450
2734|3257|33891|216067|44244
48362|1299|6762|49666|58224|214805
7594|174|35598|52091|206810|208435
15605|6762|174|399697|39967|399697
28917|6939|28370|52593
35008|1299|201814|209896
22652|1299|59692|12555
6082|2914|1299|6939|24796
262427|174|35598|52091|206810|202497
132825|174|3257|19318|209896
3399|2603|21320|5408|47065|61574
7594|174|21320|5408|50148
6894|174|35598|52091|48158
44324|32595|174|212250|208293|203217|54994
3130|174|13786|263047|264923
28917|6939|1299|3223|214673
6762|1299|29695|206557|205190
328840|327727|174|13786|263047|264972
29075|1299|10490|2722|12148|47065|61574
139317|44324|32595|174|53667|205398
20612|9044|1299|20473|47065|61574
28917|6939|1299|3249|35106
58308|6939|41720|198747
32590|12956|174|210|47065|61574
7018|1299|35598|52091|206810
58308|20473|47065|61574
202032|58115|21263|56984
20205|1299|7545|20473|47065|61574
210937|1299|20473|47065|61574
52075|6424|44592|49581|209693
28917|6939|1299|32374
28917|6939|1299|52423|274239
34927|1299|35598|52091|206810
44324|32595|174|1916|11242
3491|5405|8943|200636
29222|174|52468|262393
34927|60011|3356|1299|6855|50698
58308|6939|52838|269035
57866|6830|174|60068|205884
50628|1299|7545|20473|47065|61574
327727|174|28189|266931|269250|271150
8220|1299|3356|60011|34927|208690
3214|1299|174|216211|211575
37271|28917|215730|209693
28917|6939|1299|60068|400799
44324|32595|174|39537
6908|174|22381|267470|263047|264389
4601|50869|41051|207852
139317|44324|32595|174|397723
19151|174|5511|60068|206406|210557
209|3356|1299|12859|47065|61574
57777|8298|8283|3491|209810|207187|207242
2497|1299|1680|20473|47065|61574
28917|6939|1299|40061|31529
132825|174|3356|1680|44709
2027|47160|174|28189|266931|269250|271150
24516|174|210329|215728
47160|174|13786|263047|269680
204092|34019|8551|44709
32590|37100|33891|216067|44244
45352|1299|3356|8119
4181|1299|8943|200636
58308|6939|1299|52468|273034
4601|50869|52025|214508
39351|1299|3356|8119
4601|50869|52025|211358
59414|6830|60068|211571
11845|37468|1299|3920|206777
45352|1299|3223|41327
6830|3356|13786|263047|269488
8280|6762|174|204548|215728
136557|174|3356|16735|2716
139317|44324|32595|174|210156
198249|7195|11432|271150
29222|6939|49418|213673
28917|6939|7018|62883
29222|3356|21320|5408|47065|61574
58308|6939|1299|136468
44324|32595|174|273205
398465|3320|1299|10490|2722|12148|47065|61574
139317|44324|32595|174|14960|19551
42541|1299|60068|197103|212080
51088|6461|62000|212815|52053
29504|15935|174|201814|209896
23367|1299|3223|41327
132825|174|35598|52091|206810|196638
57695|917|60068|174|20723|2852|202874
1299|6453|60068|216213|205884
2497|1299|6855|50698
48070|1299|3257|20473|47065|61574
327960|327782|37100|1299|198949|35676
58308|6939|1299|206924|204318
28917|6939|1299|52468|267787
58308|6939|1299|14722
44393|394256|174|52468|271150
29222|6939|47160|205669
17350|3356|174|5538|8194|29345
3356|174|210329|215728
57777|8298|25091|1299|3223|41327
60326|34872|24961|21320|5408|47065|61574
151326|174|35598|25308|28917|204076
4601|50869|6939|28370|263535
971|174|52468|262393
6453|1299|12859|47065|61574
35600|44592|49581|211507
3257|174|62000|212815|52053
327727|174|35598|52091|206810|214210
35600|50263|21263|56984
29222|6939|62000|207879
1140|12859|47065|61574
196621|6939|28370|267608
28917|6939|1299|400760
204092|37468|60068|216213|205884
17660|137409|62000|212815|52025|212895|210320
207841|6939|24796|63293
215596|174|20473|47065|61574
32653|3741|174|204548|215728
28917|6939|1299|43766
44324|32595|174|211083
28917|6939|1299|3301|50273
28917|6939|1299|20473|199465
553|6939|25192|26710
28917|6939|1299|20473|214610
7018|174|8899
139317|44324|32595|174|272373
139317|44324|32595|174|201102
3130|174|35598|52091|206810|56915
553|6461|210|47065|61574
58057|174|21320|5408|47065|61574
6424|1299|201814|209896
40994|174|34927|202827
28917|6939|1299|42615
2497|174|21320|5408|47065|61574
28917|6939|1299|27563|26793
12779|6939|28370|270962
46450|1299|198949|35676
29222|6939|8194|210213
35008|1299|3356|16735|273514
39122|1299|3356|28370|263963
15605|6939|28370|267608
33891|13786|263047|267961
42541|62255|52091|206810|34786|41875
4601|50869|59645
58308|6939|1299|44788
57111|41327|8551|44709
12779|6939|15372|203592
328964|3491|1299|3920|206777
5713|174|201814|209896
28917|6939|1299|46475|54286
29075|1299|60068|197103|212080
210312|4601|6939|28917|6789|203561
8660|1267|1299|6453|19318|209896
28917|6939|1299|207137
210937|1299|12389|39089|202279|206810|52091|41039|48595
24516|3491|2914|6424|44592|49581|211507
35008|1299|6453|4755|7768
6424|197991|174|204810
15576|174|60068|197103|212080
19151|174|1299|8551|44709
58308|6939|1299|265583
1403|577|1299|20473|399970
35600|137409|48011|25184|49801|204533
58308|6939|33891|204243
58308|6939|5405|12337
174|6762|49666|58224|214805
139317|44324|32595|174|57492
47692|3356|174|140227|44324|205369
58299|34549|1299|8551|44709
207841|57463|14840|2716
139317|44324|32595|174|39063|29108
58308|6939|1299|3301|203158
6830|6939|50989|48116
16552|1299|10490|2722|12148|47065|61574
577|1299|12956|212721
15576|3356|21320|5408|47065|61574
327727|174|30844|21351|60132
139317|44324|32595|174|46437
44324|32595|174|14051|23431
3130|174|13786|263047|267961
21700|174|35598|52091|206810|8274
553|1299|6939|28370|263060
28917|6939|1299|6400|267896
15605|35598|52091|206810|214721|204108
35600|6939|28917|44812
58308|6939|3170|203363
917|60068|174|21320|5408|47065|61574
28917|6939|7018|30614
2914|1299|6855|39904|202605
23352|2914|174|140227|44324|205369
553|1299|3223|34224|12735
55720|3491|174|399697|39967|399697
4601|50869|214329
58308|6939|1299|56655|210951
204092|30781|3356|174|216211|211575
3257|3356|21320|5408|47065|61574
60068|174|6453|29208
210937|1299|174|140227|44324|205369
35266|1299|201814|209896
28917|6939|271150|272738
4775|6453|1299|29695|206557|208835
12779|62255|52091|206810|5598
6082|174|12389|39089|202279|206810|52091|41039|48595
12350|1299|3356|28370|268521
34019|30781|1299|20473|47065|61574
13786|3356|1299|198949|35676
14537|174|5538|8194|29345
3130|174|6453|29208
132825|174|35598|52091|206810|39558
6423|20055|1299|29695|206557|208835
57111|41327|44592|49581|209693
40994|6939|28370
28917|6939|47160|205669
4601|50869|52025|212895
59890|60068|33891|212815|52053
327960|174|3257|21034
8529|1299|6855|39904
3170|6939|2852|197277
3130|174|1299|32787|202161
29222|6939|39791|49101|42422
28917|6939|1299|60068|33059
209823|12859|47065|61574
210312|4601|50869|58299|49585
6894|33891|216067|44244
6908|6461|6424|44592|49581|209693
28917|6939|1299|400940
1031|999|6453|174|20723|2852|202874
12637|6939|28370|269016
39122|1299|3356|60011|34927|208690
20130|23352|2914|12859|47065|61574
6461|1299|20473|399970
199938|1299|6453|29208
59689|29075|174|52468|271150
28917|6939|1299|400164
28917|6939|1299|20473|146950
8298|25091|1299|60068|216213|205884
28917|6939|1299|26073|205479
40994|6939|15372|203592
12779|7195|11432|271150
513|174|138997|216211|44324|205369
34288|1299|8551|44709
50131|174|60068|216213|205884
6894|174|1916|47065|61574
36924|1299|3356|28370|268521
15547|8455|8283|47065|61574
50629|20764|52091|206810|211692|214268|197578
28917|6939|1299|27947|272819
34927|1299|3356|28370|269016
2027|6696|1299|20473|201423
39122|1299|20473|399970
25160|174|22381|267470|263047
58308|6939|7018|397650
398465|174|1916|47065|61574
64475|62255|52091|206810|48595
6894|174|138997|216211|44324|205369
2027|47160|174|11432|271150|272738
3491|174|5538|8194|29345
42541|62255|52091|206810|34786|34789|34786
210312|4601|50869|34019|200162
202365|50673|174|20473|47065|61574
58308|6939|6830|23520|263703|272018
14907|1299|3223|41327
45049|6696|1299|174|216211|211575
13830|971|174|34927|202827
42473|1299|17676|216211|44324|205369
28917|6939|5405|400731
21232|15576|35598|52091|44660
23367|1299|3356|28370|263535|268030
207841|7195|28260|270548|52794|52659
57111|174|60068|205884
327960|174|35598|52091|206810|56915
25091|5511|174|1916|47065|61574
29222|6939|28917|39238|49392|9098
5405|6939|2852
8220|1299|3356|28370|269016
6424|7195|11432|271150
513|29222|6939|8943|44671
58308|6939|6830|23520|5639|27924
204092|34019|266493|61625
327960|174|35598|52091|206810|59867
40387|1299|7195|28189|266931|271615|273522|271150
5405|62255|52091|206810|214721|204108
216285|8280|6762|1299|3920|206777
29222|6939|48678|213407
6762|174|21700|399914
6730|6830|60068|211571
28917|6939|1299|12876
3170|35598|52091|48158
56911|174|52468|271150
6730|6830|3356|29695|206557
44324|32595|174|53667|201517
4601|50869|52025|212895|203766
41666|206813|9136|1299|20473|206946
2497|174|8551|20473|47065|61574
49028|13335|5408
19151|2914|1299|6855|50698
28917|6939|1299|25759
35008|1299|6453|19318|201813
50131|174|60068|197103|212080
1103|24785|1299|198949|35676
204092|6939|28917|197078
210312|4601|50869|212123
40994|6939|393682
34177|3356|1299|20473|201423
205206|1299|52320|7162|13878|52468|271150
58308|6939|200303
33891|20473|47065|61574
44324|32595|174|21826|269946|272993
394256|174|52468|262393
559|35598|52091|206810|24881|24697
45352|1299|20473|399970
41327|201376|199881
204092|34019|61568|266460|61625
139317|44324|32595|174|8452|24835|36935
39351|174|13786|263047|262578
50628|1299|198949|35676
210312|4601|50869|214508
1140|6830|60068|216213|205884
15562|2914|137409|62000|212815|52053
8455|1299|7545|20473|47065|61574
210312|4601|8298|25091|1299|20473|47065|61574
210312|4601|50869|41051|203226
33891|12389|39089|202279|206810|52091|41039|48595
8218|6461|174|13786|263047
50629|174|60068|205884
6424|6939|29222|41495
35008|1299|17676|216211|211575
4601|50869|41051|214763
40994|57463|41327|205005
29222|6939|7018|397650
553|6939|2852|199711
6667|174|60068|205884
15562|2914|174|140227|44324|205369
209650|34927|174|12389|39089|202279|206810|52091|41039|48595
57381|50304|1299|12956|212721
41327|174|8551|20473|47065|61574
6424|1299|198949|35676
15576|174|52468|271150
44324|32595|174|35598|35196|206174
271253|6453|174|28189|266931|269250|271150
139317|44324|32595|174|33480
3170|6939|28917|24651
3170|60068|206406|210557
42473|1299|3356|20473|47065|61574
210312|4601|50869|58299|209898|211894
7594|174|201814|209896
398465|174|7195|20473|47065|61574
34800|58057|50673|174|1299|20473|201423
28917|6939|1299|20473|211966
12637|174|140227|44324|205369
34854|1299|6855|39904|47767
34019|7195|28343|2716
3130|174|35598|52091|206810|48595
58299|62255|52091|48158
39122|1299|6939|2852|199711
47147|1299|21351|60132
199524|1299|10490|2722|12148|47065|61574
209823|47311|150249|153176
4601|50869|41051|201911
56655|1299|37468|52468|271150
6453|1299|201814|209896
28917|6939|32097
28917|6939|62000|198831|210699
15547|174|1299|8551|44709
199524|1299|59692|12555
7713|174|21320|5408|47065|61574
139317|44324|32595|174|24992
4601|8298|25091|1299|10490|2722|12148|47065|61574
62000|212815|52053
34927|1299|174|22381|267470|263047|264389
35426|215596|1299|6461|394737
32590|1299|3216|51032|41344|39707
58057|174|216211|211575
57695|917|60068|1299|3223|41327
6424|6939|28917|48084|59833
57381|50304|1299|6855|39904|47767
971|174|35598|52091|206810|39558
28917|6939|1299|20473|203521
29222|6939|198101
58308|6939|1299|18678|262589|272937
12859|215551|30893|205563
29222|6939|47160|213095
132825|174|35598|52091|206810|8274
44324|32595|174|11172
3130|174|10490|2722|12148|47065|61574
34019|6696|1299|3920|206777
5405|6939|30893|199580
12637|6939|42695|43101
204092|6939|28370
34549|1299|6855|39904|202605
44324|32595|174|9457
29479|50304|1299|6855|39904|202605
28917|8359|57304|15935|56360
58308|6939|33891|61303
199524|174|60068|211571
23764|1299|201814|209896
21412|1299|60068|197103|212080
210312|4601|14840|269288
58057|174|35598|52091|206810|196638
5413|1299|174|37468|61568|266460|61625
34019|6939|393682
15605|35598|52091|206810|35273
21232|15576|35598|52091|206810|214721
2518|2914|6424|44592|49581|211507
29504|15935|174|52468|262393
50877|5405|6939|54429
6730|6830|174|138997|216211|44324|205369
39351|174|13786|263047|266089|52793
1299|6939|60432
6424|199434|1299|3356|263238
7594|174|140227|44324|205369
64475|62255|52091|206810|59867
8426|3257|174|60068|205884
553|6939|28917|198297
266213|3356|1299|201814|209896
6424|6939|24796
3701|174|20473|47065|61574
6830|1299|60068|216213|205884
34288|1299|37468|270551|263047
13830|971|174|35598|52091|206810|48687
47147|1299|6939|2852|197277
21700|174|37468|61568|266460|61625
60068|1299|20473|47065|61574
57821|12586|3257|1299|198949|35676
3130|174|399697|39967|399697
58299|262999|272466
28917|6939|1299|14080|3573
4230|1299|6855|39904|199604
34927|60011|3356|1299|6855|39904
3333|1257|1299|20473|47065|61574
6424|6939|393682
2734|20473|30893
204092|56630|209944
12637|6939|2852|48091
47160|6939|28370|270962
210312|4601|50869|6939|2852|198500
3130|174|210329|215728
3130|174|3356|9002|8772|396416
2497|174|60068|211571
48070|37468|60068|216213|205884
12389|1299|60068|216213|205884
327727|174|35598|52091|206810|39089
12969|1299|6855|39904|202605
50629|13335|5408
1836|174|210329|215728
6894|174|35598|52091|206810|48687
999|6453|174|20473|47065|61574
4601|50869|41051|212510
60011|3356|9002|62000|212815|52053
17660|2914|1299|3920|206777
34019|3223|34224|12735
3130|174|12389|39089|202279|206810|52091|41039|48595
21412|1299|198949|35676
328840|327727|174|13786|263047|262578
8283|35598|52091|206810
58308|6939|32097|64236
6830|3356|16735|273514
50877|5405|6939|39790
4601|50869|202939
55720|3491|174|28189|266931|269250|271150
3333|1257|174|20473|47065|61574
44324|32595|174|53471
1299|4230|52654|266493|61625
29222|6939|50629|47277
204092|6939|25192|26710
56655|1299|6461|394737
6057|6461|1299|3920|206777
37271|3257|1299|20473|201423
44324|32595|174|63154
32590|137409|3356|1299|20473|47065|61574
32590|37100|1299|20473|47065|61574
204092|30781|1299|20473|201423
28917|6939|1299|60068|216213|215427
28917|6939|50989|205966
58308|6939|25192|26710
55222|174|3356|1680|44709
44393|58057|50673|174|399697|39967|399697
47160|174|52468|271150
12637|137409|48011|25184|49801|204533
139317|44324|32595|174|53667|212237
28634|4230|174|399697|39967|399697
48070|20764|43298|48678|210574
64475|13335|5408
28624|61568|174|140227|44324|205369
34927|56655|1299|37468|52468|271150
40994|6461|62000|212815|52053
680|1299|22773|8119
13237|1299|12956|212721
559|35598|52091|206810|24881
37662|174|6453|4755|7768
6730|6830|174|210329|215728
327960|327782|37100|1299|10490|2722|12148|47065|61574
41327|6939|15372
20205|174|60068|216213|205884
35369|5405|6939|28370|267608
6908|61049|52025|212895|210320
38001|3491|174|8551|20473|47065|61574
6830|3257|21700|399914
196621|58115|21263|216282
34288|1299|3356|28370|263060
62167|174|2914|20473|47065|61574
21700|137409|62000|212815|52053
207841|6939|54429
917|60068|1299|3356|28370|267608
553|62255|52091|206810|48687
24785|6830|3356|28370|28657
3741|174|13786|263047
559|29632|59682
41327|4601|4492
28917|6939|1299|38930|16281
50673|174|28189|266931|271615|273522|271150
29222|6939|50989|48116
35369|1764|174|210329|215728
29222|6939|28917|47914
58308|6939|42184|8454
174|3257|204548|215728
58308|6939|6830|23520|263703|271855
28917|49434|212815|52053
199524|1299|3356|8772|215536
6082|174|201814|209896
12637|1299|3356|60011|34927|208690
41722|12389|1299|60068|216213|205884
29691|1299|12956|212721
34019|6939|28370|267556
20055|1299|6855|39904|199604
28917|6939|1299|23520|262191|27951
42541|16276|203019
5405|6939|2852|197277
35426|215596|1299|6855|39904
52873|12956|1299|12859|47065|61574
6730|6830|3356|28370|269016
199524|174|35598|52091|206810|34786
15605|6762|174|11432|271150
58308|6939|6830|60068|212238
60326|34872|24961|1299|8551|44709
12779|6939|30893
44324|32595|174|401555
35600|6939|28917|12739
1299|201814|209896
36924|1299|3356|28370|267608
58308|6939|553|204680|208974
58308|6939|197301|202361
44324|32595|174|36667
59689|30781|1299|6855|39904|202605
513|174|11432|271150
398465|174|20473|30893
35426|215596|174|52468|262393
7018|6939|215172|214955
328840|327727|174|35598|52091|206810|35273
328840|327727|174|35598|52091|206810|197643
513|29222|6939|263047|262578
6830|174|12389|39089|202279|206810|52091|41039|48595
34927|1299|6453|1031|61568|266460|61625
28917|6939|1299|19332|270226
207841|6939|30893|9423
7594|174|22381|267470|263047
58057|137409|62000|212815|52053
207841|6939|28917|39238|49392|34567
8455|1299|4230|2716
8455|1299|6453|29208
139317|44324|32595|174|62833
28917|6939|1299|60068|216213|215434
28917|6939|1299|21623
174|35598|52091|206810|211692|214268
3170|174|1916|47065|61574
51088|2603|21320|5408|47065|61574
48185|1299|198949|35676
44324|32595|174|18678|273114
58057|174|35598|52091|206810|59867
553|174|140227|44324|205369
196621|6939|28917|39238
199524|1299|3257|19318|201813
29222|1299|34927|202827
28917|6939|28370|267556
2914|1299|201814|209896
35600|6939|2852|61110
57777|8298|25091|33891|60068|211571
58308|6939|33891|206231
28917|6939|1299|20473|401896|201640|213413
59891|13030|1299|3257|204548|215728
28917|6939|1299|202196
49544|3356|174|210329|215728
8298|25091|6453|174|20473|47065|61574
8220|1299|6855|39904|199604
6730|6830|3356|1680|44709
553|6939|28370|267608
559|6461|23352|20473|47065|61574
6830|1299|10490|2722|12148|47065|61574
553|1299|8551|44709
29222|6939|7018|36610
12859|29632|215536
394256|174|1299|198949|35676
8283|3491|60068|206406|210557
6057|6461|1299|20473|47065|61574
23764|174|12389|39089|202279|206810|52091|41039|48595
398465|1299|33891|216067|44244
28917|6939|1299|207415
8220|6453|174|11432|271150|272738
4601|50869|6939|28370|268521
328512|5713|174|60068|205884
28917|6939|1299|20115|23222|21529
553|6939|30893|200690
29222|6939|15962|21433
31742|1299|12956|212721
58308|6939|1299|396993|15353
28917|6939|6830|34549|213045
25160|174|201814|209896
132825|174|7311|835|394273
4455|6424|44592|49581|209693
8283|20764|52091|206810|24881|24697
7018|3356|16735|273514
3130|174|1299|8551|44709
29222|6939|15935
1299|33891|216067|44244
15576|35598|52091|48158
398465|1299|4230|2716
28917|6939|1299|52468|269935
37100|1299|6855|39904|202605
12779|174|13786|263047|266089|52793
49605|6762|2914|12859|47065|61574
58308|6939|5405|214895
204092|6939|28917|47438
198385|174|6453|19318|201813
140627|137409|62000|212815|52025|212895|210320
196621|6939|28917|43714
44324|32595|174|21826|273155
6423|20055|174|13786|263047|52793
199524|1299|6762|267470|263047
553|62255|52091|206810|57164
1267|1299|3257|204548|215728
8283|6939|2852
58308|6939|1299|396993|208812
7018|13335|5408
23367|1299|60068|216213|205884
37468|174|11432|271150|272738
132337|1299|3223|34224|12735
58057|34549|1299|8551|44709
6424|37517|1299|174|37309
28917|6939|1299|3223|48254
971|174|35598|52091|206810|202279
174|6453|9498|20473|47065|61574
12859|35598|52091|206810|34786|41875
6830|6939|28917|48084|35816
50629|20764|52091|206810|197643
23352|2914|174|20473|47065|61574
48919|174|1299|8551|44709
48070|137409|48011|25184|49801|204533
49788|1299|198949|35676
28917|6939|1299|20473|206946
2497|174|62000|212815|52053
196621|6939|2852|197277
28917|6939|6830|204210
29140|286|1299|3920|206777
1299|3223|41327
28917|20473|47065|61574
28917|6939|1299|20473|203145
204092|6939|2852|210367
2497|174|201814|209896
139317|44324|32595|174|60239
137409|12859|47065|61574
58299|20764|43298|48678|210574
204092|31133|51032|41344|39707
132825|174|12956|212721
328840|327727|174|1299|6939|24796|63293
196621|6939|28917|44056|57629
57821|12586|3257|174|201814|209896
35008|1299|17676|216211|44324|205369
13830|971|174|52468|271150
12637|6939|30893|13214
58308|6939|1299|33932
4601|50869|52025|57851
8426|3257|1299|198949|35676
29222|1299|8551|44709
139317|44324|32595|174|44222|215540
29222|6939|61618|269288
29222|6939|7018|2386|11873
16552|1299|8551|20473|47065|61574
20205|1299|12859|47065|61574
33891|13786|263047|271068
4601|50869|6939|28370|269016
327960|174|12389|49666|205647|49801|204533
24516|174|35598|52091|206810|39089
20055|1299|6855|39904|47767
139317|44324|32595|174|58453|9505|135062
28917|6939|7018|401202
19653|30600|174|20723|2852|202874
4601|50869|214757|216401
47160|6939|54429
4601|50869|34019|208627
8283|29632|215536
23764|1299|60068|211571
3214|1299|174|140227|44324|205369
49544|1299|6453|29208
35426|215596|1299|3356|60011|34927|208690
44324|32595|174|13580
24961|3320|174|399697|39967|399697
44324|32595|174|398343|400509
58308|6939|1299|35207
50629|9002|12555|48430
58511|1299|60068|216213|205884
852|2914|12859|47065|61574
29222|6939|41720|208229
35710|3320|1299|1680|20473|47065|61574
12859|35598|52091|206810|48595
394256|174|6453|4755|7768
31510|174|13786|263047
58057|50673|174|7545|20473|47065|61574
5413|1299|2914|226|47065|61574
32590|1299|34927|202827
207841|6939|28917|8491
34177|3356|1299|60068|197103|212080
139317|44324|32595|174|12222
917|60068|174|3356|8772|215536
14537|13786|174|60068|205884
132825|174|21320|5408|50148
136557|174|3257|25091|8298|4601|4492
49432|48362|2603|21320|5408|47065|61574
24516|174|35598|25308|28917|9049|51017
35600|6939|28917|21453|41783
35008|1299|2914|1916|47065|61574
50300|9002|62000|212815|52053
58308|6939|1299|23033|401988
47147|1299|6939|28370|267608
12956|1299|12859|47065|61574
139317|44324|32595|174|202978
216285|8280|6762|1299|198949|35676
20514|1299|6453|4755|7768
19151|174|60068|216213|205884
6762|1299|37468|270551|263047
207841|6939|30893
20764|33891|216067|44244
36994|1273|1299|20473|47065|61574
199938|1299|60068|216213|205884
210312|4601|50869|6939|59970
12779|34927|202827
553|1299|3356|28370|28657
34019|28917|215730|209693
1221|4637|33891|216067|44244
14907|1299|3356|28370|267608
57381|50304|1299|174|20473|47065|61574
210312|4601|50869|6939|29222|204957
6082|2914|1299|6855|50698
327960|174|35598|52091|59815|25299
58308|6939|1299|3301|25252
61049|174|60068|205884
14537|13786|174|204548|215728
28917|6939|1299|60068|216213|215568
5405|6939|28370|269016
58308|6939|3170|399275
8283|20764|52091|206810|57982
59414|3303|174|52468|271150
13030|1299|174|210329|215728
12307|29691|1299|6453|19318|209896
46450|1299|6762|49666|58224|214805
41327|37468|52468|262393
6720|1764|1299|8551|44709
52873|12956|1299|20473|47065|61574
58308|6939|47160|210979
28917|6939|1299|20473|7365
37721|1299|20473|47065|61574
28917|6939|30893|13214|35634
2734|58453|30990|174|37100|327708|327795|328676
6423|20055|1299|3223|34224|12735
21232|15576|35598|52091|206810|5598
202365|50673|174|6762|16735|273514
30781|33891|216067|44244
28917|6939|1299|13876|400097
204092|1680|44709
139317|44324|32595|174|11990|17217
41327|6939|2852|201648
28917|6939|1299|52468|272930
32590|1299|4230|2716
47147|1299|3356|28370|267556
917|60068|33891|3223|34224|12735
20253|1299|3356|8772|215536
4601|50869|58299|209185
559|6939|28370|267556
58308|6939|1299|18734|13591
59105|2518|1299|6855|39904|199604
3257|174|13786|263047|268105
20514|1299|56504|47674
58299|62255|52091|206810|12773|47809|50780
6894|2603|21320|5408|47065|61574
7660|2516|1299|198949|35676
29222|174|60068|216213|205884
58308|6939|15935|204860|203385
37468|174|20473|47065|61574
16260|174|52468|262393
1299|6939|2852|210367
34549|1299|198949|35676
6830|6453|29208
19151|174|8551|20473|47065|61574
20514|1299|3356|28370|264426
56655|1299|174|216211|211575
513|174|52468|271150
29222|6939|7018|22241
57111|174|1299|20473|399970
48070|15412|9304|17639|141210|138678|9299|3491|174|48678
199524|174|3356|8119
209823|6830|60068|211571
20612|9044|1299|3223|34224|12735
139317|44324|32595|174|6621
28917|6939|25400|21293
28917|6939|1299|23520|262191|271809
4601|50869|6939|58308
29222|6939|6830
58308|6939|1299|16509|14618|60900
199524|1299|13335|5408
14907|3356|174|20473|47065|61574
6830|174|28189|266931|271615|273522|271150
139317|44324|49581|211507
28917|6939|1299|21859|63473|40776
29691|6424|44592|49581|211507
553|9002|34927|202827
38880|6762|174|20473|47065|61574
50629|6461|17378|8119
8220|1299|174|140227|44324|205369
204092|6939|28370|269016
6762|174|210329|215728
553|1299|3257|204548|215728
553|6939|2852|202874
577|1299|20473|399970
42541|62255|52091|206810|59867
28917|6939|1299|52468|52238
41327|19318|201813
34019|6939|50989
12779|3257|1299|6855|39904|47767
28917|6939|1299|394353
204092|34019|47065|61574
57695|917|60068|1299|3356|28370|263535
58308|6939|6830|23520|27696
51519|39351|174|3356|16735|2716
28917|6939|1299|20473|62766
3216|1273|174|52468|271150
28917|6461|23352|20473|47065|61574
40994|13335|5408
24516|174|35598|52091|206810|59815|25299
28917|6939|1299|19332|273286
50763|137409|62000|212815|52053
12350|34177|174|204548|215728
48185|1299|60068|216213|205884
28917|6939|1299|20473|203943
2027|47160|174|20473|47065|61574
20253|1299|1680|20473|47065|61574
202032|58115|21263|33814
38001|3491|174|37468|61568|266460|61625
23367|1299|3356|28370|267608
204092|6939|24796|63293
3130|174|35598|52091|206810|56766
28917|6939|1299|9009|215427
1267|1299|6453|19318|201813
58308|6939|7018|19065
3320|1299|29695|206557|204503
7018|3356|16735|52794|52659
49028|1299|60068|216213|205884
41666|20764|52091|206810|24881|24697
3491|2914|6424|44592|49581|209693
50877|5405|6939|30893|205563
205206|1299|7195|28343|2716
29504|15935|174|37468|53062|266493|61625
7018|174|11432|271150
328840|327727|174|399697|39967|399697
7018|3491|20473|47065|61574
60326|34927|1299|60068|216213|205884
196621|6939|30893|205563
58299|62255|52091|206810|35273
559|35598|52091|206810|12773|44884
917|60068|1299|9002|8772|396416
48919|174|22381|267470|263047|264389
28917|6939|63290|40335
6453|1299|29695|206557|208835
6423|20055|174|13786|263047|268105
57381|50304|1299|3356|28370|263535
28917|6939|6830|33915|209390
63927|1299|60068|216213|205884
1280|1299|12859|47065|61574
48185|1299|3920|206777
58308|35598|52091|206810|34786
34800|58057|50673|174|201814|209896
3170|6939|25192|29067
44324|32595|174|35399
5511|174|20473|47065|61574
48185|1299|12389|39089|202279|206810|52091|41039|48595
199938|1299|20473|399970
40994|6939|33924
6830|1299|8551|20473|47065|61574
38001|2914|6424|44592|49581|211507
12637|34927|202827
3356|174|10490|2722|12148|47065|61574
62000|6777|42541|205235
58308|6939|25192
29222|1299|20473|201423
58308|6939|6830|23520|14638
12637|35598|52091|206810|208435
58308|6939|1299|62255|215828
20080|2914|174|140227|44324|205369
5413|1299|6453|60068|216213|205884
8220|3491|174|210329|215728
39122|1299|6855|39904|47767
559|37468|52468|271150
206356|50629|1680|20473|47065|61574
28917|6939|1299|198949|395831
28917|6939|1299|12252|136907
198249|9002|12555|48430
32590|37100|33891|60068|211571
59689|29075|1299|174|37468|61568|266460|61625
58308|6939|54429|401894
28917|6939|1299|47768
62167|174|1299|20473|47065|61574
12779|6939|29222|41495|206202
14907|1299|3356|28370
42473|1299|3356|28370|263060
58308|6939|29208|60266
28917|6939|1299|26211
57111|41327|174|204548|215728
6424|6939|207995
8455|1299|12956|212721
4601|50869|6939|50989|48116
39351|1299|6855|39904|47767
3491|1299|32787|202161
48070|6939|28917|28907
3491|2914|12859|47065|61574
58308|6939|199081|209847
4764|174|399697|39967|399697
174|35598|52091|206810|24881
6057|174|60068|216213|205884
327960|174|37468|53062|266493|61625
2027|47160|6939|25192|29067
58308|6939|1299|211393
29222|6939|553|212522
394256|174|1299|8551|44709
20205|1299|10490|2722|12148|47065|61574
49544|1299|8551|44709
51873|6830|3356|53062|266493|61625
25160|1299|6855|39904
44324|32595|174|22612
5405|62255|52091|206810|34786
6461|174|22381|267470|263047|264389
41666|20764|52091|206810|12773|52213
12779|174|52468|271150
58308|6939|1299|56898
136557|174|1299|6939|24796
37100|1299|60068|216213|205884
28917|6939|1299|20473|153185
28917|6939|1299|20473|205398
58299|62255|52091|206810|196638
205112|50629|1299|20473|399970
6424|16735|52794|52659
28917|6939|1299|23520|267797|263765
8888|6939|1299|20473|399970
52025|32097|4230|2716
29222|6939|29670|213674
8283|2914|37468|60068|216213|205884
6424|6939|30893
6720|1764|1299|20473|47065|61574
1140|2603|21320|5408|47065|61574
139317|44324|32595|174|36436
60068|1299|6424|44592|49581|209693
34288|1299|3920|206777
328206|37739|3491|1299|20473|201423
3216|1299|174|204548|215728
40994|6939|30893
2027|47160|6461|174|37468|61568|266460|61625
204092|30781|1299|8551|44709
39122|1299|37468|270551|263047
6908|174|12389|39089|202279|206810|52091|41039|48595
559|33891|44592|49581|209693
33891|6461|394737
52025|137409|48011|25184|49801|204533
15605|35598|52091|206810|12773|213694
23367|1299|4230|2716
55222|174|204548|215728
210312|4601|50869|41051|211715
40994|174|60068|216213|205884
4601|50869|6939|29222|204957
28917|6939|1299|205184
6424|47065|61574
39122|1299|6939|2852|200874
17350|3356|174|20723|2852|202874
25160|1299|6939|24796|63293
37105|37662|174|22381|267470|263047
35600|6939|50989|50683
559|35598|52091|206810|39089
398465|1299|201814|209896
34019|6939|28370|270962
47957|3356|21320|5408|47065|61574
42541|1299|3920|206777
58308|6939|3170|212683
22652|1299|3356|28370|263060
15576|35598|52091|206810|59867
139317|44324|32595|174|209847|26383
196621|6939|200303
58057|50673|174|1916|47065|61574
12350|1299|6762|267470|263047
34800|58057|50673|33891|20473|47065|61574
58308|6939|6830|23520|52286|264764|273897
60011|3356|1299|20473|399970
2734|3257|174|201814|209896
34019|47160|62000|6777|20326
58308|39801|199881
28917|6939|199081|209847|215540
44324|32595|174|53893
44324|32595|174|48266
58308|6939|1299|22773|20940
139317|44324|32595|174|44372
25152|2914|1299|198949|35676
1828|6424|44592|49581|209693
207841|61049|2914|1299|198949|35676
44324|32595|174|205544
41327|21351|60132
327782|5511|174|11432|271150
8283|2914|20473|201423
58308|6939|48678|211804|208913
44324|32595|174|42366|212799
29222|6939|28917|198297
51519|39351|174|60068|216213|205884
58308|9002|8772|215536
58308|6939|12735|208594
17660|6453|174|14840|269288
174|3356|60011|34927|208690
58299|62255|52091|206810|59867
28917|6939|1299|21859|63473|201801
58308|35598|52091|206810|211692|214268
58299|62255|52091|206810|12773|44884
48070|57463|22356|52468|271150
58299|62255|52091|206810|48595
35600|6939|28917|24651
210312|4601|50869|41051|215153
58299|174|10490|2722|12148|47065|61574
271253|174|35598|25308|28917|9049|51017
38001|3491|174|210329|215728
20932|174|3257|21034
6830|3356|28370|53079
204092|6939|42695|43101
58308|6939|1299|13536|19704
5413|1299|6453|29208
59105|2518|1299|60068|216213|205884
28917|6939|1299|395359
199524|174|3491|20473|399970
58308|6939|1299|202045
57381|50304|1299|3356|28370|263060
14907|5405|32787|202161
15935|174|37468|270551|263047
28917|6939|1299|38930|207843
49432|48362|1299|6204|44592|49581|209693
210312|4601|6939|28917|198297
210312|4601|50869|6939|200070
3356|174|399697|39967|399697
3741|174|20723|2852|202874
199524|174|216211|211575
34800|58057|50673|174|52468|271150
11845|30844|174|5538|8194|29345
50673|174|20723|2852|202874
553|6939|28370|267556
204092|34019|3223|34224|12735
47160|6461|174|37468|61568|266460|61625
50304|1299|6855|39904|47767
58308|6939|1299|31898|54253
28917|8359|57304|12735
50629|264409|61832|266460|61625
204092|37468|53062|266493|61625
6424|6939|28370|267608
58308|6939|1299|210892
3130|174|6762|16735|273514
12637|35598|52091|44660
2734|13786|263047|269680
6730|6830|1299|3920|206777
32590|5511|174|140227|44324|205369
58308|6939|7018|397799
34927|6424|44592|49581|211507
8220|137409|62000|212815|52053
40994|6939|50989
48362|1299|3257|20473|47065|61574
139317|44324|32595|174|20473|42962|136796
21232|13030|1299|6453|19318|209896
7720|10111|1299|8551|44709
12779|6461|210|47065|61574
58308|6939|33891|202245
136557|174|204548|215728
8220|1299|6453|19318|201813
6830|1299|20473|201423
31510|174|1299|198949|35676
58511|3491|5405|8943|200636
12779|6939|2852|204772
29222|6939|7018|35980
21700|174|34927|202827
6424|174|35598|52091|206810|48595
139317|44324|32595|174|21826
58308|6939|1299|136106|45305|141607
4777|2497|174|20723|2852|202874
202365|50673|174|5459|200070
174|35598|52091|206810|34786
41327|6939|24796
42473|1299|3356|1680|44709
28917|8359|57304|15935
42473|1299|3223|41327
148968|1299|6461|394737
20055|174|13786|263047|266089
209650|34927|1299|37468|270551|263047
6424|266460|61625
204092|6939|215172|214955
29222|6939|29670|48387
58308|6939|33891|48918
44324|32595|174|3257|835|52025|214223
42473|1299|3257|20473|47065|61574
205206|1299|21351|60132
28917|6939|1299|7195|266409|61768|274675
15576|35598|52091|206810|56766
19151|2914|1299|6855|39904|202605
28917|6939|1299|13999
39351|174|13786|263047
553|1299|6762|16735|2716
6908|1299|198949|35676
4764|174|14840|2716
37100|174|20473|47065|61574
199524|1299|60068|211571
2500|2914|6424|44592|49581|209693
58308|6939|12859
45049|6696|1299|174|60068|205884
553|6939|28917|48084|35816
139317|44324|32595|174|204251
58057|174|56630|209944
6461|174|216211|211575
28917|6939|1299|20473|54148
53808|44324|215172|214955
139317|44324|32595|174|57933
47147|1299|37468|53062|266493|61625
29222|6939|8283|57984
28917|6939|28370|269016
64475|62255|52091|206810|196638|42702
3701|174|37468|61568|266460|61625
1299|20473|399970
213151|34927|12859|47065|61574
13030|1299|20473|47065|61574
42541|1299|174|140227|44324|205369
35600|35625|33891|216067|44244
58308|6939|33891|209040
48362|1299|3356|60011|34927|208690
57111|41327|174|210329|215728
41722|12389|174|20473|47065|61574
132825|174|16276|203019
207841|6939|28370|268521
64475|31133|12389|28917|8905|42132
40994|6939|54429|401894
210937|1299|56630|209944
28917|6939|1299|16552
28917|6939|1299|1759|29422|207006
16552|1299|6855|39904|202605
20130|23352|2914|174|20473|47065|61574
29222|6939|2852|200874
3701|174|201814|209896
7713|9002|3356|174|11432|271150|272738
327960|174|20723|2852|202874
4601|8298|25091|6453|174|20473|47065|61574
513|29222|6939|12735|8517
12859|14840|2716
56987|174|210329|215728
58308|6939|50629|207252|214999
139317|44324|32595|174|3320
57866|1299|12389|39089|202279|206810|52091|41039|48595
139317|44324|32595|174|395301
34019|6939|50989|33837
36924|1299|3356|8119
327727|174|13786|263047|266089
34019|6939|2852|213152
35600|58453|30990|174|37100|328895
3303|174|52468|262393
29222|6939|50698
559|137409|62000|212815|52053
58057|174|13786|263047|266089
3170|37468|52468|262393
35600|6939|28917|39134
50763|28917|215730|209693
199938|1299|3356|28370|263060
7660|2516|1299|174|20473|47065|61574
8298|25091|1299|198949|35676
50629|8551|20473|47065|61574
28917|6939|1299|208905|13448
6424|21320|5408|47065|61574
39122|1299|60068|216213|205884
2027|47160|174|11432|271150
29504|15935|174|3356|1680|44709
58308|6939|7018|22729
14315|6453|1299|6855|39904
48070|1299|3356|60011|34927|208690
58057|174|210|47065|61574
35369|1764|174|20473|47065|61574
139317|44324|32595|174|17072|272336
205206|1299|174|22381|267470|263047|264389
4764|1299|201814|209896
28917|20764|52091|206810|56766
44324|32595|174|55644
44324|32595|174|7413
12637|1299|6424|44592|49581|211507
35280|2914|6424|44592|49581|209693
12859|35598|52091|206810|35273
42473|1299|6855|39904
2914|1299|6855|39904
28917|6939|1299|398446
4181|1299|29695|206557|204503
34927|1299|3356|16735|273514
58308|6939|1299|52468|273832
12859|1299|6762|16735|273514
136557|174|2914|226|47065|61574
47147|3320|1299|12859|47065|61574
215596|1299|60068|197103|212080
199524|1299|3223|34224|12735
40994|6939|28917|198297|51081
58299|174|204548|215728
12637|1299|33891|216067|44244
210312|4601|50869|34019|204092|208567
16347|1299|6453|1031|61568|266460|61625
271253|174|204548|215728
6730|6830|3356|28370|263535
559|35598|52091|206810|48687
17639|9304|33891|216067|44244
35600|6939|28917|39238|49392|34567
4764|1299|3216|51032|41344|39707
23367|1299|20473|399970
58308|6939|1299|41564
207841|6939|28370|270962
139317|44324|32595|174|63154
6424|6939|29222|513|12654
28917|6939|1299|20473|214160
327960|327782|37100|174|216211|211575
58308|6939|6830|23520|272935|267846
139317|44324|32595|174|41625
132847|137409|62000|212815|52053
6730|6830|174|37468|61568|266460|61625
42541|62255|52091|206810|57460
4601|50869|6939|28917
24961|174|204548|215728
58308|6939|6830|23520|52253|13335
58308|6939|7018|22241
35600|35598|52091|48158
36924|1299|56504|47674
20253|1299|6057|28283|268744|2716
28917|6939|1299|399912
401753|34872|8283|47065|61574
14537|13786|174|20723|2852|202874
39122|1299|20473|47065|61574
14907|1299|174|210|47065|61574
44324|32595|174|59402
29222|6939|50629|59645
1403|577|3491|5408|47065|61574
1280|2914|174|37468|61568|266460|61625
28917|6939|1299|23520|263703|269928
28917|8455|8283|47065|61574
37468|6461|62000|212815|52053
28917|6939|205081
58308|6939|1299|21277|210767
28917|6939|1299|400400
36924|6762|174|11432|271150|272738
2907|20965|5408|47065|61574
21232|15576|56630|209944
2516|3356|216211|44324|215172|214955
4181|1299|6453|4755|7768
58308|6939|28917|8926
1273|33891|216067|44244
328964|23764|1299|174|140227|44324|205369
28917|6939|1299|56911
15692|2914|3356|21320|5408|47065|61574
204092|6939|28917|206011
34177|3356|1299|10490|2722|12148|47065|61574
28917|6939|47787|203020|208414
3257|174|20723|2852|202874
174|35598|52091|59815|25299
12779|31133|12389|28917|8905|42132
4601|50869|34019|35600|39432
14537|33891|60068|211571
199524|174|35598|52091|206810|48595
263152|264409|174|201814|209896
41666|20764|52091|206810|50204
58308|6939|1299|11279
139317|44324|32595|174|204810
328512|5713|3491|174|37468|61568|266460|61625
140627|1299|6855|39904|47767
137409|174|60068|216213|205884
198249|199524|1299|199524
56655|1299|20473|399970
13237|1299|3356|28370|263535|268030
17350|3356|174|60068|216213|205884
28917|6939|1299|8151|272297
16552|3257|174|140227|44324|205369
20205|1299|1680|20473|47065|61574
23367|1299|3920|206777
29222|174|216211|211575
40994|6939|50989|50683
1299|6855|39904|199604
32590|1299|174|22381|267470|263047|264389
28917|6939|1299|36352|399275
47160|174|216211|211575
206356|50629|6461|210|47065|61574
50629|6939|50989|48116
25091|1299|8551|44709
513|174|56630|209944
44324|32595|174|20940
4764|1299|6855|50698
328840|327727|174|1299|6939|24796
2734|4800|174|7632|9905|139455
327960|174|3356|16735|2716
28917|6939|1299|60068|25645
29504|15935|13335|5408
28917|6939|53764
559|35598|52091|206810|59815
327983|37497|1299|6855|39904|202605
35426|215596|1299|8551|20473|47065|61574
35426|215596|1299|3257|19318|209896
58299|8926|1299|3320
136557|174|3257|204548|215728
42473|1299|6939|2852|197277
13237|1299|20473|399970
14907|5405|12389|39089|202279|206810|52091|41039|48595
9044|33891|60068|211571
174|3356|16735|2716
49544|2914|174|20723|2852|202874
32590|12956|174|204548|215728
49432|48362|1299|3356|8119
58308|6939|5405|9182|31348
40994|57463|7713|1299|56308
2914|174|204548|215728
60011|3356|174|20473|47065|61574
44324|32595|174|55410|24023
44324|32595|174|31775
34177|1299|3356|28370|263060
199524|6762|1299|198949|35676
57111|174|140227|44324|205369
20932|1299|21351|60132
58308|6939|6830|23520|264821|273009
1257|174|210329|215728
513|174|60068|216213|205884
58308|6939|1299|33089
28917|6939|1299|20473|215965
58308|6939|1299|265620|272344
4601|50869|52112
58057|50673|174|5459|200070
199938|1299|3356|16735|273514
21412|1299|8551|20473|47065|61574
20205|1299|6762|49666|58224|214805
328964|3491|2914|12859|47065|61574
204092|34019|3223|41327
14630|2914|174|20473|47065|61574
58308|6939|6830|23520|264821
2497|1299|35598|52091|206810
29075|1299|12389|39089|202279|206810|52091|41039|48595
36924|1299|6453|29208
3130|174|13786|263047|269680
35008|1299|6453|19318|209896
32590|37100|1299|6855|39904|202605
7018|6939|30893|199580
49788|1299|3356|28370
28917|6939|1299|20473|205058
15935|174|28189|266931|271615|273522|271150
207841|6939|28917|47914
327960|327782|5511|174|8551|20473|47065|61574
58308|6939|1299|54509
49028|31564|174|35665|200906
151326|174|35598|52091|206810|59815|25299
6424|6939|24796|63293
8283|8298|4601|4492
25091|3356|174|140227|44324|205369
28917|6939|8943|44671
13830|971|137409|62000|212815|52053
15623|174|3257|21034
47147|1299|6939|200303
58308|6939|25192|20701
6830|2914|20473|47065|61574
15935|6461|210|47065|61574
38136|50131|174|20473|47065|61574
47147|1299|6855|39904|199604
50304|1299|3356|28370
852|3491|5408|47065|61574
3257|1299|3920|206777
196621|15576|3356|1299|3920|206777
28917|6939|1299|26673
28634|4230|1299|34927|202827
58308|6939|1299|201035
28917|8359|57304|35168|21299
327782|37100|1299|10490|2722|12148|47065|61574
28917|6939|7018|401671
35280|1299|6855|39904|47767
58308|6939|1299|3301|56736
132825|174|14840|2716
48070|1299|6453|60068|216213|205884
58308|6939|7018|36610
210312|4601|50869|52025|205378
852|174|22381|267470|263047|264389
56987|174|204548|215728
28917|8359|57304|15935|204860|203385
57821|12586|3257|33891|216067|44244
17639|174|210|47065|61574
271253|174|62000|212815|52053
58308|6939|6830|23520|262202
29140|286|1299|198949|35676
328206|37739|3491|174|56630|209944
139317|44324|22356|52468|271150
20205|1299|20473|399970
33891|8943|200636
44393|394256|174|1916|47065|61574
20612|9044|174|1916|47065|61574
12637|30844|21351|60132
3170|6939|28917|204623
50304|1299|37468|270551|263047
8283|3491|209810|207187|204943
48070|39326|1299|4213|64260
205206|1299|8551|44709
198385|174|1916|47065|61574
48070|6939|15372|203592
12307|29691|1299|6855|39904
20912|12637|174|20473|47065|61574
47147|3320|1299|20473|47065|61574
12969|33891|60068|211571
28917|6939|1299|47583
50629|6939|2852|61110
28917|6939|1299|3301|201087
57866|6830|174|11432|271150|272738
58308|6939|1299|265780
44324|32595|174|198725
44324|32595|174|18907
20764|174|6453|4755|7768
210312|4601|50869|41051|207529
6424|6939|28917|48084
44324|32595|174|212148
207841|6939|207995
139317|44324|32595|174|20473|40138
44324|32595|174|46437
47147|1299|6939|28370|268198
6830|3356|25091|8298|4601|4492
210937|1299|3356|28370|263535
48070|6939|28917|39134
196621|9002|197068
6423|20055|174|13786|263047|266089
6830|1299|12389|39089|202279|206810|52091|41039|48595
58057|174|1916|47065|61574
327727|174|13786|263047|262813
28917|6939|1299|20473|198510
24516|174|3257|204548|215728
29504|39392|174|60068|205884
28917|6939|1299|21859|63473|205563
58299|33891|216067|44244
6424|174|35598|52091|206810|59867
3491|174|21700|399914
28917|6939|1299|37119|13335
8280|6762|174|10490|2722|12148|47065|61574
48362|1299|3356|28370|263060
140627|2914|174|11432|271150
34927|56655|1299|174|1916|47065|61574
50131|174|8551|20473|47065|61574
58057|1836|1299|6855|39904
8529|33891|60068|211571
39351|1299|12956|212721
3320|1299|20473|399970
48070|6939|42695|52011
44324|32595|174|61407
553|174|3356|28370|28657
22652|1299|34927|202827
8280|6762|1299|8551|44709
42541|62255|52091|206810|202279|213203
271253|1299|13335|5408
48362|1299|3356|28370|28657
58308|13335|5408
199524|1299|37468|53062|266493|61625
40387|1299|3356|1680|44709
58308|6939|262365|263433|268967
34177|6424|44592|49581|211507
49788|1299|10490|2722|12148|47065|61574
15935|6830|60068|216213|205884
28917|6939|1299|20473|213901
12859|6939|24796|63293
15692|2914|12859|47065|61574
12307|29691|1299|174|60068|205884
4764|174|28189|266931|271615|273522|271150
44324|32595|174|46974
8218|6461|1299|3920|206777
6424|174|7311|835|394273
3491|5408|47065|61574
58308|6939|6830|23520|267713
12637|6939|200303
6424|6939|28917|47759
6696|1299|8551|44709
44324|32595|174|209594
28917|8359|57304|15935|203550
2914|5405|8943|200636
42541|1299|6762|267470|263047
58308|6939|215172|214955
263152|174|60068|205884
8426|21320|5408|47065|61574
42541|1299|174|216211|211575
29075|1299|3356|28370|269016
44324|32595|174|45557
52320|1299|8551|44709
12859|1299|174|140227|44324|205369
5405|62255|52091|206810|5598
15935|174|35598|52091|206810|214721|204108
58308|6939|268624|263601
29680|174|28189|266931|271615|273522|271150
8298|25091|1299|20473|201423
58308|6939|5405|48031
34019|47160|174|60068|216213|205884
1299|16164|36032
174|1299|6855|39904|47767
37105|37468|174|11432|271150|272738
206356|50629|1299|6855|39904|47767
28917|6939|1299|198218
49788|1299|3356|28370|53079
4181|1299|8551|44709
44324|32595|174|262287|28666|53231
328512|37100|1299|6855|39904
50629|20764|52091|206810|8274
7018|3356|3223|41327
31122|8455|8283|47065|61574
196621|6939|28917|6789|200702
48185|1299|6453|29208
8220|1299|1680|20473|47065|61574
29075|1299|3356|28370|263060
215596|62000|215551|30893|13214|35634
215596|1299|2914|226|47065|61574
35280|1299|34927|202827
7713|174|1299|20473|47065|61574
58299|174|52468|271150
2914|3356|21320|5408|47065|61574
1299|3257|19318|209896
12859|2603|21320|5408|50148
41722|12389|1299|2914|226|47065|61574
15605|35598|52091|206810|12773|211692|196629
1031|999|6453|1299|20473|47065|61574
58308|6939|1299|270179
29222|6939|35826|62815
44324|32595|174|3356|7195|52863
50673|174|7195|20473|47065|61574
31742|174|22381|267470|263047|264389
39351|174|13786|263047|266089
15562|2914|1299|201814|209896
44324|32595|174|43160|199195
28917|6939|6424
28917|6939|56595|206324
20932|1299|6855|39904|199604
3170|6939|28917|52191
58308|6939|33891|201011
206356|50629|1299|21351|60132
5413|1299|3257|204548|215728
174|60068|205884
50629|9002|12555
28917|6939|1299|394380
28917|6939|1299|20473|206290
327727|174|35598|52091|206810|196638
151326|174|35598|52091|206810|59815
12859|49581|209693
14537|13786|174|60068|216213|205884
35598|33891|216067|44244
48362|1299|3356|28370|264426
28917|6939|1299|20473|58057
397131|60011|3356|1299|60068|216213|205884
28917|6939|1299|11172|270217
28917|6939|1299|60610|201471
262427|174|35598|52091|206810|211101
28917|3257|1299|198949|35676
44324|32595|174|19406
56911|174|12389|39089|202279|206810|52091|41039|48595
58308|6939|1299|56655|208869
1403|577|1299|8551|20473|47065|61574
37271|174|11432|271150
30844|174|140227|44324|205369
58308|6939|1299|52468|273966
553|6939|200303
210312|4601|50869|58299|28859
7018|6939|2852|61110
58308|6939|7018|396922
58308|6939|1299|208905|212644
25091|28917|215730|209693
12969|1299|3356|28370|28657
35600|6939|28917|198297
205206|1299|29695|206557|205190
34288|1299|3356|28370|263535|268030
42541|30844|21351|60132
210312|4601|6939|28917|39134|39561|197695
57111|41327|33891|216067|44244
139317|44324|32595|174|3573
1299|6939|30893|205563
58308|9002|46427|64289|44592|49581|211507
24961|1299|6855|39904
139317|44324|32595|174|53667|38230
209|3356|174|21700|399914
58308|6939|42184|204702
6423|20055|1299|20473|399970
12552|9002|62000|212815|52053
1280|2914|174|210329|215728
34288|174|60068|216213|205884
215596|1299|8551|20473|47065|61574
29222|6939|7018|401763
136557|174|21700|399914
8283|2914|21351|60132
28917|6939|1299|3249|207568
9268|4764|137409|62000|212815|52025|212895|210320
57111|41327|174|22381|269144|268424|264524|266448|268624|268874
1140|24785|1299|198949|35676
29222|6939|2852
52873|12956|1299|10490|2722|12148|47065|61574
6777|35598|52091|206810|202279
215596|174|210|47065|61574
174|35598|52091|206810|214721
29222|6939|15935|198284
41327|6939|30893
12779|6939|29222|204957
57118|8283|47065|61574
398465|174|52468|262393
398465|1299|6453|19318|201813
215596|174|28189|266931|271615|273522|271150
50673|174|22381|267470|263047|264389
29222|6939|21430
6424|174|46427|64289|44592|49581|211507
42541|7195|11432|271150|272738
44324|32595|174|22908
3130|174|13786|263047|274841
9268|4764|174|14840|269288
20253|1299|198949|35676
47311|150249|212001|200160
28917|6939|7018|3379
132847|7474|3257|174|22381|267470|263047|264389
4775|6453|174|21320|5408|50148
199938|1299|201814|209896
28917|6939|1299|21351|2472
271253|174|399697|39967|399697
6830|60068|216213|205884
553|9002|12555|200624
57866|1299|3223|34224|12735
46450|1299|12389|39089|202279|206810|52091|41039|48595
49544|1299|174|140227|44324|205369
34019|12859|47065|61574
15562|2914|3257|5405|8943|200636
31742|1299|60068|197103|212080
3320|1299|198949|35676
22652|1299|2914|226|47065|61574
40994|57463|41327|62093
3491|1299|34927|202827
34019|29169|174|20473|47065|61574
38001|3491|174|210|47065|61574
62167|174|2914|226|47065|61574
23367|1299|3356|8772|215536
31742|174|204548|215728
35600|23764|35168|212999
44324|32595|174|42313|216325
1140|24785|1299|8551|44709
25091|6453|174|5538|8194|29345
28917|6939|1299|23520|267823|270003
51873|9002|1299|201814|209896
7594|174|14840|2716
50629|44592|49581|209693
6424|6939|2852|198500
58308|6939|35133|200223
6667|1299|3920|206777
58308|6939|1299|15830|3819
47147|3320|174|399697|39967|399697
56655|1299|174|20473|47065|61574
6082|174|21320|5408|50148
2734|9002|34927|202827
16347|1299|42303|51701|30893
553|6939|2852|200874
327727|174|12389|49666|205647|49801|204533
29075|1299|12956|212721
29222|6939|28917|198297|51081
205206|1299|60068|211571
47692|3356|1299|10490|2722|12148|47065|61574
28917|6939|41720|208229
198249|52320|7162|13878|52468|271150
44324|32595|174|55286|399122
58057|50673|174|32787|202161
41722|20485|1299|6855|39904|199604
24516|174|35598|52091|206810|57164
206356|50629|6461|394737
57381|50304|12859|47065|61574
31742|1299|3257|60068|206406|210557
29222|6939|56595|202590|200280
271253|174|12389|60299|41798|39824|58172|35168|58172
327782|37100|174|5538|8194|29345
28917|20764|52091|206810|59815|25299
215596|62000|215551|30893
41666|49581|211507
28917|6939|1299|21859|63473
35600|6939|28370
199524|3356|174|399697|39967|399697
1299|56504|47674
59414|6830|3257|60068|206406|210557
20912|174|201814|209896
58308|6939|6830|23520|14638|35892
41327|174|204548|215728
7594|174|20473|47065|61574
29222|6939|25192|20701
20080|2914|1299|6855|39904|47767
6830|6939|30893|204789
209650|34927|1299|3356|28370|264426
58308|6939|6830|23520|64126|274068
50629|174|204548|215728
202297|13335|5408
58308|6939|1299|29264
58308|6939|7018|15084
50877|5405|6461|394737
34800|29632|9002|1299|3920|206777
40994|6939|28917|47914
9044|1299|3356|8119
51873|6830|174|21700|399914
6830|3491|209810|207187|205044
199524|174|35598|52091|206810|214721|204108
139317|44324|32595|174|55286|399122
29222|6939|50989
40994|57463|41327|200818
8220|1299|3356|28370|267556
139317|44324|32595|18423|137409|6461|174|34927|209533|214450
39122|1299|6939|200303
3356|2914|6424|44592|49581|211507
32097|20473|399970
50877|5405|6939|28370|269016
58057|34549|174|216211|211575
12859|1299|21351|60132
210312|4601|6939|28917|47478
210312|4601|50869|52025|210100
264479|6762|1299|201814|209896
44324|32595|174|11240
21412|1299|1680|20473|47065|61574
6730|6830|174|14840|2716
44324|32595|174|51847|215269
41666|29632|215536
64475|62255|52091|48158
6696|1299|174|20473|47065|61574
47160|174|52468|262393
24516|174|3257|21034
4601|6939|28917|8491
58308|6939|12735|51559
31510|174|5511|60068|206406|210557
13237|5405|12389|39089|202279|206810|52091|41039|48595
559|35598|52091|206810|214721
22652|1299|20473|47065|61574
398465|174|21320|5408|47065|61574
262427|174|35598|52091|206810|197643
5405|6939|215172|214955
58308|6939|1299|60068|62651
4601|9002|12555
48070|25180|1299|198949|211049
7018|174|11432|271150|272738
2734|142111|152672|174|3356|10753
58308|6939|1299|39208
6777|35598|52091|206810|12773|44884
17639|174|201814|209896
15605|34927|202827
6762|1299|6855|39904
4601|50869|41051|213586
204092|6939|2852|210498
12350|1299|37468|53062|266493|61625
34854|34927|202827
398465|4826|15412|33891|216067|44244
42473|1299|35598|25308|28917|204076
51519|39351|6830|60068|216213|205884
56655|1299|3356|22381|267470|263047|264389
4601|50869|6939|59689
49544|1299|3920|206777
6424|6939|28917|25386
35280|1299|6855|39904|199604
266213|3356|21320|5408|47065|61574
8220|3491|174|28189|266931|269250|271150
12859|1031|61568|266460|61625
29680|174|210|47065|61574
28917|6939|6830|23520|27717|274255
62167|174|22381|267470|263047|264389
28917|6939|61618|267443
199524|1299|6453|4755|7768
28624|61568|174|210329|215728
35426|215596|1299|6855|39904|47767
207841|6939|58308
22652|174|13786|263047|271068
47147|1299|8551|20473|47065|61574
12637|1299|60068|197103|212080
210312|4601|50869|6939|30893
9268|4764|1299|23764|35168|212999
207841|6939|200070
35600|6939|28917|48084|199961
6908|2603|21320|5408|47065|61574
28917|6939|1299|203660
31742|174|210329|215728
58057|50673|33891|20473|47065|61574
34927|56655|1299|7195|28189|266931|271615|273522|271150
44324|32595|174|36436
28917|6939|62000|198825|214029
48070|6939|29222|204957
36924|1299|22773|8119
210312|4601|6939|28917|21453|201646
41666|20764|52091|206810|57460
207841|6939|29222|513|21449
21412|1299|33891|216067|44244
971|174|30844|21351|60132
398465|3320|1299|20473|399970
24785|1299|8551|44709
9268|4764|1299|6855|39904|47767
29222|6939|15935|56360
139317|44324|32595|174|53667|199343
215596|1299|3257|19318|201813
34177|1299|174|1916|47065|61574
204092|6939|28917|43714
3170|57463|14840|2716
29075|1299|3356|28370|268521
139317|44324|32595|174|32505|54785
139317|44324|32595|174|207866
58057|50673|174|204548|215728
6762|1299|42303|51701|30893
263237|174|10490|2722|12148|47065|61574
42473|1299|6855|50698
28917|6939|1299|60068|197103|207877
12859|35598|52091|48158
58308|6939|1299|46261
8220|6453|174|60068|216213|205884
28917|6939|1299|54103
6830|9002|12555|48430
12779|6939|2852|201648
206356|50629|1299|20473|201423
40994|57463|41327|214169
196621|6939|2852|198500
8426|33891|60068|211571
58308|6939|1299|20473|401637
210312|4601|9002|12555|48430
559|7195|28189|266931|271615|273522|271150
7594|174|35598|52091|206810|210063
198249|9002|46427|64289|44592|49581|211507
50629|1299|6855|39904
28917|6939|56595|205885
23352|3257|174|399697|39967|399697
7474|7473|6461|174|20473|47065|61574
139317|44324|32595|174|13977|399353
28917|6939|7018|22715
44324|32595|174|12252
48070|6939|28917|6789|200702
55222|174|3356|28370|28657
28917|6939|1299|20473|50763
62000|6777|42541
12859|6939|28370|264426
398465|3320|1299|1680|20473|47065|61574
20080|2914|6424|44592|49581|211507
3257|174|60068|205884
7018|3356|28370|264426
6894|174|13786|263047|271068
34549|1299|12389|39089|202279|206810|52091|41039|48595
3130|174|201814|209896
41327|24796|12779|197000
196621|6939|28917|47438
28917|6939|1299|7393
28917|20764|52091
6424|6939|50989
139317|44324|32595|174|262287|28666|53231
64475|6939|28917|48084|199961
50304|1299|6453|1031|61568|266460|61625
7713|174|206170|6939|5405|200019
34927|52025|174|204548|215728
29222|6939|204310
12637|6939|2852|202874
28917|6939|1299|63473
6730|6830|3356|28370
917|60068|28917|215730|209693
21700|174|60068|205884
4601|50869|199310
42541|1299|3223|34224|12735
61568|174|210|47065|61574
28917|6939|1299|398105
12637|6939|30893|204789
11845|37468|174|11432|271150|272738
8283|20764|52091|206810|59867
13237|5405|61568|266460|61625
132337|1299|3356|60011|34927|208690
41666|3216|51032|41344|39707
20514|1299|6762|49666|58224|214805
327782|5511|174|8551|20473|47065|61574
15605|6939|59970
12859|6939|29222
28917|6939|1299|20473|393368
44324|32595|174|984|55201
41666|8926|1299|3320
2734|57463|215248
559|6939|42695
210312|4601|50869|51087
209650|34927|1299|174|60068|216213|205884
58057|174|12956|212721
8283|6939|2852|199711
29504|15935|174|3356|3223|41327
47147|1299|3356|60011|34927|208690
58299|62255|52091|206810|57164
44324|32595|174|53667|206042
15576|35598|52091|206810|214210
328840|327727|174|13786|263047|61826
59414|6830|174|52468|271150
210312|4601|6939|28917|39238|49392|34567
12779|7195|28189|266931|269250|271150
328206|37739|3491|1299|12859|47065|61574
328840|327727|174|35598|52091|59815|25299
19151|174|20723|2852|202874
49432|48362|1299|6762|16735|2716
57381|50304|1299|6453|60068|216213|205884
48070|6939|25192|26710
35600|6939|28917|44056|57629
58308|6939|1299|20473|63538
48070|6939|28370|270962
28917|6939|1299|34628
199938|1299|3257|60068|206406|210557
139317|44324|32595|174|395500
971|174|35598|25308|28917|9049|51017
58057|174|20723|2852|202874
55720|2914|1299|6855|39904
14315|6453|1299|12859|47065|61574
1299|8943|200636
44324|32595|174|402062|400164
202365|50673|174|13786|263047|269488
28917|6939|1299|23520|27665|14789
8888|137409|174|204548|215728
48362|1299|10490|2722|12148|47065|61574
47147|1299|6939|30893|13214
58308|6939|1299|7342
62000|56584|202585|215842
23352|6461|62000|212815|52053
328840|327727|174|201814|209896
42473|1299|3491|20473|47065|61574
41327|20473|47065|61574
41327|6939|393682
139317|44324|32595|174|57974|266
12859|1299|60068|197103|212080
37100|1299|6855|39904|47767
40994|6939|28370|28657
15692|2914|6424|44592|49581|209693
29691|137409|62000|212815|52053
34927|56655|1299|6453|19318|201813
49028|1299|6939|28370|267556
29222|6939|42184|49552
58308|6939|1299|36352
29075|174|21700|399914
58308|6939|1299|397709
139317|44324|32595|174|60068|216213|205884
58308|6939|7018|22056
28917|6939|1299|25899|63386
132825|174|35598|52091|206810|35273
58308|6939|15372|203592
28917|6939|1299|20473|401896|201640
6830|3356|13786|263047|269680
12779|6939|16652
5405|6939|2852|202874
1403|577|174|20723|2852|202874
48070|6939|28917|43714
28917|6939|1299|20473|202540
8888|137409|12859|47065|61574
28917|6939|33924
6830|6939|28370
553|6939|28370|269016
6424|37468|60068|216213|205884
17350|3356|6461|6424|44592|49581|209693
34177|174|20473|47065|61574
971|174|35598|52091|206810|12773|213694
50877|6762|174|140227|44324|205369
12637|6939|25192
44393|394256|174|3356|60011|34927|208690
58299|62255|52091|206810|12773|213694
16552|1299|12859|47065|61574
34927|1299|4637|20473|47065|61574
5413|1299|198949|35676
49028|1299|6453|19318|209896
16347|1299|6453|4755|7768
47147|1299|6453|19318|209896
8220|1299|8943|200636
48070|1299|12956|212721
2914|1299|6939|24796
51088|2914|174|399697|39967|399697
215596|174|5538|8194|29345
29691|1299|6762|16735|273514
37497|174|210329|215728
3130|174|35598|52091|206810|202497
12637|6939|196610|48927
28917|6939|268624|262594
46450|33891|60068|211571
174|3356|28370|28657
132825|174|137409|62000|212815|52053
210312|4601|6939|28917|6789|201069|207979
327960|174|35598|52091|206810|211692|214268
36924|1299|33891|216067|44244
139317|44324|32595|174|26269
37105|37468|174|5538|8194|29345
4601|50869|41051|401315
23367|1299|29695|206557|208835
28917|6939|1299|20335
137409|174|8551|20473|47065|61574
559|6939|54429|401894
136557|174|3356|28370|268521
29222|6939|30893|199580
204092|6939|28370|268198
999|6453|174|13786|263047|267961
42541|62255|52091|206810|197643
48362|137409|62000|212815|52053
6830|6939|33924
48070|6939|58308
58511|1299|8551|44709
3130|174|22381|267470|263047
6830|6939|15372
174|35598|52091|206810|208435
196621|58115|21263|212038
999|6453|174|20723|2852|202874
199524|174|5538|8194|29345
174|13786|263047|262578
6424|6762|1299|8551|44709
559|6461|394737
6461|174|28189|266931|269250|271150
20253|1299|3356|28370|263535|268030
12307|29691|13030|21320|5408|47065|61574
328840|327727|174|7311|835|394273
40994|6939|54429
58308|6939|1299|3308|47527
328840|327727|174|5459|200070
28917|6939|1299|54082|263725|274023
28917|6939|1299|3301|203158
148968|1299|174|210329|215728
132825|174|22381|267470|263047|264389
210312|4601|50869|214675|208790
51184|1764|1299|20473|47065|61574
1031|999|6453|1299|3920|206777
1828|1299|20473|47065|61574
35600|58453|30990|174|37100|327708|36926|32860
196621|6939|2852|213152
58308|6939|7018|62907
8758|3303|174|52468|271150
58308|6939|33891|39257|209846
28917|6939|6830|23520|272935
48070|6939|30893|13214|35634
199524|1299|3356|28370|53079
58308|6939|1299|271
58308|6939|1299|396122
3214|1299|3920|206777
58308|6939|33891|211417
4601|50869|6939|30893
35369|5405|9498|20473|47065|61574
58308|6939|1299|2586|209842
44324|32595|174|135377
42541|37468|53062|266493|61625
4775|6424|44592|49581|211507
50304|1299|198949|35676
34019|35598|52091|206810
44324|32595|174|393857
266213|3356|1299|6855|39904|202605
328840|327727|174|56630|209944
34800|58057|50673|174|204548|215728
55222|174|12389|49666|205647|49801|204533
8283|6461|394737
5405|208210|214508
136557|174|10490|2722|12148|47065|61574
328840|327727|174|6453|4755|7768
50304|1299|3356|8772|215536
917|25369|1299|21351|60132
23367|1299|1680|20473|47065|61574
559|35598|52091|206810|12773|211692|196629
29680|174|60068|205884
57111|41327|13786|263047|271068
18106|6424|44592|49581|211507
293|3356|174|201814|209896
12350|1299|3356|28370|264426
50629|215551|30893
917|60068|1299|6939|28370|263060
