29504|15935|174|1299|8551|44709
37271|174|28189|266931|269250|271150
196621|6939|28370|268521
29222|6939|8194|51955
4181|1299|3223|34224|12735
28917|6939|1299|22773|20940
58308|6939|6830|23520|272935|267845|64120
58299|174|60068|197103|212080
58308|6939|28917|48084
139317|44324|32595|174|20545
852|1299|8551|44709
20764|8359|1299|20473|399970
48919|33891|216067|44244
44324|32595|174|16637|36974|20940
31742|174|140227|44324|205369
59890|60068|33891|12859|47065|61574
64475|62255|52091|206810|56766
49432|48362|1299|3356|28370|263963
41811|1273|33891|216067|44244
36924|6762|174|11432|271150|272738
38880|6762|174|210|47065|61574
174|2914|20473|47065|61574
28917|6939|1299|399672
328964|37468|174|201814|209896
204092|6939|28917|6789|200702
32590|6453|2914|12859|47065|61574
1299|6939|30893|200690
34177|3356|1299|60068|197103|212080
34288|1299|60068|211571
42541|1299|174|210329|215728
513|29222|6939|200995
6894|174|6453|4755|7768
12779|35598|52091|206810|48595
50300|174|11432|271150
29222|6939|15935|197451|202872
49788|174|140227|44324|205369
44324|32595|174|209312
28917|6939|262485|272707
29222|6939|9136|211479|216351
58057|34549|1299|3223|41327
58308|6939|7018|30382
513|29222|6939|15935|56360
28917|6939|1299|15830
23673|9900|23764|1299|198949|35676
559|35598|52091|48158
210312|4601|50869|58299|209807
210312|4601|50869|215828|59449
47692|33891|56630|209944
6424|268746|61625
31122|174|20473|47065|61574
34927|1299|198949|35676
37497|3491|5408|47065|61574
58308|6939|208453|213998
6730|6830|174|11432|271150|272738
12859|1299|174|21700|399914
6730|6830|174|11432|271150
559|29632|59682
680|2914|12859|47065|61574
215596|174|28189|266931|271615|273522|271150
398465|174|20473|30893
57111|174|60068|216213|205884
44324|32595|174|53667|210025
12779|16276|203019
6762|174|60068|197103|212080
559|6461|394737
209650|34927|1299|3356|28370
49028|1299|7195|11432|271150|272738
199938|1299|60068|197103|212080
21232|13030|1299|6453|19318|201813
199938|1299|174|210329|215728
28917|6939|1299|3308|42789
47147|1299|7545|20473|47065|61574
32653|3741|174|210329|215728
38001|3491|1299|20473|47065|61574
328840|327727|174|3356|16735|2716
3130|174|35598|52091|206810|211692|214268|196977
1299|6939|215172|214955
41327|6939|2852|201648
22652|1299|6855|39904|202605
28917|6939|1299|20473|39617
210312|4601|50869|41051|212510
28917|6939|6830|23520|272935|267845|274123
5713|174|3130|47065|61574
3320|1299|52320|7162|13878|52468|271150
58308|6939|7018|7743
4601|50869|52025|212895|203766
8283|3320|6855|39904
35598|174|21320|5408|50148
6730|6830|174|60068|205884
4601|50869|213768|214161
44324|32595|174|399544
44324|32595|174|12189
15576|174|1916|47065|61574
207841|6939|29222|41495|206202
28917|6939|15935|197451|201263
35280|6453|1299|198949|35676
3320|1299|7195|11432|271150|272738
8529|1299|6762|49666|58224|214805
50300|174|216211|211575
6461|174|399697|39967|399697
58308|6939|1299|39869|59491
215596|174|20723|2852|202874
58308|6939|1299|60068|216213|215568
58308|6939|9136|207592
44324|32595|174|53667|213891
29222|6939|25400|50270
3130|174|50509|51032|41344|39707
58308|6939|50629|207252|215147|213413
35426|215596|1299|6855|50698
6461|174|216211|211575
57866|1299|6855|39904|202605
151326|174|3356|1680|44709
9268|4764|1299|8943|200636
680|33891|44592|49581|209693
23367|1299|7195|28189|266931|269250|271150
139317|44324|7720|10111|1299|20473|47065|61574
13830|971|174|204548|215728
2516|174|210|47065|61574
3170|13335|5408
20932|1299|37468|270551|263047
49028|1299|6939|28370|263060
6830|174|210329|215728
28917|6939|7018|397650
4601|50869|6939|50989|50683
37105|36994|1273|174|20473|47065|61574
28917|6939|3170|57483
29222|6939|31263
20253|1299|29695|206557|204503
6424|21320|5408|50148
20253|1299|34927|202827
199938|1299|174|22381|267470|263047|264389
553|1299|7545|20473|47065|61574
33891|212815|52053
12956|174|28189|266931|269250|271150
34800|58057|50673|174|28283|268744|2716
15605|35598|52091|206810|50204
28917|6939|1299|3249|35106
3491|1299|201814|209896
25160|1299|6855|39904|199604
12956|1299|3920|206777
44324|32595|174|12252
61568|6762|1299|6855|39904|47767
6696|1299|4230|2716
28917|6939|6830|33915|207894
60068|3491|1299|6855|39904|202605
196621|15576|174|52468|271150
28917|6939|41720|47152|208753
48070|64049|174|55410|141549
8283|3491|209810|207187|201265
48070|6939|50989|50683
29222|6939|56595
58308|6939|1299|43893|209454
35600|20764|202984|35598|25308|28917|204076
6424|62255|52091|206810
28917|6939|1299|19679
19151|174|22381|267470|263047|264389
328964|3491|1299|22773|8119
57111|174|210|47065|61574
207841|6939|28917|47759
28917|6939|1299|20473|139317
12637|6939|29222|41495|206202
37271|174|399697|39967|399697
5511|174|37468|61568|266460|61625
50304|1299|3356|28370|263535
58308|6939|1299|400400
50628|1299|6762|60068|205884
58308|6939|8194|12509
8283|6939|29222
1299|6424|44592|49581|209693
210312|4601|6939|28917|6789|201069|207979
199938|1299|201814|209896
51184|47692|33891|8551|44709
34800|29632|9002|3356|174|3130|47065|61574
48070|6939|28917|48084|199961
553|6939|29222|207688
35008|1299|37468|60068|216213|205884
29222|6939|56595|202590
28917|6939|7018|13965
31742|1299|3356|1680|44709
35598|1299|21351|60132
210312|4601|50869|199310|210352
199524|174|32787|202161
209|3356|1299|16276|203019
49544|1299|8551|44709
28917|6939|1299|26073
20932|174|21700|399914
28917|6939|1299|23520|263238|272966
58308|6939|6830|23520|262931
28917|6939|1299|23520|262202|52392
1257|174|20473|47065|61574
58299|62255|62379
174|12956|212721
48185|3356|174|3130|47065|61574
28917|6939|1299|26673
12779|62255|52091|206810|56766
28917|6939|1299|20473|215150
35600|50263|21263|212038
513|29222|6939|268944
48919|174|52468|262393
3170|37468|60068|216213|205884
34019|6939|25192|29067
3130|174|1299|20473|399970
139317|44324|32595|174|142111
2734|3257|174|20473|47065|61574
59105|2518|2516|174|210|47065|61574
8283|6453|60068|216213|205884
9268|4764|174|52468|262393
29680|3257|1299|34927|202532
199524|1299|37468|52468|271150
20205|1299|7195|28260|270548|52794|52659
4637|3257|5405|8943|200636
19653|30600|174|52468|262393
4601|50869|52025|215212
23367|1299|3356|28370|28657
35266|1299|3216|51032|41344|39707
12637|6939|28917|6789|200702
29222|6939|214443
58299|62255|52091|206810|211692|31069
44324|32595|174|397496
44324|32595|174|21826
3257|174|60068|205884
28917|6939|1299|20473|399866
174|2914|226|47065|61574
6830|6939|28917|44056|57629
271253|174|204548|215728
28917|6939|1299|212175
210937|1299|3356|28370|267556
12637|6939|2852|197277
4601|6939|28917|198297
12969|1299|174|399697|39967|399697
28917|6939|1299|52468|266812
207841|6939|30893|199580
58308|6939|6830|23520|274183
29504|15935|174|201814|209896
50628|6453|174|204548|215728
59890|174|3130|47065|61574
139317|44324|32595|174|1289
30600|1299|35598|52091|206810
30781|1299|6855|39904
40994|57463|41327|204504
139317|44324|32595|174|394855
3170|6939|28917|28907
28917|6939|1299|4538
48070|1299|6762|16735|273514
2516|1299|8551|20473|47065|61574
50629|1031|266493|61625
58308|6939|1299|31242
20764|174|1299|20473|399970
6424|6939|28917|21453
35008|1299|20473|201423
210937|1299|3356|28370|267608
7018|6939|60432
28917|6939|1299|23520|267708
12956|1299|20473|399970
398465|1299|174|21320|5408|50148
207841|7195|28343|2716
58308|6939|1299|43927
50304|1299|20473|47065|61574
12956|1299|35598|52091|206810
48185|1299|198949|35676
3399|174|56630|209944
34177|1299|6762|16735|273514
48070|1828|13789|30372|3356|174|393216
136557|174|1299|34927|202532
140627|2914|1299|34927|202532
34927|56655|1299|2914|226|47065|61574
204092|34019|61568|266460|61625
4637|3257|1299|34927|202532
9044|1299|20473|399970
3170|208972|210538|6775|13030|4637|133398
16552|37100|1299|198949|35676
57866|6830|174|399697|39967|399697
58308|6939|268624|61823
7594|174|56630|209944
207841|6939|28917|198297|51081
1764|174|60068|205884
553|62255|52091|206810|24881
199524|174|22381|267470|263047
31742|1299|3223|41327
57866|1299|60068|197103|212080
553|20473|30893
28917|6939|1299|20473|396476
45049|6696|1299|34927|202532
35710|3320|174|37468|61568|266460|61625
58308|6939|1299|20473|25820
8455|1299|8551|44709
45352|174|22381|267470|263047|264389
52320|1299|201814|209896
58308|35598|52091|206810|59867
24785|1299|8551|44709
35008|1299|10490|2722|12148|47065|61574
28917|6939|7018
29075|33891|60068|211571
28917|6939|1299|58065
8283|23764|35168|212999
34019|47160|174|3130|47065|61574
6894|174|210|47065|61574
44324|32595|174|24992
327782|37100|1299|198949|35676
12859|6939|42695|43101
196621|6939|28917|6789
12637|1299|17676|216211|44324|205369
29222|6939|28917|39238
4601|8298|25091|1299|20473|201423
5405|6939|42695|43101
4601|50869|58299|209898
1273|1299|20473|399970
60011|3356|1299|6855|39904
28917|6939|25400|50270
199524|174|1299|20473|399970
36924|1299|3491|20473|47065|61574
28917|6939|1299|8151|19373
57381|50304|1299|3356|28370|269016
1299|6939|28370|263535
1836|1299|3920|206777
16552|16260|174|52468|271150
12779|6939|215172|214955
199938|1299|3356|16735|2716
8283|3491|216211|211575
8283|3491|20473|47065|61574
42541|264409|61832|266460|61625
1299|174|1916|47065|61574
44324|32595|174|27951|274100
3303|174|35598|52091|206810
139317|44324|32595|174|214206|18636
64475|52320|7162|13878|52468|271150
44324|32595|174|209847
207841|6939|54429|401894
1299|7195|20473|47065|61574
37100|2603|21320|5408|47065|61574
28917|6939|1299|3223|202673
28917|6939|62000|198053
199524|174|3257|28917|215730|209693
12859|6939|50989|48116
210312|4601|50869|199310|215172
37721|1299|34927|202532
41722|20764|12859|47065|61574
28917|6939|1299|20473|60240
3170|60068|211571
36924|1299|3356|28370|263963
29680|174|28189|266931|271615|273522|271150
58308|6939|33891|51191
1403|577|6830|60068|216213|205884
29222|6939|12735|15830|137922
52025|174|28189|266931|271615|273522|271150
42541|62255|52091|44660
5405|62255|52091|206810|59867
33891|8943|200636
28917|6939|1299|20473|211437
852|174|37468|61568|266460|61625
5405|6939|54429
2516|1299|201814|209896
34854|1299|3356|28370|263535
34927|56655|1299|6762|267470|263047
196621|6939|28917|39238
8758|15576|174|204548|215728
50877|5405|62255|62379
48070|6939|28917|50045
57381|50304|8455|8283|47065|61574
52320|174|20473|47065|61574
28917|6939|1299|47887
35600|6939|28917|47914
3741|174|35598|52091
199524|6762|1299|3920|206777
136557|174|3356|28370
1280|1299|35598|52091|206810
29504|39392|174|1916|47065|61574
12859|3223|34224|12735
2516|6939|1299|20473|399970
28917|6939|1299|20473|38047
3130|174|3257|28917|215730|209693
51185|6762|174|201814|209896
50304|1299|3356|28370|28657
327983|37497|3491|174|210|47065|61574
49544|1299|3257|204548|215728
204092|29632|215536
11845|30844|3257|1299|20473|47065|61574
210312|4601|50869|6939|28370|268198
28917|6939|2852|198500
32590|1299|3356|28370|267556
13030|1299|3356|16735|2716
8455|33891|44592|49581|209693
37468|174|210329|215728
57695|917|60068|1299|20473|201423
139317|44324|32595|174|20278
140627|1299|35598|52091|206810
8283|6453|4755|7768
48070|6939|28917|52191
58308|6939|1299|26073|401698
28917|6939|1299|54696
553|29632|59682
28917|6939|1299|23520|28545|28512
8283|3320|6855|39904|47767
58308|6939|6830|23520|15344
12779|6939|28370|263060
28917|14840|2716
199524|174|399697|39967|399697
6424|6939|2852|197451
28917|6939|1299|54082|64150|63293
3303|174|60068|205884
9268|4764|174|28189|266931|271615|273522|271150
2734|34927|208690
34177|1299|3356|28370|267556
6453|174|20473|47065|61574
6696|1299|174|21320|5408|47065|61574
58308|6939|1299|13536|19704
6424|6939|58308
49544|2914|174|3130|47065|61574
28917|6939|1299|29119
15935|174|5511|49666|58224|214805
28917|6939|1299|45102
14907|5405|266493|61625
28917|6939|1299|20473|61387
398465|174|5538|8194|29345
20205|1299|8551|44709
52873|12956|1299|6855|39904
6424|6939|28370|267556
139317|44324|3920|206777
139317|44324|32595|174|31775
263152|174|2914|20473|399970
50304|1299|198949|35676
327960|327782|37100|174|216211|211575
3130|174|8551|20473|47065|61574
6461|174|60068|216213|205884
29222|6939|3170|49485
1403|577|1299|8551|44709
41327|174|140227|44324|205369
28917|6939|1299|12189
35600|6939|59970
3170|174|1299|3920|206777
11039|6461|1299|4230|2716
41666|8926|1299|3320
4601|50869|34019|12654
35600|6939|28370|263535
34549|1299|6855|39904|47767
39122|1299|8551|20473|47065|61574
2500|2914|174|3130|47065|61574
34177|1299|12956|212721
28917|6461|32787|202161
33891|7195|20473|47065|61574
15576|35598|52091|206810
327782|37100|1299|10490|2722|12148|47065|61574
1257|1299|198949|35676
44324|32595|174|2018|8094
28917|6939|1299|23379|267700|269965|266815
35008|1299|3356|14840|269288
12307|29691|1299|56630|209944
58308|6939|50629|207252|216079
42541|62255|52091|206810|5598
398465|1299|3356|28370|267556
136557|174|216211|211575
577|174|3130|47065|61574
28917|6939|1299|20473|153185|153186
44324|32595|174|3356|7195|52863|270956
20055|1299|16164|36032
139317|44324|32595|174|17056
13237|1299|3356|28370|264426
50304|1299|17676|216211|44324|205369
29169|174|60068|205884
50629|6461|32787|202161
327960|327782|5511|174|52468|271150
34019|6939|2852|48091
64475|6939|28370|267608
24516|174|3356|1680|44709
559|6939|25192
4181|3491|5408|47065|61574
28917|6939|1299|23520|46198
577|1299|3920|206777
4601|50869|52025|205378
140627|1299|201814|209896
3333|1257|174|210329|215728
58308|6939|7018|397650
13237|1299|201814|209896
6830|6939|28917|204623
6461|1299|21351|60132
35600|32787|202161
28917|6939|1299|395359
40994|6939|42695
22652|1299|3356|28370|263060
41095|6830|34927|202827
50628|1299|198949|35676
12637|6939|28370|268198
28917|6939|6830|23520|52468|274006
6082|2914|1299|3920|206777
58308|6939|1299|208414
6461|6424|44592|49581|209693
19151|2914|12859|47065|61574
11039|6461|1299|34927|202827
28917|6939|1299|398106|44273
174|2914|20473|201423
1836|174|204548|215728
20912|12637|8772|215536
40994|6939|200303
28917|6939|1299|6855|200828
20055|1299|3223|34224|12735
58511|3257|174|20473|47065|61574
209|3356|174|210|47065|61574
35369|1764|174|399697|39967|399697
6777|3920|206777
44324|32595|174|3360
29479|50304|1299|6855|39904|202605
28917|6939|7018|396922
58308|6939|6830|200308
28917|6939|1299|41231
202032|8772|215536
48070|1299|3223|41327|51580
20055|1299|29695|206557|204503
12859|1680|44709
22652|174|204548|215728
28917|6939|1299|60068|917
199938|1299|12956|212721
8220|1299|3356|14840|269288
6424|1031|61568|266460|61625
139317|44324|32595|174|42228
50877|5405|6939|28370|267556
328840|327727|174|3356|28370|268521
29222|6939|7018|35980
32590|37100|174|3130|47065|61574
58308|35598|52091|206810|196638
38001|3491|174|28189|266931|269250|271150
44324|32595|174|21277|39216
15576|13335|400095
3170|6939|28370|267608
28917|6939|1299|36236|41378|399888|142438
13237|1299|174|22381|267470|263047|264389
49788|1299|17676|216211|44324|205369
20253|1299|3356|28370|267608
39122|174|56630|209944
34019|6939|2852|200874
58308|6939|1299|52468|272034
2734|9304|136897|174|1299|36137
206356|50629|6461|210|47065|61574
17350|6453|1299|1680|20473|47065|61574
44324|32595|174|7040
3170|6939|2852|213152
4181|1299|1680|20473|47065|61574
6424|32787|202161
64475|62255|52091|206810|56915
3333|6830|60068|211571
199524|1299|3356|28370|263535
28917|6939|3170|205479
47147|1299|6762|267470|263047
34019|6939|215172|214955
4601|50869|52025|208755
198249|13030|1299|174|60068|205884
40994|1299|34927|202532
44324|32595|174|26269
40994|57463|41327|200818
12779|6939|30893|13214
28917|6939|3170|215453
13030|1299|6453|19318|209896
139317|44324|32595|174|14051|400097
42541|2603|21320|5408|50148
139317|44324|32595|174|36236|6838
4601|50869|41051|17160
6424|6939|28917|20985
199524|1299|20473|47065|61574
38880|6762|174|3130|47065|61574
49432|48362|1299|6762|16735|2716
12969|1299|6762|49666|58224|214805
12859|3216|51032|41344|39707
58308|6939|39790
328512|5713|174|140227|44324|205369
140627|1299|3356|28370|267556
210312|4601|6939|28917|39153
20912|12637|20473|47065|61574
3320|1299|60068|197103|212080
57381|50304|1299|198949|35676
44324|32595|174|204979
28917|6939|1299|23520|263238|272883
13030|1299|7195|20473|47065|61574
3130|174|28189|266931|271615|273522|271150
34854|1299|3223|41327|51580
10111|1299|20473|47065|61574
14537|13786|174|35598|25308|28917|204076
28917|6939|1299|20473|199459
9002|1299|1680|20473|47065|61574
12969|1299|3356|28370|268198
58308|59689|29075|174|52468|271150
136557|174|201814|209896
34927|56655|1299|174|216211|211575
205112|50629|3223|34224|12735
58308|6939|35133|210558
64475|62255|52091|206810
139317|44324|32595|174|394542|398765
58308|6939|7018|22715
394256|174|3257|20473|47065|61574
28917|6939|1299|10396|397566
13237|5405|61568|266460|61625
7018|1299|6855|50698
49544|1299|6855|39904
40994|174|5538|8194|29345
398465|1299|174|22381|267470|263047|264389
20205|1299|29049|49666|205647|49801|204533
58308|6939|1299|32270|265619
34019|3303|174|60068|205884
53828|3257|1299|198949|35676
32590|174|216211|211575
58308|6939|50629|47277
58308|6939|1299|23520|46198
35280|3356|174|5538|8194|29345
24785|1299|6762|16735|273514
28917|6939|1299|60068|399244
36924|1299|6855|39904|202605
46450|1299|20473|201423
199524|1299|6855|39904
1299|5511|60068|206406|210557
139317|44324|32595|174|14522
16347|1299|6762|16735|273514
29222|9002|197068
52025|32097|28283|268744|2716
34800|58057|50673|174|1916|47065|61574
151326|174|3356|3223|34224|12735
56655|1299|3356|20473|47065|61574
206356|50629|1299|21351|60132
48070|9304|136897|174|3491|137969|132824
34800|58057|50673|33891|34927|202532
48070|6939|28917|44056
9268|4764|1299|62081|198408
61218|29632|9002|3356|174|20473|47065|61574
37739|3491|174|5538|8194|29345
35600|35598|52091|206810|59815|25299
139317|44324|32595|174|52341
20253|1299|8551|44709
553|62255|52091|206810|197960
15605|35598|52091|206810|211692|214268|197578
29504|15935|174|3356|28370|268521
4777|2516|1299|201814|209896
42541|3920|206777
3399|5511|174|52468|262393
4181|1299|3356|1680|44709
4601|50869|52025|210338
58308|6939|29208|210631
6908|174|12956|212721
139317|44324|32595|174|44166
40994|2914|1299|20473|47065|61574
28917|6939|1299|60068|400519
140627|1299|3356|28370|263060
28917|6939|263047|271068
210312|4601|50869|44324|216299
44324|32595|174|213184
42473|1299|3356|28370
37105|37662|174|3356|16735|2716
8283|6762|16735|273514
15547|174|22381|267470|263047|264389
3214|1299|174|1916|47065|61574
206356|50629|1299|6855|39904
58308|6939|1299|15704
29680|174|3130|47065|61574
3701|174|204548|215728
37662|174|6453|4755|7768
13830|971|174|52468|271150
21700|174|35598|52091|206810
28917|6939|1299|8375|214019
210937|6830|174|37468|61568|266460|61625
139317|44324|32595|174|398734
28917|6461|210|47065|61574
29222|6939|28917|198297
209823|3356|174|20473|47065|61574
34177|1299|6453|4755|7768
24516|174|37468|53062|266493|61625
196621|6939|28370|28657
210937|1299|17676|216211|44324|205369
35008|1299|12956|212721
20253|1299|25091|8298|4601|4492
40387|1299|174|210329|215728
328840|327727|174|201814|209896
58308|6939|1299|20473|214921
35369|1764|174|11432|271150|272738
44324|32595|174|53667|206042
4601|50869|213768
6461|33891|60068|211571
25152|2497|174|210|47065|61574
9044|1299|174|37468|61568|266460|61625
559|6939|59970
30600|174|21700|399914
35598|174|6453|29208
51519|39351|1299|6855|39904|205968
5405|62255|52091|206810
513|21320|33891|216067|44244
46450|1299|12956|212721
34800|58057|50673|174|6461|394737
139317|44324|32595|174|13190
48070|7195|28343|2716
44324|32595|174|3257|835|52025|214223
139317|44324|32595|174|3356|7195|52863|270956
6082|174|5538|8194|29345
28917|6939|1299|60068|197103|264846
58308|35598|52091|48158
174|3491|20473|47065|61574
8298|25091|6453|174|3130|47065|61574
50628|1299|7545|20473|47065|61574
44324|32595|208223
15547|3303|21320|5408|47065|61574
6830|1299|22773|8119
2734|137409|63473|200790
28917|6939|1299|32723
209650|34927|1299|12956|212721
58308|59689|29075|174|140227|44324|205369
56655|1299|174|399697|39967|399697
271253|6453|1299|34927|202532
37053|5713|8455|8283|47065|61574
14630|2914|3356|21320|5408|47065|61574
6908|174|35598|25308|28917|204076
132825|174|3356|16735|2716
12859|35598|52091|206810
23367|1299|20473|201423
58308|6939|5405|59745
6453|174|210329|215728
58308|6939|6830|23520|52228|263785
6453|174|32595|44324
28917|6939|1299|6400|274192
40994|6939|28917|12668
17660|2914|174|20473|47065|61574
29222|6939|21430
15576|174|216211|211575
34927|56655|1299|174|210|47065|61574
4601|50869|41051|203852
196621|9002|12555|48430
202365|50673|174|28189|266931|271615|273522|271150
4601|50869|41051|201423
139317|44324|32595|174|61506
48070|57463|22356|52468|271150
210312|4601|50869|6939|2852
29222|6939|29208|206785
58308|6939|1299|42473
6424|16276|203019
28917|6939|1299|14080|3573
62167|174|201814|209896
50629|1299|20473|201423
31742|1299|60068|216213|205884
29075|1299|3223|34224|12735
50629|57463|14840|269288
34927|1299|7545|20473|47065|61574
28917|6939|1299|5605
14537|52925|3356|1299|6855|39904|47767
38880|6762|174|140227|44324|205369
199938|1299|7545|20473|47065|61574
140627|1299|3356|28370
28917|6939|1299|10396|14789
60326|34927|174|210|47065|61574
12637|35598|25308|28917|9049|51017
35008|1299|8551|44709
37239|37468|1299|6855|39904
6830|9002|12555
8283|2914|21351|60132
28917|6939|1299|58317
35600|6939|30893|199580
58308|6939|6830|23520|272935|28053
28917|6939|1299|9009|215427
12859|25180|1299|198949|211049
49788|1299|1680|20473|47065|61574
14907|1299|6855|50698
35600|35598|52091|206810|208435
6424|174|201814|209896
34549|174|22381|267470|263047|264389
58308|6939|56595|205885
6082|174|399697|39967|399697
34800|58057|50673|174|32787|202161
8283|6762|16735|2716
50629|20764|52091|206810|56915
58308|6939|50629|207252|207196
28917|6939|1299|52468|23031|23246
6730|6830|9002|12555|200624
263237|174|216211|211575
58308|6939|1299|62255|215828
20764|174|7545|20473|47065|61574
57381|50304|1299|12956|212721
327727|174|6461|394737
9044|1299|12956|212721
58308|6939|6830|23520|52286
293|3320|33891|216067|44244
42541|62255|52091|206810|214218
35600|6939|393682
1273|174|14840|269288
39351|1299|6453|19318|209896
28917|6939|1299|36352|40092
34800|58057|50673|174|1299|20473|201423
553|62255|52091|59815
28917|6939|1299|212477|207847
58308|6939|202585|215842
35600|6939|25192|29067
12969|1299|6855|39904|202605
6830|3491|20473|47065|61574
48070|1299|174|60068|205884
328840|327727|174|204548|215728
37100|174|20473|47065|61574
271253|6453|174|10490|2722|12148|47065|61574
204092|6939|215172|214955
16552|1299|3223|34224|12735
6424|6939|28917|52191
202365|50673|33891|34927|202532
42541|62255|52091|206810|214721|204108
40994|6939|28917|48084|199961
58308|6939|47787|203020
1299|174|3130|47065|61574
513|29222|6939|61618|267216
3356|174|140227|44324|205369
47147|1299|7195|11432|271150|272738
56987|174|52468|271150
51184|1764|5405|61568|266460|61625
58308|6939|15935|204860|203385
204092|6939|28917|21453|41783
51088|8455|1299|8551|20473|47065|61574
3170|6939|215172|214955
20764|174|210|47065|61574
35008|1299|33891|216067|44244
29222|6939|32097|64236
12637|6939|30893|200690
41666|20764|52091|206810|59867
35008|1299|3257|60068|206406|210557
20253|1299|3223|41327|51580
28917|20764|52091|206810|59867
58308|6939|198101
132825|174|3257|60068|206406|210557
132825|174|22381|267470|263047
1257|1299|20473|47065|61574
58308|6939|1299|54113
6453|1299|6855|50698
39122|174|3257|21034
5405|6461|394737
553|1299|21351|60132
7018|174|399697|39967|399697
58308|6939|1299|1759|29422
58299|8926|1299|3320
35600|35625|5511|174|37468|61568|266460|61625
39122|174|22381|267470|263047|264389
58308|6939|7018|3423|13979|10616
23673|6939|1299|20473|47065|61574
28917|6939|1299|21559|271945|269931|271968|271989
58308|6939|1299|21859
12637|1299|8551|20473|47065|61574
23352|2914|1299|34927|202532
205206|1299|4230|2716
151326|174|399697|39967|399697
39122|174|3356|28370|28657
28917|6939|1299|20473|209300|24239
58308|6939|1299|212582
58057|174|20723|2852|202874
37697|3491|174|60068|211571
13786|174|5538|8194|29345
4601|9002|12555|48430
35266|2914|174|3130|47065|61574
263237|174|399697|39967|399697
58299|62255|52091|206810|211692|214268|197578
36924|1299|17676|216211|44324|205369
44324|7720|10111|1299|198949|35676
28917|6939|1299|398446
15605|6939|42695
28917|6939|1299|208905|13448
12637|1299|6855|50698
6423|20055|1299|29695|206557|208835
21700|174|37468|61568|266460|61625
35600|6939|2852|199711
48362|1299|6453|19318|209896
553|6939|50989|50683
20253|1299|13335|5408
398465|1299|3223|41327
7018|3356|28370|269016
28917|6939|1299|52468|273966
28917|6939|1299|52468|27814
34549|1299|198949|35676
58308|6939|3170|215323
6424|52898|263047|268105
174|1299|20473|201423
28917|6939|1299|20473|207615
58308|6939|1299|18734|28548
15605|6939|42695|52011
20764|174|60068|216213|205884
6461|174|52468|262393
202365|50673|12859|47065|61574
35600|6939|28917|44812
264479|6762|1299|198949|35676
12779|52320|7162|13878|52468|271150
55222|174|22381|267470|263047|264389
15605|6939|50989
19151|174|3257|21034
6424|6939|30893|199580
50673|174|22381|267470|263047|264389
38001|3491|174|8551|20473|47065|61574
5405|47065|61574
174|1299|12859|47065|61574
23367|1299|174|1916|47065|61574
148968|7474|3257|1299|20473|47065|61574
204092|30781|3356|174|20473|47065|61574
553|62255|52091|206810|12773|211692|196629
23673|9900|23764|3356|21320|5408|47065|61574
37697|37497|1299|6855|39904|199604
28917|6939|1299|44522
28917|6939|52838|269035
57866|5511|174|52468|271150
15605|35598|52091|206810|197960
6830|6939|28917|48084
28917|6939|1299|20473|46793
29222|6939|3170|212683
28917|6939|1299|60610|201471
29222|6939|32097
8660|1267|1299|174|399697|39967|399697
132825|174|3257|19318|209896
328512|5713|174|60068|211571
34800|58057|50673|174|7311|835|394273
139317|44324|32595|174|13462
37662|174|3356|16735|2716
57866|1299|3223|34224|12735
3320|1299|6204|44592|49581|209693
49028|1299|174|140227|44324|205369
328206|37739|3491|1299|34927|202532
6894|2603|21320|5408|47065|61574
210312|4601|50869|41051|200372
48362|1299|174|140227|44324|205369
12637|6939|59689
207841|6939|28917|24651|39900
60011|3356|1299|10490|2722|12148|47065|61574
3491|174|16276|203019
29504|15935|174|60068|216213|205884
12779|6939|28370|267608
58308|6939|1299|52468|273034
23764|3356|174|1916|47065|61574
210312|4601|50869|34019|51306
44324|32595|174|53667|205398
34549|1299|56630|209944
41327|6461|394737
327960|174|50509|51032|41344|39707
205206|1299|6855|50698
20912|174|201814|209896
32590|1299|201814|209896
20253|1299|20473|201423
327960|174|3257|21034
41666|20764|52091|206810|35273
139317|44324|32595|174|60497
6667|1299|20473|399970
58308|6939|1299|16509|213151
31742|1299|17676|216211|44324|205369
5511|174|21700|399914
139317|44324|32595|174|212250|208293|203217
58299|174|1916|47065|61574
6830|6939|28917|9110
210312|4601|6939|30893|9423
35008|1299|2914|226|47065|61574
7018|6939|2852|201648
50877|5405|6939|58308
16552|1299|8551|20473|47065|61574
29222|6939|29208|62102
44324|32595|174|53893
139317|44324|32595|174|54502
9268|4764|1299|35598|52091|206810
210312|4601|50869|52025|213982
151326|174|35598|52091|206810
513|29222|6939|204310
58308|35598|52091|206810|214721
58308|6939|7018|400072
39351|1299|6855|39904
7594|174|5538|8194|29345
19653|30600|174|20473|47065|61574
28917|6939|1299|25899|397301|6649
8283|20764|52091|206810|57982
3214|1299|3223|34224|12735
12389|1299|60068|197103|212080
49028|1299|3356|28370|53079
25091|1299|20473|201423
210312|4601|6939|28917|21453|201646
64475|6939|28917|39238
139317|44324|32595|174|25829
35266|1299|1680|20473|47065|61574
28917|6939|271150
28917|6939|1299|396122
47311|150249|212001|200160
48919|174|22381|267470|263047|264389
32590|33891|216067|44244
37271|174|140227|44324|205369
36924|1299|6855|50698
50629|6939|200303
204092|6939|59689
12969|1299|174|210329|215728
64475|6204|208972|210538|6775|13030|4637|133398
2152|3356|1299|6855|50698
44393|394256|174|60068|211571
44324|32595|174|11805
44324|32595|174|19624
6082|2914|1299|6855|39904|199604
28917|6939|1299|265530
3701|174|210329|215728
8220|3491|174|210329|215728
328840|327727|174|28283|268744|2716
49788|174|3130|47065|61574
47147|1299|3356|28370|268198
28917|6939|1299|27563|26793
20932|33891|60068|211571
39122|1299|6855|50698
34019|6939|28370|269016
29691|1299|3356|16735|273514
58308|6939|1299|40061
35598|174|22381|267470|263047|264389
286|1299|20473|47065|61574
58308|6939|1299|52025|212895|54891
41327|174|11432|271150
7018|1299|34927|202532
50877|5405|6939|2852|213152
20612|9044|1299|56630|209944
59414|13030|1299|3920|206777
6830|6939|393682
553|62255|52091|206810|211692|214268|197578
6424|6939|50989|48116
204092|6939|28370|267608
34854|1299|34927|202827
3320|6830|34927|202827
4601|6939|28917|50009
40994|6939|29222|41495
28917|6939|1299|12876
199938|1299|12859|47065|61574
2518|2914|174|37468|61568|266460|61625
57111|41327|20764|43298|48678|210574
28917|6939|7018|25993
44324|32595|174|400701
205206|1299|3356|28370|263535|268030
20130|23352|2914|174|3130|47065|61574
50629|20764|52091|206810|213694
7713|1299|12956|212721
577|33891|216067|44244
59105|2518|1299|8551|44709
24961|12859|47065|61574
28917|6939|1299|203660
58308|6939|1299|58317|48448
4601|50869|41051|212834
20205|1299|7195|20473|47065|61574
8529|1299|20473|201423
28917|6939|3170|213692
4601|50869|214675|208790
3320|1299|13335|5408
207841|6939|28917|204623
6830|9002|12555|210259
50300|3257|1299|20473|47065|61574
6057|174|60068|211571
6830|6461|210|47065|61574
28917|6939|7018|399611
50304|1299|6855|39904|47767
28917|6939|1299|7545|133612|18291
58308|6939|1299|262223
132825|174|3257|8551|44709
42541|8551|20473|47065|61574
37697|37497|174|3356|28370|28657
58308|6939|50533|205427
204092|6939|28917|39238|49392|9098
14537|13786|174|60068|197103|212080
28917|6939|1299|5056|20273
4601|50869|52025|216096
204092|6939|2852|197277
58511|3257|174|210|47065|61574
28917|29632|215536
207841|6939|28917|39134|39561|197695
6830|16276|203019
28917|6939|1299|23520|265561|270173|63293
48070|6939|29222
5405|62255|52091|206810|196638
11039|6461|1299|56630|209944
57111|174|2914|20473|47065|61574
210312|4601|50869|199310|202335
20253|1299|52320|7162|13878|52468|271150
58299|62255|52091|206810|39558
34019|3303|174|52468|271150
52025|1299|6855|39904
58308|6939|271150|272738
34927|1299|12956|212721
21700|174|210|47065|61574
34177|33891|44592|49581|209693
3170|6774|36947|174|36891
49028|1299|174|210|47065|61574
12779|6939|200070
207841|7195|11432|271150
56655|1299|174|1916|47065|61574
8529|6453|174|11432|271150
47147|1299|174|37468|61568|266460|61625
29222|6939|21430|199220
210312|4601|50869|52025|212895|205991
20764|174|1299|198949|35676
58308|6939|8899|42652|3573
209823|6830|60068|216213|205884
31510|174|140227|44324|205369
2914|30058|53808|44324|215172|214955
42541|1680|20473|47065|61574
20205|1299|3223|41327
28917|6939|1299|20473|210041
20764|174|3257|20473|47065|61574
6424|174|216211|44324|205369
8298|8283|3491|209810|207187
28917|6939|6830|23520|272935
2734|47787|6424|203020
210312|4601|50869|205848
6461|174|210329|215728
28917|6939|7018|19065
852|174|28189|266931|271615|273522|271150
28917|6939|207767
25152|2914|1299|198949|35676
48185|1299|6855|39904|202605
13030|1299|6762|267470|263047
210312|4601|50869|41051|198209
1257|174|3130|47065|61574
55222|174|12956|212721
28917|6939|1299|29802|205749
210312|4601|7195|11432|271150|272738
35008|1299|4230|52654|266493|61625
34854|1299|6855|39904
199524|174|6461|394737
6830|1299|20473|47065|61574
174|34927|202827
44324|32595|174|399646|55223
1299|8551|20473|47065|61574
16552|1299|3356|8119
50304|1299|6453|19318|209896
6830|6939|30893|205563
42541|62255|52091|59815
209650|34927|174|1916|47065|61574
210312|4601|50869|6939|28370|264426
4601|50869|6939|200070
50673|174|1916|47065|61574
40994|57463|41327|200553|213844
12637|6939|29222
3320|1299|29695|206557|204503
60068|1299|20473|399970
28917|6939|1299|42313
58308|6939|1299|213138|202169
44324|32595|174|395866
28917|6939|7018|7287|13965
136557|174|1299|3920|206777
174|13786|28343|2716
5405|6939|2852
29691|1299|174|20473|47065|61574
28917|6939|1299|206364
58308|6939|48678|212598
196621|15576|3920|206777
204092|6939|29222|41495|206202
28917|6939|1299|23520|263785
327960|174|6461|394737
28917|6939|1299|32270
206499|52025|212895|210320
210937|1299|12859|47065|61574
29504|15935|174|3257|19318|209896
148968|7474|3257|174|60068|216213|205884
58308|6939|1299|13443
28917|6939|1299|60486
35598|174|201814|209896
12779|47065|61574
917|60068|1299|34927|202827
52075|2914|1299|20473|47065|61574
3356|1299|6855|39904
4601|6939|30893|205563
8220|1299|60068|211571
6730|6830|4637|20473|47065|61574
39392|174|1299|20473|201423
44324|32595|174|27988|272879
12779|7195|28343|2716
202365|50673|174|1916|47065|61574
6696|1299|17676|216211|44324|205369
42541|1299|174|20473|47065|61574
7018|3356|8119
58308|6939|1299|7483
210312|4601|50869|6939|60432
58308|6939|7018|14654
50629|6939|28370|267556
20205|1299|6762|49666|58224|214805
30781|3356|174|140227|44324|205369
6830|6939|42695
28917|6939|1299|20473|46464
3130|174|3491|20473|47065|61574
34927|1299|6461|210|47065|61574
174|37468|61568|266460|61625
29222|6939|50989
58308|6939|6830|23520|270068
1267|1299|6453|29208
19151|2914|1299|198949|35676
28917|6939|1299|18678
3356|174|20473|47065|61574
8218|33891|60068|211571
28917|8359|57304|15935|204860|203299
56655|1299|10490|2722|12148|47065|61574
6424|6939|2852|48091
139317|44324|32595|174|32505
29504|15935|174|3356|16735|2716
58308|6939|553|204680|208854
28917|6939|199081|209847|215540
8283|20764|52091|206810|202279
4764|1299|8551|44709
49028|1299|33891|216067|44244
204092|6939|28917|12739
42541|1299|60068|197103|212080
28917|6939|1299|5518|12578|208995
6830|7195|28189|266931|271615|273522|271150
207841|6939|215172|214955
59689|30781|1299|6855|39904|47767
50304|1299|3257|20473|47065|61574
199524|174|21320|5408|50148
207841|6939|28370|268521
25091|5511|174|399697|39967|399697
174|1299|32787|202161
42473|1299|174|140227|44324|205369
6424|6939|28917|21453|48149
41051|58299|21320|5408|47065|61574
137409|174|20473|47065|61574
13030|1299|174|210329|215728
2914|174|204548|215728
58308|6939|1299|14080
196621|6939|50989
41327|8551|44709
7018|6939|2852|210498
12956|1299|56630|209944
34549|1299|37468|270551|263047
3356|174|21700|399914
3320|1299|4230|2716
28917|6939|1299|210937|11930
42473|1299|3356|28370|263535
6424|6939|200303
8529|1299|17676|216211|44324|205369
58308|6939|29208|203488
6730|6830|3257|49666|205647|49801|204533
35600|6939|207995
16552|1299|4230|2716
2914|174|37468|61568|266460|61625
398465|174|216211|44324|205369
28917|6939|1299|52468|271967
28917|6939|1299|14080|263710
47147|1299|6855|39904|199604
3130|174|22381|267470|263047|264389
20912|174|28189|266931|271615|273522|271150
6424|6939|28917|24651
59414|6830|6453|4755|7768
35600|6939|28370|28657
12859|3216|1299|8402
5405|6939|2852|61110
58299|6204|208972|210538|6775|13030|4637|133398
58308|6939|1299|7250
12586|3257|174|20473|47065|61574
263152|174|56630|209944
210312|4601|50869|44324|211729
36924|1299|3257|19318|209896
58308|6939|6830|23520|263703|274022
999|6453|174|20723|2852|202874
12779|13335|5408
6696|1299|198949|35676
9002|1299|3920|206777
58308|6939|25400|213158
49432|48362|1764|5405|61568|266460|61625
15562|2914|174|3130|47065|61574
28917|6939|1299|23520|265590
28917|6939|1299|397516
28917|8359|57304|12735
559|35598|52091|206810|197643
58299|7195|11432|271150|272738
28917|56630|209944
6424|62255|25308|28917|9049|51017
37721|33891|60068|211571
398465|1299|3216|51032|41344|39707
28917|6939|3170|215323
58308|6939|1299|396253
5405|6939|2852|212876
34927|174|20473|47065|61574
28917|6939|1299|3223|211428
202365|50673|174|138997|216211|44324|205369
553|1299|37468|53062|266493|61625
60068|174|56630|209944
44324|7720|10111|1299|8551|44709
16347|1299|6762|267470|263047
23764|1299|34927|202532
210312|4601|50869|41051|212184
2497|1299|4230|2716
50628|1299|3257|20473|47065|61574
58057|50673|174|7195|20473|47065|61574
20253|1299|174|22381|267470|263047|264389
58308|6939|1299|39783
60326|34872|60144|1299|174|37468|61568|266460|61625
215596|1299|34927|202532
41666|20764|52091|59815|25299
51873|6830|3356|53062|266493|61625
29169|1299|198949|35676
139317|44324|32595|174|37468|61568|266460|61625
37739|3491|174|20473|47065|61574
59105|2518|1299|60068|216213|205884
5511|174|52468|262393
58057|174|3130|47065|61574
20932|1299|3257|20473|47065|61574
9930|1299|33891|216067|44244
64475|6461|394737
6424|9304|136897|174|3491|137969|132824
3170|174|60068|216213|205884
48070|1299|3920|206777
6762|1299|42303|51701|30893
50673|174|216211|211575
6830|6762|16735|273514
7713|1299|20473|399970
50877|6762|174|11432|271150
21700|174|6453|29208
29222|6939|12735|57844
2734|21859|138415|4229|1299|3786|138195|136800
49788|1299|2914|226|47065|61574
6830|174|60068|216213|205884
58308|6939|33891|38938
49788|1299|60068|197103|212080
398465|1299|6855|39904
202032|58115|21263|203293
58308|6939|1299|46261|46978
15605|35598|52091|44660
50629|1299|21351|60132
58308|6939|1299|209551
34927|60011|3356|1299|6855|39904|199604
7474|7473|1299|7195|20473|47065|61574
58308|6939|1299|212477|49592
34927|1299|3356|28370|264426
28917|6939|1299|23520|262191|27951
57111|41327|8551|44709
20253|1299|3216|51032|41344|39707
29222|6939|29670|213997
59891|13030|12859|47065|61574
6667|1299|3920|206777
2734|18678|22381|267470|263047|264389
29504|15935|6461|210|47065|61574
60011|3356|1299|198949|35676
52320|174|140227|44324|205369
58308|21351|60132
58308|6939|50629|207252|197634
207841|6939|28917|35539
196621|6939|28917|47759
28917|6939|56595|211879
44324|32595|174|22361|400097
4601|50869|44324|139299
37721|1299|198949|35676
28917|6939|7018|20182
29222|6939|28917|43714
2734|9304|136237|174|137995
16552|6453|174|210|47065|61574
37697|3491|174|204548|215728
139317|44324|32595|174|39537
34927|56655|1299|10490|2722|12148|47065|61574
209|3356|2914|12859|47065|61574
12350|1299|3356|28370|263535|268030
59105|2518|2516|174|20473|47065|61574
205206|1299|3356|8119
34927|1299|3356|28370|263963
28917|6939|1299|21277|212573
8529|33891|216067|44244
16552|3257|174|60068|205884
8283|2914|62240|205479
7018|3356|216211|44324|205369
4775|1273|174|11432|271150|272738
3320|1299|21351|60132
6424|6939|28917|6789
139317|44324|32595|174|12310|44679|201308
28917|6461|6057|28283|268744|2716
58308|6939|6830|23520|11139|397529
28917|6939|1299|20473|153185
205206|1299|21351|60132
139317|44324|32595|174|15094
28917|12859|47065|61574
6830|6939|200070
2734|52320|7162|13878|52468|271150
29479|50304|33891|216067|44244
139317|44324|32595|174|51847|61112
6424|6939|16652
151326|174|5459|200070
6424|37517|1299|5511|37309
34019|8218|21320|5408|47065|61574
210312|4601|6939|28917|39238|49392|9098
28917|6939|1299|199610
52873|12956|174|204548|215728
58308|6939|33891|202092
29222|6939|200462|213579
2497|1299|6855|39904
12779|35598|52091|206810|57164
34288|1299|20473|201423
6424|6939|29222|513|21449
28917|6939|1299|198279|35444
50304|1299|12956|212721
28917|6939|1299|27947|27668
1140|24785|6830|174|52468|271150
58308|6939|1299|397774
58308|6939|1299|198785
12779|35598|52091|206810|5598
42541|3216|51032|41344|39707
20205|1299|10490|2722|12148|47065|61574
15605|6939|28370|269016
49788|1299|12859|47065|61574
4764|174|399697|39967|399697
971|174|52468|262393
139317|44324|32595|174|91
35369|1764|174|5538|8194|29345
62167|174|1299|198949|35676
28917|6939|15576|60311
6830|6939|16652
8758|15576|174|399697|39967|399697
3741|174|3257|19318|201813
1280|1299|3920|206777
20764|12859|47065|61574
3701|174|60068|211571
35600|35598|52091|206810|24881|24697
59414|13030|1299|20473|47065|61574
35008|1299|6453|29208
852|1299|201814|209896
34927|52025|32097|4230|2716
34927|6830|60068|216213|205884
42541|62255|52091|206810|34786
28917|6939|1299|39351
51519|39351|174|20473|47065|61574
1273|174|34927|202827
6424|199434|1299|3356|263238
199938|1299|174|1916|47065|61574
34927|56655|12859|47065|61574
8220|6453|1299|8551|20473|47065|61574
28917|6939|1299|21559|271945|269931|272015
50877|5405|6939|30893|204789
44324|32595|174|13190
41051|58299|61568|266460|61625
139317|44324|32595|174|11900
19653|2914|12859|47065|61574
207841|20473|30893
2734|9002|197068
35280|6453|174|210|47065|61574
559|6939|28370|264426
61218|29632|12859|47065|61574
22652|1299|17676|216211|211575
210312|4601|50869|34019|201080
28917|20764|52091|206810|56766
8283|20764|52091|206810|48595
28917|6939|1299|208328
58308|6939|1299|44788
3130|174|13335|5408
206356|50629|3920|206777
40994|57463|22356|52468|271150
34854|14840|2716
2027|6696|1299|20473|399970
6424|6939|29222|41495|206202
28917|6939|1299|6855|3573
215596|174|60068|216213|205884
12779|6939|54429|401894
12637|6939|25192|20701
28917|6939|1299|396986
8283|57866|28917|215730|209693
57695|917|60068|1299|34927|202532
41327|6461|6424|44592|49581|209693
15605|6939|28370|264426
205206|1299|29695|206557|205190
8529|1299|8551|44709
2516|1299|12956|212721
25160|174|60068|216213|205884
34927|56655|1299|6453|19318|209896
44324|32595|174|51551|44971
28917|6939|1299|24909
58308|6939|6830|23520|263703|269928
42473|1299|3356|8119
198385|174|22381|267470|263047|264389
42541|13335|400095
28917|6939|1299|11172|265586
44324|14840|269288
6667|174|60068|216213|205884
48070|6939|28917|21453|201646
28917|6939|1299|52468|271822
49788|1299|6762|267470|263047
6461|1299|4230|2716
28917|6939|1299|20473|151674
28917|6939|1299|39570
31742|1299|60068|211571
29222|6939|52927|267933
1031|999|6453|174|22381|267470|263047|264389
28917|43350|60503|268746|61625
34927|52025|174|56630|209944
6939|1299|20473|47065|61574
8220|1299|56504|47674
60068|174|216211|211575
64475|264409|61832|266460|61625
34927|56655|1299|22773|8119
7018|174|20473|47065|61574
48919|174|204548|215728
6461|174|14840|2716
39351|174|204548|215728
51519|39351|174|216211|211575
174|35598|52091|206810
12637|6939|33924
58308|6939|48678|207582
20514|1299|29049|49666|205647|49801|204533
58308|6939|7018|29992
6453|174|201814|209896
3257|174|20473|47065|61574
37271|174|60068|216213|205884
23367|1299|6855|39904|199604
48362|1299|3356|28370|263963
23764|3356|174|3130|47065|61574
28917|6939|1299|44180
28917|6939|6830|23520|272935|267846|273861
28917|6939|1299|44332
199524|1299|3356|16735|273514
35266|2914|174|20473|47065|61574
47147|9002|3356|174|3130|47065|61574
59689|30781|1299|20473|47065|61574
216285|8280|6762|174|204548|215728
15605|35598|52091|206810|211692|214268
196621|6939|200303
32590|37100|6762|174|37468|61568|266460|61625
58308|6939|7018|62907
47147|1299|6204|44592|49581|209693
9900|23764|1299|3920|206777
12779|6939|59970
58308|6939|28917|52191
28917|6939|1299|6855|50881
23352|2914|174|37468|61568|266460|61625
58308|6939|3170|206924
8220|1299|1680|20473|47065|61574
35008|1299|3356|8119
397131|60011|3356|1299|201814|209896
3356|1299|6855|39904|47767
12779|3920|206777
29222|6939|263047|269680
34927|1299|6453|60068|216213|205884
28917|6939|1299|52468|271882
28917|6939|1299|20473|51939
59105|2518|1299|201814|209896
44324|32595|174|397735
58308|6939|1299|60068|51191
264479|7195|33891|216067|44244
136557|174|3356|8119
49544|3356|174|11432|271150|272738
30600|1299|3920|206777
20253|1299|7195|11432|271150|272738
28917|6939|28370|267608
553|6939|28370|264426
210312|4601|6939|28917|198297
852|174|60068|205884
7018|6939|50989|33837
58308|6939|1299|400940
3356|6830|60068|216213|205884
44324|32595|174|53471
57866|1299|20473|399970
58308|6939|6830|23520|262191|274039
328840|327727|174|12389|49666|205647|49801|204533
58308|59689|29075|174|204548|215728
6424|6939|28917|206011
51519|39351|174|204548|215728
58308|6939|28370|269016
31510|174|210329|215728
58308|6939|1299|51569
7660|2516|1299|34927|202532
398465|7922|1299|3920|206777
136557|174|204548|215728
8283|6939|30893|204789
196621|6939|30893|13214|35634
58308|6939|31263
32590|37100|174|216211|211575
28917|6939|1299|60068|197103|272768
20612|9044|1299|20473|201423
1280|1299|174|37468|61568|266460|61625
7018|174|210329|215728
44324|32595|174|42366
4601|50869|215561
20514|1299|25091|8298|4601|4492
34177|1299|6453|1031|61568|266460|61625
58308|6939|50629|215236
41666|20764|52091|206810|214210
34854|1299|56630|209944
139317|44324|32595|174|36436
398465|1299|56504|47674
28917|6939|1299|39208
20514|1299|22773|8119
196621|6939|28917|206011
49788|1299|37468|270551|263047
58308|6939|1299|21777
58308|6939|9136
1031|999|6453|174|60068|216213|205884
139317|44324|14840|269288
25152|2914|174|3130|47065|61574
8283|2914|28283|268744|2716
210937|1299|60068|216213|205884
15605|35598|52091|206810|35273
8283|3491|20473|399970
559|28283|268744|2716
58308|6939|1299|29066
394256|174|1299|20473|47065|61574
57777|9002|8772|215536
8298|8283|3491|209810|207187|207198|206429
199524|1299|4230|52654|266493|61625
57866|6830|3257|20473|47065|61574
553|6939|25192
35600|6939|30893|13214|35634
34800|58057|50673|12859|47065|61574
58308|6939|6830|23520|46198
40994|174|8551|20473|47065|61574
210937|1299|3356|28370|264426
204092|6939|30893|199580
139317|44324|32595|174|53667|211233
29680|174|201814|209896
6696|1299|6855|39904|199604
28917|6939|1299|20473|203040
327804|37271|174|3130|47065|61574
6830|3356|16735|266931|271615|273522|271150
63927|1299|174|20473|47065|61574
51088|8455|1299|20473|47065|61574
12637|6939|28370|267556
59414|13030|33891|216067|44244
47147|1299|174|22381|267470|263047|264389
29222|6939|61618
22652|174|21320|5408|47065|61574
64475|62255|52091|206810|12773|44884
12956|174|210329|215728
216285|8280|6762|1299|34927|202532
31742|1299|60068|197103|212080
29222|6939|29670|213341
20514|1299|3356|28370|263060
59919|9002|1299|201814|209896
6424|20473|47065|61574
32590|37100|33891|60068|211571
28917|6939|1299|20473|203873
34927|56655|1299|174|210329|215728
28917|6939|47160|210979
20253|1299|8943|200636
41666|1031|61568|266460|61625
6424|6939|28917|47914
216285|8280|6762|174|11432|271150
5413|1299|35598|52091|206810
3170|6939|2852|197451
513|29222|6939|263047|268105
58057|1836|33891|216067|44244
35426|215596|1299|6762|16735|273514
34177|1299|3356|28370|264426
22652|1299|6453|4755|7768
58308|6939|33891|202524
44393|394256|174|21320|5408|50148
29222|6939|50629|207252|202119
3701|11537|20965|5408|47065|61574
23764|3356|1299|12859|47065|61574
48070|6939|30893|13214|35634
6730|6830|60068|211571
37739|3491|174|34927|202827
36236|174|37468|61568|266460|61625
513|174|3130|47065|61574
174|28189|266931|271615|273522|271150
58308|6939|6830|23520|27717|267809
28917|6939|1299|44176
11039|6461|174|204548|215728
28917|6939|1299|63473
60068|1299|34927|202532
6830|1299|56630|209944
8283|6939|30893|9423
44324|32595|174|55286
16552|4637|33891|216067|44244
1299|3356|16735|273514
29222|6939|1200
139317|44324|32595|174|8304
29680|174|60068|205884
28917|6939|1299|40824|394094
553|6939|2852|197277
1299|2914|1916|47065|61574
20130|23352|2914|1299|20473|47065|61574
327727|174|28189|266931|271615|273522|271150
139317|44324|32595|174|53667|212237
9044|174|3130|47065|61574
3170|57463|14840|269288
50877|5405|6939|2852|48091
34872|60144|1299|174|37468|61568|266460|61625
8298|25091|1299|20473|201423
58308|6939|9136|3573
34549|174|399697|39967|399697
58308|6939|1299|19679
58308|6939|1299|16733
34927|56655|1299|7195|28260|270548|52794|52659
15605|34927|202827
42473|1299|3356|20473|47065|61574
207841|7195|28189|266931|271615|273522|271150
28917|6939|6830|23520|263703|269901
30781|1299|20473|47065|61574
28917|6939|40994|204136
327983|37497|1299|6855|39904|202605
39120|174|204548|215728
1403|577|1299|8551|20473|47065|61574
6730|6830|3356|28370|267556
12956|1299|60068|216213|205884
199938|1299|6204|44592|49581|209693
7474|3257|174|1916|47065|61574
204092|30781|3356|174|216211|211575
9044|174|1916|47065|61574
46450|1299|6453|4755|7768
50629|29632|59682
57695|917|60068|1299|6939|393682
8298|25091|1299|198949|35676
36236|2914|12859|47065|61574
31122|6453|1299|20473|47065|61574
49788|1299|3356|16735|2716
52320|1299|20473|399970
40994|6939|393682
4601|50869|34019|209090
199524|1299|17676|216211|211575
209650|34927|1299|3223|41327|51580
44324|32595|174|20473|47065|61574
20205|1299|22773|8119
196621|6939|28917|50045
57695|917|60068|1299|21351|60132
6830|2914|3223|34224|12735
2497|174|28283|268744|2716
37105|37468|174|20473|47065|61574
6696|1299|6855|50698
42473|1299|174|22381|267470|263047|264389
7500|2497|174|35598|52091|206810
58511|3257|174|5538|8194|29345
20253|1299|37468|52468|271150
47147|3320|1299|12859|47065|61574
6424|6939|28370|269016
35426|215596|1299|6855|39904|47767
199524|37100|1299|6855|39904
64475|6939|42695|52011
64475|3320|1299|8551|44709
37100|1299|6855|39904|47767
35008|1299|1680|20473|47065|61574
7713|1299|6855|39904
58308|6939|1299|12876
28917|6939|1299|47768
18106|2914|1299|20473|47065|61574
42473|1299|201814|209896
44324|32595|174|13693
58511|1299|6762|16735|273514
207841|37468|61568|266460|61625
4601|50869|34019|204186
6730|6830|6461|394737
58299|174|3130|47065|61574
56987|174|22381|267470|263047|264389
50629|33891|60068|211571
6720|33891|60068|211571
559|6939|25192|26710
209|3356|21320|5408|47065|61574
28917|6939|1299|394977
7018|3356|23764|35168|212999
48070|1299|3356|28370|268521
58057|174|21320|5408|50148
30781|33891|60068|211571
513|29222|6939|12735
7018|174|37468|61568|266460|61625
28917|6939|1299|48469
3356|174|11432|271150
14630|2914|1299|20473|47065|61574
24961|1299|17676|216211|44324|205369
29222|6939|56595|209082
8283|6939|25192
22652|1299|2914|226|47065|61574
52873|12956|174|20473|47065|61574
28917|6939|1299|20473|50763
36924|1299|3257|21700|399914
29222|6939|553|212522
45352|4657|33891|216067|44244
48362|1299|174|22381|267470|263047|264389
58308|6939|1299|20473|36268
139317|44324|32595|174|3714
20514|1299|16276|203019
58308|6939|1299|52423
6424|6939|28917|39134
47692|3356|1299|198949|35676
199524|174|1299|20473|47065|61574
58308|6939|1299|201706|208677
3170|7195|28260|270548|52794|52659
36924|1299|2914|226|47065|61574
23673|9900|23764|3356|174|3130|47065|61574
2027|47160|174|28189|266931|269250|271150
17350|3356|21320|5408|47065|61574
32590|1299|60068|211571
12779|62255|52091|206810|8274
205206|1299|7195|28343|2716
57695|917|60068|1299|34927|202827
31742|174|3356|28370|28657
139317|6939|1299|20473|47065|61574
29222|6939|29670|207510
35600|35598|52091|44660
35600|30781|1299|6855|39904
917|60068|5511|1299|198949|35676
327960|174|37468|53062|266493|61625
58308|6939|6830|23520|27665|14789
34854|1299|3356|28370
48362|1299|60068|216213|205884
44324|32595|174|53667|139791
45049|6696|5511|174|11432|271150|272738
58057|6939|1299|20473|399970
28917|6939|1299|21859|137443
47147|1299|6939|30893|199580
132847|1221|4637|1299|201814|209896
12637|20764|43298|48678|213865
28917|6939|1299|14016
28917|6939|15372
199938|1299|33891|216067|44244
60068|174|6461|394737
28917|6939|1299|43012
28917|6939|25400|3292|208202
58299|20473|47065|61574
7018|1299|198949|35676
206356|50629|1299|8551|44709
28917|20764|52091|206810|59815|25299
50673|174|21320|5408|47065|61574
3257|1299|201814|209896
8220|1299|22773|8119
28917|6939|1299|20473|400503
20253|1299|2914|226|47065|61574
139317|44324|32595|174|11172|265625
12969|1299|5511|60068|206406|210557
6762|1299|29695|206557|208835
37662|174|28189|266931|271615|273522|271150
3303|174|52468|271150
28917|6939|1299|20473|209215
50877|6762|174|3130|47065|61574
55222|174|6762|49666|58224|214805
398465|7922|1299|198949|35676
64475|6939|29222|41495
12637|35598|52091|206810|211692|214268|196977
37053|37100|1299|10490|2722|12148|47065|61574
44324|32595|174|401486
28917|6939|1299|397515
28917|6939|1299|20473|151230
58308|6939|48678|209737
199524|174|2914|20473|47065|61574
2027|47160|6461|174|37468|61568|266460|61625
210312|4601|50869|41051|212977
23367|1299|7195|28189|266931|271615|273522|271150
3130|174|1299|198949|35676
58308|6939|1299|5056|20273
50304|1299|6855|39904|199604
58308|6939|33891|197999
398465|174|11432|271150
2518|1299|198949|35676
58308|6939|28917|50923
35426|215596|1299|6453|29208
57381|50304|1299|60068|197103|212080
32590|1299|12859|47065|61574
34854|1299|22773|8119
2027|35280|6453|174|21700|399914
28917|6939|1299|8151|272297
47147|1299|6762|49666|58224|214805
47147|1299|174|216211|211575
39351|174|3130|47065|61574
44324|32595|174|3573
58308|6939|1299|3301|199215
3491|174|5538|8194|29345
1221|4637|33891|216067|44244
23367|1299|37468|270551|263047
28917|6939|1299|25400
58308|6939|33891|196819
23367|1299|6762|267470|263047
58308|6939|1299|52468|272075
34927|60011|3356|174|3130|47065|61574
41327|6939|50989
139317|44324|32595|174|59402
44324|32595|174|21320|5408|47065|61574
7713|174|3356|9002|8772|396416
34549|1299|3223|41327|51580
205206|1299|6762|49666|58224|214805
58308|6939|29208|20708
13237|1299|174|399697|39967|399697
139317|44324|32595|174|13977|400848
45352|174|204548|215728
4601|50869|6939|30893|13214|35634
28917|6939|1299|396362
28917|20764|52091|206810|211692|31069
28917|6939|1299|147049
31510|174|60068|205884
559|7195|11432|271150|272738
215596|1299|3356|28370|264426
3170|6939|60432
51873|6830|174|10490|2722|12148|47065|61574
28917|6939|1299|20473|214242
327804|37271|174|11432|271150
1299|20473|47065|61574
28917|6939|1299|20473|50611
6830|1299|3216|51032|41344|39707
151326|174|201814|209896
28917|20764|52091|206810|214210
51088|2914|174|20473|47065|61574
513|174|1299|20473|47065|61574
139317|44324|32595|174|53667
12637|6939|28917|6789|203561
210312|4601|6939|28917|39238|49392|34567
139317|44324|32595|174|263812|208414
28917|6939|1299|20473|208914
7594|174|11432|271150|272738
47160|174|52468|262393
553|9002|4657|132132|1299|6939|46997|10241|131259
140627|1299|25091|8298|4601|4492
210312|4601|8298|25091|1299|20473|47065|61574
14907|1299|60068|216213|205884
28917|6939|1299|10396|30526
4601|50869|6939|42695|43101
58308|6939|6830|23520|272935|267845|274123
13830|971|174|35598|52091
56987|174|52468|262393
39351|174|3257|19318|201813
52320|1299|60068|197103|212080
61218|6939|1299|201814|209896
50673|174|204548|215728
6453|174|21320|5408|47065|61574
20932|1299|198949|35676
29504|15935|174|37468|53062|266493|61625
13830|971|174|1299|8551|44709
48362|1299|3356|28370|268521
4601|50869|41051|201911
139317|44324|32595|174|53667|202776
8218|6461|1299|3920|206777
3170|3223|41327|51580
32590|137409|12859|47065|61574
47147|1299|6939|30893|13214|35634
44324|32595|174|263801
28917|6939|7018|32031
42541|62255|52091|206810|202497
3399|5511|1299|6855|39904
45352|1299|12956|212721
5413|1299|10490|2722|12148|47065|61574
11845|30844|174|201814|209896
58308|6939|7018|399571
20055|174|399697|39967|399697
59689|29075|1299|20473|47065|61574
15547|3303|174|3130|47065|61574
12637|35598|52091|206810|196767
327983|37497|174|399697|39967|399697
49028|1299|8551|44709
6830|6939|28917|50009
57777|13335|5408
3130|174|35598|25308|28917|9049|51017
31742|174|216211|211575
16347|1299|6762|49666|58224|214805
28917|6939|6830|23520|64126|265721|273901
205206|33891|19318|201813
28917|6939|1299|61273
174|11432|271150
559|6939|42695
8283|6939|2852|210498
35426|215596|174|60068|205884
20932|1299|6453|1031|61568|266460|61625
58308|6939|1299|208905|206815
151326|174|35598|52091|206810|211692|214268|196977
12859|35598|25308|28917|9049|51017
16552|2914|1299|35598|52091|206810
328840|327727|174|22381|267470|263047
35600|50263|21263|202526
49544|3356|1299|201814|209896
136557|174|8551|20473|47065|61574
4775|1273|174|20473|47065|61574
210312|4601|50869|34019|209090|205690
266213|3356|174|20473|47065|61574
47147|3320|1299|8551|20473|47065|61574
199938|1299|174|210|47065|61574
32590|1299|3356|28370
28917|6939|1299|203410
28917|6939|1299|20473|393368
28917|6939|1299|23520|272969
35600|50263|21263|205844
59919|12779|56630|209944
34800|58057|50673|174|20723|2852|202874
151326|174|16276|203019
31510|174|56630|209944
48070|1299|174|3130|47065|61574
17639|174|35598|52091|206810
32590|1299|3356|28370|268521
559|35598|52091|206810|12773|44710
15562|2914|174|399697|39967|399697
18106|33891|216067|44244
56655|1299|22773|8119
7018|1299|12859|47065|61574
205206|33891|16164|36032
7018|6939|50989|205966
12637|1299|5511|60068|206406|210557
210312|4601|50869|44324|139299
3216|1299|3223|34224|12735
49544|2914|12859|47065|61574
3130|174|60068|216213|205884
28917|6939|1299|23520|273099
1299|3356|28370|28657
198385|174|6453|29208
2734|396356|262287|174|52468|262287
52320|33891|216067|44244
37468|1299|198949|35676
44324|32595|174|57492
3170|6939|28370|263060
16552|1299|34927|202532
40994|6939|28370|267608
19653|30600|1299|35598|52091|206810
1273|1299|2914|226|47065|61574
4181|1299|6855|50698
12779|174|22381|267470|263047|264389
36924|1299|6453|4755|7768
6424|6939|59970
48070|6939|28917|44056|57629
7018|3356|3223|34224|12735
28917|6939|1299|26211
13030|1299|7195|11432|271150
12779|29632|215536
29222|1299|22773|8119
34019|30781|1299|198949|35676
57381|50304|1299|6453|19318|201813
196621|6939|24796|63293
35600|9002|917|214598
971|174|35598|52091|206810
328206|37739|3491|1299|20473|399970
210937|1299|10490|2722|12148|47065|61574
1299|7195|28189|266931|269250|271150
32590|4637|3257|174|3130|47065|61574
14315|6453|1299|198949|35676
58308|6939|1299|5518|12578|208995
20205|174|399697|39967|399697
49028|1299|3223|34224|12735
4181|1299|29695|206557
8220|1299|174|20473|47065|61574
8283|6939|2852|204772
28917|6939|1299|13876
210312|4601|50869|6939|59970
29222|6939|56595|207067
20253|1299|29695|206557|205190
4826|1299|8551|44709
1299|3356|28370|268198
28917|6939|1299|6400|264817
139317|44324|32595|174|24992
8283|6939|196610
139317|44324|32595|174|26057
204092|6939|28370|270962
139317|44324|32595|174|61407
29504|15935|33891|60068|211571
49432|48362|1299|6762|49666|58224|214805
5405|62255|52091|206810|214721
58299|22356|28370|273514
58308|6939|1299|400760
9268|4764|174|28189|266931|269250|271150
29504|15935|174|3356|28370|28657
28917|6939|1299|23520|272935|267845|64120
44324|32595|174|8926
12859|13335|5408
58308|6939|5405|213425|33832
2518|2914|174|20473|47065|61574
29504|39392|174|21700|399914
15935|174|35598|52091|206810
204092|6939|25192|20701
28917|266493|61625
398465|1299|6204|44592|49581|209693
28917|6939|1299|32934|54115
4601|50869|6939|25192|29067
28917|6939|1299|20473|402127
15605|35598|52091|206810|12773|211692|196629
58308|6939|1299|52468|264668|267684
202365|28917|215730|209693
12969|1299|6453|29208
59891|13030|21320|5408|47065|61574
204092|6939|28370|264426
28917|6939|1299|32097|56971
8529|1299|3257|204548|215728
34927|1299|25091|8298|4601|4492
1299|6939|24796|63293
13830|971|174|52468|262393
6830|2914|20473|399970
44324|32595|174|25467
41722|20764|174|201814|209896
199524|1299|10490|2722|12148|47065|61574
999|6453|174|399697|39967|399697
199938|1299|20473|399970
45049|6696|1299|174|399697|39967|399697
28917|6939|7018|14381
29222|6939|3170|203363
210312|4601|50869|202939
204092|37468|60068|216213|205884
12779|35598|52091|206810|24881
917|25369|174|52468|271150
1299|6453|4755|7768
25091|3356|174|399697|39967|399697
215596|1299|6453|29208
29222|13335|400095
28917|6939|1299|23520|262191|27845
58308|6939|6830|23520|264847|64150|272991
58308|6939|50629|207252|205941
35625|5511|174|52468|271150
58308|6939|1299|44654
1836|174|52468|271150
55222|1299|4230|52654|266493|61625
50304|1299|6762|49666|58224|214805
35008|1299|3223|41327
19653|30600|1299|34927|202532
57777|8298|8283|3491|216211|211575
971|174|7311|835|394273
553|62255|52091|206810|39558
3130|174|30844|21351|60132
35710|3320|1299|198949|35676
57695|917|60068|174|3130|47065|61574
4601|6939|28917|12668
29222|6939|3170|211956
28917|6939|7018|36519
199524|1299|20473|399970
2027|47160|174|399697|39967|399697
28917|6939|1299|23520|267823
34019|6939|2852|210498
12779|6461|23352|20473|47065|61574
58308|6939|12735|208594
41327|174|20473|47065|61574
28917|6939|1299|60068|200325
20253|1299|3920|206777
199524|1299|3356|8119
7018|6939|30893|204789
50877|5405|6939|215172|214955
37271|3257|1299|198949|35676
5713|174|399697|39967|399697
14907|3356|174|20473|47065|61574
28917|6939|6424|203020
44324|32595|174|401486|214183|40662
58308|6939|1299|262206|18809
28917|6939|25400|200139
28917|6939|1299|23520|52233|262238
7594|174|60068|216213|205884
3491|174|14840|2716
58308|6939|1299|32723
39351|6830|60068|211571
58308|6939|1299|12488
20205|1299|4230|2716
48185|2914|174|20473|47065|61574
58308|35598|52091|206810|213694
553|1680|44709
13786|174|20723|2852|202874
13237|1299|3356|28370|268521
32590|4637|1299|174|399697|39967|399697
29222|6939|553|60824
41051|50263|201814|209896
680|20965|5408|47065|61574
14537|52925|3356|1299|6855|39904|199604
328206|37739|3491|174|34927|202827
202365|50673|174|5459|200070
57111|41327|6461|7473|38001|25192
1299|6461|210|47065|61574
58308|6939|6830|23520|10269|265818
49028|1299|3356|28370|28657
49028|1299|3223|41327|51580
34927|1299|3920|206777
23367|1299|174|140227|44324|205369
34177|1299|3356|28370
6908|174|201814|209896
34549|174|22381|267470|263047
12779|12389|49666|205647|49801|204533
3170|6939|28917|6789
44324|32595|174|53667|199343
3320|1299|7195|20473|47065|61574
58308|6939|1299|9929|17816
29222|6939|7018|29992
28917|6939|1299|14016|402062|402197
46450|1299|174|399697|39967|399697
20912|174|28189|266931|269250|271150
397131|60011|3356|1299|10490|2722|12148|47065|61574
35600|50263|21263|203293
7713|174|210329|215728
8220|6453|1299|20473|47065|61574
28917|6939|1299|23520|262191|273078
28917|6939|1299|400475
34019|29169|1299|20473|47065|61574
11845|30844|174|216211|211575
6908|1299|6855|39904
3399|33891|216067|44244
44324|32595|174|21826|269946|272993
34177|1299|3356|28370|269016
50629|3223|41327
64475|32787|202161
6424|9002|12555
3130|174|1299|8551|44709
58057|174|12956|212721
15562|2914|1299|34927|202532
40994|6939|28917|52191
32590|37100|1299|198949|35676
58308|6939|1299|26375
553|1299|60068|216213|205884
12779|6939|33924
12779|6939|2852
50628|1299|3223|34224|12735
204092|30781|1299|20473|47065|61574
271253|6453|174|5538|8194|29345
58308|6939|6830|23520|54082
12779|6939|42695|43101
44324|32595|174|53667
2518|1299|35598|52091|206810
210312|4601|50869|41051|215980
2914|1299|198949|35676
48070|1299|20473|201423
9268|4764|1299|59692|12555
48919|174|1299|20473|47065|61574
20932|1299|174|37468|61568|266460|61625
32590|3257|174|20473|47065|61574
12779|62255|52091
207841|6939|28370|263535
8218|6830|60068|216213|205884
29222|6939|62000|208226|205563
25152|2914|12859|47065|61574
28917|6939|1299|8151|278
207841|57463|14840|2716
48070|1299|3257|20473|47065|61574
28917|6939|7018|32119
42473|1299|6762|49666|58224|214805
64475|6939|28917|48084|35816
28917|6939|1299|208905|61102|60068|62651
36924|1299|3920|206777
6424|6762|1299|3920|206777
44324|32595|174|327727|329010
28917|6939|1299|204805
58308|6939|6830|23520|272935|267845
50629|9002|8772|215536
34854|1299|3356|8119
57111|41327|201376|199881
7660|2516|1299|20473|47065|61574
8220|1299|174|37468|61568|266460|61625
62167|174|28283|268744|2716
6453|2914|12859|47065|61574
37468|174|11432|271150|272738
207841|6939|29222|513|20940
28917|6939|1299|30823|215730
3130|174|3356|8772|215536
40994|6939|28917|39238|49392
3257|174|32595|44324
7594|174|399697|39967|399697
12350|1299|6453|4755|7768
44324|32595|174|35916|21769
1299|6939|200303
48070|6939|28370|268521
50629|6939|393682
199524|174|1299|198949|35676
12859|15557|206865|3215|5511|174|199727|12645
44324|32595|174|18978
29222|6939|50989|48116
58308|6939|1299|9141|39869|59491
21232|13030|1299|6762|267470|263047
204092|6939|28917|50009
58308|6939|6424|49941
20912|12637|1299|60068|197103|212080
4777|2516|1299|12956|212721
7594|174|20473|47065|61574
34019|6939|39790
852|1299|1680|20473|47065|61574
7018|174|20723|2852|202874
29222|6939|29208
50304|1299|6453|19318|201813
210312|4601|6939|28917|8926|200019|48753
29222|6939|30893|13214|35634
28917|6939|1299|11279
46450|1299|6461|394737
204092|6939|28917|198297|51081
1764|174|210|47065|61574
28917|6939|1299|27947|267881
20253|1299|3356|28370|263963
48070|6939|59970
8220|6453|174|60068|205884
3170|6939|39790
139317|44324|32595|174|3320
5413|1299|34927|202532
999|6453|174|8551|20473|47065|61574
397131|60011|3356|174|20473|47065|61574
6424|272713|263390|264054|272619
4601|50869|6939|28370
328512|5713|33891|216067|44244
29222|6939|7018|22056
207841|30844|21351|60132
58308|6939|1299|43578
57111|174|3257|20473|47065|61574
12637|59692|12555
6730|6830|3257|21034
29075|174|399697|39967|399697
35600|6939|54429|401894
51185|6762|1299|6855|39904|202605
59105|2518|2914|174|20473|47065|61574
8283|6939|25192|20701
49788|1299|20473|201423
57777|8298|8283|3491|209810|207187|205044
139317|44324|32595|174|44222|209847
3320|1299|12859|47065|61574
202032|58115|21263|30791
199524|174|20723|2852|202874
205112|50629|6461|210|47065|61574
44324|32595|174|9146
44324|8298|4601|4492
24961|1299|21351|60132
25160|174|21700|399914
58308|6939|31263|8822
13830|971|174|6453|29208
34927|60011|3356|174|20473|47065|61574
6730|6830|174|37468|61568|266460|61625
58308|6939|7018|1341
58308|6939|1299|12025|402106
58308|6939|5405|41981
42541|1299|60068|216213|205884
47147|1299|174|204548|215728
58308|6939|1299|60068|200325
16552|6453|174|28189|266931|271615|273522|271150
58308|6939|6830|23520|264821|273009
40994|6939|50989|33837
28917|8359|57304|15935|204860|203385
28917|6939|1299|19637
29222|174|21700|399914
198385|174|6453|19318|209896
58299|174|204548|215728
139317|44324|32595|174|141163
6830|6939|60432
28917|6939|271150|272738
4601|50869|52025|212895|205991
199524|1299|60068|197103|212080
210937|1299|6453|4755|7768
14537|3356|1299|198949|35676
559|6939|28370|263060
14630|1299|6855|39904
28917|6939|1299|9009|215294
42541|9498|20473|47065|61574
47147|1299|6453|29208
58308|6939|7018|400005
24516|174|7311|835|394273
8455|1299|35598|52091|206810
28917|6939|1299|25899
198249|14840|269288
50304|1299|60068|216213|205884
264409|174|204548|215728
12969|1299|6855|39904|205968
49028|1299|37468|52468|262393
28917|6939|1299|20473|401155
14630|1299|8551|44709
29691|1299|7545|20473|47065|61574
34019|6939|28370|267608
49028|1299|3356|28370|264426
139317|44324|32595|174|53667|199343
1299|37468|53062|266493|61625
5405|6939|207995
16347|1299|6855|50698
196621|8758|15576|174|399697|39967|399697
48070|37468|61568|266460|61625
34288|174|52468|271150
2734|142111|152672|174|3257|40676|397423|400402|62564
29222|6939|32097|11867
207841|6939|29222|207688
28917|6939|52838|268086
58308|6939|25400|200139
35426|39801|5511|174|21700|399914
15605|35598|52091|206810|196638|42702
34019|35598|52091|44660
206356|50629|3223|41327
58308|6939|2852
4601|50869|199310|215172
24785|6830|174|37468|61568|266460|61625
28917|6939|1299|20473|400478
58299|4657|132132|1299|6939|46997|10241|131259
15605|3920|206777
28917|6939|1299|393705
64475|62255|52091|206810|35273
50877|5405|20473|47065|61574
6908|174|5511|49666|58224|214805
58308|6939|48678|211804|208913
139317|44324|32595|174|266593
12779|3257|1299|198949|35676
28917|6939|1299|30517|46293
28917|6939|1299|21859|63473|209261
46450|1299|12859|47065|61574
28917|6939|1299|20473|153185|153331
28917|6939|1299|20473|36268
49605|6762|1299|20473|47065|61574
32590|1299|3356|28370|53079
3214|1299|174|3130|47065|61574
41327|33891|216067|44244
6424|174|204548|215728
45049|6696|1299|1680|20473|47065|61574
40994|6939|28917|198297|51081
28917|6939|6830|23520|64126|273198
44324|32595|174|393524
12637|6939|24796
58308|6939|1299|2589
58308|6939|1299|54528
37271|174|3356|28370|28657
15935|174|56630|209944
28917|6939|1299|23520|27696|271971
58308|59689|29075|174|52468|262393
198249|9002|917|214598
6424|6939|28917|28907
8280|6762|1299|198949|35676
6762|1299|20473|47065|61574
44324|32595|174|44788
58308|6939|1299|14080|264718
34019|39801|199881
174|3257|22773|8119
3130|174|399697|39967|399697
139317|44324|32595|174|4261
35008|1299|8551|20473|47065|61574
2734|9498|20473|47065|61574
34800|58057|50673|174|204548|215728
12307|29691|13030|21320|5408|47065|61574
28917|6939|1299|8402
4601|50869|52025|57851
328206|37739|3491|174|3130|47065|61574
50877|214443|6939|28917|52191
16552|1299|12956|212721
12307|29691|1299|6855|39904
6908|174|399697|39967|399697
1103|33891|216067|44244
5413|1299|6855|39904|199604
38001|3491|174|60068|216213|205884
3170|6939|54429
28917|6939|1299|42201
2516|174|20473|47065|61574
52025|1299|29695|206557
3170|6939|2852
41327|6939|28370
29222|6939|3170|43851
1403|577|174|3130|47065|61574
50628|6453|174|210329|215728
20205|1299|6453|4755|7768
59105|2518|1299|35598|52091|206810
139317|44324|32595|174|53667|216340
210312|4601|50869|214420
34177|174|56630|209944
28917|6939|61618|267320
7713|33891|60068|211571
29222|6939|2852|210367
3333|12859|47311|150249|153176
28917|6939|15935
8888|137409|174|399697|39967|399697
139317|44324|32595|174|394542|20432
58308|6939|42184
58308|6939|1299|396122
3257|1299|6855|39904|47767
58308|29075|174|22381|267470|263047|264389
58308|6939|7018|22787
58308|6939|1299|58317
48070|6939|28370|267556
58308|6939|47160|207225
20912|12637|8772|396416
12779|35598|52091|206810|39558
28917|6939|1299|11830|271891
28917|6939|1299|199540
28917|6939|1299|12252|64120
44324|32595|174|42313|207502
49028|1299|3223|41327
6424|6939|25192|29067
37100|174|3130|47065|61574
28917|6939|1299|52468|267787
28917|6939|1299|3301|29217
57111|41327|56630|209944
37497|174|210329|215728
21700|174|20473|47065|61574
49788|1299|37468|53062|266493|61625
30781|33891|216067|44244
24889|13030|21320|5408|47065|61574
31122|2603|21320|5408|47065|61574
28917|6939|6830|23520|273189
13237|1299|6453|29208
207841|28283|268744|2716
8280|6762|174|399697|39967|399697
50628|1299|6461|394737
22652|174|60068|205884
28917|6939|1299|18734|265540
59890|3356|21320|5408|47065|61574
199524|1299|6855|39904|199604
49544|3356|1299|8551|44709
8283|7195|11432|271150|272738
3356|174|5538|8194|29345
30781|3356|174|216211|211575
48185|1299|20473|201423
40994|57463|41327|57264
29680|174|21320|5408|47065|61574
12859|1299|174|216211|211575
4775|1273|174|3130|47065|61574
15935|6461|210|47065|61574
3549|3356|174|210329|215728
57695|917|60068|174|399697|39967|399697
139317|44324|32595|174|396026
21700|174|3130|47065|61574
58308|6939|1299|20473|40138
56655|1299|12956|212721
1299|17676|216211|211575
398465|3320|1299|20473|47065|61574
8529|1299|21351|60132
198385|174|140227|44324|205369
196621|6939|2852|199711
1299|7195|28189|266931|271615|273522|271150
57111|41327|7195|28189|266931|271615|273522|271150
34177|1299|6453|19318|209896
139317|44324|32595|174|7195
58308|6939|7018|399756
30600|174|60068|205884
20912|174|3356|3223|41327|51580
58308|6939|1299|12189|400672
210312|4601|50869|52025|214451
4764|174|52468|262393
34927|52025|174|22381|267470|263047
12859|6461|17378|8119
12779|35598|52091|59815
35600|35598|52091|206810|57164
29222|6939|199095
64475|6939|28370|264426
4601|50869|52025|214323
59891|13030|1299|12956|212721
58057|174|21320|5408|47065|61574
196621|6939|28917|197078
64475|6939|30893|204789
35598|1299|8551|44709
139317|44324|32595|174|16601
12779|137409|48011|25184|49801|204533
29691|1299|6453|29208
49028|35280|6453|174|11432|271150
4764|1299|6204|44592|49581|209693
58057|174|3257|20473|47065|61574
28917|6939|1299|20473|203521
60068|174|20473|47065|61574
63927|1299|6453|4755|7768
57111|41327|174|210329|215728
20514|1299|6204|44592|49581|209693
1267|1299|56504|47674
3320|1299|37468|270551|263047
3333|12859|34927|202532
48919|174|399697|39967|399697
39351|1299|12956|212721
136557|174|3356|9002|12555
45352|1299|6855|39904|47767
25152|2914|174|20473|47065|61574
58308|6939|35826|205311
58308|6939|6830|23520|272935|267845|273224
28917|6939|1299|397519
3130|174|3356|8119
20514|1299|3356|16735|2716
57381|50304|1299|22773|8119
29222|6939|30893|9423
139317|44324|32595|174|397496
36924|1299|56630|209944
209|3356|174|5538|8194|29345
56655|1299|7195|28189|266931|269250|271150
59891|13030|1299|20473|47065|61574
4601|50869|34019|207910
6424|6939|28917|43714
28917|6939|1299|3225|50475|43586
28917|6939|42695
64475|6939|29222|204957
58308|6939|1299|208328
6424|44592|49581|209693
48919|174|60068|211571
680|1299|3920|206777
61049|174|140227|44324|205369
58308|6939|1299|32374
20205|174|21320|5408|50148
50629|174|140227|44324|205369
7474|7473|1299|34927|202532
8283|20764|52091|206810|12773|57005
139317|44324|32595|174|53667|44421
56655|1299|20473|47065|61574
58308|6939|1299|13855|400528|395580
328840|327727|174|37468|53062|266493|61625
17350|3356|174|5538|8194|29345
64475|29632|215536
51184|1764|174|3130|47065|61574
29222|6939|29208|209847
48185|33891|44592|49581|209693
58308|6939|1299|12337
28917|6939|48678|211804|208913
58308|6939|50629|207252|215576
327804|37271|3257|1299|198949|35676
35600|6939|33924
28917|6939|1299|23520|262191|270088
4601|6939|28917|39134
50629|20764|52091|206810|196638
6730|6830|6453|4755|7768
3130|174|1299|12859|47065|61574
28917|6939|1299|7843|22516|395500
14907|1299|174|20473|47065|61574
12637|6939|28370|264426
210312|4601|50869|59645|216355
2497|174|210|47065|61574
12637|1299|16164|36032
49432|48362|1299|174|140227|44324|205369
15605|35598|25308|28917|9049|51017
4601|50869|34019|34958
174|3257|28917|215730|209693
35600|35598|52091|206810|211692|214268|197578
30600|174|204548|215728
28917|6939|1299|60068|35487|399272
206499|34549|1299|6855|39904|202605
58299|62255|52091|206810|34786|41875
58308|6939|6830|199524|51191
28917|6939|1299|20473|211158
24516|3491|1299|20473|47065|61574
44324|32595|174|63436
44393|394256|174|204548|215728
8298|8283|3491|209810|207187|204943
40387|1299|29695|206557|204503
48070|6939|28917|8926|41221|207164
32590|6453|174|20473|47065|61574
7018|6939|39790
58308|6939|1299|9009
42473|1299|174|37468|61568|266460|61625
2027|47160|174|20473|47065|61574
8758|3303|21320|5408|47065|61574
6057|174|204548|215728
48070|6939|25192|29067
29222|6939|3170
8280|6762|174|32595|44324
28917|6939|6424
553|62255|52091|206810|214218
3399|174|204548|215728
553|6939|50989|33837
328964|3491|1299|20473|47065|61574
44324|32595|174|18501
12859|6461|210|47065|61574
50877|5405|1299|10490|2722|12148|47065|61574
264409|174|210329|215728
9268|4764|1299|8551|44709
28917|6939|1299|9009
28917|6939|1299|62240
34927|60011|3356|1299|10490|2722|12148|47065|61574
34927|52025|174|6453|4755|7768
20205|1299|32787|202161
205112|50629|20473|47065|61574
29222|6939|7018|397650
48070|57463|7713|1299|56308
28917|6939|1299|20473|216430
58308|6939|1299|265620|272344
44324|32595|174|40676
44324|32595|174|26988
210312|4601|50869|58299|39910
34019|6939|28370|263535
28917|6939|7018|6621
28917|6939|7018|397994
29222|6939|263047|271068
56655|1299|7195|20473|47065|61574
45049|6696|1299|6855|50698
28917|6939|1299|264788
58308|6939|5405|207061
28917|6939|7018|986
553|1299|60068|197103|212080
29504|15935|33891|216067|44244
42473|1299|3223|41327
139317|44324|32595|174|22115
34927|52025|32097|4230|52654|266493|61625
3130|174|20473|30893
58308|6939|1299|39208
4764|1299|12956|212721
3491|174|37468|61568|266460|61625
14907|1299|3223|34224|12735
199524|1299|1680|20473|47065|61574
50877|5405|6939|54429|401894
28917|6939|1299|29774|21538
39351|174|3356|16735|2716
8660|1267|6762|174|37468|61568|266460|61625
6424|7195|28189|266931|271615|273522|271150
35426|215596|1299|3257|19318|209896
40994|1299|20473|47065|61574
28917|6939|1299|21859|274778
44324|32595|174|401029
35008|1299|52320|7162|13878|52468|271150
58308|6939|553|204680|214840
4601|50869|13335|400095
58308|6939|1299|210333
58308|29075|174|3130|47065|61574
196621|6939|16652
199524|1299|59692|12555
34019|47160|174|216211|211575
29222|6939|12735|42216|51722|26383
13830|971|174|201814|209896
23764|1299|201814|209896
37105|37662|174|399697|39967|399697
40387|1299|25091|8298|4601|4492
24785|6830|174|20473|47065|61574
6696|1299|6762|16735|273514
210312|4601|50869|6939|50989|33837
58057|174|60068|205884
28917|6939|3170|205739
48919|174|60068|197103|212080
52873|12956|1299|20473|47065|61574
28917|6939|268624|263601
58308|6939|48678|209828
12637|6939|16652
198385|174|2914|226|47065|61574
28917|6939|6830|23520|262191|273849
271253|6453|174|3130|47065|61574
139317|44324|32595|174|209847|215540
58308|6939|1299|54103
34854|1299|174|216211|211575
12779|62255|52091|206810|211692|214268|197578
140627|1299|34927|202827
49028|1299|12859|47065|61574
58308|6939|6830|23520|52468|262179
20205|1299|3257|60068|206406|210557
41327|6939|28370|28657
205206|1299|3356|28370|267608
28917|6939|1299|45204|13335
6830|1299|4230|2716
35600|6939|2852|48091
29222|6939|2852|201648
42541|62255|52091|206810|50204
139317|44324|32595|174|262901|273630
210312|4601|20473|47065|61574
8220|6453|174|22381|267470|263047|264389
48362|1299|12956|212721
8283|2914|226|47065|61574
34854|1299|174|399697|39967|399697
39122|1299|6461|394737
28917|6939|1299|52468|272075
3214|1299|6762|267470|263047
34927|1299|201814|209896
139317|44324|32595|174|397142
8283|6939|30893|200690
205206|1299|8551|44709
398465|174|3356|8772|215536
20764|174|138997|216211|44324|205369
22652|1299|6453|60068|216213|205884
58308|6939|50629|207160|207510
29691|1299|6453|19318|201813
35600|6939|29222
4764|1299|29695|206557|208835
48070|6939|28917|25386
34019|6939|50989|205966
151326|174|35598|52091|48158
6908|1299|34927|202532
50877|5405|1299|8551|44709
210312|4601|50869|41051|213586
20811|28716|1299|56504|47674
12779|62255|52091|206810|213694
6830|6939|2852|197277
50877|5405|9498|20473|47065|61574
46450|33891|60068|211571
29222|6939|28370|28657
58308|6939|6830|23520|267713
3333|1257|174|204548|215728
57777|8298|25091|33891|60068|211571
28917|6939|1299|15164|22379
327960|174|28189|266931|271615|273522|271150
48070|6939|2852|200874
44324|32595|174|35598|35196|206174
28917|6939|1299|27947|273040
6830|3257|19318|209896
28917|6939|1299|20473|214216
64475|6939|30893|199580
44393|394256|174|6453|29208
5413|1299|25091|8298|4601|4492
58299|44592|49581|209693
28917|6939|1299|23520|11139
57821|12586|3257|174|3130|47065|61574
29222|6939|8194|29345
139317|44324|32595|174|26801
6057|6461|21320|5408|47065|61574
3491|1299|20473|201423
29222|6939|3170|57782
58308|6939|6830|23520|264847|64150|20940
58308|6939|33891|12337
28917|6939|1299|20473|62311
199938|1299|6762|49666|58224|214805
44324|32595|174|43766
8283|6939|29222|41495|206202
20612|9044|174|11432|271150|272738
559|35598|52091|206810|196767
210312|4601|8551|20473|47065|61574
28917|6939|7018|16576
20130|23352|2914|174|210|47065|61574
52025|174|37468|270551|263047
50763|8943|33891|216067|44244
21700|174|22381|267470|263047|264389
28917|6939|1299|52468|274144
6461|1299|3920|206777
28917|6939|1299|203846
28917|6939|7018|16711
37468|174|20473|47065|61574
41327|174|10490|2722|12148|47065|61574
41327|6939|30893|199580
139317|44324|32595|174|63293
7018|3356|28343|2716
1299|37468|52468|262393
29222|6939|12637|202448
29222|6939|61618|268364
28917|6939|7018|399571
7018|174|8899
207841|6939|28917|21453|199933
3170|6939|25192|20701
1299|3356|28370|263535
28917|6939|1299|20473|213116
58308|6939|7018|2386|11873
205206|1299|60068|216213|205884
198385|174|6453|4755|7768
58308|6939|1299|205890
24482|6453|174|20473|47065|61574
25152|2914|1299|8551|44709
47692|3356|174|21700|399914
40994|1299|198949|35676
6720|1764|5405|266493|61625
207841|6939|28917|48610
40994|6939|28917|48084|35816
8220|1299|5511|49666|58224|214805
47147|1299|3356|28370|263963
32590|1299|6855|39904|47767
6830|6939|54429
57111|41327|33891|216067|44244
20932|1299|6453|19318|209896
210937|1299|3356|28370|269016
216285|8280|6762|174|10490|2722|12148|47065|61574
55222|1299|23764|35168|212999
29680|174|140227|44324|205369
59890|60068|33891|216067|44244
209650|34927|174|7311|835|394273
57111|174|1299|198949|35676
28917|6939|1299|400400
139317|44324|32595|174|47936
6082|174|8551|20473|47065|61574
29222|6939|7018|3423
28917|6939|1299|20115|23222|21529
3333|1257|1299|8551|44709
7018|3356|28370|263535|268030
12969|1299|3356|28370|263060
513|29222|6939|8943|44671
58308|6939|8943|44671
1299|6939|28370|263060
6830|174|37468|61568|266460|61625
58308|6939|1299|55285
34854|8298|4601|4492
1403|577|1299|198949|35676
3303|174|3130|47065|61574
48070|6939|28917|204623
28917|6939|1299|20473|61126
6424|6939|28917|197078
58308|6939|1299|16509|14618
132825|174|16276|203019
210312|4601|50869|6939|29222
6730|6830|6762|267470|263047
20912|12637|174|3130|47065|61574
328840|327727|174|28189|266931|269250|271150
8283|13335|5408
42541|1299|7545|20473|47065|61574
32590|1299|3920|206777
4601|6939|28917|39238|49392
198249|7195|11432|271150
3303|174|399697|39967|399697
23367|1299|3356|28370|263060
29222|6939|2852|197451
4764|1299|6762|49666|58224|214805
29075|1299|3356|28370|269016
35426|215596|174|52468|271150
148968|1299|6461|394737
28917|6939|6830|203446|214279
34927|52025|174|201814|209896
31510|174|2914|20473|47065|61574
28917|6939|6830|23520|263238|274004
139317|44324|32595|174|205035
9002|3356|174|5538|8194|29345
7713|174|1299|198949|35676
8426|3257|174|60068|216213|205884
23367|1299|34927|202827
28917|6939|1299|16509|14618
64475|6939|28370|270962
58308|6939|6830|23520|272401
44324|32595|174|211211
12637|6939|28917
58308|6939|1299|34927
28917|6939|1299|23520|46650
9268|4764|1299|56504|47674
12779|14840|269288
999|6453|174|28189|266931|271615|273522|271150
34927|1299|3356|28370|267608
34927|56655|1299|12956|212721
4775|1273|174|10490|2722|12148|47065|61574
8220|1299|6453|19318|209896
35600|6939|30893|200690
48070|16164|36032
262427|174|60068|211571
23367|1299|29695|206557|204503
57695|917|60068|1299|20473|47065|61574
59890|174|216211|211575
12859|6461|6057|28283|268744|2716
35266|2914|174|20723|2852|202874
209650|34927|1299|3356|28370|268198
6424|7195|28260|270548|52794|52659
7713|174|37468|61568|266460|61625
215596|174|28189|266931|269250|271150
37239|37468|174|6453|29208
5405|4601|4492
51873|6830|2914|226|47065|61574
209|3356|1299|201814|209896
28917|6939|1299|56655|202986
28917|6939|1299|3223|58744
44324|32595|174|36236|6838
553|6774|36947|174|36891
1273|174|20473|47065|61574
15605|35598|52091|206810|12773|57005
8220|6453|1299|60068|216213|205884
48070|6939|39790
6830|6939|24796
35600|6939|28917|35539
199524|1299|6453|19318|209896
28917|6939|3170|57782
28917|6939|7018|25996
58308|6939|7018|32031
5405|62255|52091|59815|25299
29222|6939|3170|214670
2734|9304|136897|174|3491|137969|132824
4601|50869|59645|211286
58308|6939|50629|207252|197469
52873|12956|1299|34927|202532
49432|48362|1299|3356|28370|269016
999|6453|174|10490|2722|12148|47065|61574
999|6453|174|22381|267470|263047|264389
35426|215596|1299|37468|53062|266493|61625
12637|1299|8943|200636
6424|6939|29222|207688
204092|30781|3356|174|399697|39967|399697
25091|5511|174|140227|44324|205369
210312|4601|6939|28917|50045
28917|6939|1299|20473|207618
61218|29632|9002|1299|198949|35676
28917|6939|1299|210333
199524|1299|6453|19318|201813
44324|32595|174|11172|273278
55222|174|204548|215728
32590|1299|25091|8298|4601|4492
6830|3491|209810|207187|204943
394256|174|28189|266931|269250|271150
35426|215596|1299|3356|28370|267556
4230|1299|8551|44709
215596|1299|3356|28370|263963
51088|2914|174|5538|8194|29345
553|6939|2852|213152
41666|20764|52091|206810|56915
58299|52320|7162|13878|52468|271150
6830|3356|28370|263535
7018|3491|20473|47065|61574
28917|6939|1299|49206
207841|37468|52468|262393
42541|137409|48011|25184|49801|204533
58308|59689|29075|174|3257|21034
553|3320|174|37468|61568|266460|61625
49788|174|1916|47065|61574
513|29222|6939|263047|262578
39351|1299|3356|28370|268521
34927|9002|21320|5408|47065|61574
58308|6939|200995
35600|20764|43298|48678|210574
28624|3356|1299|6855|39904|199604
34927|1299|917|214598
34288|1299|201814|209896
4764|1299|20473|399970
44324|32595|174|25645
327983|37497|1299|8551|44709
12637|6939|28370
28917|6939|40994|205563
6908|174|35598|52091|206810
136557|174|5538|8194|29345
61049|174|20473|47065|61574
139317|44324|32595|174|35399
35266|1299|60068|216213|205884
213151|34549|174|3130|47065|61574
44324|32595|174|210684
41327|6461|32787|202161
58299|62255|52091|206810|57164
28917|6939|1299|214783
35369|5405|56630|209944
57111|41327|61568|266460|61625
3320|3491|5408|47065|61574
28917|6939|1299|20473|36744
199524|1299|6453|29208
40387|1299|3223|41327|51580
39392|174|1299|20473|47065|61574
7018|6461|210|47065|61574
6424|6939|29222|513|12654
397131|60011|3356|1299|3920|206777
20764|174|3130|47065|61574
20514|1299|3356|28370|268198
28917|6939|1299|3301|199215
20932|174|204548|215728
196621|9002|197068
9370|2497|174|52468|262393
49544|1299|174|37468|61568|266460|61625
44324|32595|174|27988|271949
207841|6939|2852|197451
28917|6939|1299|8151|272289
23673|3356|174|204548|215728
12859|47065|61574
29222|6939|29208|49262
559|14840|2716
47147|3320|1299|20473|47065|61574
8283|20473|47065|61574
1140|24785|1299|198949|35676
207841|20764|43298|48678|210574
9268|4764|174|22381|267470|263047
207841|6204|208972|210538|6775|13030|4637|133398
58308|6939|1299|3301|29217
148968|7474|3257|174|5538|8194|29345
8529|1299|198949|35676
28917|6939|47160|213095
29504|15935|174|7311|835|394273
28917|6939|1299|15557|204426
42541|1299|3223|41327|51580
44324|32595|174|16509
57381|50304|1299|174|399697|39967|399697
34927|1299|3356|28370|263060
204092|34019|28283|268744|2716
37271|174|201814|209896
136557|174|32595|44324
12956|174|8551|20473|47065|61574
28917|6939|1299|13855|400528|395580
58308|6939|6830|23520|262191|272020
50304|1299|174|204548|215728
9044|1299|174|204548|215728
23367|1299|20473|47065|61574
28917|6939|1299|23520|262191|269907
22652|1299|6453|29208
29222|6939|15372|203592
1140|24785|6830|3356|28370|263535|268030
28917|6939|47160|203698|206967
12307|29691|1299|3356|16735|273514
48362|1299|3356|28370|263060
15547|174|52468|271150
3320|1299|3920|206777
1299|6057|28283|268744|2716
57866|1299|198949|35676
58308|6939|1299|8473
140627|1299|3223|41327|51580
202297|47232|174|6453|29208
132847|7474|7473|1299|198949|35676
28917|6939|1299|20473|27345|23077
1273|174|52468|262393
6830|60068|211571
57777|8298|8283|3491|209810|207187|204943
3491|174|20723|2852|202874
58308|6939|1299|398446
139317|44324|32595|174|400702
34177|3356|1299|6855|39904
17660|2914|174|3130|47065|61574
31510|174|1299|198949|35676
196621|6939|30893|205563
58308|6939|6830|23520|272935|263730
50304|1299|5511|60068|206406|210557
12637|35598|52091|206810|197643
58057|34549|1299|33891|216067|44244
48070|1299|174|1916|47065|61574
398465|3320|1299|17676|216211|44324|205369
8966|21320|5408|47065|61574
6830|174|11432|271150
199524|5511|174|37468|61568|266460|61625
210312|4601|50869|205154
34019|6939|50989|48116
15623|1299|198949|35676
49028|1299|6453|1031|61568|266460|61625
52320|1299|5511|49666|58224|214805
210937|1299|174|1916|47065|61574
3170|6461|52320|7162|13878|52468|271150
215596|174|22381|267470|263047|264389
40994|57463|41327|200553
553|1299|5511|60068|206406|210557
28917|6939|1299|20473|138401
28917|6939|1299|43519
24482|2914|174|399697|39967|399697
3130|174|3257|19318|201813
28917|6939|1299|23520|272935|267705|271916
35369|5405|6939|215172|214955
49673|3216|33891|60068|211571
25369|174|11432|271150
35426|215596|1299|1680|20473|47065|61574
37105|37662|1299|20473|399970
42541|62255|52091|206810|12773|47809|59478
34872|24961|1299|20473|47065|61574
37053|37100|33891|216067|44244
7018|6939|200303
41327|6939|50989|48116
4601|50869|215828|214079
917|60068|1299|12859|47065|61574
8220|3491|174|201814|209896
3333|1257|1299|198949|35676
6762|1299|8551|44709
28917|6939|6830|33915
30844|21320|5408|47065|61574
39122|1299|3223|34224|12735
58308|39801|29222|204957|199058
8220|6453|174|21320|5408|50148
58308|6939|5405|8648
4601|6939|28917|39238|49392|9098
6762|1299|6855|39904
19151|174|12956|212721
174|3356|28370|267608
58308|6939|1299|20473|210659
12389|174|2914|20473|47065|61574
4601|50869|56381
50304|1299|22773|8119
6424|6762|1299|6855|39904|202605
45352|1299|3223|41327
1257|1299|20473|399970
31742|1299|3356|28370|267608
21412|174|3130|47065|61574
56655|2603|21320|5408|47065|61574
6830|44530|41327|198434
58308|6939|1299|41564
29222|6939|28917|197078
58511|1299|20473|399970
328964|3491|1299|34927|202532
37053|37100|174|216211|211575
29222|6939|28917|39238|49392
31742|1299|3356|28370|264426
34549|174|216211|211575
28917|6939|1299|26858
44324|32595|174|44222|209847|26383
28917|6939|1299|23520|52228
136557|174|60068|211571
28917|6939|1299|23520|262148
57866|1299|3223|41327|51580
58308|6939|1299|6424|47787|203020
6720|1764|174|52468|271150
199524|174|3257|8551|44709
3549|3356|1299|8551|44709
7713|174|60068|197103|212080
51873|6830|3257|21034
34927|56655|1299|3223|41327|51580
28917|6939|1299|20473|201243
263237|174|3356|3223|34224|12735
36924|1299|6453|29208
20514|1299|7195|28343|2716
48070|20473|30893
35369|1764|1299|198949|35676
3214|1299|7545|20473|47065|61574
49028|1299|174|22381|267470|263047|264389
28917|6939|1299|20473|36369
1299|6939|50989
58308|6939|6830|23520|14638|35892
58057|34549|3257|1299|20473|47065|61574
917|60068|1299|3223|41327
44324|32595|174|54579|394778
58308|6939|29670|59645
63927|1299|6855|39904|47767
58308|6939|1299|60068
29075|1299|3356|28370|267608
28917|6939|1299|13293
34927|56655|1299|6453|19318|201813
50629|20764|52091|206810|210063
4601|6939|28917|9110
44324|32595|174|44297
198249|9002|12555
58308|6939|553|204680|208974
28917|6939|1299|23520|262191
58308|6939|6830|23520|262191|274248
58308|6939|6830|23520|27665|27789|274008
3491|1299|4230|2716
28917|6939|1299|14593|40714
29222|6939|3170|205479
9044|1299|174|210329|215728
210312|4601|6939|28917|47478
20514|1299|20473|399970
41327|6939|30893|200690
58299|21320|5408|47065|61574
14315|2914|174|5538|8194|29345
58308|35598|52091|206810|56766
64475|33891|216067|44244
559|35598|52091|206810|35273
52025|32097|20473|399970
7922|1299|3920|206777
49788|1299|3356|28370|267556
44324|32595|174|2731|400488
58308|6939|5405|12502
47160|174|52468|271150
28917|6939|1299|20473|396088
48200|6762|174|20473|47065|61574
47147|1299|20473|399970
36924|1299|3356|8119
58299|174|10490|2722|12148|47065|61574
44324|32595|174|6424|47787
8283|20764|52091|206810|196767
264479|6762|1299|29695|206557|208835
28917|6939|1299|58321
12552|12859|47065|61574
47147|9002|1299|198949|35676
49544|3356|1299|20473|47065|61574
58308|6939|1299|263444
6894|174|56630|209944
3130|174|1299|22773|8119
58308|6939|1299|394102|400326
6424|34927|202532
199938|1299|3356|28370|28657
6461|1299|917|214598
32590|1299|174|3130|47065|61574
132847|7474|3257|1299|20473|201423
29222|6939|48678|209828
513|29222|6939|15935
139317|44324|32595|174|57225
29222|6939|197301
29222|6939|52838|268086
60068|174|11432|271150|272738
327983|37497|174|3356|28370|28657
37739|3491|174|37468|61568|266460|61625
28917|6939|1299|394923
48185|1299|3491|216211|211575
204092|6939|28917
15576|174|210329|215728
28917|6939|1299|13536|19704
58299|20764|52091|206810|196638
6908|174|5511|60068|206406|210557
35008|1299|3356|8772|215536
34019|6939|28370|267556
23673|9900|23764|3356|174|10490|2722|12148|47065|61574
174|52468|262393
9002|1299|201814|209896
139317|44324|32595|174|33059
35008|1299|29695|206557|205190
57111|41327|174|52468|271150
58299|62255|52091|206810|214218
21700|174|1916|47065|61574
58308|6939|28917|44056|57629
34927|52025|1299|3223|41327|51580
2497|3356|21320|5408|47065|61574
44324|32595|174|55655|64315
58308|6939|50533|33808
28917|6939|1299|36236
20205|174|14840|269288
136557|174|1299|20473|47065|61574
207841|6939|28917|28775
44324|32595|174|13249
28917|6939|1299|28118|14789
28917|6939|1299|207137
31510|174|210|47065|61574
6762|174|210|47065|61574
28917|6939|1299|60068|197103|329334
3356|174|201814|209896
139317|44324|32595|174|272373
31742|1299|3356|28370|269016
32590|12956|1299|8551|44709
49544|6830|60068|216213|205884
394256|174|12956|212721
148968|7474|3257|174|3130|47065|61574
35600|35598|52091|206810|211692|214268|196977
28917|6939|1299|20473|212529
51184|1764|174|21700|399914
271253|174|16276|203019
57111|41327|21351|60132
196621|6939|50989|205966
37271|174|20723|2852|202874
4601|50869|34019|203432
174|2914|12859|47065|61574
215596|1299|3920|206777
199524|1299|23764|35168|212999
58308|6939|1299|400513
28917|6939|1299|32097|401132
28917|6939|1299|21859|63473|40776
49028|1299|7195|28189|266931|271615|273522|271150
50629|1299|6855|39904
40994|57463|41327|47178
44324|32595|174|13977|400848
28917|6939|1299|36236|11878
2516|3356|21320|5408|47065|61574
12779|6939|2852|48091
47160|174|210329|215728
58308|6939|6830|23520|263238|272966
12637|6939|29222|41495
139317|44324|32595|174|207096
28917|6939|7018|25687
37721|174|140227|44324|205369
44324|32595|174|35986|30612
12859|37468|53062|266493|61625
4181|1299|198949|35676
28917|6939|6830|59622
28917|6939|1299|25956
196621|6939|28917|12668
58308|6939|33891|50696
28917|6939|1299|23520|11556|52336
139317|44324|32595|174|63436
34019|6939|50989
52025|174|3356|1680|44709
46450|1299|174|3130|47065|61574
210312|4601|50869|199310|207314
14537|52925|3356|1299|198949|35676
7713|174|8551|20473|47065|61574
44324|32595|174|984
30844|174|1916|47065|61574
47147|9002|21320|5408|47065|61574
51519|39351|174|3257|20473|47065|61574
174|5459|200070
34019|32787|202161
35710|3320|1299|20473|47065|61574
6057|174|210329|215728
44324|32595|174|19382
58511|8455|8283|47065|61574
6830|6939|28917|47759
2734|137409|48011|25184|49801|204533
37105|37662|174|3257|21034
41327|6939|59970
209650|34927|174|204548|215728
210312|4601|50869|41051|212037
3356|1299|3920|206777
42473|1299|12956|212721
42473|1299|6204|44592|49581|209693
15605|6939|54429
15605|35598|52091|206810|211692|214268|196977
4601|50869|52025|51939
28917|6939|1299|12025|402106
207841|6939|33924
6830|13335|5408
14907|1299|198949|35676
28917|6939|1299|39572|209929
49028|1299|174|21320|5408|50148
174|216211|44324|205369
139317|44324|32595|174|33544|22729
58057|1836|1299|20473|201423
57695|917|60068|174|21320|5408|50148
51519|39351|1299|8551|44709
327727|174|35598|25308|28917|9049|51017
44324|32595|174|8285|199152
57381|42708|33891|216067|44244
49544|1299|174|204548|215728
28917|6939|1299|198611
22652|174|11432|271150|272738
47147|1299|6939|50989
41327|6939|25192|26710
12859|1299|17676|216211|44324|205369
196621|6939|2852|197451
50629|20764|52091|44660
58299|62255|52091|206810|39089
58299|62255|52091|206810|48687
202365|50673|174|1299|20473|201423
49788|174|204548|215728
917|60068|1299|56630|209944
2500|2914|1299|35598|52091|206810
58308|6939|50533|205321
28917|6939|1299|32913
23367|1299|56630|209944
1299|3356|28370|263060
25091|1299|60068|216213|205884
49028|1299|6939|60432
28917|6939|1299|20473|153057|153171
327727|174|399697|39967|399697
4601|50869|215828|204464
7018|6939|2852|199711
41327|6939|50989|33837
35710|3320|1299|1680|20473|47065|61574
58308|6939|1299|21080
28917|20764|52091|206810|50204
4601|50869|215172
29504|15935|33891|44592|49581|209693
136557|174|140227|44324|205369
553|6939|28370
52025|1299|29695|206557|208835
52320|1299|8551|44709
50673|174|1299|20473|47065|61574
28917|20764|52091|206810|56915
28917|13335|400095
29222|6939|48678|212598
34854|1299|2914|226|47065|61574
41327|266493|61625
24785|6830|3257|21034
41666|20764|52091|206810|214721
4775|6453|1299|201814|209896
28917|6939|7794|396917
553|1299|37468|270551|263047
32595|174|3130|47065|61574
58308|6939|29208|44770
28917|6939|7018|400005
29222|1299|6855|39904|47767
559|1828|12179|393398|3356|1299|23033|27323
58308|6939|6830|23520|14813
29222|6939|35133|200223
140627|1299|3356|28370|264426
50304|1299|6453|1031|61568|266460|61625
28917|6939|2852|202874
204092|6939|42695
2734|17639|141210|138678|9299|3491|174|48678
64475|6939|29222|41495|206202
28917|6939|1299|205809
22652|1299|20473|399970
38001|3491|174|210329|215728
3170|6939|2852|61110
196621|9002|8772|215536
28917|6939|1299|50304
139317|44324|32595|174|2018|8094
50877|5405|6939|28370|267608
3170|6939|28917|39153
210312|4601|50869|52025|214347
28917|6461|394737
58057|50673|174|210|47065|61574
17350|3356|174|399697|39967|399697
29222|6939|8899|42652|44569
48070|6939|28917|20985
263237|174|210329|215728
29222|6939|28370|269016
64475|6461|210|47065|61574
6830|6939|28917|28775
32590|37100|33891|216067|44244
28917|6939|1299|52468|264851
559|35598|52091|206810|12773|47809|59478
19151|2914|1299|6855|39904|47767
151326|174|6461|394737
28917|6939|1299|39063|29108
58057|50673|33891|20473|47065|61574
7018|1299|6855|39904|47767
271253|6453|1299|198949|35676
198385|174|216211|211575
30600|174|20473|47065|61574
204092|30781|33891|60068|211571
204092|6939|2852|197451
6424|6939|28917|47438
35008|1299|4230|2716
19151|174|6453|19318|201813
196621|15576|174|3130|47065|61574
3130|174|140227|44324|215172|214955
35369|5405|20473|47065|61574
1031|999|6453|174|140227|44324|205369
39122|1299|6762|49666|58224|214805
204092|34019|3303|174|52468|271150
29222|6939|33924
3549|3356|1299|201814|209896
28917|6939|1299|23520|27665|14789
6730|6830|3356|28370|267608
28917|6939|1299|20473|396015
21412|174|204548|215728
148968|1299|35598|52091|206810
34927|174|210|47065|61574
15605|6939|33924
28917|9498|20473|47065|61574
20514|1299|37468|52468|262393
49605|6762|174|20473|47065|61574
28917|6939|1299|399077
58308|6939|7018|2685
139317|44324|32595|174|36792
42473|1299|20473|399970
210937|1299|34927|202827
28917|6939|15935|204860|203385
28917|6939|1299|29264
58057|174|35598|25308|28917|204076
328512|5713|174|20473|47065|61574
4230|1299|3223|41327|51580
37497|3491|1299|20473|47065|61574
49432|48362|1299|174|204548|215728
56662|34549|174|3130|47065|61574
20205|1299|20473|399970
6424|6939|28917|47759
59689|30781|1299|6855|39904|202605
4601|50869|58299|28859
45352|1299|8551|44709
44324|32595|174|136493
57777|8298|25091|2603|21320|5408|47065|61574
34927|1299|60068|197103|212080
28917|6939|1299|22497
29222|6939|15935|56360
28917|6939|1299|3301|8464
12859|6939|200303
1299|56630|209944
6082|2914|1299|25091|8298|4601|4492
266213|3356|174|399697|39967|399697
21232|33891|60068|211571
34927|1299|33891|216067|44244
35600|6939|28370|264426
2500|2914|174|20473|47065|61574
327983|37497|174|210329|215728
13237|1299|8551|44709
28917|6939|1299|52468|273229
4777|2497|174|35598|52091|206810
59689|29075|174|140227|44324|205369
28917|6939|1299|25400|49082
40994|57463|41327|13182
57381|50304|1299|6855|50698
50673|174|6461|394737
6424|6939|28370|263060
6894|174|10490|2722|12148|47065|61574
398465|3320|1299|10490|2722|12148|47065|61574
28917|6939|1299|60486|58193
15605|35598|52091|206810|24881|24697
28917|6939|1299|210021
199524|174|3130|47065|61574
3491|1299|20473|47065|61574
6830|6939|28917|39238|49392|9098
51873|6830|2914|20473|47065|61574
48362|1299|174|204548|215728
24516|174|3257|25091|8298|4601|4492
58308|6939|1299|205958
3170|174|22381|267470|263047|264389
41666|20764|52091|206810|202279
31510|174|201814|209896
3549|3356|1299|6855|39904|47767
64475|7195|28260|270548|52794|52659
263237|174|20473|47065|61574
6908|174|3130|47065|61574
58308|6939|6830|23520|264821|274070
3399|5511|174|37468|61568|266460|61625
58308|35598|52091|206810|57164
198385|174|2914|20473|47065|61574
139317|44324|32595|174|53667|215502
6762|174|22381|267470|263047|264389
12859|3223|41327
28917|6939|1299|20473|398565
20253|1299|37468|52468|262393
39392|33891|1680|20473|47065|61574
328512|5713|174|10490|2722|12148|47065|61574
35008|1299|20473|399970
6696|1299|174|216211|211575
57111|41327|33891|60068|211571
15605|6939|2852|210498
59689|30781|33891|60068|211571
28917|6939|62000|198825|214029
45049|6696|1299|34927|202827
1273|174|21320|5408|47065|61574
6730|6830|174|20723|2852|202874
559|6939|16652
58308|6939|6830|23520|272935|267705
58308|6939|32097|22295|206042
328964|3491|1299|3920|206777
58308|6939|35133|149020
209650|34927|1299|6461|394737
48919|35320|1299|20473|47065|61574
8218|6461|174|22381|267470|263047|264389
5713|174|138997|216211|44324|205369
29222|6939|39791|49101|51449
8283|20764|52091|206810|39089
31742|1299|6855|39904
37497|174|399697|39967|399697
12859|6939|30893|13214|35634
20514|1299|3223|34224|12735
6730|6830|9002|8772|396416
12637|1299|60068|197103|212080
559|35598|52091|206810|211101
64475|6939|29222|513|20940
20253|1299|56504|47674
58308|6939|1299|56655
37053|37100|1299|8551|44709
48070|6939|28917|24651
215596|174|14840|269288
12779|35598|52091|206810|211692|214268
202032|58115|21263|202526
58057|1836|174|210329|215728
3320|1299|25091|8298|4601|4492
206356|50629|174|3130|47065|61574
35600|6939|28917|48084|59833
20912|12637|1299|17676|216211|44324|205369
4601|50869|52025|212895|206290
3320|2914|12859|47065|61574
4601|50869|212934
4181|1299|4230|2716
28917|6939|1299|132168|63689
6730|6830|6762|16735|273514
1836|174|210329|215728
207841|6939|28917|39238|49392|9098
42541|62255|52091|206810|211692|214268|197578
8283|20764|52091|206810|34786
57695|917|60068|1299|3223|34224|12735
12586|3257|1299|34927|202532
31742|1299|8551|20473|47065|61574
4826|1299|56630|209944
47147|1299|12956|212721
47160|6939|54429|401894
44324|32595|174|393770
36924|1299|3216|51032|41344|39707
2500|2914|174|210329|215728
50629|6939|28370|263060
48070|6939|28917|35539
31742|1299|6855|39904|199604
44324|32595|174|211083
3170|6461|214565|64289|212895|210320
58308|6939|1299|11019
47147|1299|6939|28370|267556
35600|6939|16652
44324|32595|174|201902
28917|6939|1299|23033|204957
20612|9044|1299|198949|35676
59414|3303|174|20473|47065|61574
28917|6939|262485
44324|32595|174|2149
3549|3356|1299|6855|50698
13786|174|35598|52091|206810
553|1299|198949|35676
28917|6939|1299|20473|209220
58308|6939|1299|399672
1299|6939|30893|13214
553|6939|2852|204772
327727|174|28189|266931|269250|271150
34927|56655|1299|7545|20473|47065|61574
553|6939|215172|214955
32590|137409|174|210|47065|61574
29222|6939|40994
58308|6939|21430|33943
7713|1299|6855|39904|47767
6730|6830|3356|8772|215536
20932|1299|201814|209896
6908|174|11432|271150|272738
58308|6939|33891|204419
41327|6939|28370|263535
140627|1299|3356|28370|263963
35600|35598|52091|206810|213694
7018|3356|28370|263060
29075|1299|8551|44709
34927|9002|1299|198949|35676
49028|32787|202161
31510|174|3356|8119
34927|52025|1299|29695|206557|208835
58308|6939|1299|131429
34927|12859|47065|61574
2516|174|3130|47065|61574
205206|1299|56504|47674
4764|1299|201814|209896
58308|6939|1299|3301|198476
28917|6939|61618|267216
6461|174|56630|209944
8283|20764|52091|206810|211692|214268|196977
44324|32595|174|21826|273155
28917|6939|6830|23520|64126|272980
4601|6939|28917|201119
58057|34549|1299|17676|216211|44324|205369
4601|50869|6939|15372
213151|34549|1299|3223|34224|12735
271253|174|210329|215728
5713|174|12956|212721
29140|174|20473|47065|61574
64475|6939|28917|198297|51081
15935|174|3257|19318|209896
210312|4601|50869|6939|30893|13214
24516|174|3356|28370|28657
139317|44324|32595|174|395512
47311|150249|212001|205018
58308|6939|15962|203933
58308|6939|1299|3249
12779|6939|2852|61110
6082|2914|1299|6855|39904|202605
35008|1299|201814|209896
20055|1299|21351|60132
205112|50629|50263|201814|209896
6830|3491|209810|207187|207198
44324|32595|174|209847|215540
3130|174|35598|52091|48158
29222|6939|15962
58308|6939|6830|23520|64126|266734|273048
132825|174|3356|1680|44709
8283|2914|20473|47065|61574
4601|50869|6939|2852|213152
50628|1299|6762|16735|273514
139317|44324|32595|174|55286
7018|3356|28370|263963
57695|917|60068|1299|3356|28370|267608
34854|1299|3356|8772|215536
58308|6939|50629|207252|215666
216285|8280|6762|1299|3920|206777
28917|6939|1299|20473|153185|149510
8218|6461|1299|20473|47065|61574
41327|174|11432|271150|272738
29504|39392|174|140227|44324|205369
48185|1299|60068|197103|212080
35369|1764|174|52468|262393
16552|1299|33891|216067|44244
44324|13335|400095
1299|6855|39904|47767
24961|174|204548|215728
45352|1299|35598|25308|28917|204076
61049|174|22381|267470|263047|264389
206356|50629|6461|23352|20473|47065|61574
48185|1299|174|399697|39967|399697
3170|41313|6821|1299|29208|205347
28917|6939|1299|20473|51044
6830|9002|12555|210827
4601|9002|8772|396416
34927|1299|20473|201423
139317|44324|32595|174|398980
3549|3356|1299|6855|39904|199604
51185|6762|1299|6855|39904|47767
8283|20764|52091|206810|196638
42541|4601|4492
28917|6939|1299|23520|272935|267846
25152|2914|174|399697|39967|399697
4601|50869|58299|212691
6453|174|399697|39967|399697
28917|6939|1299|23520|267823|270003|273131
559|20764|43298|48678|213865
58308|6939|1299|39648
1299|6939|50989|205966
28917|6939|1299|20473|8079
8280|6762|174|216211|211575
44324|32595|174|61506
62167|174|6453|4755|7768
20205|1299|23764|35168|212999
202032|16276|203019
28917|215730|209693
6696|1299|8943|200636
59890|60068|1299|20473|201423
209650|34927|1299|2914|226|47065|61574
24516|174|399697|39967|399697
4601|50869|41051|205415
64475|62255|52091|206810|196767
64475|6939|30893|13214
45352|174|21320|5408|50148
8283|13335|400095
12859|6939|25192
28917|6939|196610|48927
50673|174|7545|20473|47065|61574
6424|6939|2852|61110
6696|1299|174|399697|39967|399697
18106|174|22381|267470|263047|264389
57866|5511|174|52468|262393
16552|1299|12859|47065|61574
140627|1299|3356|28370|263535
3170|7195|11432|271150
44324|32595|174|50297
15605|20764|43298|48678|210574
553|6939|28917|39238
7713|174|1299|20473|399970
3170|20473|47065|61574
271253|6453|174|20723|2852|202874
398465|1299|35598|52091|206810
6762|174|140227|44324|205369
28917|6939|24796|63293
5405|62255|52091|206810|208435
28917|6939|1299|5504
20080|2914|174|3130|47065|61574
8283|6939|2852|213152
6908|2603|21320|5408|47065|61574
139317|44324|32595|174|43160
13830|971|174|1299|6855|50698
39122|174|204548|215728
132337|33891|216067|44244
513|174|1299|8551|44709
34800|29632|8455|8283|47065|61574
59414|6830|6453|29208
28917|6939|1299|7483
1273|1299|20473|201423
2914|174|60068|205884
7018|1299|8551|20473|47065|61574
29222|6939|50533|205321
28917|6939|32097|54203
174|140227|44324|205369
58308|6939|6830|23520|52468|52242
1103|6830|174|11432|271150
14537|13786|174|3130|47065|61574
137409|3356|1299|20473|47065|61574
7720|10111|1299|60068|197103|212080
31510|174|6461|394737
42541|1299|3257|19318|209896
41666|20764|52091|206810|24881|24697
7594|174|28283|268744|2716
6453|1299|42303|51701|30893
5413|1299|56630|209944
207841|6939|24796|63293
64475|4601|4492
23367|1299|4230|2716
38001|3491|1299|198949|35676
209|3356|1299|6855|39904|47767
4181|1299|201814|209896
12307|29691|1299|5511|60068|206406|210557
42541|62255|52091|206810|214210
35008|1299|4637|20473|47065|61574
199524|174|2914|226|47065|61574
28917|6939|28370|263060
52025|174|3356|16735|273514
8455|1299|8551|20473|47065|61574
45049|6696|1299|174|20473|47065|61574
56987|1299|6855|39904
28917|6939|39791|49101
34019|6939|28370|268521
207841|52025|212895|210320
34800|58057|50673|174|7545|20473|47065|61574
58308|6939|262485|272707
29222|6939|29208|211731
20253|1299|7195|28189|266931|269250|271150
28917|6939|1299|8560
14907|2914|174|37468|61568|266460|61625
8283|20764|52091|206810|56766
1140|24785|6830|174|20473|47065|61574
57111|174|7195|20473|47065|61574
205206|33891|19318|209896
39351|1299|17676|216211|44324|205369
553|174|3130|47065|61574
37053|37100|174|5538|8194|29345
20205|1299|6762|16735|273514
4764|1299|16164|36032
1267|1299|6855|39904|202605
34019|35598|52091|206810
44324|32595|174|15094
50628|1299|174|20473|47065|61574
16552|1299|34927|202827
60011|3356|1299|22773|8119
6461|1299|8551|44709
8298|8283|3491|209810|207187|205345
6424|1916|47065|61574
6423|20055|174|35598|52091|206810
8220|1299|25091|8298|4601|4492
139317|44324|32595|174|18640
34800|58057|6939|1299|20473|399970
64475|9002|12555
48070|6939|28917|24651|39900
9900|23764|3356|21320|5408|47065|61574
44393|394256|174|6453|4755|7768
16347|1299|3223|41327
6730|6830|174|14840|2716
1299|3257|60068|206406|210557
204092|6939|33924
44324|32595|174|16843
58308|35598|52091|206810|12773|44884
23367|1299|3356|8119
42541|1299|17676|216211|44324|205369
199938|1299|21351|60132
553|62255|52091|206810|12773|47809|59478
12307|29691|13030|12859|47065|61574
49028|6830|60068|216213|205884
210312|4601|50869|58299|216441
29222|1299|60068|216213|205884
8280|6762|174|204548|215728
196621|58115|21263|212038
50877|5405|6939|2852|197277
64475|6939|2852|48091
6830|174|20473|47065|61574
28917|6939|1299|23520|27694
209650|34927|174|216211|211575
28917|6939|7018|4473|13979|2576
44324|32595|174|212148
12307|29691|1299|174|399697|39967|399697
31742|1299|3216|51032|41344|39707
4601|50869|204003
209|3356|174|10490|2722|12148|47065|61574
7018|6453|19318|209896
21700|174|60068|216213|205884
6461|174|60068|197103|212080
139317|44324|32595|174|140627|17456|395400|23676
56655|1299|5511|60068|206406|210557
41722|12389|1299|20473|47065|61574
23764|1299|35598|52091|206810
50629|6939|28370|270962
210312|4601|50869|41051|201377
28917|6939|1299|10396
2914|1299|6855|39904|199604
16552|1299|20473|201423
58308|6939|1299|34927|210667|204375
210312|4601|50869|41051|213249
60011|3356|1299|6855|39904|47767
28917|6939|1299|42303
202032|58115|21263|212038
29680|174|35598|52091|206810
22652|174|20473|47065|61574
148968|7474|3257|174|140227|44324|205369
14537|33891|60068|211571
60068|33891|6461|394737
3356|1299|8551|44709
34177|1299|3356|28370|263535
58308|6939|6424|134450
25091|3356|174|140227|44324|205369
18106|174|20473|47065|61574
44324|32595|174|214206
6667|28917|215730|209693
58308|6939|33891|48918|43722
58308|6939|47160|205669
25091|3356|174|216211|211575
58308|6939|6830|23520|64126|265721|271942|273121
139317|44324|32595|174|26988
40994|6939|29222|513|20940
12956|1299|6855|39904
24785|6830|174|1916|47065|61574
32590|1299|3216|51032|41344|39707
6830|6461|394737
6830|3257|37468|270551|263047
28917|6939|1299|35207
61568|6762|1299|6855|39904|199604
210312|4601|50869|52025|216096
58308|6939|6830|23520|262191|272153
28917|6939|1299|20473|55207
205206|1299|3356|28370|267556
57381|50304|1299|6453|1031|61568|266460|61625
202365|50673|174|60068|216213|205884
34019|29169|1299|8551|44709
3130|174|60068|197103|212080
4601|14840|269288
8283|6939|30893|205563
51873|6830|174|60068|197103|212080
49028|1299|174|21320|5408|47065|61574
28917|6939|6830|33915|61351
59414|13030|21320|5408|47065|61574
28917|6939|1299|21859|62610
58308|6939|1299|4226|401734
6057|174|8551|20473|47065|61574
28917|6939|1299|48707
29222|6939|12779|39636
50629|6939|16652
2734|16735|273514
47160|174|22381|267470|263047|264389
3257|1299|12859|47065|61574
28917|8359|57304|15935|56747
15692|2914|12859|47065|61574
33891|266493|61625
8220|3491|1299|20473|47065|61574
20912|12637|1299|34927|202532
6908|174|210329|215728
58308|6939|1299|37680|328596
12956|1299|10490|2722|12148|47065|61574
35600|20473|47065|61574
852|174|60068|216213|205884
28917|6939|1299|20473|13717
15576|174|11432|271150
29222|6461|210|47065|61574
6730|6830|9002|197068
32653|3741|174|14840|2716
4764|1299|33891|216067|44244
2497|1299|3920|206777
513|29222|6939|61618|268492
57381|50304|1299|3356|28370|263060
398465|4826|1299|60068|216213|205884
3491|1299|25091|8298|4601|4492
29222|6939|553|212522|13335
40387|1299|7195|28189|266931|269250|271150
8218|21320|5408|47065|61574
22652|1299|3356|28370|267608
327727|174|17378|8119
6908|2914|12859|47065|61574
58308|6939|1299|60051|208293|203214|51684
47957|3356|174|20473|47065|61574
35600|6939|2852|61110
199524|47311|150249|153176
47147|1299|174|14840|269288
40994|6939|30893|199580
263237|174|210|47065|61574
215596|174|1916|47065|61574
44324|32595|174|4134|140329
12637|6939|2852|204772
7018|3356|28370|268198
48070|6939|2852|61110
28917|6939|1299|1759|29422
204092|6939|2852|61110
214443|6939|28917|52191
553|9002|9304|136897|174|3491|137969|132824
49544|3356|174|20473|47065|61574
210312|4601|9002|12555
559|35598|52091|206810|214210
60068|174|210|47065|61574
398465|1299|33891|216067|44244
34927|52025|174|14840|269288
327960|174|35598|52091|206810
15605|35598|52091|206810|12773|44710
28917|6939|1299|3249
3491|174|21700|399914
215596|1299|56630|209944
14537|174|60068|205884
34019|50263|201814|209896
35008|1299|6453|4755|7768
4764|1299|56630|209944
16552|6453|174|60068|205884
64475|62255|52091|206810|59867
57111|174|6453|9498|20473|47065|61574
8220|1299|16164|36032
58308|6939|29670
6730|6830|3356|28370|268198
6057|6461|1299|198949|35676
28917|6939|1299|20473|400550
58299|9498|20473|47065|61574
58308|6939|6830|23520|272935|274105
58308|6939|1299|52468
45049|6696|1299|42303|51701|30893
28917|6939|7018|398222
51519|39351|174|60068|197103|212080
52025|174|3356|8119
5413|1299|3257|19318|201813
39120|174|6461|394737
48070|6939|28917|39238|49392
8529|1299|6855|39904|199604
23367|1299|3223|41327|51580
328840|327727|174|13786|28343|2716
559|9002|12555|48430
39122|1299|6855|39904|199604
29222|6939|29670|59645
199938|1299|3356|28370|267556
4777|2497|174|14840|269288
41327|6939|28370|268521
39392|33891|20473|47065|61574
57381|50304|1299|3356|28370|263963
139317|44324|32595|174|63089
204092|6939|28917|204623
58308|6939|1299|63139
13237|1299|20473|399970
28917|6939|1299|23520|272935|271804
6730|6830|3257|37468|270551|263047
196621|6939|28917|39238|51408
40994|6939|28917|201119
17350|3356|174|140227|44324|205369
44324|32595|174|206795
12969|1299|3356|28370|263535
29504|15935|174|3356|3223|41327|51580
28917|6939|1299|23520|272935|28053
4601|6939|28917|43886
7473|1299|34927|202827
51519|39351|12859|47065|61574
210312|4601|50869|213768
58308|6939|6830|23520|265561|270173|63293
35008|1299|3223|34224|12735
206356|50629|174|399697|39967|399697
210312|4601|6939|28917|12668
7474|7473|1299|3920|206777
44324|32595|174|140627|17456|395400|23676
58308|6939|1299|209847
559|6461|23352|20473|47065|61574
8220|3491|174|10490|2722|12148|47065|61574
3491|1299|34927|202532
49432|48362|1299|3356|28370
58308|6939|1299|6922|10399
58308|6939|6830|23520|64126|265695|273867
30781|3356|174|3130|47065|61574
58308|6939|263047|267425
13030|1299|174|22381|267470|263047|264389
28917|6939|8194|201547
207841|37468|52468|271150
47147|1299|6939|196610|48927
3257|174|22381|267470|263047|264389
210312|4601|50869|52025|208915
29222|58115|209042
8283|6939|28917
28634|4230|1299|3223|41327|51580
32590|12956|174|399697|39967|399697
29222|6939|6424
3214|1299|10490|2722|12148|47065|61574
6830|3356|28370|263963
20912|12637|1299|174|20473|47065|61574
64475|44592|49581|209693
12859|6939|24796|63293
28917|6939|1299|32374
34927|174|216211|211575
174|3356|9002|12555
12637|6939|59970
8283|6939|50989
29222|6939|30893|204789
39122|1299|3356|28370|53079
59890|60068|1299|20473|399970
4601|6939|28917|35539
4601|50869|199310|215502
34177|1299|3356|28370|53079
174|37468|270551|263047
23367|1299|174|20473|47065|61574
3399|5511|174|52468|271150
271253|6453|174|21320|5408|50148
20932|174|140227|44324|205369
28917|6939|1299|23520|26505
34288|1299|6453|19318|209896
394256|174|1299|8551|44709
6424|6939|24796
48362|1299|201814|209896
5405|6939|30893|205563
31742|174|21320|5408|47065|61574
42473|1299|3356|28370|264426
8283|44592|49581|209693
58308|6939|6830|23520|27884|265735
11039|6461|174|210329|215728
28917|6939|1299|20473|13696
327983|37497|3491|174|10490|2722|12148|47065|61574
55720|6939|1299|174|399697|39967|399697
12859|1828|12179|393398|3356|1299|23033|27323
6082|174|11432|271150|272738
262427|174|6461|394737
7018|6939|30893|13214
577|1299|8551|20473|47065|61574
7713|174|399697|39967|399697
328840|327727|174|32787|202161
7018|174|52468|262393
559|35598|52091|206810|211692|31069
58308|6939|6830
44324|32595|174|209532
57111|174|3491|20473|47065|61574
58308|6939|6830|23520|272935|271943
174|3257|21034
20253|1299|174|204548|215728
44324|32595|174|1289
16552|1299|6855|39904
21412|174|210|47065|61574
29222|6939|15962|203933
34019|3303|174|20473|47065|61574
20514|1299|6855|39904|199604
28917|6939|1299|23520|272935|271808
213151|34549|174|22381|267470|263047|264389
40994|6939|28917|28775
29222|6939|207992
559|37468|53062|266493|61625
34927|52025|174|52468|271150
20205|174|52468|271150
210312|4601|50869|58299|35206
139317|44324|32595|174|13977|399353
64475|62255|52091|206810|50204
213151|34549|3257|1299|20473|47065|61574
132847|7474|3257|174|399697|39967|399697
12859|35598|52091|206810|8274
28917|6939|2852|200874
139317|44324|32595|174|36352|136258
139317|44324|32595|174|42366
209650|34927|1299|3356|28370|269016
59414|3303|174|60068|205884
971|174|1299|6855|50698
50300|3257|1299|198949|35676
553|8551|20473|47065|61574
28917|6939|1299|60068|917|969
139317|44324|32595|174|44222|215540
28634|4230|1299|201814|209896
44324|32595|174|39537
15547|174|204548|215728
58308|6939|6830|23520|272935|273948
1299|12956|212721
20612|9044|1299|3356|8119
64475|62255|52091|206810|59815
210312|4601|50869|56381|209844
58308|6939|1299|16509
58308|59689|29075|174|20473|47065|61574
58308|6939|1299|835|52025|215760
28917|6939|1299|10158
58308|6939|1299|20473|199459
139317|44324|32595|174|17497
199524|1299|3257|19318|209896
35426|215596|1299|17676|216211|44324|205369
24961|1299|20473|201423
49605|6762|3356|21320|5408|47065|61574
16552|1299|1680|20473|47065|61574
28917|20910|13194|174|60068|210906
6894|3257|1299|12859|47065|61574
58308|6939|6830|23520|272935|273937
28917|6939|1299|9299|10139|17796
56655|1299|7195|28260|270548|52794|52659
42541|1299|6453|1031|61568|266460|61625
1140|24785|6830|3356|28370|263060
21412|1299|21351|60132
20205|1299|35598|52091|206810
1299|3223|41327|51580
58308|6939|1299|58321|43758
20080|2914|1299|3920|206777
58308|6939|1299|60051|208293|203214
50673|174|1299|20473|201423
140627|1299|3356|1680|44709
29691|1299|174|216211|211575
58308|6939|1299|396993|50224
28917|6939|1299|52468|274063
6461|6830|34927|202827
9002|1299|20473|399970
58308|6939|553
47147|1299|6939|30893
56987|12859|47065|61574
51519|39351|1299|20473|201423
3701|174|11432|271150|272738
12389|174|52468|271150
2914|174|35598|52091|206810
58308|6939|3170|212806
207841|6939|28917|8926|200019|48753
35600|6939|28917|197078
42541|62255|52091|206810|202279
51873|6830|60068|211571
216285|8280|6762|174|20473|47065|61574
32590|12956|1299|6855|39904
29222|6939|7018|22787
398465|3320|1299|12859|47065|61574
38001|9002|21320|5408|47065|61574
58308|6939|1299|18734|13591
139317|44324|32595|174|27988|271949
210312|4601|50869|6939|2852|198500
8529|1299|174|21700|399914
50304|1299|3356|16735|273514
28917|6939|30893
50304|1299|3356|16735|2716
12969|1299|6453|4755|7768
39351|1299|3257|20473|47065|61574
15605|35598|52091|206810|39089
198385|174|3356|28370|28657
1299|29049|49666|205647|49801|204533
29691|1299|6453|4755|7768
35600|57463|22356|52468|271150
6830|6453|4230|2716
58308|6939|1299|197308
210937|1299|174|20473|47065|61574
56987|1299|3223|34224|12735
132825|174|56630|209944
28917|6939|1299|60068|197103|216385
2500|2914|1299|34927|202532
38880|6939|1299|20473|399970
29075|1299|174|37468|61568|266460|61625
52320|174|5538|8194|29345
513|29222|6939|35168|21299
58057|34549|1299|201814|209896
28917|6939|1299|41897
50628|1299|3257|204548|215728
40994|6663|3216|51032|41344|39707
29691|1299|3356|8119
58308|6939|6830|23520|64126|273924
41666|20764|52091|206810|213694
204092|6939|28917|35539
28917|6939|1299|7393
58308|6939|1299|208905|206446|35793
28917|6939|1299|13767
29504|15935|174|6453|29208
999|6453|174|60068|216213|205884
6424|273522|271150
41666|44592|49581|209693
29222|6939|50989|33837
34177|1299|3491|216211|211575
12779|6939|25192|29067
32653|3741|174|14840|269288
58308|6939|50629|207160
28917|6939|1299|3301|59951
13030|1299|174|60068|205884
55222|174|56630|209944
34927|56655|1299|3356|20473|47065|61574
58308|6939|5405|43902
207841|6939|30893|205563
8283|20764|52091|206810|59867
140627|1299|3257|60068|206406|210557
28917|6939|1299|32798
29222|6939|263047
12307|29691|1299|174|20473|47065|61574
44324|32595|174|142111
58308|6939|1299|48469
28917|6939|1299|32270|265619
29222|6939|50629|3624
3170|6939|15372|203592
51519|39351|174|6453|29208
8283|6939|59689
28917|6939|6830|59776
6424|1299|8551|44709
28917|6939|1299|12025|40289
25369|174|22381|267470|263047|264389
3170|6939|2852|212876
34854|1299|5511|60068|206406|210557
58308|6939|50629|207252|215093
25160|174|22381|267470|263047|264389
12350|1299|3356|28370|269016
7018|1299|4230|2716
7594|174|7195|20473|47065|61574
139317|44324|32595|174|6461|2000
57777|8298|12859|47065|61574
210312|4601|50869|6939|2852|201648
327983|37497|174|204548|215728
30781|3356|174|20473|47065|61574
15935|174|6453|4755|7768
29222|6939|7018|400072
3320|1299|29695|206557|205190
28917|6939|1299|21859|27418
5405|62255|52091|206810|39558
20764|174|210329|215728
4601|50869|213423
58057|50673|174|138997|216211|44324|205369
207841|6939|28917|21453|48149
24482|6453|1299|20473|47065|61574
20130|23352|2914|174|8551|20473|47065|61574
28917|6939|1299|20115|400985
29222|6939|28917|35539
13786|174|60068|197103|212080
271253|174|35598|25308|28917|9049|51017
204092|6939|28917|48084|59833
29075|1299|6453|19318|201813
196621|6939|196610
394256|174|7545|20473|47065|61574
28917|6939|1299|265583
9268|4764|1299|6855|39904|199604
28917|6939|1299|263744
58308|6939|1299|208905|199270
49544|1299|174|210329|215728
58308|6939|6830|23520|262202|52392
680|1299|22773|8119
7594|174|14840|269288
58308|6939|1299|136106|45305|141607
198385|174|52468|271150
35426|215596|1299|3257|19318|201813
58308|6939|25192|26710
28917|6939|3170|206924
139317|44324|32595|174|17185
58308|6939|1299|32806
58299|8551|44709
199524|47311|150249|212001|215379
57695|917|60068|174|56630|209944
59414|6830|174|35598|52091|206810
271253|6453|1299|20473|399970
196621|33891|44592|49581|209693
327727|174|3356|3223|41327
28917|6939|15935|200844
199524|47311|150249|212001|200160
29222|4601|4492
58308|6939|7018|1751
204092|34019|8551|44709
58299|62255|52091|206810|56766
52320|1299|6855|39904|47767
58308|59689|30781|33891|44592|49581|209693
32595|174|21320|5408|47065|61574
6830|9002|12555|200624
5713|174|21320|5408|47065|61574
28917|6939|1299|22908
49788|1299|6453|19318|209896
205206|33891|216067|44244
6730|6830|3356|28370|263535|268030
42473|1299|6453|4755|7768
58308|6939|1299|36236|11878
46450|1299|174|210329|215728
42541|8551|44709
4637|6461|174|37468|61568|266460|61625
59414|6830|174|210329|215728
12637|6939|15372
29222|6939|42184|210035
1299|12859|47065|61574
1140|24785|6830|174|5538|8194|29345
29075|1299|3257|20473|47065|61574
28917|6939|1299|52468|269989
35710|3320|1299|10490|2722|12148|47065|61574
10111|1299|60068|197103|212080
6424|37468|52468|262393
58308|6939|7018|11992|35892
8220|1299|3356|8119
7018|3356|3223|41327
21412|174|20473|47065|61574
30600|174|52468|262393
59919|12779|21351|60132
29691|1299|12956|212721
44324|32595|174|46642
20514|1299|3356|28370|263963
53828|3257|33891|216067|44244
58308|6939|6830|23520|272935|273948|274204
60068|5511|1299|198949|35676
58308|6939|7018|395500
8283|2914|3223|41327
16552|1299|3356|16735|2716
21412|174|210329|215728
15935|174|60068|216213|205884
8220|1299|3216|51032|41344|39707
39122|1299|3356|16735|2716
58308|6939|553|212522
210312|4601|50869|52025|215212
34927|52025|1299|29695|206557
28917|20764|52091|206810|12773|211692|196629
174|6453|4755|7768
36924|6762|174|37468|61568|266460|61625
327983|37497|3491|174|1916|47065|61574
34854|1299|29049|49666|205647|49801|204533
58308|6939|1299|30404
28917|6939|2852|212876
139317|44324|32595|174|393681
12389|174|3130|47065|61574
31510|174|138997|216211|44324|205369
29075|1299|3356|28370|268521
37271|33891|60068|211571
205206|1299|7195|11432|271150
3399|5511|1299|20473|399970
12779|6461|210|47065|61574
57111|41327|174|22381|267470|263047
8220|1299|6453|4755|7768
29222|6939|29670
48362|1299|6762|16735|273514
28917|6939|1299|21559|271945|269931|272027
198385|174|20473|47065|61574
199524|1299|6762|16735|2716
271253|6453|174|21700|399914
139317|44324|32595|174|137409|7578
12859|137409|63473|200790
6730|6830|174|14840|269288
58308|6939|12735|212805
58308|6939|50989|33837
14907|5405|47065|61574
1836|1299|12859|47065|61574
327727|174|1299|20473|399970
58308|6939|1299|59437
6424|62255|62379
28917|6939|52838
58308|6939|28917
58308|6939|42184|196731
4775|1273|1299|198949|35676
21232|15576|174|210329|215728
15935|174|12956|212721
47147|1299|6939|30893|13214
3130|174|7195|20473|47065|61574
41666|20764|52091|206810|202497
58308|6939|1299|39290
8220|6453|174|20473|47065|61574
198385|174|60068|211571
148968|1299|60068|211571
59689|29075|1299|8551|44709
28917|6939|1299|15704
1299|198949|35676
34177|1299|3356|28370|268198
35600|35598|52091|206810|211692|214268
28917|6939|1299|3308|3573
35426|215596|1299|3356|28370|268521
59105|2518|1299|6855|39904|202605
28917|6939|1299|398106
1299|6461|394737
58308|6939|2852|48091
32590|1299|6762|16735|273514
5413|1299|3491|20473|47065|61574
4181|1299|21351|60132
6082|174|11432|271150
15547|174|3257|19318|201813
5511|174|52468|271150
63927|1299|20473|399970
34288|174|210329|215728
29632|9002|3356|174|20473|47065|61574
398465|4826|1299|20473|399970
2518|1299|174|37468|61568|266460|61625
19151|2914|1299|6855|39904|202605
49028|1299|174|21700|399914
13830|971|174|56630|209944
132337|174|20473|47065|61574
50304|1299|3356|28370|267608
11845|37468|174|11432|271150
12859|56630|209944
50628|6830|60068|216213|205884
29680|3257|1299|20473|201423
139317|44324|32595|174|19406
49028|1299|29049|49666|205647|49801|204533
3216|1299|37468|270551|263047
8283|6939|33924|198890|57463|34772|35047|5414
4181|1299|29695|206557|208835
7500|2497|174|52468|262393
28917|6939|1299|20473|202540
139317|44324|32595|174|62807
209823|6830|60068|211571
513|29222|6939|35168|197556|206026
48070|1299|3356|8119
196621|6939|28370|267556
12586|3257|1299|12859|47065|61574
58308|6939|28917|9110
513|174|8551|20473|47065|61574
6730|6830|1299|6855|39904|199604
15605|35598|52091|206810|211692|31069
29222|6939|62000|198831
58308|6939|29670|205740
559|35598|52091|206810|210063
28917|6939|29222|207688
58308|6939|207487|18607
3491|5408|47065|61574
28716|1299|174|399697|39967|399697
3491|174|60068|211571
13830|971|174|35598|25308|28917|9049|51017
41327|34927|202532
35426|215596|1299|20473|47065|61574
34288|1299|6855|39904|202605
136557|174|5459|200070
28917|34927|202827
36924|1299|7545|20473|47065|61574
28917|6939|1299|20473|209300
139317|44324|32595|174|1299|25091|8298|4601
20764|174|1916|47065|61574
12350|1299|6762|267470|263047
58057|174|6453|19318|201813
31742|174|60068|205884
58308|6939|1299|21738|200242
58308|6939|7018|54495
174|46427|64289|44592|49581|209693
20055|3257|33891|216067|44244
28917|6939|1299|23520|27717|267809
44324|32595|174|17072|272286
35280|6453|174|10490|2722|12148|47065|61574
58308|6939|7018|398837
6667|174|60068|205884
196621|6939|54429
49028|1299|3356|28370|263963
58308|6939|1299|201902
28917|6939|1299|20473|212279|212425
58308|6939|1299|210937|11930
12350|1299|3356|16735|2716
58308|6939|41720|58180
12859|6939|28370|263060
64475|50629|174|3130|47065|61574
58308|6939|1299|29119
15605|35598|52091|206810|208435
1103|6830|174|28189|266931|271615|273522|271150
139317|44324|32595|174|22359
12350|1299|6453|19318|209896
28917|6939|1299|30823
199938|1299|3356|28370|269016
28917|6939|1299|20473|203943
8283|20764|52091|206810|12773|211692|196629
31510|174|3356|3223|41327|51580
48185|1299|6762|49666|58224|214805
6762|174|204548|215728
4766|8455|8283|47065|61574
58308|6939|42695|52011
31510|174|22381|267470|263047|264389
41722|12389|1299|10490|2722|12148|47065|61574
58057|34549|174|3130|47065|61574
6762|1299|37468|270551|263047
28917|6939|1299|20473|215965
60068|174|21320|5408|47065|61574
52075|6762|174|37468|61568|266460|61625
48070|6939|42695|52011
28917|6939|1299|20473|215507
553|6939|30893|204789
23367|1299|37468|53062|266493|61625
49788|1299|8551|44709
3399|5511|1299|6855|39904|47767
34927|52025|174|3356|1680|44709
32590|4637|3257|1299|198949|35676
21700|3257|1299|12859|47065|61574
58308|6939|6830|33915|209390
58308|6939|56595|215320
20764|174|216211|211575
28917|6939|1299|398104|44273
57695|917|60068|174|216211|44324|205369
28917|6939|1299|16509|14618|60900
29222|6939|28917|44056|57629
553|1299|3356|28370|268521
29222|6939|198101
8298|25091|2603|21320|5408|47065|61574
25091|3356|174|5538|8194|29345
49544|3356|1299|34927|202532
199524|1299|5511|60068|206406|210557
35600|6939|196610|48927
139317|44324|32595|174|29727
58308|23764|35168|212999
4601|50869|213376
4181|1299|29695|206557|204503
58308|6939|6830|23520|272935|267862
28917|6939|1299|60068|197103|202706
58057|50673|33891|34927|202532
29504|15935|174|3257|60068|206406|210557
44324|32595|174|215656
58308|6939|1299|209635
49544|1299|198949|35676
60011|3356|21320|5408|47065|61574
29222|6939|12779|207028
4601|50869|205154
42541|62255|52091|206810|210063
17660|2914|1299|6855|39904
28917|6939|1299|20473|215311
4181|1299|174|20473|47065|61574
39351|1299|3356|8119
51873|6830|174|3130|47065|61574
6424|6939|25192|26710
58511|1299|6855|39904|47767
58308|6939|1299|23487|27738
199938|1299|17676|216211|44324|205369
58308|6939|1299|52468|273877
50304|1299|8551|20473|47065|61574
209650|34927|174|20473|47065|61574
24785|6830|3356|28370|269016
327727|174|35598|52091|44660
39122|174|399697|39967|399697
20932|1299|6855|39904|47767
58308|6939|32097|33387
58308|6939|1299|42201
28917|6939|1299|20473|133492
210312|4601|50869|6939|59689
207841|16164|36032
28917|6939|1299|15164
3491|174|35598|52091|206810
50877|5405|3920|206777
58308|6939|1299|5518|34001
15605|6939|30893
328964|23764|1299|8551|20473|47065|61574
57118|8283|47065|61574
139317|44324|32595|174|40727
59891|13030|1299|6453|19318|209896
45049|6696|1299|174|210|47065|61574
29075|1299|6453|19318|209896
50877|5405|6939|42695
9044|174|210|47065|61574
198385|174|10490|2722|12148|47065|61574
7018|6762|267470|263047
4601|6939|30893|9423
210312|4601|50869|6939|25192|29067
44324|32595|174|28539
20912|174|399697|39967|399697
34800|29632|9002|1299|3920|206777
29075|174|140227|44324|205369
41666|20764|52091|206810|59815
3399|2603|21320|5408|47065|61574
199938|1299|60068|216213|205884
57866|5511|174|3130|47065|61574
58308|6939|1299|400475
28917|6939|1299|52468|264836
7594|174|16276|203019
8359|1299|6855|39904|47767
6667|1299|2914|226|47065|61574
28917|6939|1299|43766
34854|1299|12956|212721
140627|2914|174|20473|47065|61574
37239|37468|174|210329|215728
139317|44324|32595|174|202978
3399|5511|1299|3920|206777
1031|999|6453|1299|20473|47065|61574
28917|6939|1299|198949|12625
5405|6939|28370|264426
58308|6939|1299|25956
174|6453|29208
210312|4601|50869|210632
20514|1299|174|22381|267470|263047|264389
34854|1299|8551|20473|47065|61574
28917|6939|1299|20473|401815
3356|1299|198949|35676
8298|33891|216067|44244
6082|2914|1299|6855|39904|47767
2734|21700|399914
16552|1299|3356|28370|53079
852|1299|29695|206557|208835
38001|3491|174|20473|47065|61574
58308|6939|1299|7632|131728
17660|2914|174|37468|61568|266460|61625
29222|6939|50698
35008|1299|3356|20473|47065|61574
5413|1299|3257|19318|209896
1299|5511|49666|58224|214805
3216|33891|60068|211571
328964|23764|1299|35598|52091|206810
58308|6939|7018|3486
28917|6939|273556
28917|6939|8943|44671
58308|6939|6830|23520|27665|28067
1280|1299|174|20473|47065|61574
139317|44324|32595|174|31241
196621|6939|28917|47914
15576|56630|209944
6730|6830|44530|41327|213013
14907|5405|14840|269288
28917|6939|1299|20473|153057|153172
20253|1299|174|20473|47065|61574
58308|6939|1299|14080|270018
207841|6939|28917|21453
28917|6939|1299|23520|272935|267705
47311|150249|212001|215379
44324|32595|174|54413
971|174|52468|271150
59414|6830|174|52468|271150
28917|6939|1299|60068|399244|142594
28917|6939|1299|399814
22652|174|3356|28370|28657
204092|6939|28917|44056|57629
29222|6939|47160
58308|212815|52053
14907|3320|174|399697|39967|399697
58308|6939|15962
207841|6939|28917|44056
20205|174|204548|215728
58308|6939|29208|34222
6894|3257|1299|20473|47065|61574
28917|6939|1299|23520|263703|274022
21412|174|399697|39967|399697
6830|174|11432|271150|272738
8529|1299|1680|20473|47065|61574
44324|32595|174|394542|20432
4601|50869|199310|207529
32590|174|52468|271150
21232|15576|174|52468|262393
48185|1299|17676|216211|44324|205369
28917|6939|1299|62874
139317|44324|32595|174|395461
25091|6453|174|5538|8194|29345
8529|1299|6855|39904
23367|1299|6461|394737
20253|1299|17676|216211|211575
35598|174|3257|19318|201813
7594|174|7311|835|394273
28917|6939|1299|20473|200959
49432|48362|1299|17676|216211|44324|205369
47147|1299|3356|28370|268521
215596|1299|4230|2716
50877|5405|62255|52091|206810
57381|50304|1299|3257|20473|47065|61574
40994|6204|208972|210538|6775|13030|4637|133398
29222|6939|16652
15576|174|60068|197103|212080
4601|50869|213768|204768
28917|6939|1299|199524|62553|205941
196621|15576|174|1916|47065|61574
57381|50304|1299|37468|270551|263047
12956|1299|42303|51701|30893
559|47065|61574
37271|174|14840|269288
40994|6939|58308
58308|6939|3170|215453
29222|6939|200712
28917|6939|1299|21351|2199
139317|44324|32595|174|22439
57381|50304|1299|174|37468|61568|266460|61625
263152|174|140227|44324|205369
553|1299|6204|44592|49581|209693
58308|6939|2852|197277
35710|3320|1299|201814|209896
20764|174|12956|212721
22652|33891|216067|44244
28917|6939|1299|5391|8585|57388
1299|6855|39904|202605
64475|28283|268744|2716
6082|174|10490|2722|12148|47065|61574
29222|6939|7018|62883
8283|20764|52091|206810|12773|52213
196621|9002|8772|396416
28917|8359|57304|202032
50628|6453|174|60068|216213|205884
4601|50869|34019|35600
37105|37468|174|11432|271150|272738
48070|6939|28917|21453|41783
28917|6939|7018|7764
28917|6939|1299|1759|51164|20574
57866|1299|3223|41327
28917|6939|33924|198890|57463|34772|35047|5414
202365|50673|174|12956|212721
46450|33891|216067|44244
44324|32595|174|398343|400509
28917|6939|1299|58317|48448
20253|1299|6453|60068|216213|205884
29075|1299|20473|201423
49544|2914|174|11432|271150|272738
22652|174|3356|16735|273514
29222|6939|28370|263060
213151|34927|1299|60068|197103|212080
328840|327727|174|399697|39967|399697
34019|1680|20473|47065|61574
8455|6830|60068|211571
17639|174|37468|61568|266460|61625
41666|20485|35598|52091|206810
394256|174|60068|211571
199524|1299|7195|28343|2716
55222|174|14840|2716
58308|6939|33891|215606
29632|8455|8283|47065|61574
29075|174|3356|28370|28657
8455|28917|215730|209693
28917|6939|29670|49933
58308|6939|1299|394161
37100|1299|10490|2722|12148|47065|61574
12637|35598|52091|206810|211101
680|1299|201814|209896
50877|5405|6939|2852|204772
52025|174|3356|28370|268521
2500|2914|1299|201814|209896
35369|1764|174|210|47065|61574
4764|1299|29695|206557|204503
50629|50263|201814|209896
25369|174|210|47065|61574
7018|1299|56630|209944
2497|174|21320|5408|47065|61574
4601|50869|6939|207995
196621|15576|174|140227|44324|205369
559|6939|30893
12389|174|21320|5408|47065|61574
19151|174|21320|5408|50148
58057|174|10490|2722|12148|47065|61574
271253|6453|174|60068|216213|205884
28917|6939|1299|20473|206885
3170|6461|137409|48011|25184|49801|204533
140627|1299|4230|52654|266493|61625
209650|34927|6830|60068|216213|205884
37721|174|399697|39967|399697
29222|6939|7018|397602
20612|9044|1299|3223|34224|12735
58057|50673|174|2914|20473|47065|61574
3214|1299|174|140227|44324|205369
58057|34549|3257|1299|20473|201423
29222|6939|29208|48926
28917|6939|2852|61110
210937|1299|6855|39904|47767
28917|6939|1299|21859|63473
44324|32595|174|22612
48919|174|20473|47065|61574
3170|20764|43298|48678|213865
35426|215596|1299|12859|47065|61574
8283|6939|29222|204957
34927|52025|1299|3223|34224|12735
8283|6939|28370|263060
58308|6939|29208|56717
12779|6939|207995
6453|174|28189|266931|269250|271150
4601|50869|6939|196610|48927
139317|44324|32595|174|57961|205140|14789
44324|32595|174|22850|64112|394353
58308|6939|3170|214199
151326|174|22381|267470|263047
28917|6939|1299|20473|213007
31510|174|3356|3223|41327
28917|6939|1299|20326
48070|1299|17676|216211|44324|205369
32590|1299|20473|201423
50304|1299|37468|270551|263047
49028|1299|3356|28370
21700|174|140227|44324|205369
6667|1299|201814|209896
199524|174|28189|266931|271615|273522|271150
29504|15935|6830|60068|216213|205884
35600|6939|196610
34927|1299|6762|267470|263047
24785|6830|3491|216211|211575
20514|1299|37468|270551|263047
12859|6939|207995
14907|1299|174|1916|47065|61574
20080|2914|174|210329|215728
139317|44324|32595|174|211211
3216|1299|56504|47674
207841|6939|28917|197078
28917|6939|8943|43915
137409|174|204548|215728
28917|6939|1299|14616
52025|1299|6855|39904|47767
210312|4601|6939|28917|8926|41221|207164
398465|6939|1299|20473|47065|61574
17639|174|399697|39967|399697
12969|33891|44592|49581|209693
28917|6939|62000|208226|205563
17660|6453|174|201814|209896
58308|6939|33891|201962
8298|25091|1299|20473|47065|61574
12779|212815|52053
44324|32595|174|62807
4601|50869|6939|2852|48091
209650|34927|1299|20473|399970
28917|6939|1299|23520|264821|271799
58308|6939|28370
12859|1299|174|210329|215728
5405|62255|52091|206810|211692|214268|196977
29691|1299|56504|47674
12779|1680|44709
44324|32595|174|57801
196621|6939|33924
7018|1299|37468|270551|263047
3356|1299|20473|399970
24516|174|35598|52091|48158
28917|6939|1299|23520|264847|64150|20940
44324|401538|393577|213801
60011|3356|1299|34927|202532
204092|6939|2852
35600|50263|21263|56984
5713|33891|216067|44244
58308|6939|1299|52468|271967
16347|1299|56630|209944
28917|6939|1299|23520|274183
50629|20764|52091|206810|8274
28917|6939|7018|54495
215596|1299|6855|39904|199604
24785|6830|174|11432|271150|272738
28917|6939|39791
210312|4601|50869|6939|30893
6057|174|140227|44324|205369
29691|1299|174|204548|215728
12956|1299|17676|216211|44324|205369
35600|6939|28370|267608
7922|1299|34927|202532
34288|1299|3356|28370|263535
6720|1764|174|201814|209896
37739|3491|1299|34927|202532
34854|1299|7545|20473|47065|61574
48070|6939|28370|267608
12859|35598|52091|206810|211692|214268|197578
8220|1299|7545|20473|47065|61574
22652|174|28189|266931|271615|273522|271150
35600|35598|52091|206810|59815
137409|12859|47065|61574
28917|6939|1299|401909
47147|1299|8551|20473|47065|61574
4601|50869|6939|29222|207688
50629|1299|6855|39904|47767
41327|44592|49581|209693
205206|1299|3356|28370|268521
58308|6939|50629|207252|200229
44324|32595|174|201896
3320|174|20723|2852|202874
33891|6461|394737
40994|174|14840|269288
5405|6939|33924
20253|1299|174|14840|269288
44324|32595|174|204561
58308|6939|1299|59796|39010
58308|35598|52091|206810|34786|41875
3170|6939|196610|48927
36924|1299|3356|28370
207841|6939|2852|61110
31510|174|6453|4755|7768
35320|1299|198949|35676
263237|174|3257|60068|206406|210557
139317|44324|32595|174|992
28917|6939|1299|48299
28917|6939|1299|8151|28400
64475|62255|52091|44660
48070|6939|28917|39134
58308|6939|7018|22216
44324|32595|174|7195|272872
15605|6939|29222|513|20940
553|9002|30081|174|30081
8298|25091|33891|60068|211571
29222|6939|29670|48387
59891|13030|1299|3920|206777
58308|6939|196945
57866|1299|22773|8119
3491|1299|6855|39904|199604
7713|174|3491|20473|47065|61574
29222|6939|12637
35280|1299|35598|52091|206810
2914|174|60068|216213|205884
8660|1267|1299|6855|39904|47767
58308|6939|6830|23520|30689
174|1299|6855|50698
34019|6939|28370|263060
196621|6939|15372
7018|6939|2852
58308|35598|52091|206810|211692|214268
204092|33891|216067|44244
58308|6939|32097|54203
9268|4764|1299|29695|206557|204503
12779|35598|52091|206810|48687
7018|1299|6855|39904|199604
50877|5405|6939|25192|26710
44324|32595|174|396986
139317|44324|32595|174|27385
19151|2914|1299|8551|44709
23764|1299|20473|47065|61574
30600|1299|6855|39904|199604
44324|32595|174|216471
38880|6762|174|20473|47065|61574
29222|3356|21320|5408|47065|61574
58308|6939|1299|19009|26889
8455|1299|6855|39904|202605
44324|32595|174|132839
39392|174|2914|226|47065|61574
12637|6939|25192|29067
19151|174|201814|209896
59891|13030|1299|198949|35676
1280|2914|174|204548|215728
47147|3320|1299|8551|44709
210937|1299|174|210|47065|61574
216285|8280|6762|174|210329|215728
199524|1299|17676|216211|44324|205369
132847|7474|7473|1299|3216|51032|41344|39707
29222|6939|41720|213709
29222|6939|202297|210951
28917|6939|1299|5617|214666
49788|2603|21320|5408|47065|61574
49028|1299|35598|52091|206810
196621|6939|28917
47147|1299|7195|11432|271150
24961|1299|20473|399970
41666|206813|9136|1299|20473|206946
28917|6939|47160|213873
14537|13786|174|5538|8194|29345
12779|62255|52091|206810|214721
24785|6830|174|399697|39967|399697
40994|6939|54429|401894
12350|1299|6855|39904|202605
28917|6939|1299|23520|262191|273221
58308|6939|6830|23520|54082|263725|271981
136557|174|399697|39967|399697
3214|6453|174|399697|39967|399697
48070|1299|20473|399970
50629|20764|52091|206810|202279
52320|6461|21320|5408|47065|61574
210312|4601|50869|52025
5405|62255|52091|44660
5405|6939|28370|267608
1280|1299|34927|202532
12956|1299|6855|39904|202605
39351|174|22381|267470|263047
198385|174|1299|20473|47065|61574
36924|1299|22773|8119
4777|2497|1299|8551|44709
39122|174|20723|2852|202874
9044|1299|3920|206777
136557|174|35598|52091|206810|211692|214268|196977
398465|1299|3257|204548|215728
16552|37271|174|3356|28370|28657
58308|6939|1299|3301|207538
28917|6939|1299|14754|52356
20253|1299|6204|44592|49581|209693
34927|52025|32097|20473|399970
40994|57463|41327|214443
29075|1299|3356|28370|267556
48185|1299|60068|216213|205884
60326|206499|34549|1299|198949|35676
204092|6939|15372
11845|30844|33891|216067|44244
8455|1299|174|140227|44324|205369
139317|44324|32595|174|56898
12779|9002|34927|202827
3491|174|210329|215728
51088|12859|47065|61574
207841|7195|20473|47065|61574
35600|35598|52091|206810|24881
28917|6939|1299|52468|271948
50629|174|399697|39967|399697
58308|6939|7018|7764
35426|33891|216067|44244
40994|6939|28917|12668|197404
139317|44324|32595|174|398843|401431
6424|1299|6855|39904|47767
58308|6939|1299|211826
12637|35598|52091|206810|211692|214268|197578
20205|174|20473|47065|61574
139317|44324|32595|174|16276|64476
29222|174|3130|47065|61574
29691|1299|174|140227|44324|205369
398465|174|52468|271150
3130|174|11432|271150
47160|174|60068|216213|205884
44324|32595|174|329109|328297
28917|6939|1299|3301|199902
44324|32595|174|396278
174|60068|211571
56655|1299|174|210|47065|61574
44324|32595|174|2901
14630|2914|174|3130|47065|61574
139317|44324|32595|174|400529
139317|44324|32595|174|44222|209847|26383
44324|32595|174|263157
12307|29691|33891|44592|49581|209693
64475|3320|174|52468|271150
34019|137409|48011|25184|49801|204533
2497|174|3130|47065|61574
4775|1273|174|11432|271150
41666|20764|52091|206810|48595
3170|25180|1299|17676|3258
12859|22356|28370
47957|3356|174|3130|47065|61574
209650|34927|1299|3356|28370|263963
553|1299|3356|28370
7018|6453|4755|7768
58308|6939|1299|3301|34576
3170|44592|49581|209693
44324|32595|174|267784
20205|174|21320|5408|47065|61574
4601|50869|214329
58299|56630|209944
28917|6939|1299|21738
40994|6939|28917|39238|49392|9098
199524|174|14840|2716
207841|6939|42695|43101
12859|1299|20473|399970
58308|6939|1299|9141
20811|28716|1299|174|399697|39967|399697
9900|23764|3356|1299|20473|47065|61574
1103|3257|174|3130|47065|61574
394256|174|21320|5408|50148
398465|1299|3356|16735|273514
28917|6939|7018|22241|62714
20514|1299|6762|267470|263047
3303|174|52468|262393
35600|35598|52091|206810|202279|213203
19653|30600|174|210329|215728
210312|4601|50869|58299|209114|202545
215596|1299|3356|28370|268198
49788|12552|8283|47065|61574
49434|33891|216067|44244
35598|174|3356|28370|28657
139317|44324|32595|174|393857
199938|1299|3223|41327
34019|4601|4492
20514|1299|3356|28370|267608
28917|6939|1299|52468|271923
40387|1299|6855|39904|47767
34288|1299|6855|39904
553|1299|6939|28370|263060
37105|37662|174|22381|267470|263047|264389
34177|1299|3356|28370|28657
31742|1299|6855|50698
48362|1299|198949|35676
58308|6939|553|60824
58057|50673|174|399697|39967|399697
8283|12956|212721
40994|57463|41327|203847
58308|6939|553|5501
577|174|210329|215728
57381|50304|1299|174|140227|44324|205369
44324|32595|174|53667|147071
12779|35598|52091|206810
48070|6939|28917|47759
48070|6939|2852|197277
1280|1299|20473|47065|61574
6762|1299|20473|399970
28917|6939|1299|262206
42473|1299|6855|39904|47767
57866|1299|35598|52091|206810
20932|1299|6461|394737
7018|3356|28370|53079
21700|174|35598|52091|44660
4601|50869|41051|207852
44324|32595|174|53667|200329
12859|1299|174|3130|47065|61574
6762|2914|12859|47065|61574
4601|6939|28917|48084|35816
513|29222|6939|8943|43915
210312|4601|8298|25091|1299|10490|2722|12148|47065|61574
48070|20764|43298|48678|210574
4601|50869|199310|153376
28917|8359|57304|39531
50629|6939|207995
513|174|5538|8194|29345
34019|49581|209693
2907|20965|5408|47065|61574
3399|174|201814|209896
29504|15935|174|1299|22773|8119
151326|174|35598|25308|28917|204076
210312|4601|50869|6939|25192|26710
28917|6939|1299|20473|214569
8220|1299|8943|200636
57111|174|21320|5408|47065|61574
41811|1273|174|399697|39967|399697
38880|8283|47065|61574
39351|174|20473|47065|61574
35600|6939|28917|28775
32590|6424|44592|49581|209693
28917|6939|1299|23520|28545|28509
50629|1299|20473|47065|61574
3399|5511|174|20473|47065|61574
21700|174|21320|5408|50148
35600|30781|1299|6855|39904|47767
35598|174|3356|16735|273514
4601|50869|6939|50989|205966
44324|32595|174|205035
553|6939|50989|48116
28917|6939|1299|23520|54082
61049|2603|21320|5408|47065|61574
139317|44324|32595|174|53667|38230
4601|50869|208453
28917|6939|1299|400760
4601|50869|52025|205514
136557|174|28189|266931|269250|271150
4601|50869|6939|2852|212876
196621|6939|50989|33837
58308|6939|29208|205400
513|29222|6939|202585|215842
44324|32595|174|45250
209650|34927|174|210329|215728
7018|6453|44592|49581|209693
29504|15935|174|3356|8119
29222|6939|35168|48716
44324|32595|174|397723
139317|44324|32595|174|32505|54785
216285|8280|6762|1299|198949|35676
28917|6939|1299|51167
29222|6939|25400|31264
44324|32595|174|42313|212766
32590|1299|33891|216067|44244
12307|57118|8283|47065|61574
12350|1299|3356|28370|264426
210312|4601|50869|34019|35600|39432
34019|14840|2716
210312|4601|50869|52025|57851
513|174|1299|20473|201423
5405|62255|52091|206810|213694
42473|1299|3491|216211|211575
3399|5511|174|3130|47065|61574
12637|6939|50989
35426|215596|1299|6461|394737
44324|32595|174|51847|61112
139317|44324|32595|174|18978
28624|61568|174|399697|39967|399697
1273|174|399697|39967|399697
28917|6939|25192|20701
132825|174|6453|4755|7768
28917|6939|1299|25122
41811|1273|174|37468|61568|266460|61625
28917|6939|1299|44656
8220|1299|29695|206557|208835
3130|174|1299|6855|39904
28917|6939|56595|206324
15605|8298|4601|4492
37468|1299|6855|39904
4657|33891|216067|44244
2518|1299|6855|50698
139317|44324|32595|174|401029
55222|174|28283|268744|2716
210312|4601|50869|215828|215849
58308|6939|268624|263601
40994|57463|41327|200497
28917|6939|1299|6855|13036
58308|6939|5405|60169
58308|6939|7018|16711
28917|6939|1299|20473|206824
50628|1299|3920|206777
6830|3356|8551|20473|47065|61574
58308|6939|33891|204704
327727|174|3356|16735|2716
1273|174|1916|47065|61574
28917|6939|1299|60068|216213|200216
25152|2914|174|37468|61568|266460|61625
553|62255|52091|206810|50204
136557|174|3356|28370|268521
2497|174|22381|267470|263047
6461|174|21700|399914
49788|1299|20473|399970
6830|6939|2852|199711
50629|57724|12555
1836|1299|8551|44709
12969|1299|3356|28370|269016
196621|6939|28917|198297
49544|3356|174|399697|39967|399697
852|174|5538|8194|29345
199524|12859|47065|61574
4601|50869|34019|212351
328512|5713|174|60068|197103|212080
31742|1299|6762|49666|58224|214805
50629|174|3130|47065|61574
28917|6939|202297|210951
49432|48362|1299|6762|16735|273514
917|60068|33891|44592|49581|209693
58308|6939|1299|46475
13030|21320|5408|47065|61574
196621|8758|9002|1299|198949|35676
14537|3356|1299|3920|206777
136557|174|1299|12859|47065|61574
6720|1764|174|3130|47065|61574
2516|1299|174|20473|47065|61574
6424|6939|28917
34288|174|1916|47065|61574
3216|1299|174|204548|215728
4601|50869|41051|212510
28917|6939|205479
1299|3356|8119
28917|6939|1299|20473|131662
58308|6939|1299|35207
41722|20485|1299|6855|39904|47767
64475|1680|20473|47065|61574
8220|1299|3356|28370|263963
58308|6939|6830|23520|64126|273220
49788|12552|12859|47065|61574
32590|12956|1299|20473|47065|61574
28917|6939|1299|12252
58308|6939|5405|21245
44324|32595|174|20940
12389|1299|20473|399970
29504|15935|174|3356|3223|41327
139317|44324|32595|174|207136
398465|1299|3356|16735|2716
35600|6939|2852|198500
36924|1299|3356|21320|5408|47065|61574
139317|44324|32595|174|267613|13335
139317|44324|32595|174|20459
59414|6830|3257|19318|209896
29479|50304|1299|21351|60132
58308|6939|8943
213151|34549|1299|8551|44709
49544|1299|6855|50698
28917|6939|1299|20473|210025
22652|1299|17676|216211|44324|205369
204092|6939|28917|12668
50673|174|201814|209896
41666|20764|52091|206810|211692|214268|197578
139317|44324|32595|174|204561
327727|174|3356|8119
202032|57463|14840|269288
28917|6939|1299|199124
44324|32595|174|198507
34927|56655|1299|6461|394737
6908|1299|8551|44709
8220|3491|174|14840|269288
4775|1273|174|210|47065|61574
553|28283|268744|2716
1299|6939|60432
8888|137409|12859|47065|61574
8280|6762|174|8551|20473|47065|61574
23352|2914|174|3130|47065|61574
971|174|1299|8551|44709
58308|6939|1299|7632|150923
559|9002|12555
328840|327727|174|35598|52091
6423|20055|1299|20473|399970
2152|3356|1299|8551|44709
21700|3257|1299|20473|399970
58308|59689|29075|1299|20473|47065|61574
6424|174|56630|209944
20514|1299|3356|8119
58308|6939|1299|21277|212692|208293|50597
328512|5713|174|210329|215728
28917|6939|1299|265780|269815
2497|174|21700|399914
20514|1299|174|204548|215728
40387|1299|3356|1680|44709
59105|2518|1299|198949|35676
327960|174|6453|29208
58308|6939|7018|401291
58308|6939|6830|23520|11081
35598|174|56630|209944
60068|1299|198949|35676
25152|2914|174|204548|215728
34800|58057|50673|174|60068|211571
47147|1299|3356|8772|215536
917|60068|3491|1299|6855|39904|202605
58308|6939|50698
58308|6939|1299|36352|26383
28917|6939|1299|54082|263725|269973
41327|20473|47065|61574
35710|3320|1299|34927|202532
58308|6939|29670|208135
28917|6939|7018|54097
6696|1299|20473|47065|61574
49028|1299|174|37468|61568|266460|61625
58057|50673|174|28283|268744|2716
6424|6762|1299|6855|39904
47147|1299|3356|8119
37497|174|3356|28370|28657
204092|6939|28917|197078
33891|12859|47065|61574
6762|174|56630|209944
29222|6939|29208|44770
51519|39351|174|140227|44324|205369
4601|8298|25091|1299|20473|47065|61574
7594|174|1916|47065|61574
6830|6939|28917|197078
23367|1299|174|3130|47065|61574
58308|6939|1299|5377
2500|2914|1299|6855|39904|47767
34288|1299|6762|16735|273514
50629|6461|394737
6453|1299|1680|20473|47065|61574
553|6939|28917|6789|200702
139317|44324|32595|174|21826|273155
1273|174|52468|271150
47160|174|8551|20473|47065|61574
553|6939|2852|202874
12779|6939|50989|50683
29222|6939|50629|211664
47160|174|399697|39967|399697
58308|6939|12637
1140|24785|6830|3356|28370|53079
1299|37468|52468|271150
139317|44324|32595|174|396986
398465|4826|1299|201814|209896
1140|24785|6830|174|1916|47065|61574
58308|6939|6830|23520|64126|272980
14537|3356|1299|6855|39904|202605
58308|6939|1299|29264
42541|1299|3223|41327
49028|1299|6453|29208
139317|44324|32595|174|200435
140627|1299|29695|206557|208835
139317|44324|32595|174|1916|47065|61574
58308|6939|1299|27947|52468
398465|1299|3356|28370
680|1299|174|37468|61568|266460|61625
41327|6939|28370|269016
20932|1299|20473|201423
680|1299|6855|39904
28917|6939|1299|60068|197103|400903
58308|6939|1299|46887|400164
35598|174|3356|8119
58308|6939|33891|8741
31122|8455|8283|47065|61574
12779|32787|202161
58308|35598|52091|206810|56915
1257|174|204548|215728
38001|3491|174|11432|271150|272738
23367|1299|4230|52654|266493|61625
4601|8298|25091|6453|174|3130|47065|61574
852|174|14840|269288
28917|6939|7018|399756
196621|6939|28917|43714
64475|62255|52091|206810|202279
58299|62255|52091|59815
5405|1299|10490|2722|12148|47065|61574
139317|44324|32595|174|43160|201121
210312|4601|50869|214675|208790
37239|37468|33891|216067|44244
14907|1299|174|210|47065|61574
139317|44324|32595|174|206067
202365|50673|174|3356|28370|268521
12779|6939|2852|212876
12859|7195|28343|2716
20811|52025|212895|210320
22652|1299|34927|202827
58308|6939|28917|47438
44324|32595|174|31404
58308|6939|42184|210035
24961|1299|198949|35676
34800|58057|28917|215730|209693
8283|20764|52091|206810|57164
24785|6830|3356|28370|268521
6908|1299|6855|50698
51873|6830|1299|198949|35676
45049|6696|1299|198949|35676
44324|32595|174|210|47065|61574
6424|6939|28917|198297
56655|1299|174|21700|399914
44324|32595|174|20473|328760
60068|33891|29632|59682
44324|32595|174|206262
32097|32787|202161
28917|6939|1299|60068|197103|200371
64475|62255|52091|59815
139317|44324|32595|174|33480
15605|35598|52091|206810|57460
12859|47311|150249|153176
58308|6939|33891|39257
35008|1299|17676|216211|211575
29680|174|3356|8551|44709
64475|6939|28917|198297
5405|13335|5408
37468|174|6453|29208
37100|1299|6855|39904
7594|3356|1299|198949|35676
50877|5405|1299|60068|197103|212080
29222|6939|41720|198747
148968|1299|6453|19318|209896
41722|12389|174|52468|271150
58308|6939|50629|207252
28917|6939|1299|11179
29504|15935|174|52468|271150
174|3257|20473|47065|61574
15605|20473|47065|61574
28917|6939|1299|38930|207843
39351|174|10490|2722|12148|47065|61574
28917|6939|1299|28852
28917|6939|1299|52468|273190
28917|6939|1299|23520|52286
36994|3356|21320|5408|47065|61574
58308|6939|5405|208208
6424|6939|28917|25386
58308|6939|7018|26153
58308|6939|1299|41897
7594|174|140227|44324|205369
917|60068|174|11432|271150
28917|6939|7018|3423
1299|174|216211|211575
1273|174|60068|216213|205884
266213|3356|1299|6855|39904|199604
57866|6830|60068|211571
58308|6939|1299|11019|29789
577|1299|198949|35676
28917|6939|6830|23520|272935|273948|274204
28917|6939|7018|395500
36924|1299|3223|41327
139317|44324|32595|174|13977|401455
23764|1299|198949|35676
3170|6939|28917|39134|39561|197695|210550
58308|6939|1299|52468|272032
3491|1299|10490|2722|12148|47065|61574
8529|6453|174|399697|39967|399697
44324|32595|174|35598|48108|208626
50629|20764|52091|206810|57982
6830|174|8899
20932|1299|6855|39904|202605
3130|174|5459|200070
44324|32595|174|48266|61112
29075|174|1916|47065|61574
210937|1299|37468|270551|263047
61568|174|3130|47065|61574
35600|35598|52091|206810|34786
28917|6939|29670
41051|58299|33891|216067|44244
28917|6939|263047|267425
12859|49581|209693
28917|6939|1299|60664
28917|6939|1299|939
59919|12779|39801|199881
8758|8220|1299|20473|399970
29691|1299|3223|41327|51580
39351|174|3257|20473|47065|61574
139317|44324|32595|174|13335
48070|6939|28917|47914
29504|39392|174|2914|226|47065|61574
327983|37497|1299|6855|39904|47767
29222|6939|29208|203488
25220|1299|21351|60132
58308|6939|3170|214670
22652|174|210329|215728
210312|4601|50869|41051|17160
139317|44324|32595|174|199297
29632|9002|21320|5408|47065|61574
58308|6939|6830|23520|263248
28917|6939|1299|54829
14907|1299|3257|19318|201813
41722|20764|174|204548|215728
49432|48362|1299|201814|209896
48362|1299|33891|216067|44244
6424|16735|2716
29222|6939|553|212522|20940
12779|35598|52091|206810|214721
12637|174|399697|39967|399697
28917|6461|23352|20473|47065|61574
6667|174|11432|271150|272738
139317|44324|32595|174|53667|401727
58299|62255|52091|206810|12773
7018|3356|22381|267470|263047|264389
139317|44324|32595|174|32440|40189
58308|6939|29208|199350
58308|6939|199095
28917|6939|1299|20473|401896|201640
34927|1299|3356|8772|215536
148968|1299|12956|212721
513|29222|6939|262365
12637|35598|52091|59815|25299
6424|6939|28917|48084|59833
328840|327727|174|35598|25308|28917|9049|51017
7594|174|11432|271150
8888|137409|174|20473|47065|61574
50673|174|5538|8194|29345
51519|39351|174|2914|226|47065|61574
58308|6939|33891|204560
6830|6939|28917|50045
44324|32595|174|44143
57111|174|60068|205884
49788|1299|34927|202532
12389|174|210|47065|61574
6830|6939|28917|39153
58308|6939|7018|36040
199524|1299|60068|216213|205884
139317|44324|32595|174|42313|207502
12637|6939|42695|52011
29691|13030|12859|47065|61574
28917|6939|7018|396912
32590|4637|1299|56504|47674
28917|8359|57304|209693
139317|44324|32595|174|216471
327983|37497|3491|174|3130|47065|61574
47692|33891|37468|270551|263047
4601|50869|214770
29222|6939|35168|197556|206026
34800|58057|50673|174|2914|226|47065|61574
32590|1299|60068|216213|205884
20612|9044|1299|60068|216213|205884
29222|6939|7018|400005
139317|44324|32595|174|46265
12779|13335|400095
28917|6939|39791|47493
44324|32595|174|15695
39122|1299|3356|28370|28657
136557|174|35598|52091|44660
6461|174|52468|271150
58308|6939|1299|60068|396319
49028|1299|6762|16735|273514
1299|32787|202161
174|7311|835|394273
50629|6939|50989
8283|20764|52091|206810|5598
199938|1299|3257|60068|206406|210557
25369|174|216211|211575
58308|6939|1299|45147|63859
559|35598|52091|206810|57460
4775|6453|1299|29695|206557
21700|174|35598|52091|48158
28917|6939|1299|20473|398549|216321
40994|13335|400095
34019|6939|33924
58308|6939|208016
28917|6939|1299|20473|399976
559|35598|52091|206810|39558
204092|6939|28917|47478
20514|1299|6855|39904
57111|41327|19318|209896
8220|1299|6855|39904|47767
264409|174|399697|39967|399697
12779|174|5538|8194|29345
139317|44324|32595|174|57974|266
14630|1299|6855|39904|47767
2497|174|20473|47065|61574
58308|6939|1299|3223|48254
199938|1299|10490|2722|12148|47065|61574
28917|6939|1299|52468|52238
28917|6939|1299|20473|398810
35600|6939|54429
553|7195|28260|270548|52794|52659
55720|3491|174|399697|39967|399697
28917|6939|1299|7843|10796|26072
34288|1299|3356|28370
139317|44324|32595|174|20473|42962|136796
199524|1299|3257|19318|201813
20932|1299|10490|2722|12148|47065|61574
58308|6939|5405|213425|20802
327804|5713|3491|174|37468|61568|266460|61625
16552|1299|3356|28370
139317|44324|32595|174|2731|400488
25160|174|399697|39967|399697
139317|44324|32595|174|395301
41666|20764|52091|206810|8274
971|174|204548|215728
40994|6939|50989
9044|1299|3223|41327
44324|32595|174|54994
24516|174|3356|28370|268521
58299|62255|52091
1299|60068|197103|212080
13237|1299|6855|39904|47767
28917|6939|1299|4226|401734
20932|174|3130|47065|61574
35600|35598|52091|206810|48595
20514|1299|3356|28370
28917|6939|1299|15557|205461
34288|174|20473|47065|61574
45049|6696|5511|174|37468|61568|266460|61625
28917|6939|7018|14858
6696|1299|174|140227|44324|205369
25160|174|204548|215728
204092|6939|50989
28917|6939|1299|263821
8283|6762|1680|44709
8298|8283|3491|216211|211575
58308|6939|6830|31079
4775|1273|174|1916|47065|61574
8426|3257|174|201814|209896
6461|33891|216067|44244
35625|3356|21320|5408|47065|61574
37697|37497|1299|8551|44709
196621|6939|2852|204772
36924|1299|3257|60068|206406|210557
139317|44324|32595|174|37288
559|6939|60432
49028|1299|6453|19318|209896
28917|6939|1299|52025|212895|54891
8220|1299|2914|226|47065|61574
58308|6939|268944
28917|6939|1299|23520|11139|397529
199524|1299|3356|16735|2716
28917|6939|1299|52468|265775
40387|1299|201814|209896
58308|6939|1299|36352|27176
9268|4764|1299|6204|44592|49581|209693
196621|6939|28370|264426
50300|33891|60068|211571
58308|6939|1299|208905|198256
44324|32595|174|57225
57695|917|60068|1299|17676|216211|211575
4601|50869|6939|2852|197451
58308|6939|5405|207137|209854
7018|6939|28370|267608
28917|6939|1299|22773
139317|44324|32595|174|398947|27884
210312|4601|50869|41051|206633
205112|50629|3223|41327|51580
7500|2497|1299|8551|44709
52075|2914|1299|198949|35676
132847|7474|3257|174|3130|47065|61574
29222|1299|20473|201423
6667|2603|21320|5408|47065|61574
23367|1299|8551|44709
4764|1299|56504|47674
4181|1299|174|399697|39967|399697
51185|6762|1299|20473|399970
6424|6939|28917|44056|57629
139317|44324|32595|174|212250|208293|203217|59588
12637|6939|28370|267608
13786|3356|21320|5408|47065|61574
22652|1299|12956|212721
16347|3356|174|20723|2852|202874
5405|28283|268744|2716
139317|44324|32595|174|20278|395092
29222|6939|29208|60218
35600|35625|3356|21320|5408|47065|61574
55222|1299|3356|28370
58308|6939|31263|206207
28917|6939|1299|262206|18809
34549|1299|17676|216211|44324|205369
17639|174|21700|399914
34854|1299|3356|28370|268521
328840|327727|174|22381|267470|263047|264389
20205|1299|6461|394737
140627|1299|56630|209944
49432|48362|1299|3356|28370|28657
1273|174|20723|2852|202874
1140|24785|6830|3356|28370|267556
3214|1299|174|216211|211575
28917|6939|1299|20473|198219
34854|1299|3356|28370|268198
62167|174|3356|28370|28657
21412|9002|21320|5408|47065|61574
58308|6939|5405|198913
37697|3491|174|399697|39967|399697
3170|2603|21320|5408|47065|61574
31510|174|1299|3920|206777
204092|6939|28370|269016
8220|1299|3356|28370|263060
39351|174|3356|28370|268521
58308|6939|35168|21299
58308|6939|1299|14080|269902
206499|34549|1299|56630|209944
5405|6461|210|47065|61574
8220|1299|29695|206557|204503
4601|6939|28917|21453|48149
34927|174|3356|28370|28657
6730|2603|21320|5408|47065|61574
215596|1299|12956|212721
210312|4601|50869|58299|49585
58308|6939|25400
58057|174|3257|21034
34927|1299|37468|270551|263047
12307|29691|1299|3920|206777
28917|6939|1299|5391
28917|6939|1299|208905|198256
12956|174|3130|47065|61574
22652|1299|3356|28370
139317|44324|32595|174|399544
1764|5405|266493|61625
207841|6939|28917|34784
16552|1299|6762|16735|273514
13786|174|20473|47065|61574
20055|1299|6855|39904
60068|33891|44592|49581|209693
41327|1299|20473|201423
48185|1299|6855|50698
28917|6939|1299|23520|14638
28917|6939|1299|23520|272935|274105
58308|6939|1299|61273
31742|174|204548|215728
852|1299|35598|52091|206810
210312|4601|50869|6939|29222|41495
6424|174|60068|197103|212080
15935|6461|6057|28283|268744|2716
139317|44324|32595|174|17451
29222|174|20473|47065|61574
7018|6939|196610
174|3356|9002|12555|48430
58308|6939|1299|199540
8220|1299|6453|60068|216213|205884
56655|1299|3356|16735|273514
58308|6939|1299|31898
40387|1299|6453|4755|7768
6461|1299|34927|202827
6423|20055|1299|29695|206557|204503
34019|6939|30893|13214
45049|6696|1299|56630|209944
12307|29691|1299|6762|267470|263047
327960|327782|5511|174|11432|271150|272738
47147|1299|174|20473|47065|61574
29632|9002|3356|1299|20473|47065|61574
40994|6939|16652
20514|1299|33891|216067|44244
61049|52025|212895|210320
58308|6939|1299|396993|208812
28917|6939|1299|20473|16840
58308|6939|1299|20473|35085
5405|1299|174|37468|61568|266460|61625
41327|174|52468|271150
58308|6939|1299|36137
202365|50673|174|20473|47065|61574
2516|1299|34927|202532
5405|6939|2852|204772
49605|6762|1299|6855|39904|202605
64475|37468|53062|266493|61625
12969|1299|3356|28370|53079
28917|6939|1299|23520|263238|265775
139317|44324|8298|4601|4492
25091|6453|174|3130|47065|61574
58308|6939|47160
12779|35598|52091|206810|211692|214268|196977
29222|6939|6424|134450
58308|6939|553|204680|202539
28917|6939|1299|20473|17138
47692|3356|1299|20473|47065|61574
6830|6939|28917|44812
22652|174|5538|8194|29345
41327|6939|2852|213152
32590|12956|1299|198949|35676
206356|50629|34927|202532
49028|25091|8298|4601|4492
12637|1299|6855|39904
6424|272713|263390|270896
58308|6939|1299|49788|212514|215295
205206|1299|174|399697|39967|399697
52075|8455|8283|47065|61574
5413|1299|6762|267470|263047
58057|34549|1299|6855|39904
44324|32595|174|51110
56655|1299|6762|49666|58224|214805
29222|6939|25400|200139
29222|6939|7018|40289
28917|6939|268624|61823
8280|174|1299|8551|44709
28917|6939|1299|29802
7474|7473|1299|34927|202827
55222|174|60068|211571
202365|50673|174|7311|835|394273
28917|6939|6830|23520|27717|274255
48362|1299|3356|28370|269016
5413|1299|7545|20473|47065|61574
6908|174|11432|271150
266213|3356|174|60068|216213|205884
47147|1299|174|60068|205884
52873|12956|1299|6855|39904|199604
3701|3356|1299|6855|50698
58308|6939|7018|3573
44324|32595|174|33480
3320|1299|1680|20473|47065|61574
139317|44324|32595|174|55410|24023
3170|6939|59970
58308|6939|6830|8560
202365|50673|174|28283|268744|2716
28917|6939|1299|3308|47527
210312|4601|6939|28917|47914
205206|1299|29695|206557|208835
64475|62255|62379
29222|6939|28917|201119
28917|6939|7018|401671
29222|6939|553|204680|202539
44393|394256|174|1299|8551|44709
34927|1299|56504|47674
50629|47311|150249|153176
34177|1299|3356|28370|263963
52075|6762|174|399697|39967|399697
680|1299|20473|47065|61574
29222|6939|39791|49101|211274
28917|6939|1299|23520|262191|266774
553|6939|42695|43101
44324|32595|174|8304
29222|6939|28370
57866|5511|174|37468|61568|266460|61625
34800|29632|9002|21320|5408|47065|61574
28917|6939|1299|20473|398549
28917|6939|1299|52468|274169
28917|6939|1299|8151|272327
139317|44324|32595|174|15121
327960|174|3356|16735|273514
5413|1299|20473|47065|61574
28917|6939|1299|20473|397244
6762|174|210329|215728
58308|6939|199081|209847|26383
58057|50673|174|5459|200070
56655|1299|8551|44709
48070|39326|1299|4213|64260
205206|1299|12956|212721
2497|1299|6855|39904|47767
28917|52320|7162|13878|52468|271150
6730|6830|9002|12555|210827
205206|1299|29695|206557|204503
199524|47311|150249|212001|199376
6057|174|32595|44324
140627|1299|3356|28370|268198
41327|174|22381|267470|263047
50629|6939|42695|52011
266213|3356|1299|6855|39904|202605
2027|2603|21320|5408|47065|61574
34288|1299|3356|8119
59414|6830|174|28283|268744|2716
37739|3491|1299|3920|206777
45352|174|37468|61568|266460|61625
48070|1299|33891|216067|44244
8283|6453|60068|211571
1828|33891|216067|44244
7018|174|204548|215728
12859|6939|30893
213151|41051|58299|61568|266460|61625
196621|6939|28370|267608
559|16276|203019
34927|1299|6855|50698
45049|6696|1299|8551|44709
31510|174|3356|28370|268521
44324|32595|174|7195
8283|6453|19318|201813
51873|6830|174|52468|271150
207841|6939|393682
174|1299|22773|8119
6777|47065|61574
60326|34927|12859|47065|61574
3701|3356|1299|20473|399970
28917|6939|1299|14080|273083
58308|6939|1299|56655|136258
513|174|7195|20473|47065|61574
553|9002|12555|210827
199524|1299|8551|44709
8220|1299|6855|39904
4601|50869|6939|30893|199580
397131|60011|3356|21320|5408|47065|61574
9268|4764|1299|23764|35168|212999
58308|6939|1299|52468|265632
9268|4764|1299|6855|39904|202605
8359|1299|8551|44709
210312|4601|50869|57777
31510|174|3356|16735|273514
6424|272713|263390
44324|32595|174|57933
58308|6939|1299|208905|212644
12859|1299|5511|60068|206406|210557
20080|2914|1299|6855|39904|47767
20253|1299|174|210329|215728
28917|6939|1299|397774
7500|2497|174|34927|202827
28917|6939|1299|31242
16552|1299|25091|8298|4601|4492
12350|1299|3356|28370|268198
28917|6939|1299|57660
210312|4601|7195|20473|47065|61574
6730|6830|3356|28370|263963
34927|56655|1299|174|20473|47065|61574
48070|9304|136237|174|137995|136237
41327|6939|28370|270962
25091|3356|174|3130|47065|61574
6730|6830|3356|3216|51032|41344|39707
8283|3320|6855|39904|202605
35598|174|3257|21034
22652|1299|8551|20473|47065|61574
34927|52025|174|6453|29208
16552|1299|6855|39904|202605
28917|6939|6830|23520|262191|274247
553|62255|52091|206810|208435
20205|174|52468|262393
14907|1299|7545|20473|47065|61574
49028|1299|174|3130|47065|61574
28917|6939|1299|3249|207568
48070|6939|54429
577|1299|20473|47065|61574
6830|3257|210329|215728
58308|6939|7018|11483
34854|1299|6453|19318|201813
58299|62255|52091|206810|12773|44884
37468|174|6762|49666|58224|214805
46450|1299|174|140227|44324|205369
37662|174|12956|212721
16347|1299|12956|212721
20253|1299|13335|400095
2914|6424|44592|49581|209693
206356|50629|8551|20473|47065|61574
207841|6939|28917
3130|174|1299|6939|24796
37239|37468|1299|8551|44709
28917|6939|1299|20473|57848
8280|6762|174|5538|8194|29345
58057|34549|52025|212895|210320
58308|6939|33891|20546
3130|174|10490|2722|12148|47065|61574
199524|3356|1299|6855|39904|47767
204092|6939|30893|13214
28917|6939|1299|31915
44324|32595|18423|137409|6461|1299|9498|18229|132215
398465|1299|37468|270551|263047
513|29222|6939|207487|18607
6730|6830|3356|28370|268521
20253|1299|3356|1680|44709
15943|174|52468|271150
205206|1299|35598|25308|28917|204076
41327|61568|266460|61625
6830|3356|3223|41327|51580
15605|35598|52091|206810|214210
28917|6939|1299|30600
4601|50869|6939|42695|52011
12637|56630|209944
2734|13335|5408
971|174|37468|270551|263047
60068|1299|56630|209944
139317|44324|32595|174|3714|1657
47147|3320|1299|3920|206777
35266|1299|198949|35676
28917|6939|1299|37680|328596
6696|1299|37468|53062|266493|61625
58057|50673|174|1299|20473|399970
6453|1299|6855|39904
58308|6939|1299|8926
21700|174|8551|20473|47065|61574
36924|1299|12859|47065|61574
58308|6939|1299|60068|201207|212238
58308|6939|40994|215472
3216|1273|174|52468|262393
44324|32595|174|270120
196621|6939|30893|204789
55222|1299|3223|34224|12735
139317|44324|32595|174|21826|269946|274117
58308|6939|1299|17676|4725
17639|174|20473|47065|61574
58308|6939|268624|53245
28917|6939|1299|35415|205186
7594|174|35598|52091|206810
28917|6939|1299|34927
2734|32787|202161
28917|6939|1299|23487|27738
51873|24889|13030|21320|5408|47065|61574
6424|1299|6855|39904
34927|52025|174|3356|16735|273514
3333|1257|1299|22773|8119
34019|6939|30893|13214|35634
47147|1299|20473|201423
29222|6939|40994|204136
48070|6939|2852|197451
48362|1299|17676|216211|44324|205369
205206|1299|174|60068|205884
23352|2914|1299|198949|35676
20612|9044|174|60068|205884
917|25369|174|216211|211575
12859|35598|52091|206810|35273
11039|6461|174|20473|47065|61574
29222|6939|207995
3170|6939|2852|199711
28917|6939|1299|21976|40591
3549|3356|174|399697|39967|399697
29075|1299|3356|28370|28657
199524|1299|60068|211571
1280|1299|201814|209896
28917|6939|1299|52468|269955
210312|4601|50869|6939|28370|269016
6830|6939|28370|268521
40994|6939|28917|6789|200702
4601|50869|34019|209523
58308|6939|1299|271
7018|174|11432|271150
58299|62255|52091|206810|197643
2734|142111|152672|174|3491|4229|21859|154049
37739|3491|174|8551|20473|47065|61574
210312|4601|50869|6939|54429|401894
139317|44324|32595|174|212250|208293|203217|54994
57111|41327|7311|835|394273
9900|23764|3356|174|3130|47065|61574
9002|3356|174|3130|47065|61574
15605|35598|52091|206810|214721|204108
394256|174|204548|215728
8220|1299|174|210329|215728
24482|33891|44592|49581|209693
999|6453|174|140227|44324|205369
2027|47160|174|11432|271150
6424|6939|29222|204957
57381|50304|1299|174|20473|47065|61574
29222|6939|31263|206207
8298|8283|3491|209810|207187|205044
2518|1299|6855|39904|199604
4637|33891|216067|44244
28917|6939|1299|23520|10269|264640
28917|6939|1299|8151
12637|20764|202984|35598|25308|28917|204076
140627|1299|6204|44592|49581|209693
48070|28283|268744|2716
47147|3320|1299|13335|400095
58308|6939|6830|23520|272935|267846
58308|6939|25400|50270
25220|33891|216067|44244
28917|6939|3170|203363|212085
6423|20055|1299|3223|34224|12735
202365|50673|174|20723|2852|202874
29504|15935|174|13786|28343|2716
38880|33891|216067|44244
29222|6939|25400|25225
28917|6939|1299|3301|43645
42473|1299|21351|60132
5405|6939|30893|200690
12389|1299|2914|226|47065|61574
25160|174|140227|44324|205369
48070|1299|3223|41327
32590|12956|1299|6855|39904|47767
57111|41327|266493|61625
47147|3320|1299|17676|216211|44324|205369
24785|6830|174|5538|8194|29345
139317|44324|32595|174|62833
199524|37100|1299|6855|39904|47767
37239|37468|33891|60068|211571
5405|7195|20473|47065|61574
4601|6939|28917|44812
42473|1299|6453|1031|61568|266460|61625
56655|1299|198949|35676
58308|6939|1299|3249|31605
30844|5511|1299|3920|206777
39392|174|1299|198949|35676
3214|1299|2914|226|47065|61574
41327|20764|43298|48678|213865
34019|6939|2852|213152
58308|6939|7018|19645
20764|174|1299|20473|47065|61574
58308|6939|33891|15945
4601|50869|6939|30893|205563
35280|6453|174|8551|20473|47065|61574
286|33891|216067|44244
210312|4601|50869|34019|208627
15935|6830|60068|216213|205884
20932|1299|6453|29208
29222|6939|51826
553|6939|60432
6424|6939|2852|199711
49028|1299|6939|28370|268521
3216|1299|6855|39904|47767
7018|1299|10490|2722|12148|47065|61574
58308|6939|5405|49910
28917|6939|1299|20473|402185
20205|174|28283|268744|2716
1836|1299|20473|47065|61574
58299|12859|47065|61574
33891|3223|34224|12735
50877|5405|3216|51032|41344|39707
3170|35598|25308|28917|204076
8283|20764|52091|206810|202497
1140|24785|6830|3356|28370|268198
58511|1299|6855|39904
47160|174|1916|47065|61574
49544|3356|174|60068|216213|205884
12779|22356|28370|273514
47692|3356|1299|10490|2722|12148|47065|61574
5405|6939|2852|213152
6696|1299|56504|47674
20205|1299|2914|226|47065|61574
7713|174|5538|8194|29345
60068|1299|3356|28370|263535
553|1299|6855|39904|47767
29222|6939|7018|395568
553|62255|52091
4601|50869|58299|39910
52320|1299|3356|8119
12779|174|60068|205884
2497|1299|25091|8298|4601|4492
40994|6939|28917|39153
50877|5405|6939|2852
15623|174|1916|47065|61574
41666|20764|52091|206810|56766
9900|23764|3356|174|10490|2722|12148|47065|61574
6908|174|60068|216213|205884
207841|6939|28917|21453|201646
44324|32595|174|41564
49788|1299|16276|203019
29075|33891|216067|44244
553|20764|43298|48678|213865
28917|6939|1299|17293
4601|50869|58299|41051
58057|1836|1299|3920|206777
12779|62255|52091|59815|25299
210937|1299|3356|28370|268521
44324|32595|174|209847|26383
58308|6939|12735|201978|208425
34019|3223|34224|12735
28917|6939|3170|214670
34549|3257|1299|20473|47065|61574
58308|6939|35826|62815
25220|1299|201814|209896
58308|6939|28917|47914
5405|6939|28370|267556
4601|50869|6939|25192|26710
12859|6939|50989
132337|174|22381|267470|263047|264389
41666|20764|52091|206810|39558
6424|6939|33924|198890|57463|34772|35047|5414
34927|174|1916|47065|61574
15605|35598|52091|206810|197643
20912|12637|174|20473|47065|61574
12779|6939|393682
559|37468|60068|216213|205884
28917|6939|1299|20473|211024
48070|1299|6762|267470|263047
58308|6939|33891|44946
44324|32595|174|51561
148968|1299|201814|209896
57695|917|60068|1299|56630|209944
29680|174|11432|271150|272738
199524|137409|12859|47065|61574
44324|32595|174|262901|273630
29140|2603|21320|5408|47065|61574
210937|1299|20473|399970
28917|6939|1299|52468|269853
52873|12956|1299|8551|44709
12779|174|60068|216213|205884
917|60068|174|216211|211575
2734|3257|1299|3920|206777
23764|3356|1299|20473|47065|61574
28917|6939|1299|23520|52468|273102
139317|44324|32595|174|19750
42541|7195|28189|266931|271615|273522|271150
4601|9002|34927|202827
41327|6939|28370|267608
202032|58115|21263
917|60068|1299|25091|8298|4601|4492
39351|1299|3223|34224|12735
199524|1299|3223|41327
16552|1299|174|37468|61568|266460|61625
174|35598|52091|206810|211692|214268|196977
58299|37271|20473|47065|61574
139317|44324|32595|174|20940
8220|3491|174|399697|39967|399697
139317|44324|32595|174|212148
1299|6939|33924
50629|20764|52091|206810|5598
64475|6939|28370|267556
8220|1299|3356|28370|267608
58308|6939|33891|59716
17350|6453|1299|6855|39904
44324|32595|174|206312
28917|6939|1299|20473|208260
30600|174|399697|39967|399697
28917|6939|1299|6503
999|6453|1299|20473|399970
21232|13030|1299|6453|1031|61568|266460|61625
58308|6939|1299|18616
139317|44324|32595|174|59895
58308|59689|29075|12859|47065|61574
12637|6939|50989|48116
6762|1299|201814|209896
28917|6939|1299|7545|133612
12637|6939|29222|513|20940
28917|6939|1299|20473|27715
12779|4601|4492
9044|174|60068|216213|205884
4601|50869|215828|51202|215828
20932|174|216211|211575
204092|30781|1299|20473|399970
6453|174|60068|205884
14315|6453|1299|20473|47065|61574
58308|6939|1299|9009|44239
4601|50869|44324|198304
58057|174|32595|44324
327960|327782|37100|174|140227|44324|205369
8283|12859|47065|61574
49544|2914|174|11432|271150
5405|6939|30893|13214
34019|6939|25192|26710
48070|20764|202984|35598|25308|28917|204076
15576|3356|1299|20473|47065|61574
139317|44324|32595|174|396073
28624|3356|1299|198949|35676
52873|12956|1299|20473|399970
139317|44324|32595|174|53893
49544|18779|174|210329|215728
207841|6939|54429
7474|3257|174|5538|8194|29345
8283|6939|54429
139317|44324|32595|174|58453|9505|135062
13030|1299|60068|216213|205884
28917|6939|1299|393559
206499|34549|1299|33891|216067|44244
58308|6939|1299|54082|263725|274023
7018|6939|2852|197451
12779|6939|54429
139317|44324|32595|174|20473
394256|174|1916|47065|61574
7018|6939|59689
6894|33891|216067|44244
28917|6939|6830|23520|262191|274248
852|1299|29695|206557|205190
39351|174|22381|267470|263047|264389
139317|44324|32595|174|20473|40138
8220|6453|1299|29695|206557
328206|37739|3491|1299|6855|50698
29222|1299|6855|39904|199604
44324|32595|174|273264
28917|6939|1299|25697
50673|174|60068|197103|212080
22652|1299|3223|34224|12735
36924|1299|174|20473|47065|61574
33891|3356|174|399697|39967|399697
394256|174|201814|209896
4601|50869|34019|25057
58308|35598|52091|44660
28917|6939|1299|17072
41327|7195|28189|266931|269250|271150
49605|6762|1299|198949|35676
29222|16276|203019
29222|6939|15605
4601|50869|52025|214508
210312|4601|50869|41051|212488
2027|6696|1299|20473|201423
28917|6939|1299|23033|50131
64475|62255|52091|206810|12773|211692|196629
34927|1299|3223|41327
14907|5511|174|52468|271150
6082|174|140227|44324|205369
57111|41327|3223|34224|12735
34854|1299|174|37468|61568|266460|61625
28917|6939|1299|132168
28917|20764|52091|206810|196638
35600|6939|25192|26710
50300|174|5538|8194|29345
34854|1299|7195|28189|266931|271615|273522|271150
12637|174|140227|44324|205369
12637|6939|29222|204957
6423|20055|3257|33891|216067|44244
207841|6939|28917|39238|49392|34567
28917|6939|1299|6855|47749
58308|6939|1299|60486
139317|44324|32595|174|48519
41327|6461|55081|59678|216096
58308|6939|199081
559|6939|50989|48116
48070|6939|28917|21453
24516|174|35598|25308|28917|9049|51017
35600|1828|12179|393398|3356|1299|23033|50131
35710|4809|1299|20473|399970
34019|47160|174|52468|262393
513|29222|6939|200712
2497|174|52468|271150
7660|2516|1299|29695|206557|205190
139317|44324|32595|174|140577
4601|50869|214675
12969|1299|3356|28370|263963
48919|174|216211|211575
6830|1299|60068|197103|212080
5405|62255|52091|206810|211692|31069
47147|1299|3356|28370|263060
28917|6939|1299|18734|28548
210312|4601|37271|20473|47065|61574
204092|6939|28917|50045
263152|174|3130|47065|61574
60068|174|138997|216211|44324|205369
35598|174|204548|215728
16347|1299|6453|19318|201813
18779|174|210329|215728
34019|37271|20473|47065|61574
4601|50869|59645|216355
20612|9044|174|22381|267470|263047|264389
12586|3257|3356|21320|5408|47065|61574
58308|6939|29208|60218
50877|5405|6939|28370
61568|6762|1299|6855|39904
209|3356|174|140227|44324|205369
199524|1299|917|214598
25160|174|216211|211575
6762|174|20723|2852|202874
12969|1299|174|14840|269288
16347|1299|6855|39904|199604
196621|6939|30893|199580
7018|6453|29208
28917|6939|1299|20473|214772
47160|6939|25192|29067
136557|174|3257|8551|44709
28917|6939|1299|20473|202986
39122|1299|3356|28370|263535|268030
50629|20764|52091|59815
58308|6939|1299|31242|198050
8283|6453|60068|197103|212080
577|1299|12859|47065|61574
35600|6939|29222|513|20940
6762|1299|6855|39904|202605
35600|30781|1299|6855|39904|202605
139317|44324|32595|174|40676
35369|1764|174|52468|271150
196621|6939|30893|13214
28917|6939|198101
28917|20764|52091|59815
29222|6939|7018|2386|11873
58308|6939|39791|49101|51449
6696|1299|8551|44709
17350|6453|1299|6855|50698
37697|3491|174|210329|215728
12969|1299|174|22381|267470|263047|264389
262427|174|21320|5408|50148
35008|1299|3356|21320|5408|50148
28917|2603|21320|5408|47065|61574
5405|6939|58308
28917|6939|2852|210498
12637|137409|48011|25184|49801|204533
28917|6939|1299|20773|44273
15935|174|22381|267470|263047
52873|12956|174|210329|215728
58308|6939|28370|264426
139317|44324|32595|174|206310
35600|30781|1299|8551|44709
2497|174|52468|262393
58308|6939|6830|60068|51191
5405|6939|25192|20701
8283|6939|28370|264426
44324|32595|174|53667|44421
58308|6939|6830|23520|264821|271799
1299|6855|39904|199604
34800|58057|50673|174|399697|39967|399697
206356|50629|20473|47065|61574
210312|4601|50869|6939|30893|205563
4601|50869|215828
50629|20764|52091|206810|39089
4230|33891|216067|44244
14315|6453|1299|6855|39904|47767
34927|1299|6855|39904
29222|6939|202585|215842
44324|32595|174|17185
1140|24785|6830|3356|16735|273514
8283|3491|209810|207187|207242
57695|917|60068|174|6461|394737
6730|6830|3356|8551|20473|47065|61574
16552|37100|6762|174|37468|61568|266460|61625
49432|48362|1299|3356|28370|267608
559|35598|52091|206810|56766
139317|44324|32595|174|2149
49605|6762|1299|6855|39904|47767
3130|174|60068|205884
28792|3257|5405|8943|200636
47232|174|6453|29208
58308|6939|33891|47147|197540
210312|4601|7195|11432|271150
917|60068|33891|29632|59682
202365|50673|174|7195|20473|47065|61574
51088|2914|174|399697|39967|399697
205206|1299|37468|52468|271150
28917|6939|1299|20115
4601|50869|41051|212184
29222|6939|25400
328840|327727|174|21320|5408|50148
58299|206813|9136|1299|20473|206946
11039|6461|1299|201814|209896
205206|1299|174|37468|61568|266460|61625
328840|327727|174|35598|25308|28917|204076
12859|2603|21320|5408|50148
58308|6939|7018|46488
1140|33891|216067|44244
16552|37271|33891|216067|44244
29222|6939|553|34878|58069
196621|6939|28917|48084|35816
6424|6939|29222|41495
139317|44324|32595|174|401486
151326|174|12956|212721
2497|174|20723|2852|202874
28634|4230|1299|8551|44709
199938|1299|174|140227|44324|205369
209|3356|174|20723|2852|202874
34019|6939|2852|202874
12969|1299|20473|399970
50628|1299|6762|267470|263047
34549|6424|44592|49581|209693
17350|2914|174|20473|47065|61574
6908|174|10490|2722|12148|47065|61574
64475|6939|25192
210312|4601|50869|58299|209898|199553|211894
51088|8455|1299|60068|216213|205884
199524|1299|3223|41327|51580
3257|174|1916|47065|61574
3130|174|3257|19318|209896
6424|33891|216067|44244
44324|32595|174|33182
216285|8280|6762|174|210|47065|61574
50628|6453|174|399697|39967|399697
204092|6939|28917|6789|203561
4601|50869|52025|214347
58511|1299|20473|201423
29680|174|60068|216213|205884
37468|174|5538|8194|29345
58308|20473|30893
35369|5405|4601|4492
28917|6939|1299|31242|198050
15605|6939|28370
58308|59689|30781|1299|6855|39904|199604
139317|44324|32595|174|20986
14907|1299|3223|41327
21232|15576|35598|52091|206810
60068|1299|12859|47065|61574
8426|3257|174|5538|8194|29345
37468|174|11432|271150
6894|174|60068|197103|212080
34288|1299|12956|212721
28917|6939|1299|51834
28917|6939|1299|20473|53966
34019|1680|44709
8280|6762|174|56630|209944
139317|44324|32595|174|25509
29222|6939|29208|20708
553|6939|50989|205966
57866|1299|34927|202532
12637|6939|2852|48091
42541|62255|52091|206810|211692|214268|196977
1299|6453|19318|201813
5405|6939|54429|401894
852|1299|8551|20473|47065|61574
6830|6939|28370|267556
24482|33891|60068|211571
553|6939|30893|13214
17660|2914|1299|6855|39904|199604
39122|174|216211|211575
49028|1299|60068|216213|205884
28917|6939|7018|30232
58308|6939|1299|9146
5405|6939|30893|199580
58308|6939|553|204680|202329
8283|20764|52091|206810|197960
29504|15935|174|6453|4755|7768
50629|20764|52091|206810|34786
58308|6939|33891|211319
3701|3356|1299|198949|35676
3170|6939|28917|21453|201646
34019|6461|394737
6830|3356|28370|263060
2027|6696|1299|20473|47065|61574
174|28283|268744|2716
58308|6939|1299|20473|51191
15935|174|3356|28370|28657
28917|6939|1299|20473|203913
3170|6939|54429|401894
7018|174|3130|47065|61574
58308|6939|42184|49552
37739|3491|174|3130|47065|61574
6830|7195|20473|47065|61574
49028|1299|6939|54429
48070|6939|50989|33837
34854|1299|201814|209896
58308|6939|1299|58065
39392|174|140227|44324|205369
23367|1299|37468|52468|271150
8220|1299|174|399697|39967|399697
8283|20764|52091|206810|24881
6453|174|14840|269288
6424|174|210|47065|61574
12637|6939|2852|198500
44324|32595|174|46455|12056
47147|1299|16276|203019
28917|6939|1299|20473|401896|201640|213413
199524|1299|20473|201423
199524|1299|3356|28370|263963
58308|9002|12555
42541|62255|52091|206810|24881|24697
56655|1299|6453|19318|201813
35600|6939|28917|50045
16552|3257|174|20473|47065|61574
44324|32595|174|212250|208293|203217
136557|174|3130|47065|61574
23352|2914|174|20473|47065|61574
34019|8551|44709
139317|44324|32595|174|263237|266830|28120
58308|6939|52927|267933
15623|1299|20473|399970
6730|6830|174|28189|266931|269250|271150
205206|1299|6855|39904|199604
48070|6939|2852|199711
58308|6939|48678|213407
28917|6939|1299|39869|59491
28917|6939|1299|197690
9002|1299|8551|20473|47065|61574
58308|6939|6830|23520|273189
58299|62255|52091|206810|196638
12779|6939|25192|20701
3399|28917|215730|209693
44324|32595|174|26801
196621|58115|21263|30791
34019|29169|174|20473|47065|61574
394256|174|399697|39967|399697
1273|1299|3920|206777
42473|1299|174|1916|47065|61574
40994|174|52468|262393
28917|6939|1299|39386|24429
32590|174|32595|44324
52025|137409|48011|25184|49801|204533
1764|174|216211|211575
263237|174|3491|20473|47065|61574
132337|1299|20473|399970
12779|3257|1299|6855|39904
3170|6939|42695
31510|174|52468|271150
271253|6453|1299|20473|47065|61574
136557|174|60068|205884
132825|174|13335|5408
39392|33891|17676|216211|44324|205369
47147|1299|6855|39904|202605
4764|174|14840|2716
199938|1299|3356|28370|264426
15605|35598|52091|206810|34786|34789|34786
28917|6939|29670|213674
39351|174|1916|47065|61574
4601|50869|6939|2852|197277
58308|6939|1299|42303
2500|2914|1299|8551|44709
42541|62255|25308|28917|9049|51017
207841|6939|200303
1764|1299|8551|44709
29680|174|1916|47065|61574
28917|6939|1299|52468|273034
971|174|20723|2852|202874
3491|1299|198949|35676
7018|174|52468|271150
29169|174|216211|211575
151326|174|35598|52091
14315|174|20723|2852|202874
51184|1764|174|210329|215728
36924|1299|37468|270551|263047
58308|6939|1299|265780
12637|1299|6855|39904|205968
213151|34549|1299|3223|41327|51580
60068|174|3130|47065|61574
28917|6939|59970
5405|62255|62379
37468|174|60068|205884
28917|6939|56595|202590
55222|1299|7195|28260|270548|52794|52659
29222|6939|62000|198831|215784
58299|62255|52091|206810|202279|213203
25152|2497|174|37468|61568|266460|61625
139317|44324|32595|174|12843
199524|174|3257|19318|209896
25152|6939|1299|20473|47065|61574
3170|6939|28370|28657
553|1299|3356|8119
14907|1299|33891|216067|44244
57381|50304|1299|174|216211|211575
32590|1299|12956|212721
3320|1299|3216|51032|41344|39707
28917|6939|1299|23520|28545
28917|37468|52468|262393
207841|6939|28917|50045
40994|6939|28917|48084
327782|37100|174|5538|8194|29345
24785|6830|174|3130|47065|61574
4601|50869|41051|214763
57777|8298|8283|3491|209810|207187|205345
48070|20764|43298|48678|213865
12637|6939|54429
6424|14840|269288
32590|1299|8551|20473|47065|61574
210312|4601|6939|28917|6789
3741|33891|60068|211571
55222|174|21320|5408|50148
20205|1299|20473|47065|61574
6082|174|3130|47065|61574
136557|174|6453|29208
42473|1299|60068|211571
20253|1299|34927|202532
20932|174|210|47065|61574
24516|174|21320|5408|50148
64475|6939|24796|63293
14907|1299|12859|47065|61574
37271|2603|21320|5408|47065|61574
553|1299|10490|2722|12148|47065|61574
44324|32595|174|11900
50304|1299|3356|28370|268198
59414|6830|9002|12555|198070
52025|174|3356|16735|2716
41327|1680|44709
8529|33891|60068|211571
28917|6939|1299|52468|266894
28917|6939|1299|29551|202701|200486
28917|6939|1299|20473|19451
28917|6939|1299|34628|34652
57111|41327|174|22381|267470|263047|264389
28917|6939|1299|62874|50495
28917|6939|62000|208226
28917|6939|1299|52468|28461
3170|6939|28917|50009
7018|3356|1680|44709
58057|34549|174|216211|211575
20253|1299|6855|39904|47767
34927|1299|20473|399970
20253|1299|4230|52654|266493|61625
559|6939|393682
41327|6939|60432
6696|1299|7545|20473|47065|61574
12586|3257|174|210|47065|61574
28917|6939|1299|201216
20932|1299|20473|47065|61574
15935|33891|44592|49581|209693
35426|215596|1299|12956|212721
37105|37662|174|201814|209896
28917|6939|1299|9829
207841|6939|30893|200690
2914|1299|6939|24796|63293
553|174|21320|5408|47065|61574
4826|1299|60068|211571
29691|1299|174|22381|267470|263047|264389
6730|6830|1299|3920|206777
45049|6696|1299|3356|8772|215536
58308|6939|5405|214895
35426|33891|44592|49581|209693
6830|174|20723|2852|202874
47147|1299|174|21320|5408|47065|61574
44324|32595|174|140577
64475|6939|28917|6789|200702
12969|1299|6855|50698
3130|174|35598|25308|28917|204076
28917|6939|62000|198825
58308|6939|6830|23520|27665|27789
13830|971|174|210329|215728
58308|6939|1299|46161
45049|6696|1299|20473|201423
41666|22356|52468|271150
35600|16276|203019
204092|50263|201814|209896
216285|8280|6762|174|3130|47065|61574
58299|6830|60068|211571
63927|1299|3356|8119
20205|1299|29695|206557|205190
58308|6939|1299|27947|272819
20912|174|210329|215728
16552|3257|174|140227|44324|205369
6730|6830|5511|49666|58224|214805
1299|7195|11432|271150
5405|6939|2852|210498
34019|6939|200070
58308|6939|7018|394102
262427|174|210329|215728
210937|1299|3356|28370|263535|268030
559|62255|62379
999|6453|174|60068|205884
31510|174|1299|6855|39904
553|6939|28370|267556
58308|35598|52091|206810|24881
63927|1299|174|60068|205884
29504|39392|174|1299|20473|47065|61574
39351|174|3257|19318|209896
49028|1299|2914|226|47065|61574
44324|32595|174|53667|215502
51088|8455|1299|6855|50698
28917|6939|1299|20473|153057|153170
2500|2914|174|11432|271150|272738
28917|6939|1299|9299|20940
55720|2914|1299|35598|52091|206810
51184|47692|33891|20473|47065|61574
513|174|3257|21034
64475|6939|28917|48084|59833
37739|3491|174|11432|271150
559|35598|52091|206810|34786|34789|34786
327727|174|3356|3223|34224|12735
1031|999|6453|174|8551|20473|47065|61574
64475|6939|2852|210498
2497|174|60068|205884
5405|62255|52091|206810|24881
40994|6939|24796
29222|6939|215085|207682
28917|6939|1299|6758|33874|14789
3257|1299|20473|399970
559|6939|54429
59890|174|399697|39967|399697
28917|6939|1299|58453|9808|2010
20253|1299|6453|19318|201813
3741|174|1299|6855|39904
59105|9370|2497|174|52468|262393
12859|35598|52091|59815|25299
64475|62255|52091|206810|214218
327960|327782|37100|174|5538|8194|29345
16552|1299|60068|216213|205884
12350|1299|3356|28370|28657
29680|3257|1299|20473|47065|61574
37662|174|52468|271150
8660|1267|1299|174|204548|215728
28917|6939|1299|46261|46978
12956|1299|6855|39904|199604
2914|3356|21320|5408|47065|61574
13237|1299|37468|270551|263047
62167|174|399697|39967|399697
58308|6939|6424
56655|1299|174|210329|215728
34854|1299|60068|197103|212080
8660|1267|1299|20473|399970
57821|12586|3257|174|20473|47065|61574
12956|174|20473|47065|61574
29691|1299|174|210329|215728
3549|3356|1299|20473|399970
28917|6939|1299|200217
32590|12956|1299|6855|39904|202605
3170|6939|2852|200874
50304|1299|21351|60132
559|20473|47065|61574
20080|2914|174|204548|215728
44324|209022|52025
48185|1299|3257|19318|201813
15935|174|28189|266931|269250|271150
49028|1299|7195|28189|266931|269250|271150
48070|1299|3491|216211|211575
29075|174|20473|47065|61574
21412|174|140227|44324|205369
8283|50263|201814|209896
28917|6939|1299|2280
29222|6939|29208|209135
198385|174|1916|47065|61574
12586|3257|174|3130|47065|61574
56987|1299|20473|399970
41666|12859|47065|61574
61568|174|60068|216213|205884
58308|6939|59970
15935|174|3257|60068|206406|210557
6730|6830|3356|8119
44324|32595|174|207096
58308|6939|6424|46516
16552|1299|174|60068|205884
6424|6939|28917|8926|41221|207164
553|48284|8220|1299|20115|22677|208527
199524|3356|21320|5408|47065|61574
394256|174|60068|197103|212080
210312|4601|50869|6939|50989|50683
852|174|11432|271150|272738
6730|6830|174|1916|47065|61574
680|2914|174|5538|8194|29345
28917|6939|1299|20473|899
196621|9002|34927|202827
34927|1299|174|399697|39967|399697
6082|2914|1299|198949|35676
8455|1299|174|60068|205884
199938|1299|3223|41327|51580
58308|6939|1299|199524|62553|205941
28917|6939|1299|201035
8220|1299|6453|1031|61568|266460|61625
44324|32595|174|20473|47065
6720|1764|174|60068|216213|205884
20205|1299|7545|20473|47065|61574
8220|1299|8551|44709
20932|12859|47065|61574
19151|2914|1299|20473|47065|61574
327727|174|56630|209944
3257|174|3130|47065|61574
31510|174|1299|8551|44709
7594|174|37468|53062|266493|61625
215596|1299|3223|34224|12735
139317|44324|32595|174|13580
28917|6939|1299|27947|272819
28917|6939|1299|208905|206815
3356|1299|34927|202532
139317|44324|32595|174|53667|215832
41327|6939|30893
48070|6939|28917|39134|39561|197695|210550
58308|6939|8943|43915
15576|174|20473|47065|61574
8455|1299|60068|197103|212080
398465|4826|15412|33891|216067|44244
210937|1299|174|210329|215728
45049|6696|1299|37468|53062|266493|61625
29222|6939|35133
8529|1299|60068|197103|212080
327804|5713|12859|47065|61574
58057|50673|174|1299|20473|201423
12586|3257|1299|20473|201423
213151|34549|174|22381|267470|263047
6830|3356|8772|215536
24516|3491|1299|198949|35676
15935|174|399697|39967|399697
28917|6939|1299|44273
2497|1299|42303|51701|30893
4601|50869|6939|15372|203592
12859|22356|28370|273514
3320|174|52468|262393
210937|1299|174|60068|205884
210312|4601|50869|58299|48971|208200
210312|4601|50869|34019|25057
210937|1299|201814|209896
58308|6939|6830|23520|273157
28917|6939|1299|7342
42541|62255|52091|206810|202279|213203
210312|4601|50869|52025|212895
41722|12389|174|60068|205884
23673|3356|174|210329|215728
23673|9900|23764|3356|174|20473|47065|61574
4637|1299|56504|47674
210312|4601|9002|8772|396416
62167|174|210329|215728
58308|35598|52091|206810|39558
5392|3356|174|399697|39967|399697
47160|6939|30893|200690
1836|33891|216067|44244
139317|44324|32595|174|14148
4601|50869|41051|203226
139317|44324|32595|174|984
48070|6939|28917
8220|1299|29695|206557
36924|1299|174|1916|47065|61574
196621|58115|21263|203293
58308|6939|15935
48919|174|10490|2722|12148|47065|61574
25091|6453|174|399697|39967|399697
7018|3356|3223|41327|51580
513|174|52468|271150
58308|6939|7018
16552|1299|3356|28370|267556
2500|2914|174|204548|215728
34854|1299|3356|28370|267608
28917|6939|1299|43893
140627|1299|3223|41327
513|174|3257|20473|47065|61574
513|29222|6939|52927|267933
34854|1299|37468|53062|266493|61625
42473|1299|17676|216211|44324|205369
196621|6939|25192|20701
559|6939|33924
6830|3356|28370|267608
8426|6777|56630|209944
41722|12389|174|21320|5408|47065|61574
58308|6939|207767
30844|33891|44592|49581|209693
1403|577|1299|34927|202532
28917|6939|6830|6730|213081|211535
398465|1299|3356|28370|263963
58308|6939|2852|202874
210312|4601|6939|28917|48084|35816
17350|6453|1299|60068|216213|205884
28917|6939|1299|262223
28917|6939|1299|52468|266728
174|35598|25308|28917|204076
2516|6939|1299|20473|47065|61574
18106|21320|5408|47065|61574
58308|6939|40994
917|60068|174|204548|215728
58308|6939|29670|48387
57821|12586|3257|1299|34927|202532
31742|1299|3356|28370
57381|50304|1299|6453|29208
56655|1299|17676|216211|44324|205369
327782|37100|2603|21320|5408|47065|61574
50628|1299|6939|28370|268521
12307|29691|1299|6453|29208
5413|1299|6855|50698
60068|174|34927|202827
42541|56630|209944
198249|13030|1299|20473|47065|61574
5511|1299|20473|47065|61574
139317|44324|32595|174|61097
31742|1299|3920|206777
25152|2914|174|210329|215728
215596|1299|3257|19318|201813
44324|32595|174|40727
25091|5511|174|20473|47065|61574
42541|31133|12389|28917|8905|42132|56779
34927|52025|174|3356|16735|2716
5405|6939|28370|28657
513|6730|6830|174|37468|61568|266460|61625
204092|6939|29222|41495
3701|3356|1299|34927|202532
49432|48362|1299|33891|216067|44244
28917|6939|1299|23118
266213|3356|1299|3920|206777
57381|50304|1299|3356|28370|28657
58308|6939|56595|215742
8283|35598|52091|48158
35600|35598|52091|206810|12773|47809|59478
6424|6939|28917|39238|51408
28917|6939|1299|20473|205058
513|174|1299|198949|35676
37239|37468|33891|44592|49581|209693
13030|1299|3920|206777
28917|14840|269288
327983|37497|3491|1299|198949|35676
32590|4637|3257|1299|34927|202532
28917|6939|1299|47169
327960|174|35598|52091
48185|1299|7545|20473|47065|61574
34177|33891|216067|44244
199524|6762|1299|20473|47065|61574
48362|1299|6762|16735|2716
12859|6939|33924
13237|33891|60068|211571
12859|137409|48011|25184|49801|204533
48919|174|1916|47065|61574
33891|216067|44244
139317|44324|32595|174|208765
28917|6939|1299|209551
44324|32595|174|400702
41327|6939|30893|205563
31742|174|3257|21034
35266|1299|35598|52091|206810
20253|1299|32787|202161
216285|8280|6762|2914|12859|47065|61574
58057|50673|174|3356|28370|28657
206499|34549|1299|3223|34224|12735
31742|1299|35598|52091|206810
58057|50673|174|3356|8119
553|6939|2852
3741|174|204548|215728
559|25180|1299|198949|211049
28917|6939|1299|3301|25252
553|174|216211|211575
204092|6939|28917|39134
29222|6939|39791
28917|6939|1299|60051|208293|203214
58308|6939|33891|62359
216285|8280|6762|1299|8551|44709
58308|6939|1299|19551
8283|20764|52091|44660
35369|8218|21320|5408|47065|61574
28917|6939|1299|210021|14789
28917|6939|1299|25899|26793
136557|174|28189|266931|271615|273522|271150
58299|62255|52091|206810|48595
209650|34927|1299|3356|28370|53079
34177|3356|1299|8551|44709
7594|174|52468|262393
50304|1299|174|60068|205884
63927|1299|8551|20473|47065|61574
28917|6939|1299|21351|886
29691|33891|44592|49581|209693
28917|6939|1299|13999
132337|174|399697|39967|399697
210312|4601|6939|28917|206011
28917|6939|1299|201589
15935|174|52468|262393
47147|1299|6939|30893|204789
25091|1299|3223|34224|12735
42473|1299|174|399697|39967|399697
57866|6830|33891|216067|44244
35600|6939|28370|268198
577|174|399697|39967|399697
6720|1764|174|204548|215728
202365|50673|174|210|47065|61574
58308|6939|1299|52468|23031
15935|174|1299|22773|8119
3170|13335|400095
29222|6939|8194|12509
6461|174|60068|205884
50673|174|3356|28370|268521
263237|174|1299|3920|206777
196621|32787|202161
44393|394256|174|22381|267470|263047|264389
7018|3356|28370|264426
199524|1299|7195|20473|47065|61574
37468|2914|174|32595|44324
58308|29075|174|399697|39967|399697
4601|6939|28917
199524|1299|6762|16735|273514
20080|2914|12859|47065|61574
1299|174|210329|215728
28917|6939|1299|62874|204646
44324|32595|174|39063|29108
4826|1299|60068|216213|205884
60326|34927|1299|20473|47065|61574
6453|1299|20473|399970
204092|6939|42695|52011
58308|6939|28917|43714
29680|174|11432|271150
57381|50304|1299|174|210329|215728
49028|1299|3356|28370|263060
46450|1299|6855|39904
4601|50869|52025|53723
49544|2914|174|20473|47065|61574
28917|6939|1299|23520|46650|401400
1280|1299|12956|212721
12859|1299|6855|39904
41327|6939|15372
20253|1299|7545|20473|47065|61574
29140|174|399697|39967|399697
8455|1299|20473|201423
139317|44324|32595|174|53366
58057|174|7545|20473|47065|61574
28917|6939|1299|52468|273883
271253|6453|174|8551|20473|47065|61574
28917|6939|1299|21277|210767
6424|6939|54429|401894
35426|215596|1299|6453|4755|7768
28917|6939|1299|20473|48231
917|25369|174|11432|271150|272738
31742|1299|12859|47065|61574
58299|62255|52091|206810|211692|214268
14315|2914|174|3130|47065|61574
271253|6453|174|14840|269288
28917|6939|48678|209737
28917|6939|1299|20473|204844
8283|6762|16735|266931|269250|271150
327960|174|1299|8551|44709
271253|174|35598|25308|28917|204076
37497|3491|174|210|47065|61574
11039|6461|1299|35598|52091|206810
28917|6939|1299|14080|274030
28917|6939|1299|11889
13830|971|174|35598|25308|28917|204076
58308|6939|15962|21433
210312|4601|6939|28917|9110
47957|3356|1299|20473|47065|61574
196621|6939|59970
58308|6939|29208|206785
58308|6939|33891|42008
210312|4601|50869|41051|215795
6423|20055|1299|3223|41327|51580
28917|6939|1299|3308
20253|1299|10490|2722|12148|47065|61574
21412|174|1916|47065|61574
42541|62255|52091|206810|8274
2734|20473|47065|61574
47147|1299|174|60068|216213|205884
29222|6939|199081
41666|20764|52091|206810|208435
202365|50673|174|1299|20473|399970
58057|50673|174|204548|215728
28917|6939|1299|17072|278
4601|50869|52025|212895|215459
58308|6939|5405|200209
44324|32595|174|61407
58308|6939|64475
39351|1299|3356|16735|273514
139317|44324|32595|174|21859|62610
12859|1299|7545|20473|47065|61574
29479|50304|1299|22773|8119
35369|1764|174|20473|47065|61574
58308|6939|30893|199580
2518|1299|6855|39904|202605
50300|33891|216067|44244
559|20965|5408|47065|61574
28917|6939|1299|8764
327960|174|3491|20473|399970
50877|5405|6939|30893
40994|6939|30893|205563
28917|6939|1299|23520|46650|13335
58308|6939|1299|20473|398549
29222|6939|200462
47692|33891|3356|174|399697|39967|399697
29222|6939|3170|215066
139317|44324|32595|174|395748
971|174|1299|6855|39904|47767
24785|6830|3356|28370|53079
12779|6939|29222
328840|327727|174|3356|3223|34224|12735
60068|1299|3356|28370|267608
31742|1299|3223|41327|51580
12859|1299|6453|29208
53828|2914|174|21320|5408|47065|61574
7018|174|60068|205884
58308|6939|15935|198284
39122|174|210329|215728
559|1680|44709
11039|6461|1299|198949|35676
50304|1299|6855|39904
28917|6939|25192|26710
140627|2914|174|3130|47065|61574
6720|1764|1299|174|37468|61568|266460|61625
58308|6939|1299|20473|151361
42541|31133|12389|28917|8905|42132
45352|174|210329|215728
57381|50304|1299|3356|16735|273514
210312|4601|50869|58299|41051
1031|8455|8283|47065|61574
35266|3257|5405|8943|200636
210312|4601|8298|25091|6453|174|20473|47065|61574
139317|44324|32595|174|9457
34927|52025|1299|6855|39904|199604
58308|6939|1299|36352|55286
60068|33891|3920|206777
28917|6939|1299|48620
15935|174|3356|1680|44709
139317|44324|32595|174|22361|400097
7594|174|28189|266931|271615|273522|271150
28917|6939|1299|10396|394590
35600|6939|24796
2734|3257|174|399697|39967|399697
1299|3356|22381|267470|263047|264389
28917|6939|1299|59796|39010
2497|174|34927|202827
12859|264409|61832|266460|61625
1140|24785|6830|174|399697|39967|399697
139317|44324|32595|174|27258|399252
8218|6461|174|1916|47065|61574
34549|2603|21320|5408|47065|61574
22652|174|21320|5408|50148
2734|20473|30893
28917|6939|1299|20144
38880|1299|6453|4755|7768
196621|6939|28917|39238|49392|9098
28917|6939|7018|2386|30313
12779|6939|30893|199580
206356|50629|1299|20473|201423
199524|174|138997|216211|44324|205369
8220|1299|201814|209896
28917|6939|1299|20473|208679
58308|6939|1299|3249|43937
25160|1299|6939|24796|63293
394256|174|20473|47065|61574
23367|1299|6204|44592|49581|209693
5511|174|8551|20473|47065|61574
58308|6939|28917|35539
58308|6939|1299|52468|269853
28634|4230|1299|6855|39904|199604
29222|6939|196610
28917|6939|1299|208905|208666
58057|1836|174|52468|271150
139317|44324|32595|174|63154
5405|6939|2852|197451
8283|6939|15372
398465|1299|6762|267470|263047
215596|1299|1680|20473|47065|61574
15547|174|6453|4755|7768
207841|6939|28917|39238|51408
42541|62255|52091
58308|6939|1299|46475|59730
7018|3356|16735|266931|269250|271150
28917|6939|1299|12189|400672
49788|174|20473|47065|61574
58308|6939|6830|23520|11139
58308|6939|48678|47951
6424|174|10490|2722|12148|47065|61574
209823|33891|216067|44244
45049|6696|33891|216067|44244
35280|6453|174|5538|8194|29345
559|35598|52091|206810|39089
209650|34927|1299|3356|28370|264426
58308|6939|1299|51290
327960|174|399697|39967|399697
40387|1299|3223|41327
47147|1299|56504|47674
49432|48362|1299|6453|19318|209896
44324|32595|174|33544|22729
58308|6939|7018|22056
30600|1299|6855|39904|47767
44324|32595|174|44372
207841|7195|28260|270548|52794|52659
4826|1299|198949|35676
199524|1299|3356|28370|53079
6830|6939|28917
23673|3491|174|28189|266931|269250|271150
35369|1764|174|60068|216213|205884
25160|174|201814|209896
4601|50869|41051|198209
136557|174|3257|25091|8298|4601|4492
6894|174|13335|5408
151326|174|204548|215728
58308|6939|6830|23520|264813
2497|174|60068|211571
58308|6939|1299|24429
28917|20764|52091|206810|214721
29222|6939|52838
50304|1299|6453|4755|7768
139317|44324|32595|174|204979
196621|6939|28917|50923
139317|44324|32595|174|394634
29222|6939|263047|264389
35280|1299|10490|2722|12148|47065|61574
5511|174|140227|44324|205369
204092|6939|2852|199711
12389|1299|60068|216213|205884
28917|20764|52091|206810|57164
6424|6939|24796|63293
7594|174|35598|25308|28917|204076
3549|3356|1299|33891|216067|44244
12637|6939|42695
42473|1299|8551|20473|47065|61574
28917|6939|1299|136468
49605|6762|174|20723|2852|202874
39120|174|210329|215728
23367|1299|37468|52468|262393
55222|174|3356|8119
3257|1299|6939|24796|63293
28917|6939|1299|20473|398883
1299|3257|21700|399914
13786|174|60068|205884
15562|2914|1299|198949|35676
20130|23352|2914|174|20473|47065|61574
28917|6939|1299|140224
50877|5405|6939|2852|200874
132825|174|201814|209896
4181|1299|3356|14840|269288
34288|1299|6855|39904|199604
21412|1299|3920|206777
199524|174|11432|271150
14537|174|20473|47065|61574
29222|6939|7018|25996
41722|12389|1299|20473|201423
24785|1299|60068|197103|212080
12350|1299|3356|28370|263060
41666|20764|52091|206810|12773
58308|6939|1299|208905|208666
12779|35598|52091|206810|56915
34800|58057|50673|174|3257|60068|206406|210557
204092|6939|28917|9110
42541|1299|8551|44709
140627|2914|174|204548|215728
18106|28917|215730|209693
28917|6939|41720|58180
58057|174|3491|20473|47065|61574
35280|1299|6855|50698
12859|1299|3257|19318|201813
44324|32595|174|201050
4601|50869|41051|209552
34927|60011|3356|1299|6855|39904|202605
35598|1299|3223|41327|51580
199524|6762|174|20473|47065|61574
58299|174|60068|216213|205884
58308|6939|1299|28852
41327|6939|24796
6696|1299|8551|20473|47065|61574
559|35598|52091|206810|48687
577|6830|60068|216213|205884
198385|15576|3920|206777
12859|2603|21320|5408|47065|61574
55222|174|22381|267470|263047
17660|6453|174|50509|51032|41344|39707
2734|16735|2716
12779|6939|29222|204957
139317|44324|32595|174|37649
209|3356|1299|22773|8119
41666|33891|216067|44244
206356|50629|13335|400095
210312|4601|50869|41051|201423
41327|6830|60068|216213|205884
58308|6939|203059
44324|32595|174|7203
327727|174|14840|269288
174|60068|216213|205884
3170|6939|29222|513|20940
44324|32595|174|8452|24835
15605|35598|52091|48158
553|62255|52091|206810|48595
29222|1299|6855|39904
58057|174|140227|44324|205369
6424|6939|28917|39134|39561|197695|210550
4601|50869|59645
327727|174|37468|270551|263047
29504|15935|174|28189|266931|269250|271150
210312|4601|52320|7162|13878|52468|271150
15623|174|56630|209944
202365|50673|174|3356|8119
64475|62255|52091|206810|211692|31069
58299|62255|52091|206810|214210
58308|6939|1299|21738
28917|6939|1299|2518|2515|131971
139317|44324|32595|174|3819
204092|6939|28917|44812
47147|1299|6939|33924
28917|6939|1299|20115|20001|3456
29222|174|399697|39967|399697
37239|22355|5511|174|8551|20473|47065|61574
15605|35598|52091|206810|57982
1403|577|1299|201814|209896
8455|33891|216067|44244
28917|3257|174|1916|47065|61574
553|1299|3356|28370|268198
35600|6939|2852|204772
44324|32595|174|396026
327960|174|20723|2852|202874
12637|6939|42695|43101
148968|1299|3223|41327|51580
12350|1299|6762|49666|58224|214805
1221|4637|1299|201814|209896
7474|7473|1299|3216|51032|41344|39707
4601|50869|41051|216339
58308|6939|1299|396986
41666|13335|400095
263152|264409|174|210329|215728
12969|1299|3356|16735|273514
58308|6939|1299|5518
28917|6939|1299|62597
28917|6939|1299|7545|55328
29222|6939|48678|213407
44324|32595|174|6713|37190
22652|1299|3356|28370|263535
28917|6939|1299|23520|10269
398465|1299|3356|28370|268521
48185|1299|3257|60068|206406|210557
6830|1299|201814|209896
204092|6939|28917|20985
12779|35598|52091|206810|213694
50304|1299|7195|28260|270548|52794|52659
19151|2914|1299|6855|39904
6830|174|52468|271150
34019|29169|174|216211|211575
7018|3356|28370
58308|6939|33891|48918
28917|6939|1299|20473|211968
148968|1299|3257|60068|206406|210557
50629|56630|209944
57695|917|60068|1299|198949|35676
51519|2603|21320|5408|47065|61574
60011|3356|174|20473|47065|61574
6424|6939|42695|52011
34927|1299|3356|28370|269016
6830|174|3130|47065|61574
3399|174|30844|21351|60132
20514|1299|6855|50698
58308|6939|1299|13293
7500|2497|174|14840|269288
47692|33891|20473|47065|61574
3170|37468|61568|266460|61625
12637|1299|33891|216067|44244
6730|6830|3257|20473|47065|61574
553|1299|201814|209896
28917|6939|1299|23520|27665|263222|274045
28917|6939|1299|198949|209830
28624|61568|174|60068|216213|205884
48362|1299|3356|28370|263535
2027|47160|6939|28370|269016
28917|6939|1299|21351
58308|6939|1299|52468|272936
29222|1299|34927|202532
7018|3491|216211|211575
6830|6939|28917|52191
57381|50304|1299|7195|28343|2716
3214|1299|6855|39904|202605
28917|6939|31263
58308|6939|1299|20473
58308|6939|54429
205206|1299|6855|39904
28917|6939|1299|18734|28545
196621|6939|28917|44056|57629
8220|1299|21351|60132
3130|174|1299|6855|50698
24482|52025|212895|210320
28917|6939|1299|20473|142641
6830|137409|63473|200790
42708|33891|60068|211571
14907|1299|6453|29208
35426|215596|1299|4230|2716
5413|1299|35598|25308|28917|204076
44324|32595|174|22150
28634|4230|1299|35598|52091|206810
174|201814|209896
3130|174|56630|209944
139317|44324|32595|174|13249
51184|1764|174|399697|39967|399697
58308|6939|1299|46261
12779|7195|28189|266931|271615|273522|271150
60068|33891|3223|34224|12735
2734|264409|61832|266460|61625
553|62255|52091|206810|56766
9304|33891|216067|44244
29504|15935|174|22381|267470|263047
204092|1680|20473|47065|61574
12859|29632|215536
58308|6939|1299|4637|1221
12779|62255|52091|206810|214210
28917|6939|1299|52468|264668|267684
50304|1299|6453|29208
58308|6939|1299|20473|207615
14907|1299|20473|201423
207841|6939|28370|268198
31742|174|1916|47065|61574
7713|174|34927|202827
49028|1299|6939|30893|204789
20080|2914|1299|34927|202532
139317|44324|32595|174|7195|272872
37271|174|6453|29208
47147|1299|3356|28370|28657
6762|1299|34927|202532
8283|3491|38001|25192
39351|174|60068|216213|205884
6762|174|37468|61568|266460|61625
17660|6453|174|204548|215728
48362|1299|6762|267470|263047
58057|1836|1299|20473|399970
20205|1299|201814|209896
35710|3320|1299|8551|44709
50629|2603|21320|5408|50148
64475|6939|29222
28917|6939|29670|213997
29222|174|216211|211575
55720|3491|174|28189|266931|269250|271150
36924|1299|6461|210|47065|61574
37497|3491|174|60068|197103|212080
210312|4601|50869|41051|209552
28917|6939|1299|36236|399827
12779|8772|215536
31742|1299|3356|28370|268198
12859|6939|50989|50683
12969|1299|6461|394737
20205|174|1916|47065|61574
136557|174|60068|216213|205884
34549|52025|212895|210320
44324|32595|174|43160
58308|6939|1299|26211
31742|1299|3257|19318|201813
12779|6939|42695|52011
28917|6939|7018|14654
263152|174|216211|44324|205369
47147|1299|35598|25308|28917|204076
34854|1299|7195|28343|2716
40994|6939|28917|39238|49392|34567
58308|6939|1299|15164|22379
64475|62255|52091|206810|57982
28917|6939|1299|23520|52468
202365|50673|174|3257|20473|47065|61574
8220|6453|174|210|47065|61574
6082|2914|1299|34927|202532
49544|3356|174|5538|8194|29345
64475|3320|174|37468|61568|266460|61625
48070|6939|200303
28917|6939|1299|400164
58308|6939|1299|14522
29222|6939|29670|57024
37721|174|20473|47065|61574
58308|6939|1299|20940
29680|174|20723|2852|202874
12779|6939|28370|270962
19151|174|399697|39967|399697
44324|32595|174|399275
6730|6830|1299|6855|39904|47767
136557|174|22381|267470|263047
6423|20055|1299|16164|36032
5413|1299|201814|209896
44324|32595|174|50881
20932|174|1916|47065|61574
52025|1299|6855|39904|199604
199524|1299|34927|202532
4601|50869|6939|25192
6424|7195|28189|266931|269250|271150
28917|6939|1299|52468|273123
29222|6939|12735
58308|6939|7018|4466
16552|1299|29695|206557|204503
35600|35598|52091|206810|202279
42473|1299|8551|44709
50628|1299|17676|216211|44324|205369
6830|3356|8551|44709
202365|8283|47065|61574
49432|48362|1299|12956|212721
28624|3356|1299|20473|47065|61574
6830|6939|28917|48084|59833
198249|7195|20473|47065|61574
8283|20764|52091|59815|25299
7720|10111|1299|20473|47065|61574
6830|174|210|47065|61574
35426|33891|60068|211571
28917|6939|1299|22604
64475|9002|12555|48430
28917|6939|7018|18439
58308|6939|35168|48716
58308|6939|28917|204623
50300|174|52468|262393
8888|137409|6461|21320|5408|47065|61574
202032|57463|22356|52468|271150
40994|6939|28917|206011
42541|62255|52091|206810|56915
6830|6939|28370|270962
58057|1836|33891|44592|49581|209693
4764|1299|3257|60068|206406|210557
41051|58299|266493|61625
6424|1031|266493|61625
58308|6939|2852|198500
35280|6453|174|204548|215728
28917|6939|1299|11019|33059
37239|37468|174|201814|209896
12859|35598|52091|206810|196638
30844|5511|2914|12859|47065|61574
28917|8359|57304|199081
196621|6939|50989|48116
398465|174|56630|209944
58308|6939|1299|36086
28917|6939|1299|30600|22379
34927|56655|1299|20473|201423
198385|174|3491|20473|47065|61574
8529|1299|12956|212721
48185|1299|6453|1031|61568|266460|61625
7018|3356|9002|8772|396416
2027|47160|174|60068|216213|205884
40994|6939|28917|12668|51883
328964|3491|1299|198949|35676
553|1299|17676|216211|44324|205369
1257|1299|8551|44709
44324|32595|174|204413
397131|60011|3356|1299|8551|44709
4230|174|399697|39967|399697
58308|6939|8194|206362
3356|1299|20473|201423
23367|1299|25091|8298|4601|4492
210312|4601|6939|28917|39134|39561|197695
852|1299|34927|202532
53828|2914|174|60068|205884
29140|174|3130|47065|61574
44324|32595|174|17451
4601|50869|214420
34927|56655|1299|174|140227|44324|205369
196621|6939|24796
52075|33891|216067|44244
28917|6939|6830|23520|272935|274105|274027
4601|6939|28917|8491
8220|1299|20473|201423
3170|6939|28370|268521
7018|3356|16735|2716
132825|174|3356|28370|268521
553|6939|28917|48084|35816
57111|41327|16164|36032
7713|1299|8551|44709
28917|6939|2852|197451
3130|174|52468|262393
139317|44324|32595|174|138538
15605|35598|52091|206810|12773|47809
58308|6939|1299|3301
57866|1299|3216|51032|41344|39707
58308|6939|29208|209847
31742|174|20473|47065|61574
20764|174|2914|226|47065|61574
28917|6939|1299|20473|50827
24482|2914|1299|10490|2722|12148|47065|61574
327960|174|35598|52091|48158
6894|174|60068|216213|205884
6730|6830|3257|8551|44709
196621|6939|2852|210498
28917|6939|1299|52468|265632
44324|32595|174|984|55201
24961|1299|12956|212721
15547|174|399697|39967|399697
58308|6939|28370|268521
8455|8283|47065|61574
2497|1299|60068|216213|205884
398465|1299|12956|212721
28917|3257|1299|20473|201423
29222|6939|262365
58308|6939|40994|204136
12307|29691|1299|6453|19318|201813
29075|174|8551|20473|47065|61574
12637|47065|61574
6696|1299|34927|202827
4601|50869|41051|212488
44324|32595|174|32505
210312|4601|50869|41051|201732
49432|48362|1299|174|60068|205884
35600|6939|28917|43714
215596|174|5538|8194|29345
44324|32595|174|57961|205140|14789
210312|4601|50869|6939|2852|199711
28917|6939|1299|22439
34800|58057|50673|174|10490|2722|12148|47065|61574
50629|33891|216067|44244
12779|29632|59682
44324|32595|174|12337
42473|1299|174|20473|47065|61574
39351|174|210329|215728
4601|50869|41051|209460
58308|6939|1299|265780|273827
6908|174|8551|20473|47065|61574
58308|6939|1299|49788|212514|214909
56987|1299|6855|39904|202605
58308|6939|3170|965
148968|1299|20473|399970
15605|6939|28370|268521
20130|23352|2914|1299|1680|20473|47065|61574
7018|3356|28283|268744|2716
35710|3320|1299|12859|47065|61574
58308|6939|1299|4229
9044|33891|60068|211571
199524|1299|7195|28260|270548|52794|52659
6424|6939|28917|39238|49392|34567
61218|29632|9002|21320|5408|47065|61574
7018|6939|50989
577|1299|1680|20473|47065|61574
174|37468|53062|266493|61625
2914|1299|34927|202532
24516|174|210329|215728
20205|1299|6453|29208
34177|1299|3491|20473|47065|61574
174|21320|5408|47065|61574
53828|2914|1299|6855|39904|199604
139317|44324|32595|174|207866
41666|20764|52091|206810|214721|204108
40994|2914|12859|47065|61574
204092|6939|50989|205966
210937|1299|6453|19318|209896
5405|62255|52091|206810|202497
6830|1299|1680|20473|47065|61574
4777|2497|174|20723|2852|202874
577|174|37468|61568|266460|61625
2734|3257|174|8551|20473|47065|61574
12859|6939|29222|513|20940
21232|13030|1299|201814|209896
58308|6939|1299|52468|23031|23246
7713|174|3356|8772|215536
8218|174|3356|28370|28657
22652|1299|1680|20473|47065|61574
209650|34927|1299|3257|19318|209896
198249|199524|1299|199524
34019|3303|174|52468|262393
35266|1299|6855|39904|202605
5405|62255|52091|59815
29222|6939|28917|12668
51519|39351|1299|6855|39904|47767
8426|33891|216067|44244
3320|1299|34927|202532
21320|33891|60068|211571
44324|32595|174|43160|201121
41327|14840|269288
3399|5511|174|11432|271150
28917|6939|1299|52468|272034
553|62255|52091|206810|59815
28792|3257|33891|216067|44244
31510|174|1299|20473|399970
58308|6939|1299|262206|18809|26105|264843
6082|174|21700|399914
28917|6939|1299|3301|203158
6424|6939|28917|21453|199933
15412|33891|216067|44244
28624|61568|174|201814|209896
57111|174|14840|269288
34019|47160|174|210329|215728
9044|1299|6453|19318|209896
204092|6939|28917|47438
2500|2914|174|11432|271150
39122|1299|12956|212721
264479|6762|1299|8551|44709
28917|6939|1299|213281
28917|6939|1299|23520|264821|274129
58308|6939|6830|23520|46650
4601|6939|28917|21453|41783
1299|20473|214587
20764|174|2914|20473|47065|61574
28917|6939|1299|54528
917|60068|174|216211|44324|205369
34927|52025|174|37468|270551|263047
20205|174|60068|205884
3257|174|140227|44324|205369
50629|20764|52091|59815|25299
7594|174|35598|52091|44660
328840|327727|174|6453|4755|7768
48919|174|3130|47065|61574
20253|1299|6057|28283|268744|2716
6830|3356|28370
7500|2516|1299|201814|209896
12859|35598|52091|206810|213694
2734|37468|270551|263047
58308|6939|1299|201589
37053|37662|174|52468|271150
16552|3257|174|8551|20473|47065|61574
14907|1299|3356|8119
13030|12859|47065|61574
58308|20764|29049|49666|205647|49801|204533
3216|1299|22773|8119
7473|1299|3920|206777
44324|32595|174|30150
8283|1031|61568|266460|61625
1031|12859|47065|61574
37697|37497|1299|6855|39904|47767
28917|6939|1299|6855|56973
202365|50673|33891|216067|44244
139317|44324|32595|174|42313|212986
136557|174|3356|8772|215536
215596|1299|6855|39904
6082|174|60068|216213|205884
852|1299|60068|216213|205884
6730|6830|3257|19318|201813
58308|6939|1299|54829
28917|6939|1299|39029
207841|6939|50989|205966
209823|25091|1299|20473|47065|61574
44324|32595|174|397903
263152|264409|174|201814|209896
3170|6939|28917|52191
327804|37271|2603|21320|5408|47065|61574
44324|32595|174|26388
58299|20764|43298|48678|213865
52873|12956|1299|12859|47065|61574
29222|6939|35168|197556
12779|174|52468|271150
58308|6939|6830|23520|265580
64475|6939|30893|13214|35634
139317|44324|32595|174|27747
398465|4826|1299|60068|211571
139317|44324|32595|174|212081
174|6461|394737
34854|1299|4637|20473|47065|61574
3356|174|204548|215728
28917|6939|1299|20473|206081
48070|1299|56630|209944
513|29222|6939|15935|204860|203385
20055|1299|29695|206557|208835
58057|50673|174|28189|266931|271615|273522|271150
13237|5405|266493|61625
196621|6939|28917|44812
1299|174|21320|5408|47065|61574
1273|174|11432|271150|272738
28917|6939|2852|48091
513|20965|5408|47065|61574
35710|48200|1273|174|3130|47065|61574
29222|6939|29208|60266
8283|6939|54429|401894
12859|6939|42695
6830|3491|209810|207187|201265
28917|6939|1299|398788|44273
28917|6939|1299|215078
4601|50869|52025|205649
8529|1299|174|37468|61568|266460|61625
12779|6939|28370
397131|60011|3356|174|3130|47065|61574
58308|6939|263047|268105
8218|33891|216067|44244
59105|2518|1299|34927|202827
6424|6939|215172|214955
8455|6830|34927|202827
28917|6939|7018|11483
6424|30844|21351|60132
34549|3257|1299|20473|201423
58308|6939|1299|44176
1267|6762|174|37468|61568|266460|61625
62167|174|204548|215728
917|60068|1299|3356|28370|267608
12859|1299|60068|197103|212080
48070|6939|28917|39238|51408
11845|30844|33891|44592|49581|209693
35008|1299|174|210329|215728
271253|3356|1299|6855|39904|202605
37468|174|399697|39967|399697
7660|2516|1299|174|20473|47065|61574
6667|174|5538|8194|29345
28917|6939|48070|60894
42473|1299|3920|206777
28917|6939|1299|20940|36183
58308|6939|6830|23520|52228
28917|6939|1299|6855|202876
35008|1299|6453|19318|209896
28917|6939|1299|20473|25848
48070|6939|28917|198297
49028|1299|6939|30893|13214|35634
3170|6939|28917|43714
30781|1299|60068|197103|212080
34854|1299|37468|270551|263047
215596|174|60068|205884
139317|44324|32595|174|13335|395747
7018|6939|30893|205563
63927|1299|6453|29208
44324|32595|174|53667|211233
28917|6939|7018|397248
8220|1299|12859|47065|61574
28917|6939|1299|7393|393582
210937|1299|6204|44592|49581|209693
577|1299|10490|2722|12148|47065|61574
6894|174|5538|8194|29345
559|6939|28370|267556
28917|8359|57304|48678|42216
263152|174|1299|3920|206777
4775|1273|174|60068|216213|205884
6461|1299|198949|35676
327782|5511|174|8551|20473|47065|61574
15605|6939|28370|270962
553|7195|11432|271150
3257|28917|215730|209693
210312|4601|50869|6939|25192|20701
3130|174|22381|267470|263047
29222|6939|2852|213152
8283|3491|209810|207187|205345
28917|6939|6830|58299|211286
6461|174|14840|269288
29222|6939|56595|205885
35008|1299|198949|35676
44324|32595|174|273205
44324|32595|174|55410
209|3356|1299|6855|39904|202605
20514|1299|35598|52091|206810
37053|37100|33891|60068|211571
14315|6453|1299|12859|47065|61574
3701|3356|1299|6855|39904|47767
49432|48362|1299|3356|8119
6830|3356|8119
35600|35598|52091|206810
23352|2914|174|8551|20473|47065|61574
12779|21351|60132
917|60068|33891|6461|394737
1299|3356|8772|215536
51519|39351|174|138997|216211|44324|205369
39122|1299|3257|60068|206406|210557
12779|35598|52091|206810|8274
398465|174|32595|44324
58308|6939|29208|49262
49028|1299|174|20473|47065|61574
3130|174|32595|44324
58308|6939|29670|213341
58308|6939|1299|208905|47956
58308|35598|52091|206810|59815|25299
6696|1299|20473|201423
12956|174|140227|44324|205369
12859|57463|14840|269288
58308|6939|6830|23520|264663
44324|32595|174|214273
2734|28283|268744|2716
174|2914|20473|399970
271253|6453|174|32595|44324
139317|44324|32595|174|395687
29222|6939|2852|204772
28917|20764|52091|206810|196638|42702
48070|1299|3356|28370|263963
32590|37100|1299|201814|209896
49544|3356|1299|198949|35676
28917|6939|1299|14178|21433
6424|6939|2852|213152
174|3356|1680|44709
28917|6939|1299|15692
20253|1299|56630|209944
12637|1299|20473|47065|61574
174|3257|60068|206406|210557
207841|6939|2852|204772
9002|6830|60068|211571
28917|6939|1299|60068|133944
207841|6939|28917|39238|49392
28917|6939|1299|16733
48070|6939|42695
52320|1299|20473|47065|61574
1273|174|210|47065|61574
58308|6939|6830|23520|52233|262238
29680|174|399697|39967|399697
207841|6939|30893|204789
132825|174|3257|25091|8298|4601|4492
14537|174|399697|39967|399697
204092|56630|209944
34927|5405|1299|20473|47065|61574
58308|6939|29208|62083
2152|3356|1299|6855|39904|202605
21412|1299|60068|197103|212080
58308|6939|7018|19106
29075|1299|3216|51032|41344|39707
6696|1299|20473|399970
41327|174|52468|262393
58308|6939|28917|201119
6424|174|60068|216213|205884
206356|50629|8551|44709
42473|1299|6453|29208
23367|1299|2914|226|47065|61574
58057|50673|174|3356|28370|268521
58057|50673|33891|216067|44244
49605|6762|174|3130|47065|61574
23367|1299|3356|28370|268198
3130|174|3356|28370|28657
263237|174|1299|20473|47065|61574
28917|6939|1299|23520|15344
49432|48362|1299|3356|28370|263535|268030
207841|6939|28917|48084|199961
1140|2603|21320|5408|47065|61574
37053|37100|1299|60068|216213|205884
199524|47311|150249|212001|205018
48362|1299|10490|2722|12148|47065|61574
199524|1299|198949|35676
7018|3356|14840|269288
29222|6939|9136|34219
58308|6939|1299|199753
59689|29075|174|3130|47065|61574
19653|30600|174|3130|47065|61574
58308|6939|1299|21859|62610
210312|4601|50869|52025|214420
47692|33891|266493|61625
28917|6939|1299|52468|272032
41327|6939|33924
5405|62255|52091|206810|48595
140627|1299|12956|212721
199524|37100|1299|20473|47065|61574
198385|174|3257|20473|47065|61574
210312|4601|50869|58299|206470
28917|6939|1299|35661|42612
213151|41051|58299|266493|61625
58308|6939|1299|37468|270553
1764|174|52468|262393
28624|4230|33891|216067|44244
4777|2497|174|8551|20473|47065|61574
58299|174|60068|205884
12779|8551|20473|47065|61574
17660|6453|174|28189|266931|271615|273522|271150
3491|174|210|47065|61574
139317|44324|32595|174|46437
32590|1299|10490|2722|12148|47065|61574
48070|7195|28189|266931|269250|271150
4601|6939|28917|6789
48185|1299|22773|8119
34854|1299|3920|206777
139317|44324|32595|174|13819
6424|6939|28917|12668|51883
36924|1299|3257|210329|215728
34854|1299|7195|28260|270548|52794|52659
6424|6762|2914|12859|47065|61574
140627|1299|29695|206557|204503
57111|174|10490|2722|12148|47065|61574
6424|7195|11432|271150|272738
23367|1299|7195|28343|2716
34800|29632|9002|3356|174|20473|47065|61574
139317|44324|401538|393577|213801
199524|174|12956|212721
6424|16164|36032
553|174|60068|205884
20205|1299|34927|202532
3491|174|8551|20473|47065|61574
58308|6939|1299|19750
263237|174|7545|20473|47065|61574
3130|174|2914|20473|201423
15605|6939|39790
50877|5405|1299|198949|35676
28917|6939|15935|197451|202872
263237|174|6453|19318|209896
44324|32595|174|19237
58308|6939|6830|23520|272935|271804
58057|174|1299|8551|44709
8220|1299|34927|202532
6424|6939|2852|198500
47147|9002|3356|174|20473|47065|61574
29691|1299|37468|270551|263047
28917|6939|1299|23520|52468|262179
58308|6939|3170|201579
45352|1299|20473|399970
2518|1299|20473|47065|61574
1031|999|6453|174|5538|8194|29345
28917|6939|1299|401026
44324|32595|174|398439
34927|56655|1299|4637|20473|47065|61574
20055|174|34927|202827
1764|174|140227|44324|205369
35600|35598|52091|206810|202497
28917|6939|1299|20473|211966
60068|1299|3356|28370|263060
553|174|5538|8194|29345
210937|1299|33891|216067|44244
20764|174|201814|209896
35600|6939|42695|43101
44324|32595|174|35399
140627|1299|3356|28370|268521
5405|14840|269288
32590|37100|2603|21320|5408|47065|61574
35266|3257|33891|216067|44244
29222|39801|60983
44393|394256|174|21320|5408|47065|61574
202032|32787|202161
24516|174|3356|8119
22652|1299|60068|216213|205884
12779|3257|1299|20473|47065|61574
210312|4601|6939|28917|39134|39561|197695|210550
5405|62255|52091|206810|210063
29504|39392|174|3130|47065|61574
1828|21320|5408|47065|61574
48070|32787|202161
210312|4601|50869|52025|212895|205336
46450|1299|6855|39904|199604
13830|971|174|30844|21351|60132
31742|1299|198949|35676
44324|32595|174|6914
207841|6939|28917|25386
12779|62255|52091|206810
39122|174|60068|205884
210312|4601|50869|34019|34958
1103|6830|60068|211571
58299|14840|2716
25091|33891|60068|211571
139317|44324|32595|174|216371
40994|174|11432|271150
28917|6939|1299|20473|7365
139317|44324|32595|174|30021
20130|23352|2914|1299|198949|35676
34927|174|22381|267470|263047|264389
64475|3320|1299|60068|197103|212080
21412|1299|17676|216211|44324|205369
44324|32595|174|210801
199524|174|28283|268744|2716
28917|20764|52091|206810|59815
3170|6939|2852|210498
28917|6939|1299|60068|216213
1299|6939|28370|28657
28917|6939|1299|53981
6082|2914|1299|6939|24796
15692|2914|174|20723|2852|202874
34854|1299|35598|52091|206810
4601|50869|34019|35600|56648
53828|2914|174|37468|61568|266460|61625
58308|35598|52091|206810|202497
8283|6939|16652
34927|52025|174|52468|262393
1140|24785|6830|2914|226|47065|61574
28917|8359|57304|15935|51968
1140|24785|1299|20473|47065|61574
328512|5713|174|138997|216211|44324|205369
3170|174|20723|2852|202874
48070|1299|6855|39904|199604
2027|47160|6939|28370|270962
44530|6830|60068|216213|205884
28917|6939|199081|209847
3257|1299|198949|35676
18106|174|60068|205884
35710|3320|174|52468|271150
44324|32595|174|57974|62661
37662|33891|216067|44244
49432|48362|1299|174|210329|215728
3130|174|1916|47065|61574
58308|6939|1299|1759|51188|3274
28917|6939|1299|23520|10269|265818
327727|174|32787|202161
58299|62255|25308|28917|9049|51017
28917|47232|20723|2852|202874
3170|6939|28917|44812
10111|1299|8551|44709
25369|174|11432|271150|272738
58308|6939|1299|20473|206586
398465|1299|37468|53062|266493|61625
8218|6461|1299|198949|35676
204092|6939|28917|39238
204092|6939|54429|401894
52025|1299|3223|41327|51580
58308|6939|1299|51167
210937|6830|174|52468|271150
23367|1299|3356|16735|2716
398465|1299|3257|210329|215728
44324|32595|174|398734
210312|4601|50869|6939|42695|52011
35008|1299|6461|210|47065|61574
28917|6939|1299|23379|10617
206356|50629|174|216211|211575
44324|32595|174|397142
64475|3320|1299|20473|399970
44324|32595|174|139057
50304|1299|6855|39904|205968
5413|1299|6855|39904
12956|1299|201814|209896
28634|4230|1299|29695|206557|204503
47692|33891|1299|201814|209896
22355|5511|174|52468|271150
34800|58057|50673|174|52468|262393
32590|12956|174|3130|47065|61574
42473|9002|21320|5408|47065|61574
28917|6939|1299|8240|206844
28917|6939|1299|14265
6424|52320|7162|13878|52468|271150
58308|6939|1299|25400|49082|204224
58308|6939|41720|208229
56655|1299|56630|209944
7018|1299|12555|212247
34927|174|21320|5408|47065|61574
9044|1299|3223|34224|12735
28917|6939|1299|32097|26329
852|1299|34927|202827
4777|2497|174|21320|5408|47065|61574
4601|50869|6939|2852
29222|6939|8899|42652|3573
51519|39351|6830|60068|211571
34549|3257|174|20473|47065|61574
328840|327727|174|35598|52091|206810
56987|174|399697|39967|399697
22652|1299|20473|201423
16552|1299|60068|197103|212080
28917|6939|1299|5617|42598
3130|174|17378|8119
28917|6939|50989|33837
1403|577|1299|25091|8298|4601|4492
40994|6939|28370|267556
29222|6939|2852|61110
58511|1299|8551|44709
64475|62255|52091|206810|12773|44710
28917|6939|1299|46261
196621|15576|8220|1299|174|37468|61568|266460|61625
6830|1299|21351|60132
18106|174|210329|215728
328840|327727|174|3356|28370|28657
58308|6939|3170|49485
61049|2914|1299|20473|47065|61574
15935|174|8551|20473|47065|61574
28917|6939|1299|25899|399575
196621|15576|174|11432|271150
6424|271586|263047|264389
139317|44324|32595|174|30567
57381|50304|2603|21320|5408|47065|61574
139317|44324|32595|174|398399
199524|174|204548|215728
20253|1299|23764|35168|212999
139317|44324|32595|174|8285|199152
7473|1299|3216|51032|41344|39707
28917|6939|50989|205966
35426|215596|174|20473|47065|61574
40994|6663|29049|49666|205647|49801|204533
39122|1299|2914|226|47065|61574
266213|3356|1299|20473|47065|61574
7594|174|21320|5408|47065|61574
41327|6939|2852|210498
207841|6939|30893|9423
58057|50673|174|2914|226|47065|61574
60011|3356|1299|6855|39904|199604
13030|33891|60068|211571
8220|1299|198949|35676
28917|25091|8298|4601|4492
4601|50869|58299|206470
327983|37497|3491|5408|47065|61574
6424|20764|52091|206810|196638
327804|37271|174|140227|44324|205369
139317|44324|32595|174|212551
4601|50869|52025|211358
59919|12779|62255|52091|206810
12779|33891|216067|44244
45352|1299|201814|209896
20205|1299|6762|267470|263047
196621|6939|215172|214955
20912|174|22381|267470|263047|264389
199938|1299|174|216211|211575
6057|174|60068|197103|212080
15605|203489|9002|41327|214169
198385|174|138997|216211|44324|205369
7594|174|210329|215728
28917|6939|1299|23520|263703|269928
3130|174|1299|32787|202161
28917|6939|1299|3301|212632
58308|59689|29075|1299|174|37468|61568|266460|61625
1403|577|33891|216067|44244
35426|215596|174|1916|47065|61574
3170|174|60068|205884
16552|16260|174|399697|39967|399697
3333|1257|174|3130|47065|61574
28917|6939|1299|18734|20940
16552|2914|12859|47065|61574
12859|6939|215172|214955
1403|577|1299|6855|50698
207841|6939|28917|201119
3491|174|22381|267470|263047|264389
139317|44324|32595|174|20546
49432|48362|1299|6453|29208
5511|1299|6855|39904
47147|1299|6453|19318|209896
48362|1299|6453|19318|201813
29222|6939|3170|215453
8218|6461|174|140227|44324|205369
210937|1299|60068|211571
17350|3356|1299|22773|8119
3170|6939|393682
207841|6939|2852|200874
28917|6939|1299|19332|16921
328964|23764|1299|201814|209896
24785|1299|8551|20473|47065|61574
6720|1764|1299|20473|47065|61574
50877|5405|6939|59689
34019|6939|30893|204789
17639|9304|33891|216067|44244
140627|1299|5511|49666|58224|214805
3170|7195|28189|266931|271615|273522|271150
42541|62255|52091|206810|48687
44324|32595|174|47674
204092|6939|393682
12969|1299|3223|41327
55222|174|12389|49666|205647|49801|204533
47147|1299|60068|216213|205884
210312|4601|6939|28917|43886
60011|3356|174|20723|2852|202874
48070|6939|28917|28775
917|60068|1299|20473|201423
29691|1299|5511|60068|206406|210557
49028|1299|8551|20473|47065|61574
49028|1299|3356|28370|267556
44324|32595|174|16276|64476
28917|6939|1299|23520|27665|28067
20205|1299|20473|201423
3491|1299|34927|202827
28917|6939|48678|207582
7713|174|1299|3920|206777
6830|6939|28917|20985
28917|6939|1299|398465|23511
62167|174|1299|20473|47065|61574
35426|215596|174|56630|209944
2914|1299|201814|209896
139317|44324|209022|52025
28917|6939|1299|57811
44324|32595|174|25710
6453|1299|201814|209896
61568|174|140227|44324|205369
28917|6939|1299|3301|204847
174|5511|60068|206406|210557
41666|20764|52091
210312|4601|50869|41051|215153
62167|174|1916|47065|61574
50673|174|60068|205884
60011|3356|1299|12859|47065|61574
20205|174|28189|266931|269250|271150
29222|6939|553|212522|63293
8283|6939|200070
28917|6939|1299|23520|52468|272058
139317|44324|32595|174|49532
3303|21320|5408|47065|61574
28917|6939|1299|134521
40387|1299|3356|16735|2716
17639|1299|2914|226|47065|61574
58511|3491|5405|8943|200636
64475|3320|174|399697|39967|399697
28917|6939|7018|11992|399599
28917|6939|1299|15830|396893
28917|6939|1299|3249|200425
50673|174|3356|28370|28657
44324|32595|174|397601
28917|6939|1299|60068|197103|396043
38880|174|37468|61568|266460|61625
28917|6939|1299|53991
62167|3356|21320|5408|47065|61574
22652|1299|201814|209896
28917|6939|1299|396993|15353
14907|1299|174|21700|399914
29222|6939|268047
9002|1299|8551|44709
40994|6939|30893|13214
28917|6939|1299|60051|208293|203214|13335
39351|174|2914|226|47065|61574
44393|394256|174|60068|197103|212080
2027|49434|33891|216067|44244
8280|6762|2914|12859|47065|61574
207841|6939|50989|50683
52025|32097|4230|2716
21232|13030|1299|6453|4755|7768
29222|6939|62000|198831|210013
35600|30781|1299|20473|47065|61574
28917|6939|6830|31079
48362|1764|5405|266493|61625
50763|28917|215730|209693
48070|6939|28917|50009
28917|6939|28370|270962
56655|1299|25091|8298|4601|4492
9370|2497|174|52468|271150
37100|174|5538|8194|29345
31122|174|140227|44324|205369
6461|1299|20473|399970
29504|15935|174|3356|1680|44709
25152|2497|174|52468|271150
39351|1299|3223|41327
28917|6939|1299|3223|214673
56655|1299|7545|20473|47065|61574
28917|6939|1299|3223|196763
41666|20764|52091|206810|211692|31069
37053|37100|174|399697|39967|399697
14537|8455|8283|47065|61574
44324|32595|174|9166
49432|48362|1299|3356|28370|268198
58308|6939|47160|214390
34927|1299|3257|20473|47065|61574
199524|1299|3223|34224|12735
17660|6453|174|16276|203019
12637|6939|30893|205563
32590|1299|174|20473|47065|61574
49544|2914|174|5538|8194|29345
48070|137409|48011|25184|49801|204533
513|29222|39801|199881
24785|6830|174|52468|271150
58308|6939|1299|211181
29222|6939|25192|26710
199524|6762|174|3130|47065|61574
6908|174|14840|269288
151326|174|35598|52091|44660
59689|30781|33891|216067|44244
4777|2497|174|37468|61568|266460|61625
29222|6939|15935|198284
28917|6939|1299|32270|27887
5405|62255|52091|206810|211101
6830|174|8551|20473|47065|61574
12779|35598|25308|28917|9049|51017
3257|1299|3920|206777
14907|3356|174|140227|44324|205369
28917|6939|1299|198785
20205|1299|198949|35676
999|6453|174|21320|5408|47065|61574
50673|174|1299|20473|399970
2914|1299|10490|2722|12148|47065|61574
1299|3257|19318|201813
151326|174|6762|49666|58224|214805
49028|1299|6461|394737
28917|6939|1299|20712
12307|29691|1299|17676|216211|44324|205369
174|3257|8551|44709
32097|28283|268744|2716
48070|6939|28917|8926|200019|48753
58308|6939|262485
44393|394256|174|37468|53062|266493|61625
42541|1299|174|210|47065|61574
28917|6939|1299|32934
57777|9002|8772|396416
174|16276|203019
58308|6939|1299|34164
12956|174|21700|399914
209650|34927|1299|3356|28370|28657
28917|6939|1299|54082|263725|274023
199524|1299|29695|206557|208835
1299|3356|28370|263535|268030
12637|6939|2852|202874
50877|5405|28283|268744|2716
14537|52925|3356|1299|20473|47065|61574
29691|1299|17676|216211|44324|205369
5713|12859|47065|61574
34288|1299|174|37468|61568|266460|61625
6777|56630|209944
28917|6939|1299|136106|45305|141607
59689|30781|5511|174|37468|61568|266460|61625
48919|174|21700|399914
216285|8280|6762|174|20723|2852|202874
28917|6939|32097|22295|206042
139317|44324|32595|174|399646|200329
5413|1299|3257|204548|215728
13237|1299|3356|28370|263060
48362|1299|3356|28370
12859|35598|52091|206810|12773|47809|50780
12779|35598|52091|206810|210063
6830|6939|2852
64475|62255|52091|206810|39558
58308|6939|1299|22442
18106|174|204548|215728
196621|6939|28917|39238|49392
28917|6939|1299|60068|197103|203748
40994|6939|28917|44056|57629
25160|174|10490|2722|12148|47065|61574
58308|6939|1299|20473|203145
398465|3320|1299|8551|20473|47065|61574
28917|6939|1299|20473|63183
58308|6939|1299|8240|206844
135895|137409|174|210329|215728
13830|971|174|6453|19318|209896
6730|6830|1299|20473|201423
58308|20764|43298|48678|213865
33891|56630|209944
7500|2497|174|28283|268744|2716
12859|35598|52091|206810|39558
196621|6939|2852|201648
6762|1299|6855|50698
37739|3491|174|56630|209944
1267|1299|174|204548|215728
148968|1299|174|399697|39967|399697
48185|1299|6855|39904
19151|174|3356|8119
8283|6762|60068|205884
3257|174|5538|8194|29345
1764|174|60068|216213|205884
5713|174|60068|197103|212080
64475|3320|1299|17676|216211|44324|205369
28917|6939|1299|19551
39122|1299|3356|28370|268521
6908|1299|6855|39904|47767
44324|32595|174|22908
31742|1299|7545|20473|47065|61574
48070|6939|2852|210498
34927|1299|174|3130|47065|61574
28917|6939|1299|142132
4601|50869|44324|202335
8220|1299|17676|216211|211575
20932|1299|12956|212721
6696|1299|6461|394737
28917|6939|1299|23520|27884
58308|6939|33891|42008|8925
50877|5405|6939|54429
553|6939|30893|200690
59891|13030|1299|6453|4755|7768
13030|1299|7195|28189|266931|269250|271150
6830|3257|204548|215728
58308|20764|43298|48678|210574
49028|1299|34927|202827
6894|33891|60068|211571
210312|4601|50869|207303
6667|1299|34927|202532
4601|8298|25091|1299|60068|216213|205884
28917|6939|1299|20473|46407
37105|36994|1273|1299|20473|47065|61574
58299|1680|20473|47065|61574
15605|35598|52091|206810|34786|41875
29222|6939|28917|20985
12859|35598|52091|206810|214721
59891|13030|1299|174|204548|215728
3170|6939|28917|24651|39900
3257|3356|21320|5408|47065|61574
139317|44324|32595|174|32505|397370|6936
9900|23764|1299|198949|35676
11845|30844|174|140227|44324|205369
17660|2914|1299|34927|202532
32590|174|399697|39967|399697
28917|6939|7018|22617
210312|4601|50869|205369
64475|6939|30893
20205|1299|3920|206777
20514|1299|3356|16735|273514
207841|37468|53062|266493|61625
7018|3356|21320|5408|47065|61574
36924|1299|3257|204548|215728
32097|4230|2716
139317|44324|32595|174|53667|199340
16260|174|399697|39967|399697
44324|32595|174|22360
4181|1299|6855|39904
25160|1299|6939|24796
34927|56655|1299|21351|60132
559|6939|25192|29067
917|60068|174|1916|47065|61574
35600|6939|2852
4601|50869|52112
40994|6939|28370|270962
328840|327727|174|35598|52091|44660
29222|6939|35600|61025
28917|6939|1299|20473|199111
58308|6939|1299|42615
12779|35598|52091|206810|202279
210937|1299|13335|400095
8283|6939|28370
29222|1299|174|37468|61568|266460|61625
58308|6939|6830|23520|27665
57777|8298|8283|3491|209810|207187|206420
57777|8298|25091|1299|3223|41327
49788|12552|33891|44592|49581|209693
513|29222|6939|9120
6730|6830|174|3130|47065|61574
24482|2914|1299|8551|44709
28917|6939|1299|61423
55222|174|3257|19318|209896
139317|44324|32595|174|209847|26383
398465|1299|6855|39904|47767
205206|1299|3356|28370|264426
57866|1299|6762|16735|273514
21232|13030|1299|6453|29208
58308|6939|61618|267320
14907|1299|6453|4755|7768
35008|1299|37468|270551|263047
14907|1299|21351|60132
35280|6453|174|3130|47065|61574
8529|1299|6855|39904|47767
28917|6939|1299|23520|11139|397382
58308|6939|7018|6621|265591
56655|1299|60068|197103|212080
8298|8283|2914|20473|47065|61574
196621|58115|21263|34125
6730|6830|1299|21351|60132
5413|1299|174|37468|61568|266460|61625
40387|1299|6855|39904
60068|174|399697|39967|399697
4181|1299|6855|39904|199604
58308|6939|1299|15557
132825|174|1299|8551|44709
20514|1299|3356|28370|264426
48070|1299|3356|16735|273514
58308|6939|7018|6621|265705
58308|6939|1299|62904
64475|7195|28343|2716
13830|971|174|60068|211571
6830|9002|8772|396416
58057|50673|174|140227|44324|205369
28917|6939|1299|8551|21859
37053|37100|1299|198949|35676
17639|174|21320|5408|47065|61574
57111|174|8551|20473|47065|61574
51088|2914|30058|53808|44324|215172|214955
553|6939|29222
139317|44324|32595|174|6713|37190
29222|6939|7018|16711
398465|4826|1299|35598|52091|206810
44324|32595|174|263237|266830|28120
28917|6939|1299|20473|212270
327727|174|3257|21034
28917|20764|52091|206810|208435
58308|6939|30893|200690
4775|1273|174|8551|20473|47065|61574
9002|1299|17676|216211|211575
41327|6461|16276|203019
35600|35598|52091|206810|12773
12637|1299|37468|53062|266493|61625
21412|1299|2914|226|47065|61574
210937|1299|6762|267470|263047
24961|33891|60068|211571
57866|1299|6855|39904|47767
198385|174|60068|216213|205884
28917|6939|1299|4213
2497|1299|3223|41327|51580
28917|6939|1299|20473|207649
210312|4601|6939|28917|21453|41783
52025|174|12956|212721
266213|3356|1299|198949|35676
35426|215596|1299|20473|201423
35008|1299|60068|197103|212080
213241|9002|1299|198949|35676
28917|8359|57304|209693|206715
553|6939|2852|61110
49028|1299|174|60068|216213|205884
6908|1299|198949|35676
2518|1299|8551|44709
24516|174|3257|19318|201813
58308|6939|1299|5605
37053|37100|1299|20473|47065|61574
12779|6939|2852|199711
28917|6939|1299|20473|205398
46450|2914|174|37468|61568|266460|61625
51519|39351|174|10490|2722|12148|47065|61574
49544|1299|20473|47065|61574
28917|6939|1299|23520|273871
58308|6939|56595|206324|21433
49788|1299|917|214598
6696|1299|56630|209944
3333|1257|1299|10490|2722|12148|47065|61574
2734|21859|138415|4229|1299|3356|41095|17561
35280|1299|20473|47065|61574
553|1299|3356|28370|263535|268030
24482|2914|1299|20473|47065|61574
60068|1299|34927|202827
17639|174|14840|269288
3491|174|34927|202827
327960|174|12956|212721
28917|6939|1299|199150
199524|1299|56630|209944
210312|4601|50869|6939|54429
49432|48362|1299|2914|226|47065|61574
6424|13335|5408
28917|6939|1299|262206|52262
3320|1299|20473|399970
42473|1299|174|14840|269288
199938|1299|2914|226|47065|61574
5408|47065|61574
3130|174|28189|266931|269250|271150
6696|1299|6855|39904|202605
36924|1299|21351|60132
46450|1299|174|20473|47065|61574
28917|6939|1299|30600|3801
35600|50263|21263|41504
4601|50869|6939|33924
202032|199181|12637
30058|53808|44324|215172|214955
1280|2914|174|210329|215728
6453|1299|8551|20473|47065|61574
47147|1299|21351|60132
12859|6939|29222|41495|206202
28917|6939|1299|203532
56655|1299|4637|20473|47065|61574
7594|174|30844|21351|60132
28917|6939|1299|23520|264821|272807
48070|6939|29222|41495|206202
6894|174|399697|39967|399697
8283|14840|269288
44324|32595|174|61098
58308|6939|42184|8454
47147|9002|1299|8551|20473|47065|61574
28917|6939|1299|20473|400181
6730|6830|3356|3223|34224|12735
21412|1299|8551|44709
58057|174|60068|216213|205884
28917|6939|1299|11172|28418
28917|6939|1299|20473|210932
44324|32595|174|199335
29222|1299|60068|197103|212080
34019|6939|207995
210312|4601|50869|199177
21320|5408|47065|61574
57695|917|60068|1299|6855|50698
35600|6939|2852|197277
34927|1299|3356|28370|268521
553|62255|52091|206810|59815|25299
47160|6939|54429
41327|174|7545|20473|47065|61574
28917|6939|1299|20473|153185|153189
16552|37271|174|11432|271150
148968|7474|3257|174|20473|47065|61574
15605|35598|52091|206810|57164
4230|1299|6855|39904|199604
28917|6939|207995
29691|1299|174|1916|47065|61574
44324|32595|174|13462
5413|1299|1680|20473|47065|61574
28917|6939|1299|214415
4601|8298|25091|1299|198949|35676
50304|1299|3356|28370
16552|37100|1299|20473|47065|61574
139317|44324|32595|174|398343
15935|174|3356|8119
39351|174|37468|270551|263047
58308|6939|1299|14080|265652
39122|1299|3491|20473|47065|61574
20932|174|20473|47065|61574
398465|4826|1299|3920|206777
3170|7195|28189|266931|269250|271150
41722|12389|1299|20473|399970
9268|4764|174|22381|267470|263047|264389
49544|2914|174|204548|215728
210312|4601|50869|6939|30893|13214|35634
48070|1299|60068|197103|212080
50673|174|2914|20473|47065|61574
41051|50263|44592|49581|209693
28917|6939|6830|204210
207841|6939|33924|198890|57463|34772|35047|5414
58308|6939|1299|203660
51519|39351|174|3257|19318|201813
58308|6939|1299|44949
4601|37271|20473|47065|61574
2027|47160|6939|28370|264426
45049|6696|1299|6855|39904|205968
4764|1299|35598|25308|28917|204076
23673|3491|174|37468|61568|266460|61625
6830|3356|3216|51032|41344|39707
209|3356|1299|20473|47065|61574
44324|32595|174|213035
28917|6939|1299|396253
6830|3257|20473|47065|61574
55720|6939|1299|201814|209896
198385|15576|3356|21320|5408|47065|61574
20080|2914|1299|10490|2722|12148|47065|61574
39351|1299|3356|16735|2716
3257|1299|20473|201423
3356|1299|16276|203019
57777|8298|8283|3491|209810|207187|202551
20080|2914|174|20723|2852|202874
41327|6461|52320|7162|13878|52468|271150
20080|2914|1299|8551|44709
9044|1299|56630|209944
12969|1299|4230|2716
58308|6939|33891|57395
58308|6939|35133|50917|214677|212085
8298|25091|1299|3223|34224|12735
20912|174|28283|268744|2716
8283|6939|60432
35600|50263|21263|34125
59414|13030|1299|198949|35676
28917|6939|1299|7250
199524|3356|1299|6855|39904
44324|32595|174|398885
34854|1299|21351|60132
35598|1299|3223|34224|12735
58308|6939|16652
51519|39351|6830|60068|216213|205884
44324|32595|174|36352|136258
3491|174|201814|209896
210937|1299|3356|28370|263535
15605|35598|52091|206810|56915
28917|6939|1299|8151|28403
29222|6939|21430|203376
58308|6939|1299|61423
398465|174|34927|202827
51184|47692|3356|21320|5408|47065|61574
34288|174|22381|267470|263047|264389
42473|1299|33891|216067|44244
12779|35598|52091|206810|214721|204108
47147|1299|7195|28343|2716
28917|6939|1299|20473|394935
4230|1299|29695|206557|208835
852|3491|5408|47065|61574
58308|6939|1299|6758|33874|14789
5713|174|201814|209896
553|62255|52091|206810|48687
204092|30781|1299|20473|201423
12779|6939|29222|207688
6830|2914|20473|47065|61574
20612|9044|1299|60068|197103|212080
2914|1299|60068|216213|205884
28917|6939|7018|30382
45049|6696|1299|174|37468|61568|266460|61625
23367|1299|198949|35676
12956|1299|1680|20473|47065|61574
42541|62255|52091|206810|24881
29222|6939|7018|399756
4181|1299|34927|202532
20612|9044|1299|5511|60068|206406|210557
44324|32595|174|48260
22652|1299|3223|41327|51580
44324|32595|174|25122
28917|6939|1299|20473|212237
29222|6939|24796
48185|1299|37468|270551|263047
6830|3356|28370|28657
28917|6939|1299|52468|262234
28917|6939|1299|36352
3701|174|3356|28370|28657
210312|4601|50869|41051|203226
28917|6939|1299|262206|262197|3573
28917|6939|1299|20473|153185|152922
58308|6939|6830|33915|207894
28917|6939|1299|20473|142438
58308|6939|1299|54600
28917|6939|7018|1341
139317|44324|32595|174|53667|201517
47147|1299|3356|28370
6453|174|21320|5408|50148
28917|61568|266460|61625
20932|174|3257|21034
14907|1299|3920|206777
3356|174|52468|271150
8220|1299|42303|51701|30893
36924|1299|3356|28370|263535
1836|1299|6855|39904|47767
1299|35598|52091|206810
35426|215596|174|11432|271150|272738
23367|1299|60068|197103|212080
4601|50869|58299|209898|199553
34019|62255|52091|206810
6730|6830|7195|20473|47065|61574
48919|174|56630|209944
199524|1299|6762|1680|44709
46450|1299|20473|399970
58308|6939|1299|396993|15353
35600|6939|50989|48116
28917|6939|1299|20473|216225
41811|1273|174|20723|2852|202874
6894|174|2914|226|47065|61574
29222|6939|12779|44219
553|6939|24796
12637|6939|28370|28657
139317|44324|32595|174|42313|212766
28917|6939|7018|22056
58308|6939|1299|203092
35600|6939|200070
34927|174|6461|9498|20473|47065|61574
8220|1299|3356|21320|5408|47065|61574
210312|4601|8298|8283|2914|20473|47065|61574
207841|6939|28917|20985
58308|6939|1299|54696
38001|3491|174|14840|269288
16552|1299|6855|39904|47767
58057|174|37468|270551|263047
49028|1299|10490|2722|12148|47065|61574
28917|6939|1299|20473|49867
57381|50304|1299|37468|53062|266493|61625
60011|3356|1299|3920|206777
40994|6939|30893|204789
8529|1299|37468|270551|263047
139317|44324|32595|174|33154|398461
6696|1299|174|20473|47065|61574
559|35598|52091|206810|50204
29504|39392|33891|21320|5408|47065|61574
210312|4601|8298|8283|3491|216211|211575
48070|6939|30893|205563
35710|3320|1299|37468|53062|266493|61625
4601|50869|52025|401441
12859|37271|20473|47065|61574
28917|6939|1299|52468|23031
25369|21320|5408|47065|61574
28917|6939|1299|11172|270217
4601|50869|204931
12859|7195|20473|47065|61574
132337|174|1916|47065|61574
328206|37739|3491|174|11432|271150
6894|3257|174|20473|47065|61574
29222|6939|12735|15830
139317|44324|32595|174|11172|273278
28917|6939|31263|8822
3170|6461|6424|44592|49581|209693
30781|3356|174|399697|39967|399697
29222|6939|200303
7018|3356|16735|266931|271615|273522|271150
29222|6939|29670|60729
46450|1299|8551|44709
6424|6939|28370|28657
50877|5405|6939|30893|199580
58308|6939|6830|23520|64126|273198
58308|6939|6830|23520|270200
48919|174|37468|53062|266493|61625
327727|174|3356|16735|273514
59414|6830|174|8899
6667|12859|47065|61574
2734|16735|53062|266493|61625
205206|1299|201814|209896
58308|13335|5408
58308|6939|1299|17072|278
61049|174|399697|39967|399697
37697|3491|174|35598|52091|206810
34854|1299|174|210|47065|61574
210312|4601|50869|34019|212351
6082|174|60068|205884
28917|6939|1299|20473|207890
9002|3356|174|20473|47065|61574
28917|6939|1299|60068|197103|270475
3170|6939|42695|52011
209650|34927|1299|3356|28370|263535|268030
28917|6939|1299|32097|33387
4777|2497|174|52468|262393
47147|1299|6939|50989|50683
4826|1299|3920|206777
28917|6939|1299|52468|274278
12350|1299|20473|399970
6424|1299|60068|216213|205884
1273|174|32595|44324
49788|1299|3356|28370|267608
57866|28917|215730|209693
553|32787|202161
559|35598|52091|206810|24881|24697
8529|1299|6762|16735|273514
14537|13786|174|20723|2852|202874
16347|1299|6453|19318|209896
13237|1299|3356|28370|263535
34019|47160|174|60068|197103|212080
60068|174|20723|2852|202874
6908|174|6453|4755|7768
1764|174|3130|47065|61574
60068|1299|3223|34224|12735
21412|1299|10490|2722|12148|47065|61574
58308|6939|1299|213281
4601|50869|41051|47509
1299|174|399697|39967|399697
48070|6939|28917|39153
41666|20764|29049|49666|205647|49801|204533
36924|1299|6453|60068|216213|205884
34927|56655|1299|174|204548|215728
9268|4764|1299|201814|209896
139317|44324|32595|174|25122
209|3356|174|60068|216213|205884
58308|6939|1299|262206|18809|13335
57695|917|60068|1299|3920|206777
64475|6939|2852|61110
210937|52025|212895|210320
44324|32595|174|401958
58057|174|22381|267470|263047
852|174|399697|39967|399697
55720|2914|1299|8551|44709
32590|1299|3356|28370|269016
29222|6939|7018|36040
57381|50304|1299|3356|28370
559|37271|20473|47065|61574
8426|3257|1299|198949|35676
1273|174|60068|205884
64475|3216|51032|41344|39707
35600|35598|52091|206810|48687
553|1299|8551|44709
174|3356|8772|215536
58308|6939|6830|23520|46650|401400
3170|25091|8298|4601|4492
28917|6939|1299|18734|11888
4775|1273|174|37468|61568|266460|61625
196621|8758|15576|174|210329|215728
1403|577|1299|6762|49666|58224|214805
44324|32595|174|30103
58308|6939|6830|6730|213081|211535
328840|327727|174|56630|209944
44324|32595|174|397384
56655|1299|6453|29208
39801|5511|174|21700|399914
29691|1299|174|399697|39967|399697
6830|6939|200303
35600|6939|24796|63293
48919|174|140227|44324|205369
58057|174|60068|211571
48185|1299|20473|399970
7594|174|216211|211575
206356|50629|1299|6855|39904|47767
559|6939|42695|52011
207841|6939|2852|198500
47692|3356|174|216211|211575
3170|6939|25192
20253|1299|16164|36032
7713|174|1916|47065|61574
58308|6939|6830|23520|265561|270173
29691|1299|21351|60132
29222|6939|29208|215588
16552|1299|6461|210|47065|61574
24961|1299|8551|20473|47065|61574
32653|3741|33891|44592|49581|209693
20514|1299|6762|49666|58224|214805
7018|6939|2852|197277
8529|1299|3257|210329|215728
553|174|210329|215728
199524|174|34927|202827
28917|6939|1299|3301|2799
28917|6939|1299|17018|53698
58299|62255|52091|206810|12773|47809|50780
1299|3491|20473|47065|61574
8283|6939|207995
41666|20764|43298|48678|213865
34288|1299|3223|34224|12735
64475|6939|24796
1273|174|21700|399914
559|35598|52091|206810|214721
20932|1299|17676|216211|44324|205369
58308|6939|63290
58057|34549|1299|3920|206777
204092|6939|24796|63293
50629|174|60068|216213|205884
20514|1299|6453|19318|201813
327727|174|22381|267470|263047|264389
39351|174|60068|197103|212080
12637|6939|54429|401894
31510|174|1916|47065|61574
58308|6939|1299|15113
12779|35598|52091|206810|35273
32590|12956|174|210|47065|61574
3170|9304|136237|174|137995
4601|50869|6939|28370|263535
6730|6830|174|140227|44324|205369
28917|6939|1299|56911
559|6939|42695|43101
139317|44324|32595|174|54706
199524|1299|29695|206557|205190
3701|3356|1299|20473|47065|61574
28917|6939|1299|63139
553|14840|269288
28917|6939|1299|213205
199938|1299|3356|28370|263535
2500|2914|1299|6855|50698
47957|3356|1299|20473|201423
6908|174|6453|19318|209896
47147|1299|174|3130|47065|61574
28917|6939|1299|208905|212616
4775|1273|174|60068|205884
15605|47065|61574
20253|1299|174|21320|5408|50148
196621|6939|28370|269016
33891|14840|269288
12637|35598|52091|206810|213694
48070|6939|30893|9423
5413|1299|12956|212721
8220|1299|6204|44592|49581|209693
2027|47160|174|1916|47065|61574
397131|60011|3356|1299|22773|8119
206356|50629|5511|174|20473|47065|61574
28917|6939|1299|20473|62707
28917|6939|7018|401623
28917|6939|1299|33932
3491|1299|20473|399970
3399|5511|174|399697|39967|399697
57695|917|60068|1299|9002|8772|396416
139317|44324|32595|174|54113
57111|41327|6461|394737
4764|1299|8943|200636
44324|32595|174|395748
58308|6939|1299|27947|264836
41327|2603|21320|5408|47065|61574
327727|174|1299|6939|24796
1299|3491|216211|211575
48070|37468|52468|271150
328964|37468|1299|20473|47065|61574
3130|174|34927|202827
51873|6830|174|1916|47065|61574
28917|6939|1299|6855|49117
215596|174|140227|44324|205369
513|174|12956|212721
58308|6939|1299|265583
57695|917|60068|1299|20473|399970
210312|4601|6939|28917|47759
271253|6453|174|22381|267470|263047|264389
14537|3356|1299|6855|39904|47767
44324|32595|174|213966
21232|33891|44592|49581|209693
6461|174|3130|47065|61574
6830|3356|4230|2716
199524|1299|3356|28370
4601|6939|28917|21453|199933
4601|50869|34019|201281
47147|3320|1299|60068|216213|205884
48185|33891|216067|44244
12637|20473|30893
41722|20485|174|52468|271150
40994|9002|197068
139317|44324|32595|174|201896
28917|6939|1299|8551|714
553|7195|11432|271150|272738
9900|23764|3356|174|20473|47065|61574
139317|44324|32595|174|399646|13317
20485|174|3257|21034
40994|9002|8772|215536
50877|5405|14840|269288
12637|6939|25192|26710
29504|15935|174|20473|47065|61574
49544|33891|216067|44244
16552|3257|174|216211|211575
23367|1299|37468|60068|216213|205884
7713|174|1299|20473|47065|61574
206356|50629|1299|20473|399970
553|6939|2852|197451
41722|12389|174|60068|216213|205884
6830|6939|2852|212876
8280|6762|174|60068|216213|205884
44324|32595|174|394584
29075|174|216211|211575
28917|6939|64475
34927|56655|1299|25091|8298|4601|4492
47147|1299|20473|30893
35600|6939|42695|52011
64475|62255|52091|206810|208435
48070|1299|2914|226|47065|61574
137409|6461|21320|5408|47065|61574
12779|6939|24796
4764|1299|6461|394737
40387|1299|4230|2716
23367|1299|33891|216067|44244
398465|1299|3257|19318|201813
199938|1299|3356|28370|263963
58308|6939|1299|56898
210937|1299|174|140227|44324|205369
12859|1299|3257|20473|47065|61574
42541|62255|52091|206810|197643
58308|6939|1299|11492
3491|1299|60068|216213|205884
196621|6939|28370|263535
559|35598|52091|206810|211692|214268
37697|37497|1299|6855|39904|202605
8220|6453|1299|29695|206557|204503
34927|1299|9002|8772|396416
58057|50673|174|6461|394737
29075|174|60068|205884
2516|1299|29695|206557|205190
8283|6939|24796|63293
28917|6939|7018|22729
23367|1299|174|399697|39967|399697
64475|62255|52091|206810|57460
34288|1299|6453|29208
58308|6939|6830|23520|263785
37497|3491|1299|3920|206777
28624|3356|1299|6855|39904|47767
139317|44324|32595|174|396101
28917|20764|52091|206810|48595
57695|917|60068|174|34927|202827
42541|7195|28260|270548|52794|52659
3170|35598|52091|48158
28917|6939|61618|268364
64475|62255|52091|206810|57164
12956|174|210|47065|61574
58308|6939|1299|6204|25198
49432|48362|1299|10490|2722|12148|47065|61574
205206|1299|22773|8119
50304|1299|6855|39904|202605
8283|7195|11432|271150
48362|1299|2914|226|47065|61574
50673|174|60068|211571
49028|1299|174|32595|44324
207841|6939|200070
39351|174|140227|44324|205369
28917|6939|1299|7195|266409|61768|274675
174|3491|20473|399970
16347|1299|33891|216067|44244
9268|4764|1299|6855|39904|47767
28917|6939|7794
2734|2914|1299|35598|52091|206810
59890|174|20473|47065|61574
139317|44324|32595|174|27988|272879
4601|50869|41051|201377
58308|6939|5405|47583
58308|6939|1299|20473|208884
6424|6939|39790
56662|8283|47065|61574
209650|34927|1299|60068|211571
34854|1299|37468|52468|262393
209650|34927|1299|6453|29208
6730|6830|1299|6855|39904
151326|174|7311|835|394273
34800|58057|50673|174|201814|209896
24785|6830|3356|28370|263060
7018|3356|53062|266493|61625
6894|174|35598|25308|28917|9049|51017
52025|174|6453|29208
328840|327727|174|3356|3223|41327
6730|6830|32787|202161
139317|44324|32595|174|273264
207841|6939|28917|12668|197404
35426|215596|1299|20473|399970
50629|20764|52091|206810|12773|44710
28917|6939|1299|27947|13335
28917|6939|1299|20473|205008
23367|1299|56504|47674
6461|174|5538|8194|29345
58057|174|20473|47065|61574
34019|61568|266460|61625
174|6461|9498|20473|47065|61574
139317|44324|32595|174|47787
6894|174|3257|20473|47065|61574
12969|1299|3356|8119
205206|1299|3356|28370
19653|30600|174|399697|39967|399697
7474|3257|174|140227|44324|205369
20253|1299|6855|39904|199604
8455|1299|6453|4755|7768
680|2914|174|3130|47065|61574
271253|174|201814|209896
28917|6939|25192|29067
28917|6939|1299|23520|264821|274070
58308|6939|1299|1759|29422|207006
28917|6939|1299|13335
41327|174|60068|205884
37271|28917|215730|209693
1299|3356|28370|267556
14315|6453|1299|6855|39904|199604
5413|1299|3257|210329|215728
398465|1299|201814|209896
216285|8280|6762|174|60068|197103|212080
28917|6939|1299|14722
52075|6762|174|5538|8194|29345
2734|3257|174|201814|209896
28917|6939|1299|48448
198249|9002|12555|48430
139317|44324|32595|174|201102
47160|6939|28370|270962
51519|39351|174|3356|28370|268521
4601|6939|28917|6789|200702
28917|6939|1299|20473|58057
31510|174|12956|212721
210312|4601|50869|58299|209898
17639|174|210|47065|61574
202365|50673|174|28189|266931|269250|271150
34019|6939|50989|33837
39122|1299|3223|41327|51580
44324|32595|174|32505|397370|6936
34019|201376|199881
48919|174|3257|20473|47065|61574
398465|1299|25091|8298|4601|4492
15605|6939|42695|43101
205206|1299|29695|206557
31742|1299|1680|20473|47065|61574
6461|174|28189|266931|269250|271150
19151|2914|174|20473|47065|61574
28917|6939|1299|21559|271945
12969|1299|3356|28370|268521
3356|174|399697|39967|399697
58308|6939|1299|20473|401637
210312|4601|6939|28917|204623
50673|33891|216067|44244
7594|174|210|47065|61574
207841|57463|22356|52468|271150
139317|44324|32595|174|55022
44324|32595|174|14051|400097
8280|6762|174|37468|61568|266460|61625
28917|6939|1299|52468|273832
35600|6939|29222|207688
12779|6939|28370|28657
139317|44324|32595|174|20473|47065|61574
680|2914|174|20473|47065|61574
28917|6939|1299|131429|13335
4601|50869|44324|199018
55222|1299|29695|206557|208835
151326|174|28189|266931|269250|271150
6894|174|13335|400095
12637|174|3130|47065|61574
29222|6939|28917|25386
49605|6762|1299|34927|202532
50629|20764|52091|206810|56766
28917|20764|52091|206810|211692|214268|197578
15605|35598|52091|206810|59815|25299
210312|4601|6939|28917|6789|200702
50304|1299|10490|2722|12148|47065|61574
8283|6453|8551|44709
1031|999|6453|174|3130|47065|61574
14537|174|10490|2722|12148|47065|61574
57381|50304|1299|3356|22381|267470|263047|264389
58308|6939|52838|269035
207841|6939|28917|50923
3320|1299|20473|201423
17639|174|60068|216213|205884
28917|6939|1299|20473|201235
28917|6939|1299|31108
3741|174|22381|267470|263047|264389
29222|6939|6424|203020
398465|174|14840|269288
3399|5511|1299|34927|202532
39122|174|3257|9498|20473|47065|61574
4775|1273|1299|12859|47065|61574
15562|2914|1299|3920|206777
28917|6939|1299|29447
8280|6762|174|11432|271150|272738
35600|13335|400095
58308|6939|1299|20473|63538
28917|6939|1299|20115|20001
4826|1299|20473|399970
28917|6939|1299|36352|399275
40994|6939|28370|264426
59105|2518|2914|174|37468|61568|266460|61625
29222|6939|28917|44812
199524|1299|7545|20473|47065|61574
199524|174|3257|21034
327983|37497|3491|174|60068|197103|212080
50629|264409|61832|266460|61625
56655|1299|60068|216213|205884
47147|1299|37468|60068|216213|205884
4601|8298|25091|2603|21320|5408|47065|61574
17350|2914|174|3130|47065|61574
28917|6939|1299|34170|138915|140666
4601|50869|6939|28917
39122|1299|8551|44709
139317|44324|32595|174|211083
8426|3257|174|3130|47065|61574
398465|3320|1299|37468|53062|266493|61625
207841|6939|42695|52011
48070|1299|174|22381|267470|263047|264389
58308|6939|28917|6789
917|60068|1299|20473|399970
48070|6939|50989
23367|1299|29695|206557|208835
45049|6696|1299|6855|39904
12956|1299|6855|50698
852|174|11432|271150
49544|1299|6855|39904|202605
57695|917|60068|1299|3223|41327|51580
28917|6939|1299|1759|51188
50629|6461|52320|7162|13878|52468|271150
15605|6939|30893|13214
8283|20764|52091|206810|57460
40994|57463|41327|43648
28917|6939|1299|141039
41095|3356|1299|22773|8119
132825|174|6461|394737
4601|8298|8283|2914|20473|47065|61574
58308|6939|42184|196932
58308|6939|47160|210979
40994|57463|41327|43648|208499
58308|6939|1299|8151
210312|4601|6939|28917|24651
28917|6939|1299|62904
9268|4764|174|37468|61568|266460|61625
210312|4601|50869|34019|200162
40994|6939|59689
8455|1299|10490|2722|12148|47065|61574
29222|6939|15962|21433
3320|1299|35598|52091|206810
24961|1299|10490|2722|12148|47065|61574
28917|6939|1299|20473|132479|153033
28917|6939|1299|21859|62610|213618
6424|6939|2852|197277
28917|6939|1299|18734|28545|28549
58308|35598|52091|59815
205206|1299|3356|28370|268198
28917|6939|1299|62874|22400
11039|6461|174|3130|47065|61574
3491|174|60068|197103|212080
35426|215596|1299|6762|267470|263047
60068|33891|56630|209944
199938|1299|3356|8119
28917|6939|1299|16509
204092|34019|3223|41327|51580
58308|6939|1299|3223|214673
15605|6939|50989|48116
50629|3223|41327|51580
58308|6939|1299|39351
2914|1299|6855|50698
3399|47311|150249|153176
15547|3303|174|52468|271150
204092|6939|29222
293|3356|1299|34927|202532
7713|174|1299|34927|202532
53828|2914|174|60068|216213|205884
1299|4637|20473|47065|61574
14907|1299|13335|400095
4601|50869|41051|212470
210937|1299|174|204548|215728
6424|6939|28917|39134|39561|197695
5413|1299|20473|201423
206499|34549|1299|8551|44709
34927|174|60068|216213|205884
35280|6453|174|399697|39967|399697
58308|6939|6830|23520|270200|272314
20205|1299|3223|34224|12735
35600|6939|28917|20985
58308|6939|1299|3301|201087
34288|1299|6762|267470|263047
9044|1299|6453|19318|201813
58308|6939|6830|23520|263703|272018
28917|6939|1299|23520|272935|271943
16347|1299|56504|47674
59414|6830|3257|21034
41722|20764|174|210329|215728
34927|1299|3356|16735|273514
5413|1299|6453|29208
12779|174|140227|44324|205369
64475|62255|52091|48158
58308|6939|1299|136468
34927|56655|1299|56630|209944
29222|6939|6424|39384
39351|1299|2914|226|47065|61574
28917|6939|39791|198002
139317|44324|32595|174|5719
32590|1299|6855|39904|202605
50877|5405|6461|210|47065|61574
44324|32595|174|44222
55222|174|201814|209896
28917|6939|1299|3223
64475|37271|20473|47065|61574
20912|12637|47065|61574
15605|59692|12555
198249|58115|21263|41504
29222|6939|61618|268492
3549|3356|174|204548|215728
34019|6939|28370
58308|35598|52091
15623|6830|34927|202827
28917|6939|1299|23520|27717
50629|6939|215172|214955
34019|29169|174|3130|47065|61574
139317|44324|32595|174|22150
28917|6939|1299|11019|30361
20932|1299|6762|267470|263047
4601|50869|215828|201541
12779|35598|52091|44660
151326|174|3356|3223|41327|51580
37468|28917|215730|209693
39122|174|3130|47065|61574
1299|174|22381|267470|263047|264389
31742|174|3130|47065|61574
9044|1299|2914|226|47065|61574
6830|6939|50989
24785|6830|3356|28370
2914|1299|6855|39904
7018|1299|22773|8119
210312|4601|50869|6939|30893|200690
559|35598|52091|206810|196638|42702
41095|6830|60068|211571
29222|1299|3920|206777
8220|1299|3356|8772|215536
28917|6939|7018|397602
49544|1299|6762|60068|205884
12779|174|20473|47065|61574
44324|32595|174|399646|200329
6424|137409|48011|25184|49801|204533
139317|44324|32595|174|56501
44324|32595|174|396101
46450|1299|3257|60068|206406|210557
139317|44324|32595|174|21433
204092|6939|28370|263535
28917|6939|1299|20473|401870
60068|1299|3920|206777
58308|6939|1299|15133
40994|57463|41327|60530
8455|1299|7545|20473|47065|61574
8220|1299|4230|2716
29222|6939|28917|8926
58308|6939|1299|23118
553|6939|39790
40994|6939|28370|263535
3170|35598|52091|206810
51519|39351|174|7545|20473|47065|61574
48070|6939|28917|47438
31742|1299|6453|4755|7768
19653|30600|174|52468|271150
40994|6939|28370|28657
37271|174|216211|211575
139317|44324|32595|174|6621
16552|1299|3356|216211|211575
28917|6939|1299|6855|35096
49432|48362|1299|7545|20473|47065|61574
917|60068|174|11432|271150|272738
34927|56655|1299|6453|29208
20612|9044|1299|8551|44709
132337|174|60068|211571
58308|6939|25192|29067
34927|1299|20473|47065|61574
48070|1299|3356|28370|28657
36924|1299|60068|216213|205884
34019|7195|28189|266931|271615|273522|271150
58308|6939|1299|51057
1299|7195|11432|271150|272738
61218|29632|9002|3356|1299|20473|47065|61574
58057|174|28189|266931|269250|271150
63018|174|210329|215728
17660|6453|174|28189|266931|269250|271150
35600|15557|206865|3215|5511|174|199727|12645
215596|1299|20473|201423
328512|5713|174|201814|209896
328840|327727|174|3356|16735|273514
12859|1299|174|204548|215728
58308|6939|25400|15765
31510|174|216211|211575
12859|22356|28370|267556
39120|174|6453|4755|7768
12779|174|399697|39967|399697
286|1299|198949|35676
15547|174|28189|266931|269250|271150
210937|1299|3223|41327
3130|174|210329|215728
37739|3491|174|60068|216213|205884
28917|6939|1299|28423
14630|2914|1299|198949|35676
41327|6939|2852|48091
28917|6939|1299|61327
15547|33891|44592|49581|209693
13030|1299|3356|8119
44324|32595|174|20278|395092
2734|57463|215248
28917|6939|1299|212318
7922|1299|20473|47065|61574
28917|6939|1299|33549
34927|1299|10490|2722|12148|47065|61574
58308|6939|200462|215163
15935|174|60068|197103|212080
58057|1836|174|3356|28370|28657
199524|174|3257|60068|206406|210557
35280|1299|198949|35676
41327|7195|28260|270548|52794|52659
49028|1299|4230|52654|266493|61625
64475|20473|30893
28917|6939|41720|208229
35600|6939|28917|12668|51883
2734|142111|152672|174|3257|40676|40812
58308|6939|1299|210015
140627|1299|6453|19318|201813
41666|29632|215536
28917|6939|1299|52468|269935
20514|1299|3356|28370|53079
58308|35598|52091|59815|25299
37239|37468|174|399697|39967|399697
41327|174|204548|215728
58308|6939|6830|23520|52286|264764|273041
47147|1299|56630|209944
58057|1836|174|204548|215728
46450|1299|17676|216211|211575
139317|44324|32595|174|35598|48108|208626
34927|6830|60068|211571
35008|1299|174|3130|47065|61574
49028|1299|6855|50698
553|6939|2852|199711
7474|7473|1299|20473|47065|61574
6453|174|3130|47065|61574
35600|50263|21263
139317|44324|32595|174|140627|17456
8283|2914|20473|399970
29222|6939|6830|33915|208240
198249|13030|12859|47065|61574
28917|6939|6830|23520|64126|274130
3216|1273|174|37468|61568|266460|61625
59689|29075|174|216211|211575
28917|6939|7018|22241|400745
34927|174|7311|835|394273
32590|37100|1299|6855|39904
44324|32595|174|394634
49788|1299|12956|212721
20055|174|20723|2852|202874
39122|1299|3356|28370|269016
52873|12956|1299|198949|35676
28917|6939|262365
5413|2603|21320|5408|47065|61574
58308|6939|1299|29774
8283|7195|20473|47065|61574
44324|32595|174|201102
28917|6939|1299|20473|397546
58299|266493|61625
19653|30600|1299|6855|50698
8280|5408|47065|61574
34927|60011|3356|21320|5408|47065|61574
7713|1299|5511|49666|58224|214805
8283|35598|52091|206810
213151|34927|12859|47065|61574
28917|6939|1299|14522|52458
7018|2914|20473|201423
6730|6830|174|210329|215728
7713|9002|3356|174|11432|271150|272738
680|33891|216067|44244
34927|52025|137409|48011|25184|49801|204533
12859|22356|28370|270962
12637|1299|8551|44709
50629|20764|52091|206810|59815
58308|6939|1299|12025|40289
20253|1299|7195|11432|271150
28917|6939|1299|60068|400799
58308|6939|559|200233
64475|6939|2852|201648
8283|20764|52091|206810|50204
62167|174|37468|270551|263047
199524|174|14840|269288
57777|8298|25091|1299|3223|34224|12735
14315|174|7311|835|394273
293|3356|1299|20473|47065|61574
58308|6939|1299|31915
21232|15576|174|399697|39967|399697
29222|6939|205081
132825|174|35598|52091|206810
58308|6939|1299|23487
28917|6939|6830|23520|54082|263725|271981
64475|62255|52091|206810|197643
58308|6939|6830|23520|64126|274168
20612|9044|1299|174|210329|215728
971|174|30844|21351|60132
29222|6939|12735|51559
35426|215596|174|28189|266931|271615|273522|271150
3130|174|6762|49666|58224|214805
139317|44324|32595|174|28511
207841|6939|28370|269016
49028|1299|20473|30893
3170|37468|53062|266493|61625
8529|28917|215730|209693
52320|1299|20473|201423
50304|1299|7195|28189|266931|271615|273522|271150
20130|23352|2914|12859|47065|61574
8283|6939|24796
6830|174|32595|44324
140627|1299|3356|28370|267608
4601|50869|34019|202945|210960
52025|174|6453|4755|7768
210312|4601|50869|214329
3170|20764|43298|48678|210574
28917|6939|56595|207067
28917|6939|1299|23520|22724
210312|4601|50869|52025|201676
139317|44324|32595|174|28539
58308|6939|1299|204805
12859|1299|21351|60132
11845|37468|1299|198949|35676
17350|6453|1299|16276|203019
199524|1299|3356|28370|28657
59890|174|201814|209896
2500|2914|1299|198949|35676
28917|6939|39791|49101|51449
199524|174|32595|44324
28917|6939|7018|11992
23367|1299|6855|39904
16552|2914|174|20723|2852|202874
20764|174|56630|209944
28917|6939|1299|36352|55286
51519|39351|174|3356|16735|2716
14537|33891|44592|49581|209693
58308|35598|52091|206810
49432|48362|1299|6204|44592|49581|209693
28917|6939|1299|394380
12779|7195|11432|271150|272738
28917|6939|1299|199524
48070|6939|28370|264426
20764|174|60068|197103|212080
4601|50869|41051|215006
513|174|56630|209944
28917|8455|8283|47065|61574
8220|6453|2914|12859|47065|61574
64475|62255|52091|206810|24881
37468|1299|20473|47065|61574
34800|58057|50673|174|20473|47065|61574
3170|9304|136897|174|3491|137969|132824
210312|4601|50869|6939|2852|210498
29680|174|210|47065|61574
49432|48362|1299|3356|28370|267556
3399|174|210329|215728
553|6939|28917|198297
8455|1299|6855|39904
28917|22356|52468|271150
29222|6939|30893|199580
23367|1299|6461|210|47065|61574
28917|6939|48678|209828
210312|4601|50869|41051|208487
553|6939|28917|48084
28917|3257|174|3130|47065|61574
35280|6453|174|11432|271150|272738
8455|1299|6855|50698
42541|13335|5408
39122|174|210|47065|61574
40387|1299|12956|212721
58308|6939|207995
42541|1299|6762|267470|263047
45352|174|3257|60068|206406|210557
50877|5405|49581|209693
15562|2914|174|20723|2852|202874
42541|7195|28343|2716
12956|6830|60068|216213|205884
39122|1299|3223|41327
205112|50629|3223|41327
59890|174|10490|2722|12148|47065|61574
553|9002|12555|48876
64475|31133|12389|28917|8905|42132
58308|6939|47674
327727|174|37468|53062|266493|61625
58308|6939|1299|58453|9808|2010
31510|174|6453|29208
3701|3356|1299|12859|47065|61574
20253|1299|20473|399970
50877|5405|6939|33924
196621|6939|28917|47438
32590|1299|3356|8119
139317|44324|32595|174|2860|215446
3741|33891|216067|44244
205206|1299|6762|267470|263047
64475|6939|28370|263535
58308|6939|6830|23520|263703|269820
199524|47311|150249|212001
2497|1299|917|214598
6830|6939|28917|198297|51081
6830|174|60068|197103|212080
7713|174|1299|8551|44709
394256|174|210|47065|61574
25160|41327|24796|12779|197000
48185|1299|6453|29208
44324|7720|10111|1299|60068|197103|212080
6424|6939|28917|48610|57712
8758|15576|56630|209944
207841|6939|28917|48084|35816
28917|6939|1299|20473|137264
196621|8758|15576|174|204548|215728
8220|1299|3356|20473|47065|61574
4826|1299|35598|52091|206810
553|1299|20473|201423
12637|1299|3216|51032|41344|39707
23367|1299|6057|28283|268744|2716
28917|6939|1299|6400|272867
1299|3356|21320|5408|47065|61574
58308|6939|1299|199150
44324|32595|174|12843
34927|60011|3356|1299|201814|209896
16552|1299|6762|49666|58224|214805
139317|44324|32595|174|203623
6424|6939|28370
16552|1299|6461|394737
1140|24785|6830|174|11432|271150
328964|37468|3257|174|3130|47065|61574
39392|174|20473|47065|61574
58308|6939|1299|265620|270111
49788|1299|3920|206777
17639|174|52468|271150
30844|174|201814|209896
53828|2914|174|8551|20473|47065|61574
174|6762|49666|58224|214805
64475|6939|200070
1403|577|1299|12859|47065|61574
4181|1299|60068|216213|205884
559|6939|50989|33837
7713|1299|6461|394737
17350|2914|174|5538|8194|29345
28917|6939|1299|18734|270137
64475|62255|52091|206810|34786|41875
40387|1299|3356|8119
553|7195|28189|266931|271615|273522|271150
553|62255|52091|206810|24881|24697
24516|174|3257|19318|209896
8220|1299|174|60068|205884
210312|4601|50869|52025|214508
9268|4764|1299|12956|212721
210312|4601|50869|13335|400095
15935|6461|394737
58308|6939|6830|58299|211286
30781|1299|6855|39904|199604
15576|3356|21320|5408|47065|61574
20253|1299|60068|211571
56655|1299|174|204548|215728
58057|50673|12859|47065|61574
174|138997|216211|44324|205369
41327|6939|2852|197277
20932|1299|6453|19318|201813
2734|9304|136237|174|137995|136237
29222|174|52468|271150
328840|327727|174|6453|19318|209896
34019|6939|24796|63293
49432|48362|1299|174|60068|216213|205884
28917|6939|1299|20473|215223
210312|4601|6939|28917|44056|57629
6696|1299|6855|39904|205968
62167|174|6453|29208
29504|15935|174|12956|212721
139317|44324|32595|174|32244|201682
6424|6939|28370|270962
1403|577|3491|5408|47065|61574
29691|33891|60068|211571
50877|5405|20764|43298|48678|210574
151326|174|37468|61568|266460|61625
210312|4601|50869|6939|2852|61110
28917|6939|1299|20473|44754
215596|1299|198949|35676
29222|6939|50989|205966
49432|48362|1299|174|22381|267470|263047|264389
4601|8298|25091|1299|10490|2722|12148|47065|61574
14907|12859|47065|61574
64475|6939|30893|200690
9044|1299|3356|8119
12637|13335|5408
15605|35598|52091
29075|1299|3257|60068|206406|210557
35426|215596|174|210|47065|61574
5413|1299|22773|8119
35600|6939|2852|210498
58308|6939|5405|147049
12859|9498|20473|47065|61574
28917|6939|1299|137366|137363
44324|32595|174|53667|216340
58057|34549|174|140227|44324|205369
50877|6762|174|20473|47065|61574
48070|37468|60068|216213|205884
139317|44324|32595|174|398156
35426|215596|174|22381|267470|263047|264389
4601|50869|215828|215849
5511|174|20473|47065|61574
37739|3491|1299|6855|50698
50304|1299|3356|8119
8218|6461|174|210329|215728
398465|4826|1299|20473|47065|61574
207841|6939|59970
328206|37739|3491|174|210|47065|61574
12859|6461|394737
4230|1299|29695|206557|204503
12859|1299|174|20473|47065|61574
15605|35598|52091|206810
139317|44324|32595|174|3130|47065|61574
139317|44324|32595|174|394814
917|60068|174|210329|215728
29479|50304|1299|6855|39904|47767
8283|20764|52091|206810|197643
8529|1299|56504|47674
37239|37468|1299|6855|39904|47767
3257|174|21320|5408|47065|61574
29222|1299|21351|60132
14537|13786|174|399697|39967|399697
31742|1299|20473|47065|61574
205206|33891|212815|52053
3130|174|3257|21034
48070|6939|30893
6730|6830|9002|12555|48430
28917|6939|28370|268521
7018|6939|2852|212876
28917|6939|1299|23520|267713
8283|20764|52091|206810|196638|42702
6830|174|35598|52091|206810
35600|35625|5511|174|52468|271150
199524|1299|6762|267470|263047
3170|174|3130|47065|61574
31510|174|2914|226|47065|61574
44324|32595|174|399646|54591
29222|6939|2852|48091
3130|174|35598|52091
139317|44324|32595|174|53471
139317|44324|32595|18423|137409|6461|1299|25091|8298|4601
20253|1299|4230|2716
12637|57463|14840|2716
6730|6830|3356|1680|44709
50629|20764|52091|206810|196638|42702
7018|1299|42303|51701|30893
58308|6939|28917|20985
199524|174|210|47065|61574
28917|6939|1299|60068|216213|215434
34019|6939|60432
6830|6939|2852|197451
57111|41327|1680|44709
971|174|3356|28370|28657
6082|174|201814|209896
47311|150249|212001|199376
28917|6939|6830|23520|52286|264764|273897
8280|6762|1299|6855|50698
46450|1299|6762|49666|58224|214805
42541|1299|174|60068|205884
6830|6939|28917|47914
28917|6939|1299|265620|272344
18106|33891|60068|211571
58308|35598|52091|206810|12773|44710
135895|137409|33891|60068|211571
58308|35598|52091|206810|197643
44324|32595|174|41427|209847|26383
32590|37100|174|399697|39967|399697
327960|174|60068|211571
6424|174|3130|47065|61574
35008|1299|174|204548|215728
12859|1299|174|60068|205884
7018|174|1916|47065|61574
50304|1299|174|216211|211575
29222|6939|62000|198825|214029
28917|22356|28370|273514
553|6939|28917|48084|59833
58308|6939|29208|211731
28917|6939|1299|23520|272935|267845|272083
6461|174|32595|44324
21232|13030|1299|12956|212721
20205|1299|25091|8298|4601|4492
37697|3491|174|28189|266931|271615|273522|271150
328206|37739|3491|1299|3920|206777
174|20723|2852|202874
48919|9002|21320|5408|47065|61574
49788|1299|20473|47065|61574
58308|6939|33891|20830
58308|6939|1299|34628|34652
8283|2603|21320|5408|50148
213151|34549|174|1916|47065|61574
139317|44324|32595|174|210156
263152|174|3491|20473|47065|61574
59919|12779|174|399697|39967|399697
34927|52025|1299|6855|39904|47767
28917|6939|1299|52468|272883
8455|6830|60068|216213|205884
28917|6939|1299|6400
28917|6939|1299|27947|52257
210312|4601|50869|52025|205514
39122|1299|198949|35676
35600|6939|28917|198297
28917|6939|1299|20473|216301
29222|6939|53764
6830|6939|28917|39238
8283|20764|52091|206810|210063
51873|6830|174|140227|44324|205369
58057|50673|174|12956|212721
559|37468|270551|263047
58057|50673|174|60068|211571
47147|1299|20473|47065|61574
3356|1299|12859|47065|61574
327960|327782|5511|174|8551|20473|47065|61574
34019|7195|28189|266931|269250|271150
55222|1299|6855|39904|199604
4601|50869|34019|205816
60011|3356|1299|6855|39904|202605
41327|6461|7473|38001|25192
15605|6939|2852|201648
44393|35710|4809|1299|20473|399970
205206|1299|6453|29208
210312|4601|50869|34019|204092|202945
49605|6762|1299|6855|39904|199604
553|6939|50989
7018|6939|50989|48116
35266|1299|6855|39904|47767
28917|6939|1299|32270|265547
6424|37468|52468|271150
553|9498|20473|47065|61574
3130|174|6453|4755|7768
12779|6939|30893|205563
35600|35598|52091|206810|59867
28917|6939|25400|49278
136557|174|3356|8551|44709
2027|47160|174|216211|211575
209650|34927|1299|3257|19318|201813
35280|6453|174|140227|44324|205369
139317|44324|32595|174|136493
29169|174|3130|47065|61574
58308|59689|30781|1299|198949|35676
58308|6939|6830|23520|52471
42473|1299|56504|47674
64475|6939|29222|207688
58511|3257|174|60068|205884
28917|6939|1299|198818
44324|32595|174|401555
28917|6939|1299|20473|210387
28917|6939|1299|23033|399275
35600|9002|12555
37053|5713|174|3257|21034
28917|6939|1299|20473|45275
42473|1299|3356|28370|263535|268030
553|1299|3356|28370|53079
3399|5511|174|210|47065|61574
49028|1273|3216|51032|41344|39707
57695|917|60068|174|5538|8194|29345
209650|34927|1299|3223|34224|12735
35008|1299|29049|49666|205647|49801|204533
28917|6939|7018|15084
6830|3356|53062|266493|61625
28917|6939|1299|14080|269902
42541|62255|52091|206810|34786|41875
28917|6939|1299|11019
20205|174|3257|21034
34177|1299|3356|28370|267608
58308|6939|1299|52468|271933
50304|1299|201814|209896
64475|62255|52091|206810|214721
44324|32595|174|210477
58299|62255|52091|206810|59815
559|137409|48011|25184|49801|204533
199524|174|5538|8194|29345
20514|1299|5511|60068|206406|210557
7018|6939|2852|61110
55720|3491|174|34927|202827
553|62255|52091|206810|12773|47809|50780
64475|6939|50989|48116
35598|174|60068|211571
4777|2497|174|11432|271150|272738
34927|60011|3356|1299|3920|206777
35600|6939|25192|20701
34019|47160|174|399697|39967|399697
58308|6939|208453|214639
29680|174|5538|8194|29345
58308|6939|6830|23520|27665|263222|274045
48362|1299|8551|44709
6424|4601|4492
58308|6939|6830|23520|263238|274004
3320|174|52468|271150
6424|174|21320|5408|50148
971|174|35598|52091
50304|1299|174|37468|61568|266460|61625
35426|215596|1299|3356|28370|53079
4181|1299|8551|20473|47065|61574
22652|1299|29695|206557
28917|6939|1299|20473|137521
44324|32595|174|13999|273269
49028|1299|6939|393682
41722|12389|174|20473|47065|61574
3170|8551|44709
14315|174|16276|203019
28917|6939|1299|20473|214610
30844|8283|47065|61574
398465|4826|1299|8551|44709
56655|1299|7195|28189|266931|271615|273522|271150
44324|32595|174|22168
20514|1299|174|399697|39967|399697
36924|1299|3356|28370|264426
12969|1299|12956|212721
6424|6939|50989|50683
204092|6939|54429
12956|174|52468|271150
139317|44324|32595|174|55410
209650|34927|1299|6453|4755|7768
394256|174|6461|394737
1403|577|174|1916|47065|61574
28917|6939|1299|14080|10620
41722|20485|1299|6855|39904
28917|6939|1299|20473|204291
4601|50869|58299|48971|208200
58308|6939|3170
24785|6830|3491|20473|47065|61574
56655|1299|37468|52468|271150
28917|6939|1299|52468
6424|6762|1299|198949|35676
15547|8455|8283|47065|61574
35600|13237|196714|5405|199284|15725|49885
42541|1299|12956|212721
6730|6830|174|21700|399914
28917|20764|52091|206810|8274
49028|1299|7195|28343|2716
6730|6830|1299|198949|35676
37662|174|210329|215728
44324|32595|174|206067
37100|1299|198949|35676
50629|1680|44709
9044|174|11432|271150
12637|6939|393682
12859|1299|12956|212721
34854|34927|202532
2497|2914|174|20473|47065|61574
559|6939|28370|263535
16347|1299|6855|39904
13030|1299|198949|35676
25160|174|32595|44324
210312|4601|6939|28917|198297|51081
4637|3257|174|3130|47065|61574
8283|6461|9498|20473|47065|61574
25091|3356|174|20473|47065|61574
8283|6453|29208
559|35598|52091|59815|25299
44324|32595|174|4058
30600|1299|6855|50698
8220|1299|17676|216211|44324|205369
28917|6939|6830|23520|262191|273926
9268|4764|1299|20473|399970
1299|6762|60068|205884
210312|4601|50869|34019|207910
13030|1299|201814|209896
35008|1299|174|20473|47065|61574
3320|1299|10490|2722|12148|47065|61574
4764|1299|6855|39904|47767
44324|32595|174|20473
40387|1299|34927|202827
57111|174|60068|197103|212080
210937|1299|60068|197103|212080
20612|9044|1299|174|204548|215728
210937|1299|3356|28370|268198
58308|29075|1299|20473|47065|61574
22652|174|6461|394737
50304|1299|20473|399970
29222|6939|263047|268105
58511|12859|47065|61574
263152|174|10490|2722|12148|47065|61574
2734|64200|7018|1299|25540
6696|1299|16164|36032
3356|1299|32787|202161
58308|6939|1299|39029
28917|6939|1299|20473|210659
58308|6939|1299|20473|215507
42541|16276|203019
33891|34927|202532
28917|6939|7018|26153
553|6939|2852|200874
56987|1299|6855|39904|47767
204092|6939|28370|267556
513|174|28189|266931|271615|273522|271150
38001|3491|174|204548|215728
5405|16276|203019
34019|6939|50989|50683
6720|1764|174|210|47065|61574
29222|6939|212635
513|29222|6939|199095
29222|6939|7018|399611
58308|6939|6830|23520|273871
209650|34927|1299|60068|197103|212080
34927|56655|1299|8551|44709
139317|44324|32595|174|9457|138199
3491|174|10490|2722|12148|47065|61574
12637|174|204548|215728
12779|35598|52091|206810|196638|42702
8529|6453|174|11432|271150|272738
6730|6830|174|28283|268744|2716
139317|44324|32595|174|393684
28917|6939|1299|20940
6424|6939|29222|513
28917|6939|1299|206264
49028|1299|198949|35676
8529|1299|174|216211|211575
4181|1299|8943|200636
327727|174|28283|268744|2716
19653|30600|174|37468|61568|266460|61625
4181|1299|6855|39904|202605
327804|37271|174|60068|216213|205884
58308|4601|4492
20514|1299|3356|28370|263535
49605|6762|174|11432|271150
35600|35598|52091|206810|8274
59689|29075|174|20473|47065|61574
17639|1299|8551|20473|47065|61574
28917|6939|1299|20473|32434
12637|1299|7545|20473|47065|61574
28917|37271|20473|47065|61574
559|13335|5408
44324|32595|174|327727
37239|37468|174|6453|4755|7768
12637|6939|28917|39134
4601|50869|34019|211868
44324|32595|174|33154|398461
64475|62255|52091|206810|211692|214268|196977
28917|6939|1299|20115|40264|14440
14537|3356|1299|8551|44709
852|33891|60068|211571
58308|6939|1299|33932
50304|1299|20473|201423
64475|6939|28370|28657
29222|6939|39791|198002
207841|6939|28917|48610|57712
12779|35598|52091|206810|39089
50628|1299|8551|44709
58057|50673|174|28189|266931|269250|271150
3399|174|20473|47065|61574
28917|6939|1299|209255
16552|1299|3223|41327
139317|44324|32595|174|16637|36974|20940
50877|5405|1299|174|37468|61568|266460|61625
63927|1299|198949|35676
58308|39801|29222|41495
6424|1299|20473|47065|61574
210312|4601|6939|28917|197078
6461|174|8551|20473|47065|61574
48070|15412|9304|17639|141210|138678|9299|3491|174|48678
48362|1299|174|60068|205884
28917|6939|1299|60610|48686
58308|6939|1299|1759|51164|20574
327960|174|210329|215728
23367|1299|6762|16735|273514
23473|174|37468|61568|266460|61625
58308|6939|2852|213152
7018|1299|917|214598
29222|9002|12555
50300|174|3130|47065|61574
3356|1299|33891|216067|44244
28917|6939|1299|60068|212786
37100|33891|60068|211571
136557|174|3356|28370|28657
44324|32595|174|57974|401452
205112|50629|33891|60068|211571
174|204548|215728
49544|3356|174|52468|271150
15605|35598|52091|206810|12773|44884
199524|174|60068|216213|205884
58308|6939|40994|205563
327960|327782|37100|1299|20473|47065|61574
42473|1299|174|204548|215728
28917|6939|268624
398465|1299|3356|28370|28657
58308|6939|25192|20701
263237|174|2914|20473|201423
58308|6939|40994|198510
148968|7474|3257|174|8551|20473|47065|61574
2497|1299|6855|50698
559|6939|30893|205563
28917|6939|1299|18734|16960
44324|32595|174|35598|204490|215330
52873|12956|174|20723|2852|202874
577|1299|12956|212721
51519|39351|1299|4637|20473|47065|61574
49432|48362|1299|6453|4755|7768
5413|1299|17676|216211|44324|205369
45049|6696|1299|6855|39904|199604
37721|174|210329|215728
28917|6939|1299|20473|206946
8426|33891|44592|49581|209693
3170|6939|28917|44056|57629
917|60068|1299|23764|35168|212999
29222|6939|42184|196731
28917|37468|53062|266493|61625
559|6939|207995
12956|174|37468|61568|266460|61625
559|62255|52091|206810
3356|174|16276|203019
22652|174|22381|267470|263047|264389
8455|21320|5408|47065|61574
12637|1299|3356|8119
207841|6939|28917|47438
28917|6939|1299|20473|151418
49028|1299|3356|16735|273514
917|60068|1299|34927|202532
32590|33891|60068|211571
23764|8455|8283|47065|61574
6057|6461|1299|8551|44709
209|3356|1299|6855|39904|199604
4601|50869|34019|51306
28917|6939|1299|23520|262191|264653
202365|50673|174|3356|28370|28657
136557|174|60068|197103|212080
3333|1257|174|140227|44324|205369
199524|174|56630|209944
58308|59689|30781|1299|6855|39904
58308|35598|52091|206810|59815
29222|6939|50989|50683
39351|1299|6855|39904|47767
5413|1299|8551|44709
196621|6939|50989|50683
28917|6939|1299|52468|271785
35280|1299|42303|51701|30893
198249|264409|61832|266460|61625
50673|28917|215730|209693
139317|44324|7720|10111|1299|198949|35676
2914|5405|8943|200636
8220|6453|1299|29695|206557|205190
209650|34927|1299|20473|47065|61574
1299|7195|28283|268744|2716
12859|35598|52091|206810|211692|214268
16552|2914|174|11432|271150|272738
917|60068|33891|7195|20473|47065|61574
12637|6939|2852|61110
22652|174|1916|47065|61574
28917|6939|6830
44324|32595|174|55286|399122
6830|174|201814|209896
28917|6939|1299|20473|40216
28917|6939|48678|213407
29691|8758|3303|174|52468|271150
44324|32595|174|47787
28917|6939|1299|12252|272111
1140|24785|1299|6762|16735|273514
4230|1299|6855|39904|47767
4601|50869|207907
50300|33891|44592|49581|209693
196621|6939|54429|401894
58308|6939|1299|394923
50673|174|3356|8119
29222|6939|263047|267961
29222|32787|202161
207841|6939|60432
41666|37468|53062|266493|61625
4601|50869|205848
28917|6939|1299|23520|263824
207841|6939|42695
28917|6939|1299|60068|206216
23367|1299|42303|51701|30893
28917|6939|1299|62917
553|1299|6453|19318|209896
38001|3491|1299|3920|206777
3491|1299|56630|209944
4637|6830|34927|202827
44324|32595|174|395500
553|62255|52091|206810|34786|41875
7018|1299|6855|39904
58308|6939|1299|42708|201691|216415
39392|33891|266493|61625
35426|215596|174|216211|211575
52025|32097|32787|202161
210312|4601|50869|58299|34924
47147|1299|10490|2722|12148|47065|61574
32590|4637|6461|174|37468|61568|266460|61625
210312|4601|50869|214675
58308|6939|1299|36192
42541|1299|174|204548|215728
12779|35598|52091|206810|202497
47147|1299|13335|400095
206356|50629|56630|209944
40994|6939|196610
32590|1299|2914|226|47065|61574
15935|174|3257|19318|201813
28917|6939|1299|23520|52286|264764|273041
28917|6939|1299|197205
13030|1299|3257|19318|209896
51088|8455|1299|6855|39904
35598|174|3257|19318|209896
58308|6939|31319
1299|4230|52654|266493|61625
58308|6939|1299|16509|200227
327727|174|1299|8551|44709
210312|4601|6939|28917|50923
32590|4637|6830|34927|202827
13030|1299|56504|47674
28917|6939|1299|14080|265652
28917|6204|44592|49581|209693
40994|174|28189|266931|271615|273522|271150
60068|33891|7195|20473|47065|61574
199524|1299|16276|203019
40994|6939|196610|48927
58308|6939|6830|23520|263703|271855
210937|1299|3356|28370|28657
40994|6939|28917|25386
45049|6696|1299|3920|206777
49028|1299|3257|20473|47065|61574
9268|4764|174|28283|268744|2716
139317|44324|32595|208223
29075|1299|20473|399970
577|33891|60068|211571
49432|48362|1299|174|1916|47065|61574
58308|6939|1299|36236
58308|6939|1299|270126|270215
209|3356|174|3130|47065|61574
40994|6939|29222
45049|6696|1299|4230|2716
62167|174|6762|49666|58224|214805
6424|6939|15372
48919|174|210329|215728
559|14840|269288
215596|174|210|47065|61574
28917|6939|1299|271938
12956|174|60068|216213|205884
49432|48362|1299|3356|28370|53079
3491|1299|12859|47065|61574
19151|174|50509|51032|41344|39707
55222|174|210329|215728
327727|174|35598|25308|28917|204076
6908|174|22381|267470|263047
5713|174|204548|215728
132337|1299|3223|34224|12735
28917|6939|1299|57811|201029
5405|6939|28370|263535
24482|2914|1299|198949|35676
28917|6939|7018|4185
23673|9900|23764|1299|12859|47065|61574
25160|1299|20473|47065|61574
48070|1299|3223|34224|12735
22652|174|140227|44324|205369
3356|1299|22773|8119
8283|20764|52091
64475|34927|202532
58308|6939|7018|395742
29222|6939|28370|268521
28917|6939|1299|52468|269805
40994|57463|41327|205032
28917|3257|174|20473|47065|61574
64475|62255|52091
8218|6461|174|5538|8194|29345
48070|1299|35598|52091|206810
151326|174|28189|266931|271615|273522|271150
8529|1299|34927|202827
398465|174|7195|20473|47065|61574
210312|4601|50869|41051|209527
34288|174|3356|28370|28657
215596|174|52468|271150
25160|1299|6855|39904|202605
34927|56655|1299|174|3130|47065|61574
12586|3257|1299|3920|206777
40994|6939|29222|207688
139317|44324|32595|174|210477
553|1299|3257|20473|47065|61574
34927|60011|3356|1299|12859|47065|61574
52025|174|22381|267470|263047|264389
34019|33891|216067|44244
32653|3741|174|399697|39967|399697
60068|174|210329|215728
1273|174|8551|20473|47065|61574
139317|44324|32595|174|17267
60068|1299|3223|41327|51580
12637|6939|200070
44324|32595|174|36667
36924|1299|174|21320|5408|50148
58308|6939|33891|61438
58308|13335|400095
139317|44324|32595|174|202521
213241|9002|21320|5408|47065|61574
28917|6939|215172|214955
559|264409|61832|266460|61625
12969|1299|6453|1031|61568|266460|61625
28917|6939|1299|23520|265620
28917|6939|1299|60068|197103|400883
35426|215596|174|3257|21034
17350|3356|174|20723|2852|202874
28917|6939|1299|8151|28563
28917|6939|1299|23520|270111
3170|6939|28917|198297
58308|6939|6830|23520|22933
58308|6939|32097|64236
61568|174|10490|2722|12148|47065|61574
8283|6939|42695|52011
28917|6939|1299|20473|35085|210960
12779|174|10490|2722|12148|47065|61574
50304|1299|3356|28370|268521
328964|23764|3356|174|20723|2852|202874
29222|6939|15935|204860|203385
28917|6939|1299|55285
46450|1299|174|204548|215728
6830|6939|30893|199580
50673|174|28189|266931|269250|271150
209|3356|7720|44324|215172|214955
47147|1299|174|140227|44324|205369
60326|34927|1299|17676|216211|44324|205369
6730|6830|174|20473|47065|61574
35426|215596|174|20723|2852|202874
58308|6939|1299|208905|212616|215283
60068|1299|3223|41327
205206|1299|60068|211571
35008|1299|34927|202532
8529|1299|174|1916|47065|61574
58308|6939|7018|30614
62167|174|60068|197103|212080
58308|6939|7018|46677
28917|6939|1299|28469
59689|30781|1299|20473|399970
3130|174|1299|6939|24796|63293
198249|52320|7162|13878|52468|271150
206356|50629|174|140227|44324|205369
28917|6939|1299|200478
58308|6939|28917|197078
44324|32595|174|396073
58308|6939|1299|8240
50629|20473|47065|61574
58057|28917|215730|209693
999|6453|1299|20473|47065|61574
58299|34549|1299|8551|44709
3399|5511|174|140227|44324|205369
209650|34927|5405|1299|20473|47065|61574
35600|30781|1299|3920|206777
9900|23764|8455|8283|47065|61574
35600|44592|49581|209693
12637|1299|201814|209896
4601|50869|6939|2852|61110
58308|6939|15935|201727
917|3214|1299|3223|34224|12735
28917|6939|1299|131429|396986
12779|62255|62379
20514|1299|3356|28370|269016
20130|23352|2914|174|37468|61568|266460|61625
58308|6939|1299|60664
58308|6939|1299|19693
139317|44324|32595|174|213035
14907|6830|3356|28370|28657
17350|3356|1299|198949|35676
50629|6939|30893
29222|174|210329|215728
47147|3320|1299|20473|201423
58308|6939|263047|269680
40994|1299|8551|44709
36924|1299|35598|52091|206810
34854|1299|16276|203019
148968|1299|6453|29208
204092|34019|3223|34224|12735
28917|6939|1299|60354
57866|1299|6855|39904|199604
19151|174|5511|49666|58224|214805
132337|1299|3223|41327
139317|44324|32595|174|401429
58299|62255|52091|206810|56915
28917|6939|7018|22600
14537|13786|174|20473|47065|61574
12969|33891|60068|211571
40994|57463|41327|202152
44324|32595|174|212250|208293|203217|14789
11845|37468|1299|6855|39904
12859|3920|206777
28917|6939|1299|21976
263237|174|3130|47065|61574
34019|35598|52091
58308|6939|5405|202656
28917|6939|1299|33522
8283|3491|209810|207187|207198|206429
5405|62255|52091|206810|48687
58308|6939|33891|213913
58308|6939|1299|13335
4601|8551|20473|47065|61574
47692|3356|174|210|47065|61574
28917|6939|1299|3301|209041
8218|6461|1299|60068|216213|205884
7018|3356|28370|263535
28917|6939|1299|205184
29504|15935|174|3356|16735|273514
198385|174|6461|394737
29504|15935|13335|400095
34177|1299|6453|29208
5405|29632|215536
210937|1299|13335|5408
209|3356|1299|12859|47065|61574
28917|6939|1299|20473|205618
58308|6939|6830|33915
28917|6939|1299|23520|263248
12969|1299|3223|34224|12735
42473|1299|60068|216213|205884
12859|1299|60068|216213|205884
8426|3257|174|1916|47065|61574
29222|6939|9136|208395
28917|6939|1299|20473|197992
6424|6939|59689
57381|42708|33891|60068|211571
58308|6939|6830|23520|64126|273917
28917|6939|1299|58321|43758
8943|33891|216067|44244
8283|6939|28370|268521
12969|1299|8551|44709
28917|6939|1299|23520|27889
917|60068|33891|17676|216211|44324|205369
44324|32595|174|6405
2027|47160|6939|30893|200690
1140|24785|6830|3356|28370
39392|174|60068|216213|205884
20205|1299|21351|60132
39392|33891|3920|206777
8220|1299|60068|216213|205884
28917|6939|1299|4637|1221
215596|174|210329|215728
55222|1299|22773|8119
12350|1299|37468|270551|263047
28917|6939|1299|60068|197103|400905
57111|41327|174|52468|262393
42541|62255|52091|206810|57164
132825|174|3257|19318|201813
140627|1299|35598|25308|28917|204076
28917|6939|33924
44324|32595|174|138538
28634|4230|174|399697|39967|399697
58299|13030|1299|20473|47065|61574
3303|33891|216067|44244
31510|174|37468|270551|263047
196621|6939|28917|48084|59833
58308|6939|50989|205966
148968|1299|174|21320|5408|50148
196621|15576|174|216211|211575
29222|6939|47160|213873
35369|1764|1299|20473|47065|61574
196621|15576|13335|400095
6830|1299|35598|52091|206810
28917|20764|52091
58308|6939|1299|52468|273127
48070|1299|3356|28370|268198
1299|174|32595|44324
34019|47160|174|60068|216213|205884
20205|1299|3257|20473|47065|61574
44324|32595|174|202075
60011|3356|174|399697|39967|399697
6461|174|140227|44324|205369
6830|6939|28917|35539
58057|50673|174|52468|262393
12859|7195|28260|270548|52794|52659
44324|32595|174|53667|202776
20612|9044|1299|6453|19318|209896
35369|5405|28283|268744|2716
20253|1299|21351|60132
206356|50629|37468|53062|266493|61625
15576|174|3130|47065|61574
53828|3257|1299|20473|47065|61574
57381|50304|1299|3356|8772|215536
12637|6939|30893
34927|52025|1299|29695|206557|204503
28917|6939|7018|394896
4777|2497|174|60068|205884
4601|50869|58299|209898|199553|208948
28917|6939|1299|23520|272935|267845
48070|6939|2852|48091
35008|1299|29695|206557|204503
139317|44324|32595|174|33544
60326|34927|174|3130|47065|61574
553|1299|3356|28370|28657
28917|6939|1299|60068|216213|215427
553|1828|12179|393398|3356|1299|23033|27323
40994|57463|41327|207227
48070|6939|30893|200690
49434|9002|1299|3920|206777
58308|6939|6830|23520|54082|263725|274085
7018|1299|34927|202827
49788|1299|3356|16735|273514
6720|1764|174|210329|215728
12779|35598|52091|206810|197643
139317|44324|32595|174|29802
44324|32595|174|42313|212986
28917|6939|7018|46488
148968|1299|4230|2716
8283|6939|30893|13214|35634
28917|6939|1299|25899|25905
28917|6939|1299|394161
20253|1299|3356|28370|264426
34549|3257|1299|20473|399970
41327|6939|54429|401894
12779|6939|2852|202874
3130|174|14840|2716
7594|174|60068|211571
34019|6939|28370|28657
559|6939|28370
210312|4601|50869|211008
59689|29075|1299|174|37468|61568|266460|61625
48919|174|3257|21034
48070|6939|196610
28917|6939|35826|62815
210312|4601|50869|41051|207529
9268|4764|174|14840|269288
58057|34549|2603|21320|5408|47065|61574
47160|6939|28370|269016
58308|6939|1299|37119|13335
42541|62255|52091|59815|25299
210312|4601|264409|61832|266460|61625
48070|1299|174|204548|215728
12779|6939|2852|210498
4764|1299|29695|206557
28917|6939|1299|20473|54721
199524|37100|1299|198949|35676
20485|1299|6855|39904|199604
28917|6939|1299|23520|263703|272018
6830|3356|28370|268521
28917|6939|1299|21080
44324|32595|174|46437
55720|3491|174|14840|269288
57381|50304|1299|7545|20473|47065|61574
206356|50629|3356|21320|5408|47065|61574
4777|2497|1299|198949|35676
328840|327727|174|28189|266931|271615|273522|271150
7713|174|3257|20473|47065|61574
196621|16276|203019
49544|1299|174|20473|47065|61574
293|3356|1299|198949|35676
13030|1299|6762|49666|58224|214805
41666|16276|203019
48362|1299|3356|28370|267608
41666|20764|52091|206810|59815|25299
34854|1299|32787|202161
52873|12956|3356|21320|5408|47065|61574
8298|8283|3491|209810|207187|207242
31742|1299|3356|28370|263963
37662|174|28189|266931|269250|271150
23367|1299|174|22381|267470|263047|264389
6424|6939|28917|12739
28917|6939|1299|55222
34927|1299|3491|20473|47065|61574
3356|1299|60068|197103|212080
22652|1299|29695|206557|208835
139317|44324|32595|174|53667|205398
28917|6939|1299|14525
8283|6939|196610|48927
1267|1299|6453|19318|209896
37105|37468|174|60068|205884
139317|44324|32595|174|210|47065|61574
14630|1299|6855|39904|202605
49544|3356|174|140227|44324|205369
6424|64049|174|55410|141549
12350|1299|5511|60068|206406|210557
28917|6939|1299|27589
327960|327782|37100|174|3130|47065|61574
29504|15935|174|204548|215728
44324|32595|174|199391
39351|6830|60068|216213|205884
28917|6939|21430
5511|1299|6855|39904|47767
50304|1299|8551|44709
58308|6939|25400|49278
64475|62255|52091|59815|25299
917|60068|33891|20473|47065|61574
1299|34927|202532
44324|32595|174|3130|47065|61574
1299|25091|8298|4601|4492
1140|24785|6830|3356|28370|28657
58308|6939|33891|201035
59890|174|140227|44324|205369
39351|174|3356|28370|28657
28917|6939|1299|21277|197882
205206|1299|6461|394737
327727|174|204548|215728
327960|174|14840|269288
553|174|52468|271150
199938|1299|20473|47065|61574
12859|1031|266493|61625
28917|6939|1299|40061
28917|6939|1299|203182
28917|6939|1299|20473|212073
57381|50304|1299|20473|201423
48362|1299|37468|270551|263047
39122|1299|1680|20473|47065|61574
32590|174|140227|44324|205369
28917|6939|1299|23520|52228|13335
58308|6939|263047|271068
8283|20764|52091|206810|39558
28917|6939|3170|43851
34927|174|2914|20473|47065|61574
12637|6939|2852|201648
4601|50869|41051|207076
20764|174|10490|2722|12148|47065|61574
58299|37468|60068|216213|205884
58308|6939|1299|263744
207841|6939|29222
57866|1299|8551|20473|47065|61574
139317|44324|32595|174|393770
58308|6939|6830|23520|64126|265721|273901
198385|15576|174|20473|47065|61574
57695|917|60068|1299|23764|35168|212999
3214|6424|44592|49581|209693
59414|3303|174|52468|271150
35600|35598|52091|206810|196638|42702
4764|1299|5511|49666|58224|214805
9268|4764|1299|5511|49666|58224|214805
12779|20764|43298|48678|213865
6830|6939|2852|61110
12637|1299|34927|202532
58308|6939|15935|56360
19151|174|204548|215728
210312|4601|50869|41051|200221
2497|1299|20473|399970
7018|6453|60068|216213|205884
5413|1299|60068|197103|212080
29222|6939|28917|50009
28917|6939|1299|20473|139216
12389|174|140227|44324|205369
6453|174|22381|267470|263047|264389
48070|37468|53062|266493|61625
24516|174|3356|16735|2716
28917|6939|1299|6204|25198
6830|174|60068|205884
28917|6939|1299|45896|55313
6057|8455|8283|47065|61574
44324|32595|174|9457|138199
15605|35598|52091|206810|48595
39351|174|60068|205884
58308|6939|1299|206610
35369|5405|29632|215536
20912|12637|1299|20473|201423
56655|1299|174|216211|211575
58308|6939|2852|210498
36924|1299|56504|47674
12859|6939|29222|204957
4601|6939|28917|39134|39561|197695|210550
34854|1299|174|204548|215728
49788|1299|3356|28370|53079
2914|174|8551|20473|47065|61574
204092|6939|28917|6789|201069|207979
41327|21351|60132
210312|4601|50869|34019|209090
1828|1299|60068|197103|212080
39351|174|12956|212721
559|6939|50989|205966
21232|13030|1299|6453|19318|209896
2516|1299|12859|47065|61574
6894|174|20473|47065|61574
4601|50869|6939|50989|33837
29222|6939|8194
151326|174|21320|5408|50148
34927|52025|174|21320|5408|50148
29504|15935|174|35598|52091|206810
6667|1299|10490|2722|12148|47065|61574
3491|1299|22773|8119
35600|6939|2852|202874
58308|6939|2852|204772
917|60068|1299|21351|60132
28917|6939|1299|23520|27884|262146
8220|1299|29695|206557|205190
59414|6830|3257|60068|206406|210557
174|60068|205884
15605|16276|203019
14537|12859|47065|61574
58308|6939|25400|21293
139317|44324|32595|174|395348
52320|1299|60068|216213|205884
8283|20764|52091|206810|214210
4601|50869|216375
6453|1299|3920|206777
34177|174|37468|53062|266493|61625
42541|62255|52091|206810|59815|25299
64475|6939|25192|29067
206499|34549|1299|3223|41327|51580
139317|44324|32595|174|44788
210312|4601|50869|44324|202335
139317|44324|32595|174|270120
35266|2914|174|399697|39967|399697
263152|174|2914|226|47065|61574
23367|1299|3356|28370|53079
41666|37468|60068|216213|205884
5413|1299|174|1916|47065|61574
8283|6939|59970
559|20764|202984|35598|25308|28917|204076
35598|174|52468|271150
2497|174|60068|197103|212080
51873|6830|60068|216213|205884
24516|174|56630|209944
18106|33891|44592|49581|209693
29222|6939|39791|57728
64475|62255|52091|206810|12773
28917|6939|1299|7843|20001|21705
559|35598|52091|206810|12773
3130|174|52468|271150
40994|57463|41327|41827
50877|5405|6939|2852|199711
48362|1299|60068|197103|212080
205206|1299|37468|270551|263047
58057|174|216211|211575
58308|6939|1299|30823|215730
44324|32595|174|394449
327727|174|21320|5408|50148
58308|6939|1299|52468|271822
39351|1299|5511|60068|206406|210557
3741|174|14840|2716
29504|39392|33891|264409|61832|266460|61625
513|174|14840|269288
60068|1299|6855|39904|202605
42541|1299|6855|39904
12859|22356|52468|271150
28917|8359|57304|15935|204860|201931
50629|20764|29049|49666|205647|49801|204533
204092|30781|3356|174|3130|47065|61574
58308|6939|28370|267608
29222|6939|7794
44324|32595|174|53667|215832
6730|6830|3356|28370|264426
199938|1299|37468|270551|263047
196621|8758|8220|1299|20473|399970
2497|1299|8551|20473|47065|61574
12779|6939|42695
151326|174|3356|8119
34019|13335|400095
28917|6939|1299|36137
37662|1299|20473|399970
139317|44324|32595|174|30150
196621|6939|2852
20514|1299|6453|19318|209896
917|25369|174|22381|267470|263047|264389
327727|174|6453|19318|209896
207841|6939|28917|21453|35271
29222|6939|62000|208226
3356|174|20723|2852|202874
28917|6939|2852|201648
29222|6939|7018|396973
28917|6939|6830|23520|64126|274168
28917|6939|1299|26073|205479
29691|1299|34927|202827
8283|3320|6855|39904|199604
215596|1299|3356|28370|268521
28624|61568|174|20723|2852|202874
262427|174|16276|203019
1299|3356|28370|267608
58299|174|22381|267470|263047|264389
553|1299|3356|28370|269016
17350|2914|174|204548|215728
6667|1299|198949|35676
210312|4601|50869|58299|212691
28917|6939|1299|262287|396356
28917|3920|206777
917|60068|174|20723|2852|202874
28917|6939|1299|199524|62553|205941|211281
3333|1257|174|20473|47065|61574
58308|6939|56595|211879
35008|1299|6762|49666|58224|214805
553|14840|2716
204092|6939|58308
20764|174|60068|205884
28917|6939|25192
8220|1299|3356|28370|264426
3333|6830|60068|216213|205884
13237|1299|3356|28370
29222|6939|40994|212085
16552|1299|56504|47674
3130|174|3356|1680|44709
8220|1299|3356|1680|44709
50629|6204|208972|210538|6775|13030|4637|133398
553|9002|197068
6424|174|210329|215728
58308|6939|1299|56655|212085
42541|62255|52091|206810|35273
28917|6939|1299|401909|393336
1280|1299|8551|44709
1299|174|60068|216213|205884
57111|41327|174|399697|39967|399697
57866|1299|42303|51701|30893
34177|1299|3356|8119
12779|3257|1299|6855|39904|47767
6453|174|16276|203019
24785|6830|3356|28370|267608
7500|2497|174|52468|271150
15605|20473|30893
51185|28917|215730|209693
6424|212175|174|212175
58308|6939|7018|20057|64011
29691|1299|6762|267470|263047
58308|6939|1299|49206
559|6830|60068|211571
7720|44324|215172|214955
40994|57463|41327|62093
16347|1299|60068|211571
14537|13786|174|204548|215728
513|174|11432|271150|272738
58308|6939|1299|44180
58308|35598|52091|206810|211692|214268|196977
1299|56504|47674
35008|1299|3356|1680|44709
6762|174|32595|44324
44324|215172|214955
2497|174|201814|209896
28917|6939|1299|23520|263703
15623|1299|20473|47065|61574
28917|6939|263047|269680
7018|174|21700|399914
139317|44324|32595|174|53667|202256
513|29222|6939|263047|267425
44324|32595|174
58308|6939|1299|212318
15935|33891|216067|44244
28917|6939|3170|49485
29222|6939|7018|15084
210937|1299|6855|39904|202605
28917|6939|1299|9146
8283|6939|393682
32653|3741|33891|60068|211571
328840|327727|174|37468|270551|263047
6830|6939|30893|200690
16552|1299|3223|41327|51580
5405|1299|60068|197103|212080
28917|6939|8194|210213
12779|35598|52091|206810|211692|214268|197578
136557|174|14840|2716
212483|8455|8283|47065|61574
3170|1828|13789|30372|3356|174|393216
8283|20764|52091|206810|208435
32590|1299|3356|8772|215536
2500|2914|1299|20473|47065|61574
205206|1299|6453|4755|7768
50629|8298|4601|4492
58308|6939|1299|44656
553|1299|20473|47065|61574
140627|1299|6461|394737
12859|7195|11432|271150|272738
207841|6939|28917|28907
1299|13335|5408
20932|1299|21351|60132
204092|6939|28917|48610
50304|1299|174|210329|215728
198385|15576|174|210|47065|61574
14315|6453|3356|21320|5408|47065|61574
59891|13030|1299|6453|29208
28917|6939|1299|262206|27773
12779|6939|16652
35280|1299|33891|216067|44244
4601|6939|28917|39238
6762|1299|3920|206777
23367|1299|3920|206777
207841|6939|196610
207841|6939|29222|513
559|59692|12555
4775|6453|1299|29695|206557|204503
9044|1299|60068|216213|205884
29504|15935|174|28189|266931|271615|273522|271150
37662|1299|8551|44709
28917|6939|1299|20473|58093
30844|174|140227|44324|205369
28917|6939|1299|20473|153185|153190
132825|174|14840|269288
29222|6939|28917|204623
59890|174|210329|215728
559|33891|216067|44244
4775|1273|174|52468|271150
3170|174|140227|44324|205369
28917|6939|1299|7632|150923
20253|1299|3356|28370|268198
28917|6939|1299|48152
8283|6461|394737
28917|6939|1299|23520|272935|263730
58057|50673|174|3257|20473|47065|61574
132825|174|3257|21034
1403|577|33891|60068|211571
6830|174|216211|211575
35710|3320|1299|7195|20473|47065|61574
42541|14840|2716
48362|1299|6453|4755|7768
62167|174|21320|5408|47065|61574
139317|44324|32595|174|16921
204092|6939|28917|206011
57381|50304|1299|174|1916|47065|61574
21232|15576|174|204548|215728
132337|4766|8455|8283|47065|61574
1140|24785|6830|3491|20473|47065|61574
58308|6939|9136|206236|207921
44324|32595|174|13977|399353
58308|6939|1299|27947|272890
49788|1299|7545|20473|47065|61574
4601|50869|215828|215375
5405|6939|25192
3170|6939|28917|8491
4601|6939|28917|206011
58308|6939|1299|36352|16628
64475|3320|1299|201814|209896
38001|3491|174|5538|8194|29345
25369|1299|20473|47065|61574
29222|6939|15935|197451
31742|1299|20473|201423
12779|35598|52091|206810|211692|31069
202365|50673|174|11432|271150
49028|1299|7195|20473|47065|61574
31510|174|10490|2722|12148|47065|61574
202365|50673|174|1299|20473|47065|61574
34288|1299|37468|270551|263047
21412|174|52468|271150
6720|1764|1299|8551|44709
6830|1299|10490|2722|12148|47065|61574
52873|12956|174|140227|44324|205369
328512|5713|174|3257|21034
16552|1299|17676|216211|44324|205369
42541|2603|21320|5408|47065|61574
20932|1299|60068|197103|212080
29222|1299|60068|211571
13830|971|174|3356|28370|28657
51873|6830|174|37468|61568|266460|61625
58308|6939|40994|212085
58308|6939|1299|212477
49028|1299|6939|200303
3320|1299|8551|20473|47065|61574
9002|3356|174|52468|271150
58308|6939|1299|36352
327983|37497|3491|1299|3920|206777
29075|1299|20473|47065|61574
8283|20764|43298|48678|210574
206356|50629|174|60068|205884
44393|394256|174|37468|61568|266460|61625
263237|174|3356|1680|44709
55222|174|6453|29208
34019|6939|42695
29691|1299|6453|19318|209896
20514|1299|174|21320|5408|50148
34800|29632|9002|1299|198949|35676
210312|4601|50869|58299|209898|199553
12350|34177|174|210329|215728
58308|6939|197301|202361
35600|35598|52091|48158
6424|37468|53062|266493|61625
6730|6830|60068|216213|205884
28917|6939|1299|23520|269804|269893
559|35598|52091|206810|202279
8283|49581|209693
34019|6939|42695|43101
29691|1299|8551|44709
28917|6939|1299|20473|211431
196621|6939|2852|198500
13030|1299|34927|202532
6082|174|35598|52091|206810
59689|30781|1299|20473|201423
39351|1299|3223|41327|51580
6423|20055|1299|6855|39904|47767
58308|6939|7018|22317
51873|6830|174|216211|211575
328206|37739|3491|174|60068|205884
174|30844|21351|60132
37105|37662|1299|8551|44709
28917|6939|7018|22715
28917|6939|1299|23033|401988
5405|62255|52091|206810|5598
3491|1299|3223|41327|51580
29222|6939|15372
51873|6830|174|399697|39967|399697
29680|3257|1299|3920|206777
34019|9498|20473|47065|61574
28917|6939|1299|60068|201207|212238
11537|20965|5408|47065|61574
6424|6939|196610
7594|174|52468|271150
29504|39392|33891|34927|202532
41327|7195|20473|47065|61574
4601|50869|6939|29222|513|20940
398465|1299|6762|49666|58224|214805
57111|174|6453|4755|20473|47065|61574
3701|174|60068|205884
204092|6939|15372|203592
139317|44324|32595|174|263009|52559|274658
34927|60011|3356|1299|20473|399970
49028|1299|3356|28370|269016
58299|4601|4492
48070|6939|2852|201648
41327|29632|215536
6082|2914|1299|6855|50698
6830|1299|8551|44709
11845|30844|174|3130|47065|61574
213151|41051|50263|44592|49581|209693
15605|8772|215536
28917|6939|6830|33915|208240
58308|6939|2852|201648
6830|174|28283|268744|2716
58308|6939|1299|13768
8220|6453|174|28189|266931|271615|273522|271150
52873|12956|174|60068|205884
29222|6939|48678|209737
28917|6939|1299|52468|264635
28917|6939|62000|198831|210013
19151|2914|1299|3920|206777
20253|1299|6762|16735|273514
28917|6939|1299|15659
20514|1299|35598|25308|28917|204076
25091|1299|3223|41327
48070|6939|50989|48116
39351|12859|47065|61574
29075|1299|3223|41327|51580
35600|35598|52091|206810|210063
41327|6939|2852|204772
49788|1299|3356|28370|264426
28917|6939|1299|20473|135646
44324|32595|174|60497
28917|6939|1299|34927|210667|204375
35008|1299|3491|20473|47065|61574
4601|50869|215248
6730|6830|2914|20473|47065|61574
50629|8551|44709
58308|6939|204310
47957|6830|60068|211571
28917|6939|15935|198284
6453|174|21700|399914
41095|3356|174|399697|39967|399697
44324|32595|174|7195|30081
58308|6939|6830|23520|272935|271808
17660|2914|1299|10490|2722|12148|47065|61574
139317|44324|32595|174|8452|24835
44393|394256|174|12956|212721
16552|1299|7195|20473|47065|61574
58299|62255|52091|206810|12773|44710
35600|9002|8772|396416
58057|34549|1299|37468|270551|263047
58057|1836|1299|20473|47065|61574
44393|394256|174|201814|209896
559|3320|6855|39904|47767
34872|24961|21320|5408|47065|61574
204092|6939|2852|200874
59891|13030|1299|174|3130|47065|61574
1403|577|174|204548|215728
39122|1299|3356|28370
1299|16164|36032
57777|13335|400095
34800|58057|50673|174|12956|212721
64475|62255|25308|28917|9049|51017
6424|6939|28370|267608
32590|37100|1299|8551|44709
35600|6939|200303
50304|1299|4230|2716
327727|174|35598|52091
9002|3356|1299|20473|47065|61574
20253|1299|33891|216067|44244
6908|174|20723|2852|202874
559|3320|6855|39904
39351|1299|6453|19318|201813
56987|1299|37468|270551|263047
28917|6939|6830|23520|27665|27789|274008
51088|2603|21320|5408|47065|61574
139317|44324|32595|174|48266|61112
60326|34927|1299|20473|201423
50629|6939|28370|264426
49028|1299|6939|215172|214955
22652|174|3356|16735|2716
57695|917|60068|1299|3356|28370|263060
44324|32595|174|50131
852|1299|29695|206557
7594|174|3130|47065|61574
327960|174|3356|3223|34224|12735
19151|174|3130|47065|61574
17660|2914|1299|6855|50698
21700|174|60068|205884
28917|6939|1299|835|52025|50224
5405|1680|44709
34177|8455|8283|47065|61574
24785|6830|174|60068|205884
328840|327727|174|35598|52091|48158
559|7195|28189|266931|271615|273522|271150
17350|6453|1299|6855|39904|202605
20612|9044|174|11432|271150
2518|1299|34927|202827
3549|3356|1299|32787|202161
20253|1299|174|140227|44324|205369
34019|47160|174|52468|271150
12637|6939|30893|199580
35280|1299|6855|39904|47767
6762|1299|198949|35676
28917|6939|1299|20473|395648
513|29222|6939|263047|267961
4601|50869|52025|212895|205336
34019|47160|174|1916|47065|61574
40994|57463|41327|215687
4601|50869|34019|204092|208567
20205|1299|29695|206557
198249|9498|20473|47065|61574
271253|6453|174|21320|5408|47065|61574
174|3356|16735|273514
13030|1299|6453|1031|61568|266460|61625
28917|6939|1299|11664|20002
34927|56655|1299|7195|28283|268744|2716
58308|6939|1299|29544
202365|50673|174|60068|211571
198385|174|1299|198949|35676
207841|6939|2852|213152
49544|28917|215730|209693
42473|1299|198949|35676
3170|6939|25192|26710
58308|6939|1299|396993
44324|32595|174|262287|28666|53231
12637|6939|29222|207688
205112|50629|6939|33924
1836|33891|60068|211571
917|60068|33891|3223|41327
16552|1299|56630|209944
58308|6939|7018|30232
23352|3257|5405|8943|200636
202365|50673|174|5538|8194|29345
28917|57724|12555
19653|30600|1299|8551|44709
19653|30600|174|60068|205884
47147|1299|3356|28370|263535|268030
49788|1299|3356|28370|268198
210312|4601|6939|28917|21453|199933
29222|6939|7018|62907
3320|1299|7195|11432|271150
58308|39801|199881
8283|6939|29222|207688
37497|3491|1299|198949|35676
271253|6453|174|28189|266931|269250|271150
196621|6939|28917|39238|49392|34567
28917|6939|1299|29774
45352|1299|3356|8119
28917|47311|150249|153176
58299|62255|52091|206810|24881
35426|215596|1299|3223|34224|12735
136557|174|20473|47065|61574
28917|6939|2852|197277
3333|1257|1299|20473|47065|61574
210312|4601|50869|6939|50989|205966
64475|3320|1299|60068|216213|205884
4601|264409|61832|266460|61625
14907|1299|6855|39904|202605
12350|34177|33891|44592|49581|209693
3216|1299|3223|41327
30600|174|3130|47065|61574
44324|32595|174|36236
58308|6939|7018|399201
58308|6939|29222|204957
34854|1299|3223|34224|12735
28917|6939|1299|19332
19653|30600|1299|22773|8119
199524|1299|6453|60068|216213|205884
48362|2603|21320|5408|47065|61574
917|60068|1299|3356|28370|263535
28917|6939|1299|23520|272935|267862
58308|6939|553|212522|13335
3170|6461|55081|59678|216096
2734|3257|1299|34927|202532
58308|6939|1299|48620
196621|6939|42695
58308|6939|1299|20473|44354
37105|36994|1273|174|3130|47065|61574
12956|1299|25091|8298|4601|4492
48185|1299|6461|210|47065|61574
60011|3356|174|3130|47065|61574
52025|174|3356|28370|28657
199524|1299|3356|1680|44709
559|6939|58308
28917|6939|1299|52025|54681
44324|32595|174|54270
28917|6939|1299|20473|39792
57111|174|7545|20473|47065|61574
28917|6939|1299|14080|264718
3130|174|35598|52091|206810
39120|174|399697|39967|399697
28917|6939|1299|19332|273286
60326|34927|174|216211|211575
35600|6939|2852|201648
8298|12859|47065|61574
6730|6830|2914|226|47065|61574
28917|6939|7018|20074
8220|3491|1299|3920|206777
28917|6939|1299|23520|27665|46764
6830|6453|4755|7768
56655|12859|47065|61574
63927|1299|12956|212721
49432|48362|1299|20473|201423
328840|327727|174|1299|6939|24796
7474|3257|174|399697|39967|399697
58308|6939|61618
59689|30781|1299|6855|39904|199604
58308|6939|6830|23520|6639
139317|44324|32595|174|44891
28917|6939|1299|13335|395747
207841|37468|60068|216213|205884
139317|44324|32595|174|395500
4775|6453|174|21320|5408|50148
57866|1299|1680|20473|47065|61574
28917|6939|1299|8781|396986
44324|32595|174|20986
58299|62255|52091|206810|34786|34789|34786
6453|174|50509|51032|41344|39707
398465|4826|1299|56630|209944
1273|1299|8551|44709
50877|5405|47065|61574
5405|6939|42695|52011
17660|2914|12859|47065|61574
58308|6939|29208|60266
37662|174|22381|267470|263047
12969|1299|3356|28370|264426
4601|50869|58299|209898|199553|213081
8529|1299|174|60068|205884
4601|50869|51087
58308|6939|12735|42216|51722|26383
29222|6939|553|42873
23352|3257|174|399697|39967|399697
4601|50869|6939|30893|204789
50629|49434|212815|52053
20055|174|201814|209896
216285|8280|6762|1299|20473|47065|61574
51873|6830|12859|47065|61574
215596|1299|6762|16735|273514
3170|61049|34927|202827
559|35598|52091|206810|34786|41875
49544|3356|174|204548|215728
263152|174|210|47065|61574
139317|44324|32595|174|35598|204490|215330
48070|6939|28917|48084|35816
5713|174|10490|2722|12148|47065|61574
34927|60011|3356|1299|6855|50698
215596|174|399697|39967|399697
64475|8551|44709
198385|174|12956|212721
35426|215596|174|210329|215728
140627|1299|3356|8119
139317|44324|32595|174|13999
58057|1836|1299|12859|47065|61574
58308|6939|205081
28917|6939|1299|23520|273157
6830|6939|28917|12668|51883
5405|3920|206777
35008|1299|3356|16735|273514
263237|174|1299|198949|35676
44324|32595|174|3819
47160|174|204548|215728
28634|4230|1299|34927|202827
58057|50673|174|22381|267470|263047|264389
917|60068|1299|3356|8119
263237|174|2914|20473|47065|61574
196621|6939|2852|213152
3741|174|210329|215728
28917|6939|3170|399275
28917|6939|1299|20473|202184
29691|1299|198949|35676
7594|3356|2914|12859|47065|61574
6461|174|1916|47065|61574
58308|6939|1299|8764
34549|174|3130|47065|61574
207841|6939|28917|47914
44324|32595|174|14051|23431
48070|6939|28917|47478
25220|3356|174|3130|47065|61574
58308|35598|52091|206810|48595
199938|1299|37468|60068|216213|205884
139317|44324|32595|174|36671
210937|1299|174|21320|5408|47065|61574
28917|6939|40994|215472
139317|44324|32595|174|11240
58308|6939|1299|16509|14618|60900
139317|44324|32595|174|53667|209864
20612|9044|1299|6453|4755|7768
29222|6939|42184|43397
58308|6939|7018|401202
12779|6939|29222|41495|206202
51873|6830|174|52468|262393
58308|6939|50629|44700
35710|3320|1299|17676|216211|44324|205369
32590|37100|1299|6855|39904|202605
28917|6939|54429
917|60068|1299|3223|41327|51580
34854|1299|6204|44592|49581|209693
4601|50869|41051|215980
5405|266493|61625
12350|1299|3356|28370|263963
6696|5511|174|37468|61568|266460|61625
44324|32595|174|42366|212799
28917|6939|1299|205958
216285|8280|6762|174|37468|61568|266460|61625
6762|1299|6855|39904|47767
58308|6939|1299|7029
29075|1299|3356|28370
64475|62255|52091|206810|202497
17639|174|3356|28370|28657
41327|6939|2852|212876
3170|7195|20473|47065|61574
42541|1299|174|140227|44324|205369
58308|6939|1299|200107
5405|62255|52091|206810|197643
58308|6939|6830|23520|272935|267846|273861
3170|6939|28370|264426
139317|44324|32595|174|396278
58308|6939|33891|61098
28917|6939|56595|58148
139317|44324|32595|174|20473|47065
57111|41327|7195|28189|266931|269250|271150
12350|1299|12956|212721
28917|6939|1299|20473|147048
7018|1299|16276|203019
23367|1299|17676|216211|44324|205369
35598|202984|6762|174|37468|61568|266460|61625
207841|20473|47065|61574
6730|6830|9002|12555|210259
204092|34019|21351|60132
60068|33891|216067|44244
6830|3356|3223|41327
34927|60011|3356|1299|20473|47065|61574
28917|6939|1299|20473|21629
35426|215596|174|140227|44324|205369
48070|6939|50989|205966
34927|1299|174|20473|47065|61574
58308|6939|25400|198309
35280|1299|6855|39904
20205|1299|17676|216211|211575
49028|1299|6939|28370
7594|174|60068|197103|212080
328964|37468|174|11432|271150
4601|50869|34019|35600|39432
6762|1299|20473|201423
139317|44324|32595|174|272102|271816
28917|6939|1299|398705
3257|1299|20473|47065|61574
24482|33891|216067|44244
7018|6453|49666|205647|49801|204533
199524|174|6453|29208
6424|6939|29222
58308|59689|30781|1299|20473|201423
7018|6939|28370
12637|6939|50989|205966
28917|6939|40994|216321
12389|174|60068|205884
264479|6762|1299|6855|39904|202605
28917|20764|52091|206810|202279
34019|6939|200303
28917|6939|1299|60068
917|25369|1299|42303|51701|30893
35600|6939|28370|268521
60068|33891|3223|41327|51580
29479|50304|1299|6855|50698
59919|12779|28283|268744|2716
327960|174|14840|2716
204092|6939|28917|43714
48070|1299|60068|211571
209650|34927|1299|10490|2722|12148|47065|61574
35600|50263|201814|209896
55222|1299|6855|39904|202605
41666|1680|44709
28917|6939|1299|20473|138564
58308|6939|29208|60275
4775|6453|1299|29695|206557|208835
6057|174|5538|8194|29345
57111|174|1299|8551|44709
206356|50629|37468|60068|216213|205884
59689|30781|1299|8551|44709
36924|1299|33891|216067|44244
3701|3356|1299|8551|44709
42541|1299|6855|39904|47767
58308|6939|1299|17676|4725|17509
139317|44324|32595|174|32473
196621|6939|28917|201119
210312|4601|50869|52025|208755
204092|6939|2852|48091
28917|6939|202297|200299
32590|1299|8551|44709
48070|6939|28917|21453|199933
58308|6939|6830|23520|262202|263713
16552|3257|1299|20473|399970
139317|44324|32595|174|200315|57568
28917|6939|28370|263535
12350|1299|3356|28370|53079
34854|1299|6855|39904|199604
32590|37100|1299|6855|39904|47767
12350|1299|3356|28370|267608
41327|174|216211|211575
31510|174|30844|21351|60132
6696|5511|174|52468|271150
47692|33891|3920|206777
139317|44324|32595|174|209589
47147|1299|6939|28370|264426
28917|6939|1299|30404
37662|174|204548|215728
398465|1299|3356|8119
40994|6939|50989|50683
210312|4601|50869|59645|211286
58308|6939|1299|3301|203158
58308|6939|1299|8375
12859|35598|52091|59815
52075|2914|12859|47065|61574
58308|6939|268624|262594|269677
28917|6939|1299|8781|42298|214178
51184|47692|33891|216067|44244
34177|1299|6453|19318|201813
37721|174|37468|61568|266460|61625
28917|6939|1299|60068|216213|215568
2497|174|210329|215728
41722|20764|33891|60068|211571
6939|6830|60068|216213|205884
22652|174|2914|20473|47065|61574
559|6939|28917|6789
210312|4601|50869|58299|206478
40994|6939|28917|44812
553|7195|28343|2716
23352|2914|174|21320|5408|47065|61574
553|62255|62379
139317|44324|32595|174|394449
44324|32595|174|204810
40994|174|20473|47065|61574
48185|1299|3257|20473|47065|61574
34927|56655|1299|5511|60068|206406|210557
6730|6830|174|8899
58308|6939|6830|23520|262202|3573
28917|6939|1299|23520|262191|273027
20205|1299|29695|206557|204503
6424|6939|28917|21453|35271
34927|56655|1299|20473|47065|61574
196621|58115|21263|56984
64475|6939|2852|197277
1031|999|6453|174|28189|266931|269250|271150
31742|1299|3356|28370|263535|268030
28917|6939|1299|8151|272329
559|9498|20473|47065|61574
2734|27364|2914|174|21555
210937|1299|198949|35676
58308|6939|6830|23520|272969
35008|1299|3920|206777
58299|62255|52091|206810|197960
64475|8551|20473|47065|61574
28917|6939|1299|20473|54681
209650|34927|174|3130|47065|61574
28917|34927|202532
29680|174|52468|271150
196621|33891|60068|211571
44324|32595|174|53667|209864
4601|6939|28917|21453|201646
50877|52025|212895|210320
8529|1299|3257|20473|47065|61574
28917|6939|1299|265780
34927|1299|60068|211571
207841|61049|174|216211|211575
19151|174|1299|6855|39904|47767
394256|174|2914|226|47065|61574
50629|20764|52091|206810|208435
28917|6939|1299|23520|11139|399915
34854|1299|174|20473|47065|61574
205206|1299|20473|399970
58308|6939|15576|60311
1299|21351|60132
28917|6939|1299|36192
6696|1299|1680|20473|47065|61574
4601|50869|41051|205563
20205|174|3257|9498|20473|47065|61574
148968|7474|7473|1299|3920|206777
3130|174|204548|215728
1299|174|21700|399914
6908|174|5538|8194|29345
6830|9002|12555|3227
50304|1299|3356|28370|53079
34854|1299|174|140227|44324|205369
58057|174|52468|271150
28917|6939|62000|198831|215784
3170|16164|36032
139317|44324|32595|174|26277
23352|3257|174|201814|209896
34927|52025|1299|8551|44709
28917|6939|1299|60068|30536
50629|3920|206777
29222|6939|12555|48430
204092|13335|5408
58299|62255|52091|206810|202497
25220|1299|20473|201423
44324|32595|174|53667|212237
293|3356|174|201814|209896
210312|4601|50869|34019|35600
42473|1299|5511|60068|206406|210557
198385|174|399697|39967|399697
28917|6939|1299|20473|399970
58308|6939|1299|262206
6424|6939|393682
971|174|210329|215728
28917|6939|39791|49101|42422
37053|37100|6762|174|37468|61568|266460|61625
44324|32595|174|398748
29504|39392|33891|17676|216211|44324|205369
12350|1299|174|399697|39967|399697
6057|174|20473|47065|61574
8529|1299|20473|399970
47957|3356|1299|198949|35676
210937|1299|3356|28370|263963
29479|50304|1299|56630|209944
58308|6939|7018|15130
42473|1299|3356|28370|267608
6830|3356|29695|206557|204503
34927|60011|3356|1299|6855|39904|47767
58308|6939|6830|23520|11139|14694
209650|34927|174|22381|267470|263047|264389
4601|50869|34019|208627
5405|20764|43298|48678|213865
53828|2914|174|201814|209896
3170|6939|2852|198500
4901|11537|20965|5408|47065|61574
50673|174|28189|266931|271615|273522|271150
4764|1299|3216|51032|41344|39707
29075|1299|3356|28370|264426
58308|6939|33891|207436|203228
50877|5405|6939|30893|13214
1299|6939|50989|33837
4181|1299|25091|8298|4601|4492
7594|174|22381|267470|263047
50304|12859|47065|61574
58308|6939|7018|4473
559|6939|28370|270962
12969|1299|201814|209896
4777|2497|1299|20473|47065|61574
15605|137409|63473|200790
207841|6939|28917|44056|57629
202297|13335|400095
34854|1299|6855|39904|202605
28917|6939|1299|23520|27665|263222
28917|6939|1299|23520|52471
7195|174|399697|39967|399697
59891|13030|1299|174|399697|39967|399697
58308|6939|54429|401894
34927|56655|2603|21320|5408|47065|61574
35600|30781|1299|198949|35676
48070|6939|28370
40387|1299|8551|44709
3320|1299|198949|35676
28917|20764|52091|206810|39558
23367|1299|174|60068|205884
58308|6939|3170|215066
23673|9900|23764|3356|174|1916|47065|61574
49028|1273|16019|59970
48070|6939|29222|513|12654
12637|1299|7195|11432|271150|272738
64475|3320|1299|20473|47065|61574
4230|1299|34927|202827
60171|174|52468|271150
2914|174|210329|215728
58308|6939|5405|48031|136258
139317|44324|32595|174|215656
44324|32595|174|205847
60011|3356|174|140227|44324|205369
28917|6939|1299|23520|265540
16347|1299|34927|202827
34019|47065|61574
17350|3356|174|3130|47065|61574
41327|1299|20473|399970
28917|6939|1299|3223|48254
34854|1299|17676|216211|44324|205369
34854|1299|3356|28370|263963
58308|6939|1299|201216
39351|1299|20473|201423
58308|6939|1299|11172|265586
513|29222|6939|64475
12307|29691|1299|6453|4755|7768
28917|6939|1299|41528
48070|6939|42695|43101
2734|59692|12555
29075|1299|3356|8119
5413|1299|8551|20473|47065|61574
207841|6939|28917|21453|41783
12859|35598|52091|206810|56766
56655|1299|3356|22381|267470|263047|264389
28917|6939|1299|33647
40994|6939|54429
36924|1299|3356|28370|268521
28917|20764|29049|49666|205647|49801|204533
9044|1299|198949|35676
20253|1299|3356|28370|263060
8283|6939|50989|48116
28917|6939|200462|213579
204092|6939|196610
29504|39392|33891|266493|61625
3170|6939|28917|50045
209823|25091|8283|47065|61574
44324|32595|174|37288
20253|1299|3356|8119
28917|6939|1299|208414
559|6939|39790
28917|6939|40994|212085
559|8551|44709
58308|6939|6830|23520|264821|274129
5413|1299|174|399697|39967|399697
58308|6939|553|34878|58069
6730|6830|174|22381|267470|263047|264389
29075|1299|10490|2722|12148|47065|61574
50629|6939|24796|63293
44324|32595|174|55410|24023
49432|48362|1299|20473|399970
12779|6939|30893|200690
207841|6939|28917|6789|203561
58308|6939|51826
58308|6939|33924
15605|6939|2852|48091
34927|56655|1299|37468|52468|271150
29222|6939|3170|965
50877|5405|6939|2852|212876
50877|5405|6939|2852|202874
2914|174|140227|44324|205369
58308|6939|1299|56655|216321
12637|35598|52091
58308|6939|1299|55410
136557|174|28283|268744|2716
20080|2914|1299|20473|47065|61574
12552|33891|60068|211571
205206|1299|7195|28283|268744|2716
48185|33891|60068|211571
29222|6939|25400|49278
174|10490|2722|12148|47065|61574
2518|1299|201814|209896
3130|174|3356|28370|268521
51184|47692|33891|266493|61625
20514|1299|12956|212721
58308|6939|8899|42652|44569
48362|1299|3356|28370|268198
553|62255|52091|59815|25299
28917|6939|62000
151326|174|3356|28370|28657
28917|6939|1299|9141
263152|264409|174|399697|39967|399697
49544|1299|3257|210329|215728
58308|6939|1299|36352|27176|215120
139317|44324|32595|174|400812
286|3257|33891|216067|44244
328964|23764|1299|34927|202827
215596|1299|3356|28370|267556
39351|174|6453|4755|7768
3491|2914|12859|47065|61574
58308|6939|29208|209847|26383
559|35598|52091|59815
28917|6939|1299|54509
28917|6939|1299|20473|200510
23367|1299|60068|211571
32590|1299|60068|197103|212080
553|62255|52091|206810|213694
58308|6939|6830|23520|272012
207841|6939|28917|47478
28917|6939|6830|23520|52468|52242
40994|6939|28917|39238
29222|6939|41720|212467
47147|1299|6855|39904|47767
21412|1299|20473|399970
28917|6939|1299|42615
28917|6939|1299|14041|194
37100|174|140227|44324|205369
2497|174|204548|215728
4601|6939|28917|50045
1403|577|174|20473|47065|61574
196621|6939|30893|200690
40994|57463|41327|211222
971|174|6453|29208
8426|3257|174|60068|205884
209650|34927|9002|1299|198949|35676
42541|1299|201814|209896
2518|1299|34927|202532
210312|4601|50869|34019|201281
64475|3320|3491|5408|47065|61574
6894|3257|1299|20473|399970
28917|6939|1299|60068|197103|272905
35266|1299|201814|209896
49028|1299|6762|267470|263047
6830|6939|2852|204772
20253|1299|4637|20473|47065|61574
28917|6939|1299|8551|20940
6424|6939|28917|34784
6730|6830|3356|28370|28657
132825|174|7311|835|394273
209650|34927|9002|21320|5408|47065|61574
35710|3320|1299|60068|197103|212080
59689|30781|33891|44592|49581|209693
327960|174|22381|267470|263047|264389
41095|33891|216067|44244
45049|6696|1299|8551|20473|47065|61574
41722|20485|1299|6855|39904|199604
60326|34927|1299|60068|197103|212080
215596|1299|3223|41327
29222|6939|48678|47951
49432|48362|1299|3356|28370|263060
4230|1299|201814|209896
53828|2914|174|20723|2852|202874
210312|4601|50869|6939|196610|48927
28917|6939|1299|205890
204092|6939|2852|204772
9268|4764|1299|21351|60132
61568|174|21320|5408|50148
34177|1299|6762|267470|263047
58308|6939|6830|23520|262191|273849
13830|971|174|20723|2852|202874
58299|62255|52091|206810
52025|174|52468|271150
34177|1299|174|20473|47065|61574
47957|6830|34927|202827
4181|1299|3920|206777
55222|174|37468|61568|266460|61625
202032|137409|48011|25184|49801|204533
3257|174|399697|39967|399697
29222|6939|3170|203363|212085
37497|1299|6855|39904
32595|174|37468|61568|266460|61625
28917|6939|1299|52468|271936
2027|47160|6939|54429|401894
6762|1299|22773|8119
139317|44324|32595|174|18988|54904
29222|6939|50629|207252
46450|1299|22773|8119
139317|44324|32595|174|212250|208293|203217|14789
199524|174|52468|271150
58308|6939|15935|197451|201931
58308|6939|197580
4601|50869|215509
262427|174|6453|29208
56987|174|210329|215728
21320|33891|216067|44244
44324|32595|174|2860|215446
199938|1299|3257|19318|209896
35008|1299|17676|216211|44324|205369
139317|44324|32595|174|57801
15562|2914|1299|20473|47065|61574
11039|6461|1299|8551|20473|47065|61574
28917|6939|1299|20473|142130
21412|1299|7545|20473|47065|61574
3170|4788|21351|60132
28917|6939|1299|20473|151361
28917|6939|1299|23520|5639|27924
210312|4601|50869|199310|211695
28917|6939|7018|16793
33891|264409|61832|266460|61625
206356|50629|12859|47065|61574
58308|6939|7018|18439
559|37468|52468|262393
2516|1299|917|214598
52873|12956|1299|6855|50698
286|3257|5405|8943|200636
35600|35598|52091|206810|12773|57005
41722|12389|1299|174|37468|61568|266460|61625
12779|56630|209944
14907|1299|32787|202161
553|6939|30893|13214|35634
35266|1299|6855|39904|199604
29222|6939|28917|206011
15605|137409|48011|25184|49801|204533
28917|37468|270551|263047
28917|6939|1299|23520|46650|14432
28917|6939|1299|11049
28917|6939|1299|32097|399646
37271|174|3130|47065|61574
28917|6939|1299|23520|64126|266734|273048
39351|1299|20473|47065|61574
20764|174|140227|44324|205369
58308|6939|7018|14858
58308|6939|6830|23520|52233
25091|28917|215730|209693
58308|6939|7018|16793
210312|4601|50869|34019|209523
41666|31133|12389|28917|8905|42132
209|3356|174|20473|47065|61574
28917|6939|1299|20473|957
7713|1299|6855|39904|202605
58308|6939|33891|206564
23673|3491|174|35598|52091|206810
263152|174|1299|198949|35676
64475|14840|2716
139317|44324|32595|174|267784
6424|174|20723|2852|202874
196621|6939|2852|61110
29222|6939|28370|267556
6830|6939|33924
12956|174|399697|39967|399697
44324|32595|174|44891
34800|58057|50673|174|28189|266931|269250|271150
41327|6939|28370|263060
44324|32595|174|36436
4601|50869|58299|209185
210312|4601|8298|25091|6830|60068|216213|205884
58308|6939|1299|53981
136557|174|3257|19318|209896
263152|174|60068|211571
15935|174|28189|266931|271615|273522|271150
58308|6939|1299|39567
58308|6939|7018|396922
553|16276|203019
12350|34177|33891|60068|211571
7720|10111|1299|12859|47065|61574
35600|6939|28917|50923
12779|174|216211|211575
56987|1299|8551|44709
4601|50869|41051|208487
1836|1299|198949|35676
34854|1299|33891|216067|44244
327804|37271|33891|216067|44244
42541|47065|61574
394256|174|1299|198949|35676
57111|52025|212895|210320
28917|6939|268624|262594|269677
48070|1299|20473|47065|61574
40994|174|3130|47065|61574
36924|1299|12956|212721
29222|6939|54429
29222|6939|50629|207252|213579
8283|2914|37271|20473|47065|61574
7018|2914|226|47065|61574
44324|32595|174|394611
44324|32595|174|30567
327804|5713|174|3257|21034
32590|7922|174|52468|271150
37105|36994|3356|21320|5408|47065|61574
28917|6939|1299|20473|131667
328964|37468|174|204548|215728
7660|2516|1299|1680|20473|47065|61574
28917|6939|1299|20473|401466
6667|174|399697|39967|399697
50629|174|216211|211575
199524|1299|42303|51701|30893
41327|6939|215172|214955
58308|6939|5405|25291
52025|174|204548|215728
30600|1299|198949|35676
397131|60011|3356|1299|20473|399970
2497|1299|201814|209896
38001|3491|174|399697|39967|399697
5405|6939|16652
852|1299|3920|206777
139317|44324|32595|174|397735
29222|6939|3170|201579
20253|1299|174|60068|205884
20205|1299|3356|16735|2716
50877|5405|6939|16652
28917|6939|1299|32097|22295|40776
559|32787|202161
28917|6939|1299|13443
12307|29691|1299|6453|19318|209896
49028|6461|16276|203019
6830|6939|28917|47438
58057|174|11432|271150
58308|6939|1299|31898|54253
6830|174|21320|5408|47065|61574
47160|174|28189|266931|269250|271150
12637|6939|28370|263060
28917|6939|1299|36692
28917|6939|1299|20473|200202
3399|174|37468|53062|266493|61625
20514|1299|13335|5408
139317|44324|32595|174|36027
28917|6939|1299|20473|397592
202032|58115|21263|206970
12969|1299|8943|200636
8283|6762|16735|266931|271615|273522|271150
35426|215596|1299|3920|206777
12637|6939|50989|50683
4181|1299|8551|44709
58308|6939|1299|54509
28917|6939|1299|6128|54004|21835
38880|6939|1299|20473|47065|61574
28917|6939|1299|6503|6621|265515
48919|35320|1299|198949|35676
215596|1299|6855|39904|47767
28917|6939|1299|14586
16552|2914|174|11432|271150
12859|1299|201814|209896
29222|6939|12779|204664
49788|1299|3356|8119
40387|1299|60068|211571
53828|3257|1299|3920|206777
34019|6939|54429
202365|50673|174|201814|209896
2734|1828|13789|30372|3356|174|393216
6424|174|399697|39967|399697
34927|1299|3356|28370|263535
44324|32595|174|17497
205206|1299|6855|39904|47767
50877|5405|6939|25192|20701
28917|6939|29222|41495|206202
15935|174|13786|28343|2716
28917|6939|1299|199508|215629
13830|971|174|6453|19318|201813
50628|1299|60068|216213|205884
917|60068|33891|8298|4601|4492
28917|6939|1299|20473|402238
23367|1299|6453|29208
35600|6939|28917|9110
28917|6939|199399
4777|2497|174|34927|202827
34927|1299|6453|29208
29222|6939|205479
553|13335|5408
6830|2914|3223|41327|51580
12637|6939|50989|33837
44324|32595|174|12189|207134
14907|3356|174|20723|2852|202874
3130|174|3257|20473|47065|61574
47147|1299|6453|19318|201813
1299|6939|28370|267608
7660|2516|1299|29695|206557
137409|174|60068|216213|205884
971|174|5459|200070
59414|6830|3356|1680|44709
12586|3257|174|216211|211575
4601|6939|28917|21453|35271
32590|1299|20473|47065|61574
174|13335|400095
15692|2914|6424|44592|49581|209693
29222|6939|215172|214955
58308|6939|33891|61303
59414|6830|174|22381|267470|263047|264389
20205|174|210|47065|61574
7594|174|21320|5408|50148
971|174|34927|202827
6424|14840|2716
680|1299|6855|39904|202605
8426|21320|5408|47065|61574
15935|174|1299|20473|399970
34927|1299|3356|28370|28657
28917|6939|1299|60068|397032
5413|1299|60068|211571
12859|6939|29222
39122|1299|3257|19318|201813
58308|6939|41720|213709
44324|32595|174|42313|216325
29222|6939|47536|213370
1836|1299|21351|60132
398465|1299|8551|44709
196621|6939|28917|6789|200702
28917|6939|1299|52468|273877
42541|62255|52091|206810|196638
57111|41327|44592|49581|209693
37105|37662|33891|216067|44244
8220|1299|60068|197103|212080
61568|174|210329|215728
1273|174|3130|47065|61574
28917|6939|268624|262594|269603
4777|2497|2914|12859|47065|61574
58308|6939|63290|40335
32590|12956|1299|3920|206777
20612|9044|174|399697|39967|399697
3170|6461|137409|63473|200790
49605|6762|174|210|47065|61574
28917|6939|1299|8551|12222
47692|3356|21320|5408|47065|61574
58308|6939|32097
44324|32595|174|202521
209650|34927|174|210|47065|61574
199524|174|11432|271150|272738
35280|6453|1299|3920|206777
58308|6939|1299|393559
50877|5405|6461|394737
49544|1299|60068|216213|205884
23367|1299|29695|206557
42541|1299|20473|201423
58308|6939|6830|33915|200428
58299|32787|202161
34177|1299|3356|28370|263060
28917|6939|1299|398044
271253|6453|174|11432|271150
51185|6762|1299|201814|209896
28917|6939|56595|206324|21433
196621|6939|30893
39122|1299|3356|28370|263963
60011|3356|1299|20473|47065|61574
20080|2914|1299|6855|39904
6424|271586|263047
58308|6939|61618|267443
28917|6939|1299|42313|204816
3303|174|20473|47065|61574
6424|16735|273514
136557|174|216211|44324|205369
513|29222|6939|35168|48716
210312|4601|6939|28917|24651|39900
6830|12956|212721
45049|6696|1299|174|216211|211575
58308|6939|7018|3379
35710|2603|21320|5408|47065|61574
45049|6696|1299|7195|20473|47065|61574
328206|37739|3491|174|56630|209944
29222|6939|40994|215472
58308|6939|6830|23520|52286|264764
210312|4601|50869|199310|153376
207841|7195|11432|271150|272738
29504|15935|6461|6057|28283|268744|2716
1299|6939|50989|50683
15576|35598|52091|48158
34800|58057|50673|33891|216067|44244
199524|1299|6762|49666|58224|214805
2734|25091|8298|4601|4492
31742|1299|8551|44709
139317|44324|32595|174|62628
44324|32595|174|11172|265625
64475|6939|28370|268521
58308|6939|6830|23520|46650|20940
59890|174|3257|21034
34019|6939|25192|20701
4601|50869|6939|50989
44324|32595|174|9457
5511|174|5538|8194|29345
37662|174|21320|5408|50148
3491|5405|8943|200636
553|6939|59970
263152|174|60068|216213|205884
262427|174|35598|52091
56655|1299|3356|16735|2716
59414|6830|174|52468|262393
28917|6939|215782
52025|174|37468|61568|266460|61625
4601|50869|6939|2852|199711
263152|174|2914|20473|201423
3399|174|37468|270551|263047
44324|32595|174|212551
139317|44324|32595|174|54002
28917|6939|1299|400940
29222|6939|35133|57706
28917|6939|1299|211181
6424|6762|1299|6855|39904|199604
12779|6939|50989|205966
5392|50877|5405|62255|52091|206810
263152|174|60068|205884
36924|1299|34927|202827
58308|39801|29222|204957
50877|5405|6939|25192|29067
553|6939|200303
3130|174|2914|226|47065|61574
58308|6939|7018|14381
28917|6939|1299|39892
4601|50869|214508
28917|6939|1299|54082|263725|272916
23367|1299|23764|35168|212999
4777|2497|174|5538|8194|29345
6423|20055|174|20723|2852|202874
41666|49581|209693
44324|32595|174|398343
35600|6939|28370|263060
12969|1299|3216|51032|41344|39707
20205|1299|56630|209944
58308|6939|33891|203380
205112|50629|6461|23352|20473|47065|61574
207841|6939|28370|267556
139317|44324|32595|174|7195|30081
28917|6939|1299|60068|197103|209843
52075|33891|44592|49581|209693
3130|174|11432|271150|272738
3130|174|37468|270551|263047
5405|6939|2852|199711
60068|1299|17676|216211|211575
20612|9044|33891|60068|211571
44324|32595|174|53667|399266
28917|6939|1299|20473|62517
199938|1299|3257|19318|201813
680|1299|8551|44709
3170|6939|28917|198297|51081
58308|6939|5405|214017
34927|60011|3356|174|399697|39967|399697
6830|3257|8551|44709
174|1299|6939|24796
2497|1299|34927|202827
4181|1299|6855|39904|47767
35600|30781|33891|216067|44244
28917|6939|1299|23520|265580
6424|7195|20473|47065|61574
28917|6939|56595|43442
35600|6939|28917|206011
210312|4601|50869|34019|202945|210960
20205|1299|3356|8772|215536
2516|174|1916|47065|61574
266213|3356|1299|6855|39904|47767
58308|6939|1299|211393
44324|32595|174|28546
28917|6939|1299|20473|400671
50673|174|138997|216211|44324|205369
35426|215596|1299|3356|8119
8220|1299|174|204548|215728
28917|6939|1299|15113
20253|1299|37468|60068|216213|205884
44324|32595|174|263812|208414
263237|174|3257|20473|47065|61574
207841|6939|28917|43714
20764|33891|60068|211571
29222|58115|21263
48362|1299|3356|28370|267556
42541|62255|52091|206810|34786|34789|34786
327727|174|50509|51032|41344|39707
40994|174|210|47065|61574
28917|6939|1299|262206|23243|26617|269964
204092|6939|50989|48116
14907|33891|44592|49581|209693
4601|6939|28917|43714
8283|50509|51032|41344|39707
151326|174|210329|215728
3130|174|21700|399914
49544|1299|6453|4755|7768
64475|1680|44709
58308|6939|7018|396912
28917|6939|1299|23520|5639
39122|1299|6453|4755|7768
48070|6939|28917|206011
210312|4601|50869|6939|2852|197451
41327|1299|198949|35676
204092|6939|28917|48084|35816
1299|62081|198408
23367|1299|3356|28370|267608
266213|3356|1299|6855|39904
6830|6939|2852|201648
58299|62255|52091|206810|12773|57005
327960|174|35598|52091|44660
44324|32595|174|18988|54904
14907|1299|60068|197103|212080
29222|6939|12637|60087
3170|174|20473|47065|61574
41666|20764|52091|206810|39089
204092|6939|2852|210498
13830|971|174|37468|61568|266460|61625
22652|1299|7195|20473|47065|61574
398465|3320|1299|60068|216213|205884
139317|44324|32595|174|10578
28917|6939|1299|40185
6908|174|6453|29208
44324|32595|174|266445
49788|1299|3257|20473|47065|61574
4601|8298|8283|3491|216211|211575
553|174|20473|47065|61574
40994|174|60068|205884
34019|6461|23352|20473|47065|61574
15547|174|210329|215728
58308|6939|1299|3308|47527
20612|9044|174|1916|47065|61574
8426|33891|60068|211571
24785|6830|3356|28370|28657
28917|6939|1299|201319
34288|174|399697|39967|399697
6424|6939|28917|48610
4601|50869|54148
1299|6204|44592|49581|209693
64475|6939|42695|43101
34019|3920|206777
6730|6830|174|52468|262393
28917|6939|1299|20473|27218
46450|1299|174|210|47065|61574
6830|3257|19318|201813
28917|6939|1299|36352|399502
12956|174|216211|211575
35008|1299|7545|20473|47065|61574
40994|57463|41327|197825
207841|6939|39790
12637|6939|25192
8283|20764|52091|206810|12773|44710
20485|174|52468|262393
40994|6461|9498|20473|47065|61574
29222|6939|28917
3701|174|5538|8194|29345
196621|6939|25192|29067
210312|4601|50869|41051|213422
28917|8298|4601|4492
12779|35598|52091|206810|59815|25299
31510|174|7311|835|394273
20055|1299|6855|39904|47767
34854|1299|3356|28370|263535|268030
34854|1299|3223|41327
1299|16276|203019
34872|24961|8283|47065|61574
24961|1299|6855|50698
28917|6939|1299|19750
28917|8359|57304|41720|58180
28917|6939|1299|12488
57381|50304|1299|3920|206777
199524|6762|1299|12859|47065|61574
58511|1299|201814|209896
29222|6939|62000
1140|24785|6830|174|60068|205884
553|62255|52091|206810|202279
20205|1299|3491|20473|47065|61574
47147|1299|9002|8772|396416
17660|6453|174|20723|2852|202874
41327|6939|28370|267556
49028|1299|21351|60132
20514|1299|23764|35168|212999
1257|1299|10490|2722|12148|47065|61574
16347|1299|4230|2716
139317|44324|32595|174|398113
206499|34549|1299|3223|41327
41666|20764|52091|206810|24881
23367|1299|3356|28370|263535|268030
34177|3356|1299|6855|39904|47767
45352|1299|3216|51032|41344|39707
210312|4601|50869|6939|28370|268521
12779|31133|12389|28917|8905|42132
50629|8551|20473|47065|61574
14907|1299|20473|47065|61574
207841|6939|28917|198297
59414|6830|34927|202827
1140|24785|1299|8551|20473|47065|61574
32590|1299|37468|53062|266493|61625
28917|6939|1299|270126|270215
174|14840|269288
28917|6939|1299|14717
12859|6939|393682
20514|1299|3356|28370|28657
47160|174|140227|44324|205369
204092|6939|25192|29067
3170|16276|203019
29222|6939|7018|401623
48185|3356|174|210|47065|61574
29222|6939|28370|263535
58308|16276|203019
22652|1299|3356|28370|263535|268030
4775|1273|1299|20473|47065|61574
5405|62255|52091|206810|211692|214268|197578
207841|6939|59689
28917|6939|1299|20473|215527
4601|50869|41051|211715
9002|1299|17676|216211|44324|205369
132825|174|12389|49666|205647|49801|204533
15576|174|204548|215728
40994|6939|42695|43101
49028|1299|37468|270551|263047
41722|12389|1299|60068|216213|205884
40387|1299|35598|52091|206810
215596|1299|3356|28370|53079
12779|6939|50989|48116
28917|6939|1299|20115|397418
2497|1299|20473|201423
6730|6830|174|28189|266931|271615|273522|271150
49028|1299|3356|28370|268521
28917|6939|1299|32806
917|3214|1299|6855|39904|202605
1299|6762|1680|44709
139317|44324|32595|174|209847
39122|47311|150249|153176
132847|7474|3257|1299|20473|47065|61574
29222|6939|553
23367|1299|6453|1031|61568|266460|61625
12969|1299|6453|19318|209896
24961|1299|6762|16735|273514
48362|1299|174|210|47065|61574
394256|174|37468|61568|266460|61625
205206|1299|7195|28189|266931|269250|271150
28917|6939|6830|23520|64126|272980|274084
48070|6939|28917|34784
40994|9002|917|214598
196621|6939|28917|35539
16347|1299|3223|41327|51580
58308|6939|60432
28917|6939|1299|60051|208293|203214|51684
48185|1299|174|37468|61568|266460|61625
57866|9002|21320|5408|47065|61574
28917|6939|1299|20473|201353
210312|4601|50869|52025|401441
132337|1299|60068|216213|205884
60326|34872|24961|8283|47065|61574
327727|174|3356|28370|268521
28917|6939|16652
57821|12586|3257|174|216211|211575
28917|6939|1299|37662|329246
49028|1299|20473|399970
47147|1299|174|32595|44324
148968|7474|3257|174|210|47065|61574
47147|3320|1299|37468|53062|266493|61625
328206|37739|3491|1299|20473|201423
196621|15576|174|60068|205884
29632|12859|47065|61574
16552|3257|174|1916|47065|61574
4601|50869|213768|205634
6830|3491|209810|207187|202551
6424|28283|268744|2716
50629|37468|53062|266493|61625
48185|1299|10490|2722|12148|47065|61574
58308|6939|212635
44324|32595|174|212250|208293|203217|54994
22652|1299|6855|39904
40387|1299|6762|267470|263047
8283|16276|203019
5405|6939|25192|29067
29680|174|216211|211575
58308|6939|61618|267216
198249|8551|20473|47065|61574
50629|6939|28370|263535
12350|1299|3356|28370|268521
1299|3920|206777
28917|6939|1299|6424|47787|203020
210312|4601|50869|6939|42695
24516|174|3257|21034
398465|1299|6855|50698
50304|1299|3356|28370|269016
58299|62255|52091|206810|211101
4601|50869|44324|211729
29222|6939|7018|397248
204092|34019|2603|21320|5408|47065|61574
57866|1299|10490|2722|12148|47065|61574
4601|50869|58299|207271
58308|6939|50629|207252|202119
20253|1299|60068|197103|212080
4601|50869|6939|25192|20701
28917|6939|1299|54994|140591
35600|35598|52091|206810|5598
199524|1299|33891|216067|44244
57695|917|60068|1299|6939|28370|263060
394256|174|6453|4755|7768
199524|174|13786|28343|2716
20912|174|56630|209944
39122|12859|47065|61574
8283|6461|210|47065|61574
50304|1299|7195|28343|2716
41327|19318|209896
139317|44324|32595|174|211691
58308|6939|33891|39257|209846
44324|32595|174|27747
64475|6939|28917|48084|199961
44324|32595|174|27659
58308|6939|29208
7018|174|32595|44324
28917|6939|1299|34628
6830|1299|6855|39904|199604
44324|32595|174|29802
9044|1299|8551|44709
50628|1299|56630|209944
56655|1299|21351|60132
20253|1299|174|1916|47065|61574
28917|6939|1299|20473|139073
51519|39351|174|60068|216213|205884
209650|34927|1299|6855|39904|47767
48185|2914|174|399697|39967|399697
28917|6939|7018|26305
34177|1299|174|399697|39967|399697
15547|3303|174|60068|205884
29222|6939|35826|205311
204092|34019|32787|202161
12637|6939|39790
58299|62255|52091|206810|57982
17350|6453|1299|20473|47065|61574
29075|174|210329|215728
553|6939|54429
28917|6939|7018|3486
3320|1299|29695|206557|208835
139317|44324|32595|174|1089
32590|137409|174|20473|47065|61574
50300|174|60068|205884
64475|6939|60432
8888|137409|2914|1299|198949|35676
58308|6939|1299|210937|62599
51873|6830|3356|8551|44709
36924|1299|174|399697|39967|399697
58308|6939|28917|47759
2734|13335|400095
202032|58115|21263|41504
196621|6939|28917|39153
202365|50673|174|21320|5408|47065|61574
12779|3257|174|20473|47065|61574
139317|44324|32595|174|6621|265705
28917|6939|1299|398465
8283|2914|37468|60068|216213|205884
29222|6939|7018|6431
6830|9002|12555|44676
42473|1299|3356|28370|53079
2027|47160|174|22381|267470|263047|264389
48070|6939|393682
2914|1299|6939|24796
23764|3356|174|20473|47065|61574
58308|6939|1299|45102
7018|1299|6855|39904|202605
28917|6939|1299|23520|27884|265735
12969|1299|3356|1680|44709
28917|6939|1299|400304
58308|6939|1299|212477|23061
15935|174|3356|16735|2716
4601|50869|58299|216441
8283|3491|209810|207187|205044
48070|6939|29222|41495
174|6453|19318|201813
28917|6939|1299|5518
198385|15576|56630|209944
4826|1299|8551|20473|47065|61574
28917|6939|61618|268797
3170|6461|17378|8119
40387|1299|6762|49666|58224|214805
44324|32595|174|202978
34927|1299|3216|51032|41344|39707
29691|1299|6855|39904
58308|6939|6830|23520|11139|397382
62167|174|2914|226|47065|61574
4601|50869|6939|2852|202874
47311|150249|212001
34177|1299|174|1916|47065|61574
12779|6939|30893|204789
207841|6939|28917|6789|201069|207979
132825|174|6762|49666|58224|214805
57866|6830|60068|216213|205884
5511|174|11432|271150
174|21700|399914
28917|6939|1299|20473|215011
207841|6939|29222|513|12654
3320|1299|22773|8119
45049|6696|1299|9002|8772|396416
2497|174|37468|61568|266460|61625
55222|174|6461|394737
6453|1299|20473|47065|61574
202365|50673|174|3257|60068|206406|210557
35280|6453|174|20473|47065|61574
553|6939|28370|268521
44324|32595|174|263194|262259
61568|174|210|47065|61574
58308|6939|7018|26305
49544|1299|3920|206777
28917|16276|203019
56655|1299|6453|19318|209896
56655|1299|6453|4755|7768
16347|1299|3257|210329|215728
14907|3356|174|3130|47065|61574
328840|327727|174|34927|202827
210312|4601|50869|58299|207271
577|174|1916|47065|61574
29222|6939|62000|208226|205778
58308|6939|1299|26073
28917|6939|25400|15765
8283|20764|52091|206810|214721|204108
4181|1299|20473|47065|61574
50629|9002|8772|396416
48362|1299|6762|49666|58224|214805
513|174|60068|205884
6424|174|216211|211575
57381|50304|1299|6855|39904|205968
42541|62255|52091|206810|196767
47147|1299|17676|216211|44324|205369
37105|36994|1273|1299|20473|399970
139317|44324|32595|174|21826
36924|1299|10490|2722|12148|47065|61574
17639|1299|8551|44709
198249|13030|1299|3920|206777
40994|6939|50989|48116
58308|6939|1299|42313
28917|6939|28370|28657
28917|6939|1299|835|52025|203069
55222|174|3356|28370|28657
28917|6939|1299|212477
47160|174|210|47065|61574
57866|1299|20473|47065|61574
9268|4764|1299|6762|49666|58224|214805
64475|7195|28189|266931|269250|271150
35600|1828|12179|393398|3356|1299|23033|27323
8220|1299|35598|25308|28917|204076
2734|64200|7018|1299|8990
7594|174|8551|20473|47065|61574
327727|174|52468|271150
4601|50869|41051|209527
139317|44324|32595|174|206262|57722
210312|4601|50869|52025|205649
2152|3356|1299|6855|39904
58308|59689|29075|174|210329|215728
3130|174|3356|28370|267608
28917|6939|7018|36610
40994|57463|41327|211084
202365|50673|174|32787|202161
58308|6939|3170|57483
8283|20764|52091|59815
4601|50869|41051|200372
6830|1299|198949|35676
49028|1299|56630|209944
50628|1299|6762|49666|58224|214805
29222|6939|29208|62083
49028|1299|174|204548|215728
49605|6762|174|11432|271150|272738
8220|1299|3356|21320|5408|50148
58308|6939|5405|9182|31348
6762|174|21700|399914
139317|44324|32595|174|44297
17639|174|60068|205884
140627|1299|6855|50698
21412|1299|3257|20473|47065|61574
58308|6939|2852|197451
36924|1299|60068|197103|212080
210937|1299|3223|34224|12735
28917|6939|1299|60068|204903
21700|174|1299|8551|44709
513|29222|6939|7794
28917|6939|1299|36236|64114
29222|6939|7018|32673
34288|1299|6855|39904|47767
553|174|140227|44324|205369
174|35598|25308|28917|9049|51017
51873|6830|174|60068|216213|205884
24516|174|6461|394737
28917|6939|1299|21738|200242
174|1299|6855|39904|47767
55720|2914|1299|201814|209896
1031|999|6453|174|60068|205884
35426|39801|5511|174|37468|61568|266460|61625
204092|6939|28917|198297
8298|8283|3320|6855|39904|202605
12969|1299|37468|53062|266493|61625
137409|174|399697|39967|399697
20253|1299|6855|39904|202605
35600|35598|52091|206810|211692|31069
41327|174|5538|8194|29345
58308|6939|1299|47583
28917|6939|1299|265620|270111
7018|6762|49666|58224|214805
6424|6939|50989
44324|32595|174|329082
202365|50673|174|7545|20473|47065|61574
8218|6461|1299|20473|201423
12637|6939|2852|213152
209|3356|1299|198949|35676
58308|6939|6830|34549|213045
20912|174|60068|211571
6830|6453|29208
5511|174|32595|44324
57381|50304|1299|8551|44709
174|5511|49666|58224|214805
327960|174|28189|266931|269250|271150
139317|44324|32595|174|47787|203020
16552|30844|8283|47065|61574
20253|1299|22773|8119
204092|6939|28917|21453|201646
44324|32595|174|3356|7195|52863
210937|1299|5511|60068|206406|210557
4601|50869|199310|202335
328964|37468|174|60068|205884
52025|174|21320|5408|50148
5413|1299|56504|47674
35369|5405|6939|28370|269016
58308|6939|1299|11179
28917|6939|1299|20473|18750
28917|6939|1299|214002
2518|2516|174|3130|47065|61574
49788|174|216211|211575
12956|1299|6855|39904|47767
205206|1299|3223|41327|51580
25160|174|210|47065|61574
34800|58057|50673|174|3356|8119
2516|1299|2914|226|47065|61574
50673|174|11432|271150
266213|3356|2914|12859|47065|61574
48070|7195|28189|266931|271615|273522|271150
7018|1299|33891|216067|44244
12779|20473|47065|61574
48070|4657|38001|25192
58308|6939|1299|11172|270217
513|29222|6939|268944|271441
1140|24785|6830|3356|28370|269016
44324|32595|174|394855
28917|6939|1299|11664
4601|50869|41051|215795
55222|1299|3356|28370|267608
28917|6939|199081
29222|6939|208453|213998
29222|6939|29208|198605
48070|6939|24796|63293
2734|142111|152672|174|3356|10753
8220|3491|174|35598|52091|206810
139317|44324|32595|174|208905
19151|174|56630|209944
58308|6939|1299|36352|399122
293|3356|174|20473|47065|61574
2497|1299|23764|35168|212999
25369|1299|21351|60132
28917|6939|1299|6424
49028|1299|6939|30893
58308|6939|197301
210312|4601|50869|52025|53723
3170|174|5538|8194|29345
28917|6939|1299|51569
29222|6939|3170|399275
38001|3491|174|210|47065|61574
49028|1299|174|60068|205884
199524|1299|6461|394737
6424|9304|136237|174|137995
14907|33891|216067|44244
29140|286|33891|216067|44244
6830|6939|28917|201119
21700|174|34927|202827
58308|6939|1299|44239
6696|1299|12859|47065|61574
15935|174|3356|3223|41327|51580
28917|6939|1299|44949
28917|6939|1299|20473|153319
32590|3356|21320|5408|47065|61574
204092|30781|1299|60068|197103|212080
34019|6939|25192
553|1299|6762|16735|273514
29222|6939|32097|54203
44324|32595|174|263009|52559|274658
210312|4601|50869|6939|28917
9268|4764|174|14840|2716
3320|1299|34927|202827
17350|3356|1299|34927|202532
7713|33891|216067|44244
47160|174|5538|8194|29345
49544|1299|6453|29208
35600|6939|28917|201119
49434|9002|21320|5408|47065|61574
20205|1299|17676|216211|44324|205369
28917|6939|29222|513|20940
64475|31133|12389|28917|8905|42132|56779
40994|57463|41327|208376
28917|6939|1299|199544
398465|3320|1299|60068|197103|212080
16552|1299|20473|47065|61574
15623|174|210|47065|61574
4181|1299|2914|1916|47065|61574
29222|6939|62000|207879
1140|24785|6830|174|11432|271150|272738
6830|1299|6855|39904
139317|44324|32595|174|35598|35196|206174
14907|1299|6855|39904|47767
58308|6939|48678|44547
13030|1299|20473|47065|61574
37739|3491|5408|47065|61574
2152|3356|1299|6855|39904|47767
28917|6939|1299|25773
28917|37468|60068|216213|205884
28917|6939|1299|20473|59467
8529|2603|21320|5408|47065|61574
12779|6939|39790
58308|6939|7018|25687
28917|6939|1299|27947|264836|265762
6423|20055|174|201814|209896
6830|6939|30893
64475|29632|59682
29680|3257|1299|20473|399970
34800|58057|50673|174|60068|197103|212080
398465|3320|1299|198949|35676
34288|1299|6453|4755|7768
57821|12586|3257|1299|20473|47065|61574
559|6939|30893|13214
327804|37271|3257|1299|20473|47065|61574
35600|6939|29222|41495
48070|6939|28917|6789
41327|6939|2852
209650|34927|1299|174|60068|216213|205884
139317|44324|32595|174|395506
559|35598|52091|206810|202497
2914|174|11432|271150
28917|6939|15372|203592
58308|6939|1299|212175
58308|6939|61618|268364
210312|4601|50869|52025|209477
58308|6939|7018|32673
132825|174|35598|25308|28917|204076
3320|1299|20473|47065|61574
50300|174|399697|39967|399697
58299|62255|52091|48158
139317|44324|32595|174|44222|210374
132847|7474|3257|174|20473|47065|61574
28917|6939|1299|202276
23367|1299|174|21320|5408|50148
28917|6939|1299|23520|52233
136557|174|37468|53062|266493|61625
28917|6939|1299|197308
28917|47065|61574
4764|1299|6855|39904
39122|1299|6453|29208
20612|9044|1299|174|37468|61568|266460|61625
64475|6939|50989|205966
60068|1299|3356|8119
28917|6939|1299|20473|212034
6424|20473|30893
39351|1299|10490|2722|12148|47065|61574
23673|9900|23764|3356|1299|20473|47065|61574
58308|6939|15935|200844
35600|35598|52091|206810|214210
3320|1299|42303|51701|30893
553|6939|30893|205563
8529|1299|3257|60068|206406|210557
58308|6939|5405|206583
1299|34927|202827
28917|6939|7018|20057|64011
5405|6939|2852|48091
58057|50673|174|1299|198949|35676
58308|6939|1299|43646
132825|174|35598|52091|48158
51519|39351|174|22381|267470|263047|264389
6667|33891|216067|44244
28917|6939|42695|52011
139317|44324|32595|174|16637|36974
57381|50304|1299|7195|28189|266931|269250|271150
2914|174|21320|5408|47065|61574
37680|41327|24796|12779|197000
47692|33891|6461|394737
58057|34549|1299|198949|35676
204092|6939|28370|268521
63927|1299|8551|44709
264409|174|201814|209896
917|60068|174|210|47065|61574
559|6939|24796
215596|1299|3223|41327|51580
25160|174|3130|47065|61574
28917|6939|1299|20473|142561
16552|1299|3356|28370|267608
4601|6939|28917|20985
34800|58057|50673|174|216211|211575
28917|6939|1299|38077
40994|6939|28917|197078
139317|44324|32595|174|57974
271253|6453|174|28189|266931|271615|273522|271150
19151|174|1299|6855|39904
58299|7195|28343|2716
327983|37497|1299|6855|39904|199604
32097|4230|52654|266493|61625
28917|6939|1299|397522
5405|6939|215172|214955
58308|6939|1299|3249|200425
13237|1299|3356|28370|268198
28917|6939|1299|21859
5405|62255|52091|206810|214721|204108
35280|6453|174|210329|215728
34927|1299|3356|8119
49028|1299|60068|197103|212080
32590|1299|3356|28370|263060
199524|1299|3356|28370|267556
34927|52025|174|37468|61568|266460|61625
53808|44324|215172|214955
55720|2914|1299|6855|39904|202605
7594|3356|1299|6855|50698
28917|6939|1299|52468|264826
28917|6939|32097|11867
132825|174|28189|266931|269250|271150
58057|1836|1299|198949|35676
44393|394256|174|3257|20473|47065|61574
12859|6461|23352|20473|47065|61574
48070|6939|28917|39238
58308|6939|28370|28657
14630|6830|33891|216067|44244
47147|6461|6424|44592|49581|209693
64475|3320|1299|10490|2722|12148|47065|61574
55222|174|34927|202827
39392|33891|34927|202532
8283|6762|52468|271150
6830|3257|21700|399914
47160|6461|174|37468|61568|266460|61625
56655|1299|6762|16735|273514
917|25369|174|210|47065|61574
42541|1299|2914|226|47065|61574
19151|174|21320|5408|47065|61574
7018|6939|28370|267556
1764|1299|20473|47065|61574
37100|1299|20473|47065|61574
15576|3920|206777
7473|1299|34927|202532
20764|8359|1299|6855|39904
263152|174|1299|34927|202532
58308|6939|1299|32787
49544|3356|1299|3920|206777
210312|4601|50869|6939|29222|207688
1764|174|201814|209896
58308|6939|7018|4196
47692|3356|174|3130|47065|61574
36924|1299|1680|20473|47065|61574
28917|6939|1299|20473|199285
41327|13335|400095
34549|174|1916|47065|61574
262427|174|7311|835|394273
58308|6939|15935|198143
28917|6939|1299|52468|271977
139317|44324|32595|174|214273
23764|1299|60068|211571
28917|6939|1299|23520|64126|265695|63293
199524|1299|35598|52091|206810
44324|32595|174|205544
48070|6939|2852|204772
262427|174|204548|215728
36924|1299|3356|28370|269016
196621|6939|200070
40994|6939|60432
202365|50673|174|22381|267470|263047|264389
28917|6939|1299|60068|35487
174|3356|3223|34224|12735
17350|6453|174|60068|205884
20514|1299|7195|28283|268744|2716
58308|6939|33891|20940
58308|6939|1299|16552
58308|6939|5405|213162
23367|1299|201814|209896
16552|6453|174|21320|5408|50148
4181|1299|56504|47674
8220|1299|8551|20473|47065|61574
5405|6939|2852|197277
29222|6939|47787|203020
205206|1299|7195|28260|270548|52794|52659
28634|4230|1299|6855|39904|47767
64475|62255|52091|206810|213694
132337|174|204548|215728
34927|56655|1299|6762|49666|58224|214805
15547|8220|1299|198949|35676
8220|1299|5511|60068|206406|210557
58308|6939|35168|197556
12859|6939|29222|207688
35426|215596|1299|60068|197103|212080
50628|1299|20473|201423
7018|6939|54429|401894
22652|1299|3356|28370|268198
28917|6939|12735|14789
28917|6939|1299|9141|211742
13030|1299|174|204548|215728
1140|24785|6830|3356|28370|263535
12779|35598|52091|206810|24881|24697
50629|16276|203019
328206|37739|3491|174|11432|271150|272738
34854|1299|7195|28189|266931|269250|271150
31742|1299|33891|216067|44244
32590|1299|6855|50698
6762|1299|12859|47065|61574
30600|174|210|47065|61574
42541|1299|3257|20473|47065|61574
51519|39351|174|1916|47065|61574
37497|1299|201814|209896
58308|6939|29670|213997
205206|1299|3356|28370|28657
37497|1299|6855|39904|202605
58308|6939|1299|6855|204690
34019|47160|6461|174|37468|61568|266460|61625
5413|1299|20473|399970
28917|6939|1299|38930
58308|6939|5405|213425
29222|6939|2852
50628|1299|3223|41327|51580
6830|3257|49666|205647|49801|204533
8283|6939|2852|197277
64475|6939|207995
210312|4601|50869|6939|2852|202874
328840|327727|174|1299|6855|50698
15935|174|20473|47065|61574
196621|6939|28917|204623
32590|174|20473|47065|61574
174|11432|271150|272738
6762|174|3130|47065|61574
139317|44324|32595|174|214043
8220|1299|6461|394737
41666|20764|52091|206810
3130|174|37468|61568|266460|61625
34927|52025|1299|6855|39904
4601|50869|6939|29222
8455|1299|174|3130|47065|61574
35369|5405|3920|206777
15605|35598|52091|206810|12773
6830|9002|12555|212247
16552|1299|3491|216211|211575
20912|12637|1299|10490|2722|12148|47065|61574
24961|28917|215730|209693
28917|6939|1299|6855|214945
174|399697|39967|399697
198385|174|3491|20473|399970
64475|62255|52091|206810|39089
271253|174|3257|21034
1280|1299|174|204548|215728
31510|174|34927|202827
398465|174|3130|47065|61574
50628|1299|174|1916|47065|61574
62000|1680|44709
58308|6939|1299|3223
3257|5405|8943|200636
28917|20764|52091|206810|213694
57381|50304|1299|3356|28370|263535
12859|22356|28370|268521
21700|174|201814|209896
35600|35598|52091|206810|39089
58308|6939|35168|197556|206026
7018|3356|28370|267608
7018|6461|9498|20473|47065|61574
198385|174|6453|19318|201813
48185|1299|6762|267470|263047
917|60068|1299|3223|34224|12735
6830|6939|28370|269016
49028|1299|6939|28370|263535
139317|44324|32595|174|201984
210312|4601|50869|41051|197885
28917|6939|1299|39386|25019
15605|35598|52091|206810|196638
12859|7195|11432|271150
4601|50869|56381|209844
29691|1299|20473|399970
28917|6939|1299|835|52025|210338
15935|174|1299|8551|44709
917|60068|33891|3920|206777
58308|6939|6830|23520|27696
210312|4601|50869|6939|30893|199580
37271|3257|1299|34927|202532
53828|3257|1299|34927|202532
59105|2518|1299|6855|39904
8455|1299|174|20473|47065|61574
559|7195|28260|270548|52794|52659
44324|32595|174|210743
34019|3303|174|399697|39967|399697
42541|7195|11432|271150|272738
28917|6939|1299|43578
8220|1299|20473|47065|61574
196621|6939|28917|25386
210312|4601|50869|52025|212895|203766
29222|6939|61618|268797
29222|6939|12735|212805
139317|44324|32595|174|6424|47787|203020
6424|6939|2852|200874
34927|52025|174|28189|266931|271615|273522|271150
28917|6939|1299|52468|271933
28917|6939|7018|22787
139317|44324|32595|174|209532
28917|6939|7018|394102
34927|56655|1299|3257|20473|47065|61574
8220|1299|3356|28370|263535
39122|1299|3356|16735|273514
17660|2914|174|11432|271150|272738
577|1299|6762|49666|58224|214805
42473|1299|37468|53062|266493|61625
42541|62255|52091|48158
328840|327727|174|7311|835|394273
1299|10490|2722|12148|47065|61574
3491|1299|6855|39904|202605
28917|6939|1299|52423
328512|37100|1299|198949|35676
13237|1299|6855|39904
42541|30844|21351|60132
559|6939|30893|204789
37662|174|60068|211571
15547|174|37468|270551|263047
4601|6939|28917|47478
139317|44324|32595|174|329082
20055|1299|6855|39904|202605
34927|1299|4637|20473|47065|61574
139317|44324|32595|174|17185|25645
28917|6939|1299|15830|7342
48070|9304|136237|174|137995
28917|6939|15935|197451|201931
58308|6939|1299|3308
30781|1299|6855|39904|202605
28917|6939|1299|11019|29789
58308|6939|1299|208893
199524|1299|3356|28370|268198
12586|3257|1299|20473|47065|61574
58308|6939|33891|204038
2914|1299|20473|47065|61574
398465|1299|4230|2716
34288|174|60068|205884
35280|6453|174|20723|2852|202874
8529|1299|12859|47065|61574
28917|6939|1299|36352|60117
29222|6939|39791|49101|42422
28624|3356|1299|6855|39904
1299|33891|216067|44244
28917|6939|1299|52468|27814|13335
8220|1299|6453|19318|201813
215596|1299|60068|197103|212080
559|34927|202827
34927|1299|3356|28370|263535|268030
4601|50869|52025|214451
45352|174|399697|39967|399697
12779|6939|28370|263535
4601|50869|34019|35600|61025
15935|174|3356|28370|268521
2734|3257|1299|198949|35676
51088|2914|174|3130|47065|61574
25091|33891|216067|44244
139317|44324|32595|174|327727|328840
47147|1299|6939|28370|267608
398465|1299|3257|19318|209896
174|56630|209944
34854|1299|20473|47065|61574
58308|6939|9136|207943
12779|6939|29222|513|20940
14907|1299|6461|394737
58308|6939|12859
34854|1299|12859|47065|61574
34288|1299|20473|399970
7500|2516|1299|12956|212721
198249|9002|34927|202827
23367|1299|3356|1680|44709
28917|6939|1299|23520|267797|263765
50300|174|52468|271150
15623|1299|20473|201423
35008|1299|3356|16735|2716
59890|174|60068|197103|212080
28917|6939|1299|400513
37239|37468|174|204548|215728
45352|1299|3223|34224|12735
28917|6939|1299|42615|398338
35598|174|210329|215728
60068|174|10490|2722|12148|47065|61574
16552|37100|1299|201814|209896
28917|6939|8943
44324|32595|174|29727
213151|34927|1299|20473|201423
6082|2914|1299|20473|47065|61574
206499|34549|1299|201814|209896
58308|59689|30781|1299|20473|399970
29075|1299|7545|20473|47065|61574
3170|174|204548|215728
29222|6939|54429|401894
58308|6939|15962|50881
28917|6939|1299|4229
204092|6939|2852|201648
61049|12859|47065|61574
6730|6830|174|399697|39967|399697
34854|1299|3356|28370|263060
327804|37271|174|60068|205884
58308|6939|196610|48927
44324|32595|174|41625
40994|57463|41327|205330
28917|6939|1299|20473|26080
28917|6939|1299|29066|199491
22652|1299|3223|41327
15547|174|28189|266931|271615|273522|271150
42541|1299|56504|47674
6424|6939|42695|43101
28917|6939|1299|25260
44324|32595|174|19750
327960|327782|37100|1299|10490|2722|12148|47065|61574
132337|1299|198949|35676
6730|6830|34927|202827
58308|6939|6830|33915|29263
398465|7922|1299|34927|202532
210312|4601|50869|41051|204406
12779|35598|52091|59815|25299
28917|6939|1299|20473|7492
398465|1299|6461|394737
47147|1299|3356|28370|267556
4777|2497|1299|3920|206777
210312|4601|50869|6939|200303
35426|215596|174|5538|8194|29345
12350|1299|6453|1031|61568|266460|61625
139317|44324|32595|174|263194|262259
132337|1299|3356|16735|2716
8426|3257|1299|20473|201423
28917|6939|35826|205311
132825|174|35598|52091|206810|211692|214268|196977
139317|44324|49581|209693
513|29222|6939|12735|8517
58308|6939|29208|215588
31510|174|60068|197103|212080
28917|6939|1299|20473|25048
58308|6939|6830|5089
12350|1299|6855|39904
28917|6939|1299|21859|62610|213734
3170|6204|214941|174|29802
6082|174|20473|47065|61574
49028|1299|3356|8119
50673|174|210|47065|61574
1836|8455|8283|47065|61574
58308|6939|33891|200735
139317|44324|7720|10111|1299|8551|44709
58308|6939|21430
47147|1299|6939|30893|200690
48070|7195|28260|270548|52794|52659
58308|6939|1299|20940|34164
328964|37468|174|399697|39967|399697
28917|6939|1299|20473|398223
29222|6939|6424|207990
58308|6939|28917|50009
58308|6939|41720|198747
12956|1299|3216|51032|41344|39707
8280|6762|174|3130|47065|61574
6894|174|1916|47065|61574
14907|1299|6855|39904|199604
139317|44324|32595|174|18907
3130|174|3257|60068|206406|210557
32653|3741|174|204548|215728
9044|174|52468|271150
271253|3356|1299|6855|39904|199604
4764|174|22381|267470|263047|264389
28917|6939|1299|20473|33309|26679
31742|1299|3356|28370|263535
6730|6830|9002|12555|212247
35600|6939|60432
2734|7311|835|394273
28917|6939|1299|16921
58308|6939|21430|203376
28917|6939|56595
34927|174|204548|215728
12637|6939|58308
9002|3356|174|11432|271150
29222|6939|271150|272738
58308|6939|1299|26073|205479
328206|37739|3491|5408|47065|61574
28917|6939|39791|49101|211274
553|20764|202984|35598|25308|28917|204076
1764|174|21700|399914
398465|1299|174|14840|269288
58308|6939|39791|49101
20764|8359|1299|6855|39904|47767
398465|174|37468|61568|266460|61625
24516|174|5459|200070
29222|6939|207487|18607
41327|34927|202827
44324|32595|174|393857
12779|62255|52091|44660
6762|174|5538|8194|29345
9268|4764|1299|3216|51032|41344|39707
207841|6939|28370|264426
4601|50869|6939|30893|200690
6461|28917|215730|209693
3741|174|56630|209944
23367|1299|3223|41327
33891|8551|44709
58308|6939|9136|208395
59105|2518|1299|8551|20473|47065|61574
34927|174|399697|39967|399697
28917|6939|1299|21859|139057
38001|3491|174|60068|205884
48070|6939|16652
24516|3491|2914|12859|47065|61574
31742|174|399697|39967|399697
917|60068|1299|20473|47065|61574
210312|4601|50869|56381|208814
44324|32595|18423|137409|6424
210937|1299|3356|28370|53079
12859|6204|208972|210538|6775|13030|4637|133398
8218|6461|174|399697|39967|399697
209650|34927|1299|3356|28370|263060
8283|6939|2852|200874
28917|6939|1299|19332|270226
29222|6939|7018|11483
58057|50673|174|3130|47065|61574
215596|1299|17676|216211|44324|205369
48070|1299|1680|20473|47065|61574
4601|50869|6939|2852|204772
42541|62255|52091|206810|39558
29222|6939|7018|7287
58308|6939|6830|23520|52253|13335
33891|3920|206777
8283|20764|52091|206810|211692|31069
8455|1299|3920|206777
28917|6939|1299|8551|13335
28917|6939|41720|198747
29222|6939|6424|208277
58308|6939|1299|28469
58308|6939|1299|8697|8376
8220|1299|3356|28370|267556
17639|174|14840|2716
4601|50869|6939|59689
29222|6939|263047|262578
1299|6762|49666|58224|214805
3333|1273|174|37468|61568|266460|61625
25220|33891|20473|47065|61574
58308|6939|553|212522|20940
37497|3491|174|1916|47065|61574
58308|6939|7018|40289
6830|6939|50989|50683
28917|6939|6424|207990
6830|6939|207995
136557|174|140227|44324|215172|214955
34927|56655|1299|174|399697|39967|399697
1267|33891|216067|44244
40994|6939|28917|43714
35426|215596|1299|6855|39904
24482|6453|174|399697|39967|399697
28917|6939|1299|60068|197103|268918
3130|174|5538|8194|29345
1299|3356|16735|2716
44324|32595|174|394542|398765
207841|137409|33891|216067|44244
6696|1299|9002|8772|396416
34177|174|204548|215728
12859|6939|60432
32590|1299|4230|2716
50673|174|52468|262393
58308|6939|1299|6424|47787
34854|1299|3257|20473|47065|61574
12637|6939|28370|270962
12637|6939|30893|204789
28917|6939|1299|23520|270200
50304|2603|21320|5408|47065|61574
64475|6939|42695
207841|6939|28370|28657
44324|32595|174|272373
44324|32595|174|20135
44324|32595|174|265609
50304|1299|174|140227|44324|205369
28917|6939|6830|33915|200428
139317|44324|32595|174|19453
62167|174|22381|267470|263047
60326|34927|174|20473|47065|61574
16552|1299|29695|206557|208835
20912|174|52468|262393
28917|6939|1299|8375
6830|6939|2852|213152
553|6939|28917|198297|51081
6908|174|204548|215728
271253|3356|1299|6855|39904|47767
19653|30600|1299|3920|206777
5405|1299|8551|44709
48070|25180|1299|17676|3258
45049|6696|1299|6461|394737
559|52320|7162|13878|52468|271150
57866|1299|6855|39904
58299|8551|20473|47065|61574
29222|6939|41720|208229
33891|3223|41327|51580
139317|44324|32595|174|8452|24835|36935
20612|9044|174|20473|47065|61574
29222|6939|204310
328840|327727|174|6453|29208
51185|33891|216067|44244
34800|58057|50673|174|22381|267470|263047|264389
205206|1299|3223|34224|12735
35426|215596|1299|37468|270551|263047
513|174|1299|20473|399970
31742|1299|6453|29208
8283|6939|2852|212876
34927|52025|32097|28283|268744|2716
44324|32595|174|401780
32590|1299|34927|202532
29222|6939|9136|211479
139317|44324|32595|174|21277|39216
19653|30600|1299|20473|47065|61574
5405|62255|52091|206810|211692|214268
199524|37100|1299|6855|39904|202605
553|9002|12555|200624
12637|1299|198949|35676
328512|37100|1299|8551|44709
41722|20764|174|12956|212721
6453|1299|6855|39904|47767
57866|1299|4230|2716
41666|20764|52091|59815
58308|6939|7018|397556
48362|1299|7545|20473|47065|61574
6424|6939|28370|263535
5713|174|210329|215728
20253|1299|3257|20473|47065|61574
35600|20473|30893
6057|174|50509|51032|41344|39707
58299|174|216211|211575
28917|6939|1299|208398
6453|174|204548|215728
327727|174|5459|200070
29075|1299|6453|4755|7768
6424|6939|2852|210498
148968|7474|7473|1299|20473|47065|61574
174|210|47065|61574
3170|6939|28917|43886
20912|12637|57463|14840|269288
28917|6939|1299|9141|39869
12956|174|11432|271150
40994|6939|42695|52011
12969|1299|3356|28370|263535|268030
28917|6939|7018|395742
56655|1299|37468|52468|262393
50629|20764|52091|206810|214721|204108
28917|6939|1299|52468|265799
29222|6939|41327
28917|6939|47160|214390
3214|1299|60068|197103|212080
49544|21320|5408|47065|61574
5405|20764|52091
48070|6939|30893|199580
58057|50673|174|20723|2852|202874
30600|1299|6855|39904
139317|44324|32595|174|402062|400164
60068|3491|1299|6855|39904|199604
58308|6939|1299|397709
35008|1299|3356|21320|5408|47065|61574
58308|6939|7018|22241
50629|20764|52091|206810|24881|24697
34019|30781|1299|20473|47065|61574
31742|1299|201814|209896
7018|1299|60068|211571
48362|1299|20473|201423
6424|62255|52091|48158
148968|7474|3257|174|60068|205884
39392|174|21700|399914
22652|174|3356|28370|268521
44393|58057|50673|12859|47065|61574
40994|6939|30893|200690
34927|1299|3223|41327|51580
6830|1299|25091|8298|4601|4492
41666|20764|52091|206810|5598
58308|6939|29222|513|20940
58308|29075|174|20473|47065|61574
41722|52025|212895|210320
34288|174|3130|47065|61574
28917|6939|1299|38930|16281
3170|3491|174|37468|61568|266460|61625
6424|174|35598|52091|206810
45049|6696|1299|174|60068|205884
34019|6830|60068|216213|205884
47147|1299|3356|28370|53079
513|29222|6939|61618|267320
204092|6939|39790
47147|1299|3356|28370|269016
3170|6939|196610
917|60068|174|399697|39967|399697
917|60068|1299|198949|35676
42541|62255|52091|206810|12773
35625|5511|174|37468|61568|266460|61625
8280|6762|1299|22773|8119
60068|33891|17676|216211|44324|205369
44324|32595|174|199297
58299|62255|52091|206810|34786
205206|1299|37468|52468|262393
58308|6939|29670|60802
4764|1299|59692|12555
50629|20764|52091|206810|211692|31069
199524|1299|3216|51032|41344|39707
20130|23352|3257|174|201814|209896
513|29222|6939|262365|263433|268967
47147|6830|60068|216213|205884
1299|6939|28370
209823|12859|47065|61574
210937|1299|3491|20473|47065|61574
3170|6461|210|47065|61574
31742|1299|6855|39904|202605
852|174|28189|266931|269250|271150
41327|29632|59682
44324|32595|174|28511
216285|8280|6762|174|140227|44324|205369
28917|6939|200712
34927|56655|1299|37468|52468|262393
29222|6939|56381|209844
29222|6939|35826|62815
36924|1299|34927|202532
199938|1299|174|399697|39967|399697
58308|6939|1299|20473|213891
57866|1299|56630|209944
28917|6939|1299|20473|136184
50629|20764|52091|206810|48595
7018|13335|400095
41327|6461|210|47065|61574
28917|6939|1299|23520|272935|273937
29075|1299|60068|216213|205884
559|35598|52091|206810|57164
20253|1299|3356|16735|273514
210312|4601|50869|41051|205563
15623|6830|60068|216213|205884
49544|1299|6855|39904|199604
58308|6939|1299|203846
14907|1299|7195|20473|47065|61574
28917|6939|1299|48237|35819|42943
48185|3356|174|399697|39967|399697
4601|50869|52025|208915
327727|174|30844|21351|60132
44324|32595|174|53667|401727
6667|174|11432|271150
28917|6939|15935|56360
28917|6939|1299|21859|42969
2516|174|21700|399914
64475|56630|209944
28917|6939|6830|23520|64126|273220
20253|1299|3356|28370|263535
210937|1299|56630|209944
12637|57463|7713|1299|56308
6696|1299|174|37468|61568|266460|61625
28917|6939|1299|3301|198476
20253|1299|3356|28370|53079
34549|1299|10490|2722|12148|47065|61574
34927|1299|3356|28370
56655|1299|20473|399970
12637|20473|47065|61574
28917|6939|1299|20473|18257
28917|6939|393682
29222|6939|31263|9026
3170|3223|41327
28917|6939|1299|23520|262199
39122|1299|60068|211571
7018|13335|5408
28917|6939|1299|7843|11351|7828
2027|47160|174|210|47065|61574
196621|15576|174|60068|216213|205884
174|5538|8194|29345
8220|3491|174|37468|61568|266460|61625
8283|20764|52091|206810|214721
28917|6939|1299|40824
34854|1299|3216|51032|41344|39707
271253|6453|174|11432|271150|272738
58308|6939|52838|268086
37105|37468|174|11432|271150
58308|6939|41720|47152|208753
58308|6939|5405
58308|6939|1299|13837
58308|6939|1299|201706|47723
7474|3257|174|60068|205884
8660|1267|1299|6855|39904
28624|61568|174|10490|2722|12148|47065|61574
58308|6939|1299|3301|204847
196621|58115|21263|205844
139317|44324|32595|174|397601
3399|5511|1299|20473|201423
12779|35598|52091
41666|8298|4601|4492
6423|20055|174|399697|39967|399697
58057|1836|1299|21351|60132
48070|6939|54429|401894
210312|4601|6939|28917|28775
35008|1299|60068|211571
28917|6939|1299|21277|212692|208293|50597
917|60068|33891|12859|47065|61574
50628|1299|4230|2716
559|7195|28189|266931|269250|271150
210312|4601|50869|52025|212895|215459
14907|1299|8551|44709
213151|34549|174|140227|44324|205369
28917|6939|6830|23520|272935|272908
139317|44324|32595|174|25645
57866|1299|3920|206777
327960|174|22381|267470|263047
680|33891|60068|211571
34927|1299|2914|226|47065|61574
58308|6939|1299|14178|21433
13237|1299|3356|28370|263535|268030
199938|1299|8551|44709
34927|60011|3356|1299|8551|44709
36924|6762|174|11432|271150
49788|1299|6453|4755|7768
41327|6939|393682
40994|21320|5408|47065|61574
44324|32595|174|19453
852|1299|29695|206557|204503
28917|6939|1299|6855|12344
31742|1299|3356|28370|28657
4775|1273|1299|2914|226|47065|61574
1299|7195|28260|270548|52794|52659
60326|34872|24961|21320|5408|47065|61574
12859|7195|28189|266931|271615|273522|271150
42541|1299|6453|4755|7768
199524|174|3257|19318|201813
57777|8298|33891|216067|44244
327960|174|37468|61568|266460|61625
328964|23764|1299|174|3130|47065|61574
20612|9044|1299|3223|41327
9268|4764|1299|56630|209944
28917|6939|1299|60068|208414
28917|6939|1299|20473|46170
210312|4601|50869|54148
58308|6939|1299|23379|267700|269965|266815
58308|6939|6830|23520|265620
49432|48362|1299|37468|270551|263047
28917|6939|1299|21859|63473|205563
59689|29075|174|52468|271150
559|35598|52091|206810|12773|47809|50780
210312|4601|9002|8772|215536
213151|41051|58299|21320|5408|47065|61574
37497|1299|20473|399970
57866|6830|174|60068|205884
58308|6939|47536|213370
328840|327727|174|52468|271150
58511|3491|174|399697|39967|399697
29691|1299|3257|20473|47065|61574
4181|1299|35598|52091|206810
34019|7195|20473|47065|61574
6424|272713|263390|269273
58308|6939|35133|200223
57777|8298|8283|3491|209810|207187|207198
50673|174|37468|270551|263047
15605|6939|200303
58299|62255|52091|206810|211692|214268|196977
4601|9498|20473|47065|61574
4601|50869|6939|58308
29222|6939|42695
58308|6939|28917|8926
29222|6939|6424|49941
29222|6939|41720|47152|208753
3214|1299|174|20473|47065|61574
6082|2914|1299|6855|39904
29222|6939|59970
55222|174|3356|16735|2716
6830|7195|28189|266931|269250|271150
7713|174|10490|2722|12148|47065|61574
50629|20764|52091|206810|211692|214268
271253|174|20723|2852|202874
2914|174|32595|44324
1828|6461|174|399697|39967|399697
14537|52925|3356|1299|6855|39904
58057|34549|1299|8551|44709
327782|37100|174|216211|211575
64475|6939|28370
29169|1299|8551|44709
58299|14840|269288
139317|44324|32595|174|395723
28624|61568|174|3130|47065|61574
7660|2516|1299|917|214598
58308|35598|52091|206810|211692|31069
31742|174|22381|267470|263047|264389
28917|6939|1299|213802
28917|6939|1299|398109
20130|23352|2914|1299|3920|206777
7018|1299|35598|52091|206810
47160|174|28189|266931|271615|273522|271150
207841|6939|58308
44324|32595|174|13977|401455
4181|1299|34927|202827
50629|12859|47065|61574
34927|1299|3223|34224|12735
20912|12637|1299|7195|20473|47065|61574
6720|33891|216067|44244
35598|1299|20473|399970
58057|50673|174|216211|211575
28917|6939|1299|62214
3333|1257|1299|20473|399970
45049|6696|1299|56504|47674
47147|1299|6939|28370|28657
3216|1299|20473|399970
29222|6939|262365|263433|268967
28917|6939|1299|20473|201726
210312|4601|50869|6939|28370|263060
199524|33891|60068|211571
207841|6939|28917|39153
28917|6939|6830|60068|51191
62167|3356|1299|198949|35676
553|6939|28370|269016
3130|174|20473|47065|61574
6424|6939|25192
7018|6939|28370|263060
151326|174|22381|267470|263047|264389
57111|41327|7195|28260|270548|52794|52659
28917|13335|5408
24785|1299|198949|35676
29222|6939|56595|211879
42541|34927|202532
20253|1299|7195|28260|270548|52794|52659
12779|35598|52091|206810|196767
29222|6939|7018|3573
1299|3356|216211|211575
139317|44324|32595|174|3356|7195|52863
58308|6939|35489
6720|1764|174|216211|211575
28917|6939|1299|210892
262427|174|399697|39967|399697
202365|50673|174|37468|270551|263047
31742|1299|3356|28370|53079
1299|174|21320|5408|50148
48070|1299|12956|212721
207841|6939|2852|202874
44324|32595|174|26277
50629|6939|50989|50683
1299|3356|14840|269288
28917|6939|1299|60068|206150
58308|6939|1299|47768
1299|6939|28370|268521
174|3257|25091|8298|4601|4492
52025|1299|8551|44709
6762|174|10490|2722|12148|47065|61574
41327|6939|54429
58308|6939|33891|51839
398465|174|8551|20473|47065|61574
41051|58299|56630|209944
139317|44324|32595|174|32934
28917|6939|60432
44324|32595|174|27258|399252
50131|36236|174|140227|44324|205369
49028|1299|6939|33924
40994|6939|15372|203592
29222|6939|12735|208594
199524|33891|216067|44244
28917|8359|57304|48707
29222|1299|20473|47065|61574
44324|32595|174|54113
41722|12389|1299|2914|226|47065|61574
29140|174|52468|271150
36924|1299|3257|20473|47065|61574
15605|35598|52091|206810|39558
28917|6939|7018|62883
42473|1299|3356|28370|28657
28917|6939|200070
28917|6939|1299|21777
58308|6939|7794
28917|6939|1299|52580
3320|1299|60068|216213|205884
3170|174|10490|2722|12148|47065|61574
12859|1299|37468|270551|263047
28917|6939|1299|20473|207755
8298|8283|3491|209810|207187|206420
139317|44324|32595|174|26388
28917|6939|1299|20473|211721
6696|1299|6855|39904
174|216211|211575
16552|1299|174|14840|269288
5511|1299|198949|35676
15623|1299|60068|197103|212080
680|1299|6855|39904|47767
6830|6939|25192|20701
24785|6830|3257|20473|47065|61574
44324|32595|174|210156
13830|971|174|7311|835|394273
28917|6939|1299|398788
55222|1299|6855|39904
36924|1299|3223|41327|51580
44324|32595|174|273298
59105|2518|1299|25091|8298|4601|4492
21700|174|2914|20473|47065|61574
44324|32595|174|399646|212532
6830|5511|60068|206406|210557
64475|137409|48011|25184|49801|204533
3356|1299|10490|2722|12148|47065|61574
29222|6939|29670|212520
6830|3356|28370|268198
263237|174|1299|25091|8298|4601|4492
37271|33891|216067|44244
7713|174|1299|25091|8298|4601|4492
18106|174|210|47065|61574
34800|58057|50673|174|28189|266931|271615|273522|271150
58057|174|201814|209896
28917|20764|52091|206810|5598
35008|1299|7195|28260|270548|52794|52659
50673|174|7311|835|394273
37739|3491|1299|20473|47065|61574
58308|6939|8194|51955
202032|8298|4601|4492
58308|6939|1299|399912
34927|1299|56630|209944
328964|37468|174|5538|8194|29345
327782|37100|174|3130|47065|61574
8220|1299|6762|267470|263047
29222|6939|2852|199711
6461|1299|60068|216213|205884
44393|394256|174|210|47065|61574
29222|6939|553|204680
12859|6939|16652
28917|6939|1299|46261|49548
60326|28917|215730|209693
58308|6939|6424|203020
44324|32595|174|53667|198734
20253|1299|174|37468|61568|266460|61625
28917|6939|61618|267443
24516|174|20723|2852|202874
3491|1299|32787|202161
29222|6939|553|204680|214840
58299|3920|206777
4601|50869|58299|209114
559|7195|20473|47065|61574
210312|4601|6939|28917|39238|51408
49788|174|60068|205884
28917|6939|1299|44654
29222|6939|60432
28917|6939|1299|20473|199925
31742|1299|37468|53062|266493|61625
4181|1299|2914|226|47065|61574
2516|1299|198949|35676
29222|6939|197301|202361
20205|1299|3356|16735|273514
51088|8455|1299|10490|2722|12148|47065|61574
2734|142111|152672|174|3257|63023
4601|50869|44324|216299
44324|32595|174|209589
28917|6939|1299|5617|62321
48362|1299|3356|28370|263535|268030
4601|50869|52025|214749
205112|28917|215730|209693
47957|44530|6830|60068|216213|205884
25160|1299|8551|44709
33891|917|214598
1764|174|20473|47065|61574
12779|2603|21320|5408|47065|61574
4601|50869|199310|199073
37105|37662|174|204548|215728
28624|3356|21320|5408|47065|61574
57381|50304|1299|174|204548|215728
917|60068|174|56630|209944
58308|6939|42184|204702
7018|1299|60068|216213|205884
28917|6939|7018|395568
41722|12389|174|1916|47065|61574
58308|6939|7018|1999
1299|174|14840|269288
35598|174|28189|266931|271615|273522|271150
29222|6939|29208|196653
58308|6939|1299|20473|205398
2734|63270|1299|3356|36207
40994|57463|41327
35600|30781|33891|60068|211571
35600|6939|28917|198297|51081
36924|1299|8551|44709
39122|1299|60068|197103|212080
139317|44324|32595|174|397723
28917|6939|1299|20473|211321
44324|32595|174|397301
8220|1299|3356|28370
49432|48362|1299|6461|394737
20764|33891|216067|44244
198249|13335|400095
8283|20764|29049|49666|205647|49801|204533
4230|1299|6855|39904
14907|1299|20473|399970
51519|39351|174|3257|19318|209896
1267|1299|6855|39904
58308|6939|1299|57811
51185|6762|1299|6855|50698
28917|6939|1299|16509|8987
34854|1299|6762|16735|273514
398465|1299|3356|1680|44709
64475|20473|47065|61574
58308|6939|1299|198611
8283|6939|33924
35600|212815|52053
5405|62255|52091|206810|57164
58299|174|210329|215728
199524|174|22381|267470|263047|264389
205206|1299|7195|11432|271150|272738
35426|215596|174|204548|215728
999|6453|1299|198949|35676
139317|44324|32595|174|401780
4601|50869|58299|209114|202545
210312|4601|50869|52025|212895|206290
553|6939|25192|29067
17350|2914|12859|47065|61574
28917|6939|1299|198949|395831
28917|6939|1299|20473|204934
210312|4601|50869|215248
17350|6453|1299|33891|216067|44244
50628|1299|56504|47674
12779|35598|52091|206810|59867
12637|6939|2852|212876
210312|4601|50869|56381
553|1299|3356|28370|263963
15562|2914|174|5538|8194|29345
28917|6939|1299|60068|197103|197703
207841|6939|25192|26710
58308|6939|1299|56655|210951
28917|6939|1299|26375
34927|1299|6762|49666|58224|214805
24516|174|3257|8551|44709
28917|6939|1299|262206|28036
328840|327727|174|13335|5408
58057|174|21700|399914
14537|2603|21320|5408|47065|61574
58308|6939|6830|23520|27717
199524|1299|9002|8772|215536
39351|174|138997|216211|44324|205369
28917|6939|1299|23520|22933
29222|6939|64475
28917|6939|1299|20473|137908
6830|3257|21034
58308|6939|200462
52320|174|399697|39967|399697
12779|8772|396416
40994|6939|28917|47759
37497|1299|8551|44709
47147|1299|6855|39904|205968
28917|6939|6830|23520|265561|270173
44324|32595|174|3714
32590|1299|3356|28370|28657
29504|15935|6461|17378|8119
15623|174|3257|21034
29632|9002|1299|3920|206777
42541|62255|52091|206810|213694
58308|6939|7018|21433
28917|6939|15935|197451
58308|6939|1299|32913
44324|32595|174|13999
28917|6939|35826
5405|62255|52091|206810|59815|25299
41722|12389|174|2914|20473|47065|61574
62167|174|2914|20473|47065|61574
58308|6939|12735|205893
4601|50869|6939|28370|270962
199938|1299|3257|20473|47065|61574
58308|6939|3170|211956
58308|6939|29222|207688
553|62255|52091|206810|196767
210937|1299|56504|47674
12859|1828|13789|30372|3356|174|393216
199524|1299|3356|8772|215536
23367|1299|12956|212721
24482|28917|215730|209693
58308|6939|39791|49101|42422
327960|174|34927|202827
139317|44324|32595|174|51847|151338
210312|4601|50869|199310|215502
210312|4601|50869|41051|215006
8283|2914|20473|201423
2027|47160|6939|24796|63293
64475|6939|25192|26710
6424|6939|28917|39238|49392|9098
41327|174|22381|267470|263047|264389
553|29632|215536
29222|6939|50629|207160|207510
398465|174|60068|216213|205884
45049|6696|1299|10490|2722|12148|47065|61574
210312|4601|50869|6939|50989|48116
28917|6939|1299|16509|14490
58308|6939|1299|8375|214019
42541|62255|52091|206810|208435
55222|174|37468|270551|263047
20932|1299|2914|226|47065|61574
3170|6939|29222
7713|174|11432|271150|272738
59414|3303|174|3130|47065|61574
34927|1299|174|60068|216213|205884
202365|50673|174|52468|262393
44324|32595|174|153773
33891|8298|4601|4492
48070|1299|8551|44709
28917|6939|1299|213138
204092|6939|28917|47914
20253|1299|3356|28370|28657
28917|6939|1299|6400|262247
207841|6939|28370
12307|29691|1299|198949|35676
8455|1299|6855|39904|47767
49028|6830|34927|202827
50629|20764|52091|206810|59867
15605|35598|52091|59815
62167|174|3130|47065|61574
58057|34549|1299|56630|209944
210312|4601|50869|41051|215777
28917|6939|1299|60068|197103|328159
28917|6939|1299|139341
58308|6939|1299|1759
28917|6939|1299|395954
35600|6939|28917|12668|197404
577|174|204548|215728
12389|1299|198949|35676
209823|3356|174|3130|47065|61574
210937|1299|8551|44709
3170|37468|52468|262393
64475|6939|54429|401894
58308|6939|1299|14754
8283|6939|2852|48091
28917|6939|1299|20473|132479|152930
14537|174|204548|215728
28917|6939|1299|25899|396872
37721|174|8551|20473|47065|61574
39122|1299|10490|2722|12148|47065|61574
35600|6939|50989|33837
57381|50304|1299|5511|60068|206406|210557
32590|4637|1299|201814|209896
12637|6939|28917|6789
48070|1299|174|210329|215728
206356|50629|13335|5408
35600|6939|28370|267556
28917|6939|30893|205563
13237|1299|3356|28370|269016
204092|6939|200070
42541|52320|7162|13878|52468|271150
37468|33891|216067|44244
12779|33891|44592|49581|209693
2027|6696|1299|198949|35676
1299|2914|226|47065|61574
29222|6939|9136
132337|1299|60068|197103|212080
29075|6830|60068|216213|205884
39392|174|1916|47065|61574
28917|6939|29670|57024
14907|5405|61568|266460|61625
4601|50869|203704
32590|12956|2914|12859|47065|61574
559|35598|52091|206810|59867
38880|4826|1299|3920|206777
139317|44324|32595|174|399646|205563
7713|174|52468|271150
49028|13335|5408
28917|6939|7018|401202
3491|1299|917|214598
35426|215596|1299|56630|209944
52025|174|60068|211571
50628|3356|174|20473|47065|61574
917|60068|174|21320|5408|47065|61574
58308|6939|1299|11279
37662|174|201814|209896
44324|32595|174|56501
28917|8359|57304|35168|197556
44324|32595|174|44222|215540
51088|6461|6424|44592|49581|209693
30844|174|216211|211575
50877|5405|6939|42695|52011
6424|6939|28917|6789|200702
58308|6939|1299|44522
136557|174|3257|19318|201813
327960|174|3356|28370|268521
139317|44324|32595|174|3257|835|52025|214223
8283|6939|28370|270962
3130|174|3356|3223|41327|51580
58308|6939|1299|48299
51088|8455|1299|34927|202532
3170|174|1299|20473|47065|61574
15935|174|10490|2722|12148|47065|61574
12859|1299|20473|47065|61574
44324|32595|174|395359
49544|6830|60068|211571
29479|50304|1299|201814|209896
262427|174|3257|60068|206406|210557
64475|6939|28917|6789
48070|6939|29222|513
210937|6830|44530|41327|198434
28917|6939|1299|17072|272336
553|6461|4637|20473|47065|61574
28917|6939|1299|63270|397301
327983|37497|174|20723|2852|202874
12779|6939|2852|204772
28716|1299|56504|47674
553|1299|20473|399970
37721|174|3130|47065|61574
23367|1299|3356|28370|268521
28917|6939|1299|20473|208223
34177|1299|3356|28370|263535|268030
13786|174|35598|25308|28917|204076
16260|174|52468|262393
559|6939|200303
58308|6939|1299|20473|202986
328840|327727|174|14840|269288
28917|6939|25400|198309
48185|1299|201814|209896
2497|1299|21351|60132
38880|6762|174|21320|5408|47065|61574
19151|174|6461|394737
25220|2603|21320|5408|47065|61574
64475|6939|215172|214955
328206|37739|3491|174|10490|2722|12148|47065|61574
213151|34927|1299|20473|399970
49544|2603|21320|5408|47065|61574
64475|20764|43298|48678|213865
47147|1299|34927|202532
1273|174|5538|8194|29345
6830|174|140227|44324|205369
12859|20473|47065|61574
34019|2603|21320|5408|47065|61574
28917|6939|1299|265620|270145
8283|6939|42695|43101
6424|6939|28917|6789|201069|207979
37468|1299|6855|39904|47767
12637|8772|215536
12779|6939|2852|213152
28917|6939|1299|208905|199393
20612|9044|174|210|47065|61574
293|2914|12859|47065|61574
7594|174|20723|2852|202874
7018|6939|2852|48091
204092|30781|3356|174|140227|44324|205369
35600|6939|39790
31742|1299|3223|34224|12735
29222|6939|268624
15605|6939|30893|199580
328512|5713|174|21320|5408|47065|61574
513|29222|6939|212635
6424|37517|1299|174|37309
6720|1764|174|52468|262393
210312|4601|6939|28917|8491
20253|1299|6453|4755|7768
8283|6939|29222|41495
28917|6939|1299|20473|150805
4777|2497|2914|174|20473|47065|61574
2518|2516|174|20473|47065|61574
5413|1299|174|20473|47065|61574
35600|35598|52091|206810|56915
52320|174|204548|215728
58308|6939|50629|207252|213579
58308|6939|200070
44393|394256|174|1299|198949|35676
271253|6453|174|140227|44324|205369
34288|1299|3356|28370|53079
132825|174|28189|266931|271615|273522|271150
48070|6939|25192|26710
7713|174|7195|20473|47065|61574
28917|6939|1299|23520|27665|27789
6667|1299|20473|47065|61574
28917|6939|1299|60284
6830|174|21700|399914
57777|8298|8283|3491|209810|207187|207242
37271|174|22381|267470|263047|264389
9002|3356|174|140227|44324|205369
48185|1299|174|3130|47065|61574
29222|6939|35168|21299
58308|6939|1299|16880
15605|56630|209944
34549|174|140227|44324|205369
29691|1299|20473|47065|61574
56655|1299|7195|28283|268744|2716
58308|6939|7018|35980
398465|1299|3356|28370|264426
6424|6939|2852|204772
9002|6830|60068|216213|205884
12859|22356|28370|267608
28917|6939|1299|2589
6082|174|21320|5408|47065|61574
28917|6461|17378|8119
210312|4601|50869|44324|198304
58308|6939|7018|10439
293|20965|5408|47065|61574
32590|37100|1299|60068|216213|205884
48070|1299|198949|35676
29222|1299|8551|44709
12956|1299|12859|47065|61574
29222|6939|25400|198309
28634|4230|1299|29695|206557|208835
20764|174|5538|8194|29345
513|29222|6939|61618|268364
174|50509|51032|41344|39707
28917|3257|174|399697|39967|399697
28917|6939|1299|30600|31875
29222|6939|7018
5413|1299|6855|39904|202605
49788|1299|10490|2722|12148|47065|61574
57695|917|60068|1299|3356|28370|263535
5511|1299|12859|47065|61574
397131|60011|3356|174|399697|39967|399697
4601|50869|41051|200221
61049|174|8551|20473|47065|61574
58308|6939|7018|395568
16552|3257|174|60068|216213|205884
6730|6830|9002|12555|198070
39120|174|6453|29208
553|6939|207995
9044|1299|60068|197103|212080
58308|6939|262365
398465|174|21320|5408|47065|61574
140627|1299|3216|51032|41344|39707
398465|1299|8943|200636
28917|6939|1299|24429
50673|174|20723|2852|202874
37105|37662|174|12956|212721
58308|6939|1299|3308|42789
58308|6939|1299|15164
40994|57463|41327|205005
28917|6939|3170|215066
199524|1299|3356|28370|264426
263237|174|2914|226|47065|61574
28917|6939|1299|23520|262191|271809
7594|174|201814|209896
553|1299|6939|393682
35280|1299|6855|39904|202605
20253|1299|6453|19318|209896
3356|174|60068|216213|205884
8220|3491|174|204548|215728
7713|1299|6762|267470|263047
12350|1299|3356|8119
13030|33891|216067|44244
553|1299|3223|41327
15605|6939|30893|13214|35634
139317|44324|32595|174|22612
31122|174|3130|47065|61574
139317|44324|32595|174|132839
40994|6939|30893|13214|35634
44324|32595|174|7413
25160|1299|6855|39904|205968
28917|6939|7018|401763
41666|20764|52091|206810|48687
328206|37739|3491|174|20473|47065|61574
57381|50304|1299|3356|28370|263535|268030
37271|174|5459|200070
35008|1299|8943|200636
6424|6939|60432
20253|1299|60068|216213|205884
58308|6939|1299|3301|199902
207841|61049|2603|21320|5408|47065|61574
3170|6939|28917|24651
58308|6939|8899|42652|213928
34549|1299|3223|41327
44324|32595|174|53667|152697
3320|1299|13335|400095
44324|32595|174|30021
64475|13335|400095
199524|1299|174|37468|61568|266460|61625
29222|1299|198949|35676
48070|6939|15372|203592
394256|174|37468|53062|266493|61625
12779|2603|21320|5408|50148
327960|174|35598|25308|28917|9049|51017
24516|3491|1299|3920|206777
9044|174|60068|205884
28917|6939|1299|52468|265863
1299|42303|51701|30893
34927|56655|1299|3356|8119
327960|174|32787|202161
17350|3356|7720|44324|215172|214955
28917|6939|1299|20473|214160
42473|1299|6855|39904|202605
14907|1299|8551|20473|47065|61574
44324|32595|174|7497|24151|23596
132825|174|22381|267470|263047|264389
21232|13030|1299|8551|44709
40994|6939|28370|268198
29222|6939|47160|213095
50629|9002|12555
28917|8359|57304|15935|198143
7474|3257|174|14840|269288
42473|1299|3356|28370|268198
48070|13335|5408
1299|6855|39904
12350|1299|3356|16735|273514
327782|37100|1299|20473|47065|61574
204092|6939|28917|24651
58308|6939|1299|199610
50304|1299|174|21700|399914
199524|1299|201814|209896
139317|44324|32595|174|40092
139317|44324|32595|174|30317
12779|37271|20473|47065|61574
32590|174|3130|47065|61574
55222|174|52468|271150
3216|1299|6855|39904
12859|1299|8551|44709
52320|1299|198949|35676
7594|3356|1299|34927|202532
1299|29695|206557|204503
8283|3920|206777
24482|2914|1299|60068|216213|205884
59890|174|1916|47065|61574
29075|1299|3356|28370|263535
327727|174|20723|2852|202874
48362|1299|3491|20473|47065|61574
8283|6939|2852|197451
28917|6939|1299|20473|214732
38880|174|210329|215728
34927|1299|3257|19318|209896
205112|50629|6461|394737
34177|33891|60068|211571
12637|6939|15372|203592
58308|6939|1299|33549
23367|1299|6855|39904|47767
48362|1299|174|216211|211575
1836|174|3356|28370|28657
35600|35598|52091|206810|211101
29222|1299|33891|216067|44244
2914|1299|6855|39904|47767
196621|6939|42695|52011
139317|44324|32595|174|44372
48185|1299|3257|19318|209896
15547|174|21320|5408|50148
28917|6939|1299|3223|5605
5713|174|3257|21034
44324|32595|174|20545
139317|44324|32595|174|6914
9044|1299|20473|201423
58299|264409|61832|266460|61625
42541|1299|174|399697|39967|399697
139317|44324|32595|174|18501
6730|6830|13335|400095
6830|174|138997|216211|44324|205369
15935|33891|60068|211571
210312|4601|50869|52025|51939
29222|6939|41720
58308|6939|12735
12779|14840|2716
58308|6939|1299|2518|2515|131971
44324|32595|174|32244|201682
1273|174|60068|197103|212080
28917|6939|1299|21351|2472
34019|47160|174|204548|215728
20205|174|60068|216213|205884
139317|44324|32595|174|45557
199524|1299|21351|60132
22652|1299|198949|35676
20253|1299|37468|53062|266493|61625
20485|174|52468|271150
58308|6939|1299|60068|216213|215427
293|3356|1299|201814|209896
41327|174|60068|216213|205884
25091|1299|198949|35676
135895|6939|1299|20473|399970
19151|2914|1299|6855|50698
58308|6939|28917|48084|199961
28917|6939|1299|206924|204318
50300|174|20473|47065|61574
49544|2914|174|37468|61568|266460|61625
17350|6453|1299|8551|20473|47065|61574
39351|174|399697|39967|399697
12779|7195|28189|266931|269250|271150
35008|1299|3223|41327|51580
6894|174|37468|270551|263047
139317|44324|32595|174|13999|273269
35426|215596|1299|7195|28343|2716
58308|6939|33891|202245|212509
2518|2516|174|210|47065|61574
46450|1299|6855|39904|47767
42541|1299|3223|34224|12735
20080|2914|1299|6855|39904|202605
29222|6939|9120
174|7545|20473|47065|61574
58308|6939|1299|42385
50673|174|3257|60068|206406|210557
271253|174|35598|52091|206810
553|20473|47065|61574
31510|174|1299|20473|47065|61574
56655|1299|20473|201423
51519|39351|174|60068|205884
50629|37468|60068|216213|205884
328964|37468|174|210329|215728
20932|1299|8551|44709
44324|32595|174|1916|47065|61574
58308|35598|52091|206810|48687
28624|3356|1299|6855|39904|202605
58308|6939|5405|48918
28917|20764|52091|206810
57381|50304|1299|2914|226|47065|61574
139317|44324|32595|174|35916|21769
20932|1299|6855|39904
207841|6939|2852|212876
210937|1299|6762|16735|273514
36924|1299|8551|20473|47065|61574
64475|62255|52091|206810|5598
12637|1299|20473|201423
28917|6939|61618|268492
52075|33891|60068|211571
7018|1299|201814|209896
34854|1299|20473|201423
15605|57463|7713|1299|56308
148968|7474|7473|1299|7195|20473|47065|61574
16552|1299|201814|209896
23764|3356|174|10490|2722|12148|47065|61574
22652|1299|6855|39904|199604
28917|6939|56595|205885
12859|33891|216067|44244
36924|1299|3356|28370|263535|268030
2734|40511|6461|7018|27434
37053|37100|2603|21320|5408|47065|61574
28917|6939|1299|211826
31742|1299|37468|270551|263047
139317|44324|32595|174|19624
35600|137409|48011|25184|49801|204533
52925|3356|1299|6855|39904|199604
58308|6939|1299|18734|28477
204092|6939|50989|50683
210937|1299|3356|8119
57821|12586|3257|3356|21320|5408|47065|61574
49028|1299|37468|52468|271150
49434|9002|1299|198949|35676
205206|1299|198949|35676
25091|6453|174|20473|47065|61574
12307|29691|1299|174|204548|215728
6830|6939|59970
45352|1299|6855|39904|202605
12859|1031|61568|266460|61625
139317|44324|32595|174|9146
207841|6939|207995
8218|6461|1299|8551|44709
24785|1299|20473|47065|61574
28917|6939|1299|273299
47147|3320|174|37468|61568|266460|61625
28917|6939|7018|19645
29222|6939|205005
58308|6939|1299|14080|263710
327727|174|6453|29208
42541|62255|52091|206810
210312|4601|50869|41051|212888
59891|13030|1299|8551|44709
39122|1299|3356|8119
6730|6830|3356|16735|2716
8455|1299|174|37468|61568|266460|61625
33891|16164|36032
6830|6939|50989|48116
8298|25091|1299|60068|216213|205884
3130|174|60068|211571
58308|6939|1299|20473|48231
58308|35598|52091|206810|214721|204108
50629|20764|52091|206810|211101
174|52468|271150
49544|1299|20473|201423
20253|1299|174|21320|5408|47065|61574
12389|174|60068|216213|205884
29222|1299|20473|399970
18106|174|37468|61568|266460|61625
28917|6939|1299|25899|33236
15562|2914|30058|53808|44324|215172|214955
39122|1299|3356|28370|267608
199938|1299|6762|267470|263047
205206|1299|3356|16735|2716
48070|1299|6855|39904
6720|1764|174|20473|47065|61574
41666|3920|206777
29222|6939|207767
58057|50673|174|3257|60068|206406|210557
22652|174|28189|266931|269250|271150
35598|174|6453|4755|7768
34927|52025|32097|25091|8298|4601|4492
3701|174|34927|202827
327960|174|21320|5408|50148
6461|1299|34927|202532
148968|1299|174|210329|215728
1299|6855|50698
40994|174|35598|52091|206810
9268|4764|1299|34927|202827
1828|1299|198949|35676
40994|174|52468|271150
14315|6453|1299|20473|399970
58308|6939|7018|20074
34177|1299|174|3130|47065|61574
47160|174|60068|197103|212080
37271|174|52468|262393
174|1299|6939|24796|63293
58308|6939|5405|48918|34172
3170|7195|28343|2716
64475|62255|52091|206810|34786|34789|34786
29222|6939|7018|154126
58308|6939|6830|23520|64126|265695|63293
34019|6939|30893|199580
50628|1299|3491|216211|211575
34019|6939|30893
559|6939|50989
2734|142111|152672|174|3257|6205|197450
139317|44324|32595|174|7497|24151|23596
58308|6939|1299|201319
8283|6939|2852|199711
28917|6939|1299|34170|13335
58308|6939|39791
58308|6939|1299|201035
29691|1299|3223|34224|12735
29222|6939|3170|206924
6696|33891|216067|44244
58308|6939|1299|6503
28917|6939|1299|3301|206884
204092|16276|203019
57695|917|60068|1299|3356|8119
263237|174|1299|12859|47065|61574
28917|6939|1299|835|52025|215760
48185|12859|47065|61574
12859|8551|44709
12779|35598|52091|206810|196638
4777|2497|174|210|47065|61574
23352|2914|174|210|47065|61574
139317|44324|32595|174|22850|64112|394353
55222|1299|20473|399970
44324|32595|174|52341
57111|174|1916|47065|61574
28917|6939|1299|23520|262191|264835
553|62255|52091|206810|214721|204108
60068|174|5538|8194|29345
58308|6939|9136|206236
8455|1299|198949|35676
58308|6939|12735|15830
50629|20764|52091|206810|197643
8280|6762|1299|20473|47065|61574
1031|999|6453|174|20473|47065|61574
31122|6453|1299|198949|35676
28917|6939|1299|20473|205417
6830|3356|28370|269016
3170|6939|25192|29067
2497|174|5538|8194|29345
23367|1299|174|21320|5408|47065|61574
48070|1299|6855|39904|47767
55222|174|28189|266931|271615|273522|271150
139317|44324|32595|174|51551|44971
10111|1299|12859|47065|61574
29222|6939|2852|202874
559|20473|30893
58299|62255|52091|206810|210063
20514|1299|174|210329|215728
9044|1299|5511|60068|206406|210557
1280|2914|12859|47065|61574
12779|20473|30893
210312|4601|50869|205929
28917|6939|1299|20473|54874
28917|6939|1299|14080|26611
8298|25091|1299|10490|2722|12148|47065|61574
49028|1299|37468|60068|216213|205884
34927|56655|1299|7195|28189|266931|271615|273522|271150
9268|4764|1299|3257|60068|206406|210557
15692|61049|52025|212895|210320
22652|174|3356|1680|44709
14907|3356|174|399697|39967|399697
35280|6453|174|21700|399914
209823|3356|174|140227|44324|205369
3170|6939|2852|201648
38001|3491|174|28189|266931|271615|273522|271150
8283|20764|52091|206810|48687
23367|1299|3356|28370|263535
9268|4764|174|16276|203019
57381|50304|1299|10490|2722|12148|47065|61574
12779|6939|50989|33837
39122|174|20473|47065|61574
48070|1299|6453|19318|209896
41327|56630|209944
60068|33891|34927|202532
50628|3356|21320|5408|47065|61574
6830|1299|60068|216213|205884
210937|1299|20473|47065|61574
44324|32595|174|395506
29222|39801|58308
47147|1299|6855|50698
50304|1299|174|399697|39967|399697
327960|174|28283|268744|2716
48070|1299|6453|29208
132337|8966|21320|5408|47065|61574
9044|1299|6453|4755|7768
44324|32595|174|395512
19151|33891|60068|211571
210937|1299|174|3130|47065|61574
139317|44324|32595|174|11172
328512|5713|174|3130|47065|61574
28917|6939|268624|262594
44324|32595|174|56718
58308|6939|33891|43771
58308|6939|1299|23033|204957
205206|1299|174|204548|215728
44324|32595|174|27951
34927|56655|1299|3223|34224|12735
58299|28283|268744|2716
29075|1299|12956|212721
3741|174|12956|212721
1031|999|6453|174|21320|5408|47065|61574
6720|1764|174|140227|44324|205369
44324|32595|174|13335|395747
34019|34927|202532
5511|174|399697|39967|399697
139317|44324|32595|174|272102|273011
2027|47160|174|11432|271150|272738
6424|6939|28917|204623
6424|6939|29222|513|20940
15605|35598|52091|206810|210063
59105|2518|1299|174|37468|61568|266460|61625
20080|2914|1299|201814|209896
3170|174|201814|209896
139317|44324|32595|174|206795
28917|6939|1299|19693
4601|6939|28917|39238|49392|34567
58308|6939|1299|20473|35085|210960
28917|6939|1299|53334
12307|29691|1299|7545|20473|47065|61574
58308|6939|1299|62214
1299|13335|400095
139317|44324|32595|174|25710
29075|1299|17676|216211|44324|205369
35600|6939|28917|6789|200702
6730|6830|174|204548|215728
328840|327727|174|12956|212721
15562|2914|6424|44592|49581|209693
8283|3491|60068|206406|210557
20205|174|210329|215728
57381|50304|1299|201814|209896
58308|6939|1299|57811|201029
34927|56655|1299|6453|4755|7768
58308|6939|33891|33988
1299|3223|41327
49788|1299|3356|28370
139317|44324|32595|174|50131
41327|24796|12779|197000
20253|1299|3356|28370|269016
22652|174|210|47065|61574
25091|6830|60068|216213|205884
6830|174|5538|8194|29345
24785|1299|20473|201423
60068|33891|20473|47065|61574
198385|174|204548|215728
3701|174|201814|209896
40994|57463|41327|213013
917|60068|33891|216067|44244
2734|18678|22381|267470|263047
42541|1299|3257|60068|206406|210557
48070|1299|3356|1680|44709
206356|50629|1299|198949|35676
28917|6939|24796
1828|33891|60068|211571
29222|6939|553|203703
12969|1299|3356|16735|2716
41327|2603|21320|5408|50148
32590|1299|3356|28370|268198
139317|44324|32595|174|57492
58308|6939|1299|132168
852|1299|20473|47065|61574
328206|37739|3491|1299|12859|47065|61574
18106|174|399697|39967|399697
35600|6057|28283|268744|2716
42473|1299|4230|2716
4601|50869|41051|201445
3741|174|14840|269288
28917|6939|48678|212598
12389|1299|10490|2722|12148|47065|61574
48070|1299|3356|28370|53079
35600|6939|42695
210312|4601|50869|41051|215562
202365|50673|174|6461|394737
8455|1299|20473|47065|61574
58308|6939|1299|28428
58308|6939|1299|213929
58308|32787|202161
7018|6939|59970
58308|6939|56595|202590
148968|7474|7473|1299|198949|35676
12637|1299|10490|2722|12148|47065|61574
139317|44324|32595|18423|137409|6461|1299|9498|18229|132215
20253|1299|174|399697|39967|399697
209650|34927|1299|3356|28370|267608
6424|6939|50989|33837
51873|6830|174|20473|47065|61574
6830|32787|202161
28917|6939|1299|137366|45287
58308|6939|1299|21277|13335
13030|1299|10490|2722|12148|47065|61574
8660|1267|1299|12956|212721
42541|28283|268744|2716
3130|174|1299|20473|47065|61574
3170|6939|2852|202874
327727|174|5511|60068|206406|210557
41666|20764|52091|206810|57460
271253|6453|174|399697|39967|399697
47147|1299|3356|28370|263535
151326|174|34927|202827
151326|174|3257|60068|206406|210557
136557|174|35598|52091|48158
6830|174|14840|269288
4601|50869|205929
47147|6830|34927|202827
1103|20965|5408|47065|61574
12637|6939|28917|39134|39561|197695
137409|174|60068|205884
8220|6453|1299|29695|206557|208835
35369|8218|33891|216067|44244
139317|44324|32595|174|200165
28917|6939|1299|8151|270206
28917|6939|1299|20473|20277
28917|6939|1299|6400|273157
31510|174|60068|216213|205884
28917|6939|1299|36352|26383
263152|174|2914|20473|47065|61574
1299|6939|30893|205563
17639|1299|6453|4755|7768
7594|174|37468|270551|263047
12637|6939|2852|200874
44324|32595|174|18001
139317|44324|32595|174|53667|214660
3356|1299|6855|50698
38880|174|201814|209896
28917|6939|1299|399868
52320|174|210329|215728
37739|3491|174|60068|205884
28917|6939|1299|8657|15525|204057
34019|6696|1299|198949|35676
4181|1299|3223|41327|51580
12969|33891|216067|44244
29222|6939|28917|48084|59833
2497|1299|22773|8119
28917|6939|32097
29222|6939|25192|20701
31510|174|3257|21034
24961|47311|150249|153176
6830|3356|21320|5408|47065|61574
48070|57463|14840|2716
7500|2497|174|20723|2852|202874
4601|50869|6939|28370|28657
28917|6939|1299|52468|274055
6424|6939|196610|48927
20514|1299|4230|2716
39122|1299|20473|399970
32590|1299|3356|16735|273514
58308|6939|1299|16509|8987
28917|6939|1299|20473|139686
28917|6939|197580
44324|32595|174|28999
139317|44324|32595|174|213184
44393|394256|174|7545|20473|47065|61574
28917|6939|1299|31898|54253
6424|6939|28917|44812
34927|56655|1299|60068|197103|212080
7660|2516|1299|12859|47065|61574
58308|6939|12637|202448
28917|6939|7018|396169
210312|4601|50869|6939|28370|270962
37497|1299|60068|211571
4601|50869|34019|204092|202945
37100|1299|60068|216213|205884
8283|12956|10429|22381|267470|263047|264389
8283|6762|60068|216213|205884
680|1299|34927|202532
58308|6939|1299|3308|3573
204092|6939|25192
3491|1299|6855|39904|47767
207841|6939|28917|48084|59833
59105|2518|1299|20473|47065|61574
30844|3257|1299|20473|201423
59414|13030|1299|60068|216213|205884
398465|1299|6453|29208
29222|6939|61618|267320
32590|1299|174|1916|47065|61574
852|1299|198949|35676
62167|174|10490|2722|12148|47065|61574
28917|6939|1299|49604
139317|44324|32595|174|398748
207841|6939|28917|50009
29222|6939|7018|19106
206356|50629|3223|34224|12735
24516|174|1299|8551|44709
48070|6939|29222|204957
2027|47160|174|52468|271150
553|8551|44709
58308|6939|3170|203589
44324|32595|174|200435
24516|174|201814|209896
7720|10111|1299|198949|35676
34288|174|60068|216213|205884
44324|32595|174|140627|17456
28917|6939|1299|20473|206290
210312|4601|6939|28917|6789|203561
8220|1299|6855|39904|199604
44324|32595|174|54419
58308|6939|263047|262578
216285|8280|6762|174|216211|211575
22652|1299|29695|206557|205190
21700|174|14840|269288
20253|1299|29695|206557|208835
553|62255|52091|206810|59867
553|6939|42695|52011
49028|1299|20473|201423
29222|6939|215085
1299|37468|60068|216213|205884
139317|44324|32595|174|17072|272336
12779|174|201814|209896
44393|394256|174|20473|47065|61574
28917|6939|1299|12392
263237|174|3356|8772|215536
49028|1299|6939|30893|205563
16347|1299|6855|39904|47767
6424|6939|2852|201648
12307|29691|1299|56504|47674
57777|8298|25091|1299|8551|44709
1299|6939|50989|48116
35600|35598|52091|206810|196638
6830|6453|49666|205647|49801|204533
57777|8298|25091|1299|20473|47065|61574
44324|32595|174|53667|142597
34019|6461|210|47065|61574
1299|3356|28370
49544|3356|174|210329|215728
34927|52025|174|22381|267470|263047|264389
4601|50869|58299|209898|211894
29504|15935|6461|394737
139317|44324|32595|174|400701
9268|4764|1299|33891|216067|44244
14537|13786|174|60068|216213|205884
394256|174|22381|267470|263047|264389
28917|6939|1299|213929
57381|50304|1299|4637|20473|47065|61574
139317|44324|32595|174|3360
28917|6939|1299|23520|262191|264647
8529|1299|2914|226|47065|61574
40994|9002|34927|202827
139317|44324|32595|174|46974
20612|9044|1299|3920|206777
28917|6939|1299|20473|52025
19653|30600|174|210|47065|61574
58299|62255|52091|206810|8274
19151|174|37468|61568|266460|61625
140627|2914|1299|20473|47065|61574
202984|6762|174|37468|61568|266460|61625
6894|174|204548|215728
19151|174|60068|216213|205884
44324|32595|174|53667|38230
6696|1299|42303|51701|30893
1403|577|1299|3920|206777
210312|4601|50869|6939|42695|43101
16552|1299|4230|52654|266493|61625
6424|6939|30893|13214|35634
6453|3356|21320|5408|47065|61574
33891|1680|20473|47065|61574
210312|4601|50869|34019|204186
40387|1299|7195|28189|266931|271615|273522|271150
207841|61049|174|399697|39967|399697
28917|6939|1299|16552
3130|174|28283|268744|2716
12637|6939|2852|199711
48070|6939|28917|6789|203561
1299|8943|200636
3399|5511|174|14840|269288
58308|6939|33891|209040
28917|6939|263047|264389
1299|6762|267470|263047
28917|6939|1299|60068|62651
25091|1299|8551|44709
210312|4601|50869|52025|212895|214205
1103|24785|1299|198949|35676
553|9002|12555
28917|6939|1299|18734|28477
3214|2603|21320|5408|47065|61574
41327|6939|24796|63293
139317|44324|32595|174|15326
262427|174|3257|21034
28917|6939|1299|23520|263238|52274
29222|6939|28917|48084|199961
40994|6939|24796|63293
210312|4601|50869|52025|214749
204092|6939|29222|207688
50131|36236|2914|12859|47065|61574
58308|6939|5405|48031
28917|6939|1299|20473|133555
12859|6461|7473|38001|25192
4181|1299|3356|8772|215536
15605|6939|25192
29680|174|34927|202827
3257|1299|6855|39904
28917|6939|1299|5518|34001
58308|6939|1299
553|1299|3356|28370|263060
327727|174|14840|2716
6762|174|11432|271150|272738
8283|6939|39790
28917|6939|1299|395423
271253|6453|174|60068|205884
29222|6939|7018|4473|13979|2576
199938|1299|6855|39904
12637|1299|7195|28260|270548|52794|52659
42473|1299|6855|39904
44324|32595|174|1089
199524|1299|3257|20473|47065|61574
44324|32595|174|211691
41327|12859|47065|61574
6667|33891|44592|49581|209693
37739|3491|1299|20473|201423
44324|32595|174|205583
210312|4601|50869|214508
7018|6939|393682
58308|6939|1299|208905|212616
35710|3320|1299|3920|206777
58308|6939|1299|18734|20940
7018|6939|2852|202874
263237|174|1299|8551|44709
29222|6939|196610|48927
12859|3223|41327|51580
28917|6939|1299|20473|211224
213151|34549|1299|198949|35676
17350|2914|174|210329|215728
41327|22356|28370|273514
29222|6939|28917|47914
58308|6939|1299|16509|14490
58308|35598|52091|206810|35273
44324|32595|174|6621
58308|6939|61618|268797
28917|6939|1299|16863
20080|2914|174|399697|39967|399697
135895|137409|174|399697|39967|399697
2914|3257|5405|8943|200636
48070|6939|28917|8491
8529|1299|174|140227|44324|205369
29222|6939|25192|29067
28917|6939|35489
204092|6939|2852|213152
15623|174|204548|215728
8283|20764|52091|206810|59815|25299
12859|1299|3257|19318|209896
58308|6939|31263|9026
24961|1299|6855|39904
20514|1299|8551|44709
35369|1764|174|11432|271150
28917|6939|196945
174|140227|44324|215172|214955
28917|6939|7018|6621|265591
16552|30844|21320|5408|47065|61574
8888|6939|1299|20473|399970
40994|57463|41327|202975
34019|266493|61625
37497|174|204548|215728
1257|174|210329|215728
47147|1299|3356|16735|273514
210937|1299|3257|20473|47065|61574
50300|3356|21320|5408|47065|61574
23367|1299|17676|216211|211575
12859|37468|60068|216213|205884
58308|6939|1299|3249|216408
48362|1299|6461|394737
44324|32595|174|212318
7018|6939|2852|213152
174|1299|34927|202532
139317|44324|32595|174|55644
28917|6939|1299|212765|211309
28917|6939|1299|20473|396500
6667|1299|20473|201423
28917|6939|1299|20473|25820
51519|39351|174|3356|8119
6424|47065|61574
34019|7195|28343|2716
210312|4601|50869|6939|2852|200874
23352|2914|1299|20473|47065|61574
266213|3356|1299|34927|202532
559|35598|52091|206810|211692|214268|197578
12779|174|3130|47065|61574
36924|1299|3491|216211|211575
136557|174|35598|52091|206810
327727|174|1299|22773|8119
55222|1299|29695|206557
12307|29691|33891|60068|211571
20912|12637|1299|7545|20473|47065|61574
49432|48362|1299|3356|28370|264426
58308|6939|6830|23520|52468
44393|394256|174|52468|262393
58308|6939|52091
58308|6939|1299|199508|215629
4601|50869|34019|209090|205690
35710|3320|6830|34927|202827
20253|1299|6453|1031|61568|266460|61625
28917|20764|52091|206810|57460
207841|6939|2852|48091
24785|1299|20473|399970
64475|16276|203019
3170|15557|206865|3215|5511|174|199727|12645
41327|174|3130|47065|61574
5405|62255|52091
28917|6939|1299|62044
5413|1299|6453|60068|216213|205884
50304|1299|174|20473|47065|61574
48070|1299|3356|16735|2716
12307|29691|1299|20473|47065|61574
1764|174|5538|8194|29345
28634|4230|33891|216067|44244
199524|174|60068|197103|212080
28917|6939|199081|209847|26383
3491|174|56630|209944
1299|6939|393682
58299|62255|52091|206810|59867
34800|29632|9002|3356|1299|20473|47065|61574
12350|1299|6855|39904|47767
210312|4601|50869|6939|28370|263535
30844|3257|1299|20473|47065|61574
398465|3320|1299|8551|44709
207841|6939|25192|20701
6830|6939|59689
205206|1299|52320|7162|13878|52468|271150
132825|174|37468|61568|266460|61625
6424|6939|30893|205563
58308|6939|28917|44812
210312|4601|50869|214770
58308|6939|1299|51834
139317|44324|32595|174|400519
6461|1299|60068|211571
1140|24785|1299|20473|399970
139317|44324|32595|174|22360
20912|174|35598|52091|206810
41666|20764|52091|44660
58308|6939|1299|62917
44324|32595|174|31241
34019|6939|42695|52011
210312|4601|50869|44324|198304|204518
29222|6939|35489
35280|1299|8551|44709
199524|1299|4230|2716
139317|44324|32595|174|27659
44324|3920|206777
36924|1299|60068|211571
9900|23764|1299|34927|202532
8283|6939|58308
8298|25091|6453|174|20473|47065|61574
266213|3356|21320|5408|47065|61574
58308|6939|39791|198002
206499|34549|1299|6855|39904|47767
28917|6939|1299|27947|264836
42473|1299|6762|16735|273514
28917|6939|3170|965
35008|1299|6453|1031|61568|266460|61625
8283|6939|15372|203592
9044|1299|3257|20473|47065|61574
28624|61568|174|140227|44324|205369
6424|6939|28917|39238|49392
1299|9002|8772|396416
17660|2914|1299|198949|35676
8283|20764|52091|206810|211101
60068|174|3356|8772|215536
210312|4601|50869|41051|211715
20205|1299|1680|20473|47065|61574
4181|1299|20473|201423
8529|1299|20473|47065|61574
14907|21320|5408|47065|61574
328206|37739|3491|174|60068|216213|205884
1828|1299|8551|44709
28917|6939|62000|198831|210699
22652|1299|8551|44709
28917|20910|13194|9002|6830
2914|1299|33891|216067|44244
17660|2914|1299|20473|47065|61574
28917|6939|1299|14080
1267|1299|8551|44709
52873|12956|1299|3920|206777
917|60068|33891|917|214598
15605|35598|52091|206810|59867
139317|44324|32595|174|205847
16552|1299|29695|206557
28917|6939|1299|36352|399122
37721|1299|3920|206777
215596|174|21320|5408|50148
213241|28917|215730|209693
44324|32595|174|15235
328840|327727|174|60068|211571
12956|1299|60068|197103|212080
28917|6939|1299|20473|132479|153034
40994|174|28189|266931|269250|271150
6830|6939|2852|202874
16552|1299|37468|53062|266493|61625
14315|2914|174|20473|47065|61574
29222|6939|268944
31742|1299|56630|209944
58308|35598|52091|206810|196638|42702
139317|44324|32595|174|206312
5405|62255|52091|206810|56915
42473|1299|3257|20473|47065|61574
35600|35625|3257|174|20473|47065|61574
28917|20764|52091|206810|214721|204108
58308|6939|35133|50917|215318
4601|7195|20473|47065|61574
29222|6939|41720|58180
44324|32595|174|62628
30844|3257|1299|198949|35676
328840|327727|174|1299|8551|44709
199938|1299|6855|39904|47767
513|174|60068|216213|205884
58057|174|28189|266931|271615|273522|271150
44324|32595|174|266593
1140|24785|6830|3257|21034
29680|174|52468|262393
6696|1299|3257|20473|47065|61574
41666|3216|51032|41344|39707
7713|174|20473|47065|61574
48185|3356|174|20473|47065|61574
50628|1299|20473|399970
210937|1299|174|399697|39967|399697
139317|44324|32595|174|28546
31122|174|60068|216213|205884
6082|174|20723|2852|202874
19151|2914|1299|34927|202532
4601|50869|6939|54429|401894
20912|12637|56630|209944
49028|1299|6762|49666|58224|214805
28917|6939|1299|3308|201503
397131|60011|3356|174|140227|44324|205369
1299|3216|51032|41344|39707
35600|6939|29222|41495|206202
35598|33891|216067|44244
210312|4601|50869|34019|35600|61025
209650|34927|174|399697|39967|399697
206356|50629|174|1916|47065|61574
29222|6939|24796|63293
31510|174|37468|53062|266493|61625
15605|57463|14840|2716
28917|6939|263047|267961
58057|50673|8283|47065|61574
59890|60068|33891|20473|47065|61574
35600|6939|28917|48084
3491|174|28189|266931|269250|271150
59689|30781|1299|10490|2722|12148|47065|61574
31510|33891|60068|211571
553|137409|48011|25184|49801|204533
49028|1299|20473|47065|61574
28917|6939|7018|397556
3491|1299|6855|50698
58308|6939|6830|23520|264821|271982
207841|6939|28917|39134
58308|6939|1299|6400
28917|6939|1299|8781
53828|2914|174|140227|44324|205369
58308|6939|6830|23520|5639|27924
8529|1299|60068|216213|205884
34854|1299|20473|399970
204092|30781|1299|8551|44709
28917|6939|1299|396356
139317|44324|32595|174|397384
196621|58115|209042
58308|6939|28917|48084|35816
49788|174|399697|39967|399697
47160|6939|28370|264426
50673|174|32787|202161
28917|3257|174|140227|44324|205369
40994|6939|28917
28917|6939|1299|20473|134666
28917|6939|31263|9026
6424|6939|28917|50045
28917|6939|1299|20473|399264
41327|6939|28370|264426
58308|6939|1299|197190
209|3356|174|21700|399914
48070|1299|6453|60068|216213|205884
206356|50629|33891|216067|44244
28917|6939|1299|23520|263238|273195
8220|1299|9002|8772|396416
42473|1299|3356|16735|2716
40387|1299|3223|34224|12735
139317|44324|32595|174|24429
34927|1299|174|22381|267470|263047|264389
12779|7195|20473|47065|61574
210312|4601|50869|34019
5413|1299|6762|49666|58224|214805
41666|20764|52091|206810|12773|44710
22652|1299|6855|39904|47767
209650|34927|1299|174|60068|205884
29222|6939|29208|60275
7713|1299|3356|16735|273514
206356|50629|6461|394737
1299|174|140227|44324|205369
28917|6939|1299|210937|62599
3170|6939|16652
13830|971|174|399697|39967|399697
15605|35598|52091|206810|59815
58308|6939|1299|12189
210312|4601|50869|211024
58308|6939|1299|3301|2799
210312|4601|6939|28917|39134
58308|6939|29208|209135
20473|174|20473|47065|61574
28917|6939|1299|6503|22894
553|1299|12956|212721
3130|174|35598|52091|44660
1299|7195|28343|2716
1828|33891|44592|49581|209693
6667|174|20473|47065|61574
44324|32595|174|399646|206042
198249|13030|1299|174|20473|47065|61574
7660|2516|1299|198949|35676
28917|6939|1299|20473|397493
3333|2603|21320|5408|47065|61574
40994|57463|41327|2593
58308|6939|7018|397602
34927|1299|3356|16735|2716
58057|50673|174|7311|835|394273
28917|6939|204310
917|60068|33891|3223|34224|12735
40994|57463|41327|200887
58308|6939|1299|32270
29222|6939|42184
174|22381|267470|263047
7660|2516|1299|2914|226|47065|61574
513|174|7545|20473|47065|61574
12859|6939|25192|20701
37105|37662|174|210329|215728
28917|6939|7018|397568
58308|6939|7018|62883
553|1299|12859|47065|61574
7473|1299|20473|47065|61574
132825|174|3356|28370|28657
28917|6939|1299|47583
35008|1299|6453|19318|201813
1836|174|399697|39967|399697
61568|174|399697|39967|399697
20764|174|3491|20473|47065|61574
3549|3356|1299|22773|8119
41666|31133|12389|28917|8905|42132|56779
64475|6939|39790
39392|33891|264409|61832|266460|61625
28917|6939|7018|3379
28917|6939|1299|16509|213151
6908|174|6453|19318|201813
3741|174|1299|8551|44709
15605|35598|52091|206810|213694
58308|6939|1299|27947|13335
4181|1299|6453|1031|61568|266460|61625
12779|6939|25192|26710
28624|61568|174|210329|215728
553|62255|52091|206810|211692|214268|196977
20932|174|210329|215728
1299|17676|216211|44324|205369
13237|1299|6453|4755|7768
207841|6939|196610|48927
21412|1299|56630|209944
553|6461|23352|20473|47065|61574
6830|6939|2852|200874
58308|6939|15935|197451|201263
6830|6453|60068|216213|205884
29222|6939|8899|42652
6730|6830|3257|19318|209896
9900|23764|3356|1299|12859|47065|61574
16552|1299|8551|44709
209|3356|1299|6855|39904
58308|6939|1299|11664
1280|1299|20473|399970
34800|58057|50673|174|2914|20473|47065|61574
29222|6939|50533|205427
44324|32595|174|395723
7713|174|210|47065|61574
2500|2914|1299|3920|206777
199524|1299|3356|28370|263535|268030
59105|2518|1299|3920|206777
139317|44324|32595|174|22908
37468|174|6453|4755|7768
132825|174|204548|215728
513|29222|6939|263047|269680
12186|1299|22773|8119
34927|1299|3356|21320|5408|47065|61574
12779|35598|52091|206810|59815
44324|32595|174|393684
553|6939|25192|20701
40387|23473|174|37468|61568|266460|61625
8283|6939|2852|198500
58308|6939|200303
13830|971|174|1299|6855|39904|47767
58308|6939|1299|48448
55720|2914|174|37468|61568|266460|61625
174|17378|8119
16552|1299|3920|206777
34019|9002|12555|48430
48070|41313|6821|1299|29208|205347
48919|174|60068|205884
52320|174|1299|20473|399970
47147|1299|6939|393682
2734|16735|266931|269250|271150
20253|1299|9002|8772|396416
207841|13335|5408
17350|6453|1299|6855|39904|199604
3170|6939|28917|9110
136557|174|21700|399914
39122|1299|3356|28370|263535
44324|32595|174|207498
7713|174|2914|226|47065|61574
28917|8359|57304|209693|207567
4601|50869|44324
3701|174|20473|47065|61574
196621|9002|917|214598
5413|1299|6453|1031|61568|266460|61625
20514|1299|3223|41327
14907|1299|60068|211571
29075|1299|3223|41327
41811|1273|1299|8551|44709
199938|1299|6453|4755|7768
199524|1299|37468|53062|266493|61625
6830|6939|30893|204789
31742|1299|3356|8119
263237|174|21320|5408|47065|61574
58308|6939|1299|3308|201503
22652|1299|3356|28370|267556
28917|6939|7018|401291
328840|327727|174|35598|52091|206810|211692|214268|196977
6424|9002|12555|48430
49544|2914|174|399697|39967|399697
28917|6939|3170|214199
29169|174|52468|271150
29222|6939|40994|205563
28917|6939|1299|20473|153185|153187
16347|1299|37468|60068|216213|205884
204092|6939|30893|204789
139317|44324|32595|174|18678|273114
34927|56655|1299|7195|28189|266931|269250|271150
6908|174|20473|47065|61574
36994|1273|174|20473|47065|61574
58308|6939|1299|25759
50628|33891|60068|211571
58299|174|20473|47065|61574
198249|13030|1299|198949|35676
44393|394256|174|210329|215728
139317|44324|32595|174|27951|274100
7594|3356|1299|3920|206777
198385|174|22381|267470|263047
136557|174|52468|262393
2497|174|140227|44324|205369
50304|1299|3223|34224|12735
210312|4601|50869|6939|28370|267608
6424|20764|52091
213151|34549|174|399697|39967|399697
51873|6830|1299|20473|399970
4775|1273|174|21700|399914
59105|9370|2497|174|52468|271150
55222|1299|6855|50698
2497|174|8551|20473|47065|61574
29222|6939|12779
202365|50673|174|10490|2722|12148|47065|61574
35280|1299|34927|202827
50629|6939|24796
25160|1299|6855|39904
35426|215596|1299|34927|202532
327983|37497|3491|174|37468|61568|266460|61625
6057|174|34927|202827
136557|174|3356|16735|273514
6830|4637|20473|47065|61574
35369|8218|33891|60068|211571
55222|174|35598|25308|28917|204076
5413|1299|3257|20473|47065|61574
48070|6939|2852|212876
206499|34549|174|140227|44324|205369
58308|6939|1299|16276
3701|3356|1299|6855|39904|202605
57111|41327|4601|4492
58308|6939|6830|23520|272935|267705|271916
4601|50869|58299|209898|199553|211894
23367|1299|3356|28370|269016
28917|6939|1299|39783
58308|6939|393682
28917|6939|28370|264426
50673|33891|34927|202532
327983|37497|1299|20473|399970
139317|44324|32595|174|62005
136557|174|3356|28370|267608
12586|3257|1299|198949|35676
20932|174|60068|205884
6453|174|20723|2852|202874
199524|37100|1299|8551|44709
42541|1299|174|216211|211575
41327|19318|201813
58308|6939|1299|52468|27814|13335
139317|44324|32595|174|11172|272318
28917|6939|1299|22442
47147|1299|174|210329|215728
36924|1299|7195|20473|47065|61574
207841|6939|15372
210312|4601|50869|6939|207995
5405|62255|52091|206810|202279
3170|174|56630|209944
6908|174|3257|21034
3257|174|60068|216213|205884
1299|201814|209896
6830|3356|16735|266931|269250|271150
3170|60068|206406|210557
29222|6939|30893
11845|37468|1299|6855|39904|47767
196621|6939|196610|48927
204092|34019|20473|47065|61574
139317|44324|32595|174|9166
28917|201054|198408
58299|33891|216067|44244
42541|62255|52091|206810|59867
6830|3356|16735|2716
35280|1299|6855|39904|199604
35600|6939|25192
58308|6939|6830|23520|27717|274255
4601|50869|58299|34924
3170|57463|7713|174|56308
196621|8758|15576|174|52468|271150
29222|6939|7018|397799
3333|33891|216067|44244
22652|1299|6855|50698
2497|1299|35598|52091|206810
14537|3356|1299|20473|47065|61574
210312|4601|50869|199310
58308|6939|25400|15765|203673
29222|6939|39791|49101|49244
28917|6939|1299|6922|10399
29479|50304|1299|60068|211571
196621|6939|15372|203592
29504|39392|174|1299|198949|35676
58308|6939|7018|397248
12779|6939|50989
3491|1299|8551|44709
49028|1299|3257|60068|206406|210557
28917|6939|1299|30600|26793
23367|1299|7195|20473|47065|61574
513|29222|6939|199399
58308|6939|12735|57844
3257|174|14840|269288
210312|4601|50869|58299|41051|49867
58308|6939|1299|36352|60117
139317|44324|32595|174|42366|212799
58057|174|56630|209944
3741|174|399697|39967|399697
3320|1299|60068|211571
44324|32595|174|13335
40994|57463|41327|206988
58308|6939|62193
34019|16276|203019
6730|6830|44530|41327|198434
8283|3491|209810|207187|202551
52873|12956|1299|10490|2722|12148|47065|61574
49028|1299|3920|206777
28917|6939|1299|203055
7018|6939|50989|50683
559|35598|52091|206810|24881
58308|6939|1299|22773
58308|6939|6830|23520|52228|13335
14630|2914|174|399697|39967|399697
44324|32595|174|54502
28917|6939|1299|15133
15547|174|60068|211571
140627|2914|174|210329|215728
136557|174|52468|271150
6762|174|399697|39967|399697
47147|1299|6762|16735|273514
35600|9002|8772|215536
2497|1299|198949|35676
50304|1299|7195|20473|47065|61574
47147|1299|6939|50989|33837
28917|6939|7018|36040
58308|6939|28917|6789|200702
7594|174|35598|52091
328512|37100|1299|20473|47065|61574
140627|1299|3356|28370|53079
23673|3356|174|399697|39967|399697
29222|6939|7794|396917
48070|6939|2852|198500
28917|6939|1299|52468|269838
3399|5511|1299|20473|47065|61574
132337|174|210|47065|61574
8758|3303|174|52468|271150
48070|6939|28917|21453|48149
57777|32787|202161
28917|6939|1299|23487
42473|1299|174|60068|205884
204092|34019|14840|2716
23367|1299|29695|206557|205190
34927|1299|3257|19318|201813
29222|6939|28917|198297|51081
44324|32595|174|327727|328840
30844|33891|60068|211571
8220|1299|174|21700|399914
7594|3356|1299|8551|44709
1140|24785|6830|3356|28370|268521
34927|174|3130|47065|61574
12779|20764|43298|48678|210574
50304|1299|6855|50698
8283|2914|3223|34224|12735
20514|1299|37468|52468|271150
4601|6939|28917|47759
44393|394256|174|28189|266931|269250|271150
38880|4826|1299|198949|35676
28917|6939|1299|23520|263703|271855
49544|1299|174|60068|205884
42473|1299|3356|28370|267556
6908|174|14840|2716
30600|1299|8551|44709
28917|6939|1299|20473|395332
559|7195|11432|271150
328840|327727|174|16276|203019
327727|174|6453|4755|7768
6461|1299|1680|20473|47065|61574
17350|3356|174|20473|47065|61574
559|35598|52091
12637|174|20473|47065|61574
6667|6830|60068|216213|205884
199524|1299|2914|226|47065|61574
45049|6696|1299|174|3130|47065|61574
513|174|21700|399914
13786|174|399697|39967|399697
45352|174|3356|28370|28657
20912|174|52468|271150
2027|47160|174|5538|8194|29345
50628|1299|174|399697|39967|399697
50304|1299|3920|206777
199524|1299|8551|20473|47065|61574
8529|1299|10490|2722|12148|47065|61574
139317|44324|32595|174|15235
58308|6939|61618|268492
132337|1299|20473|201423
64475|62255|52091|206810|214721|204108
20253|1299|6855|50698
15605|35598|52091|59815|25299
51873|6830|6762|16735|273514
216285|8280|6762|174|5538|8194|29345
28917|6939|1299|52468|272097
57381|50304|1299|6855|39904|47767
6424|6762|1299|6855|39904|47767
55720|9930|1299|33891|216067|44244
32595|174|20473|47065|61574
198249|9002|197068
29222|6939|7018|399571
3257|1299|8551|20473|47065|61574
210312|4601|50869|52025|205378
6730|6830|9002|12555
28917|6939|1299|20473|36710
7474|3257|174|210|47065|61574
64475|13335|5408
12637|6939|207995
6908|1299|3920|206777
3741|174|22381|267470|263047
12859|35598|52091|206810|214210
5405|6939|28370
52025|174|22381|267470|263047
35600|35598|52091|206810|196767
199938|1299|37468|53062|266493|61625
28917|6939|1299|397709
139317|44324|32595|174|43872
148968|1299|23764|35168|212999
28917|6939|1299|209635
917|25369|1299|21351|60132
40994|57463|41327|203726
9268|4764|174|399697|39967|399697
4181|1299|20473|399970
49028|1299|174|1916|47065|61574
6424|174|21320|5408|47065|61574
16552|1299|37468|270551|263047
48070|6939|28370|28657
174|3356|9002|8772|396416
29691|1299|56630|209944
4764|1299|60068|211571
29691|1299|2914|226|47065|61574
12779|6939|2852|197451
59890|174|52468|271150
44324|32595|174|21859|62610
136557|174|6461|394737
50304|1299|3223|41327|51580
8283|20764|52091|206810|211692|214268
48070|6939|28917|28907
58308|6939|1299|213138
41327|37271|20473|47065|61574
41666|20764|52091|206810|12773|44884
29222|6939|42184|215756
57381|50304|1299|3356|28370|264426
8220|1299|3356|28370|268521
55222|1299|3223|41327|51580
55720|3491|174|28189|266931|271615|273522|271150
50629|1299|20473|399970
48070|1299|3356|28370|264426
57381|50304|1299|7195|28189|266931|271615|273522|271150
3130|174|3356|16735|2716
12956|1299|34927|202532
208972|33891|216067|44244
6762|174|216211|211575
917|60068|1299|6855|50698
7594|174|35598|52091|48158
3491|1299|1680|20473|47065|61574
56655|1299|2914|226|47065|61574
57777|8298|8283|3491|209810|207187
34019|3223|41327|51580
6730|6830|174|5538|8194|29345
39351|1299|4637|20473|47065|61574
198249|13030|1299|174|3130|47065|61574
23367|1299|6855|39904|202605
1140|24785|6830|3491|216211|211575
17660|2914|1299|6855|39904|202605
58308|6939|35133|50917|214677
44324|32595|174|32934
17660|6453|174|14840|269288
196621|6939|2852|202874
17639|1299|20473|399970
58308|6939|1299|214415
7594|174|10490|2722|12148|47065|61574
58308|6939|1299|1759|51188
44324|32595|174|49532
44324|32595|174|205148
271253|3356|1299|6855|39904
139317|44324|32595|174|35986|30612
4601|50869|199310|207314
12956|1299|198949|35676
215596|1299|3356|28370|263535|268030
44324|32595|174|37649
47147|1299|6939|50989|205966
28917|6939|1299|20473|213891
16347|1299|3257|204548|215728
29504|15935|174|56630|209944
51185|6762|1299|22773|8119
6057|174|399697|39967|399697
56655|1299|3223|34224|12735
29222|6939|273556
50300|174|11432|271150|272738
28917|6939|29222|204957
6424|6939|2852
28917|6939|3170|212683
6453|174|5538|8194|29345
6830|174|52468|262393
59105|2518|1299|6855|39904|47767
6730|6830|174|60068|197103|212080
7660|2516|6939|1299|20473|399970
34927|1299|6453|4755|7768
6830|6939|58308
207841|34927|202532
8220|1299|4637|20473|47065|61574
210312|4601|6939|28917|21453|48149
29691|1299|3223|41327
139317|44324|32595|174|53667|147071
58308|6939|1299|3301|8464
12637|6939|2852|197451
7018|6939|54429
553|33891|216067|44244
58308|6939|6830|23520|262148
42541|7195|20473|47065|61574
25091|1299|20473|47065|61574
35600|6939|29222|204957
28917|6939|1299|23520|54082|263725|274085
132825|174|14840|2716
28917|6939|62000|207879
140627|1299|60068|211571
58057|1836|5511|174|37468|61568|266460|61625
28917|6939|1299|213138|202169
139317|44324|32595|174|52438
44324|32595|174|10578
29504|39392|33891|3920|206777
29222|6939|29670|47496
48070|6939|28917|48084
199938|1299|3356|28370|268521
32590|1299|3356|28370|263535
9002|3356|174|11432|271150|272738
210312|4601|50869|6939|25192
48070|30844|21351|60132
204092|6939|28370|268198
61218|6939|1299|174|399697|39967|399697
204092|6939|28917|8491
3257|174|216211|211575
4601|50869|200242
3170|6939|28917|21453
196621|6939|28917|28775
23764|1299|34927|202827
12859|6939|54429
139317|44324|13335|400095
58511|1299|20473|47065|61574
58308|6939|1299|205763
6894|174|3130|47065|61574
40387|1299|37468|270551|263047
20612|9044|1299|3257|20473|47065|61574
42473|1299|3356|28370|263963
7018|6939|30893
15605|20764|202984|35598|25308|28917|204076
139317|44324|32595|174|55655|64315
58308|6939|7018|22617
136557|174|12956|212721
15605|6939|28370|267608
216285|8280|6762|174|22381|267470|263047|264389
12859|8551|20473|47065|61574
12859|35598|52091|44660
64475|62255|52091|206810|210063
139317|44324|32595|174|327727|329010
23764|3356|21320|5408|47065|61574
44324|32595|174|33544
15623|174|210329|215728
15547|174|52468|262393
17350|6453|1299|6855|39904|47767
58308|6939|56595|209082
2027|47160|6939|28370|28657
6424|6939|28917|48084|35816
327960|174|12389|49666|205647|49801|204533
37053|37100|1299|201814|209896
50629|174|1916|47065|61574
58057|174|138997|216211|44324|205369
58308|6939|1299|29802
13237|1299|3356|28370|28657
210312|4601|50869|41051|211509
34854|1299|3356|28370|267556
58308|6939|32097|11867
7018|3356|28370|28657
32590|4637|3257|1299|3920|206777
6730|6830|174|138997|216211|44324|205369
139317|44324|32595|174|36352
33891|19318|209896
28917|6939|7018|4473
34800|58057|50673|174|210|47065|61574
1257|1299|22773|8119
210312|4601|9498|20473|47065|61574
16347|1299|3257|60068|206406|210557
5413|1299|21351|60132
13030|1299|7195|28189|266931|271615|273522|271150
58308|6939|56595|207067
132825|174|210329|215728
47957|28917|215730|209693
28917|6939|1299|265840
9002|1299|3223|34224|12735
28917|6939|1299|27563|396141
2734|2914|174|37468|61568|266460|61625
53828|2914|12859|47065|61574
29222|6939|29670|49933
2497|2914|12859|47065|61574
28917|6939|6424|134450
204092|6939|28917|48084|199961
11039|4901|11537|20965|5408|47065|61574
47692|33891|8551|44709
58308|6939|5405|204704
58308|6939|1299|22497
4775|4637|33891|216067|44244
199524|3356|1299|201814|209896
52925|3356|1299|20473|47065|61574
6830|1299|37468|270551|263047
204092|6939|50989|33837
51184|1764|174|52468|271150
29504|15935|174|30844|21351|60132
62167|174|8551|20473|47065|61574
210312|4601|50869|51087
3170|37468|52468|271150
206356|50629|174|60068|216213|205884
58308|6939|1299|32097|33387
23764|1299|8551|20473|47065|61574
6908|174|22381|267470|263047|264389
6082|174|210|47065|61574
28917|6939|1299|208905|199270
8283|20764|52091|206810|56915
42473|1299|3356|28370|268521
64475|6939|30893|205563
34927|60011|3356|1299|198949|35676
42541|1299|6461|394737
50629|6461|23352|20473|47065|61574
58308|6939|208731
35598|174|6461|394737
206356|50629|1680|20473|47065|61574
3701|174|60068|216213|205884
44324|32595|174|267613|13335
48362|1299|6453|29208
28917|6939|1299|46475|59730
20130|23352|2914|174|21320|5408|47065|61574
205206|33891|14840|269288
28917|6939|1299|35908
57381|50304|1299|7195|20473|47065|61574
34800|58057|50673|174|7195|20473|47065|61574
3130|174|21320|5408|47065|61574
41722|20485|174|52468|262393
7594|174|204548|215728
12350|1299|3356|28370
37697|37497|1299|6855|39904
29222|6939|202297
44324|32595|174|16637|36974
58308|6939|33891|49435
34927|60011|3356|174|20723|2852|202874
20080|2914|1299|33891|216067|44244
8529|1299|8551|20473|47065|61574
7018|6939|28370|269016
28917|6939|1299|20473|49688
20932|1299|7545|20473|47065|61574
7713|174|14840|269288
209|3356|174|32595|44324
58308|6939|35133|50917|214677|205563
52025|174|201814|209896
15547|174|6453|29208
1267|33891|60068|211571
28917|6939|1299|23520|27717|269846
132337|6939|1299|20473|47065|61574
209|3356|1299|3920|206777
39351|2603|21320|5408|47065|61574
271253|174|399697|39967|399697
28917|6939|6830|23520|64126|272971
42541|1680|44709
29169|1299|20473|47065|61574
28917|6939|1299|6855
210312|4601|50869|6939|29222|41495|206202
15935|174|204548|215728
4764|1299|6855|39904|202605
18106|2914|1299|198949|35676
4601|50869|52025|212895|402182
25220|3356|174|399697|39967|399697
32590|174|210|47065|61574
28917|6939|1299|23520|264821|273009
40994|6939|28370|263060
6830|13335|400095
58308|6939|1299|9929
58308|6939|2852|210367
37271|174|6453|4755|7768
210312|4601|6939|28917|35539
44324|32595|174|400164
28917|6939|1299|20473|215007
58308|6939|53764
202365|50673|174|2914|20473|47065|61574
398465|1299|20473|399970
12779|62255|52091|206810|24881|24697
4764|1299|34927|202827
41327|6939|25192|20701
28917|33891|216067|44244
44324|32595|174|398947|27884
3356|174|3130|47065|61574
5405|1299|8551|20473|47065|61574
263237|174|35598|52091|206810
15935|6461|17378|8119
28917|6939|1299|23520|27745
35426|215596|1299|198949|35676
58308|6939|205479
35008|1299|3356|22381|267470|263047|264389
46450|1299|34927|202532
398465|174|13335|400095
50673|174|5459|200070
139317|44324|32595|174|42313|216325
35426|215596|1299|8551|44709
20253|1299|3356|8772|215536
50877|5405|20764|43298|48678|213865
50629|6461|210|47065|61574
29222|6939|262485
32590|1299|3356|28370|264426
64475|62255|52091|206810|59815|25299
174|3257|9498|20473|47065|61574
28917|20764|52091|206810|24881|24697
44324|32595|174|272102|271816
36924|1299|198949|35676
44324|32595|174|329344
6730|6830|9002|12555|3227
41327|174|56630|209944
210312|4601|9002|12555|48430
57695|917|60068|174|3356|8772|215536
50629|20764|52091|206810|50204
57111|41327|37468|270551|263047
29222|6939|30893|205563
2497|174|11432|271150
174|1299|8551|44709
58308|6939|1299|21277|210767
4601|50869|41051|215448
35008|1299|7195|28283|268744|2716
15605|32787|202161
209|3356|1299|34927|202532
34927|56655|1299|3356|16735|2716
28917|6939|7018|22317
52873|12956|174|5538|8194|29345
31122|6453|1299|3920|206777
3130|174|16276|203019
19151|174|20473|47065|61574
8220|1299|3257|20473|47065|61574
202297|13335|5408
14907|1299|10490|2722|12148|47065|61574
5511|1299|34927|202532
41327|6939|39790
8283|6939|28370|267608
40994|6939|28917|20985
49544|3356|174|60068|205884
264479|6762|1299|6855|39904|199604
14907|1299|3257|19318|209896
28917|6461|7473|38001|25192
58308|6939|6830|33915|208240
29222|6939|553|34878
29691|1299|60068|216213|205884
20205|1299|60068|211571
28917|6939|1299|273263
47160|174|11432|271150
35320|1299|20473|47065|61574
16347|1299|6855|39904|202605
44324|32595|174|21859
29140|286|1299|20473|47065|61574
23673|9900|23764|3356|1299|12859|47065|61574
8220|1299|23764|35168|212999
58308|6939|42695|43101
8218|6461|174|20473|47065|61574
58308|6939|41720
11039|6461|1299|20473|47065|61574
22652|1299|3356|28370|53079
8660|1267|1299|6855|39904|202605
15935|6461|23352|20473|47065|61574
28917|6939|1299|13837
44324|32595|174|8452|24835|36935
25369|1299|42303|51701|30893
12637|1299|6855|39904|202605
13030|1299|4230|2716
11845|30844|174|5538|8194|29345
174|1299|20473|399970
210312|4601|50869|41051|207852
29222|6939|28917|50045
513|174|28189|266931|269250|271150
57777|8298|8283|3491|209810|207187|207198|206429
20473|2603|21320|5408|47065|61574
263237|174|6461|394737
6830|1299|20473|399970
8888|137409|174|204548|215728
28917|6939|1299|3301|207538
59689|29075|174|204548|215728
21700|174|20723|2852|202874
4777|2497|174|3130|47065|61574
39122|2603|21320|5408|47065|61574
28917|6939|1299|20473|33760
23367|1299|52320|7162|13878|52468|271150
8283|6939|28370|267556
28917|6939|7018|396973
34177|1299|2914|226|47065|61574
34927|1299|60068|216213|205884
28917|6939|1299|1759|51164|210167
6830|3257|22773|8119
559|1828|12179|393398|3356|174|50131
47147|1299|6939|50989|48116
34019|28283|268744|2716
44324|32595|174|16601
2497|1299|3223|34224|12735
47147|1299|174|399697|39967|399697
58308|6939|6830|23520|272112|274072
50628|1299|3257|60068|206406|210557
20612|9044|1299|12956|212721
12350|1299|6453|19318|201813
34019|9002|12555
3333|12859|3223|41327
8283|3491|209810|207187|206420
6830|3356|28370|267556
40387|1299|56504|47674
58308|6939|1299|21277|212573
46450|3356|21320|5408|47065|61574
210312|4601|50869|58299|209898|199553|208948
29222|6939|48678|207582
28917|6939|1299|12337
58511|3257|174|140227|44324|205369
2914|174|210|47065|61574
59105|2518|1299|34927|202532
29222|6939|7018|11992
8888|137409|174|210|47065|61574
28917|6939|202297
327804|37271|174|399697|39967|399697
36924|1299|3257|19318|201813
4601|6939|28917|50923
63927|1299|60068|216213|205884
24516|174|35598|25308|28917|204076
28917|6939|1299|23520|263703|270026
47147|1299|6939|28370|268521
58308|6939|6830|23520|26505
49605|6762|174|5538|8194|29345
28917|6939|1299|23511
28917|6939|1299|20473|207754
15562|2914|174|20473|47065|61574
16552|1299|42303|51701|30893
28917|6939|25400
327782|5511|174|52468|271150
199524|47311|150249|212001|199762
32590|1299|34927|202827
7018|6939|30893|13214|35634
16552|1299|3216|51032|41344|39707
57695|917|60068|174|21320|5408|47065|61574
47692|33891|216067|44244
61568|6762|1299|6855|39904|202605
52075|6762|174|20473|47065|61574
210312|4601|50869|6939|15372
553|6939|2852|212876
46450|1299|6453|29208
28917|6939|7018|21433
31122|174|60068|205884
28917|6939|1299|23520|262202|263713
58308|6939|1299|20473|150788
44324|32595|174|59895
49432|48362|1299|174|210|47065|61574
207841|6939|50989|33837
12637|35598|52091|206810|211692|214268
58299|34927|202532
58308|6939|25192
28624|61568|174|210|47065|61574
6830|6939|30893|9423
30781|1299|3920|206777
28917|6939|263047
58308|6939|15935|197451
59689|29075|174|210329|215728
16552|37271|174|11432|271150|272738
34019|6939|2852|212876
2734|3257|174|3130|47065|61574
2027|47160|174|8551|20473|47065|61574
6424|174|8551|20473|47065|61574
28917|6939|28370|269016
58308|6939|6424|207990
28917|6939|1299|23520|273221
12779|174|22381|267470|263047
50629|1299|4637|20473|47065|61574
28917|6939|1299|8697|8376
12859|1299|20473|201423
37468|1299|8551|44709
13237|1299|3356|28370|267608
204092|6939|200303
28917|6939|1299|13293|12346
28917|6939|1299|23520|264821|274290
55720|3491|174|20723|2852|202874
47160|6939|28370|28657
44324|32595|174|11990|17217
41327|7311|835|394273
5511|1299|20473|399970
44324|32595|174|55003
1836|1299|6855|39904
58057|50673|174|10490|2722|12148|47065|61574
6696|1299|174|210|47065|61574
50673|174|60068|216213|205884
28917|6939|1299|59437
58308|35598|52091|206810|210063
204092|6939|2852|212876
49028|1273|6204|44592|49581|209693
58308|6939|1299|3301|50273
58308|6939|7018|36610
4601|6939|28917|28775
40994|57463|41327|204947
196621|58115|21263|33814
263152|174|20473|47065|61574
394256|174|52468|262393
57111|174|1299|34927|202532
13030|1299|6453|19318|201813
30781|1299|8551|44709
35600|35598|52091|206810|35273
12637|57463|22356|52468|271150
28917|6939|1299|43927
28917|6939|1299|60068|396319
48070|6939|58308
4601|6939|28917|39153
8283|6939|200303
7018|6939|30893|200690
559|6939|30893|199580
8298|25091|1299|3223|41327
42541|1299|20473|399970
328512|60171|174|52468|271150
9044|1299|20473|47065|61574
199938|1299|6762|16735|273514
58308|6939|1299|262206|262197|3573
39351|1299|3356|28370|28657
1280|1299|8551|20473|47065|61574
31510|33891|216067|44244
8220|3491|174|3130|47065|61574
136557|174|11432|271150
29222|6939|8194|206362
28917|6939|1299|23520|263703|269946
8660|1267|33891|216067|44244
24516|174|6453|29208
199524|174|1916|47065|61574
49788|1299|3356|28370|263060
559|4601|4492
44324|32595|174|265612
22652|33891|60068|211571
398465|174|60068|197103|212080
62167|174|140227|44324|205369
3491|174|60068|205884
58308|6939|6830|23520|265561
139317|44324|32595|174|36667
48362|1299|174|1916|47065|61574
16347|1299|37468|270551|263047
210312|4601|50869|41051|201911
29691|1299|60068|197103|212080
40994|6939|28917|39238|51408
553|6939|58308
36994|1273|1299|20473|47065|61574
12586|3257|174|140227|44324|205369
35369|1764|174|3130|47065|61574
37721|174|52468|271150
55222|174|3356|28370|268521
58308|6939|1299|14080|10620
35600|6939|28917|39153
34927|1299|6204|44592|49581|209693
50304|1299|37468|53062|266493|61625
139317|44324|32595|174|57933
139317|44324|32595|174|53667|213891
3170|57463|7713|1299|56308
151326|174|3257|21034
34019|21351|60132
28917|6939|1299|43893|209454
139317|44324|32595|174|54413
41327|201376|199881
28917|6939|1299|29066
136557|174|3356|1680|44709
51519|39351|174|12956|212721
8359|1299|6855|39904
24961|6830|60068|216213|205884
39122|1299|3257|19318|209896
139317|44324|32595|174|54994
210937|1299|37468|60068|216213|205884
57777|8298|25091|6453|174|3130|47065|61574
139317|44324|32595|174|399646|55223
3356|1299|201814|209896
28917|6939|1299|20473|395522
6424|28343|2716
328840|327727|174|52468|262393
6939|1299|174|399697|39967|399697
49605|6762|174|399697|39967|399697
132825|174|3356|16735|273514
4775|1273|174|56630|209944
25152|2497|174|60068|216213|205884
34019|264409|61832|266460|61625
8455|1299|12956|212721
28917|6939|1299|20473|153185|153333
34854|1299|10490|2722|12148|47065|61574
34019|6939|59970
55222|174|6453|4755|7768
58308|6939|28917|12668|51883
15576|174|60068|216213|205884
196621|6939|28370|268198
51873|9002|1299|201814|209896
29222|6939|28917|47759
39122|174|5538|8194|29345
8455|1299|20473|399970
12859|6939|29222|41495
58308|6939|9136|206236|208183
198385|29075|12859|47065|61574
58308|6939|6424|208277
58057|50673|174|32787|202161
44324|32595|174|44222|209847
28917|6939|47787|203020|208414
44324|32595|174|397026
8426|3257|1299|20473|399970
28917|6939|1299|36086
24785|6830|3356|16735|273514
42473|1299|174|3130|47065|61574
40994|57463|41327|205051
5405|6939|28370|269016
49028|31564|174|35665|200906
4601|50869|60900
45352|174|3356|28370|268521
327727|174|6453|19318|201813
32590|1299|21351|60132
61049|2914|1299|198949|35676
3130|174|3356|16735|273514
44324|32595|174|398636
20932|21320|5408|47065|61574
34854|1299|6453|19318|209896
215596|174|56630|209944
58308|6939|7018|401671
207841|6939|30893|13214|35634
58057|50673|174|37468|270551|263047
5405|35598|52091|206810|196638
31742|1299|3356|28370|268521
12956|2914|12859|47065|61574
6461|1299|35598|52091|206810
62167|174|60068|211571
5405|14840|2716
199524|1299|6855|50698
2518|1299|6855|39904
44393|394256|174|1916|47065|61574
58308|6939|25400|25225
12779|62255|25308|28917|9049|51017
25091|12859|47065|61574
6696|1299|174|3130|47065|61574
6424|6939|30893|13214
577|1299|60068|216213|205884
210937|1299|8551|20473|47065|61574
20253|1299|174|210|47065|61574
199524|1299|29695|206557
34177|174|37468|270551|263047
1140|24785|1299|60068|197103|212080
51184|1764|174|216211|211575
139317|44324|32595|174|198507
58308|6939|47160|213095
6453|1299|60068|216213|205884
28917|6939|1299|262206|27742
16552|1299|174|22381|267470|263047|264389
29222|6939|50629|59645
44324|32595|174|54706
58308|6939|6830|23520|52468|269934|274125
28917|6939|1299|23520|11556
58308|6939|1299|54994
41327|50263|201814|209896
209650|34927|1299|6855|39904
8283|1031|266493|61625
41666|14840|269288
28917|6939|1299|11506
1267|1299|5511|60068|206406|210557
28917|6939|63290
6453|1299|33891|216067|44244
210312|4601|50869|207907
24961|1299|8551|44709
42473|1299|3491|20473|47065|61574
1299|917|214598
44324|32595|174|11172|272318
2734|47787|6424|207990
513|29222|6939|12735|14789
35600|13335|5408
28917|8359|57304|35168|197556|206026
263237|174|140227|44324|205369
42541|1299|6762|49666|58224|214805
8283|6939|2852|201648
137409|174|210|47065|61574
29222|6939|62000|198053
15935|174|37468|270551|263047
50629|6939|54429
206499|34549|1299|198949|35676
16347|1299|22773|8119
58308|6939|1299|54082|263725|269973
6423|20055|174|34927|202827
6830|3356|25091|8298|4601|4492
210312|4601|8298|25091|2603|21320|5408|47065|61574
60068|5511|1299|20473|47065|61574
28917|6939|1299|3301|34576
24516|174|3356|16735|273514
35600|6939|28370
50304|1299|1680|20473|47065|61574
12779|6939|2852|197277
4601|50869|211024
3491|174|32595|44324
210312|4601|50869|6939|15372|203592
44324|22356|52468|271150
58308|6939|29222|41495|206202
148968|7474|3257|174|21320|5408|47065|61574
28917|6939|30893|13214|35634
1031|999|6453|1299|198949|35676
35600|6939|2852|200874
4601|6939|28917|39238|51408
207841|6939|24796
136557|174|6762|49666|58224|214805
59689|30781|1299|198949|35676
210937|1299|21351|60132
917|60068|174|140227|44324|205369
35600|30781|1299|10490|2722|12148|47065|61574
58308|6939|28917|48084|59833
3741|174|20723|2852|202874
20764|174|20473|47065|61574
206499|34549|174|399697|39967|399697
6082|174|210329|215728
58308|6939|5405|12337
28917|6939|1299|6855|12767
28917|6939|1299|6855|214396
12307|29691|1299|3257|20473|47065|61574
1764|174|210329|215728
1299|35598|25308|28917|204076
28917|6939|1299|8151|19373|22894
48070|1299|8551|20473|47065|61574
28917|6939|1299|23520|27665
20253|1299|3257|60068|206406|210557
58308|6939|29670|57024
28634|4230|1299|29695|206557
6696|5511|174|11432|271150|272738
17350|6453|174|210|47065|61574
6453|1299|29695|206557|205190
28917|6939|1299|14754|263812
139317|44324|32595|174|12337
28917|6939|1299|6855|29148
44324|32595|174|11172
31510|174|5511|49666|58224|214805
271253|174|34927|202827
44324|32595|174|52580
40994|57463|41327|211661
29632|9002|3356|174|3130|47065|61574
139317|44324|32595|174|7497
40387|1299|174|204548|215728
398465|1299|6855|39904|202605
6424|33891|60068|211571
31742|1299|10490|2722|12148|47065|61574
24482|2603|21320|5408|47065|61574
28917|6939|40994|203997
12779|6939|30893|13214|35634
56987|174|204548|215728
35598|174|3257|60068|206406|210557
34927|1299|8551|20473|47065|61574
136557|174|20723|2852|202874
28917|6939|1299|32787
8283|20764|52091|206810
44324|32595|174|57974|198963
58308|6939|1299|52025|54681
40387|1299|6453|19318|201813
47147|3320|3491|5408|47065|61574
4764|174|14840|269288
35008|1299|21351|60132
44324|32595|174|30317
13786|174|1299|6855|50698
58511|3491|174|37468|61568|266460|61625
4601|50869|6939|30893|13214
29680|174|22381|267470|263047|264389
58308|6939|1299|270179
28917|6939|1299
210312|4601|8298|25091|1299|60068|216213|205884
47147|1299|12859|47065|61574
266213|3356|6830|60068|216213|205884
28917|8551|44709
34549|1299|3223|34224|12735
28917|6939|1299|8151|270205
199524|1299|29695|206557|204503
2497|1299|1680|20473|47065|61574
29222|6939|29208|205400
62167|33891|216067|44244
24961|1299|174|37468|61568|266460|61625
513|29222|6939|263047
204092|34019|3920|206777
49544|1299|3257|20473|47065|61574
139317|44324|32595|174|14960|19551
34927|52025|174|399697|39967|399697
58308|6939|1299|20940|36183
36924|1299|20473|47065|61574
28917|6939|1299|23520|52228|263785
23367|1299|174|37468|61568|266460|61625
58308|6939|6830|23520|28088
6830|3356|56630|209944
12779|35598|52091|206810|214210
35369|1764|174|204548|215728
58308|6939|3170|399275
58308|6939|1299|202276
34177|1299|6762|16735|2716
7018|6939|28370|28657
202365|50673|174|210329|215728
8220|1299|3356|28370|28657
136557|174|21320|5408|47065|61574
28917|6939|7018|62907
42541|7195|11432|271150
1299|3257|210329|215728
6461|174|20473|47065|61574
37468|33891|60068|211571
23367|1299|22773|8119
559|6939|28370|267608
196621|58115|21263|216282
58308|6939|56595|43442
57111|41327|6461|6057|28283|268744|2716
28917|6939|1299|7632|9905
47147|6830|60068|211571
50629|33891|44592|49581|209693
4601|50869|34019|204092
327960|174|3356|16735|2716
58308|6939|6830|23520|11556
31742|1299|20473|399970
51184|1764|1299|20473|47065|61574
44324|32595|174|400529
139317|44324|32595|174|399646
210312|4601|6939|28917|21453|35271
202032|58115|21263|33814
58308|6939|29222
196621|58115|21263|206970
28917|20764|52091|206810|39089
1267|1299|12956|212721
139317|44324|32595|174|397423
24961|3320|1299|60068|197103|212080
1299|6762|16735|273514
28917|6939|1299|23520|46650|399273
328964|37468|2914|174|32595|44324
44324|32595|174|394110
57111|174|1299|12859|47065|61574
50673|174|3257|22773|8119
40994|6939|28917|198297
559|6939|215172|214955
7922|1299|198949|35676
34927|1299|3356|28370|267556
64475|37468|60068|216213|205884
1273|174|11432|271150
42473|1299|56630|209944
48070|6939|28917|9110
47147|1299|3356|28370|267608
28917|6939|2852|204772
48362|1299|56504|47674
139317|44324|32595|174|202075
210937|1299|37468|53062|266493|61625
39801|5511|174|37468|61568|266460|61625
3356|1299|6855|39904|199604
7018|1299|8551|44709
47147|1299|3216|51032|41344|39707
20205|1299|60068|216213|205884
58308|6939|29208|48926
6894|174|60068|205884
58057|174|6453|4755|7768
34854|1299|174|21320|5408|50148
1764|174|11432|271150|272738
20205|1299|3223|41327|51580
37497|3491|174|3130|47065|61574
64475|6939|50989|33837
64475|62255|52091|206810|24881|24697
139317|44324|32595|174|270068
48070|1299|3356|28370|267608
5405|61568|266460|61625
47147|1299|3257|19318|209896
7018|174|60068|216213|205884
12956|1299|20473|47065|61574
196621|6939|25192
35008|1299|174|37468|61568|266460|61625
28917|6939|1299|198949|12625|15814
6696|1299|34927|202532
58308|6939|6830|23520|272935
35280|2914|12859|47065|61574
196621|58115|21263|202526
12969|1299|6855|39904|47767
58308|6939|12637|60087
28917|6939|1299|20473|63910
58308|6939|1299|13767|13951
58308|6939|559
6730|6830|3356|29695|206557|204503
34800|58057|50673|174|1299|198949|35676
58308|6939|33891|211690
136557|174|14840|269288
40994|6939|30893
28917|6939|32097|33387
398465|1299|3356|28370|267608
202365|50673|174|3130|47065|61574
559|6939|25192|20701
44324|32595|174|48519
51185|6762|1299|6855|39904|199604
40994|3257|33891|216067|44244
264479|6762|1299|29695|206557
50300|174|201814|209896
139317|44324|32595|174|41564
24961|1299|6855|39904|199604
3170|2914|12859|47065|61574
35600|31564|174|35665|200906
136557|174|1916|47065|61574
28917|6939|1299|270126
2914|174|201814|209896
47160|6939|33924
64475|6939|2852|213152
6424|264409|61832|266460|61625
28917|6939|1299|207415
1280|1299|22773|8119
28917|6939|1299|20473|214871
49028|35280|6453|174|11432|271150|272738
29222|6939|50533
29222|6939|263047|267425
7018|6939|28370|263535
28917|6939|1299|20473|197626
35426|215596|174|52468|262393
20612|8758|3303|21320|5408|47065|61574
328206|37739|3491|1299|20473|47065|61574
136557|174|3257|21034
210312|4601|50869|215828|214079
40994|21320|5408|50148
17639|174|210329|215728
29075|174|204548|215728
7018|32787|202161
32590|137409|3356|1299|20473|47065|61574
24516|174|14840|269288
4601|6939|28917|8926|41221|207164
215596|1299|6453|4755|7768
58057|174|52468|262393
33891|20473|47065|61574
28917|6939|1299|393417
29691|13030|21320|5408|47065|61574
3130|174|3356|28370
50629|1299|8551|44709
40994|9002|12555|48430
47692|3356|174|20473|47065|61574
513|29222|6939|207767
5413|1299|3920|206777
4601|50869|56381|208814
50877|5405|6939|28370|264426
174|6453|4755|20473|47065|61574
207841|6939|28917|43886
6730|6830|1299|8551|44709
513|29222|6939|268047
28917|6939|1299|20473|47065
58308|6939|30893|205563
44324|32595|174|214206|18636
29222|6939|12735|205893
58308|6939|5405|57575
29504|39392|33891|7195|20473|47065|61574
45049|6696|1299|8943|200636
58308|6939|1299|27947|264836|265762
12637|6939|200303
28917|6939|1299|29169|209453
6423|20055|1299|6855|39904|202605
58308|6939|1299|210892
38880|174|204548|215728
39120|174|12956|212721
139317|44324|32595|174|53667|14956
42541|20764|43298|48678|213865
59689|29075|174|52468|262393
58308|6939|25400|31264
6830|1299|42303|51701|30893
58308|9002|8772|215536
204092|6939|28917|6789
6830|5511|60068|216213|205884
47957|3356|1299|10490|2722|12148|47065|61574
28917|6939|39791|57728
327960|174|6453|4755|7768
23764|1299|12859|47065|61574
29075|174|21700|399914
20514|1299|3223|41327|51580
50629|57463|14840|2716
139317|44324|32595|174|397301
3491|174|3130|47065|61574
917|60068|1299|3920|206777
52025|32097|25091|8298|4601|4492
7713|174|204548|215728
58308|6939|6830|23520|27717|269846
28917|6939|1299|7545
52873|12956|6830|60068|216213|205884
44324|32595|174|18678|273114
39351|174|216211|211575
28917|6939|1299|20473|63313
5405|32787|202161
57695|917|60068|1299|12859|47065|61574
50629|20764|52091
41666|20764|52091|206810|12773|52213
4601|50869|58299|41051|49867
25152|2497|1299|20473|47065|61574
29222|6939|9136|206236|208183
16552|1299|3356|16735|273514
4601|50869|58299|206478
3320|33891|216067|44244
6830|6939|28370
25220|33891|266493|61625
139317|44324|32595|174|28999
12859|1299|8943|200636
8280|6762|174|201814|209896
12307|29691|1299|60068|216213|205884
58308|6939|1299|198218
3170|35598|25308|28917|9049|51017
58057|34549|1299|6855|39904|202605
6461|1299|8551|20473|47065|61574
59414|6830|174|399697|39967|399697
196621|6939|2852|197277
40994|57463|41327|201847
204092|6939|30893|13214|35634
210312|4601|50869|215561
58308|6939|1299|1759|51164|210167
29222|6939|56595|215742
19151|174|20723|2852|202874
6830|174|28189|266931|269250|271150
136557|174|21320|5408|50148
58057|174|210|47065|61574
139317|44324|32595|174|19382
58308|6939|1299|4538
2518|2914|12859|47065|61574
50304|1299|3356|1680|44709
41327|37468|60068|216213|205884
3170|6939|28370
13830|971|174|3257|21034
199938|1299|3356|16735|273514
553|62255|52091|206810
4601|50869|58299|35206
17350|6453|1299|29695|206557|205190
9044|174|20473|47065|61574
1299|60068|211571
57821|12586|3257|1299|198949|35676
55720|2914|1299|6939|24796|63293
58308|6939|196610
3356|1299|6855|39904|202605
45049|6696|1299|6855|39904|202605
28917|6939|1299|12252|136907
44324|32595|174|32505|54785
28917|6939|1299|20473|207748
15605|6939|50989|205966
24785|6830|3356|28370|263535
35008|1299|174|399697|39967|399697
6453|1299|6855|39904|202605
35600|35598|52091|206810|34786|34789|34786
28917|6939|1299|6206|15020
15605|57463|14840|269288
64475|6939|50989|50683
35600|50263|21263|24766
12779|6939|24796|63293
41666|20764|52091|206810|211692|214268
57695|917|60068|174|140227|44324|205369
58299|7195|28189|266931|271615|273522|271150
20253|1299|3356|28370|263535|268030
35600|6939|215172|214955
210312|4601|50869|58299|28859
44324|32595|174|14148
1273|1299|34927|202532
32595|174|210|47065|61574
29222|6939|199081|209847|26383
210312|4601|50869|6939|2852|213152
28917|7195|20473|47065|61574
52925|3356|1299|198949|35676
6830|3257|60068|206406|210557
29504|15935|174|3257|19318|201813
210937|1299|7545|20473|47065|61574
59414|6830|3257|19318|201813
6424|6939|28917|48084|199961
917|3214|1299|6762|267470|263047
44324|7720|10111|1299|12859|47065|61574
58299|7195|28260|270548|52794|52659
263237|174|30844|21351|60132
58308|6939|35133|57706
28917|6939|41720|213709
58308|35598|52091|206810|12773
20253|1299|8551|20473|47065|61574
58308|6939|29670|49933
328964|23764|1299|60068|211571
28917|6939|58308
3356|7720|44324|215172|214955
6424|37468|60068|216213|205884
40994|6939|215172|214955
28917|6939|42695|43101
52320|12956|1299|20473|399970
28917|6939|2852|213152
34549|1299|3920|206777
212483|12859|47065|61574
139317|44324|32595|174|399893
58308|6939|1299|271938
28917|6939|1299|9009|44239
58057|174|5459|200070
49788|1299|6453|29208
198249|8551|44709
15605|35598|52091|206810|202497
64475|62255|52091|206810|214210
6424|6762|1299|20473|47065|61574
28917|6939|200462
328206|37739|3491|174|8551|20473|47065|61574
45049|6696|1299|6762|16735|273514
198385|174|3130|47065|61574
917|60068|174|5538|8194|29345
140627|1299|3356|28370|263535|268030
37271|174|5538|8194|29345
29222|6939|29208|199350
57777|8298|8283|3320|6855|39904|202605
58308|6939|6830|23520|272935|272908
22355|5511|174|8551|20473|47065|61574
28917|6939|1299|52468|273177
44324|32595|174|397650
216285|8280|174|1299|8551|44709
209650|34927|1299|20473|201423
7018|6939|28370|264426
139317|44324|32595|174|54270
44324|32595|174|26057
139317|44324|32595|174|199335
28917|6939|1299|34164
139317|44324|32595|174|214206
51185|6762|1299|6855|39904
57381|50304|1299|3356|28370|267556
8758|9002|1299|198949|35676
57381|50304|1299|17676|216211|44324|205369
57381|50304|1299|3356|28370|268198
59414|6830|5511|49666|58224|214805
28917|6939|1299|394353
58308|6939|1299|263821
59414|6830|3356|8119
28917|6939|1299|37662|329629|30844
12779|31133|12389|28917|8905|42132|56779
49432|48362|1299|5511|60068|206406|210557
58308|6939|1299|265540
6894|174|1299|20473|47065|61574
50673|174|11432|271150|272738
58299|7195|11432|271150
28917|6939|1299|3301|201087
199524|6762|174|140227|44324|205369
20253|1299|20473|47065|61574
28917|6939|7018|1751
58308|6939|7018|20057
28917|6939|1299|3249|31605
29222|6939|12735|8517
35280|6453|174|11432|271150
29222|6939|56595|43442
36924|1299|3356|28370|268198
35008|1299|37468|52468|271150
40994|57463|14840|269288
29222|6939|61618|267216
36924|1299|59692|12555
2500|2914|1299|6855|39904
15547|174|1299|20473|399970
58308|6939|1299|395035
61218|29632|9002|1299|3920|206777
327983|37497|3491|174|8551|20473|47065|61574
553|6939|28370|267608
14907|1299|174|37468|61568|266460|61625
23367|1299|6855|50698
48919|174|138997|216211|44324|205369
47147|1299|8551|44709
28917|6939|1299|136897
49432|48362|1299|3491|20473|47065|61574
50629|20764|52091|206810|35273
44324|32595|18423|137409|6461|1299|25091|8298|4601
20080|2914|1299|6855|50698
23367|1299|3223|34224|12735
34927|1299|12859|47065|61574
58308|6939|50629|207252|205563
6423|20055|174|21320|5408|50148
6424|6939|28917|50923
4637|1299|201814|209896
23367|1299|174|14840|269288
2734|63270|174|3356|36207
58308|6939|5405|29014
13237|1299|3356|16735|273514
51184|1764|174|20473|47065|61574
49028|1299|56504|47674
58299|22356|52468|271150
48070|6939|28370|270962
5405|6939|59689
209823|3356|174|216211|211575
50877|5405|6939|24796
2027|47160|6939|24796
44324|32595|174|401847
205206|1299|174|60068|216213|205884
28917|6939|1299|270122
28917|6939|1299|12709
58308|6939|1299|23520|262191
327727|174|60068|211571
16552|1299|3356|28370|263963
58308|6939|50629|207252|215147|210796
58308|6939|6830|59776
38136|50131|36236|174|37468|61568|266460|61625
28917|6939|1299|39290
58308|6939|1299|200478
6894|174|17378|8119
199524|1299|6855|39904|202605
29222|6939|50629|35675
58308|6939|5405|207137
47147|1299|6939|215172|214955
24516|174|30844|21351|60132
14537|174|3130|47065|61574
58057|1836|1299|6855|39904|47767
58308|6939|28370|263060
6424|1299|201814|209896
12637|34927|202827
140627|1299|6855|39904
28917|6939|15935|198143
28917|6939|1299|205467
132825|2914|1299|6855|39904|202605
58308|6939|6830|23520|27694
398465|174|20473|47065|61574
16347|1299|6453|1031|61568|266460|61625
28917|6939|30893|9423
174|1299|198949|35676
3320|1299|37468|53062|266493|61625
23367|1299|10490|2722|12148|47065|61574
4601|50869|41051|201732
3170|174|216211|211575
58308|6939|1299|23033|401988
139317|44324|32595|174|26269
58308|6939|1299|36352|399502
23367|1299|21351|60132
48185|1299|6453|4755|7768
210312|4601|50869|41051|207076
47147|1299|6939|28370|263060
23367|1299|3216|51032|41344|39707
19151|174|6762|1680|44709
64475|12859|47065|61574
140627|1299|6453|29208
6424|6939|2852|202874
35426|215596|1299|3356|28370|263535|268030
139317|44324|32595|174|30103
2497|1299|6855|39904|199604
25160|6424|44592|49581|209693
51519|39351|1299|3223|41327
25220|1299|8551|44709
553|7195|28189|266931|269250|271150
28917|6939|268944
58308|6939|7018|401623
16552|1299|3356|28370|263060
44324|32595|174|399646|205563
60068|1299|25091|8298|4601|4492
6830|3356|16735|273514
199938|1299|174|20473|47065|61574
2497|1299|12859|47065|61574
140627|1299|20473|399970
44324|32595|174|16921
139317|44324|32595|174|984|55201
29222|6939|42184|49552
49544|1299|10490|2722|12148|47065|61574
6720|1764|174|10490|2722|12148|47065|61574
44324|32595|174|53667|202256
7474|3257|1299|20473|47065|61574
49544|1299|6461|394737
5405|62255|52091|206810|196767
140627|1299|8551|44709
198249|13030|1299|60068|216213|205884
17350|2914|6424|44592|49581|209693
48070|6939|28917|39134|39561|197695
58308|6939|1299|18678
6424|37517|1299|174|37649
49788|1299|56630|209944
63927|1299|60068|211571
207841|32787|202161
16347|1299|8551|44709
58308|6939|33891|202245
2500|2914|174|5538|8194|29345
48070|6939|2852|213152
23367|1299|7195|28260|270548|52794|52659
199938|1299|3356|28370|263060
48362|1299|60068|211571
35280|3356|174|399697|39967|399697
58511|1299|198949|35676
139317|44324|32595|174|201902
28917|6939|7018|29298
8283|6939|2852|61110
44324|32595|174|6400
55720|3491|174|37468|61568|266460|61625
28917|6939|1299|6424|203020
199524|1299|12956|212721
41327|37468|270551|263047
7713|1299|174|37468|61568|266460|61625
513|174|52468|262393
52025|174|399697|39967|399697
15935|174|6453|29208
4601|52320|7162|13878|52468|271150
6461|1299|20473|201423
139317|44324|32595|174|200584
28917|6939|196610
58308|6939|6830|23520|263703
44324|32595|174|396949
327804|37271|33891|60068|211571
58308|6939|205614
39122|1299|37468|270551|263047
49605|6762|1299|8551|44709
19151|174|1299|8551|44709
4601|50869|52025|209552
51185|6762|1299|8551|44709
210312|4601|50869|41051|25538
20912|12637|174|21320|5408|47065|61574
17350|3356|1299|20473|47065|61574
44324|32595|174|33811
6762|174|11432|271150
12307|29691|1299|174|210329|215728
58308|6939|7018|2386
2497|174|11432|271150|272738
20932|8283|47065|61574
59891|13030|33891|216067|44244
28917|6939|1299|23520|263703|269820
58308|6939|6830|23520|265540
8283|6939|2852|202874
513|174|2914|226|47065|61574
58308|6939|40994|203997
559|6939|28370|268521
31510|174|22381|267470|263047
14907|3356|21320|5408|47065|61574
55222|174|13786|28343|2716
44324|32595|174|397168
34019|47160|174|20473|47065|61574
37721|1299|8551|44709
12859|44592|49581|209693
28917|6939|1299|60068|216213|216349
22652|174|3130|47065|61574
139317|44324|32595|174|401486|214183|40662
44324|32595|174|200315|57568
4764|1299|62081|198408
15605|8772|396416
28917|6939|268944|271441
44324|32595|174|5719
58308|6939|6830|60068|62651
31742|1299|6461|394737
34927|1299|3491|216211|211575
6830|6939|28917|43714
60068|33891|8298|4601|4492
3549|3356|1299|6855|39904
210312|4601|8298|25091|6453|174|3130|47065|61574
58308|6939|47787|203020|208414
20932|1299|3223|34224|12735
49028|1299|17676|216211|44324|205369
29691|1299|20473|201423
58308|6939|1299|39855
28917|6939|1299|35777
14907|1299|35598|52091|206810
210312|4601|6939|28917|48084|59833
210312|4601|50869|41051|200306
45352|1299|60068|211571
1221|4637|3356|21320|5408|47065|61574
6424|174|34927|202827
139317|44324|32595|174|36236
44324|32595|174|53667|214660
1299|6939|54429
5405|3216|51032|41344|39707
12779|35598|52091|206810|34786
34019|6939|2852|201648
31742|1299|3356|16735|273514
28917|20764|52091|206810|24881
207841|7195|28189|266931|269250|271150
7594|174|60068|205884
31742|1299|6855|39904|47767
12956|1299|29695|206557|204503
3170|6939|2852|204772
28917|6939|1299|23520|262931
132847|7474|7473|1299|34927|202532
4601|50869|52025|201676
2497|1299|34927|202532
140627|1299|6855|39904|199604
6830|6939|215172|214955
40994|57463|41327|16004
13030|1299|3356|1680|44709
28917|6939|1299|20473|212996
11845|30844|174|399697|39967|399697
58308|6939|1299|208905|47962
8220|1299|3491|20473|47065|61574
196621|6939|207995
58308|6939|1299|43766
28917|6939|1299|398104
5413|1299|6453|4755|7768
151326|174|3356|16735|2716
34927|56655|1299|198949|35676
3130|174|210|47065|61574
209650|34927|1299|3356|28370|263535
50673|174|10490|2722|12148|47065|61574
6082|174|22381|267470|263047|264389
48070|6939|28370|268198
6424|6939|28917|198297|51081
42473|1299|3356|16735|273514
41666|20764|52091|206810|196638|42702
34019|13335|5408
49788|1299|6762|16735|273514
8280|6762|174|20473|47065|61574
28917|6939|1299|20473|153057
17350|3356|174|60068|216213|205884
58308|35598|52091|206810|196767
20514|1299|34927|202827
1828|1299|60068|216213|205884
210312|4601|6939|28917|201119
35600|35598|52091|206810|214721|204108
35369|5405|6939|28370|267608
1828|6461|174|5538|8194|29345
19151|174|14840|2716
58308|6939|35133
16552|1299|16276|203019
12637|1299|6855|39904|47767
32590|1299|22773|8119
49432|48362|1299|3356|28370|268521
207841|61049|174|20473|47065|61574
28917|6939|1299|8551|11414
49028|1299|174|216211|211575
44324|32595|174|22359
206499|34549|174|22381|267470|263047|264389
58308|6939|7018|6431
50673|174|399697|39967|399697
28917|6939|1299|1280
29222|6939|25400|21293
28917|8359|57304|208437
42541|62255|52091|206810|59815
41327|7195|28189|266931|271615|273522|271150
44324|32595|174|56898
151326|174|28283|268744|2716
28917|6939|56595|209082
32590|1299|3223|34224|12735
29222|6939|8194|201547
32590|4637|3257|5405|8943|200636
64475|62255|52091|206810|34786
3130|174|1299|3920|206777
58308|6939|6830|33915|58083
28917|6939|1299|23520|267823|270003
28917|6939|62000|208226|202986
263237|174|6762|49666|58224|214805
28917|6939|1299|20473|400817
44324|32595|174|21826|273843
41722|20485|1299|20473|399970
28917|6939|1299|31898|41457
52075|2914|1299|3920|206777
6453|174|140227|44324|205369
553|1299|6453|29208
28917|6939|1299|20473|63538
40994|6939|28370|269016
209650|34927|174|3356|28370|28657
57866|1299|20473|201423
35369|5405|9498|20473|47065|61574
58308|6939|12735|14789
559|35598|52091|206810|213694
39351|1299|37468|270551|263047
55222|174|28189|266931|269250|271150
328840|327727|174|3356|3223|41327|51580
37239|22355|30844|21320|5408|47065|61574
205206|1299|6855|39904|202605
559|1828|12179|393398|3356|1299|23033|50131
7018|1299|25091|8298|4601|4492
6762|1299|29695|206557|205190
48070|212175|174|212175
29222|6939|15962|50881
28917|6939|3170|210495
28917|6939|41720|212467
42473|1299|35598|25308|28917|204076
45352|174|3257|21034
17660|2914|174|11432|271150
58308|6939|6830|23520
44324|32595|174|53366
58308|6939|3170|203363|212085
13030|1299|8551|44709
44324|32595|174|17056
6830|3356|20473|47065|61574
52320|1299|17676|216211|44324|205369
34019|6939|16652
6453|174|60068|216213|205884
59890|60068|33891|3920|206777
39122|1299|3356|28370|263060
28917|6939|1299|60068|197103|207877
6082|2914|1299|8551|44709
28917|6939|1299|52423|274239
28917|6939|1299|20473|137256
35600|35598|25308|28917|9049|51017
5511|2914|12859|47065|61574
132825|174|34927|202827
202365|50673|174|2914|226|47065|61574
29504|15935|6830|34927|202827
49432|48362|1299|198949|35676
28917|6939|7018|398837
41327|6939|50989|205966
3130|174|7545|20473|47065|61574
58057|50673|174|210329|215728
9268|4764|1299|60068|211571
57821|12586|3257|1299|12859|47065|61574
137409|174|210329|215728
23367|1299|3356|8772|215536
174|7195|20473|47065|61574
40387|1299|29695|206557
28917|6939|1299|23520|265539
6424|8772|396416
553|9002|34927|202827
4601|50869|41051|207529
6830|6939|196610
199524|1299|6204|44592|49581|209693
33891|17676|216211|44324|205369
50628|1299|20473|47065|61574
44324|32595|174|394814
12859|1299|6855|39904|202605
28917|6939|1299|23520|11081
7018|6939|215172|214955
58308|6939|1299|200217
1273|33891|216067|44244
199524|174|10490|2722|12148|47065|61574
44324|32595|174|35986
20253|1299|3223|41327
14315|174|399697|39967|399697
28917|6939|39791|49101|49244
35369|1764|174|140227|44324|205369
20485|1299|8551|44709
4826|9002|21320|5408|47065|61574
58308|6939|202297|200299
6830|6939|42695|43101
58308|6939|6830|23520|263703|269901
28917|6939|1299|52468|3790|273147
63927|1299|6855|39904
60068|1299|21351|60132
58308|6939|215782
28917|6939|1299|20473|206699
34854|14840|269288
12859|1299|174|140227|44324|205369
24516|174|14840|2716
29222|6939|62000|198831|210699
28917|6939|1299|394611
553|6939|33924
3356|174|60068|205884
21232|13030|33891|216067|44244
19151|174|7311|835|394273
198385|174|210329|215728
58308|6939|1299|3223|58744
22652|1299|3356|28370|264426
553|9002|197589|174|6762|3269|198013
4455|33891|216067|44244
17639|1299|60068|216213|205884
58308|6939|1299|213291
19653|30600|174|204548|215728
207841|61049|2914|1299|20473|47065|61574
58057|174|5538|8194|29345
394256|174|28189|266931|271615|273522|271150
44324|32595|174|63293
210312|4601|50869|58299|209898|211894
28917|6939|7018|3573
28917|6939|1299|23520|262178
41666|14840|2716
210312|4601|8298|25091|1299|198949|35676
140627|2914|12859|47065|61574
25220|1299|198949|35676
39122|1299|60068|216213|205884
9002|21320|5408|47065|61574
28917|6939|1299|9299|10139
58308|6939|1299|3301|212632
210312|4601|50869|41051|212834
58308|6939|1299|17072
553|62255|52091|206810|197643
29691|1299|174|3130|47065|61574
64475|6939|33924
21232|15576|35598|52091|48158
19653|30600|1299|198949|35676
1836|1299|20473|399970
1280|2914|174|37468|61568|266460|61625
6453|1299|29695|206557|204503
7018|3356|28370|268521
47957|3356|1299|20473|399970
151326|174|14840|2716
28917|6939|6830|23520|64126|265721|271942|273121
34927|56655|1299|37468|53062|266493|61625
917|60068|174|3356|8772|215536
8283|6939|30893|199580
4601|50869|6939|28370|267608
39351|1299|6855|39904|205968
174|6762|1680|44709
16552|1299|60068|211571
20205|174|37468|61568|266460|61625
51184|1764|174|140227|44324|205369
28917|6939|1299|210909
58308|6939|6830|23520|264821|274290
37721|33891|216067|44244
50629|6939|54429|401894
513|174|216211|211575
32097|20473|399970
28917|6939|28370|267556
139317|44324|32595|174|206262
28917|6939|1299|46475|142036
25369|174|52468|262393
34177|174|20473|47065|61574
17639|174|201814|209896
1299|6762|16735|2716
51519|39351|174|3130|47065|61574
58308|6939|1299|3249|35106
28917|6939|1299|37119|13335
28917|6939|1299|20473|44421
139317|44324|32595|174|263801
148968|1299|16276|203019
28917|6939|1299|16906
37497|3491|174|8551|20473|47065|61574
12637|8298|4601|4492
136557|174|35598|52091
28917|6939|1299|11492
139317|44324|32595|174|395359
48070|1299|37468|270551|263047
58308|6939|7018|6621|28613
42541|37271|20473|47065|61574
58057|34549|174|22381|267470|263047|264389
24961|1299|1680|20473|47065|61574
4601|50869|41051|215004
60011|3356|1299|8551|44709
7018|1299|3920|206777
2914|174|5538|8194|29345
58308|6939|1299|52468|273883
28917|6939|7018|7287
38136|50131|36236|2914|12859|47065|61574
42541|62255|52091|206810|12773|47809|50780
513|29222|6939|273556
198249|9002|8772|215536
58299|62255|52091|206810|214721
19151|174|14840|269288
28917|6939|7018|4473|13979|8076
1267|1299|174|399697|39967|399697
151326|174|3491|20473|399970
50877|5405|1299|8551|20473|47065|61574
12859|6939|54429|401894
3399|33891|60068|211571
15935|174|22381|267470|263047|264389
3170|6939|28917|21453|48149
28917|6939|1299|20473|40138
58308|6939|1299|209578
28917|6939|1299|52468|264841
34177|3356|1299|10490|2722|12148|47065|61574
1280|2914|174|399697|39967|399697
29222|6939|3170|213692
14315|6453|1299|6855|39904
44324|32595|174|62902
48070|1299|6855|50698
32590|12956|174|204548|215728
58308|6939|1299|207265
202032|58115|21263|216282
50877|5405|1299|20473|47065|61574
42541|29632|59682
174|210329|215728
64475|3320|1299|3920|206777
207841|6939|28917|12739
8220|1299|3356|28370|269016
917|60068|1299|6855|39904|202605
4601|50869|58299|49585
6453|1299|16276|203019
59103|2907|20965|5408|47065|61574
174|14840|2716
58308|6939|6830|23520|267708|274330
3214|52025|212895|210320
59890|174|204548|215728
6939|1299|201814|209896
50304|8455|8283|47065|61574
12637|6939|215172|214955
7500|2497|174|37468|61568|266460|61625
35600|6939|50989
852|2914|12859|47065|61574
16347|1299|6453|29208
204092|6939|28917|21453
39351|174|3356|8119
50628|1299|12859|47065|61574
139317|44324|32595|174|50144
28917|6939|7018|40289
40994|16276|203019
132847|1221|4637|3356|21320|5408|47065|61574
50304|1299|2914|226|47065|61574
202365|50673|174|11432|271150|272738
64475|20764|43298|48678|210574
58308|6939|1299|60068|206150
6730|6830|3356|28370|263535
6696|1299|174|60068|205884
398465|174|21700|399914
58308|6939|50629
917|60068|174|138997|216211|44324|205369
58308|6939|1299|134521
58057|174|210329|215728
4601|50869|6939|2852|200874
58308|6939|40994|216321
5511|174|210|47065|61574
204092|6939|28370
58299|21320|5408|50148
139317|44324|32595|174|44143
23367|1299|8551|20473|47065|61574
35600|35598|52091|206810|56766
28917|6939|1299|23520|267853
20932|1299|20473|399970
28917|6939|47787|203020
47147|1299|174|1916|47065|61574
58308|6939|1299|9141|211742
15605|6939|59970
4601|50869|41051|212888
917|60068|174|34927|202827
58308|6939|33891|204243
5405|6939|2852|201648
6830|3491|209810|207187|207198|206429
327983|37497|3491|1299|34927|202532
398465|1299|6453|4755|7768
58308|6939|15576
34019|3216|1299|8402
58308|6939|1299|393417
58308|6939|1299|49604
34927|1299|6855|39904|205968
58308|6939|28917|206011
29222|6939|2852|200874
34019|3303|174|3130|47065|61574
6830|174|204548|215728
13830|971|174|34927|202827
64475|6939|16652
12779|33891|60068|211571
50629|6461|6057|28283|268744|2716
4601|50869|205369
49028|1299|6939|30893|13214
6830|3491|216211|211575
20080|2914|174|37468|61568|266460|61625
49432|48362|1299|6453|19318|201813
57821|12586|3257|1299|3920|206777
12637|13335|400095
48362|1299|174|399697|39967|399697
58308|6939|1299|23033|399275
204092|6939|29222|513|20940
48070|6939|196610|48927
48070|25180|1299|198949|211049
56662|13030|12859|47065|61574
266213|3356|174|20723|2852|202874
7660|2516|174|3130|47065|61574
262427|174|3491|20473|399970
4601|50869|210632
199524|1299|3920|206777
58308|6939|1299|264788
57381|50304|1299|6453|4755|7768
917|60068|33891|56630|209944
139317|44324|32595|174|398343|400509
32653|3741|174|22381|267470|263047|264389
12859|14840|269288
42541|62255|62379
199524|1299|3356|28370|268521
12637|6939|30893|13214
5511|174|11432|271150|272738
35008|1299|7195|28189|266931|271615|273522|271150
12859|16276|203019
35280|6453|1299|34927|202532
210312|4601|50869|215172
58308|6939|6830|44239
28917|6939|208731
47147|1299|3920|206777
64475|3320|1299|198949|35676
58057|174|8551|20473|47065|61574
34927|56655|1299|174|1916|47065|61574
29222|6939|553|5501
5405|62255|52091|206810|56766
13786|174|3130|47065|61574
40994|57463|41327|31617
28917|6939|1299|20473|19285
32590|1299|56630|209944
398465|174|1916|47065|61574
50300|174|20723|2852|202874
56987|6762|174|37468|61568|266460|61625
204092|6939|28370|28657
28917|6939|40994
3130|174|3356|3223|34224|12735
35600|50263|21263|216282
58308|6939|1299|3249|207568
50629|13335|5408
20612|9044|174|60068|216213|205884
28917|6939|1299|20473|400586
34019|14840|269288
58308|6939|7018|16576
204092|1680|44709
29504|15935|174|37468|270551|263047
55222|174|52468|262393
29632|9002|1299|198949|35676
61568|174|201814|209896
47147|1299|6939|60432
58308|6939|1299|206364
62167|174|1299|20473|201423
28917|6939|1299|23520|270068
1273|174|216211|211575
60326|34927|174|1916|47065|61574
7018|1299|59692|12555
58299|62255|52091|206810|24881|24697
4826|15412|33891|216067|44244
12859|1299|37468|52468|271150
28917|201814|209896
553|1299|3356|28370|267608
29222|6939|39791|49101
20514|1299|60068|211571
58308|6939|1299|9141|39869
174|6453|60068|216213|205884
58308|6939|6830|23520|262191|274247
210937|1299|3223|41327|51580
58299|50263|201814|209896
40994|23764|35168|212999
19653|30600|1299|6855|39904|47767
37721|174|204548|215728
1299|174|204548|215728
8283|6939|25192|26710
553|6939|2852|201648
50877|5405|7195|20473|47065|61574
199524|174|8551|20473|47065|61574
29504|15935|174|22381|267470|263047|264389
174|1916|47065|61574
58308|6939|1299|54082|263725|264773
28917|6939|1299|20473|153185|136725
31510|174|3257|20473|47065|61574
12307|29691|1299|60068|197103|212080
34854|1299|174|210329|215728
35600|6939|28917|47438
28917|6939|1299|262210
50629|5511|174|20473|47065|61574
28917|6939|25400|25225
15605|35598|52091|206810|34786
139317|44324|32595|174|16509
553|62255|52091|206810|214210
58308|6939|35133|50917|209094
328512|37100|1299|6855|39904|47767
4601|50869|41051|204406
6762|174|8551|20473|47065|61574
8426|3257|174|22381|267470|263047|264389
30781|1299|198949|35676
12859|35598|52091
14907|1299|174|3130|47065|61574
174|32787|202161
47147|1299|33891|216067|44244
50629|20764|52091|206810|57164
1267|1299|174|210329|215728
28917|6939|1299|3301
29222|6939|3170|212806
1299|1680|20473|47065|61574
215596|174|20473|47065|61574
917|60068|174|6461|394737
3170|6461|394737
15562|2914|1299|6939|24796|63293
49544|2914|174|210329|215728
559|35598|52091|206810|211692|214268|196977
58308|35598|52091|206810|34786|34789|34786
56655|1299|37468|53062|266493|61625
44324|32595|174|62005
58308|6939|6830|23520|52468|274006
47147|1299|6939|200303
64475|62255|52091|206810|12773|47809|59478
37271|3257|1299|20473|47065|61574
35600|35598|52091|206810|39558
9002|1299|60068|216213|205884
58299|137409|48011|25184|49801|204533
34288|1299|3356|28370|268521
58308|6939|1299|207023
20932|1299|8551|20473|47065|61574
327983|37497|3491|1299|20473|47065|61574
28917|6939|1299|20473|54874|970|21957
4230|1299|21351|60132
37271|174|11432|271150|272738
29680|3257|1299|12859|47065|61574
6082|2914|1299|6939|24796|63293
52075|6762|174|20723|2852|202874
44324|32595|174|14960|19551
29222|6939|15935|197451|201931
6461|174|22381|267470|263047|264389
28917|6939|1299|7029
4601|50869|34019|200162
4601|50869|211008
52873|12956|174|3130|47065|61574
264479|6762|1299|6855|39904|47767
41327|33891|60068|211571
553|6939|54429|401894
48070|1299|5511|60068|206406|210557
1299|6939|28370|267556
48362|1299|3257|20473|47065|61574
34854|1299|174|22381|267470|263047|264389
64475|6939|50989
328840|327727|174|3257|21034
210312|4601|50869|215828|204464
58308|6939|7018|15084
1140|24785|1299|8551|44709
44324|32595|174|398399
17350|2914|1299|198949|35676
398465|1299|3356|28370|269016
49028|1299|3356|28370|263535|268030
50877|5405|6939|28370|28657
58308|6939|1299|394611
139317|44324|32595|174|398439
47160|174|60068|205884
44324|32595|174|20546
1299|2914|20473|47065|61574
205206|33891|8943|200636
58308|35598|52091|206810|34786
58308|6939|39791|49101|49244
4601|6939|28917|48084|59833
29222|6939|21430|33943
40994|57463|41327|206732
210312|4601|50869|41051|212470
40994|1299|3920|206777
57111|41327|50263|201814|209896
29222|6939|7018|22729
29479|50304|1299|174|399697|39967|399697
7575|6461|174|37468|61568|266460|61625
50304|1299|3223|41327
398465|7922|2914|12859|47065|61574
132337|1299|8551|44709
3399|5511|174|11432|271150|272738
1140|24785|6830|174|37468|61568|266460|61625
553|62255|52091|206810|214721
328840|327727|174|30844|21351|60132
35600|6939|28370|269016
50629|1299|6855|39904|205968
12552|33891|44592|49581|209693
205206|1299|174|22381|267470|263047|264389
25160|174|210329|215728
28917|6939|1299|23520|272942
39351|1299|20473|399970
6453|1299|29695|206557
8660|1267|1299|6453|19318|209896
42541|62255|52091|206810|12773|57005
209823|3356|21320|5408|47065|61574
139317|44324|32595|174|273205
31742|1299|3257|19318|209896
207841|6939|2852|210498
8220|1299|6461|210|47065|61574
29075|174|3130|47065|61574
44324|32595|174|402062|400164
4764|1299|6855|39904|199604
48070|57463|14840|269288
28917|6939|1299|25899|63386
17350|6453|1299|42303|51701|30893
6424|174|20473|47065|61574
50877|6762|3356|21320|5408|47065|61574
29504|15935|174|3356|3223|34224|12735
8660|1267|1299|5511|60068|206406|210557
34288|1299|20473|47065|61574
12969|1299|3356|28370
28917|20473|47065|61574
148968|7474|3257|1299|20473|201423
28917|6939|1299|20473|22665
20253|1299|12859|47065|61574
199524|174|21700|399914
971|174|56630|209944
12859|6939|42695|52011
328840|327727|174|1299|6939|24796|63293
1403|577|1299|20473|201423
4775|6453|174|399697|39967|399697
58057|34549|1299|6855|39904|47767
28917|6939|1299|60068|197103|395893
49028|1299|6453|19318|201813
29680|3257|1299|198949|35676
58308|6939|7018|26830
50629|20764|52091|206810|214210
50629|20764|52091|206810|211692|214268|197578
35600|6939|28370|270962
2497|1299|3223|41327
553|6939|2852|210498
55720|2914|1299|6855|39904|47767
25220|1299|20473|47065|61574
50628|1299|12956|212721
28917|8359|57304|15935|215806
4601|50869|199310|211695
13830|971|174|1299|6855|39904
6830|3257|20473|399970
28917|6939|8194|206362
28917|6939|1299|29838
55222|1299|3356|28370|263060
20485|1299|6855|39904
28917|6939|1299|52468|264637
139317|44324|7720|10111|1299|60068|197103|212080
28917|6939|1299|20473|198510
210312|4601|50869|6939|30893|204789
40387|1299|4230|52654|266493|61625
58308|29075|2603|21320|5408|47065|61574
2497|1299|8551|44709
29222|6939|7018|16576
327727|174|3356|3223|41327|51580
58308|6939|215296
24785|6830|3356|28370|263535|268030
50877|5405|56630|209944
6830|6939|28917|48084|199961
139317|44324|32595|174|4538
398465|1299|60068|211571
31742|1299|3356|8772|215536
3741|174|1299|6855|50698
204092|6939|28917|43886
148968|1299|3223|41327
28917|6939|1299|20473|54874|57439
42473|1299|174|216211|211575
3130|174|37468|53062|266493|61625
6830|174|28189|266931|271615|273522|271150
47160|174|3130|47065|61574
39122|1299|6855|39904|202605
12307|29691|1299|6762|16735|273514
28917|6939|53764
1403|577|174|399697|39967|399697
8888|137409|33891|60068|211571
7660|2516|174|20473|47065|61574
6908|174|140227|44324|205369
553|1299|3356|28370|264426
4601|50869|52025|35100
136557|174|10490|2722|12148|47065|61574
35008|1299|56630|209944
4809|1299|20473|399970
28917|25180|1299|198949|211049
47147|1299|3356|16735|2716
202365|50673|174|216211|211575
216285|8280|5408|47065|61574
56662|28917|215730|209693
52320|1299|17676|216211|211575
8529|1299|174|20473|47065|61574
917|60068|174|10490|2722|12148|47065|61574
13030|1299|6453|29208
394256|174|210329|215728
206499|34549|1299|37468|270551|263047
8220|1299|12956|212721
210312|4601|6939|28917|39238
6453|174|11432|271150|272738
6830|6939|15372
8283|3491|209810|207187|207198
48070|6939|28917|44812
6424|7195|28343|2716
20764|8359|1299|8551|44709
210937|1299|6762|16735|2716
29075|174|6453|29208
30600|174|140227|44324|205369
47147|1299|37468|53062|266493|61625
50629|6939|42695|43101
51185|6762|174|37468|61568|266460|61625
64475|62255|52091|206810|211692|214268|197578
58308|6939|1299|939
44324|32595|174|137409|7578
263152|174|8551|20473|47065|61574
34927|56655|1299|3356|8772|215536
44324|32595|174|55022
210312|4601|50869|41051|401315
50877|5405|6939|24796|63293
1764|174|11432|271150
204092|6939|2852|202874
28917|6939|1299|18678|262589|272937
852|174|3130|47065|61574
57695|917|60068|28917|215730|209693
25220|33891|19318|201813
29504|15935|174|5511|49666|58224|214805
14315|6453|1299|201814|209896
4601|50869|41051|213586
15935|174|52468|271150
210312|4601|50869|6939|50989
35600|6939|30893|13214
47147|1299|6453|4755|7768
553|6939|28370|28657
28917|20764|52091|206810|211101
16552|1299|3356|28370|268198
210312|4601|9002|34927|202827
41327|6461|23352|20473|47065|61574
57111|174|1299|20473|47065|61574
205112|50629|6939|24796|63293
58308|6939|6830|23520|270111
35008|1299|20473|47065|61574
44324|32595|174|36792
3491|174|1916|47065|61574
4777|2497|1299|34927|202532
64475|62255|52091|206810|12773|57005
58299|13335|5408
3214|1299|198949|35676
34927|1299|3356|1680|44709
46450|1299|20473|47065|61574
37739|3491|1299|20473|399970
7474|3257|174|20473|47065|61574
58308|6939|33891|61438|214517
53828|2914|1299|6855|39904|47767
14907|1299|6855|39904
136557|174|210|47065|61574
40994|6939|207995
48185|1299|3257|210329|215728
8455|3356|174|399697|39967|399697
28917|6939|1299|14522
3130|174|201814|209896
328840|327727|174|5459|200070
35280|6453|1299|6855|50698
210312|4601|50869|41051|215004
48362|1299|3356|8119
50629|174|60068|205884
58308|6939|1299|265780|269815
4601|6939|28917|48084|199961
12389|174|1916|47065|61574
25220|3320|174|37468|61568|266460|61625
58308|6939|3170|43851
139317|44324|32595|174
29222|6939|29208|56717
210312|4601|50869|58299|59645
1299|6855|39904|205968
199524|174|60068|211571
58308|6939|29670|207510
37697|3491|174|34927|202827
6667|174|1916|47065|61574
1273|174|56630|209944
12859|22356|28370|269016
29222|6939|12859
207841|6939|28917|44812
41327|6939|2852|200874
17350|2914|1299|35598|52091|206810
34177|1299|6762|49666|58224|214805
28917|6939|7018|1999
37053|37100|174|140227|44324|205369
21412|174|216211|211575
8283|6939|28370|263535
22652|1299|20473|47065|61574
29222|174|140227|44324|205369
553|6939|24796|63293
210312|4601|50869|6939|29222|204957
3170|174|22381|267470|263047
44324|32595|174|62810
28917|6939|6830|23520|64126|274068
28917|6939|1299|52468|273127
44324|32595|174|17072|272336
44324|32595|174|50144
44324|32595|174|20459
174|3356|3223|41327|51580
28917|6939|1299|17676|4725|17509
20253|1299|35598|52091|206810
58308|6939|1299|14616
34019|6939|2852|197451
4601|50869|6939|200303
28917|6939|62000|198831
58308|6939|1299|12252
13786|174|60068|211571
50629|20764|52091|206810
139317|44324|32595|174|399646|54591
35008|1299|60068|216213|205884
28917|2603|21320|5408|50148
29222|6939|553|204310
4601|6939|28917|47914
50628|6453|174|3130|47065|61574
29222|6939|50629
28917|6939|1299|62874|203020
12969|1299|6453|19318|201813
202365|50673|174|60068|205884
34927|56655|1299|17676|216211|44324|205369
29222|6939|29670|213674
37497|174|20723|2852|202874
553|6939|28370|270962
28917|6939|1299|16509|200227
28917|6939|1299|23520|14813
3170|6939|24796
4777|2497|174|11432|271150
19151|174|60068|205884
48070|1299|6453|19318|201813
23367|1299|3356|28370|263963
216285|8280|6762|174|56630|209944
40994|6939|28917|6789
11845|30844|21320|5408|47065|61574
139317|44324|32595|174|20135
917|25369|1299|20473|47065|61574
1299|3356|28370|53079
198385|174|3257|60068|206406|210557
9002|1299|198949|35676
29075|174|22381|267470|263047|264389
199524|1299|12859|47065|61574
1764|5405|61568|266460|61625
14630|1299|201814|209896
28917|6939|1299|20473|60601
59105|2518|2914|12859|47065|61574
12637|1299|22773|8119
8220|1299|3223|41327
12779|6461|394737
41722|20764|174|3356|28370|28657
136557|174|2914|226|47065|61574
29504|15935|174|8551|20473|47065|61574
210312|4601|50869|52025|210338
28917|6939|1299|20473|153185|137436
6424|13335|400095
174|35598|52091
50304|47311|150249|153176
44324|32595|174|400812
29222|6939|200462|215163
8283|6939|215172|214955
29222|6939|7018|22241|400745
327983|37497|1299|60068|211571
48070|6939|215172|214955
174|6453|19318|209896
39351|1299|60068|216213|205884
58308|6939|1299|262206|27742
11845|37468|174|11432|271150|272738
52925|3356|1299|6855|39904
29222|6939|50629|207252|215147
58308|6939|6830|23520|64126|272971
22652|63018|174|210329|215728
553|6461|210|47065|61574
44324|32595|174|25509
44324|32595|174|44222|210374
50673|12859|47065|61574
49605|6762|1299|6855|39904
577|1299|201814|209896
4601|50869|41051|213286
31742|1299|6204|44592|49581|209693
58308|6939|7018|397994
28917|6939|1299|23520|27884|273054
56662|20473|174|20473|47065|61574
29504|15935|174|210329|215728
41666|20764|52091|206810|34786
28917|6939|1299|397522|44273
210312|4601|50869|215828|51202|215828
209|3356|174|399697|39967|399697
48200|1273|174|3130|47065|61574
29222|6939|50629|47277
28917|6939|1299|14469
29691|1299|174|210|47065|61574
29222|6939|29670|205740
34800|58057|50673|174|5459|200070
29222|6939|15935|201727
394256|174|3356|28370|28657
210312|4601|50869|41051|209460
28917|6939|1299|54113
28917|6939|1299|20473|1024
7018|3257|60068|206406|210557
15576|174|52468|271150
50628|6453|174|5538|8194|29345
328840|327727|174|3356|8119
58308|6939|6830|23520|272935|274105|274027
140627|1299|29695|206557
28917|6939|1299|6206
8220|1299|6453|29208
3170|6939|33924
34019|29169|1299|198949|35676
28917|6939|1299|60068|212238
513|174|1299|3920|206777
58308|6939|1299|57660
4601|50869|41051|25538
1299|60068|216213|205884
31122|174|8551|20473|47065|61574
28917|6939|1299|20473|215848
34288|8218|21320|5408|47065|61574
33891|44592|49581|209693
199938|1299|3356|28370
31742|174|21320|5408|50148
58308|6939|1299|262206|52262
28917|6939|56595|215320
28917|6939|1299|51407
917|60068|1299|6939|393682
2497|174|399697|39967|399697
23673|9900|23764|1299|34927|202532
58308|6939|2852|199711
328512|5713|3491|174|37468|61568|266460|61625
210937|1299|3920|206777
30781|33891|44592|49581|209693
28917|6939|7018|20057
32590|7195|33891|216067|44244
50304|1299|60068|211571
35426|215596|174|21320|5408|50148
139317|44324|32595|174|394584
58308|6939|33891|21083
199938|1299|6461|394737
37468|1299|6855|39904|202605
37697|3491|174|16276|203019
3170|6939|28370|270962
28917|6939|1299|197190
4601|50869|6939|60432
20932|174|52468|271150
36994|1273|1299|20473|399970
6730|6830|12859|47065|61574
56655|1299|3223|41327
28917|6939|1299|3301|56736
28917|6939|1299|54082|263725|264773
48070|6939|2852
3130|174|6461|394737
58308|6939|6830|23520|46650|14432
29680|174|14840|269288
29222|6939|28917|47438
204092|137409|48011|25184|49801|204533
41722|12389|1299|198949|35676
3216|1299|174|210329|215728
136557|174|1299|8551|44709
28917|6939|6830|34549|213045
577|174|20723|2852|202874
37271|33891|44592|49581|209693
401753|34872|8283|47065|61574
55222|174|3257|21034
15576|174|399697|39967|399697
29222|6939|2852|210498
196621|6939|42695|43101
12307|29691|1299|174|22381|267470|263047|264389
36924|1299|174|3130|47065|61574
51519|39351|1299|20473|399970
20514|1299|6461|394737
6830|6939|28917|198297
44393|394256|174|3356|28370|28657
6730|6830|3257|20473|399970
28917|6939|7018|3423|13979|10616
28917|6939|6830|23520|52468|273859
28917|6939|1299|209022
59105|59103|2907|20965|5408|47065|61574
35600|6939|28917|48084|199961
25152|2914|1299|201814|209896
58308|6939|15605
29504|39392|33891|1680|20473|47065|61574
58308|6939|1299|14080|3573
58308|6939|1299|9929|17623
12859|35598|52091|206810|24881|24697
12779|6939|25192
8455|1299|6453|1031|61568|266460|61625
3130|174|20723|2852|202874
139317|44324|32595|174|4058
20253|1299|3223|34224|12735
28917|6939|1299|11664|263812
553|1299|6762|16735|2716
59414|13030|1299|8551|44709
29222|6939|29670|60802
174|8551|20473|47065|61574
199938|1299|20473|201423
398465|1299|3356|28370|268198
20253|1299|12956|212721
6894|174|201814|209896
47957|3356|21320|5408|47065|61574
28917|6939|209097
50629|20764|52091|206810|197960
139317|44324|32595|174|329109|328297
28917|6939|1299|209578
47147|3320|1299|60068|197103|212080
139317|44324|32595|174|61098
42541|1299|3257|19318|201813
3549|3356|174|20723|2852|202874
14537|13786|174|210329|215728
207841|6939|28370|263060
34800|58057|50673|33891|20473|47065|61574
28917|6939|25400|31264
139317|44324|32595|174|51847|215269
210312|4601|6939|28917|44812
58308|6939|1299|398705
40994|174|399697|39967|399697
35600|35598|52091|206810|12773|52213
24516|174|3257|60068|206406|210557
140627|2914|1299|198949|35676
58308|6939|1299|207415
16260|174|52468|271150
58308|6939|50629|207252|214999
49028|13335|400095
139317|44324|32595|174|21826|269946|272993
6830|1299|20473|201423
58308|6939|29208|62102
49544|3356|174|3130|47065|61574
19151|174|46427|64289|44592|49581|209693
6082|174|204548|215728
58308|6939|1299|1759|205250
48070|20473|47065|61574
8359|1299|20473|399970
264479|7195|174|399697|39967|399697
513|174|60068|197103|212080
31510|174|7545|20473|47065|61574
196621|58115|21263
48362|1299|3356|28370|264426
20764|174|6453|4755|7768
58308|59689|30781|1299|20473|47065|61574
2914|1299|6855|39904|202605
44324|32595|174|47936
4601|50869|41051|215562
58057|34549|1299|3223|41327|51580
20514|1299|3356|28370|268521
971|174|35598|25308|28917|9049|51017
6696|1299|3920|206777
328206|37739|3491|174|1916|47065|61574
40994|6939|28917|204623
58308|6939|1299|265530
40994|6939|28917|47914
51519|39351|1299|3223|41327|51580
917|25369|174|11432|271150
7018|174|11432|271150|272738
7018|6939|24796
24482|47311|150249|153176
28917|6939|1299|11172
64475|7195|11432|271150|272738
44324|7720|10111|1299|20473|47065|61574
6057|6461|1299|20473|47065|61574
58308|6939|1299|6424
971|174|37468|61568|266460|61625
49544|2914|1299|35598|52091|206810
513|174|11432|271150
64475|62255|52091|206810|12773|47809|50780
57111|174|216211|211575
28917|6939|1299|20473|148971
209650|34927|1299|3257|60068|206406|210557
1257|174|140227|44324|205369
44324|32595|174|63089
7018|1299|21351|60132
58299|62255|52091|206810|35273
398465|1299|3356|28370|263535|268030
28917|6939|30893|199580
28917|6939|1299|60068|51191
17639|174|22381|267470|263047|264389
57381|50304|1299|6855|39904
328512|37100|1299|6855|39904|202605
3257|174|8551|20473|47065|61574
4764|1299|35598|52091|206810
35600|35598|52091|206810|34786|41875
174|3356|28370|268521
49028|1299|6939|30893|200690
29222|6939|208453
48070|6939|28917|198297|51081
139317|44324|32595|18423|137409|6424
28917|6939|1299|49915
8220|1299|174|1916|47065|61574
1836|5511|174|37468|61568|266460|61625
29680|174|8551|20473|47065|61574
28917|6939|39790
28917|6939|1299|60068|395092
58299|62255|52091|59815|25299
2152|3356|1299|201814|209896
210312|4601|50869|52025|212895|402182
38001|3491|174|37468|61568|266460|61625
50628|33891|216067|44244
23673|9900|23764|1299|3920|206777
28917|6939|1299|8657|3243|13335
1273|1299|20473|47065|61574
34854|1299|6762|49666|58224|214805
39122|1299|20473|201423
6424|6939|28370|264426
64475|62255|52091|206810|48687
6830|6939|50989|33837
44324|32595|174|31775
34854|1299|174|3130|47065|61574
6057|174|21320|5408|50148
58308|6939|8194|29345
25220|3356|174|210|47065|61574
58308|6939|1299|52468|264851
852|174|20723|2852|202874
44324|32595|174|52438
31510|174|1299|6855|39904|47767
58308|6939|33891|211417
12637|6939|28370|269016
51873|6830|174|8551|20473|47065|61574
327983|37497|1299|6855|39904
1267|1299|6855|39904|47767
398465|174|60068|205884
204092|44592|49581|209693
47147|3320|33891|216067|44244
4601|50869|199310
559|35598|52091|206810|12773|44884
210937|1299|3356|28370|263060
37497|3491|174|37468|61568|266460|61625
29075|2603|21320|5408|47065|61574
25160|174|22381|267470|263047
47147|1299|5511|60068|206406|210557
58308|6939|9136|211479
1140|6830|60068|211571
205112|50629|6939|24796
56655|1299|3257|20473|47065|61574
28917|6939|1299|265540
58308|6939|1299|56655|202986
8283|56630|209944
3130|174|6453|29208
2734|32098|28509|174|398465|399296
7720|10111|1299|8551|44709
34927|1299|6762|16735|273514
49432|48362|1299|174|3130|47065|61574
18106|174|60068|216213|205884
41666|13335|5408
12859|35598|52091|48158
58308|6939|2852|200874
58299|62255|52091|206810|5598
5405|1299|20473|201423
210312|4601|50869|199310|207529
40994|174|22381|267470|263047|264389
24961|3320|174|399697|39967|399697
29504|15935|174|10490|2722|12148|47065|61574
2914|174|20723|2852|202874
210312|4601|6939|28917|43714
50304|1299|6762|16735|273514
29222|6939|42184|204702
3216|1299|8551|44709
15935|174|30844|21351|60132
1299|6939|30893|204789
48362|1299|3356|28370|53079
2734|58453|30990|174|30844|328436
29222|6939|9136|207592
12779|6939|200303
14907|1299|174|204548|215728
48070|6939|28917|48084|59833
210937|1299|174|216211|211575
15605|35598|52091|206810|211101
174|3257|19318|201813
12859|34927|202532
29222|6939|12779|44652
513|174|2914|20473|47065|61574
7660|2516|1299|3920|206777
58308|6939|268944|271441
199524|3356|174|399697|39967|399697
6894|174|37468|53062|266493|61625
32653|3741|174|201814|209896
139317|44324|32595|174|62902
44324|32595|174|45557
327960|174|16276|203019
207841|6939|28917|48084
31510|174|3257|19318|209896
28917|6939|1299|20473|42692
4764|1299|23764|35168|212999
58308|6939|7018|16816
34800|58057|50673|174|3130|47065|61574
553|174|204548|215728
37468|33891|44592|49581|209693
50304|1299|174|3130|47065|61574
44324|32595|174|40092
8283|6774|36947|174|36891
213151|41051|50263|201814|209896
971|174|35598|25308|28917|204076
58308|6939|6830|23520|262199
29222|6939|15935|200844
29075|1299|3356|28370|268198
57866|1299|21351|60132
204092|6939|25192|26710
34019|6939|30893|205563
58308|6939|6830|23520|264821|272807
49432|48362|1299|60068|197103|212080
28917|6939|2852
8280|6762|174|21700|399914
139317|44324|32595|174|53667|200329
328840|327727|174|20723|2852|202874
58308|6939|1299|15830|3819
28917|6939|2852|199711
20253|1299|3356|28370
139317|44324|32595|174|52580
35600|39801|199881
198385|174|60068|205884
50877|5405|6939|2852|197451
16552|1299|6855|50698
4181|1299|6461|394737
34177|1299|3257|60068|206406|210557
59891|13030|1299|174|20473|47065|61574
58308|6939|1299|17639|153322
210312|4601|50869|6939|2852|212876
199524|174|7195|20473|47065|61574
139317|44324|32595|174|8926
210312|4601|50869|41051|213286
6894|174|6453|29208
1299|3356|28370|268521
25152|2497|174|8551|20473|47065|61574
15935|174|201814|209896
6830|2914|226|47065|61574
35710|3320|1299|8551|20473|47065|61574
8283|3320|6855|50698
47160|6939|24796|63293
4601|50869|52025|210100
58308|6939|7018|4473|13979|8076
8283|3491|138997|216211|44324|205369
4601|50869|202939
57381|50304|1299|6453|19318|209896
8283|6461|32787|202161
42473|1299|3223|34224|12735
8529|1299|174|399697|39967|399697
35600|6939|28917|44056|57629
28917|6939|1299|270122|270111
35600|1828|12179|393398|3356|174|50131
12779|6939|28370|268521
58308|6939|6830|23520|64126|274068
2516|1299|20473|47065|61574
58057|174|6453|19318|209896
34927|174|210329|215728
58308|6939|12735|15830|198417
48362|1299|20473|399970
6830|3356|29695|206557
3170|174|1299|198949|35676
31510|174|3257|19318|201813
50628|1299|3257|210329|215728
14315|174|8551|20473|47065|61574
215596|1299|7195|28343|2716
5392|3356|174|20723|2852|202874
20612|9044|1299|20473|399970
28917|6939|1299|199408
2914|174|3130|47065|61574
139317|44324|32595|174|399646|212532
577|1299|20473|201423
16347|1299|60068|216213|205884
44324|32595|174|198104
139317|44324|32595|174|11805
398465|1299|6855|39904|199604
15605|35598|52091|206810|8274
28917|6939|1299|23520|262191|272153
51519|39351|174|399697|39967|399697
29222|6939|7018|25993
60011|3356|1299|201814|209896
17660|6453|174|22381|267470|263047|264389
21700|174|6453|4755|7768
210937|1299|2914|226|47065|61574
6424|8772|215536
42541|33891|216067|44244
28917|6939|7018|11992|35892
45049|6696|1299|12859|47065|61574
58308|6939|1299|20473|52025
7018|1299|12555|48430
20912|12637|3920|206777
62167|174|6461|394737
25091|1299|10490|2722|12148|47065|61574
15623|1299|8551|44709
28917|6939|205081
14630|2914|12859|47065|61574
34177|2603|21320|5408|47065|61574
328964|37468|174|11432|271150|272738
139317|44324|32595|174|397903
12637|32787|202161
28917|6939|1299|39855
553|1299|3920|206777
12969|1299|3356|28370|267556
35426|215596|1299|3356|28370|28657
44324|32595|174|32505|62917
58308|6939|1299|20521
58308|6939|1299|270126
57381|50304|1299|3356|20473|47065|61574
28917|6939|1299|20473|54148
1273|2914|12859|47065|61574
7018|3257|20473|47065|61574
55222|174|35598|52091|206810
199524|3491|174|37468|61568|266460|61625
12350|34177|33891|216067|44244
57111|41327|34927|202827
204092|6939|28917|21453|48149
29479|50304|1299|3223|41327
32590|21320|5408|47065|61574
971|174|60068|211571
28917|6939|268624|53245
139317|44324|32595|174|16437
3491|174|14840|269288
20253|1299|7195|20473|47065|61574
41722|12389|174|210|47065|61574
13030|1299|174|399697|39967|399697
41722|12389|1299|60068|197103|212080
35598|174|28189|266931|269250|271150
50629|3223|34224|12735
44393|394256|174|28189|266931|271615|273522|271150
58299|28917|215730|209693
327960|174|204548|215728
553|1299|13335|400095
41327|174|1916|47065|61574
4601|50869|41051|212121
23352|2914|1299|3920|206777
58308|6939|1299|14722
207841|6939|28917|6789
42473|1299|7545|20473|47065|61574
6730|6830|3257|60068|206406|210557
31742|174|210329|215728
58308|6939|1299|60068|216213
35598|1299|3223|41327
4764|1299|6855|50698
21700|174|35598|52091
6057|174|60068|205884
35600|21351|60132
34927|1299|8943|200636
42473|1299|10490|2722|12148|47065|61574
28917|6939|1299|20473|208022
207841|6939|28917|206011
58308|6939|50629|59645
29222|6939|199399
63927|1299|6762|267470|263047
29691|1299|6855|39904|47767
3491|1299|3223|34224|12735
40994|9002|12555
2914|1299|1680|20473|47065|61574
51519|39351|174|37468|270551|263047
58308|6939|50629|49855
29691|1299|6762|16735|273514
37497|3491|174|10490|2722|12148|47065|61574
42473|1299|6453|60068|216213|205884
2497|1299|6855|39904|202605
12859|1299|6762|49666|58224|214805
398465|174|20723|2852|202874
139317|44324|32595|174|207234
34927|1299|17676|216211|44324|205369
60011|3356|1299|20473|399970
48070|6939|28917|21453|35271
1299|29695|206557
58308|6939|1299|205184
29222|6939|62000|208226|202986
44324|32595|174|216371
3741|33891|44592|49581|209693
12859|1828|12179|393398|3356|174|50131
28917|6939|1299|44788
58308|6939|6830|23520|22724
55222|1299|8551|44709
48919|174|8551|20473|47065|61574
20965|5408|47065|61574
6830|6939|24796|63293
28917|6939|7018|397799
28917|6939|1299|397516|44273
35008|1299|29695|206557
28917|6939|1299|30148
35600|6939|30893|205563
559|13237|196714|199284|33891|3356|34984
28917|6939|1299|201902
57111|174|140227|44324|205369
263237|174|12956|212721
37739|3491|174|11432|271150|272738
28917|6939|1299|33749
55720|3491|174|22381|267470|263047|264389
58308|6939|6830|203446|214279
12969|1299|56504|47674
3170|2603|21320|5408|50148
28917|6939|47160
58308|6939|273556
58308|6939|5405|15498
34927|52025|174|60068|211571
215596|62000|1680|44709
28917|6939|61618
3701|174|35598|52091|206810
29169|1299|20473|201423
7500|2497|174|399697|39967|399697
42708|33891|216067|44244
30600|1299|34927|202532
2027|47160|174|28189|266931|271615|273522|271150
58308|6939|30893
13786|2914|12859|47065|61574
40387|1299|6453|29208
20253|1299|201814|209896
58308|6939|30893|13214
29222|6939|28370|264426
34019|6939|28370|264426
33891|1299|201814|209896
58299|62255|52091|206810|12773|211692|196629
48070|1299|3356|20473|47065|61574
6830|1299|34927|202532
6830|3491|138997|216211|44324|205369
59919|12779|1680|44709
327727|174|35598|52091|48158
199524|3356|1299|6855|39904|199604
210312|4601|50869|6939|200070
49788|1299|60068|216213|205884
210312|4601|50869|41051|203852
2027|47160|6939|33924
46450|1299|6762|60068|205884
64475|9498|20473|47065|61574
28917|6939|30893|13214
51088|3257|5405|8943|200636
35426|215596|174|60068|216213|205884
4601|6939|28917|47438
16552|1299|174|3130|47065|61574
20205|1299|60068|197103|212080
58308|6939|56595
58308|59689|30781|1299|6855|39904|202605
58308|6939|33891|12306
24961|8283|47065|61574
15623|174|399697|39967|399697
513|174|138997|216211|44324|205369
28917|8359|57304|15935|203550
30844|174|399697|39967|399697
11845|37468|1299|8551|44709
31122|6453|1299|20473|201423
57111|174|21700|399914
209650|34927|1299|201814|209896
62167|174|210|47065|61574
11039|6461|1299|3920|206777
204092|34019|35598|52091|206810
38001|3491|174|11432|271150
174|22381|267470|263047|264389
35266|1299|3920|206777
35600|23764|35168|212999
58299|62255|52091|206810|50204
58308|6939|28917|25386
3170|6939|28370|269016
207841|6939|25192
1828|1299|20473|47065|61574
5405|1299|198949|35676
15576|174|52468|262393
12779|7195|11432|271150
28917|6939|1299|23520|270200|272314
28917|6939|1299|46475
553|6939|30893
210312|4601|50869|41051|47509
29222|6939|50629|207160
3170|6939|2852|197277
44324|32595|174|12310|44679|201308
139317|44324|32595|174|46455|12056
28917|6939|1299|60068|25645
34177|1299|3257|20473|47065|61574
28917|6939|48678|44547
1299|20473|201423
28917|6939|1299|6400|271940
12956|174|56630|209944
20080|2914|1299|6855|39904|199604
37497|1299|6855|39904|47767
34177|3356|1299|20473|399970
28917|6939|59689
209650|34927|1299|3356|8119
1140|24785|1299|10490|2722|12148|47065|61574
29222|6939|12735|201978|208425
29222|6939|268944|271441
202365|50673|33891|20473|47065|61574
15935|174|3257|21034
22652|1299|60068|197103|212080
34927|1299|37468|53062|266493|61625
34927|52025|174|12956|212721
12969|1299|3356|28370|28657
58308|6939|7018|2386|30313
47147|3320|1299|20473|399970
8220|3491|174|20723|2852|202874
58308|6939|1299|44332
35426|215596|1299|8551|20473|47065|61574
15692|2914|174|5538|8194|29345
58057|50673|174|1299|20473|47065|61574
16552|1299|10490|2722|12148|47065|61574
28917|6939|1299|29636
50673|174|20473|47065|61574
44324|32595|174|53667|199340
205206|1299|3356|16735|273514
40387|1299|3356|22381|267470|263047|264389
5405|37271|20473|47065|61574
6830|3356|21320|5408|50148
48070|1299|6762|49666|58224|214805
35600|35598|52091|206810|214721
1299|3356|28370|269016
45049|6696|1299|16164|36032
58308|6939|1299|262206|27773
263237|174|201814|209896
2518|1299|6855|39904|47767
3320|1299|17676|216211|44324|205369
47147|1299|3356|28370|264426
28917|6939|1299|18734|13591
2516|1299|29695|206557
29222|6939|41073
132337|174|210329|215728
1299|4230|2716
59919|12779|174|52468|271150
28917|6939|1299|200107
34927|174|52468|271150
48070|16276|203019
30600|174|52468|271150
12859|8298|4601|4492
35280|1299|174|37468|61568|266460|61625
30600|1299|6855|39904|202605
46450|1299|201814|209896
6424|6939|30893|204789
4601|50869|41051|215777
6830|1299|6855|39904|202605
4775|1273|1299|20473|399970
6424|6939|25192|20701
6762|1299|29695|206557
58308|6939|1299|394353
29222|6939|8943
196621|6939|28917|9110
42541|37468|53062|266493|61625
6830|34927|202827
48185|1299|174|60068|205884
8283|3491|209810|207187
29222|6939|29208|209847|26383
20253|1299|1680|20473|47065|61574
28917|6939|1299|23520|263238|273196
15562|2914|1299|6939|24796
28917|6939|1299|198949|16365
28917|6939|1299|6855|204690
44393|394256|174|1299|20473|47065|61574
22652|174|37468|61568|266460|61625
50629|6461|7473|38001|25192
6424|6939|15372|203592
24961|1299|174|20473|47065|61574
50628|1299|174|37468|61568|266460|61625
34800|58057|50673|174|3257|22773|8119
58308|6939|12735|8517
50877|5405|1299|20473|201423
48185|1299|174|20473|47065|61574
210312|4601|50869|204931
22652|1299|37468|270551|263047
58308|6939|28370|270962
50877|5405|6939|2852|61110
37239|22355|5511|174|52468|271150
44324|32595|174|58453|9505|135062
7018|6939|58308
34927|52025|174|3356|28370|268521
6720|1853|20965|5408|47065|61574
58057|174|204548|215728
31510|174|3356|28370|28657
19151|174|6453|19318|209896
24516|174|60068|211571
4764|174|37468|61568|266460|61625
20514|1299|32787|202161
148968|1299|174|204548|215728
57111|174|1299|3920|206777
4777|2497|174|60068|216213|205884
58308|6939|7018|25993
62167|12859|47065|61574
5413|1299|3491|216211|211575
199524|174|3356|8551|44709
559|35598|52091|206810
4601|50869|6939|28370|268521
35600|6939|2852|212876
1299|59692|12555
48362|1299|20473|47065|61574
327983|37497|3491|174|20473|47065|61574
917|3214|1299|60068|197103|212080
41666|20764|52091|206810|211101
58299|174|399697|39967|399697
28917|6939|1299|23520|262191|262245
8283|20764|43298|48678|213865
3170|6939|2852|48091
8218|6461|174|37468|61568|266460|61625
52025|212895|210320
5713|174|60068|211571
28917|6939|1299|208905|47962
397131|60011|3356|1299|20473|47065|61574
11039|6461|1299|1680|20473|47065|61574
50877|5405|6939|39790
174|3356|8551|44709
51873|6830|174|60068|205884
28917|6939|3170|211956
37721|174|216211|211575
28917|6939|1299|55410|38266
4637|3257|1299|198949|35676
5405|62255|52091|206810|34786
28917|6939|1299|20473|44354
139317|44324|32595|174|22168
47147|1299|60068|197103|212080
3491|174|37468|270551|263047
6830|1299|6855|39904|47767
28917|6939|1299|208398|215024
34019|29632|215536
29680|174|28189|266931|269250|271150
199524|1299|13335|400095
210312|4601|50869|213376
28917|6939|7018|19106
56662|20473|2603|21320|5408|47065|61574
20253|1299|3356|28370|268521
196621|6939|2852|200874
6830|3356|28283|268744|2716
60068|174|204548|215728
6453|1299|198949|35676
28917|6939|1299|18734|265605
139317|44324|32595|174|205148
49432|48362|1764|5405|266493|61625
58308|39801|29222|204957|202051
2500|2914|12859|47065|61574
8220|3491|1299|198949|35676
6424|6939|33924
7018|2914|20473|47065|61574
49432|48362|1299|56504|47674
49788|1299|8551|20473|47065|61574
206356|50629|50263|201814|209896
28917|6939|1299|20473|199465
559|35598|52091|206810|8274
35600|6939|28917|6789
34927|1299|3356|28370|53079
32653|3741|33891|216067|44244
28917|6939|1299|202196
174|21320|5408|50148
398465|174|210|47065|61574
1299|3356|21320|5408|50148
28917|6939|1299|3301|50273
35600|4601|4492
4601|50869|6939|29222|41495|206202
139317|44324|32595|174|43766
58308|6939|50629|3624
2497|174|14840|269288
44324|32595|174|21433
139317|44324|32595|174|41625
50673|174|3130|47065|61574
31510|174|21320|5408|47065|61574
57111|174|138997|216211|44324|205369
58308|6939|1299|48707
44324|32595|174|13819
31510|174|20473|47065|61574
58308|6939|5405|5539
4181|1299|3223|41327
202032|58115|21263|34125
58308|6939|1299|20473|200959
44324|32595|174|54002
57111|174|3130|47065|61574
57866|1299|20473|30893
1267|1299|20473|399970
553|6939|28917|39238|49392
8298|8283|3491|209810|207187|207198
58308|6939|1299|27947
15935|174|3356|16735|273514
58308|6939|33891|202245|212509|212290
58308|6939|1299|14080|274030
50629|1031|61568|266460|61625
20253|1299|37468|270551|263047
3214|6453|174|22381|267470|263047|264389
64475|6939|2852|200874
41666|50263|201814|209896
45049|6696|1299|20473|399970
559|33891|44592|49581|209693
28917|6939|1299|36352|27176
263152|174|216211|211575
31742|1299|6762|267470|263047
58308|6939|30893|13214|35634
55720|2914|1299|6855|39904|199604
28917|6939|7018|32673
48070|7195|20473|47065|61574
19151|174|6453|4755|7768
28917|6939|1299|207265
29479|50304|1299|6855|39904|199604
559|35598|52091|206810|12773|57005
13830|971|174|37468|270551|263047
5405|9498|20473|47065|61574
202032|58115|21263|205844
28917|6939|1299|29990
19151|174|5538|8194|29345
4601|9002|12555
28917|6939|1299|23520|52253|13335
7018|6939|30893|199580
58308|6939|1299|33749
16552|1299|3356|28370|269016
174|6453|9498|20473|47065|61574
210312|4601|50869|6939|393682
58308|6939|1299|14080|273083
140627|1299|3223|34224|12735
210312|4601|50869|58299|209898|199553|213081
6762|174|201814|209896
51184|1764|1299|198949|35676
6720|1764|174|21700|399914
58308|6939|2852|61110
34927|1299|6855|39904|47767
12637|1299|7195|20473|47065|61574
62167|174|20473|47065|61574
5413|1299|12859|47065|61574
8455|1299|6453|29208
9900|23764|3356|174|1916|47065|61574
35280|1299|201814|209896
22652|1299|29695|206557|204503
20205|174|3130|47065|61574
28917|8359|57304|41720|202704
8283|6453|9498|20473|47065|61574
136557|174|22381|267470|263047|264389
398465|3320|1299|1680|20473|47065|61574
397131|60011|3356|1299|34927|202532
6730|6830|3257|22773|8119
6424|6939|2852|212876
3701|3356|1299|3920|206777
20612|9044|1299|6453|19318|201813
5713|174|22381|267470|263047|264389
35369|1764|174|216211|211575
7713|174|1299|12859|47065|61574
14907|1299|12956|212721
40994|6939|28917|9110
12350|1299|6453|29208
15576|8220|1299|174|37468|61568|266460|61625
209|3356|174|1916|47065|61574
48070|6939|24796
29075|12859|47065|61574
29504|39392|174|20473|47065|61574
57866|1299|37468|270551|263047
47147|1299|174|21700|399914
28917|6939|1299|5617|42673
36994|1273|174|3130|47065|61574
57777|8298|25091|1299|198949|35676
198385|15576|174|60068|197103|212080
29222|6939|6830
6830|6939|25192|29067
40994|57463|41327|206182
29222|6939|48070|60894
34019|29169|174|60068|205884
20514|1299|37468|53062|266493|61625
58308|6939|1299|58321
58308|6939|1299|60068|212238
59890|174|52468|262393
55222|1299|29695|206557|204503
1403|577|174|20723|2852|202874
46450|1299|3920|206777
398465|4826|1299|8551|20473|47065|61574
57381|50304|12859|47065|61574
50628|3356|174|210|47065|61574
3491|174|399697|39967|399697
3741|174|1299|6855|39904|47767
58308|6939|268624
3170|212175|174|212175
3491|174|204548|215728
58308|6939|268624|262594|269603
263237|174|10490|2722|12148|47065|61574
28917|6939|1299|23520|52286|264764
139317|44324|32595|174|53667|198734
139317|44324|32595|174|3573
6894|174|35598|52091
29222|6939|3170|205739
19653|3356|21320|5408|47065|61574
139317|44324|32595|174|209594
1299|6453|60068|216213|205884
210937|1299|1680|20473|47065|61574
4601|50869|6939|28370|263060
398465|3320|1299|20473|399970
207841|6939|29222|204957
7713|1299|3356|16735|2716
398465|7922|1299|20473|47065|61574
2516|1299|10490|2722|12148|47065|61574
198249|4601|4492
28917|6939|1299|20473|20420
4601|50869|6939|2852|201648
6730|6830|174|10490|2722|12148|47065|61574
20253|1299|6855|39904
41666|20764|52091|206810|50204
327782|5511|174|11432|271150|272738
266213|3356|7720|44324|215172|214955
3170|7195|11432|271150|272738
6830|174|1916|47065|61574
6424|6939|28917|201119
29222|6939|62000|198825
6908|1299|6855|39904|202605
40994|6939|28370|268521
59890|60068|33891|34927|202532
3257|174|201814|209896
58308|6939|199399
34927|1299|6855|39904|199604
44324|32595|174|395687
28917|6939|1299|15830|3819
139317|44324|32595|174|20473|328760
39351|174|7545|20473|47065|61574
139317|44324|32595|174|198104
28917|6939|1299|20940|63949
3170|3223|34224|12735
48070|6939|25192|20701
24961|1299|20473|47065|61574
16552|1299|3356|8772|215536
28917|6939|1299|25575
34288|1299|6762|49666|58224|214805
12859|1299|6453|4755|7768
58308|6939|7018|154126
8220|1299|3356|28370|268198
5405|6939|30893
19653|30600|174|140227|44324|205369
210312|4601|50869|208453
327782|5511|174|11432|271150
6730|6830|3356|3223|41327|51580
57111|41327|19318|201813
52873|12956|174|399697|39967|399697
58308|6939|1299|199524|62553|205941|211281
7713|174|22381|267470|263047|264389
28917|6939|30893|204789
50629|6939|28370
215596|174|11432|271150|272738
41327|21700|399914
34800|58057|50673|8283|47065|61574
58308|6939|553|34878
19653|30600|1299|6855|39904|202605
40994|57463|7713|1299|56308
4181|1299|5511|49666|58224|214805
7018|3356|20473|47065|61574
25091|2603|21320|5408|47065|61574
199938|1299|174|3130|47065|61574
213151|34549|174|216211|211575
8283|33891|216067|44244
1299|6939|196610|48927
58308|6939|1299|206924|204318
28917|20764|52091|206810|210063
44324|32595|174|55644
44324|32595|174|270126|270215
8220|1299|3356|28370|53079
58308|6939|1299|17072|272336
34019|6939|30893|200690
58057|1836|8455|8283|47065|61574
47160|174|216211|211575
12552|8283|47065|61574
44324|32595|174|30919
20130|23352|2914|1299|34927|202532
59105|2518|1299|6855|50698
17350|3356|2914|12859|47065|61574
28917|8551|20473|47065|61574
58308|6939|200462|213579
48070|1299|3356|28370|263060
58308|6939|1299|214002
28917|8359|57304|203786
31742|174|210|47065|61574
513|174|1299|34927|202532
4601|6939|28917|39134|39561|197695
398465|3320|1299|3920|206777
58308|6939|7018|22729
207841|6939|28917|39134|39561|197695|210550
28917|6939|1299|15830|400498
4601|6939|28917|6789|201069|207979
58308|6939|1299|22773|20940
15935|174|216211|211575
58308|6939|9120
15623|174|20473|47065|61574
58308|6939|199081|209847|215540
205112|33891|216067|44244
44324|32595|174|208765
559|8551|20473|47065|61574
28917|6939|1299|20473|208505
139317|44324|32595|174|2901
139317|44324|32595|174|21826|273843
45352|1299|3223|41327|51580
6667|1299|174|37468|61568|266460|61625
20932|1299|6762|49666|58224|214805
266213|3356|174|3130|47065|61574
210312|4601|50869|203704
204092|6939|24796
28917|6939|1299|7979
34019|6939|393682
49544|3356|174|20723|2852|202874
207841|6939|28917|24651
209|3356|174|201814|209896
8220|1299|10490|2722|12148|47065|61574
31122|6453|1299|20473|399970
553|1299|3356|28370|263535
58308|6939|1299|210909
39351|1299|198949|35676
204092|6939|29222|204957
207841|6939|28917|52191
5405|52320|7162|13878|52468|271150
1403|577|6830|34927|202827
34854|1299|3356|28370|53079
58308|6939|28917|39153
207841|61049|174|140227|44324|205369
3130|174|12956|212721
31742|1299|12956|212721
12859|6939|39790
28917|6939|1299|6855|203208
42541|9002|12555
60068|174|140227|44324|205369
22652|1299|3920|206777
23367|1299|3356|16735|273514
24961|1299|174|3130|47065|61574
35426|215596|1299|6762|16735|2716
58308|6939|1299|10396|397566
34177|174|210329|215728
32590|1299|1680|20473|47065|61574
6424|266460|61625
28917|6939|1299|23520|6639
58308|6939|41073
3170|174|399697|39967|399697
44324|32595|174|43872
42541|14840|269288
34019|6939|2852|61110
210312|4601|50869|34019|212783
28917|6939|1299|23520|11139|14694
3170|174|210329|215728
204092|6939|28370|263060
20253|1299|6453|29208
7660|2516|174|21700|399914
12637|20764|43298|48678|210574
44324|32595|174|36352
28634|4230|174|20723|2852|202874
47147|1299|2914|226|47065|61574
553|6939|42695
28917|6939|1299|40785
30600|174|210329|215728
210312|4601|50869|59645
35008|1299|35598|52091|206810
23367|1299|6453|4755|7768
58308|6939|1299|52468|271948
199524|3356|174|20723|2852|202874
49432|48362|1299|8551|44709
139317|44324|32595|174|57974|401452
198249|20473|47065|61574
139317|44324|32595|174|53667|152697
29222|6939|56595|58148
28917|6939|1299|21859|63473|55223
3549|3356|1299|6855|39904|202605
139317|44324|32595|174|27951
37739|3491|174|1916|47065|61574
210312|4601|50869|215828
28917|6939|1299|20473|38008
553|174|22381|267470|263047|264389
37239|37468|174|6762|49666|58224|214805
199938|1299|174|60068|205884
204092|13335|400095
45049|6696|1299|3257|20473|47065|61574
58308|59689|30781|1299|10490|2722|12148|47065|61574
29222|1299|35598|52091|206810
28917|6939|1299|20473|149285
3356|174|32595|44324
209|3356|174|16276|203019
32590|1299|3223|41327|51580
41722|20485|174|3257|21034
28917|6939|1299|395403
58308|6939|7018|22600
4601|8298|25091|6453|174|20473|47065|61574
8283|6453|19318|209896
4601|50869|58299|209114|206072
6424|6939|28917|39153
5405|56630|209944
44324|32595|174|53667|14956
1299|9002|8772|215536
1299|3257|204548|215728
57695|917|60068|174|1916|47065|61574
45049|6696|1299|7545|20473|47065|61574
174|1299|25091|8298|4601|4492
47147|1299|6855|39904
262427|174|1299|8551|44709
29222|6939|393682
9002|1299|56504|47674
51519|39351|174|3356|16735|273514
16552|6453|174|201814|209896
13786|174|204548|215728
8280|6762|174|22381|267470|263047|264389
28917|6939|1299|213291
48070|7195|11432|271150|272738
28917|6939|1299|20473|199682
47957|3356|174|210|47065|61574
680|1299|35598|52091|206810
215596|1299|6762|267470|263047
58308|6939|8194|206600
28917|6939|1299|16276
17350|6453|174|60068|216213|205884
28634|4230|1299|21351|60132
40994|174|11432|271150|272738
51873|6830|174|21700|399914
398465|1299|56630|209944
1140|24785|6830|3257|20473|47065|61574
29222|6939|208453|214639
8218|6461|174|204548|215728
58299|3216|51032|41344|39707
41666|20764|52091|206810|57164
6424|6939|28917|8926|200019|48753
58308|6939|29208|196653
327727|174|16276|203019
13030|1299|174|14840|269288
20205|1299|6453|19318|209896
199524|1299|34927|202827
4601|50869|58299
34854|1299|6855|50698
28917|6939|1299|8240
15605|35598|52091|206810|12773|52213
58057|174|399697|39967|399697
28917|6939|1299|46161
4601|50869|6939|28370|268198
50673|174|3257|20473|47065|61574
58308|6939|6830|23520|11139|399915
1299|3257|19318|209896
139317|44324|32595|174|21320|5408|47065|61574
204092|34019|4601|4492
6830|6939|30893|13214
6453|174|8551|20473|47065|61574
34800|58057|50673|174|210329|215728
34019|3223|41327
28917|6939|1299|20473|200936
6696|5511|174|11432|271150
1299|23764|35168|212999
210312|4601|50869|41051|214763
44324|32595|174|400519
60068|1299|23764|35168|212999
28917|6939|3170|59410
2518|33891|216067|44244
15605|6939|215172|214955
999|6453|174|3130|47065|61574
29222|6939|29208|34222
58308|6939|7018|400393
132825|174|20723|2852|202874
6057|174|60068|216213|205884
215596|1299|20473|47065|61574
48070|6939|30893|13214
35600|35598|52091|206810|12773|44710
199524|1299|9002|8772|396416
28917|6939|263047|262578
4601|50869|6939|30893
58308|6939|7018|397799
14537|174|210329|215728
61568|6762|1299|8551|44709
28917|6939|48678|47951
58308|6939|263047
58308|6939|39791|49101|211274
44324|32595|174|51847|151338
6908|1299|6762|16735|273514
327727|174|13335|5408
3701|174|37468|61568|266460|61625
58308|6939|1299|32270|265547
56987|174|21320|5408|50148
28917|6939|1299|198949
553|1299|6461|394737
28917|6939|7018|30614
48185|1299|56504|47674
513|29222|6939|8194
7594|174|35598|25308|28917|9049|51017
59689|29075|174|8551|20473|47065|61574
28917|6939|1299|17676|4725
45049|6696|1299|20473|47065|61574
57381|50304|1299|3356|28370|53079
44324|32595|174|61097
35600|1828|13789|30372|3356|174|393216
60068|174|11432|271150
58308|6939|9136|213068
58308|6939|6830|204210
25369|174|52468|271150
1140|6830|60068|216213|205884
44324|32595|174|203623
20612|9044|174|3130|47065|61574
58308|6939|200712
209823|3356|174|399697|39967|399697
210312|4601|50869|204003
24516|174|6762|49666|58224|214805
2734|32098|28509|174|23520|28545
58308|6939|1299|21859|42969
199524|174|35598|52091|206810
48185|1299|3223|41327|51580
1031|999|6453|174|28189|266931|271615|273522|271150
6424|6939|42695
6453|1299|12859|47065|61574
58308|6939|6424|39384
5405|6939|2852|202874
7018|3356|16735|273514
59689|30781|1299|6855|39904
139317|44324|32595|174|210684
41666|1031|266493|61625
19151|174|60068|197103|212080
6730|6830|3356|28370|263060
55720|2914|1299|6855|39904
28917|6939|1299|20473
58308|6939|1299|270122|270111
63927|1299|6855|39904|199604
60068|174|1916|47065|61574
52025|174|35598|52091|206810
327960|174|7311|835|394273
28917|6939|1299|20115|22677|397019
50877|6762|174|11432|271150|272738
40994|57463|41327|24796
34854|1299|42303|51701|30893
58308|59689|29075|174|216211|211575
33891|29632|59682
34854|1299|6855|39904|47767
41327|6461|17378|8119
28917|6939|1299|20473|40574
4764|174|28189|266931|269250|271150
58308|6939|1299|835|52025|210338
29222|6939|47160|205669
12859|22356|28370|263535
215596|1299|20473|399970
199524|174|21320|5408|47065|61574
139317|44324|32595|174|33811
28917|6939|1299|20473|19879
42473|1299|174|210329|215728
20253|1299|3356|16735|2716
49788|1299|3356|14840|269288
7018|6939|28370|268521
58308|6939|1299|36352|40092
971|174|399697|39967|399697
2516|1299|3920|206777
8220|1299|34927|202827
49028|1299|6939|28370|28657
58308|6939|1299|61327
25152|2914|1299|35598|52091|206810
32590|137409|6461|21320|5408|47065|61574
199524|1299|3356|28370|267608
50629|6939|33924
12859|14840|2716
28917|6939|1299|9009|208414
210312|4601|50869|34019|205816
20055|1299|3223|41327|51580
11039|6461|174|37468|61568|266460|61625
207841|6939|28917|12668
8283|6762|53062|266493|61625
50629|6461|9498|20473|47065|61574
3257|1299|34927|202532
210312|4601|50869|58299|209185
32590|12956|1299|6855|39904|199604
3333|12859|3223|41327|51580
140627|2914|174|399697|39967|399697
35600|6939|28917|12668
553|62255|52091|206810|8274
48185|1299|3257|204548|215728
28917|6939|7018|16816
48070|34927|202532
12637|16276|203019
28917|6939|1299|20473|63150
39122|1299|3257|20473|47065|61574
4601|9002|8772|215536
22652|1299|10490|2722|12148|47065|61574
204092|3216|51032|41344|39707
139317|44324|32595|174|6405
210312|4601|50869|41051|201445
36924|1299|3356|28370|267608
2516|1299|1680|20473|47065|61574
2152|3356|1299|22773|8119
34019|6939|54429|401894
3356|1299|20473|47065|61574
58308|6939|1299|8151|28403
49028|6830|60068|211571
50304|1299|3356|20473|47065|61574
196621|6939|60432
28917|6939|1299|19332|265534
29222|6939|15935
1299|29695|206557|208835
42541|1299|198949|35676
29222|174|60068|205884
29222|6939|3170|214199
44324|32595|174|57974
6830|174|399697|39967|399697
174|60068|197103|212080
7018|3356|21320|5408|50148
398465|4826|9002|21320|5408|47065|61574
1403|577|174|37468|61568|266460|61625
8283|6939|42695
12779|62255|52091|206810|211692|214268
17660|2914|1299|3920|206777
29222|6939|28370|267608
136557|174|210329|215728
132847|7474|7473|1299|3920|206777
199524|21320|5408|47065|61574
58308|6939|7018|19065
8426|3257|174|399697|39967|399697
42541|1299|37468|270551|263047
34927|1299|3257|204548|215728
199524|1299|3356|28370|263060
50629|6939|28370|267608
58308|6939|1299|206264
37271|174|20473|47065|61574
29075|1299|60068|197103|212080
210312|4601|50869|215828|215375
33891|37468|270551|263047
139317|44324|32595|174|329344
55222|1299|25091|8298|4601|4492
58308|35598|52091|206810|57460
58057|50673|174|201814|209896
139317|44324|32595|174|47674
16552|6453|174|28189|266931|269250|271150
8283|20764|52091|206810|35273
36236|174|140227|44324|205369
50628|6453|174|11432|271150
35266|1299|8551|44709
210312|4601|50869|6939|58308
45049|6696|1299|174|21320|5408|47065|61574
58308|6939|1299|40785
60068|1299|6855|50698
6830|6939|28370|263535
3170|6939|28917|6789|201069|207979
5405|6939|39790
44324|32595|174|22115
132337|12859|47065|61574
58308|6939|7018|399611
29222|6939|9136|206236
29680|174|20473|47065|61574
20055|174|21320|5408|50148
4601|50869|6939|393682
49605|6762|174|60068|216213|205884
52075|6762|174|3130|47065|61574
44324|32595|174|1299|25091|8298|4601
327727|174|22381|267470|263047
29222|6939|553|204680|208974
16347|1299|174|37468|61568|266460|61625
3491|174|11432|271150|272738
58057|50673|174|21320|5408|47065|61574
202365|50673|174|399697|39967|399697
327960|327782|5511|174|11432|271150
58308|6939|1299|15659
398465|174|140227|44324|205369
58511|1299|174|20473|47065|61574
28917|20764|52091|44660
1853|20965|5408|47065|61574
1299|174|37468|61568|266460|61625
553|1299|6453|19318|201813
44324|32595|174|18907
20514|1299|21351|60132
12389|1299|20473|201423
140627|1299|4230|2716
58308|6939|1299|60068|62651
41327|174|399697|39967|399697
60068|33891|12859|47065|61574
6424|174|5538|8194|29345
559|20764|43298|48678|210574
34927|52025|174|210329|215728
59890|174|210|47065|61574
7018|3356|3216|51032|41344|39707
48070|1299|3491|20473|47065|61574
29222|6939|30893|200690
34177|1299|174|22381|267470|263047|264389
58308|6939|3170|210495
58308|6939|29222|41495
58308|6939|33891|60068|212238
28917|6939|1299|396993|208812
6830|6939|2852|210498
58299|62255|52091|206810|57460
58308|6939|268047
64475|62255|52091|206810|211101
3257|1299|6939|24796
49432|48362|1299|6762|267470|263047
58308|6939|24796|63293
139317|44324|32595|174|12189|207134
25160|1299|6855|39904|47767
18106|174|140227|44324|205369
210312|4601|6939|28917|20985
35625|3257|174|20473|47065|61574
1764|174|52468|271150
139317|44324|32595|174|399646|206042
28917|6939|1299|20473|142281
14907|1299|174|216211|211575
4777|2497|174|52468|271150
28917|6939|1299|20335
58308|6939|7018|397568
7473|1299|7195|20473|47065|61574
6461|1299|60068|197103|212080
6830|6939|25192
28917|6939|1299|12293
23367|1299|8943|200636
1403|577|1299|12956|212721
28917|6939|1299|23520|267797
8283|20764|52091|206810|12773|47809|50780
5405|6939|30893|13214|35634
34288|1299|2914|226|47065|61574
34927|56655|1299|7195|20473|47065|61574
58308|6939|6830|23520|267853
58308|6939|1299|10158
58308|6939|6830|23520|262202
139317|44324|32595|174|51110
3170|6939|28917
3333|1273|174|52468|271150
14907|1299|34927|202532
15605|6939|50989|50683
40994|6939|28370
44324|32595|174|57974|266
58308|6939|7018|401763
12779|39801|199881
41327|16164|36032
559|35598|52091|206810|208435
44324|32595|174|59402
210937|1299|174|22381|267470|263047|264389
28917|6939|1299|22773|54706
44324|32595|174|24429
20764|174|3356|28370|28657
196621|4601|4492
58308|6939|5405|39614
58308|6939|9136|34219
35008|1299|174|60068|205884
210312|4601|50869|213768|205634
23367|1299|3356|28370|264426
559|34927|202532
1299|6939|30893
1299|3257|20473|47065|61574
210312|4601|6939|28917|12668|197404
48362|1299|3356|28370|28657
50629|44592|49581|209693
6667|1299|25091|8298|4601|4492
8283|20764|52091|206810|12773
19151|174|210329|215728
2734|2914|12859|47065|61574
36924|1299|20473|201423
1299|6939|30893|13214|35634
58308|35598|52091|206810|208435
210937|1299|3356|28370
328840|327727|174|6461|394737
210312|4601|50869|52025|35100
28917|6939|1299|54103
28917|6939|3170|203589
6461|1299|201814|209896
58308|6939|6830|23520|27665|46764
29075|6762|174|37468|61568|266460|61625
28917|6939|1299|27589|11110
8220|1299|3356|28370|263535|268030
6461|174|34927|202827
34549|1299|8551|44709
44324|32595|174|395461
202032|58115|21263|56984
139317|44324|32595|174|50297
50877|5405|6939|30893|13214|35634
48070|6939|29222|513|20940
139317|44324|32595|174|53667|210025
44324|32595|174|399646|13317
4601|50869|34019|201080
28917|6939|3170|203363
51873|6830|3257|20473|47065|61574
25160|1299|198949|35676
24516|3491|1299|34927|202532
215596|1299|6461|394737
3170|6939|28370|267556
139317|44324|32595|174|198725
6453|174|210|47065|61574
58308|6939|1200
210312|4601|50869|52025|210100
51519|39351|174|3356|28370|28657
6830|6453|19318|201813
139317|44324|32595|174|62810
34854|1299|3356|28370|28657
8283|34927|202532
4608|1221|4637|33891|216067|44244
23367|1299|3356|28370|267556
196621|15576|174|60068|197103|212080
44324|32595|174|207136
205206|1299|3356|28370|263535
6424|6939|28917|8491
29479|50304|1299|8551|44709
28917|6939|1299|212582
7474|3257|174|60068|216213|205884
28917|6939|1299|44239
6830|6939|28370|263060
5511|1299|20473|201423
4637|3257|1299|3920|206777
2497|1299|56630|209944
36924|1299|6855|39904|199604
58308|6939|215085|207682
29222|6939|28370|270962
47160|174|20473|47065|61574
58308|6939|1299|3301|43645
44324|32595|174|399646
7594|174|5459|200070
6461|174|11432|271150
199524|174|3257|9498|20473|47065|61574
49028|1299|3356|16735|2716
6720|1764|174|60068|205884
6424|6939|28917|35539
1273|174|37468|61568|266460|61625
207841|6939|30893|13214
51519|39351|174|22381|267470|263047
28917|6939|1299|52468|272936
15935|13335|400095
52873|12956|1299|6855|39904|202605
35008|1299|12859|47065|61574
28917|6939|25400|21293
5413|1299|6762|16735|273514
17350|2914|174|399697|39967|399697
24516|174|12956|212721
6830|3491|209810|207187
139317|44324|32595|174|19237
58308|6939|1299|9829
553|1299|6762|49666|58224|214805
3130|174|14840|269288
34854|1299|6453|4755|7768
28917|6939|7018|10439
209650|34927|1299|37468|270551|263047
40994|174|201814|209896
12779|9002|12555
139317|44324|32595|174|14178|272300
48070|1299|3356|28370|263535
271253|6453|2914|12859|47065|61574
24785|6830|3356|28370|268198
58308|6939|1299|11172
3170|25180|174|41327|206173
50877|5405|37271|20473|47065|61574
58308|6939|28917|198297
210312|4601|50869|200242
4601|50869|41051|215153
34854|1299|174|21320|5408|47065|61574
4601|6939|28917|197078
28917|6939|1299|62913
58057|50673|174|7545|20473|47065|61574
3130|174|3356|9002|8772|396416
42541|20473|47065|61574
8283|6939|2852
6082|2914|12859|47065|61574
6894|174|138997|216211|44324|205369
35280|6453|174|21320|5408|47065|61574
6730|6830|174|52468|271150
6461|174|28189|266931|271615|273522|271150
6461|1299|20473|47065|61574
20080|2914|3356|21320|5408|47065|61574
4181|1299|6453|4755|7768
852|33891|216067|44244
58308|35598|52091|206810|24881|24697
35426|215596|1299|3356|28370|263963
50628|6453|174|20473|47065|61574
14907|6453|174|399697|39967|399697
34927|56655|1299|60068|216213|205884
34927|1299|174|21320|5408|50148
139317|44324|32595|174|11990|17217
6830|5511|49666|58224|214805
58308|6939|1299|199544
39392|174|60068|205884
328206|37739|3491|174|37468|61568|266460|61625
917|60068|174|21320|5408|50148
2734|16735|266931|271615|273522|271150
12859|22356|28370|28657
42473|1299|3356|1680|44709
48185|1299|8551|20473|47065|61574
174|6453|8551|44709
139317|44324|32595|174|53587|22552
6453|1299|6855|39904|199604
59890|174|3356|28370|28657
28917|6939|7018|4185|13979|14298
139317|44324|32595|174|7413
28917|6939|1299|131429
51088|3257|33891|216067|44244
32590|1299|174|22381|267470|263047|264389
148968|7474|7473|1299|34927|202532
6424|6939|50989|205966
12779|6939|2852|200874
11039|6461|1299|8551|44709
4601|6939|28917|198297|51081
9268|4764|1299|25091|8298|4601|4492
28917|6939|1299|51290
29222|6939|62000|198831|212133
57111|41327|2603|21320|5408|50148
49028|1299|6939|28370|267556
28917|6939|1299|20473|214921
12779|6939|28370|264426
58308|6939|1299|20473|211321
8529|1299|174|3130|47065|61574
3170|57463|14840|2716
20055|1299|29695|206557
513|174|20473|47065|61574
29222|6939|28917|9110
139317|44324|32595|174|207498
57381|50304|1299|4230|2716
48070|6939|25192
21412|1299|198949|35676
58308|6939|1299|50304
58299|62255|52091|206810|208435
15562|2914|1299|201814|209896
3356|2914|12859|47065|61574
28917|6939|50989|50683
25220|3356|174|20473|47065|61574
6667|1299|60068|216213|205884
2497|1299|20473|47065|61574
28917|20764|52091|206810|48687
6424|3920|206777
28917|6939|1299|20473|43131
139317|44324|32595|174|398636
16552|1299|35598|52091|206810
58308|6939|1299|265620|270145
28917|6939|200303
35600|30781|1299|6855|39904|199604
6730|6830|3356|3223|41327
50304|1299|3356|28370|264426
58308|35598|52091|206810|214210
328840|327727|174|6453|19318|201813
58308|6939|1299|22439
51519|39351|174|3257|60068|206406|210557
28917|6939|1299|20473|203145
55720|2914|174|204548|215728
50629|20764|52091|206810|57460
28917|6939|1299|60068|197103|198234
1140|24785|6830|3356|28370|267608
22652|1299|6762|49666|58224|214805
51519|39351|1299|3223|34224|12735
196621|15576|56630|209944
28917|6939|1299|141039|209854
15547|174|3356|8119
58308|6939|1299|262206|28036
58308|6939|553|42873
35280|6453|174|60068|205884
6424|6939|28917|21453|41783
34019|47160|174|8551|20473|47065|61574
53828|2914|1299|6855|39904
394256|174|52468|271150
8529|1299|7545|20473|47065|61574
58299|174|210|47065|61574
139317|44324|32595|174|204413
57111|174|1299|25091|8298|4601|4492
139317|44324|32595|174|54419
58057|174|11432|271150|272738
30781|1299|10490|2722|12148|47065|61574
58308|6939|1299|60068|216213|200216
15605|6939|29222|207688
139317|44324|7720|10111|1299|12859|47065|61574
1257|174|22381|267470|263047|264389
35426|215596|1299|3223|41327
210312|4601|50869|6939|28370|267556
37271|174|28189|266931|271615|273522|271150
20253|1299|3356|28370|267556
174|12389|49666|205647|49801|204533
34019|44592|49581|209693
398465|3320|1299|25091|8298|4601|4492
6830|6939|28370|267608
28917|6939|1299|20940|34164
8283|6939|29222|513|20940
196621|15576|174|20473|47065|61574
28917|6939|1299|23033|27323
28917|6939|1299|20473|401778
12859|6939|24796
58308|6939|56595|206324
31122|174|5538|8194|29345
58308|6939|6830|23520|52253
148968|7474|3257|174|1916|47065|61574
140627|2914|1299|3920|206777
29075|1299|3356|28370|263060
8426|6777|47065|61574
14907|5405|32787|202161
553|7195|20473|47065|61574
36924|1299|3356|28370|267556
41327|6939|15372|203592
24516|3491|5408|47065|61574
58308|6939|7018|4185
58057|174|6453|29208
20253|1299|7195|28189|266931|271615|273522|271150
6730|6830|3356|56630|209944
132337|1299|3356|8119
58308|6939|553|204680
553|6939|16652
58308|35598|52091|206810|211692|214268|197578
35600|6939|2852|197451
41327|6461|9498|20473|47065|61574
210312|4601|50869|213768|204768
14907|1299|6762|16735|273514
151326|174|3356|28370|268521
28917|6939|41073
57381|50304|1299|3356|16735|2716
6830|7195|28343|2716
28917|6939|1299|48851
49544|3356|1299|10490|2722|12148|47065|61574
136557|174|7311|835|394273
58308|6939|1299|46261|49548
24482|6424|44592|49581|209693
2497|174|1916|47065|61574
28917|6939|1299|29551|35042
328840|327727|174|50509|51032|41344|39707
3701|174|35598|25308|28917|204076
13030|1299|6453|4755|7768
41327|6939|2852|61110
42541|62255|52091|206810|56766
12389|174|20473|47065|61574
8283|20764|52091|206810|211692|214268|197578
971|174|6453|4755|7768
35600|35598|52091
20912|174|204548|215728
513|174|210329|215728
28917|6939|1299|51057
58308|6939|1299|20473|205417
3491|174|28189|266931|271615|273522|271150
29479|50304|1299|3223|41327|51580
1299|3223|34224|12735
139317|44324|32595|174|33182
50628|1299|174|3130|47065|61574
44324|32595|174|398843|401431
58308|6939|2852|212876
15623|174|3130|47065|61574
327960|174|3356|3223|41327|51580
139317|44324|32595|174|56718
264479|6762|1299|6855|39904
28917|6939|1299|20473|54041
58299|62255|52091|206810|196767
34019|47160|174|22381|267470|263047|264389
3356|174|1916|47065|61574
48070|6939|28917|197078
28917|6939|1299|6424|47787
28917|6939|1299|198218
58308|6939|1299|29774|21538
57463|8455|8283|47065|61574
29222|6939|47160|214390
28917|6939|1299|20473|208393
29222|6939|32097|22295|206042
174|28189|266931|269250|271150
29479|50304|1299|20473|399970
3356|174|210|47065|61574
28917|6939|1299|8926
35600|35598|52091|206810|57460
6696|1299|3356|8772|215536
47147|1299|6939|54429
28917|6939|1299|20473|142553
6424|9498|20473|47065|61574
34927|56655|1299|3356|16735|273514
6453|174|11432|271150
36924|1299|20473|399970
28917|6939|1299|20473|398338
3320|1299|8551|44709
263237|174|6453|4755|7768
28917|6939|1299|20473|150788
206356|50629|264409|61832|266460|61625
1299|3356|28370|263963
28917|6939|1299|23520|28088
196621|6939|33924|198890|57463|34772|35047|5414
58308|9002|197068
50304|1299|8943|200636
7018|1299|29695|206557
204092|34019|47065|61574
23367|1299|1680|20473|47065|61574
15576|174|210|47065|61574
8280|6762|1299|8551|44709
58308|6939|50989|48116
28917|6939|1299|20473|212217
28917|6939|1299|20473|139589
44324|32595|174|3266
215596|1299|3356|8119
62167|3356|1299|20473|47065|61574
55222|174|14840|269288
28917|6939|8194|51955
62167|174|20723|2852|202874
34927|1299|174|60068|205884
196621|6939|28917|20985
6894|3257|174|140227|44324|205369
25091|5511|174|5538|8194|29345
19653|30600|1299|6855|39904
44324|32595|174|397423
210312|4601|50869|215828|201541
44324|32595|174|15121
44324|32595|174|60239
39351|174|3356|16735|273514
34854|1299|1680|20473|47065|61574
35426|215596|1299|3223|41327|51580
4601|7195|11432|271150
29222|6939|3170|59410
28917|6939|3170
17639|1299|60068|197103|212080
35600|50263|21263|33814
50877|42295|33891|216067|44244
6830|6453|8551|44709
207841|6939|2852|197277
58308|6939|263047|267961
513|174|140227|44324|205369
56655|1299|6762|267470|263047
4601|50869|41051|200306
31510|174|399697|39967|399697
398465|1299|6453|1031|61568|266460|61625
132847|7474|7473|1299|34927|202827
31742|1299|3356|28370|263060
28917|6939|1299|23520|264821|271982
28917|6939|1299|265780|273827
58308|6939|7018|7287|13965
205206|1299|3356|28370|269016
28917|6939|7018|6621|265705
7474|3257|174|21320|5408|47065|61574
1403|577|1299|10490|2722|12148|47065|61574
1299|6939|24796
49544|1299|34927|202532
59414|6830|60068|211571
3170|6939|28917|21453|41783
513|25091|8283|47065|61574
6894|3257|1299|198949|35676
139317|44324|32595|174|19982
56655|1299|3356|8772|215536
6830|6453|19318|209896
60068|1299|6939|28370|263060
139317|44324|32595|174|12222
34927|12186|1299|22773|8119
45049|6696|1299|6855|39904|47767
21700|174|52468|271150
139317|44324|32595|174|398885
34927|60011|3356|1299|22773|8119
58308|6939|1299|25400
24516|174|204548|215728
58308|6939|50629|211664
4775|1273|174|21320|5408|47065|61574
44324|32595|174|47787|203020
135895|4826|1299|8551|44709
12307|29691|33891|216067|44244
6730|6830|1299|20473|399970
3333|12859|3223|34224|12735
28917|6939|199095
3170|6939|28917|21453|199933
4601|50869|6939|2852|210498
28917|6939|1299|63199
35426|215596|174|399697|39967|399697
40387|1299|56630|209944
199524|6762|1299|198949|35676
7713|174|21320|5408|47065|61574
3320|1299|29695|206557
196621|6939|28370
24785|6830|2914|226|47065|61574
6423|20055|174|37468|61568|266460|61625
58308|6939|1299|18678|262589|272937
41327|6939|25192
210937|1299|174|37468|61568|266460|61625
8298|25091|6830|60068|216213|205884
204092|6939|207995
42473|1299|6453|19318|209896
41327|174|60068|197103|212080
174|3130|47065|61574
8220|6453|174|60068|216213|205884
4601|50869|57777
60068|33891|7195|28343|2716
917|25369|21320|5408|47065|61574
20612|9044|1299|2914|226|47065|61574
8218|6461|174|60068|197103|212080
58308|6939|7018|25996
216285|8280|6762|174|8551|20473|47065|61574
199524|1299|6855|39904|47767
210312|4601|50869|52025|214323
212483|33891|216067|44244
58057|50673|174|3257|22773|8119
10111|1299|198949|35676
36924|1299|6855|39904|47767
5413|1299|4230|2716
4608|7575|6461|174|37468|61568|266460|61625
7018|6939|2852|200874
28917|6939|1299|19332|273255
44324|32595|174|398980
8283|20764|52091|206810|213694
58308|6939|7018|11992|399599
12859|6830|60068|216213|205884
328964|37468|174|20473|47065|61574
28917|6939|28370
37105|37662|174|22381|267470|263047
34927|1299|1680|20473|47065|61574
394256|174|21320|5408|47065|61574
29222|6939|32097|33387
6453|1299|29695|206557|208835
210312|4601|50869|52112
3170|8551|20473|47065|61574
12350|1299|3356|28370|263535
4601|50869|52025|212895
29222|6939|2852|197277
204092|34019|266493|61625
4601|6939|28917|6789|203561
58308|6939|7018|396973
204092|6939|42695|43101
12956|1299|29695|206557|208835
2497|2603|21320|5408|47065|61574
204092|6939|28917|48610|57712
50304|1299|3356|22381|267470|263047|264389
1280|1299|3223|34224|12735
6424|6939|54429
44324|32595|174|20278
49028|1299|201814|209896
28917|6939|47160|205669
12637|35598|52091|48158
6830|9002|12555|48430
12969|1299|6762|267470|263047
215596|1299|3356|28370|28657
6730|6830|9002|12555|44676
41327|1031|266493|61625
34800|58057|50673|174|140227|44324|205369
28917|6939|200462|215163
16347|1299|6762|60068|205884
58308|39801|60983
139317|44324|32595|174|265612
12350|34177|174|204548|215728
60068|174|216211|44324|205369
6424|6939|30893
40994|6939|28917|47438
42541|62255|52091|206810|48595
4764|174|28283|268744|2716
37239|37468|174|12956|212721
44324|32595|174|263167
50877|5405|6939|28370|263535
327960|174|201814|209896
58308|6939|1299|30823
58308|6939|6830|23520|64126|274130
6908|174|60068|205884
34019|6830|60068|211571
58308|35598|52091|206810|39089
44324|32595|174|32473
48185|2914|174|3130|47065|61574
35600|6939|30893
49028|1299|34927|202532
47147|1299|6939|28370
33891|21320|5408|47065|61574
136557|174|3356|9002|12555|48430
57695|917|60068|174|20723|2852|202874
49028|1299|6939|28370|264426
207841|6939|28917|9110
17639|174|28189|266931|271615|273522|271150
51519|39351|1299|6855|39904
32653|3741|174|1299|6855|39904
28917|6939|1299|8523
8283|6939|50989|50683
58308|6939|1299|63270|397301
14630|2914|174|20473|47065|61574
199938|15943|174|52468|271150
12307|29691|1299|8551|44709
23352|2914|12859|47065|61574
327804|37271|174|201814|209896
4601|50869|6939|2852|198500
58308|6939|30893|9423
58308|6939|29670|212520
28917|6939|1299|20473|153057|153168
139317|44324|32595|174|43160|199195
15605|6939|29222
48362|1299|6204|44592|49581|209693
6461|1299|56630|209944
207841|20764|202984|35598|25308|28917|204076
22355|30844|21320|5408|47065|61574
210312|4601|50869|41051|205415
41722|12389|174|3130|47065|61574
48185|1299|6855|39904|47767
58308|6939|7018|396169
2518|1299|60068|216213|205884
8283|2914|3223|41327|51580
58308|6939|1299|60068|133944
204092|6939|28917|34784
58308|6939|7018|3423
15623|174|60068|205884
207841|20764|43298|48678|213865
49544|1299|201814|209896
4601|50869|41051|211509
5405|6939|24796|63293
15605|35598|52091|206810|12773|47809|59478
4601|50869|52025
2734|16276|203019
58308|6939|1299|198818
58308|59689|30781|33891|60068|211571
34800|58057|50673|174|1299|20473|47065|61574
12956|174|20723|2852|202874
28917|6939|6830|23520|272401
6424|6939|28917|43886
58308|6939|6830|60068
58308|6939|28370|263535
58308|6939|1299|6128|54004|21835
3170|64049|174|55410|141549
210312|4601|50869|44324
61568|174|20473|47065|61574
4601|50869|41051|206633
28917|6939|1299|208905|212644
47147|1299|201814|209896
28917|6939|1299|23520|272012
20932|1299|6762|16735|273514
210312|4601|6939|30893|205563
3701|3356|1299|6855|39904
28917|6939|1299|27947|272890
207841|6939|50989|48116
971|174|201814|209896
34854|1299|7195|20473|47065|61574
58308|6939|1299|42615|398338
8455|1299|34927|202532
1403|577|1299|20473|47065|61574
4637|1299|174|399697|39967|399697
17660|6453|174|210329|215728
6730|6830|3356|28370
2497|174|35598|52091|206810
44324|32595|174|22439
13030|1299|12956|212721
559|6939|28917|6789|200702
210312|4601|50869|34019|209090|211781
9268|4764|1299|29695|206557
28917|6939|1299|52468|265684
35600|35598|52091|59815|25299
40994|57463|41327|60989
58308|6939|1299|17018|53698
12859|1299|174|399697|39967|399697
44324|32595|174|206310
553|62255|52091|206810|211101
44324|32595|174|14
58308|6939|48070|60894
28917|8359|57304|35168|21299
58308|6939|202297
199938|1299|3356|28370|53079
47311|150249|153176
28917|6939|62000|208226|205778
198249|34927|202532
205206|1299|3356|28370|53079
44324|32595|174|4261
48070|6939|28917|6789|201069|207979
398465|4826|1299|198949|35676
29222|6939|40994|203997
16552|1299|3356|1680|44709
1280|1299|198949|35676
1299|3356|20473|47065|61574
58308|6939|28370|267556
1140|24785|1299|20473|201423
58308|6939|1299|20473|199097
559|6830|60068|216213|205884
559|35598|52091|206810|59815|25299
28917|6939|1299|271
328840|327727|174|210329|215728
48070|6461|21320|5408|47065|61574
50629|1680|20473|47065|61574
57381|50304|1299|3356|8119
4764|1299|25091|8298|4601|4492
48919|174|60068|216213|205884
12307|29691|1299|3223|34224|12735
58057|174|34927|202827
42473|1299|6855|50698
50628|52025|212895|210320
60068|1299|6939|393682
206499|34549|1299|6855|39904
41327|6939|30893|13214|35634
132825|174|3356|8119
1836|33891|44592|49581|209693
327727|174|35598|52091|206810|211692|214268|196977
204092|34019|14840|269288
44324|32595|174|212081
44324|32595|174|48266
7594|174|14840|2716
139317|44324|32595|174|263157
41327|3356|174|20473|47065|61574
2734|37468|60068|216213|205884
17350|3356|1299|3920|206777
4601|50869|6939|54429
12956|1299|29695|206557|205190
46450|1299|6855|50698
4601|50869|199177
17639|1299|3257|20473|47065|61574
31742|1299|25091|8298|4601|4492
42541|62255|52091|206810|57460
6830|6939|28917|48084|35816
139317|44324|32595|174|14051|23431
35600|6939|2852|213152
23673|9900|23764|1299|20473|47065|61574
202365|50673|174|60068|197103|212080
199524|174|20473|47065|61574
35600|6939|30893|204789
58308|35598|52091|206810|5598
28917|6939|1299|21976|88
3399|5511|1299|198949|35676
35600|6939|50989|50683
28917|6939|1299|23520|52238
4601|50869|6939|28370|267556
4601|50869|52025|214420
6424|6939|28917|9110
139317|44324|32595|174|397026
394256|174|6453|29208
59105|2518|2516|174|3130|47065|61574
50877|5405|6939|25192
4601|50869|44324|198304|204518
12956|3356|21320|5408|47065|61574
266213|3356|174|5538|8194|29345
35710|3320|1299|52320|7162|13878|52468|271150
31510|174|5538|8194|29345
49028|1299|3356|28370|268198
12859|22356|28370|264426
58308|6939|8194|201547
48070|1299|60068|216213|205884
553|1299|3223|34224|12735
58308|6939|263047|264389
58299|62255|52091|206810|12773|47809|59478
31742|174|20723|2852|202874
13786|3356|1299|198949|35676
20205|1299|8551|20473|47065|61574
58308|6939|1299|208905|210625
59919|12779|33891|216067|44244
137409|2914|1299|198949|35676
139317|6939|1299|20473|399970
39122|174|140227|44324|205369
41722|20485|1299|8551|44709
12956|174|21320|5408|47065|61574
64475|6461|23352|20473|47065|61574
61218|29632|8455|8283|47065|61574
8283|14840|2716
40994|13335|5408
44324|32595|174|401429
16552|1299|29695|206557|205190
35600|35598|52091|206810|197643
58308|59689|29075|1299|8551|44709
50628|6453|174|60068|205884
47160|6939|24796
21232|15576|174|52468|271150
37662|174|3257|21034
215596|174|21320|5408|47065|61574
12779|62255|52091|48158
15576|174|60068|205884
28917|6939|1299|20473|146950
23367|1299|3356|28370
20205|174|22381|267470|263047|264389
3170|6939|28370|263535
6424|6939|207995
1140|24785|6830|174|3130|47065|61574
1273|174|140227|44324|205369
42541|62255|52091|206810|39089
20932|174|399697|39967|399697
16552|1299|20473|399970
132825|174|12956|212721
6082|174|37468|61568|266460|61625
28917|6939|1299|60068|197103|329324
1299|3356|28370|264426
7018|1299|29695|206557|204503
20253|1299|6762|267470|263047
28917|6939|1299|43646
29504|39392|174|60068|216213|205884
262427|174|6453|4755|7768
50629|6939|28370|268521
132825|174|60068|211571
29222|6939|35133|210558
57111|174|20473|47065|61574
29222|6939|50629|215236
16552|3257|174|3130|47065|61574
12859|6939|25192|29067
29222|6939|31319
1299|174|210|47065|61574
577|6830|34927|202827
28917|6939|196621
58308|6939|5405|215389
6830|174|10490|2722|12148|47065|61574
29222|6939|15935|198143
58308|6939|1299|393705
28917|6939|1299|1759|205250
34288|1299|3356|28370|268198
553|6939|28917|6789
44324|32595|174|12222
3320|174|399697|39967|399697
15935|6830|34927|202827
3399|174|5538|8194|29345
58308|6939|6830|23520|52468|273859
6830|3356|28370|53079
15623|3303|21320|5408|47065|61574
14537|3356|1299|6855|39904
210312|4601|50869|212934
29222|6939|56595|215320
58308|6939|1299|199524
28917|6939|1299|208905|212616|215283
12637|1299|6855|39904|199604
58308|6939|1299|23520|14638
1103|3257|174|20473|47065|61574
44324|32595|174|7497
398465|1299|3223|41327|51580
852|174|20473|47065|61574
58299|20764|43298|48678|210574
3214|28917|215730|209693
29504|39392|33891|20473|47065|61574
1764|1299|198949|35676
136557|174|1299|198949|35676
28917|6939|262365|263433|268967
32590|1299|3356|28370|263535|268030
199938|1299|174|204548|215728
23352|2914|1299|1680|20473|47065|61574
12307|29691|1299|174|3130|47065|61574
28917|6939|1299|3225|50475
42295|33891|216067|44244
553|9002|12555|198070
4601|50869|215296
199938|1299|56504|47674
12637|6939|28917|39134|39561|197695|210550
139317|44324|32595|174|30919
48070|6939|30893|204789
58308|6939|553|212522|63293
28917|6939|1299|14080|270018
215596|1299|6762|16735|2716
58308|6939|6830|23520|262178
39122|1299|6855|39904|47767
6424|1828|13789|30372|3356|174|393216
58057|174|22381|267470|263047|264389
199524|174|60068|205884
12637|1299|174|22381|267470|263047|264389
35266|2914|3356|21320|5408|47065|61574
34549|1299|33891|216067|44244
20055|1299|6855|39904|199604
11845|37468|1299|6855|39904|202605
40994|6939|28917|50045
37239|37468|1299|6855|39904|202605
204092|30781|1299|198949|35676
28917|6939|1299|32787|20940
48070|6939|28370|263060
64475|6939|54429
28917|6939|1299|263444
2497|174|56630|209944
34927|174|60068|205884
28917|6939|1299|199524|51191
139317|44324|32595|174|16843
40994|6939|33924
6667|33891|60068|211571
140627|1299|6855|39904|202605
7018|3356|8772|215536
20080|2914|174|20473|47065|61574
57381|50304|1299|7195|28260|270548|52794|52659
44324|32595|174|16437
20612|9044|174|52468|271150
328206|37739|3491|174|60068|197103|212080
50304|1299|174|1916|47065|61574
29222|6939|31263|8822
8298|25091|1299|8551|44709
28917|6939|1299|60068|398991
139317|44324|32595|174|16276
210312|4601|50869|6939|28370|28657
4764|1299|21351|60132
5405|6939|2852|200874
34927|56655|1299|3920|206777
58057|50673|174|1916|47065|61574
41327|174|138997|216211|44324|205369
28917|6939|1299|208905|210625
132825|174|28283|268744|2716
34019|6939|2852|199711
28917|6939|1299|36243
3170|6939|28917|39134
207841|16276|203019
28917|6939|1299|14593
1299|6453|1031|61568|266460|61625
32590|6453|174|14840|269288
29222|6939|12735|15830|47952
4601|50869|52025|212895|214205
28917|6939|1299|42313|207876
60068|28917|215730|209693
6720|1764|5405|61568|266460|61625
3356|174|210329|215728
58308|6939|56595|58148
20764|174|1299|20473|201423
16347|1299|35598|25308|28917|204076
29222|6939|8194|206600
205206|1299|3257|60068|206406|210557
4601|50869|207303
50629|20764|52091|206810|39558
42541|1299|6453|29208
1403|577|1299|60068|216213|205884
174|32595|44324
14315|6453|1299|3920|206777
58308|6939|1299|20712
8280|6762|174|210|47065|61574
1299|174|60068|205884
28624|61568|174|20473|47065|61574
210312|4601|50869|215296
50877|5405|6939|207995
2516|1299|37468|60068|216213|205884
37662|174|52468|262393
209|3356|1299|20473|399970
34854|1299|6762|16735|2716
8283|6762|1680|20473|47065|61574
8220|1299|35598|52091|206810
2027|47160|174|140227|44324|205369
328964|23764|1299|20473|47065|61574
28917|6939|50989|48116
2914|174|399697|39967|399697
19653|30600|1299|6855|39904|199604
15605|6939|30893|204789
266213|3356|1299|201814|209896
20912|12637|1299|8551|20473|47065|61574
28917|6939|1299|41564
5405|6939|42695
50629|1299|198949|35676
28917|6939|1299|206610
198385|15576|174|3130|47065|61574
28917|20764|52091|206810|211692|214268|196977
6424|6939|28917|6789|203561
9002|3356|174|399697|39967|399697
21412|1299|20473|201423
20253|1299|42303|51701|30893
37739|3491|1299|198949|35676
37662|174|399697|39967|399697
28917|6939|1299|54994
28917|6939|7018|2386
44324|32595|174|198725
28917|6939|1299|60068|33059
44324|32595|174|200584
47147|3320|1299|10490|2722|12148|47065|61574
3170|6939|28917|20985
42541|44592|49581|209693
207841|6939|28917|39238
22652|1299|3356|28370|269016
8660|1267|1299|56504|47674
28917|6939|1299|400767
58299|174|138997|216211|44324|205369
209650|34927|1299|17676|216211|44324|205369
6762|174|1916|47065|61574
207841|6939|28370|270962
57381|50304|1299|3356|28370|267608
12779|264409|61832|266460|61625
48362|1299|174|3130|47065|61574
52025|174|14840|269288
36924|1299|3356|28370|28657
20764|174|204548|215728
25160|174|20473|47065|61574
28917|6939|1299|23520|30689
28917|6939|12637
29222|13335|5408
20514|1299|6453|1031|61568|266460|61625
44324|32595|174|214043
58308|6939|1299|3301|25252
205112|12859|47065|61574
12637|6939|30893|13214|35634
58308|6939|1299|21623
29222|6939|12735|14789
28917|3257|174|216211|211575
15605|35598|52091|206810|214721
12859|33891|60068|211571
6830|174|22381|267470|263047|264389
50629|20764|52091|206810|59815|25299
6453|174|28189|266931|271615|273522|271150
28917|6939|1299|39567
139317|44324|32595|174|53667|210842
31122|174|1916|47065|61574
50629|13335|400095
58308|6939|1299|14080|26611
6830|1299|17676|216211|44324|205369
8220|3491|174|20473|47065|61574
204092|6939|28917|47759
44324|32595|174|43160|199195
132825|2914|1299|6855|39904|199604
58299|1680|44709
7922|174|52468|271150
41327|13335|5408
15605|6939|28370|267556
35710|3320|33891|216067|44244
48185|1299|3223|41327
28917|33891|60068|211571
34854|1299|35598|25308|28917|204076
58308|6939|29670|47496
8220|1299|33891|216067|44244
263237|174|13335|5408
8283|2603|21320|5408|47065|61574
61568|174|20723|2852|202874
50877|5405|6939|30893|200690
19151|174|7545|20473|47065|61574
35710|3320|1299|20473|201423
28917|6939|1299|21859|135377
8220|1299|56630|209944
29222|6939|262485|272707
28917|6939|1299|20473|401209
28917|6939|1299|52468|267790|273122
58308|59689|30781|1299|8551|44709
58308|59689|30781|1299|6855|39904|47767
202365|50673|174|1299|198949|35676
4601|50869|41051|212037
3170|6939|28917|25386
553|6939|29222|41495|206202
34288|1299|60068|216213|205884
28917|6939|1299|23520|262202|3573
34800|58057|50673|174|37468|270551|263047
40994|6939|15372
51184|1764|174|201814|209896
3216|3356|174|399697|39967|399697
52025|1299|29695|206557|204503
44324|32595|174|27385
42541|62255|52091|206810|12773|44710
28917|6939|263047|268105
139317|44324|32595|174|212318
34927|56655|1299|3356|22381|267470|263047|264389
56655|1299|3356|8119
209|3356|174|60068|205884
42541|37468|60068|216213|205884
513|29222|6939|61618
41327|14840|2716
14907|1299|201814|209896
6424|9304|136237|174|137995|136237
2603|21320|5408|47065|61574
6762|174|60068|216213|205884
34019|20764|43298|48678|210574
20080|2914|1299|35598|52091|206810
58308|6939|6830|23520|6503|28469
58308|6939|33891|47540
29222|6939|40994|198510
41327|6939|30893|204789
559|137409|63473|200790
204092|6939|30893
4181|1299|12956|212721
28917|6939|1299|31898
2734|37468|52468|271150
37739|3491|174|60068|197103|212080
1764|174|10490|2722|12148|47065|61574
23764|3356|174|20723|2852|202874
3491|174|20473|47065|61574
28917|6939|1299|6855|207696
58308|6939|1299|49222
9268|4764|1299|16164|36032
999|6453|174|5538|8194|29345
199524|1299|3356|28370|269016
28917|6939|6830|23520|272935|273948
151326|174|3356|16735|273514
559|35598|52091|206810|59815
139317|44324|32595|174|44222
29691|33891|216067|44244
59890|60068|1299|198949|35676
205206|1299|3356|28370|263963
41327|3223|34224|12735
28917|6939|1299|20473|211843
34288|1299|3356|28370|267608
6830|6939|30893|13214|35634
28917|6939|1299|20473|213447
44324|32595|174|46265
44324|32595|174|11240
6830|60068|216213|205884
44393|394256|174|8551|20473|47065|61574
58308|6939|3170|205739
4181|1299|56630|209944
19653|30600|174|20723|2852|202874
41327|7195|28343|2716
136557|174|34927|202827
210937|1299|12956|212721
58308|6939|50533
58308|6939|28917|50045
34927|174|140227|44324|205369
8660|1267|1299|6453|19318|201813
28917|6939|1299|1759
44324|32595|174|206262|57722
198385|174|201814|209896
139317|44324|32595|174|50881
28917|6939|1299|21351|394485
28917|6939|1299|211393
7018|6939|24796|63293
917|60068|28917|215730|209693
64475|7195|20473|47065|61574
55720|2914|1299|6939|24796
59105|2518|33891|216067|44244
29222|6939|196945
34927|60011|3356|174|140227|44324|205369
39122|1299|3356|28370|267556
12350|1299|37468|53062|266493|61625
49788|174|22381|267470|263047|264389
209650|34927|1299|3356|28370|268521
6453|174|1916|47065|61574
139317|44324|22356|52468|271150
553|9002|206119|3257|174|214941|208185
135895|137409|174|204548|215728
48070|6939|29222|513|21449
58308|6939|6830|23520|262191|273926
28917|6939|1299|14016|402062
24516|174|35598|52091|44660
35266|1299|8551|20473|47065|61574
35598|174|12956|212721
12779|6939|30893
35426|215596|1299|6855|39904|199604
48070|1299|4637|20473|47065|61574
40994|57463|41327|198059
58308|6939|1299|7979
59105|2518|1299|6855|39904|199604
132825|174|399697|39967|399697
28917|6939|1299|20473|401566
36924|1299|3223|34224|12735
559|6939|54429|401894
28917|6939|6830|199524|51191
6830|1299|8551|20473|47065|61574
216285|8280|6762|174|60068|216213|205884
559|6939|30893|13214|35634
34854|1299|198949|35676
28917|6939|1299|60068|26383
28917|6939|1299|45896|38726|131422
23673|3491|174|28189|266931|271615|273522|271150
8298|25091|6453|174|399697|39967|399697
34927|56655|1299|3223|41327
40994|6939|28917|35539
25091|5511|174|3130|47065|61574
12350|1299|8551|44709
58308|6939|215085|202585
53828|2914|1299|6855|39904|202605
207841|6939|29222|513|21449
16552|1299|6855|39904|199604
196621|6939|28917|198297|51081
14907|1299|3223|41327|51580
205206|33891|266493|61625
6424|1299|198949|35676
44324|32595|174|14522
44324|32595|174|272406
28917|20764|52091|206810|202497
50673|174|12956|212721
3130|174|1299|34927|202532
6424|1680|44709
51185|6762|174|399697|39967|399697
58308|6939|1299|48851
29222|6939|30893|13214
196621|8758|15576|56630|209944
58308|6939|1299|3301|206884
999|6453|174|20473|47065|61574
50629|20764|52091|206810|24881
34019|6696|1299|20473|47065|61574
34854|22356|52468|271150
8283|8298|4601|4492
271253|6453|174|1916|47065|61574
34019|37468|60068|216213|205884
42541|31133|35598|25308|28917|204076
58308|6939|28917|48610|57712
553|34927|202532
12956|174|5538|8194|29345
28917|6939|1299|13768
58308|6939|5405|212895
6730|6830|33891|216067|44244
139317|44324|32595|174|270126|270215
196621|6939|30893|9423
29169|174|140227|44324|205369
58308|6939|7018|20182
58308|6939|6830|60068|212238
553|62255|52091|206810|196638
139317|44324|32595|174|15695
8888|137409|3356|1299|20473|47065|61574
6424|174|3356|28370|268521
20612|9044|1299|20473|47065|61574
58308|6939|6830|23520|265590
42473|1299|6855|39904|199604
31742|1299|3257|20473|47065|61574
34854|1299|3356|28370|269016
139317|44324|32595|174|266445
210312|4601|50869|6939|16652
58308|6939|28370|268198
207841|6939|28917|8491
30600|1299|22773|8119
9268|4764|1299|35598|25308|28917|204076
58299|49581|209693
5413|1299|2914|226|47065|61574
15935|174|210329|215728
21700|174|399697|39967|399697
5511|174|14840|269288
58299|62255|52091|206810|202279
28624|61568|174|204548|215728
559|35598|52091|206810|202279|213203
139317|44324|32595|174|57974|198963
44324|32595|174|37468|61568|266460|61625
513|29222|6939|8943
3356|174|10490|2722|12148|47065|61574
207841|6939|30893
44324|32595|174|393681
2734|7195|20473|47065|61574
23367|1299|60068|216213|205884
553|62255|52091|206810|57164
34288|1299|3356|28370|267556
28917|6939|1299|270179
7474|3257|174|8551|20473|47065|61574
12779|28283|268744|2716
23673|9900|23764|8455|8283|47065|61574
198249|58115|209042
12637|8772|396416
8280|6762|1299|3920|206777
36924|1299|174|22381|267470|263047|264389
4775|1273|174|5538|8194|29345
139317|44324|32595|174|4134|140329
12956|174|60068|205884
36924|1299|3356|28370|53079
58299|7195|28189|266931|269250|271150
58308|59689|29075|174|8551|20473|47065|61574
917|25369|174|52468|262393
139317|44324|32595|174|32505|62917
28917|6939|1299|29544
63927|1299|20473|47065|61574
37100|1299|201814|209896
3491|1299|3223|41327
37721|1299|20473|47065|61574
58308|6939|215172|214955
44324|32595|174|28929
7018|1299|29695|206557|205190
48919|174|52468|271150
51088|8455|1299|198949|35676
29691|1299|3920|206777
9044|174|399697|39967|399697
59891|13030|1299|174|210329|215728
44324|32595|174|63154
20055|174|35598|52091|206810
12859|1299|10490|2722|12148|47065|61574
59689|29075|12859|47065|61574
22652|1299|6762|267470|263047
4601|8551|44709
8283|20764|52091|206810|8274
42541|7195|28189|266931|269250|271150
136557|174|37468|270551|263047
13030|1299|7195|11432|271150|272738
28917|6939|1299|17639|153322
1031|999|6453|1299|20473|399970
132825|174|35598|52091
37271|174|11432|271150
3170|174|138997|216211|44324|205369
42473|1299|3223|41327|51580
44324|32595|174|36027
64475|6939|28370|269016
20912|12637|1299|198949|35676
64475|14840|269288
398465|1299|174|399697|39967|399697
34177|3356|1299|20473|201423
198249|9002|8772|396416
52025|174|210329|215728
29222|6939|48678|44547
513|174|3356|28370|28657
44324|32595|174|53667|201517
58057|1836|33891|60068|211571
28917|6939|1299|32934|63293
2027|47160|174|52468|262393
15935|174|3356|3223|34224|12735
20080|2914|1299|198949|35676
34800|58057|50673|174|3356|28370|28657
196621|6939|25192|26710
28917|6939|1299|19009|26889
40994|57463|41327|201722
34927|1299|35598|52091|206810
139317|44324|32595|174|16349
3214|1299|3257|20473|47065|61574
6424|6939|28370|268521
28917|6939|1299|14754
20514|1299|6855|39904|202605
49544|3356|1299|6855|50698
44393|394256|174|52468|271150
327804|37271|174|216211|211575
58308|6939|6830|23520|27745
205206|1299|3223|41327
327983|37497|1299|201814|209896
559|6939|28370|28657
58308|6939|1299|38077
20514|1299|56504|47674
58308|6939|1299|32270|27887
553|4601|4492
205206|1299|174|210329|215728
1280|1299|12859|47065|61574
6830|6939|28917|44056
29222|1299|34927|202827
48362|1299|5511|60068|206406|210557
1836|1299|20473|201423
210312|4601|50869|41051|216339
48070|6939|15372
64475|6939|25192|20701
2734|1031|266493|61625
57695|917|60068|174|20473|47065|61574
6730|6830|3356|53062|266493|61625
30600|1299|20473|47065|61574
28917|6939|7018|22839
2914|12859|47065|61574
28917|6939|29222|41495
60068|1299|20473|47065|61574
35600|6939|28917|48084|35816
42541|20764|43298|48678|210574
29222|6939|47674
1031|999|6453|174|10490|2722|12148|47065|61574
58308|35598|52091|206810|50204
49028|1299|174|399697|39967|399697
29222|6939|35826
328512|5713|174|216211|211575
3170|6939|28917|34784
29222|6939|7018|22241
3170|6461|23352|20473|47065|61574
199938|1299|60068|211571
29222|6939|25192
28917|6939|25563
39122|1299|3356|1680|44709
28917|6939|6830|33915|58083
28917|6939|1299|18734|28545|28556
199938|1299|198949|35676
48070|6939|60432
12307|29691|1299|3356|8119
3130|174|13335|400095
210312|4601|50869|6939|2852|204772
20055|174|37468|61568|266460|61625
28917|6939|1299|7713
559|56630|209944
3320|174|37468|61568|266460|61625
2500|7660|11537|20965|5408|47065|61574
49544|2914|174|60068|205884
34927|56655|1299|6762|16735|273514
29222|6939|209097
50304|33891|216067|44244
20912|12637|174|140227|44324|205369
51519|39351|174|210329|215728
58308|6939|1299|6424|203020
28917|6939|7018|46677
2734|63270|1299|15164|62725
29222|6939|3170|210495
44324|32595|174|35598|204490|206306
4764|174|16276|203019
210312|4601|50869|34019|211868
34019|6939|24796
328512|37100|1299|6855|39904
42541|29632|215536
28917|6939|1299|20473|202929
57866|1299|201814|209896
6424|6762|1299|6855|50698
12779|9498|20473|47065|61574
999|6453|174|28189|266931|269250|271150
204092|6939|28917|39153
207841|6939|25192|29067
28917|6939|7018|400072
139317|44324|32595|174|13693
577|1299|6855|50698
3333|1273|174|52468|262393
553|6939|59689
139317|44324|32595|174|35986
29075|174|52468|262393
9900|23764|1299|20473|47065|61574
28917|6939|1299|20473|206586
6730|6830|174|201814|209896
327960|174|5459|200070
210937|6830|3257|21034
28917|6939|1299|20473|62766
28917|6939|1299|399486|198831|212844
58308|6939|1299|199524|51191
132825|174|5459|200070
14537|13786|174|35598|52091|206810
148968|1299|8551|44709
57695|917|60068|1299|6855|39904|202605
29222|6939|61618|267443
12637|6939|28370|263535
263152|264409|174|204548|215728
3130|174|216211|44324|205369
58308|6939|1299|20473|203913
28917|6939|1299|25400|49082|204224
19151|33891|216067|44244
50877|5405|6939|42695|43101
30844|33891|216067|44244
58308|6939|1299|20473|197626
19151|174|3356|28370|28657
3130|174|2914|20473|47065|61574
6830|6939|28370|264426
30844|174|20473|47065|61574
559|6939|50989|50683
28917|6939|1299|20521
215596|174|216211|211575
199524|174|140227|44324|205369
209823|25091|1299|198949|35676
35369|1764|1299|174|37468|61568|266460|61625
139317|44324|32595|174|205544
198249|7195|11432|271150|272738
57821|12586|3257|174|140227|44324|205369
12779|35598|52091|206810|56766
50629|20764|52091|206810|211692|214268|196977
24516|3491|5405|8943|200636
199524|174|210329|215728
559|6939|24796|63293
8218|6461|174|3130|47065|61574
58308|6939|1299|265840
20485|1299|6855|39904|47767
327782|37100|174|140227|44324|205369
49544|33891|60068|211571
2914|1299|25091|8298|4601|4492
148968|1299|3223|34224|12735
58308|6939|12735|15830|47952
28917|6939|7018|6431
4230|1299|29695|206557
55222|1299|21351|60132
58511|3257|3356|21320|5408|47065|61574
20932|1299|60068|216213|205884
37739|3491|1299|12859|47065|61574
132337|174|37468|53062|266493|61625
58308|59689|30781|33891|216067|44244
196621|6939|2852|48091
2734|4800|174|7632|9905|139455
49028|1299|3356|28370|263535
23367|1299|12859|47065|61574
4601|8298|25091|6830|60068|216213|205884
48919|174|6453|29208
32653|3741|174|1299|6855|39904|47767
198249|13030|1299|10490|2722|12148|47065|61574
553|52320|7162|13878|52468|271150
139317|44324|32595|174|7203
28917|6939|1299|20473|30514
6830|6939|50989|205966
328964|3491|1299|8551|44709
58308|6939|1299|62597
29222|6939|7018|3486
58308|6939|1299|12709
58308|6939|33891|198570
328840|327727|174|1299|22773|8119
8455|1299|56504|47674
29504|15935|174|399697|39967|399697
15562|2914|12859|47065|61574
28917|6939|1299|23520
4601|50869|34019|209090|211781
44324|32595|174|46974
8220|6453|1299|16276|203019
52873|12956|174|210|47065|61574
1836|1299|201814|209896
58308|6057|28283|268744|2716
41327|4601|4492
42541|1299|174|1916|47065|61574
8455|1299|6855|39904|199604
35266|2914|12859|47065|61574
28917|6939|7018|6621|28613
6082|174|14840|2716
328512|5713|174|12956|212721
44324|32595|174|13580
28917|6939|1299|56898
47147|3320|1299|198949|35676
24516|174|34927|202827
139317|44324|32595|174|53667|142597
28917|6939|1299|20473|214514
58308|6939|6830|23520|272935|267845|272083
51184|1764|174|204548|215728
28917|8359|57304|200449
20514|1299|6453|4755|7768
60326|206499|34549|174|140227|44324|205369
559|35598|52091|206810|34786
23367|1299|20473|399970
5405|6939|24796
58299|61568|266460|61625
1299|29695|206557|205190
32590|6453|1299|20473|47065|61574
40994|57463|41327|214169
28917|6939|1299|23520|263238|271933
58057|50673|174|60068|197103|212080
55222|174|3356|16735|273514
28917|20764|52091|206810|197960
29222|39801|199881
34177|3356|1299|198949|35676
32097|25091|8298|4601|4492
205206|1299|7195|28189|266931|271615|273522|271150
51185|6762|1299|42303|51701|30893
139317|44324|32595|174|31404
1299|7545|20473|47065|61574
37053|37662|174|52468|262393
20932|1299|6453|4755|7768
40994|6939|29222|41495|206202
23367|1299|5511|49666|58224|214805
57111|174|56630|209944
15547|174|3257|60068|206406|210557
46450|1299|6855|39904|202605
13830|971|174|6453|4755|7768
28917|6939|1299|398105
25091|8283|47065|61574
12637|1299|174|20473|47065|61574
58308|6939|1299|25122
20485|1299|20473|399970
4601|50869|215828|59449
12637|6939|28370|268521
28917|6939|1299|49222
50628|1299|10490|2722|12148|47065|61574
56655|1299|3223|41327|51580
8283|29632|215536
15547|174|22381|267470|263047
917|60068|3491|1299|6855|39904|199604
28917|6939|1299|23520|46650|20940
3170|6939|15372
29222|6939|553|204680|202329
34549|174|5538|8194|29345
58308|6939|215085
28917|6939|1299|28428
55720|2914|174|210329|215728
35008|1299|6461|394737
50304|1299|60068|197103|212080
20055|1299|20473|399970
12307|29691|1299|6855|39904|47767
139317|44324|32595|174|399275
263152|174|21700|399914
49788|1299|5511|60068|206406|210557
37105|37468|174|5538|8194|29345
3214|1299|20473|47065|61574
29222|174|1916|47065|61574
139317|44324|32595|174|6400
29222|6939|15935|197451|201263
28917|6939|1299|21623
28917|6939|1299|20473|22915
140627|1299|3356|28370|269016
3701|174|11432|271150
49788|1299|7195|20473|47065|61574
12350|1299|174|22381|267470|263047|264389
28917|6939|7018|4196
58308|6939|3170|57782
57866|1299|8551|44709
3130|174|12389|49666|205647|49801|204533
35008|1299|2914|1916|47065|61574
35369|1764|174|60068|205884
327727|174|13786|28343|2716
34927|1299|3356|28370|268198
17350|3356|1299|201814|209896
8426|3257|1299|12859|47065|61574
58308|6939|33891|206231
50131|174|52468|271150
263237|174|60068|197103|212080
28917|6939|268047
28917|6939|1299|20473|212279
513|29222|6939|50698
41666|1680|20473|47065|61574
4601|6939|28917|24651|39900
34800|58057|50673|174|138997|216211|44324|205369
51185|6762|174|20723|2852|202874
49432|48362|1299|174|399697|39967|399697
4601|50869|6939|59970
20055|1299|8551|44709
52320|1299|2914|226|47065|61574
210312|4601|50869|58299
58308|35598|52091|206810|8274
14907|1299|174|210329|215728
29140|2914|1299|201814|209896
41666|20764|52091|206810|196638
28917|6939|1299|3249|43937
13786|174|60068|216213|205884
6730|6830|1299|34927|202532
58057|1836|1299|6855|39904
58308|6939|1299|20473|212996
132825|174|6453|29208
327804|37271|174|5538|8194|29345
28917|6939|1299|54600
199524|174|6453|4755|7768
47311|150249|212001|199762
5405|6939|25192|26710
49432|48362|2603|21320|5408|47065|61574
8283|20764|52091|206810|12773|47809|59478
202365|50673|174|140227|44324|205369
398465|174|37468|53062|266493|61625
14907|1299|35598|25308|28917|204076
58308|6939|6830|23520|265539
12956|174|32595|44324
199524|174|3356|28370|28657
56987|1299|6855|39904|199604
16347|1299|20473|399970
12969|1299|3356|28370|267608
64475|62255|52091|206810|8274
20253|1299|6461|394737
3170|33891|216067|44244
44324|32595|174|395301
58308|6939|1299|43893
174|3356|16735|2716
12779|31133|35598|25308|28917|204076
53828|2914|174|20473|47065|61574
8283|20764|52091|206810|24881|24697
28917|6939|1299|23520|14638|35892
6762|174|21320|5408|47065|61574
48070|6939|28917|43886
12307|29691|1299|20473|399970
216285|8280|6762|1299|22773|8119
20932|1299|5511|60068|206406|210557
35280|6453|174|60068|216213|205884
42473|1299|3356|28370|263060
64475|62255|52091|206810|48595
139317|44324|32595|174|394611
204092|6939|30893|200690
16347|1299|3223|34224|12735
36924|1299|174|37468|61568|266460|61625
215596|1299|37468|53062|266493|61625
58308|6939|1299|23511
51519|39351|1299|20473|47065|61574
29479|50304|1299|6855|39904
34019|29169|174|140227|44324|205369
34800|58057|50673|174|1299|20473|399970
58299|174|140227|44324|205369
44324|32595|174|91
37468|3257|174|3130|47065|61574
29222|6939|47787|203020|208414
58308|6939|1299|28423
8220|1299|3223|41327|51580
917|60068|1299|6939|28370|263060
3491|1299|35598|52091|206810
58308|6939|1299|39063|29108
50628|1299|8551|20473|47065|61574
58511|33891|216067|44244
28917|6939|1299|23520|52253
328512|5713|174|204548|215728
5713|174|140227|44324|205369
49544|3356|174|11432|271150
210312|4601|50869|34019|12654
49788|1299|198949|35676
37739|3491|174|10490|2722|12148|47065|61574
12956|1299|29695|206557
40994|174|216211|211575
28917|6939|1299|25148
34927|52025|174|3356|8119
15605|6939|28370|263535
50304|1299|3356|28370|263060
34019|6939|28370|270962
31742|1299|3356|28370|267556
56655|1299|6461|394737
14537|174|5538|8194|29345
207841|4657|38001|25192
58308|6939|3170|203363
49605|6762|2914|12859|47065|61574
174|1299|6855|39904
44324|32595|174|395348
210312|4601|50869|6939|39790
44324|32595|174|4538
20764|174|6453|29208
12969|1299|6855|39904
30600|174|20723|2852|202874
41327|6939|16652
9002|3257|33891|216067|44244
40387|1299|6453|19318|209896
210937|1299|6453|19318|201813
4601|50869|41051|213422
327960|174|3356|28370|28657
12859|29632|59682
28917|6939|1299|20473|151202
6830|6762|267470|263047
8283|6939|28370|269016
559|35598|52091|206810|12773|52213
29222|6939|28917|48084|35816
59414|6830|174|204548|215728
4601|50869|6939|29222|204957
7195|33891|216067|44244
34800|58057|50673|174|21320|5408|47065|61574
15935|174|3356|3223|41327
398465|1299|3356|28370|53079
398465|1299|3257|60068|206406|210557
29222|6939|42184|8454
37739|3491|174|210|47065|61574
11039|6461|1299|34927|202532
50304|1299|3356|8772|215536
58308|6939|50629|207252|216267
559|3920|206777
47147|1299|1680|20473|47065|61574
50629|20764|52091|206810|12773|57005
151326|174|50509|51032|41344|39707
17639|1299|198949|35676
29222|6939|35133|149020
21412|1299|20473|47065|61574
4764|174|22381|267470|263047
7594|174|35598|52091|206810|211692|214268|196977
6424|6939|30893|200690
44324|32595|174|18640
34854|1299|6762|267470|263047
41327|20764|43298|48678|210574
2914|1299|35598|52091|206810
50300|174|210|47065|61574
32590|174|52468|262393
37468|174|201814|209896
58308|6939|6830|33915|61351
4601|50869|6939|29222|41495
7594|174|216211|44324|205369
49028|1299|174|210329|215728
50629|20764|52091|206810|48687
327804|37271|174|11432|271150|272738
35426|215596|174|28189|266931|269250|271150
28917|6939|1299|20473|199695
28917|6939|1299|208893
16347|1299|42303|51701|30893
34019|2603|21320|5408|50148
32590|1299|198949|35676
8220|6453|3356|21320|5408|47065|61574
52025|174|52468|262393
28917|6939|6830|23520|262191|272020
28917|6939|1299|20473|28715
58308|6939|7794|396917
2734|9002|8772|215536
6461|174|201814|209896
35600|9002|34927|202827
12956|1299|20473|201423
49788|1299|6453|19318|201813
207841|6939|29222|41495
22652|174|399697|39967|399697
32590|137409|2914|1299|198949|35676
48362|1764|5405|61568|266460|61625
58308|6939|42695
42541|62255|52091|206810|214721
4777|2497|1299|20473|201423
41327|1299|20473|47065|61574
48070|6939|33924
29075|174|52468|271150
56655|1299|3920|206777
15605|35598|52091|206810|12773|47809|50780
12956|1299|22773|8119
34549|1299|6855|39904
34019|6939|2852
15605|6939|30893|205563
60011|3356|1299|6855|50698
28917|6939|1299|198949|48851
46450|1299|198949|35676
5405|62255|52091|48158
28917|6939|1299|23520|264847|64150|272991
25152|2497|1299|3920|206777
28917|8359|57304|41720|208229
20205|1299|4230|52654|266493|61625
6908|1299|20473|47065|61574
28917|6939|1299|21859|149042
41666|20764|52091|206810|211692|214268|196977
15605|20764|43298|48678|213865
327727|174|3356|28370|28657
44324|32595|174|398113
6908|1299|6855|39904|199604
513|29222|6939|29670
3130|174|3356|3223|41327
6424|6939|28917|44056
57821|12586|3257|174|1916|47065|61574
151326|174|20723|2852|202874
37662|174|3356|16735|273514
6894|174|20723|2852|202874
23367|1299|174|210|47065|61574
44324|32595|174|21826|269946|274117
41327|174|210329|215728
39122|1299|20473|47065|61574
32595|174|1916|47065|61574
4181|1299|12859|47065|61574
31510|33891|44592|49581|209693
60068|1299|20473|201423
28917|6939|1299|20473|51191
174|1299|20473|47065|61574
5405|44592|49581|209693
140627|1299|6855|39904|47767
50131|36236|174|37468|61568|266460|61625
198385|174|7311|835|394273
136557|174|56630|209944
29222|6939|42184|196932
29222|174|52468|262393
28917|6939|1299|23520|264663
28917|6939|31263|206207
28917|6939|1299|16880
58308|6939|50629|35675
50629|9002|12555|48430
5511|1299|3920|206777
33891|19318|201813
58308|6939|1299|3301|56736
7018|12956|212721
213241|9002|1299|8551|20473|47065|61574
1299|8551|44709
6423|20055|1299|21351|60132
52320|33891|60068|211571
28917|6939|1299|6855|196861
7474|7473|1299|198949|35676
58308|6939|50629|207252|215147
58299|62255|52091|206810|59815|25299
42473|1299|3216|51032|41344|39707
28917|6939|41720
13786|174|12956|212721
50673|33891|20473|47065|61574
6830|6939|28917|25386
263152|174|2914|12859|47065|61574
56655|1299|174|20473|47065|61574
5713|8455|8283|47065|61574
58308|6939|7018|398222
49432|48362|1299|60068|211571
5713|3491|174|37468|61568|266460|61625
210937|1299|6461|394737
34927|1299|174|1916|47065|61574
7018|6939|33924
4601|50869|41051|212977
139317|44324|32595|174|51561
210312|4601|50869|41051|212121
1031|999|6453|174|20723|2852|202874
6423|20055|1299|29695|206557
1299|6453|29208
35266|2914|174|5538|8194|29345
58308|6939|208453
13030|1299|3257|19318|201813
14537|13786|174|10490|2722|12148|47065|61574
139317|44324|32595|174|28929
35600|35598|52091|206810|12773|44884
12859|1299|16164|36032
148968|7474|3257|174|14840|269288
58308|59689|29075|174|3130|47065|61574
15935|174|37468|53062|266493|61625
58057|34549|3257|174|20473|47065|61574
28917|6939|1299|20473|399840
58299|62255|52091|44660
57111|41327|174|204548|215728
7018|6762|16735|273514
52320|1299|6855|39904
199524|6762|1299|34927|202532
42541|1299|10490|2722|12148|47065|61574
210937|1299|6762|49666|58224|214805
37100|1299|8551|44709
28917|6939|1299|23520|27884|272009
210312|4601|50869|6939|2852|48091
58308|6939|1299|60068|208414
553|6939|29222|41495
50629|20764|52091|206810|214721
55222|174|399697|39967|399697
553|62255|52091|206810|12773|44884
58308|6939|6830|23520|27665|263222
6830|12859|47065|61574
174|20473|47065|61574
58308|6939|1299|25148
28917|6939|1299|20473|44446
199524|174|216211|211575
12779|8551|44709
37105|37662|174|6453|29208
4601|50869|52025|213982
22652|1299|12859|47065|61574
50629|6461|17378|8119
28917|6939|207992
48070|6939|28370|263535
139317|44324|32595|174|395866
51088|8455|1299|6855|39904|47767
64475|7195|11432|271150
8280|6762|174|20723|2852|202874
4601|50869|58299|59645
58308|6939|56381|209844
216285|8280|6762|174|11432|271150|272738
58308|6939|1299|43519
2518|1299|8551|20473|47065|61574
58308|6939|1299|20473|215150
3170|6461|6057|28283|268744|2716
680|1299|198949|35676
20912|12637|1299|37468|53062|266493|61625
5405|62255|52091|206810|35273
15692|2914|3356|21320|5408|47065|61574
44324|32595|174|400810
58308|6939|7018|394896
42473|1299|3356|28370|269016
2518|1299|3920|206777
513|29222|6939|214443
8280|6762|174|10490|2722|12148|47065|61574
202365|50673|174|204548|215728
577|1299|34927|202532
48070|1299|3356|28370
8220|1299|174|3130|47065|61574
174|3257|19318|209896
139317|44324|32595|174|41427|209847|26383
29222|6939|7018|401291
29222|6939|9136|206236|207921
58308|6939|1299|8151|20940
1403|577|1299|1680|20473|47065|61574
32590|1299|6855|39904
38001|3491|174|201814|209896
28917|6939|7018|7743
28917|6939|28370|268198
3130|174|3257|9498|20473|47065|61574
58308|6939|7018|36519
25091|41327|24796|12779|197000
132825|174|21320|5408|50148
58308|6939|214443
49788|12552|33891|60068|211571
213151|34927|1299|20473|47065|61574
50629|6939|42695
47160|174|11432|271150|272738
6057|174|201814|209896
28917|6939|1299|39648
9900|23764|1299|12859|47065|61574
53828|2914|174|399697|39967|399697
3216|1299|201814|209896
44324|32595|174|25829
215596|1299|8551|44709
553|1299|6855|39904
55720|3491|174|16276|203019
2518|1299|25091|8298|4601|4492
5511|174|216211|211575
38136|50131|174|52468|271150
48362|1299|174|210329|215728
4601|50869|6939|16652
58308|6939|3170|212683
6730|6830|174|60068|216213|205884
42541|62255|52091|206810|211101
7018|6453|19318|201813
44324|32595|174|20473|40138
262427|174|35598|52091|48158
28917|6939|1299|7843|11426|26450
199524|174|37468|61568|266460|61625
28917|6939|1299|8151|20940
210312|4601|50869|6939|28370
19151|174|1299|6855|50698
20253|1299|29695|206557
29222|6939|28917|39153
2914|174|20473|47065|61574
207841|61049|12859|47065|61574
196621|15576|3356|1299|20473|47065|61574
202297|23764|35168|212999
49028|1299|37468|53062|266493|61625
37271|174|204548|215728
553|6939|200070
35598|174|399697|39967|399697
48070|1299|3356|28370|263535|268030
50304|1299|52320|7162|13878|52468|271150
28917|6939|1299|23520|272112|274072
139317|44324|32595|174|209312
32590|12956|174|210329|215728
28917|6939|1299|16509|14618|54981
327727|174|34927|202827
41666|56630|209944
7922|2914|12859|47065|61574
28917|6939|1299|399912
209650|34927|1299|3223|41327
20764|174|399697|39967|399697
262427|174|35598|52091|206810
29222|6939|47160|203698|206967
1280|1299|174|3130|47065|61574
12969|1299|174|204548|215728
210312|4601|6939|28917|47438
35008|1299|3257|20473|47065|61574
9268|4764|1299|6855|50698
3170|6939|29222|207688
35266|1299|20473|47065|61574
31742|1299|6453|1031|61568|266460|61625
30781|1299|20473|201423
29504|15935|6461|23352|20473|47065|61574
3130|174|7311|835|394273
48070|1299|6453|4755|7768
58308|6939|39791|57728
917|60068|174|3356|28370|28657
49788|174|210329|215728
12859|32787|202161
29222|6939|35600|56648
58299|62255|52091|206810|213694
28917|6939|1299|18616
204092|6939|59970
57821|12586|3257|174|210|47065|61574
38001|3491|174|22381|267470|263047|264389
55720|2914|1299|6855|50698
58308|6939|7018|54097
205206|1299|6762|16735|273514
34288|1299|3223|41327|51580
28917|6939|1299|20473|205152
139317|44324|32595|174|400164
28917|6939|1299|198949|25773
398465|1299|3223|34224|12735
12956|174|204548|215728
553|1299|3356|28370|267556
139317|44324|32595|174|55286|399122
37105|37662|174|3356|16735|273514
148968|1299|21351|60132
28917|6939|1299|21277|13335
2734|58453|30990|174|30844|328895
21232|13030|1299|4230|2716
41666|20764|52091|206810|197643
210312|4601|6939|28917|34784
40994|6939|28917|48084|59833
25160|2914|12859|47065|61574
60068|174|3356|28370|28657
58308|6939|7018|6621
14907|1299|2914|226|47065|61574
209650|34927|1299|60068|216213|205884
216285|8280|6762|174|21700|399914
559|6939|28370|269016
62167|174|12956|212721
559|29632|215536
398465|3320|1299|20473|201423
42541|1299|6762|16735|273514
37662|174|6453|29208
57381|50304|1299|20473|47065|61574
196621|9002|12555
29479|50304|47311|150249|153176
58057|174|6461|394737
37100|33891|216067|44244
29140|286|1299|198949|35676
6424|7195|11432|271150
12779|35598|52091|48158
210937|6830|2914|20473|47065|61574
2734|58453|30990|174|37662|36958
44324|32595|174|19982
5405|20473|47065|61574
8660|1267|1299|174|210329|215728
8298|8283|3491|209810|207187|202551
12637|174|210329|215728
48070|13335|400095
58308|6939|6830|23520|14638
16552|1299|5511|49666|58224|214805
32590|1299|174|37468|61568|266460|61625
37053|37100|174|3130|47065|61574
397131|60011|3356|1299|198949|35676
24785|6830|3356|28370|267556
215596|1299|6855|50698
28917|6939|1299|20115|23132|402037
4601|50869|34019|212783
37100|174|399697|39967|399697
263237|174|8551|20473|47065|61574
6424|6939|28917|21453|201646
28917|6939|1299|23520|264813
139317|44324|32595|174|213966
58308|6939|29670|60729
35280|3356|174|20473|47065|61574
4775|1273|174|60068|197103|212080
6730|6830|3356|29695|206557
28917|6939|7018|2685
48070|1299|3356|28370|269016
58308|6939|202297|210951
22652|1299|3356|28370|263963
28917|6939|50989
12859|18678|22381|28343|2716
35008|1299|7195|20473|47065|61574
199524|1299|5511|49666|58224|214805
215596|1299|12859|47065|61574
34927|1299|8551|44709
39351|174|6453|29208
48070|6939|28917|43714
202365|50673|174|3257|22773|8119
328840|327727|174|5511|60068|206406|210557
34288|174|204548|215728
29222|6939|25400|15765
62167|174|216211|211575
37497|3491|174|20473|47065|61574
204092|34019|2603|21320|5408|50148
44393|394256|174|2914|226|47065|61574
58308|6939|1299|395403
40994|13046|1299|3326|43009
44324|32595|174|201984
139317|44324|32595|174|12189
3130|174|140227|44324|205369
44324|32595|174|208905
20932|33891|216067|44244
28917|6939|1299|60068|212508
24961|1299|6855|39904|47767
15547|33891|216067|44244
1828|6461|174|20473|47065|61574
8455|1299|60068|216213|205884
28917|6939|1299|27947
210937|1299|6453|29208
16347|1299|6453|4755|7768
34854|13335|5408
50628|6453|174|140227|44324|205369
917|60068|174|20473|47065|61574
4601|6939|28917|12668|197404
2914|174|11432|271150|272738
50673|174|28283|268744|2716
44324|32595|174|6621|265705
3320|1299|917|214598
8888|137409|174|210329|215728
3170|6939|28917|47759
58308|6939|28917|198297|51081
139317|44324|32595|174|53667|139791
47147|1299|6939|28370|263535
210312|4601|8551|44709
207841|6939|16652
139317|44324|32595|174|394110
29075|174|3257|21034
58308|6939|1299|9929|4808
39392|33891|7195|20473|47065|61574
4230|174|20723|2852|202874
6830|6939|28370|28657
40994|57463|41327|213338
6461|174|37468|61568|266460|61625
196621|6939|2852|212876
12389|1299|174|37468|61568|266460|61625
58308|6939|15935|197451|202872
3130|174|13786|28343|2716
140627|1299|33891|216067|44244
16552|6453|174|399697|39967|399697
12637|1299|7195|11432|271150
210312|4601|6939|28917|50009
12637|174|21320|5408|47065|61574
29504|15935|174|216211|211575
196621|6939|39790
58308|6939|6823
58308|6939|7018|4185|13979|14298
28917|6939|1299|25899|40583
28917|6939|40994|198510
12859|4657|38001|25192
139317|44324|32595|174|55003
37105|37662|174|28189|266931|271615|273522|271150
4601|50869|6939|28370|264426
15605|35598|52091|206810|24881
28917|6939|1299|209847
28917|6939|7018|399201
4601|50869|41051|197885
29222|6939|25400|3292|208202
22652|1299|6204|44592|49581|209693
34019|6939|2852|197277
58299|37468|53062|266493|61625
215596|174|3257|21034
553|62255|52091|206810|34786
20205|174|140227|44324|205369
24961|21320|5408|47065|61574
6830|33891|216067|44244
7474|3257|1299|20473|201423
28917|6939|1299|11830
28917|6939|1299|20473|394335
34019|20473|47065|61574
42473|1299|60068|197103|212080
12779|62255|52091|206810|39558
8283|3491|209810|207187|204943
28917|6939|7018|26830
6730|6830|3356|28370|53079
7018|3356|28370|267556
50304|1299|3356|28370|267556
971|174|3257|21034
58308|6939|1299|26673
34927|1299|17676|216211|211575
42541|62255|52091|206810|12773|44884
196621|6939|28370|270962
5405|20764|43298|48678|210574
28917|6939|54429|401894
15605|6939|30893|200690
2734|3257|174|21320|5408|47065|61574
12637|6939|2852
199938|1299|3356|28370|263535|268030
48919|174|1299|8551|44709
41666|20764|52091|206810|210063
58057|50673|174|20473|47065|61574
6057|174|3130|47065|61574
28917|6939|1299|8151|270219
8298|28917|215730|209693
34854|1299|174|1916|47065|61574
16552|16260|174|52468|262393
28917|6939|1299|60068|197103|198517
50629|6939|28370|28657
210312|4601|50869|213768|214161
52873|12956|1299|6855|39904|47767
35600|35598|52091|59815
206356|50629|1299|20473|47065|61574
28917|6939|1299|32097|22295|205563
5405|1299|20473|47065|61574
6667|1299|60068|197103|212080
39122|174|60068|216213|205884
41327|6461|214565|64289|212895|210320
7018|174|5538|8194|29345
559|35598|52091|206810|214721|204108
20205|174|2914|20473|47065|61574
1103|3257|174|140227|44324|205369
49544|2914|174|20723|2852|202874
6453|1299|20473|201423
35369|5405|47065|61574
327727|174|1299|6939|24796|63293
327727|174|201814|209896
44324|32595|174|6461|2000
28917|6939|1299|262206|18809|26105|264843
34019|212815|52053
196621|6939|28917|12668|197404
34177|3356|1299|12859|47065|61574
28917|6939|1299|20473|208884
64475|62255|52091|206810|202279|213203
148968|1299|5511|49666|58224|214805
40994|174|140227|44324|205369
28917|20764|52091|206810|35273
139317|44324|32595|174|397168
34927|52025|174|28189|266931|269250|271150
3170|6939|200303
44324|32595|174|209594
16552|1299|198949|35676
28917|6939|6830|5089
28917|6939|1299|34170|138915
31510|174|204548|215728
37105|37662|174|28189|266931|269250|271150
139317|44324|32595|174|401958
7594|174|50509|51032|41344|39707
34019|47160|174|140227|44324|205369
199938|1299|3356|28370|267608
151326|174|14840|269288
8283|6762|52468|262393
34019|56630|209944
41327|6939|50989|50683
6730|6830|3356|8551|44709
24516|174|35598|52091
50304|1299|3356|28370|263535|268030
6730|6830|6453|29208
6424|8551|44709
196621|58115|21263|41504
44324|32595|174|19406
559|35598|52091|206810|48595
58308|6939|1299|35908
58308|35598|52091|206810|202279
52025|1299|3223|34224|12735
4230|1299|35598|52091|206810
58308|6939|33891|29141
22652|1299|56630|209944
58308|6939|7018|7287
13786|3356|1299|6855|39904|199604
48185|21320|5408|47065|61574
4181|1299|174|60068|205884
8283|6939|28370|268198
16347|3356|174|399697|39967|399697
28917|20764|43298|48678|213865
4601|50869|34019
917|60068|33891|3223|41327|51580
41327|264409|61832|266460|61625
6424|6939|28917|50009
1299|3356|1680|44709
20912|12637|1299|20473|47065|61574
41327|6461|6057|28283|268744|2716
28917|6939|1299|262206|18809|13335
34872|8283|47065|61574
58057|174|50509|51032|41344|39707
39122|174|1916|47065|61574
50629|23764|35168|212999
44324|32595|174|272102|273011
8283|2914|16164|36032
216285|8280|6762|174|399697|39967|399697
47147|1299|3257|20473|47065|61574
7660|11537|20965|5408|47065|61574
50304|1299|7545|20473|47065|61574
58057|174|1916|47065|61574
215596|174|52468|262393
398465|174|11432|271150|272738
28917|6939|7018|32629
28917|6939|6830|23520|64126|273924
12969|1299|37468|270551|263047
139317|44324|32595|174|205583
271253|174|60068|211571
6830|1299|3920|206777
34288|1299|3356|28370|264426
198249|13030|21320|5408|47065|61574
44324|32595|174|16349
1273|174|10490|2722|12148|47065|61574
1403|577|1299|20473|399970
34288|1299|8551|20473|47065|61574
328840|327727|174|17378|8119
28917|6939|1299|158
12637|35598|52091|206810|196638
210312|4601|50869|213423
16552|1299|174|21320|5408|50148
36924|1299|6461|394737
58308|6939|47160|213873
45352|1299|6855|39904
58308|6939|1299|209255
35369|5405|61568|266460|61625
28917|6939|1299|39572
48185|1299|8551|44709
50304|1299|6762|267470|263047
209823|47311|150249|153176
136557|174|3356|9002|8772|396416
327727|174|35598|52091|206810
34549|1299|12859|47065|61574
40994|174|34927|202827
2734|3257|33891|216067|44244
39122|174|2914|20473|47065|61574
42541|62255|52091|206810|211692|31069
32590|174|22381|267470|263047|264389
44324|32595|174|398843
57777|8298|25091|1299|10490|2722|12148|47065|61574
28917|6939|1299|26073|401698
28917|6939|1299|13876|400097
35600|6939|50989|205966
34288|1299|3223|41327
49028|1299|6939|30893|199580
28917|6939|25400|15765|203673
327960|174|56630|209944
58308|59689|30781|5511|174|37468|61568|266460|61625
198249|37271|20473|47065|61574
15623|6830|60068|211571
8220|1299|3920|206777
3214|12859|47065|61574
50629|6939|50989|48116
24785|1299|10490|2722|12148|47065|61574
37105|37468|1299|198949|35676
139317|44324|32595|174|396949
210312|4601|8298|25091|1299|20473|201423
58308|6939|6830|60284
5405|49581|209693
44324|32595|174|992
1299|6453|19318|209896
553|6939|30893|199580
60326|34872|24961|1299|20473|47065|61574
1267|1299|6453|19318|201813
139317|44324|32595|174|60239
60144|1299|174|37468|61568|266460|61625
1103|6830|3356|28370|268521
34854|13335|400095
29222|6939|8943|43915
139317|44324|32595|174|12252
28917|6939|1299|20473|136535
216285|8280|6762|1299|6855|50698
47957|33891|216067|44244
210312|4601|50869|6939|2852|197277
44324|32595|174|33059
199938|1299|3356|28370|268198
28917|6939|6830|23520|64126|265695|273867
52025|174|56630|209944
6424|53062|266493|61625
5405|62255|52091|206810|39089
57821|12586|3257|1299|20473|201423
28917|6939|8194|206600
6830|174|14840|2716
210312|4601|50869|215509
34927|52025|1299|21351|60132
58057|34549|1299|12859|47065|61574
35600|6939|28917|204623
204092|6939|60432
210312|4601|50869|34019|35600|56648
28917|6939|1299|36352|27176|215120
13830|971|174|5459|200070
58308|6939|3170|205479
42541|1299|174|3130|47065|61574
28917|6939|1299|60068|197103|262160
1299|174|20473|47065|61574
44324|32595|174|20473|42962|136796
29222|6939|6424|46516
47147|3320|1299|1680|20473|47065|61574
6424|6939|28917|48084
29075|1299|1680|20473|47065|61574
58308|6939|1299|5504
35008|1299|29695|206557|208835
49432|48362|1299|60068|216213|205884
57111|41327|20764|43298|48678|213865
35369|1764|1299|8551|44709
210312|4601|50869|58299|209114
45352|1299|6855|39904|199604
29680|174|28283|268744|2716
7660|2516|1299|37468|60068|216213|205884
6830|44530|41327|213013
55222|174|3356|1680|44709
8758|15576|174|52468|271150
52025|1299|21351|60132
513|174|204548|215728
12779|35598|52091|206810|208435
41666|20764|43298|48678|210574
12779|6939|28370|269016
204092|6939|16652
29222|6939|47160|210979
6894|33891|44592|49581|209693
328840|327727|174|1299|20473|399970
37662|174|22381|267470|263047|264389
35426|215596|174|21320|5408|47065|61574
140627|2914|174|37468|61568|266460|61625
58308|6939|42184|43397
327727|174|52468|262393
61218|29632|9002|3356|174|3130|47065|61574
20514|1299|201814|209896
49544|1299|6855|39904|47767
28917|6939|1299|208905|47956
50629|20764|52091|206810|202497
137409|33891|60068|211571
7473|1299|198949|35676
50877|5405|1299|17676|216211|44324|205369
2516|6830|60068|211571
39122|1299|6855|39904
1299|20473|399970
553|1299|6762|267470|263047
35369|5405|266493|61625
199524|1299|37468|270551|263047
57381|50304|1299|174|3130|47065|61574
29222|6939|7018|11992|399599
328206|37739|3491|174|5538|8194|29345
3170|9304|136237|174|137995|136237
37105|37662|174|6453|4755|7768
49432|48362|1299|20473|47065|61574
50304|1299|3356|28370|263963
12859|6939|25192|26710
20932|1299|3223|41327|51580
29222|174|60068|216213|205884
57695|917|60068|1299|25091|8298|4601|4492
47147|1299|7195|20473|47065|61574
31742|1299|6762|16735|273514
139317|44324|32595|174|46642
8455|1299|12859|47065|61574
48185|1299|12956|212721
2734|3257|1299|20473|47065|61574
59890|60068|1299|20473|47065|61574
64475|6939|2852|212876
3741|174|201814|209896
34854|1299|3356|28370|264426
263237|174|6453|29208
4601|50869|6939|28370|269016
35598|174|52468|262393
58308|6939|7018|13965
9268|4764|1299|6855|39904
28917|6939|6830|23520|272935|267845|273224
3130|174|1299|25091|8298|4601|4492
553|1299|56630|209944
20253|1299|35598|25308|28917|204076
34927|56655|1299|8943|200636
58308|6939|1299|835|52025|203069
64475|3320|1299|20473|201423
28917|6939|1299|25899|400338
58308|6939|3170|59410
58308|6939|6830|23520|46650|399273
28917|6939|1299|29551
216285|8280|6762|174|201814|209896
28917|6939|1299|20473|213901
31510|174|3356|16735|2716
50304|1299|7195|28189|266931|269250|271150
3356|174|11432|271150|272738
44324|32595|174|3714|1657
5413|1299|6855|39904|47767
513|29222|6939|263047|271068
42541|62255|52091|206810|211692|214268
59891|13030|33891|60068|211571
139317|44324|32595|174|204810
37721|174|60068|216213|205884
34019|137409|63473|200790
15547|174|3257|19318|209896
1764|174|204548|215728
9044|174|11432|271150|272738
58057|174|2914|20473|47065|61574
394256|174|8551|20473|47065|61574
140627|1299|6453|19318|209896
28917|6939|1299|6696|25181
207841|61049|2914|1299|198949|35676
6939|1299|20473|399970
36924|1299|6855|39904
60068|174|21320|5408|50148
34019|29169|174|52468|271150
1299|52320|7162|13878|52468|271150
44324|32595|174|200165
210312|4601|50869|34019|203432
37497|1299|6855|39904|199604
216285|8280|6762|174|32595|44324
3320|1299|56630|209944
1828|18779|174|210329|215728
52320|174|60068|205884
34019|29169|1299|20473|201423
136557|174|11432|271150|272738
28917|6939|1299|32798|16716
50628|6453|174|11432|271150|272738
28917|6939|63290|40335
13786|174|56630|209944
28917|6939|7018|400393
28917|6939|1299|23520|265561
28917|6939|62000|198831|212133
15562|2914|3257|5405|8943|200636
44324|32595|174|399893
135895|6939|1299|20473|47065|61574
49028|1299|6939|28370|267608
139317|44324|32595|174|273298
29222|6939|8943|44671
139317|44324|32595|174|265609
263237|174|204548|215728
55222|1299|6204|44592|49581|209693
207841|57463|14840|269288
57381|50304|1299|3356|28370|268521
6730|6830|13335|5408
398465|3320|3491|5408|47065|61574
174|1299|3920|206777
24516|174|6453|4755|7768
132825|174|50509|51032|41344|39707
50629|6461|137409|63473|200790
22652|174|20723|2852|202874
6082|2914|6424|44592|49581|209693
7594|174|22381|267470|263047|264389
4601|6939|28917|8926|200019|48753
37468|174|12956|212721
6730|6830|1299|6855|39904|202605
15605|35598|52091|206810|5598
28917|6939|7018|29992
6423|20055|1299|8551|44709
44324|32595|174|44166
29504|15935|174|52468|262393
5405|1299|20473|399970
29222|6939|40994|216321
44324|32595|174|15326
58299|16276|203019
34549|1299|6855|39904|202605
47147|3320|1299|56630|209944
40994|174|60068|216213|205884
328206|37739|3491|1299|198949|35676
8280|6762|174|140227|44324|205369
58057|174|60068|197103|212080
35600|35598|52091|206810|50204
34927|1299|6461|394737
12637|6939|24796|63293
3170|32787|202161
1273|1299|12859|47065|61574
58308|6939|6830|23520|263703|270026
40994|6939|50989|205966
13030|1299|174|20473|47065|61574
28917|8359|57304|15935
8283|6939|30893
4601|50869|41051|213249
139317|44324|32595|174|48260
45049|6696|5511|174|11432|271150
28917|6939|1299|23316
58308|6939|21430|199220
6830|12956|21351|60132
205206|1299|6453|1031|61568|266460|61625
51519|39351|174|6453|4755|7768
42541|32787|202161
35008|1299|917|214598
28917|6939|1299|15305
917|60068|33891|7195|28343|2716
57866|5511|174|32595|44324
34177|3356|1299|20473|47065|61574
4601|50869|199310|210352
139317|44324|32595|174|35598|204490|206306
32653|3741|174|12956|212721
5405|62255|52091|206810|59815
139317|44324|32595|174|25467
4777|2497|174|28283|268744|2716
58308|6939|6830|23520|27884
34288|1299|198949|35676
59890|174|60068|205884
34927|56655|1299|174|21700|399914
4601|50869|41051|401315
206356|50629|1299|4637|20473|47065|61574
327727|174|7311|835|394273
44324|32595|174|207234
58308|6939|7018|4473|13979|2576
4181|1299|6453|29208
6696|1299|6855|39904|47767
28917|6939|1299|34305
139317|44324|32595|174|17072|272286
28917|6939|1299|199753
28917|6939|1299|5617|200750
32590|6453|174|399697|39967|399697
28917|6939|1299|8473
206356|50629|3223|41327|51580
37100|6762|174|37468|61568|266460|61625
57111|41327|6461|17378|8119
42473|1299|6762|267470|263047
5392|3356|1299|22773|8119
34019|29169|174|399697|39967|399697
7713|174|3130|47065|61574
6894|174|210329|215728
174|3356|3223|41327
6424|33891|44592|49581|209693
23764|1299|3920|206777
210312|4601|50869|52025|209552
30781|1299|20473|399970
4601|50869|58299|209807
210312|4601|50869|6939|33924
58308|6939|1299|212765|211309
49788|1299|6453|1031|61568|266460|61625
3257|174|210|47065|61574
48070|6939|28370|269016
58308|6939|7018|64230
139317|44324|32595|174|210743
31510|174|1299|20473|201423
327960|327782|37100|1299|198949|35676
53828|2914|174|35598|52091|206810
28917|6939|1299|396993|50224
37271|174|60068|205884
41722|12389|174|140227|44324|205369
34927|174|37468|61568|266460|61625
132825|174|35598|52091|44660
58308|6939|1299|55410|38266
139317|44324|32595|174|45250
8660|1267|33891|60068|211571
48070|6939|29222|207688
57111|41327|7195|28343|2716
37697|3491|174|28189|266931|269250|271150
199938|1299|174|21320|5408|47065|61574
215596|1299|37468|270551|263047
6830|3356|28370|264426
327727|174|210329|215728
28917|6939|1299|394102|400326
3130|174|6453|60068|216213|205884
14537|33891|216067|44244
36924|1299|201814|209896
42541|1299|60068|211571
37497|3491|1299|34927|202532
34927|33891|216067|44244
8280|6762|174|60068|197103|212080
28917|6939|1299|20473|62184
2027|47160|174|60068|205884
42541|1299|20473|47065|61574
34927|1299|7195|20473|47065|61574
28917|6939|7018|22241
6461|21320|5408|47065|61574
29504|15935|13335|5408
6730|6830|174|210|47065|61574
3356|21320|5408|47065|61574
20130|23352|3257|5405|8943|200636
151326|174|56630|209944
6424|6939|28917|47478
58308|6939|1299|54082|64150|63293
12779|34927|202532
50877|5405|6939|30893|205563
16552|3257|1299|20473|201423
198385|174|37468|270551|263047
139317|44324|32595|174|53667|206042
29222|6939|2852|212876
8280|6762|1299|34927|202532
45049|6696|1299|17676|216211|44324|205369
5405|1299|17676|216211|44324|205369
17639|174|28189|266931|269250|271150
139317|44324|32595|174|327727
35008|1299|6762|16735|273514
13030|1299|174|3130|47065|61574
6082|174|14840|269288
20932|1299|3223|41327
49432|48362|1299|3356|28370|263535
29222|6939|202297|200299
49028|1299|3356|28370|267608
8220|1299|3223|34224|12735
20932|1299|6855|39904|199604
44324|32595|174|141163
28917|6939|1299|15557
4601|50869|6939|42695
47692|33891|12859|47065|61574
39351|174|3257|60068|206406|210557
20514|1299|3356|1680|44709
38136|50131|36236|174|140227|44324|205369
24961|1299|6855|39904|202605
62167|174|22381|267470|263047|264389
34927|52025|32097|32787|202161
174|20473|30893
199524|1299|6453|1031|61568|266460|61625
58308|6939|7018|11992
34177|1299|3356|28370|268521
7713|174|56630|209944
215596|174|204548|215728
6461|174|35598|52091|206810
210312|4601|50869|199310|199073
29222|6939|29670|208135
13237|1299|3356|28370|53079
263237|174|1299|34927|202532
58511|3257|174|1916|47065|61574
17639|1299|20473|47065|61574
207841|61049|174|8551|20473|47065|61574
49028|1299|4230|2716
210312|4601|50869|34019|204092|208567
58308|6939|1299|12293
8283|6762|49666|58224|214805
139317|44324|32595|174|53667|399266
15623|4455|33891|216067|44244
28917|6939|1299|11664|274012
28917|6939|1299|13767|13951
30600|174|37468|61568|266460|61625
28634|4230|1299|6855|39904
58308|6939|1299|52468|273832
23367|1299|34927|202532
34927|52025|174|3356|28370|28657
44324|32595|174|3320
12637|57463|14840|269288
58308|6939|1299|52468|273966
327727|174|12956|212721
4181|1299|60068|211571
34927|56655|1299|20473|399970
55222|174|3257|60068|206406|210557
139317|44324|32595|174|54804
58308|6939|196621
29222|6939|197580
32590|1299|35598|52091|206810
58308|6939|39791|47493
139317|44324|32595|174|399646|40776
58057|1836|1299|8551|44709
39122|1299|7545|20473|47065|61574
57111|174|1299|20473|201423
6424|6939|28917|28775
553|62255|52091|206810|35273
20932|1299|35598|25308|28917|204076
136557|174|37468|61568|266460|61625
12637|6939|196610
17639|174|204548|215728
1280|1299|3356|8772|215536
58308|6939|1299|14265
49028|1299|12956|212721
57381|50304|1299|20473|399970
24785|6830|174|11432|271150
58308|6939|1299|399077
6830|3356|3223|34224|12735
7018|1299|12555|210827
5413|1299|60068|216213|205884
28917|6939|1299|42473
29504|15935|174|3257|21034
6423|20055|1299|6855|39904
2500|2914|174|37468|61568|266460|61625
15605|35598|52091|206810|202279
6830|3356|22381|267470|263047|264389
1403|577|174|210329|215728
14630|2914|1299|3920|206777
20205|1299|12956|212721
14907|1299|34927|202827
4826|1299|20473|47065|61574
31510|174|5511|60068|206406|210557
6453|174|10490|2722|12148|47065|61574
58308|29075|1299|10490|2722|12148|47065|61574
58308|6939|1299|9584
58308|6939|1299|20473|47065
37271|174|52468|271150
58308|6939|6830|23520|27889
4181|1299|3356|8119
207841|6939|28917|8926|41221|207164
21700|3257|1299|20473|47065|61574
29222|6939|271150
58308|6939|57913
20253|1299|174|3130|47065|61574
210312|4601|50869|34019|204092
34800|58057|50673|174|3257|20473|47065|61574
4601|6939|28917|34784
47957|3356|174|5538|8194|29345
50629|20764|52091|206810|196767
14537|13786|174|60068|205884
553|6939|2852|48091
28917|6939|1299|8151|270177
28917|6939|1299|7843|11427|54201
210312|4601|14840|269288
28917|6939|1299|21859|63473|213771
7594|174|34927|202827
59689|29075|174|3257|21034
12307|29691|1299|12956|212721
58308|6939|8194|210213
3257|33891|216067|44244
44324|32595|174|32440|40189
39122|1299|3356|28370|268198
57866|12859|47065|61574
44324|32595|174|16276
6830|6939|54429|401894
20514|1299|6855|39904|47767
63927|1299|60068|197103|212080
210937|1299|20473|201423
6453|1299|34927|202532
19151|2914|174|140227|44324|205369
30781|5511|174|37468|61568|266460|61625
44324|32595|174|51847|215269
7018|1299|29695|206557|208835
5713|174|20473|47065|61574
4601|50869|6939|50989|48116
139317|44324|32595|174|400810
32590|1299|7195|20473|47065|61574
8283|20764|52091|206810|59815
32590|37100|174|140227|44324|205369
198385|174|1299|8551|44709
32590|37100|1299|10490|2722|12148|47065|61574
1273|1299|198949|35676
48070|6939|2852|202874
210312|4601|6939|28917|48084|199961
137409|33891|216067|44244
11039|6461|1299|60068|211571
39122|1299|6762|267470|263047
58308|6939|1299|400767
17660|2914|174|5538|8194|29345
58299|29632|215536
151326|174|60068|211571
210937|1299|6855|39904
199524|174|3356|8119
5413|1299|198949|35676
917|60068|5511|1299|20473|47065|61574
57111|174|2914|226|47065|61574
28917|6939|3170|212806
136557|174|3356|16735|2716
28917|6939|30893|200690
6730|6830|12956|212721
6057|174|56630|209944
209650|34927|1299|3257|20473|47065|61574
58308|6939|1299|6696|25181
215596|1299|8551|20473|47065|61574
22652|174|3356|8119
207841|6939|28917|6789|200702
328512|5713|174|399697|39967|399697
35008|1299|6762|267470|263047
44324|32595|174|42228
917|60068|1299|17676|216211|211575
559|35598|52091|206810|196638
28917|6939|1299|23520|262191|274039
3130|174|21320|5408|50148
8529|1299|22773|8119
3170|6939|28917|28775
42473|1299|35598|52091|206810
6830|6939|2852|48091
3491|1299|60068|197103|212080
25160|2603|21320|5408|47065|61574
44393|401753|34872|8283|47065|61574
58511|1299|60068|216213|205884
8426|6777|3920|206777
6730|6830|3356|28370|269016
19151|174|8551|20473|47065|61574
16552|6453|174|60068|216213|205884
40994|9002|8772|396416
28917|6939|1299|9584
28917|6939|1299|31898|26954
35426|215596|62000|1680|44709
13237|1299|3356|28370|263963
3320|1299|201814|209896
213151|41051|58299|56630|209944
577|3491|5408|47065|61574
42473|1299|20473|201423
553|6939|25192|26710
204092|29632|59682
29504|15935|174|1299|20473|399970
174|3356|8119
2914|1299|8551|44709
28917|6939|1299|207023
3356|174|216211|211575
39392|174|3130|47065|61574
13786|174|10490|2722|12148|47065|61574
1299|20473|30893
1299|6939|30893|199580
59414|6830|6762|267470|263047
971|174|6453|19318|209896
12637|6939|2852|210498
28917|6939|1299|20473|214660
28917|8359|57304|15935|56360
12859|1299|6855|39904|47767
140627|2914|3356|21320|5408|47065|61574
34854|1299|8551|44709
12859|7195|28189|266931|269250|271150
12859|1828|12179|393398|3356|1299|23033|50131
199524|3356|1299|6855|39904|202605
28917|6939|1299|8151|272325
64475|62255|52091|206810|196638
15605|35598|52091|206810|48687
6730|6830|3356|16735|273514
199524|174|201814|209896
28917|6939|1299|23520|6503|28469
28917|6939|56595|215742
4181|1299|29695|206557|205190
20205|1299|3356|1680|44709
20205|174|28189|266931|271615|273522|271150
207841|6939|2852|201648
196621|15576|174|210|47065|61574
58308|6939|1299|53991
28917|6939|7018|15130
513|21320|33891|60068|211571
58308|6939|33924|198890|57463|34772|35047|5414
20912|12637|57463|22356|52468|271150
8280|6762|174|210329|215728
213151|41051|58299|33891|216067|44244
553|174|399697|39967|399697
4637|3356|21320|5408|47065|61574
4826|1299|201814|209896
44324|32595|174|53667|210842
1299|22773|8119
3214|1299|20473|201423
19653|30600|174|21700|399914
58308|6939|6830|23520|11556|52336
15605|35598|52091|206810|56766
55222|1299|6855|39904|47767
44324|32595|174|207866
34549|1299|201814|209896
58308|6939|33891|60068
28917|6939|6830|23520|52468|269934|274125
58308|6939|262365|263433|268967
51184|47692|33891|12859|47065|61574
35600|6939|28917
45049|6696|5511|174|52468|271150
7018|6461|394737
15935|174|7311|835|394273
28917|6939|1299|208905|206446|35793
577|1299|8551|44709
28917|6939|1299|20473|215168
55222|1299|3356|28370|263535
58308|6939|6830|23520|52286|264764|273897
29222|6461|394737
64475|6939|2852
577|174|20473|47065|61574
28917|6939|1299|23520|265592
34854|1299|60068|211571
8220|1299|6855|50698
139317|44324|32595|174|18001
210312|4601|50869|60900
204092|6939|30893|205563
58057|34549|1299|3223|34224|12735
64475|6939|2852|204772
33891|60068|211571
28917|6939|1299|20473|53841
29222|6939|7018|11992|35892
199524|174|52468|262393
210312|4601|50869|52025|211358
58308|6939|29208|198605
50304|1299|4637|20473|47065|61574
553|62255|52091|206810|211692|31069
34019|47160|174|60068|205884
207841|6939|28370|267608
57381|50304|1299|6762|267470|263047
58057|34549|174|399697|39967|399697
50629|34927|202532
28917|20764|52091|59815|25299
58308|6939|1299|20326
2027|47160|6939|25192|29067
6696|1299|10490|2722|12148|47065|61574
559|35598|52091|206810|56915
52025|32097|4230|52654|266493|61625
1299|37468|270551|263047
8660|1267|1299|8551|44709
58308|6939|7018|32119
207841|6939|2852|199711
47692|3356|174|140227|44324|205369
58308|6939|30893|204789
59890|174|21700|399914
553|9002|19551|1299|19551
28917|6939|7018|22216
28917|6939|1299|9141|39869|59491
9268|4764|1299|29695|206557|208835
5713|174|216211|211575
14907|1299|3257|20473|47065|61574
7018|3257|21034
205206|2603|21320|5408|47065|61574
51184|1764|174|210|47065|61574
210312|4601|6939|28917
6667|174|3130|47065|61574
8220|6453|1299|1680|20473|47065|61574
58308|6939|8899|42652
6830|9002|197068
29222|6939|8899|42652|213928
35710|3320|174|399697|39967|399697
56655|1299|8943|200636
12859|13335|400095
40994|6939|29222|204957
34927|1299|3257|60068|206406|210557
35426|215596|1299|3356|28370|268198
58308|6939|12735|51559
7713|1299|4230|52654|266493|61625
28917|6939|1299|20473|200268
58299|62255|52091|206810|214721|204108
37105|37662|174|21320|5408|50148
52925|3356|1299|6855|39904|47767
210312|4601|50869|6939|29222|513|20940
64475|62255|52091|206810|197960
50628|33891|44592|49581|209693
2497|174|60068|216213|205884
44324|32595|174|54804
28917|6939|1299|396993
553|264409|61832|266460|61625
13830|971|174|35598|52091|206810
559|35598|52091|44660
58308|6939|3170|213692
1764|174|399697|39967|399697
64475|31133|35598|25308|28917|204076
139317|44324|32595|174|210801
44393|394256|174|6461|394737
3170|49770|1299|29518
58308|6939|28917|44056
42541|1299|6855|39904|202605
559|3320|6855|39904|202605
132337|1299|20473|47065|61574
47147|1299|198949|35676
6762|1299|6855|39904|199604
36924|1299|3356|28370|263060
29222|6939|200070
553|37271|20473|47065|61574
28917|6939|1299|20473|14270
12637|6939|28917|6789|201069|207979
47147|1299|6939|30893|205563
58308|6939|25400|3292|208202
22652|1299|7195|28343|2716
50877|5405|6939|28370|269016
328512|5713|174|22381|267470|263047|264389
60068|33891|917|214598
41327|9002|197068
48362|1299|174|60068|216213|205884
262427|174|56630|209944
35280|6453|1299|20473|47065|61574
50673|8283|47065|61574
42473|1299|1680|20473|47065|61574
577|1299|25091|8298|4601|4492
58057|34549|1299|10490|2722|12148|47065|61574
7018|1299|60068|197103|212080
16552|1299|3356|28370|263535
139317|44324|32595|174|6424|47787
37721|174|21320|5408|47065|61574
28917|6939|6424|46516
29222|174|204548|215728
8218|6461|174|216211|211575
29169|174|20473|47065|61574
1031|999|6453|174|399697|39967|399697
58308|6939|6830|23520|10269
58308|6939|199081|209847
136557|174|7195|20473|47065|61574
32590|37100|1299|20473|47065|61574
263152|174|60068|197103|212080
12779|174|138997|216211|44324|205369
39392|33891|21320|5408|47065|61574
30781|1299|6855|39904|47767
6424|6939|28917|12668
28917|20764|43298|48678|210574
132847|7474|7473|1299|20473|47065|61574
50629|3356|21320|5408|47065|61574
52075|2914|3356|21320|5408|47065|61574
64475|62255|52091|206810|211692|214268
151326|174|3356|3223|41327
40387|1299|29695|206557|208835
31510|174|3130|47065|61574
13786|174|210329|215728
139317|44324|32595|174|48266
28917|6939|1299|6400|267896
7713|174|11432|271150
60068|33891|3223|41327
28917|6939|1299|1759|51188|3274
559|37468|52468|271150
19151|2914|1299|6855|39904|199604
35600|9002|12555|48430
34288|1299|8551|44709
58308|6939|6830|23520|46650|13335
206356|50629|33891|60068|211571
49432|48362|1299|3257|20473|47065|61574
28917|6939|1299|55410
14907|1299|42303|51701|30893
28917|6939|29222
58308|6939|1299|40185
28917|6939|1299|6855|208414
35008|1299|23764|35168|212999
28917|6939|1299|52468|273923
58308|6939|1299|32934
48185|1299|3223|34224|12735
20253|1299|17676|216211|44324|205369
33891|7195|28343|2716
58308|35598|52091|206810|211101
140627|1299|3356|28370|28657
139317|44324|32595|174|14
12956|174|11432|271150|272738
48185|1299|20473|47065|61574
29222|6939|39790
28917|6939|50698
8220|1299|6855|39904|202605
3170|1680|44709
29222|6939|8194|210213
35369|1764|174|210329|215728
8455|3356|174|216211|211575
148968|1299|6453|4755|7768
34854|1299|3491|20473|47065|61574
42473|1299|20473|47065|61574
44393|394256|174|399697|39967|399697
207841|6939|50989
199524|174|28189|266931|269250|271150
553|6939|28370|263535
559|6939|30893|200690
3399|5511|174|216211|211575
62167|174|138997|216211|44324|205369
22652|1299|35598|52091|206810
25091|6453|174|140227|44324|205369
28917|6939|1299|60610
58308|6939|24796
12637|30844|21351|60132
34927|1299|6453|1031|61568|266460|61625
29222|6939|553|204680|208854
35600|20764|43298|48678|213865
8283|6939|30893|13214
58308|6939|42184|215756
32590|1299|29695|206557
22652|1299|59692|12555
553|174|60068|216213|205884
199938|1299|6453|29208
199524|1299|13335|5408
6424|6762|1299|8551|44709
971|174|6453|19318|201813
44324|32595|174|36671
6830|3356|1680|44709
5511|174|3130|47065|61574
49028|1299|6453|4755|7768
29222|6939|7018|32119
12637|35598|52091|206810|5598
7713|1299|201814|209896
207841|6939|28917|12668|51883
34800|29632|12859|47065|61574
3491|1299|3920|206777
1764|1299|174|37468|61568|266460|61625
20253|1299|7195|28343|2716
57111|174|1299|20473|399970
8660|1267|1299|6453|29208
12637|35598|52091|44660
52025|174|28189|266931|269250|271150
34927|1299|4230|52654|266493|61625
199524|28917|215730|209693
35426|215596|1299|3356|28370|264426
15547|3303|174|20473|47065|61574
58308|6939|2914|20473|399970
3741|174|6762|49666|58224|214805
196621|6939|28917|48084|199961
29222|6939|3170|57483
12779|174|1916|47065|61574
577|1299|20473|399970
41722|20764|174|399697|39967|399697
207841|6939|15372|203592
196621|6939|28917|52191
4601|6939|28917|204623
3491|1299|6855|39904
58308|6939|5405|9182
210312|4601|50869|44324|199018
4764|174|28189|266931|271615|273522|271150
35600|50263|21263|206970
29504|39392|174|60068|205884
58308|6939|1299|14522|52458
204092|34019|3223|41327
48070|1299|3356|28370|267556
553|33891|60068|211571
59919|52025|212895|210320
12859|1299|6762|267470|263047
20514|1299|6453|29208
41327|3920|206777
42473|1299|2914|226|47065|61574
44324|32595|174|17267
28917|6939|1299|20473|140938
29680|174|21320|5408|50148
15576|174|140227|44324|205369
139317|44324|32595|174|57974|62661
40994|32787|202161
30844|174|5538|8194|29345
397131|60011|3356|1299|12859|47065|61574
8283|47065|61574
6057|174|21700|399914
6830|9002|12555|198070
139317|44324|32595|174|21859
852|174|22381|267470|263047|264389
21700|174|21320|5408|47065|61574
28917|6939|1299|20473|399992
35426|215596|174|14840|269288
58308|6939|1299|396362
61568|174|204548|215728
50629|20764|52091|206810|12773|211692|196629
12779|6939|28370|267556
209650|34927|1299|8551|44709
55222|174|20723|2852|202874
58308|6939|5405|199710
917|60068|1299|9002|8772|396416
28917|6939|1299|20473|401637
44324|32595|174|208794|200851
13237|33891|216067|44244
58308|6939|12735|15830|137922
1103|6830|174|11432|271150|272738
9268|4764|1299|6461|394737
50877|5405|6939|2852|210498
5413|1299|174|3130|47065|61574
139317|44324|32595|174|263167
28917|6939|6830|33915|209390
32590|4637|3356|21320|5408|47065|61574
28917|6939|1299|202045
13786|3356|1299|20473|47065|61574
44324|32595|174|6424|47787|203020
6424|37271|20473|47065|61574
28917|6939|262365|267933
199524|1299|35598|25308|28917|204076
13237|1299|3356|28370|267556
28917|6204|208972|210538|6775|13030|4637|133398
34288|1299|60068|197103|212080
12389|1299|20473|47065|61574
19151|174|35598|52091|206810
5413|1299|37468|60068|216213|205884
58299|7195|20473|47065|61574
22652|174|11432|271150
50304|1299|56630|209944
6424|37517|1299|6758|37649
37271|3257|1299|3920|206777
28917|6939|1299|4229|21859|396986
553|9002|12555|48430
47147|1299|4637|20473|47065|61574
23673|6939|1299|20473|399970
199524|174|3491|20473|47065|61574
31742|1299|3257|60068|206406|210557
6830|6939|196610|48927
215596|1299|3257|19318|209896
140227|44324|215172|214955
50877|5405|1299|20473|399970
64475|6939|59970
28917|3257|1299|20473|47065|61574
57777|8298|25091|6453|174|399697|39967|399697
28917|6939|1299|20473|198558
24516|174|37468|61568|266460|61625
8283|2914|1916|47065|61574
12956|174|28189|266931|271615|273522|271150
58308|20473|47065|61574
29222|6939|63290
32590|6453|174|60068|216213|205884
20514|1299|3356|28370|267556
16347|1299|198949|35676
28917|6939|15935|201727
34927|1299|6855|39904|202605
971|174|1299|6855|39904
41327|174|8551|20473|47065|61574
12969|1299|6855|39904|199604
58308|6939|1299|20473|211158
6830|3257|56630|209944
4601|50869|6939|39790
327727|174|1299|6855|50698
47147|1299|3257|19318|201813
6424|6939|28917|12668|197404
28917|6939|1299|20473|395460
29222|6939|7018|46488
60503|6939|1299|20473|399970
50628|1299|60068|197103|212080
34927|52025|174|35598|52091|206810
64475|7195|28189|266931|271615|273522|271150
49432|48362|1299|174|20473|47065|61574
7018|1299|1680|20473|47065|61574
59919|12779|4601|4492
6730|6830|174|216211|211575
34800|58057|50673|174|3356|28370|268521
8220|1299|20473|399970
6894|174|8551|20473|47065|61574
28917|6939|1299|20473|35085
48919|174|210|47065|61574
36924|1299|4230|2716
6720|1764|1299|198949|35676
205112|50629|174|399697|39967|399697
2914|1299|3920|206777
207841|6939|2852
12779|35598|52091|206810|211101
4181|1299|60068|197103|212080
12779|9002|12555|48430
44324|32595|174|17185|25645
48070|57463|7713|174|56308
15605|6939|2852|61110
209|3356|1299|8551|44709
139317|44324|32595|174|199391
58308|6939|1299|52468|271977
6730|6830|174|35598|52091|206810
48070|6939|59689
47692|33891|8943|200636
12956|1299|8551|44709
56655|1299|174|140227|44324|205369
44324|32595|174|398156
29222|6939|39791|47493
58308|6939|50989
34019|29632|59682
28917|6939|1299|20473|400644
132847|7474|3257|174|1916|47065|61574
559|35598|25308|28917|9049|51017
28917|6939|3170|201579
58057|1836|174|399697|39967|399697
263237|174|216211|44324|205369
559|35598|52091|206810|5598
12637|1299|56504|47674
28917|6939|1299|1759|29422|207006
5405|6939|30893|204789
58057|174|2914|226|47065|61574
58308|6939|1299|5518|51894
51519|39351|1299|198949|35676
29504|15935|174|60068|197103|212080
29504|39392|174|1299|20473|201423
2497|174|22381|267470|263047|264389
58308|6939|12637|199699
3170|6939|42695|43101
29169|174|399697|39967|399697
12307|29691|1299|20473|201423
6830|3356|28370|263535|268030
8280|6762|174|11432|271150
209650|34927|1299|3356|28370|267556
28917|6939|7018|154126
6762|3356|21320|5408|47065|61574
20912|12637|8298|4601|4492
12859|1299|198949|35676
14315|174|1299|8551|44709
32590|1299|20473|399970
13237|1299|3356|8119
58308|6939|1299|20473|201235
139317|44324|32595|174|7040
1103|6830|3356|28370|28657
3491|174|11432|271150
34927|60011|3356|1299|6855|39904
3170|6939|28917|204623
6082|174|21320|5408|50148
8758|15576|174|210329|215728
139317|44324|32595|174|201050
6830|6939|25192|26710
553|1299|6453|4755|7768
58308|6939|6830|23520|10269|264640
199938|1299|3223|34224|12735
28917|6939|1299|23520|262202
60068|1299|9002|8772|396416
327727|174|12389|49666|205647|49801|204533
199524|1299|6453|4755|7768
58299|29632|59682
35600|50263|21263|30791
58308|6939|7018|986
328840|327727|174|14840|2716
44324|32595|174|212250|208293|203217|59588
2914|2603|21320|5408|47065|61574
6762|174|20473|47065|61574
28917|6939|1299|25759
207841|61049|174|22381|267470|263047|264389
12779|6939|29222|41495
49028|1299|7545|20473|47065|61574
28917|6939|1299|27947|52468
20253|1299|2914|20473|47065|61574
58308|6939|33891|201011
36924|1299|32787|202161
58308|6939|1299|209022
16552|1299|9002|8772|396416
15547|174|1299|8551|44709
6424|52468|271150
2734|3257|174|140227|44324|205369
41327|6939|25192|29067
917|60068|174|3130|47065|61574
12779|34927|202827
37100|1299|6855|39904|202605
12586|3257|174|1916|47065|61574
139317|44324|32595|174|397650
6424|21320|5408|47065|61574
37105|37662|174|60068|211571
58308|6939|8194
205206|1299|3356|28370|263060
31510|174|3356|3223|34224|12735
210312|4601|6939|28917|39238|49392
32590|12956|1299|10490|2722|12148|47065|61574
28917|3257|1299|198949|35676
20253|1299|5511|49666|58224|214805
3170|6939|24796|63293
49432|48362|1299|174|216211|211575
553|6939|28917|48084|199961
513|29222|6939|61618|267443
58057|1836|1299|201814|209896
31122|174|216211|211575
58308|6939|1299|36352|399275
3333|1257|174|22381|267470|263047|264389
50673|174|7195|20473|47065|61574
38880|174|399697|39967|399697
50300|174|140227|44324|205369
17660|6453|174|21320|5408|50148
58308|6939|1299|54082|263725|272916
210312|4601|50869|58299|209114|206072
139317|44324|32595|174|153773
35600|35598|52091|206810|12773|47809|50780
60326|34927|1299|10490|2722|12148|47065|61574
6830|6939|39790
61049|174|216211|211575
28917|6939|9120
327960|327782|37100|2603|21320|5408|47065|61574
44324|32595|174|62833
15935|13335|5408
13786|174|210|47065|61574
58308|6939|271150
2027|47160|6939|54429
15605|35598|52091|206810|196767
4601|7195|11432|271150|272738
4601|50869|52025|209477
1280|1299|174|140227|44324|205369
174|3356|28370|28657
5405|8943|200636
139317|44324|32595|174|208794|200851
3130|174|1299|6855|39904|47767
15547|174|12956|212721
50673|174|140227|44324|205369
20764|2603|21320|5408|47065|61574
6696|1299|7195|20473|47065|61574
28917|6939|1299|52468|263232
51873|6830|174|210|47065|61574
513|174|22381|267470|263047|264389
210312|4601|50869|41051|215448
44324|32595|174|14178|272300
58308|6939|1299|14041|194
28917|6939|1299|20473|402087
44324|32595|174|270068
14907|1299|37468|270551|263047
174|3356|28370
12350|1299|3356|28370|267556
58308|6939|50989|50683
553|62255|52091|206810|211692|214268
58511|1299|6855|39904|202605
58308|6939|1299|7342
4601|6939|28917|24651
20205|1299|12859|47065|61574
3170|174|6453|29208
33891|3223|41327
6461|174|11432|271150|272738
28917|6939|1299|46887|400164
41666|20764|52091|206810|196767
39122|1299|3356|28370|264426
35600|6939|28917|47759
29222|6939|200995
174|35598|52091|44660
12637|35598|52091|59815
139317|44324|32595|174|262287|28666|53231
17660|6453|174|399697|39967|399697
8283|6939|25192|29067
38001|3491|174|35598|52091|206810
139317|44324|32595|174|393524
50673|174|2914|226|47065|61574
29075|33891|44592|49581|209693
7594|3356|1299|20473|47065|61574
3170|34927|202532
7474|3257|174|3130|47065|61574
8283|20764|52091|206810|12773|44884
6424|174|140227|44324|205369
22652|1299|21351|60132
35280|3356|174|3130|47065|61574
28917|6939|1299|198710
8426|3257|1299|20473|47065|61574
48070|6939|28917|6789|200702
28917|6939|7018|4466
58299|13335|400095
32590|1299|6855|39904|199604
52320|174|3130|47065|61574
18106|174|201814|209896
44324|32595|174|399646|40776
6424|6939|28917|24651|39900
28917|6939|7018|2386|11873
28917|6939|32097|64236
14315|6453|1299|34927|202532
28917|6939|1299|3223|41378
1299|6939|28370|264426
57695|917|60068|1299|3223|41327
28917|6939|1299|23520|272935|267845|274105
174|35598|52091|48158
57111|174|52468|271150
139317|44324|32595|174|401847
8426|3257|174|20473|47065|61574
39351|1299|8551|44709
28917|6939|1299|20473|201489
30844|174|3130|47065|61574
398465|1299|3356|28370|263060
28917|6939|1299|23520|27696
22652|1299|34927|202532
23367|1299|35598|52091|206810
20514|1299|174|14840|269288
29222|6939|48678|211804|208913
28917|6939|7018|64230
12637|3920|206777
50673|174|1299|198949|35676
11845|30844|33891|60068|211571
209|3356|1299|6855|50698
204092|6939|28917|39238|49392
48362|1299|174|20473|47065|61574
553|6939|29222|204957
917|60068|1299|3356|28370|263060
136557|174|35598|25308|28917|204076
50877|5405|6939|2852|201648
139317|44324|32595|174|398843
34927|60011|3356|1299|34927|202532
31742|174|60068|216213|205884
28917|6939|1299|36352|16628
29222|43531|1200
139317|44324|32595|174|139057
58308|6939|1299|21277|197882
58308|6939|6830|23520|272935|267845|274105
139317|44324|32595|174|401555
58308|6939|29670|213674
39122|1299|17676|216211|44324|205369
35008|1299|7195|28189|266931|269250|271150
40994|6939|28917|50923
12779|7195|28260|270548|52794|52659
48070|7195|11432|271150
3170|8926|174|3320
58308|6939|35826
7594|174|28189|266931|269250|271150
21232|15576|56630|209944
139317|44324|32595|174|272406
3491|174|60068|216213|205884
29222|6939|29208|210631
44324|32595|174|53587|22552
55222|174|3257|19318|201813
7660|2516|1299|8551|20473|47065|61574
1140|12859|47065|61574
199524|174|3491|20473|399970
50628|6453|174|1916|47065|61574
35710|48200|6762|174|20473|47065|61574
327960|174|3356|8119
28917|6939|7018|35980
174|13335|5408
58308|6939|1299|400164
47692|33891|60068|211571
34927|52025|174|204548|215728
28917|6939|1299|395035
28917|6939|1299|20473|197730
263152|174|21320|5408|47065|61574
28917|6939|1299|7632|131728
559|1828|13789|30372|3356|174|393216
210312|4601|50869|216375
7018|1299|20473|47065|61574
7018|6939|196610|48927
132337|1299|3257|20473|47065|61574
37100|174|216211|211575
6423|20055|1299|6855|39904|199604
20130|23352|3257|174|399697|39967|399697
6730|6830|1299|20473|47065|61574
12859|28917|215730|209693
50877|6762|174|399697|39967|399697
28917|20764|52091|206810|211692|214268
4601|20473|47065|61574
5413|1299|174|60068|205884
29222|6939|8283|57984
29075|1299|198949|35676
7594|174|37468|61568|266460|61625
7018|1299|20473|399970
139317|44324|32595|174|54579|394778
58308|6939|7018|22241|400745
12779|6939|2852|201648
20253|1299|198949|35676
8455|1299|17676|216211|44324|205369
139317|44324|32595|174|39063|29108
6424|6939|28917|39238
50673|174|210329|215728
12637|35598|52091|206810
17350|2914|1299|3920|206777
140627|2914|1299|10490|2722|12148|47065|61574
9044|174|22381|267470|263047|264389
139317|44324|32595|174|3266
25160|174|60068|205884
34927|1299|3257|210329|215728
31742|1299|3356|16735|2716
44324|49581|209693
20514|1299|56630|209944
34288|174|52468|262393
58308|6939|6830|23520|27696|271971
199524|1299|25091|8298|4601|4492
271253|6453|174|20473|47065|61574
4601|6939|28917|44056|57629
6461|174|204548|215728
24516|174|35598|52091|206810
204092|37468|53062|266493|61625
58308|6939|1299|13999
34019|31564|174|35665|200906
37468|174|204548|215728
15605|35598|52091|206810|202279|213203
35266|1299|6855|39904
23764|1299|174|3130|47065|61574
56662|25091|12859|47065|61574
56655|1299|174|3130|47065|61574
42473|1299|6453|19318|201813
55222|1299|3223|41327
20205|1299|16276|203019
28917|6939|1299|20473|54874|970
58308|6939|6830|23520|64126|272980|274084
28917|6939|1299|20115|33588
45049|6696|1299|174|140227|44324|205369
58308|6939|1299|16509|14618|54981
