6424|52898|263047|268105
50304|1299|201814|209896
34854|1299|7195|20473|47065|61574
50877|42295|33891|216067|44244
28917|6939|40994|205563
215596|1299|3356|28370|268198
28917|6939|1299|199408
327960|174|35598|52091|206810|48595
47160|174|11432|271150|272738
28917|6939|1299|213291
139317|44324|32595|174|53667
6762|1299|20473|399970
48070|6939|2852|198500
58299|174|210|47065|61574
29222|6939|61618|268492
5405|29632|215536
58299|62255|52091|206810|8274
52025|174|21320|5408|50148
29222|6939|48678|207582
199524|1299|6453|19318|209896
15935|174|35598|52091|206810|48687
328840|327727|174|6762|1680|44709
4601|50869|52025|212895|402182
7474|7473|1299|7195|20473|47065|61574
28917|6939|7018|14858
28917|6939|7018|10934
1140|6830|60068|216213|205884
1299|6461|210|47065|61574
16552|1299|174|3130|47065|61574
917|3214|1299|3223|34224|12735
199524|174|5538|8194|29345
198385|174|1299|198949|35676
20205|1299|3356|1680|44709
140627|1299|6453|19318|201813
4181|1299|6453|4755|7768
139317|44324|32595|174|21859
59891|13030|1299|6453|4755|7768
34927|52025|1299|6855|39904|47767
11039|6461|174|20473|47065|61574
3216|1299|5511|60068|206406|210557
50300|33891|216067|44244
1267|1299|8551|44709
210937|1299|8551|20473|47065|61574
44324|32595|174|399893
8426|3257|1299|20473|399970
31510|174|3356|3223|41327
28917|6939|1299|20473|397592
20912|12637|174|20473|47065|61574
58308|6939|1299|32934
215596|174|22381|267470|263047|264389
58308|6939|30893|13214|35634
3130|174|11432|271150
40994|57463|41327|214169
6082|174|8551|20473|47065|61574
209823|6830|60068|216213|205884
139317|44324|32595|174|203623
19151|174|3130|47065|61574
3170|174|56630|209944
29504|15935|174|60068|216213|205884
39122|1299|3223|41327
3130|174|3491|20473|47065|61574
16552|3257|1299|20473|399970
58308|35598|52091|206810|12773
28917|6939|1299|20473|208884
553|1299|6204|44592|49581|209693
58299|1680|20473|47065|61574
58308|6939|1299|9009|44239
4181|1299|6855|39904
46450|1299|6453|29208
57111|174|7545|20473|47065|61574
58308|6939|16652
5405|62255|52091|206810|48595
23367|1299|37468|52468|271150
8280|6762|174|11432|271150|272738
12859|1299|10490|2722|12148|47065|61574
58308|6939|1299|42303
7018|6453|49666|205647|49801|204533
151326|174|35598|52091|206810|59867
1257|1299|8551|44709
210937|1299|3356|28370|267556
6082|2914|12859|47065|61574
210312|4601|50869|6939|2852|201648
29691|1299|3223|34224|12735
202365|50673|174|1299|20473|399970
6696|5511|174|11432|271150
210312|4601|50869|211008
5511|1299|20473|47065|61574
59890|60068|1299|20473|47065|61574
28917|6939|1299|23520|263703|269928
23367|1299|5511|49666|58224|214805
35008|1299|6762|16735|273514
328206|37739|3491|1299|198949|35676
2734|32098|28509|174|23520|28545
35600|35598|52091|206810|211692|214268|196977
29222|6939|21430|203376
28917|6939|1299|23520|263238|272883
6424|174|35598|52091|206810|35273
29504|15935|174|201814|209896
28917|6939|42695|52011
28917|6939|1299|3223|41378
2027|47160|174|52468|271150
42541|13335|5408
11039|6461|1299|60068|211571
50877|6762|174|11432|271150|272738
12637|6939|28370|269016
210312|4601|50869|6939|25192|29067
48362|1299|60068|197103|212080
4777|2497|2914|12859|47065|61574
21700|174|35598|52091|206810
29222|6939|2852|213152
34019|4601|4492
553|174|60068|216213|205884
36924|1299|3356|28370|267556
60068|1299|17676|216211|211575
38136|50131|174|210|47065|61574
215596|1299|3356|8119
34019|2603|21320|5408|47065|61574
57111|41327|201376|199881
12969|1299|174|22381|267470|263047|264389
210312|4601|6939|28917|21453|201646
1299|3223|41327
13030|1299|3257|19318|201813
33891|3223|41327
206499|34549|1299|6855|39904
40994|6939|54429
40994|9002|12555
139317|44324|32595|174|397384
39392|174|60068|205884
174|6453|4755|7768
58308|6939|1299|396993
25160|1299|6939|24796|63293
39122|1299|3356|28370|263535|268030
917|60068|174|6461|394737
136557|174|3257|21034
40994|57463|41327|204947
6424|174|35598|52091|206810
28917|6939|1299|13443
210312|4601|50869|199310|211695
202365|8283|47065|61574
58308|6939|32097|54203
210937|1299|21351|60132
4601|50869|200242
1031|999|6453|174|60068|216213|205884
3170|16276|203019
12637|1299|6855|39904|47767
139317|44324|32595|174|394542|20432
58308|6939|7018|398222
58308|6939|1299|38077
50877|5405|6461|210|47065|61574
49788|1299|198949|35676
327960|174|3356|8119
59890|60068|33891|216067|44244
210312|4601|9002|8772|215536
12779|6939|30893|199580
20932|174|3130|47065|61574
28917|6939|7018|394102
4601|50869|41051|211715
58308|6939|53764
59414|3303|174|3130|47065|61574
22652|1299|20473|399970
49788|1299|3356|28370
28917|6939|1299|23520|262191|264835
1764|174|204548|215728
28917|6939|1299|44332
206356|50629|1299|3920|206777
50629|20764|52091|206810|214210
29222|6939|6424|39384
44324|32595|174|6461|2000
16552|30844|8283|47065|61574
29222|6939|2852|201648
28917|6939|1299|58065
3170|35598|25308|28917|9049|51017
58057|174|35598|52091|206810|35273
29222|6939|29208|215588
6830|6939|28917|50009
1299|3356|21320|5408|47065|61574
12859|215551|30893|200690
28917|6939|31263
37721|1299|34927|202532
59689|29075|174|3257|21034
29222|6939|52838|268086
28917|6939|7018|4185|13979|14298
48070|1299|17676|216211|44324|205369
34019|3303|174|20473|47065|61574
196621|6939|50989|50683
2497|1299|3920|206777
61049|174|20473|47065|61574
28917|6939|1299|23520|262191|273078
209823|33891|216067|44244
17660|6453|174|22381|267470|263047|264389
1764|1299|198949|35676
20912|12637|20473|47065|61574
398465|1299|3356|28370|264426
41327|6939|50989|33837
199524|37100|1299|198949|35676
21700|174|35598|52091|206810|202497
1836|1299|20473|47065|61574
60068|174|6461|394737
58308|6939|1299|7029
58308|6939|1299|20473|51191
41327|6939|25192|26710
15605|35598|52091|206810|12773|47809|59478
48070|6939|28917|39134
328840|327727|174|5459|200070
139317|44324|32595|174|262287|28666|53231
28917|6939|207995
58057|50673|174|22381|267470|263047|264389
3549|3356|1299|6855|39904|47767
9268|4764|1299|12956|212721
48070|1299|3356|16735|273514
44324|32595|174|400519
17350|2914|1299|3920|206777
6830|1299|56630|209944
327727|174|35598|52091|206810|24881
199938|1299|3356|28370|264426
55222|174|12389|49666|205647|49801|204533
917|60068|1299|23764|35168|212999
28917|6939|1299|48448
28917|6939|7018|396973
202365|50673|174|3257|60068|206406|210557
20253|1299|198949|35676
29169|174|140227|44324|205369
58308|6939|33891|43771
58308|6939|29208|60275
44393|394256|174|21320|5408|47065|61574
15605|35598|52091|206810|214721
50304|1299|174|1916|47065|61574
36994|1273|1299|20473|399970
8529|1299|174|20473|47065|61574
3303|174|35598|52091|206810
28917|6939|198101
6830|12956|212721
28917|6939|7018|22787
198385|174|3130|47065|61574
28917|6939|1299|23520|265590
29222|6939|3170|203363
58308|6939|1299|42385
30844|33891|44592|49581|209693
4777|2497|174|14840|269288
50628|1299|10490|2722|12148|47065|61574
25220|1299|198949|35676
28917|6939|1299|33522
7018|1299|4230|2716
207841|6939|2852|200874
196621|6939|28917|198297
58308|6939|50629|207252|197469
327983|37497|3491|174|60068|197103|212080
49028|6830|60068|211571
58308|6939|1299|1759|51188|3274
6667|1299|198949|35676
139317|44324|32595|174|57974|266
8283|2914|3223|41327
6424|174|35598|52091|206810|39558
28917|6939|1299|8151|272327
58308|6939|5405|5539
34019|29169|1299|20473|47065|61574
3170|212175|174|212175
49432|48362|1299|60068|197103|212080
41327|21700|399914
41666|20764|52091|206810|48595
210312|4601|50869|41051|401315
24516|174|35598|52091|206810|57164
34288|1299|6762|49666|58224|214805
139317|44324|32595|174|12222
48070|6939|393682
12779|35598|52091|206810|211692|214268|197578
8220|1299|6855|50698
139317|44324|32595|174|62833
7018|1299|22773|8119
21700|174|34927|202827
139317|44324|32595|174|16276|64476
28917|6939|1299|36352|16628
17639|1299|60068|216213|205884
266213|3356|174|60068|216213|205884
6762|1299|42303|51701|30893
28917|6939|1299|14722
18106|21320|5408|47065|61574
2914|6424|44592|49581|209693
49028|1299|3356|28370
28917|6939|1299|23520|272969
12389|1299|174|37468|61568|266460|61625
58057|174|50509|51032|41344|39707
6830|6939|2852|210498
24516|174|6453|4755|7768
15547|174|22381|267470|263047
917|60068|33891|12859|47065|61574
6453|1299|29695|206557|204503
50629|6461|7473|38001|25192
8298|25091|1299|60068|216213|205884
1031|999|6453|174|20723|2852|202874
35280|1299|6855|39904|202605
15605|6939|50989|48116
4764|174|14840|269288
48362|1299|6453|29208
139317|44324|32595|174|53667|38230
34019|6939|28370|263060
35266|1299|6855|39904|47767
6424|37517|1299|5511|37309
39351|1299|60068|216213|205884
28917|6939|47160|213095
56987|174|204548|215728
37662|174|22381|267470|263047|264389
328840|327727|174|35598|52091|206810|34786
48070|6939|28917|21453
35320|1299|20473|47065|61574
28917|6939|1299|1759|51188|3274
28917|8359|57304|15935|204860|203385
4777|2497|174|37468|61568|266460|61625
44324|32595|174|398343
28917|6939|1299|939
139317|44324|32595|174|20278
58308|6939|1299|14080|269902
58308|20764|43298|48678|210574
263237|174|1299|34927|202532
12637|6939|28370
28917|6939|1299|14525
199524|1299|37468|53062|266493|61625
58308|6939|1299|20473|201235
58308|6939|47160|213095
213151|34549|174|22381|267470|263047
3170|6939|28917|25386
7713|174|1299|3920|206777
35008|1299|174|210329|215728
48185|1299|12956|212721
37739|3491|174|34927|202827
139317|44324|32595|174|54994
6696|5511|174|11432|271150|272738
132825|174|35598|52091|206810|39558
16552|1299|3356|28370|263535
32590|37100|1299|201814|209896
58308|6939|1299|265780|269815
7018|6939|60432
139317|44324|32595|174|215656
28917|6939|1299|199753
196621|6939|50989
139317|44324|32595|174|63154
29222|6939|35133|57706
3170|174|1299|3920|206777
205206|33891|266493|61625
205206|33891|16164|36032
29222|6939|28917|198297
50304|1299|6762|16735|273514
41327|6461|32787|202161
2497|1299|21351|60132
3549|3356|1299|32787|202161
852|1299|29695|206557
58308|6939|6830|23520|11139|397382
1299|52320|7162|13878|52468|271150
4777|2497|1299|3920|206777
3216|1299|22773|8119
59414|6830|6453|4755|7768
999|6453|174|8551|20473|47065|61574
14630|1299|6855|39904|202605
28917|6939|1299|20473|397546
42473|1299|174|3130|47065|61574
28917|6939|1299|3301|59951
14907|1299|7195|20473|47065|61574
12859|1299|201814|209896
44324|32595|174|56898
14630|1299|6855|39904
28917|6939|1299|399868
20932|1299|3257|20473|47065|61574
19151|33891|60068|211571
209650|34927|9002|1299|198949|35676
58308|6939|553|5501
58308|6939|1299|270126|270215
58308|20473|30893
210312|4601|6939|28917|43714
209650|34927|1299|6461|394737
14537|3356|1299|20473|47065|61574
328840|327727|174|35598|52091|206810|210063
32097|25091|8298|4601|4492
7594|174|14840|269288
7018|1299|60068|211571
35600|6939|29222|207688
3399|2603|21320|5408|47065|61574
12637|20473|30893
19151|174|37468|61568|266460|61625
139317|44324|32595|174|53667|401727
7473|1299|34927|202532
34927|1299|8943|200636
41095|6830|34927|202827
59414|6830|174|35598|52091|206810
204092|6939|207995
52025|174|3356|16735|273514
58308|35598|52091|206810|211692|214268|197578
44324|32595|174|26057
34800|58057|28917|215730|209693
14907|1299|174|21700|399914
198385|15576|56630|209944
37271|174|22381|267470|263047|264389
28917|6939|6830|23520|64126|265721|273901
58299|174|60068|216213|205884
48362|1299|174|20473|47065|61574
263237|174|6762|49666|58224|214805
28917|6939|7018|397994
50131|174|60068|197103|212080
57866|1299|3223|34224|12735
6424|1031|266493|61625
6461|1299|201814|209896
174|3356|3223|34224|12735
44324|32595|174|25509
8283|6939|29222
210312|4601|50869|58299|209898
35426|215596|1299|3356|28370|264426
35600|6939|29222
29632|9002|1299|3920|206777
58308|6939|6830
44324|32595|174|401486
20932|174|3257|21034
58308|6939|29208|209847
20514|1299|3356|1680|44709
16552|1299|1680|20473|47065|61574
28917|6939|1299|20473|207615
58308|35598|52091|206810|196638
57381|50304|1299|7545|20473|47065|61574
19151|174|60068|205884
5405|6939|30893|205563
8283|6939|28370|263060
28917|6939|56595|215742
50628|1299|60068|216213|205884
28917|6939|7018|19106
1764|174|210|47065|61574
174|46427|64289|44592|49581|209693
29222|6939|262485|272707
577|1299|6762|49666|58224|214805
12859|7195|28189|266931|269250|271150
132825|174|35598|52091|206810|213694
57695|917|60068|1299|12859|47065|61574
1299|4230|2716
13786|174|204548|215728
29222|6939|263047
209|3356|1299|6855|39904|199604
35369|1764|174|140227|44324|205369
42473|1299|1680|20473|47065|61574
328840|327727|174|3257|28917|215730|209693
12637|35598|52091|206810|34786|41875
29680|174|28189|266931|269250|271150
58308|6939|7018|399611
139317|44324|32595|174|43160|199195
50628|1299|7545|20473|47065|61574
6762|1299|6855|39904|47767
31122|174|60068|216213|205884
20253|1299|6762|267470|263047
2516|1299|12956|212721
46450|1299|17676|216211|211575
28917|6939|1299|16921
6461|6830|34927|202827
52320|174|210329|215728
3170|6939|28917|20985
328512|5713|174|204548|215728
58308|6939|1299|206364
32653|3741|33891|44592|49581|209693
1764|174|52468|262393
210312|4601|9498|20473|47065|61574
24961|1299|20473|399970
20912|12637|1299|60068|197103|212080
202032|58115|21263|34125
28917|6939|1299|20473|153057|153172
34927|56655|1299|174|3130|47065|61574
35426|215596|1299|6855|39904|199604
7018|3356|28370|263535|268030
42473|1299|20473|399970
58308|6939|1299|5605
2734|16735|266931|269250|271150
327727|174|14840|2716
9044|174|60068|216213|205884
12637|174|3130|47065|61574
266213|3356|1299|6855|39904|202605
16552|1299|29695|206557
20764|28917|215730|209693
28917|6939|1299|20473|215150
20205|1299|3356|16735|2716
29222|6939|39791|49101|42422
14907|1299|3257|19318|201813
44324|32595|174|262287|28666|53231
12637|6939|30893|13214
49028|1299|6939|28370|28657
41327|174|60068|205884
58308|6939|1299|6922|10399
210312|4601|50869|52025|213982
210312|4601|7195|20473|47065|61574
58308|6939|1299|11492
58308|29075|174|22381|267470|263047|264389
58308|6939|56595|206324
3130|174|5538|8194|29345
29222|6939|553|204310
48919|174|210|47065|61574
3170|6939|196610|48927
37105|37468|174|20473|47065|61574
29222|6939|39791|47493
58308|6939|35133|50917|214677|205563
58308|6939|6830|23520|272935|28053
3333|1273|174|52468|271150
41666|20764|52091|206810|59815|25299
28917|6939|1299|4538
3170|6939|28370|28657
51088|2603|21320|5408|47065|61574
57381|50304|1299|6855|39904
2914|1299|20473|47065|61574
28917|6939|1299|395403
999|6453|1299|20473|399970
28917|6939|1299|20473|400181
35710|3320|174|399697|39967|399697
28917|6939|16652
4601|6939|28917|39238|49392|34567
50877|5405|6939|28370|263535
6730|6830|3356|28370|28657
37739|3491|174|37468|61568|266460|61625
8660|1267|33891|44592|49581|209693
48362|1299|17676|216211|44324|205369
60068|174|11432|271150|272738
39122|1299|6453|4755|7768
62167|174|6453|29208
7018|174|52468|271150
4775|1273|174|11432|271150
28917|6939|7018|26305
328512|37100|1299|20473|47065|61574
37497|3491|174|20473|47065|61574
28917|6939|1299|34927|210667|204375
48070|6939|28917|48084|59833
28917|6939|29670
12637|6939|28917|6789|200702
132825|174|35598|52091|206810|211692|214268
7018|6939|2852|212876
28917|6939|1299|20473|215848
58308|6939|1299|5518|51894
6730|6830|9002|12555|210827
28917|6939|1299|213929
44393|394256|174|201814|209896
34019|6939|28370|267556
35426|215596|174|20473|47065|61574
4601|50869|6939|29222|207688
36924|1299|3257|19318|201813
6830|6939|28917|48084
6423|20055|1299|6855|39904|199604
327960|174|201814|209896
34927|1299|6855|50698
327983|37497|1299|6855|39904|47767
6461|174|28189|266931|269250|271150
12969|1299|5511|60068|206406|210557
35600|6939|28917
48070|212175|174|212175
3130|174|35598|52091|44660
1140|24785|1299|20473|201423
28917|6939|1299|401909|393336
51519|39351|1299|20473|399970
7018|3356|28370|263963
3333|1257|174|140227|44324|205369
49434|33891|216067|44244
136557|174|5459|200070
58308|6939|553|212522|20940
37105|36994|1273|174|3130|47065|61574
132825|174|34927|202827
2027|6696|1299|3920|206777
7018|1299|20473|47065|61574
12859|47065|61574
42473|1299|6453|4755|7768
12859|1299|3257|19318|201813
3356|174|140227|44324|205369
12586|3257|174|1916|47065|61574
35600|6939|28917|197078
40994|57463|41327|2593
37721|174|52468|271150
51519|39351|1299|3223|41327
3130|174|1299|20473|47065|61574
58308|6939|50629|44700
12956|1299|22773|8119
34927|56655|1299|174|21700|399914
44324|32595|174|205544
12859|33891|216067|44244
4601|6939|28917
58308|6939|1299|37680|328596
7018|174|3130|47065|61574
12969|1299|3356|28370|263535
5413|1299|8551|44709
58308|6939|32097|64236
6908|1299|198949|35676
8283|6762|52468|262393
1031|999|6453|174|28189|266931|271615|273522|271150
48185|1299|20473|201423
15562|2914|174|399697|39967|399697
148968|1299|6453|29208
39351|174|3356|16735|2716
14537|12859|47065|61574
4601|50869|34019
56662|13030|12859|47065|61574
1299|3356|28370|267556
29222|6939|35600|56648
4601|6939|28917|39238|51408
35600|1828|12179|393398|3356|174|50131
5413|1299|6453|29208
39122|1299|3257|19318|209896
4601|50869|52025|35100
8529|1299|198949|35676
4601|50869|205848
50877|5405|6939|24796|63293
60068|5511|1299|3920|206777
20932|1299|6855|39904|202605
216285|8280|6762|174|8551|20473|47065|61574
327960|327782|37100|1299|10490|2722|12148|47065|61574
58308|6939|1299|13293
23367|1299|60068|216213|205884
37271|33891|44592|49581|209693
29222|1299|34927|202532
28917|6939|1299|400164
56655|2603|21320|5408|47065|61574
49788|12552|33891|44592|49581|209693
28917|6939|1299|60068|397032
55720|3491|174|28189|266931|271615|273522|271150
21412|174|1916|47065|61574
44324|32595|174|32505|54785
50629|20764|52091|206810|48687
34019|29632|59682
58299|174|210329|215728
64475|13335|400095
6830|1299|6855|39904
6424|6939|29222
6830|3356|8551|44709
50629|6461|9498|20473|47065|61574
6424|6939|28917|21453|201646
42473|1299|174|210329|215728
34019|6939|42695|43101
28917|8359|57304|15935|56747
28917|6939|39791|49101|42422
1828|6461|174|20473|47065|61574
58308|6939|35168|197556
44324|32595|174|397723
6730|6830|3356|3223|41327
12859|6939|60432
327727|174|35598|52091|206810|8274
327727|174|1299|25091|8298|4601|4492
51873|6830|174|399697|39967|399697
56655|1299|198949|35676
34019|44592|49581|209693
28917|6939|1299|20473|35085
24961|1299|6855|39904|199604
513|174|1299|20473|47065|61574
28917|20764|52091|206810|50204
12637|35598|52091|206810|24881
28917|6939|1299|141039
61218|29632|9002|21320|5408|47065|61574
8529|1299|7545|20473|47065|61574
39351|174|7545|20473|47065|61574
58308|6939|33891|201962
56655|1299|174|1916|47065|61574
6830|6939|196610|48927
8283|6461|9498|20473|47065|61574
58308|6939|50629|207252|215147|210796
39351|1299|6855|39904
11845|37468|174|11432|271150|272738
12859|6939|25192
58057|174|35598|52091|206810|213694
41666|20764|52091|206810|211692|214268|196977
4601|6939|28917|50923
327960|174|35598|52091|206810|56766
20514|1299|7195|28283|268744|2716
17660|2914|12859|47065|61574
37100|1299|6855|39904|202605
5511|174|8551|20473|47065|61574
328206|37739|3491|1299|20473|47065|61574
34800|58057|50673|174|2914|226|47065|61574
208972|33891|216067|44244
20612|9044|1299|6453|19318|201813
42473|1299|3356|1680|44709
22652|174|28189|266931|271615|273522|271150
31510|174|7545|20473|47065|61574
34177|1299|6762|16735|273514
4601|9002|8772|215536
6667|174|5538|8194|29345
139317|44324|32595|174|17056
52025|174|52468|271150
39351|174|2914|226|47065|61574
41327|20764|43298|48678|210574
20205|174|60068|205884
216285|8280|6762|2914|12859|47065|61574
15547|174|204548|215728
139317|44324|32595|174|400812
30781|1299|6855|39904
49028|1299|20473|399970
28917|6939|1299|6424|47787|203020
58308|6939|28370
12859|6461|6057|28283|268744|2716
34549|3257|174|20473|47065|61574
28917|6939|1299|8151|19373
553|6461|4637|20473|47065|61574
7713|174|3356|9002|8772|396416
46450|1299|174|210|47065|61574
64475|29632|59682
58308|6939|6830|33915|207894
47147|9002|3356|174|20473|47065|61574
58308|6939|1299|18616
4601|9002|12555
28917|6939|62000|198831
12859|35598|52091|206810|34786
49432|48362|1299|3356|28370|268521
139317|44324|32595|174|400810
59919|9002|1299|201814|209896
5413|1299|7545|20473|47065|61574
28917|6939|1299|20473|153185|153186
174|35598|52091|206810|56766
50673|174|60068|205884
44324|32595|174|205583
2734|1031|266493|61625
35598|174|12956|212721
6667|174|3130|47065|61574
266213|3356|6830|60068|216213|205884
50304|1299|3223|41327
39351|1299|3356|28370|28657
29222|6939|2852|212876
58308|6939|6830|23520|46198
47147|3320|3491|5408|47065|61574
58308|6939|1299|3301|204847
32590|12956|1299|20473|47065|61574
45352|1299|6855|39904|47767
35710|3320|1299|7195|20473|47065|61574
4181|1299|35598|52091|206810
12779|6939|54429|401894
196621|6939|2852|61110
34549|1299|33891|216067|44244
31122|174|5538|8194|29345
42473|1299|20473|47065|61574
2914|174|3130|47065|61574
57695|917|60068|1299|21351|60132
57118|8283|47065|61574
58308|6939|3170|206924
40994|6939|207995
58308|6939|1299|203846
28917|6939|1299|140224
5713|174|20473|47065|61574
29222|6939|28917|201119
20205|1299|23764|35168|212999
28917|6939|1299|60284
58308|6939|1299|3308|201503
327960|327782|37100|1299|3920|206777
12637|35598|52091|206810|12773|44710
12637|6939|2852|213152
29222|6939|25400|25225
199524|6762|1299|34927|202532
28917|6939|1299|8551|20940
215596|1299|6855|39904|47767
48070|9304|136897|174|3491|137969|132824
15605|35598|52091|206810|213694
31742|1299|3257|60068|206406|210557
58308|6939|7018|36040
7018|3356|28370|269016
4601|50869|6939|25192
1836|8455|8283|47065|61574
204092|34019|14840|2716
559|35598|52091|206810|197643
3491|1299|201814|209896
28917|6939|1299|208905|198256
50673|174|52468|262393
58308|20473|47065|61574
14537|3356|1299|6855|39904|202605
56987|174|21320|5408|50148
34019|7195|28189|266931|269250|271150
44324|32595|174|4134|140329
202365|50673|174|7195|20473|47065|61574
48070|1299|6855|50698
8298|8283|3491|209810|207187
4764|174|28189|266931|271615|273522|271150
16260|174|52468|271150
12859|22356|28370|273514
13030|1299|7195|11432|271150
22652|174|140227|44324|205369
28917|6939|7018|6621
328512|5713|174|10490|2722|12148|47065|61574
140627|1299|6855|39904|202605
55720|2914|174|210329|215728
17350|3356|174|60068|216213|205884
48362|1299|20473|399970
327727|174|35598|52091|206810|214721
202365|50673|33891|34927|202532
29222|6939|29208|60218
58308|6939|8194|210213
21412|1299|3257|20473|47065|61574
12586|3257|1299|20473|201423
999|6453|174|140227|44324|205369
139317|44324|32595|174|272406
4601|50869|6939|59970
28917|6939|1299|47169
553|6461|210|47065|61574
62167|12859|47065|61574
17350|6453|1299|20473|47065|61574
58308|6939|7018|401291
7018|1299|21351|60132
202365|50673|174|28283|268744|2716
28917|6204|208972|210538|6775|13030|4637|133398
28917|6939|41720|47152|208753
32590|12956|1299|6855|39904|47767
15605|6939|30893|13214
397131|60011|3356|174|20473|47065|61574
49028|35280|6453|174|11432|271150
29222|6939|202585|215842
32590|1299|60068|197103|212080
35600|6939|28917|9110
48919|174|216211|211575
49605|6762|1299|3920|206777
37697|37497|1299|8551|44709
56655|1299|52320|7162|13878|52468|271150
58308|6939|32097|11867
57381|50304|12859|47065|61574
47160|174|5538|8194|29345
14537|52925|3356|1299|6855|39904
12969|1299|6855|39904|202605
28917|6939|1299|265620|272344
199524|174|3257|28917|215730|209693
4601|50869|52025|214508
58308|6939|7018|4185
44324|32595|174|17267
44324|8298|4601|4492
58308|6939|1299|20473|199097
58308|6939|1299|262206|18809|13335
1280|1299|3356|8772|215536
44324|32595|174|53667|201517
64475|6939|2852|204772
5413|1299|1680|20473|47065|61574
58308|6939|268624|263601
12779|31133|12389|28917|8905|42132
553|1299|3223|41327
28917|6939|1299|60068|396319
58308|6939|1299|208905|212644
2734|64200|7018|1299|8990
28917|6939|1299|208905|47956
58057|1836|1299|6855|39904
40994|6939|28917|50923
21700|174|35598|52091|44660
1836|1299|6855|39904|47767
58308|6939|6830|23520|272935|267845|273224
28917|6939|1299|8151|270177
12859|35598|52091|206810|50204
28917|6939|47160
36924|1299|3356|28370
58308|6939|29670|49933
44324|32595|174|2731|400488
35426|215596|174|204548|215728
42541|1299|6453|29208
139317|44324|32595|174|48519
8283|6939|30893|204789
58308|6939|6424|203020
36924|1299|17676|216211|44324|205369
21232|33891|60068|211571
44324|32595|174|19624
15935|174|3257|21034
34800|29632|9002|3356|174|20473|47065|61574
397131|60011|3356|1299|20473|399970
60068|5511|1299|20473|47065|61574
32590|37100|1299|8551|44709
62167|174|210|47065|61574
58511|3257|174|210|47065|61574
12779|35598|52091|44660
28917|6939|1299|20473|28715
24785|1299|8551|20473|47065|61574
41327|3356|174|20473|47065|61574
20514|1299|34927|202827
58308|6939|6830|60068|212238
4764|1299|5511|49666|58224|214805
44324|32595|174|200584
917|60068|33891|917|214598
917|60068|5511|1299|198949|35676
58308|6939|6830|23520|262191|272153
50629|174|140227|44324|205369
4775|1273|174|60068|205884
3320|1299|21351|60132
15547|3303|174|60068|205884
29222|6939|28917|8926
19653|30600|1299|35598|52091|206810
29222|6939|41720|208229
62167|3356|21320|5408|47065|61574
12779|6939|30893|13214|35634
28917|6939|1299|44273
559|6830|60068|211571
3214|1299|7545|20473|47065|61574
24785|1299|198949|35676
58057|34549|2603|21320|5408|47065|61574
327727|174|35598|52091|206810|59815|25299
15605|6939|28370|267608
8455|1299|12859|47065|61574
6424|6939|28917|12668
48185|1299|20473|47065|61574
44324|32595|174|33544
28917|6939|1299|46161
58308|6939|7018|30614
58308|6939|1299|7632|131728
6894|174|3257|20473|47065|61574
10111|1299|198949|35676
4826|9002|21320|5408|47065|61574
5511|174|21700|399914
28917|6939|1299|23520|262191|271809
58308|6939|6830|23520|52253|13335
58308|6939|6830|6730|213081|211535
1299|21351|60132
28917|6939|3170|43851
44324|32595|174|13335|395747
1299|33891|216067|44244
59414|6830|3257|19318|209896
37497|3491|174|8551|20473|47065|61574
210312|4601|50869|52025|205378
1299|25091|8298|4601|4492
199524|174|1299|198949|35676
34288|1299|3223|41327
6730|6830|12859|47065|61574
28917|6939|7018|154126
37662|174|52468|262393
9268|4764|1299|35598|52091|206810
328840|327727|174|35598|52091|206810|59815
62167|174|20723|2852|202874
28917|3257|174|3130|47065|61574
4764|1299|12956|212721
1280|2914|174|399697|39967|399697
28917|3257|174|20473|47065|61574
20764|174|20473|47065|61574
35598|174|201814|209896
174|13335|400095
12859|9498|20473|47065|61574
51088|28917|215730|209693
48070|1299|174|1916|47065|61574
7018|3356|3216|51032|41344|39707
8283|44592|49581|209693
199938|1299|174|210329|215728
48200|6762|174|20473|47065|61574
917|60068|174|21320|5408|47065|61574
199524|1299|37468|52468|271150
327727|174|6453|4755|7768
34177|174|210329|215728
3356|174|11432|271150|272738
51873|6830|174|1916|47065|61574
4230|1299|6855|39904
50304|1299|7195|20473|47065|61574
29680|174|34927|202827
24785|1299|20473|399970
398465|7922|1299|34927|202532
6730|6830|3356|28370|263963
6830|6939|28370|267608
3399|5511|1299|3920|206777
34019|6939|25192|29067
64475|6939|30893|13214|35634
206356|50629|1299|20473|47065|61574
4601|50869|6939|28370|264426
7018|1299|42303|51701|30893
971|174|35598|52091|206810|35273
33891|19318|209896
28917|20764|52091|206810|213694
28917|6939|1299|15113
8220|1299|3356|28370|268521
174|30844|21351|60132
55720|2914|1299|8551|44709
199524|1299|3356|28370|263963
139317|44324|32595|174|33480
6424|28343|2716
39122|1299|12956|212721
151326|174|210329|215728
28917|6939|1299|60051|208293|203214|51684
9900|23764|3356|174|3130|47065|61574
1299|6762|16735|2716
6424|6939|16652
3130|174|16276|203019
209|3356|174|201814|209896
148968|1299|23764|35168|212999
55222|1299|3356|28370|267608
29222|6939|7018|3423
59891|13030|1299|3920|206777
8283|20764|52091|206810|197960
398465|1299|3356|16735|2716
206499|34549|1299|33891|216067|44244
3130|174|6461|394737
34927|1299|6855|39904|47767
50629|1299|6855|39904|47767
28917|22356|28370|273514
6461|174|8551|20473|47065|61574
20932|1299|20473|399970
23367|1299|174|210|47065|61574
6830|7195|28189|266931|269250|271150
29222|6939|28917|44056|57629
34019|29169|174|140227|44324|205369
4826|1299|8551|44709
28917|6939|1299|264788
327804|5713|174|3257|21034
196621|6939|60432
3491|1299|8551|44709
58308|6939|1299|4229
207841|6939|28917|204623
204092|6939|28917|8491
28917|6939|1299|23520|273099
20514|1299|6453|19318|201813
5405|1680|44709
29680|174|201814|209896
34927|60011|3356|1299|6855|39904|202605
1764|1299|20473|47065|61574
44324|32595|174|52438
17639|1299|6453|4755|7768
139317|44324|32595|174|12189
41051|50263|201814|209896
28917|6939|6830|23520|64126|273198
28917|6939|6830|23520|262191|274247
28917|6939|6830|23520|52468|274006
3320|1299|17676|216211|44324|205369
50304|1299|3356|22381|267470|263047|264389
202032|58115|21263|216282
51519|39351|174|12956|212721
199938|1299|174|140227|44324|205369
28917|6939|1299|15830|400498
28917|6939|1299|55410
209650|34927|1299|60068|211571
204092|34019|266493|61625
14537|33891|44592|49581|209693
58308|6939|51826
553|6939|28917|48084|59833
58308|6939|7018|11992
50673|174|3356|28370|28657
132847|7474|7473|1299|3920|206777
23764|1299|3920|206777
48070|57463|14840|269288
4230|1299|6855|39904|199604
58308|6939|7018|397602
8455|1299|174|20473|47065|61574
2734|3257|1299|198949|35676
213151|34549|174|140227|44324|205369
44324|32595|174|26388
136557|174|204548|215728
139317|44324|32595|174|32934
3170|3223|41327
34927|52025|174|28189|266931|271615|273522|271150
35710|3320|174|37468|61568|266460|61625
263152|174|2914|20473|399970
5405|6939|2852|202874
58308|6939|1299|31242|198050
210312|4601|6939|28917|201119
58308|6939|1299|34164|21342
398465|7922|1299|3920|206777
35598|174|6453|29208
38880|6762|1299|20473|47065|61574
39120|174|6461|394737
34927|1299|3257|210329|215728
37100|1299|198949|35676
49788|1299|3356|28370|267556
28917|6939|1299|212318
58308|6939|9136|207943
50628|1299|3257|204548|215728
4601|50869|58299|209807
57381|50304|1299|6453|1031|61568|266460|61625
2516|6830|60068|211571
12637|6939|30893|200690
28917|6939|1299|60068|206216
48070|1299|2914|226|47065|61574
50629|20764|52091|206810|214721|204108
31742|1299|3356|28370|268198
210312|4601|50869|215248
12859|6939|29222
44324|32595|174|398843|401431
3303|21320|5408|47065|61574
34800|58057|6939|1299|20473|399970
209650|34927|1299|6855|39904|47767
20764|174|140227|44324|205369
7720|10111|1299|12859|47065|61574
15576|35598|52091|206810|35273
16347|1299|6855|39904|202605
215596|1299|3356|28370|264426
7018|6453|29208
41722|12389|1299|10490|2722|12148|47065|61574
28917|6939|1299|60486|58193
58057|50673|33891|216067|44244
28917|6939|1299|8151|19373|22894
553|6939|29222|204957
210937|1299|201814|209896
559|6939|25192|26710
29504|15935|174|35598|52091|206810|213694
34854|1299|6855|39904|199604
210312|4601|6939|28917|206011
28917|6939|1299|29774
50304|1299|7195|28343|2716
28917|6939|32097|33387
4777|2497|174|210|47065|61574
21412|1299|2914|226|47065|61574
44324|32595|174|400529
34800|58057|50673|174|28189|266931|269250|271150
6894|2603|21320|5408|47065|61574
136557|174|14840|2716
199524|37100|1299|6855|39904|47767
8218|6461|174|60068|197103|212080
6453|1299|42303|51701|30893
49605|6762|174|20723|2852|202874
35600|30781|1299|6855|39904|47767
2152|3356|1299|8551|44709
12350|1299|6855|39904|202605
28917|6939|1299|25400|49082
28917|6939|1299|42615
28917|6939|1299|9009|215427
37105|37662|33891|216067|44244
29691|1299|198949|35676
3257|174|8551|20473|47065|61574
58308|6939|29670|48387
58308|6939|6830|23520|262931
204092|6939|29222|41495
28917|6939|1299|39783
14907|1299|8551|44709
199524|1299|10490|2722|12148|47065|61574
206356|50629|1299|21351|60132
199938|1299|6762|49666|58224|214805
5713|174|60068|197103|212080
58308|6939|61618|268364
6830|3356|8551|20473|47065|61574
31510|174|5538|8194|29345
6939|6830|60068|216213|205884
28917|6939|35826|205311
58308|6939|1299|1759
42473|1299|174|20473|47065|61574
4601|6939|28917|12668|197404
32590|174|216211|211575
12859|6939|50989|48116
48070|6939|28917|48084
51519|39351|174|60068|197103|212080
28917|6939|1299|60068|216213|215568
6424|6939|28370|263060
513|174|12956|212721
58308|6939|1299|199524
4601|50869|6939|393682
34019|9002|12555|48430
32590|1299|20473|399970
28917|6939|47160|203698|206967
56655|1299|3920|206777
39351|174|140227|44324|205369
28917|6939|1299|206264
12637|35598|52091|206810|12773|52213
32653|3741|174|1299|6855|39904
216285|8280|6762|174|11432|271150
28917|6939|1299|210021|14789
49605|6762|1299|6855|39904
1403|577|1299|8551|44709
7018|6939|30893|205563
553|6939|28917|48084|35816
39122|1299|198949|35676
6424|174|2914|20473|47065|61574
50628|33891|44592|49581|209693
57866|6830|174|399697|39967|399697
58308|6939|1299|2280
28917|6939|1299|32723
44324|32595|174|200165
28917|6939|1299|27589
29504|15935|174|35598|52091|206810|202279
48362|1299|6461|394737
139317|44324|32595|174|204979
58308|6939|1299|25956
58308|9002|197068
5413|1299|60068|216213|205884
52075|6762|174|37468|61568|266460|61625
196621|9002|197068
7713|174|3130|47065|61574
174|35598|52091|206810|211101
34927|56655|1299|4637|20473|47065|61574
151326|174|28189|266931|271615|273522|271150
57777|8298|25091|1299|198949|35676
2734|37468|270551|263047
28917|6939|1299|400304
7594|174|60068|216213|205884
56655|1299|37468|52468|271150
2516|1299|1680|20473|47065|61574
139317|44324|32595|174|17072|272286
215596|1299|6461|394737
559|137409|63473|200790
50304|1299|174|216211|211575
210312|4601|50869|215296
58308|59689|30781|1299|8551|44709
58057|174|6453|19318|209896
210312|4601|50869|58299|39910
207841|6939|59689
58308|6939|6830|23520|5639|27924
50673|174|28283|268744|2716
28917|6939|1299|398104
199524|174|22381|267470|263047|264389
328840|327727|174|1299|6855|39904|47767
2914|1299|6855|50698
15605|6939|29222|207688
36924|1299|6855|50698
20514|1299|3223|34224|12735
28917|6939|1299|62214
28917|6939|1299|34628
25160|174|20473|47065|61574
59414|13030|1299|198949|35676
41722|20485|174|399697|39967|399697
215596|1299|8551|20473|47065|61574
57866|1299|6855|39904|202605
28917|6939|1299|20473|214216
4181|1299|6855|39904|199604
57381|50304|1299|3356|28370|264426
7018|1299|6855|39904|202605
34927|60011|3356|174|20473|47065|61574
28917|6939|1299|20473|402185
207841|137409|33891|216067|44244
58308|6939|1299|52468|23031|23246
58308|6939|212635
28917|6939|1299|12337
3214|1299|20473|47065|61574
215596|1299|3356|28370|268521
2497|174|60068|211571
29222|6939|273556
24785|1299|60068|197103|212080
4601|6939|28917|198297
16552|1299|7195|20473|47065|61574
1221|4637|33891|216067|44244
28917|6939|1299|60068|212508
32590|6453|2914|12859|47065|61574
3320|6830|34927|202827
47957|3356|21320|5408|47065|61574
45352|174|399697|39967|399697
999|6453|174|60068|216213|205884
204092|6939|28917|47438
327727|174|6453|19318|201813
59105|2518|1299|60068|216213|205884
148968|1299|8551|44709
4181|1299|20473|47065|61574
207841|6939|29222|513|20940
49028|1299|6939|28370|52593
39351|174|3257|20473|47065|61574
6424|6939|30893|205563
12859|2603|8674|1299|21859|24406
210312|4601|50869|34927|202532
10111|1299|3920|206777
50628|1299|6762|267470|263047
4601|50869|205929
6453|174|1916|47065|61574
49544|33891|60068|211571
28792|3257|33891|216067|44244
139317|44324|32595|174|6405
207841|6939|28917|35539
34800|58057|50673|174|201814|209896
44324|32595|174|213966
20253|1299|3356|28370|53079
5392|50877|5405|62255|52091|206810
58308|6939|28917|50923
58308|6939|6830|23520|264847|64150|272991
35600|6939|59970
24516|174|35598|52091|59815|25299
553|9002|12555|198070
35280|1299|201814|209896
35600|6939|200070
8220|6453|174|20473|47065|61574
24516|174|35598|52091|206810|59815|25299
139317|44324|32595|174|62005
50304|1299|7195|28189|266931|269250|271150
57695|917|60068|1299|6939|393682
15576|3356|1299|3920|206777
139317|44324|32595|174|201896
8220|1299|174|60068|205884
28917|6939|1299|198611
58308|6939|33891|202245
62167|174|1299|198949|35676
52873|12956|1299|198949|35676
6730|6830|2914|20473|47065|61574
16552|1299|33891|216067|44244
44324|32595|174|20473|42962|136796
47147|1299|4637|20473|47065|61574
6762|3356|21320|5408|47065|61574
12969|1299|3223|34224|12735
16552|37100|1299|201814|209896
58308|6939|8943
52025|174|12956|212721
29504|15935|174|3356|1680|44709
8298|8283|3491|209810|207187|207198|206429
40387|1299|29695|206557|208835
8529|6453|174|11432|271150
2027|47160|6939|54429
58308|6939|8899|42652|44569
15623|6830|60068|211571
29222|6939|52927|267933
58308|6939|6830|23520|272935|267705|271916
28917|6939|263047|262578
12859|6939|25192|26710
58308|6939|61618|267216
39351|174|1916|47065|61574
3491|1299|1680|20473|47065|61574
20205|1299|22773|8119
1299|174|3130|47065|61574
210312|4601|50869|58299|209114|206072
58308|6939|33891|198570
7594|174|35598|52091
28917|6939|1299|20473|400550
12307|29691|1299|174|3130|47065|61574
971|174|3257|21034
52025|174|52468|262393
328964|37468|174|204548|215728
210312|4601|50869|41051|213586
12637|6939|59970
4181|1299|6453|29208
3170|15557|206865|3215|5511|174|199727|12645
25160|2603|21320|5408|47065|61574
3333|12859|3223|41327
58308|6939|1299|5377
139317|44324|7720|10111|1299|8551|44709
12779|35598|52091|206810|8274
262427|174|35598|52091|206810|8274
49544|3356|174|60068|216213|205884
3170|6939|54429|401894
3130|174|1299|3920|206777
40387|1299|8551|44709
57111|41327|3223|34224|12735
6730|6830|6762|16735|273514
8283|6939|2852|212876
16347|1299|6855|39904|47767
35369|5405|28283|268744|2716
6730|6830|3356|28370|269016
139317|44324|8298|4601|4492
2497|1299|3223|34224|12735
6453|174|21320|5408|50148
41722|12389|1299|20473|201423
44393|394256|174|6453|4755|7768
28917|6939|1299|20473|202929
29222|6939|7018|25996
2734|58453|30990|174|30844|328895
210937|1299|3356|28370|267608
44324|32595|174|14522
6762|174|21700|399914
28917|8455|8283|47065|61574
35710|48200|6762|174|20473|47065|61574
28917|6939|24796|63293
6730|6830|3257|19318|209896
3130|174|35598|52091|206810|59815
28917|6939|1299|23520|273871
44393|394256|174|52468|271150
28917|6939|39790
210312|4601|8298|8283|3491|216211|211575
8283|12956|212721
58057|1836|174|204548|215728
28917|6939|53764
56655|1299|6453|19318|201813
22652|1299|6762|49666|58224|214805
6424|174|21320|5408|47065|61574
199524|174|3491|20473|47065|61574
29222|6939|28370
210312|4601|50869|41051|213286
58057|174|35598|52091|206810|196638
3356|2914|12859|47065|61574
398465|1299|6453|4755|7768
6730|6830|174|5538|8194|29345
4181|1299|3356|8772|215536
29680|3257|1299|20473|399970
58308|6939|25400
35266|1299|1680|20473|47065|61574
50304|12859|47065|61574
6730|6830|3356|28370|263535
47147|1299|6939|28370
28917|6939|1299|39290
40994|6939|28370|268198
559|6939|30893|205563
28917|6939|39791|49101|51449
61218|29632|9002|3356|174|20473|47065|61574
3130|174|32595|44324
58308|6939|1299|29774
139317|44324|32595|174|19750
6424|174|60068|216213|205884
210312|4601|50869|6939|54429|401894
6424|6762|1299|6855|39904|47767
29222|6939|50629|207160|207510
34288|174|210329|215728
6424|6939|2852|197277
58308|6939|1299|399672
25160|174|201814|209896
28917|6939|1299|8926
34854|1299|21351|60132
7594|3356|1299|34927|202532
29222|1299|60068|216213|205884
2734|18678|22381|267470|263047
28917|6939|1299|3308|42789
4601|50869|6939|200303
3170|6939|28917|43886
36924|1299|174|37468|61568|266460|61625
5405|4601|4492
12956|1299|1680|20473|47065|61574
210312|4601|50869|58299|59645
7594|174|35598|52091|206810|39089
205206|1299|3356|28370|263963
41327|6939|28370
174|10490|2722|12148|47065|61574
28917|6939|1299|32097|33387
40994|57463|41327|205330
35008|1299|7195|20473|47065|61574
58057|50673|33891|20473|47065|61574
6696|1299|7545|20473|47065|61574
58308|6939|1299|9009
58308|6939|6830|23520|15344
33891|1299|201814|209896
50304|1299|4230|2716
36924|1299|3257|204548|215728
132825|174|12956|212721
4601|50869|41051|207852
9002|3356|174|140227|44324|205369
35600|35598|52091|206810|48595
327727|174|35598|52091|206810|59867
41327|6939|2852|200874
35008|1299|29049|49666|205647|49801|204533
50877|6762|174|20473|47065|61574
29222|6939|47160
41666|20764|52091|206810|56915
4601|50869|44324
21700|174|35598|52091|206810|39558
44324|32595|174|53667|216340
199524|1299|7195|28343|2716
1280|1299|201814|209896
398465|3320|1299|20473|399970
1103|6830|3356|28370|28657
29222|6939|263047|268105
8283|6939|30893|199580
8283|20764|52091|206810|211692|214268
50304|1299|3356|28370|267608
58308|6939|2852|197277
37739|3491|174|8551|20473|47065|61574
45049|6696|1299|6855|39904|205968
7594|174|216211|44324|205369
15623|174|210|47065|61574
48362|1299|174|60068|216213|205884
3170|174|10490|2722|12148|47065|61574
44324|32595|174|205035
48070|6939|28370|28657
12859|8298|4601|4492
35600|6939|28917|43714
17350|3356|174|399697|39967|399697
196621|6939|28917|39238|49392|34567
3320|2914|12859|47065|61574
139317|44324|32595|174|40727
209823|47311|150249|153176
50629|20764|52091|206810|34786
7660|2516|1299|34927|202827
327727|174|35598|52091|206810|208435
6424|6939|28917|25386
6424|6939|28917|12668|197404
1031|999|6453|1299|20473|399970
263237|174|3130|47065|61574
50304|1299|3356|28370|268198
196621|9002|12555|48430
553|9002|12555|212247
8218|6461|1299|3920|206777
57777|8298|8283|3491|209810|207187
132825|174|3356|28370|28657
262427|174|6453|4755|7768
58057|34549|1299|12859|47065|61574
28917|6939|1299|36352|399122
14537|52925|3356|1299|6855|39904|199604
28917|6939|1299|51167
51184|47692|3356|21320|5408|47065|61574
29140|2603|21320|5408|47065|61574
35280|1299|20473|47065|61574
266213|3356|2914|12859|47065|61574
1299|17676|216211|44324|205369
58308|6939|1299|28852
64475|3320|1299|60068|216213|205884
59891|13030|1299|174|3130|47065|61574
58057|174|34927|202827
20253|1299|174|21320|5408|50148
28917|6939|25400|49278
30600|1299|198949|35676
58308|6939|2852|213152
58308|6939|42184|43397
44324|32595|174|402062|400164
29075|174|60068|205884
58308|6939|21430
210312|4601|50869|6939|200303
50629|20764|52091|206810|57982
12779|35598|52091|206810|213694
46450|1299|174|204548|215728
210312|4601|50869|52025|212895|215459
28917|6939|1299|21351|394485
58308|6939|1299|5617|42673
3356|174|16276|203019
60068|1299|3223|41327
24516|174|3356|16735|273514
4601|50869|58299|212691
15605|35598|52091|206810|59815
28917|6939|1299|20473|204844
196621|15576|56630|209944
49544|1299|20473|201423
199524|1299|3257|19318|201813
58308|6939|33891|21083
34927|1299|3356|28370|263963
28917|6939|1299|4229
28917|6939|1299|20473|142553
204092|137409|48011|25184|49801|204533
56987|174|399697|39967|399697
58308|6939|1299|197190
57821|12586|3257|3356|21320|5408|47065|61574
12859|35598|52091|206810|208435
50877|5405|1299|20473|399970
50877|5405|1299|17676|216211|44324|205369
917|60068|1299|12859|47065|61574
6423|20055|174|34927|202827
12637|6939|54429
58308|6939|40994
28917|6939|1299|23520|27717
23367|1299|12956|212721
174|1299|198949|35676
19653|30600|1299|6855|39904|199604
28917|6939|56595|58148
50304|1299|3356|16735|273514
3356|1299|20473|47065|61574
57866|6830|60068|216213|205884
63927|1299|60068|216213|205884
28917|6939|1299|6424
210312|4601|50869|41051|204406
41327|6461|7473|38001|25192
55222|174|3257|19318|209896
56655|1299|7195|20473|47065|61574
6894|33891|60068|211571
38880|6762|174|21320|5408|47065|61574
50673|174|5538|8194|29345
4601|6939|28917|47478
263237|174|6453|4755|7768
132825|174|35598|52091|206810|24881|24697
58308|6939|1299|56655|212085
38880|6762|174|210|47065|61574
34800|58057|50673|174|138997|216211|44324|205369
57381|50304|1299|3356|28370|53079
327960|327782|5511|174|52468|271150
8283|1031|61568|266460|61625
64475|3320|1299|3920|206777
44324|32595|174|270068
28917|6939|1299|22908
210312|4601|50869|58299|209114|202545
32590|1299|34927|202827
8283|3320|6855|39904|199604
50304|1299|174|21700|399914
29222|6939|214443
398465|174|11432|271150
204092|34019|14840|269288
28917|266493|61625
132337|174|210|47065|61574
47311|150249|212001
58308|35598|52091|206810|35273
6424|1299|8551|44709
28917|6939|1299|23520|263703|273069
202365|50673|174|52468|262393
136557|174|34927|202827
58308|6939|6830|23520|265620
58308|6939|28370|267608
28917|6939|1299|57660
12859|1680|44709
174|60068|205884
29222|6939|50989|33837
204092|34019|32787|202161
136557|174|3356|8119
58308|35598|52091|206810|208435
42541|62255|52091|206810|214218
398465|174|60068|205884
264479|7195|33891|216067|44244
21412|174|3130|47065|61574
58308|6939|1299|12189|400672
37497|1299|6855|39904|199604
8220|1299|25091|8298|4601|4492
14315|2914|174|20473|47065|61574
8455|1299|10490|2722|12148|47065|61574
1299|174|32595|44324
50877|5405|1299|8551|20473|47065|61574
132825|174|1299|8551|44709
28917|6939|39791
58308|6939|7018|3379
6762|174|10490|2722|12148|47065|61574
61568|6762|1299|6855|39904
3320|33891|44592|49581|209693
13786|174|35598|25308|28917|204076
59105|2518|1299|6855|39904|47767
51519|39351|174|6453|29208
28917|6939|1299|60068|216213|216349
58308|6939|1299|12293
44324|32595|174|54706
58308|6939|1299|23520|14638
40994|6939|59689
24516|174|5459|200070
58308|6939|263047|267425
17350|2914|174|204548|215728
49028|1299|6762|267470|263047
327804|5713|12859|47065|61574
44324|32595|174|37288
28917|6939|1299|8240|206844
7594|174|35598|52091|206810|214210
57777|9002|8772|215536
31510|174|3257|19318|201813
9268|4764|1299|35598|25308|28917|204076
207841|61049|2914|1299|20473|47065|61574
553|7195|20473|47065|61574
55222|174|35598|52091|206810
3356|174|10490|2722|12148|47065|61574
50629|3223|41327
210312|4601|50869|34019|34958
20514|1299|174|204548|215728
59689|29075|174|52468|271150
58308|6939|1299|1759|29422|207006
210312|4601|50869|58299|216441
28917|6939|1299|198949|12625
58308|6939|7018|396973
3170|6939|215172|214955
59689|30781|1299|6855|39904|47767
20932|1299|6762|16735|273514
28917|6939|1299|20473|54721
213241|9002|1299|198949|35676
13830|971|174|35598|52091|206810|34786
58308|6939|1299|265840
44324|32595|174|8452|24835|36935
328840|327727|174|35598|52091|206810|211692|214268|197578
21700|174|35598|52091|206810|24881|24697
58057|50673|174|52468|262393
6830|3491|20473|47065|61574
58308|6939|1299|52468|273127
139317|44324|32595|174|2901
4601|6939|28917|39134|39561|197695
29075|1299|3356|28370|28657
139317|44324|32595|174|19406
64475|9498|20473|47065|61574
210312|4601|50869|6939|28370|268521
34854|1299|3356|28370|263060
263152|264409|174|210329|215728
513|174|20473|47065|61574
44324|32595|174|62628
174|28189|266931|271615|273522|271150
12859|1299|6453|4755|7768
28917|6939|1299|3249
41327|20473|47065|61574
1299|3356|21320|5408|50148
57821|12586|3257|174|216211|211575
57866|1299|20473|201423
42541|1299|174|1916|47065|61574
139317|44324|32595|174|57801
29222|6939|3170|59410
28917|6939|1299|20473|147048
12779|6939|30893|205563
29222|6939|28917|204623
8529|1299|56504|47674
42541|9498|20473|47065|61574
49544|2914|174|11432|271150
204092|30781|3356|174|140227|44324|205369
9002|3356|1299|20473|47065|61574
49028|13335|5408
3130|174|1299|6939|24796|63293
210312|4601|6939|28917|39238|49392
58308|6939|1299|15164|22379
139317|44324|32595|174|398843|401431
24785|6830|3356|28370|53079
30600|1299|3920|206777
34288|1299|6855|39904
5405|6939|2852|200874
61568|174|210329|215728
58308|6939|6830|23520|27745
29222|6939|7018|19106
12779|28283|268744|2716
12859|33891|60068|211571
28917|6939|1299|20473|207754
41666|31133|12389|28917|8905|42132
58308|6939|24796|63293
139317|44324|32595|174|50131
12637|6939|42695|52011
207841|6939|28370|263060
57777|13335|400095
1273|1299|20473|47065|61574
20912|174|22381|267470|263047|264389
28917|6939|61618|267443
3170|7195|28343|2716
17639|1299|198949|35676
6730|6830|9002|12555|48430
44324|32595|18423|137409|6461|1299|25091|8298|4601
49788|1299|37468|270551|263047
34927|1299|3356|28370|53079
28917|6939|7018|395568
57381|50304|1299|3356|8119
40994|57463|41327|57264
6453|1299|60068|216213|205884
327727|174|6453|19318|209896
12956|174|28189|266931|269250|271150
61049|2914|1299|198949|35676
59890|174|204548|215728
6720|1764|174|210|47065|61574
55720|3491|174|34927|202827
559|6830|60068|216213|205884
327727|174|22381|267470|263047
35369|5405|6939|28370|269016
6894|174|1916|47065|61574
28917|6939|2852|212876
47160|6461|174|37468|61568|266460|61625
12389|1299|3920|206777
11039|6461|1299|201814|209896
9268|4764|1299|3257|60068|206406|210557
28917|6939|1299|23520|262191|273027
7474|3257|174|60068|216213|205884
49544|1299|6855|39904
39122|1299|60068|216213|205884
34288|1299|3356|28370|267556
4775|1273|174|20473|47065|61574
58308|6939|56595|206324|21433
36924|1299|3356|8119
59689|29075|174|210329|215728
64475|6939|25192|20701
4601|50869|6939|2852|199711
209650|34927|1299|3356|28370|267556
210937|1299|20473|47065|61574
6830|174|22381|267470|263047|264389
29222|6939|29670|213341
58308|6939|6830|23520|64126|265721|273901
58308|6939|6830|23520|14813
4601|50869|34019|35600|39432
50877|5405|1299|174|37468|61568|266460|61625
7500|2516|1299|201814|209896
136557|174|210329|215728
28917|6939|1299|20473|137521
210312|4601|50869|205929
49432|48362|1299|174|3130|47065|61574
58308|6939|1299|3249|35106
199524|3356|1299|201814|209896
6830|2914|3223|34224|12735
28917|6939|1299|134521
3356|1299|33891|216067|44244
39122|174|1916|47065|61574
37468|1299|8551|44709
6424|6939|28917|50923
29222|6939|28917|47914
34854|1299|35598|52091|206810
174|6453|9498|20473|47065|61574
60068|1299|3356|28370|267608
58308|6939|3170|203363|212085
327727|174|35598|52091|206810|39089
50304|1299|3223|34224|12735
28917|6939|6830|23520|262191|274248
60068|3491|1299|6855|39904|202605
48070|6939|60432
1273|1299|198949|35676
48070|6939|28917|206011
28917|6939|1299|20473|153057|153171
20965|5408|47065|61574
17639|174|210|47065|61574
28917|6939|1299|28852
31742|174|210329|215728
23673|3491|174|28189|266931|271615|273522|271150
24516|174|35598|52091|206810|48595
6762|1299|6855|39904|202605
32590|4637|3257|1299|34927|202532
28917|6939|50989|50683
28917|6939|1299|25260
139317|44324|32595|174|399646|200329
39122|1299|3920|206777
44324|32595|174|18907
139317|44324|32595|174|25645
29222|6939|12735|212805
4601|8298|25091|6830|60068|216213|205884
28917|6939|1299|34170|13335
1403|577|1299|60068|216213|205884
28917|6939|1299|6855|56973
44324|32595|174|13249
28917|6939|6830|23520|272935|273948
58308|6939|33891|196819
48919|174|22381|267470|263047|264389
20205|174|28283|268744|2716
199524|3356|1299|6855|39904|199604
28917|6939|1299|10396|30526
58308|6939|1299|52468|272034
58308|6939|5405|15498
28917|6939|1299|23520|46650|399273
6424|6939|28917|24651
28917|6939|1299|3223|202673
41327|174|138997|216211|44324|205369
12389|174|140227|44324|205369
3130|174|35598|52091|206810|35273
48070|6939|28917|6789|201069|207979
8220|1299|7545|20473|47065|61574
31742|1299|3356|16735|273514
7594|174|35598|52091|206810|208435
28917|6939|1299|11019|29789
4775|1273|174|56630|209944
20932|1299|35598|25308|28917|204076
174|2914|20473|399970
9044|1299|56630|209944
18106|174|399697|39967|399697
174|35598|52091|206810|39089
48070|6939|28917|21453|35271
2027|47160|174|210|47065|61574
1280|1299|20473|47065|61574
28917|6939|56595
8220|1299|2914|226|47065|61574
34019|6830|60068|216213|205884
49028|1299|6939|28370
7018|3491|20473|47065|61574
9268|4764|1299|6855|50698
28917|6939|1299|21738
31510|174|3257|20473|47065|61574
37497|1299|201814|209896
37662|174|21320|5408|50148
34800|58057|50673|174|1299|3920|206777
29222|6939|7018|395568
28917|6939|215172|214955
37662|174|52468|271150
8529|1299|3257|60068|206406|210557
58308|6939|1299|20473|199459
49432|48362|1299|3356|8119
17639|174|60068|216213|205884
3216|1299|201814|209896
58308|6939|553|60824
59105|2518|1299|8551|20473|47065|61574
327960|174|35598|52091|59815|25299
207841|6939|28917|28775
55720|3491|174|22381|267470|263047|264389
36994|1273|174|20473|47065|61574
6461|174|34927|202827
6424|6939|59689
50628|1299|20473|201423
58308|6939|6830|23520|10269
58308|6939|15576
21320|5408|47065|61574
64475|62255|52091|206810
45049|6696|1299|174|21320|5408|47065|61574
204092|6939|50989|48116
210312|4601|6939|28917|21453|35271
1403|577|1299|6855|50698
262427|174|35598|52091|48158
139317|44324|32595|174|211211
199938|1299|12956|212721
8283|6939|16652
174|3356|16735|273514
6423|20055|1299|6855|39904|202605
553|1299|6939|28370|263060
21412|1299|20473|399970
37468|174|201814|209896
206356|50629|3223|41327
139317|44324|32595|174|22439
41327|6939|393682
7018|6939|196610
58308|6939|1299|14265
6830|3356|28370|267556
28917|6939|1299|20473|205008
12779|35598|52091|59815
58308|6939|33891|202245|212509|212290
20253|1299|201814|209896
205206|1299|174|60068|205884
6908|1299|3920|206777
58308|6939|33891|51191
29222|6939|50629|47277
28917|6939|1299|21351
3741|174|12956|212721
12307|29691|1299|60068|197103|212080
398465|174|34927|202827
58299|37468|53062|266493|61625
28917|6939|1299|52468
398465|1299|3356|28370|268198
17350|3356|1299|22773|8119
8280|6762|174|210329|215728
50304|1299|4637|20473|47065|61574
44324|32595|174|22360
4601|50869|6939|30893|204789
50629|8551|20473|47065|61574
35266|1299|3920|206777
28917|6939|1299|51057
6894|174|37468|53062|266493|61625
12859|1299|8551|44709
58308|6939|1299|11019|29789
31742|1299|3356|28370|263535|268030
28917|6939|1299|57811
28917|6939|1299|23520|263238|265775
12307|29691|1299|3356|8119
52075|2914|3356|21320|5408|47065|61574
559|1828|12179|393398|3356|1299|23033|50131
58308|6939|28917|47438
327782|37100|174|5538|8194|29345
28917|6939|1299|58321
51519|39351|174|3356|28370|268521
64475|6939|28917|39238
28917|20764|52091|206810|211692|214268|197578
39351|174|20473|47065|61574
35266|1299|6855|39904
139317|44324|32595|174|19453
51088|8455|1299|6855|39904
42541|20473|47065|61574
40994|6939|28917|20985
58308|6939|48678|47951
15935|174|22381|267470|263047|264389
513|21320|33891|216067|44244
40994|6939|28917|48084|59833
40387|1299|7195|28189|266931|269250|271150
44324|32595|174|57961|205140|14789
7713|1299|174|37468|61568|266460|61625
139317|44324|32595|174|395512
8888|137409|174|210329|215728
30600|174|20473|47065|61574
12307|29691|1299|198949|35676
17350|6453|1299|6855|39904|47767
263237|174|2914|20473|47065|61574
28917|6939|1299|51407
28917|6939|1299|20473|211966
52320|1299|198949|35676
4601|50869|34019|211868
40994|9002|197068
6830|6453|19318|201813
28917|6939|1299|25899|26793
1299|56504|47674
28917|6939|1299|6855|12344
52025|174|35598|52091|206810
198385|174|20473|47065|61574
4601|50869|6939|28917
34549|174|22381|267470|263047
8283|6939|28370|263535
204092|6939|28917|6789
12779|6939|50989|33837
40994|6939|28917|35539
198249|13030|1299|174|20473|47065|61574
16552|1299|3356|28370
46450|1299|6855|39904|199604
28917|6939|1299|52468|272075
8283|20764|52091|206810|57460
6667|1299|60068|197103|212080
28917|6939|200070
28917|6939|1299|20473|63538
40994|6939|15372
35600|6939|50989|48116
60068|174|3356|8772|215536
60068|33891|7195|20473|47065|61574
8426|3257|1299|198949|35676
6424|6762|1299|6855|39904
2500|2914|1299|201814|209896
42541|2603|21320|5408|50148
28917|6939|1299|20473|44354
7018|2914|20473|47065|61574
2518|1299|6855|39904|202605
4601|50869|41051|201911
58308|34927|202827
41051|58299|61568|266460|61625
12779|6939|50989|50683
34872|24961|1299|174|37468|61568|266460|61625
559|6939|215172|214955
8220|1299|29695|206557
6082|174|201814|209896
6424|44592|49581|209693
3320|1299|7195|11432|271150|272738
17350|3356|2914|12859|47065|61574
62167|33891|216067|44244
262427|174|7311|835|394273
49028|1299|3223|41327
6424|6939|15372
44324|32595|174|210801
49432|48362|1299|174|210329|215728
13786|174|210329|215728
34019|14840|2716
1299|6453|60068|216213|205884
37697|37497|1299|6855|39904
28917|6939|7018|19065
29222|6939|39791
41327|6939|59970
3170|174|20473|47065|61574
28917|6939|1299|23520|27665|46764
199524|174|3356|8119
29075|1299|20473|399970
47957|28917|215730|209693
44324|7720|10111|1299|12859|47065|61574
42541|1299|198949|35676
28917|6939|1299|18734|28477
21412|1299|60068|197103|212080
139317|44324|32595|174|32473
58308|6939|1299|7250
55222|174|3356|28370|28657
58308|6939|29208|215588
12779|6939|42695
29140|2914|1299|201814|209896
23673|3356|174|210329|215728
204092|30781|3356|174|3130|47065|61574
50877|5405|20473|47065|61574
44324|32595|174|56718
23367|1299|7195|28343|2716
44393|394256|174|6461|394737
8455|1299|60068|197103|212080
12637|1299|8943|200636
28917|6939|1299|20115|23132|402037
1299|174|210|47065|61574
28917|6939|1299|11172|28418
6830|174|216211|211575
55222|174|3257|21034
5511|1299|3920|206777
29222|6939|7018|396973
37271|174|52468|271150
199524|1299|6453|19318|201813
12859|6939|39790
58511|3257|3356|21320|5408|47065|61574
139317|44324|32595|174|27258|399252
12637|1299|6855|39904|202605
34177|3356|1299|198949|35676
327727|174|7311|835|394273
34177|1299|174|20473|47065|61574
44324|32595|174|48260
12969|1299|174|14840|269288
44324|32595|174|14051|400097
37053|37100|1299|198949|35676
45352|4657|33891|216067|44244
20205|174|60068|216213|205884
199524|1299|7195|20473|47065|61574
57777|8298|25091|1299|20473|47065|61574
58308|6939|269688
139317|44324|32595|174|6424|47787
132337|6939|1299|20473|47065|61574
328964|37468|2914|174|32595|44324
139317|44324|32595|174|266445
60011|3356|174|3130|47065|61574
8455|1299|174|37468|61568|266460|61625
51184|1764|174|210|47065|61574
28917|6939|1299|208398|215024
20205|1299|29695|206557
2734|3257|174|3130|47065|61574
174|3356|3223|41327
204092|30781|1299|20473|201423
51184|1764|174|399697|39967|399697
20253|1299|3356|28370|263535|268030
263237|174|1299|12859|47065|61574
6424|6762|1299|3920|206777
58308|6939|263047|271068
132337|174|204548|215728
29691|1299|20473|201423
3491|1299|56630|209944
2516|1299|917|214598
58308|6939|7018|401763
553|1828|12179|393398|3356|1299|23033|27323
8283|6939|2852|200874
34019|6939|28370|269016
28917|6939|1299|9009|215294
8283|6939|2852|197277
58308|6939|1299|60486
51519|39351|174|60068|205884
6830|5511|60068|216213|205884
60068|174|399697|39967|399697
29222|6939|29208|211731
42541|1299|6855|39904|202605
20253|1299|3216|51032|41344|39707
58308|6939|1299|46475|59730
36924|1299|3356|28370|263535|268030
12637|1299|6855|39904|199604
58308|6939|1299|6400
28917|6939|28370|264426
4764|1299|35598|25308|28917|204076
4601|50869|58299|34924
51185|6762|1299|6855|50698
6461|1299|198949|35676
28917|6939|1299|20473|153185|137436
32590|1299|3216|51032|41344|39707
47147|3320|174|37468|61568|266460|61625
50877|5405|6939|42695
35426|215596|1299|60068|197103|212080
199524|1299|16276|203019
559|6939|28370
28917|6939|1299|20473|139589
1299|6939|50989
41327|34927|202532
553|6939|2852|61110
33891|14840|269288
50629|174|216211|211575
37271|174|52468|262393
33891|19318|201813
44324|32595|174|16843
44324|32595|174|398843
216285|8280|6762|1299|8551|44709
58308|6939|1299|8375
28917|6939|1299|23520|263703|274160
20130|23352|2914|1299|20473|47065|61574
8660|1267|6762|174|37468|61568|266460|61625
8298|8283|3320|6855|39904|202605
28917|6939|268944
4777|2497|174|28283|268744|2716
9900|23764|1299|198949|35676
15935|174|10490|2722|12148|47065|61574
35369|1764|1299|174|37468|61568|266460|61625
13786|174|56630|209944
394256|174|28189|266931|271615|273522|271150
35008|1299|34927|202532
58308|6939|1299|52468|273034
48070|6939|2852|212876
3170|6939|25192
20205|1299|3356|16735|273514
50304|1299|20473|47065|61574
58308|6939|1299|36352|55286
48919|33891|216067|44244
12637|1299|6855|39904
29691|1299|17676|216211|44324|205369
48070|6939|42695
139317|44324|7720|10111|1299|198949|35676
29222|6939|212635
62167|174|2914|226|47065|61574
12637|6939|30893|199580
12969|1299|3216|51032|41344|39707
58308|6939|208731
29075|1299|20473|201423
45049|6696|1299|6855|39904|199604
34800|29632|8455|8283|47065|61574
34177|174|204548|215728
12779|35598|52091|206810|35273
35600|6939|28917|47438
29504|15935|174|3356|16735|273514
47147|1299|174|20473|47065|61574
36924|1299|3356|28370|267608
58308|6939|1299|200478
28917|6939|1299|47887
262427|174|399697|39967|399697
29075|174|8551|20473|47065|61574
8283|20764|52091|206810|12773|52213
4775|1273|1299|3920|206777
36924|1299|3356|28370|28657
58308|35598|52091|206810|213694
28917|6939|1299|20473|399866
202032|199181|12637
14537|13786|174|3130|47065|61574
34019|32787|202161
42473|1299|60068|211571
513|29222|6939|8943|44671
3130|174|35598|25308|28917|9049|51017
32590|37100|1299|6855|39904|47767
44324|32595|174|36236
61049|174|22381|267470|263047|264389
20080|2914|12859|47065|61574
22652|1299|3356|28370|263535|268030
24516|174|3356|8119
7474|3257|1299|20473|201423
29222|6939|12779|44219
58299|266493|61625
60068|1299|3223|34224|12735
13237|1299|6453|29208
44324|32595|174|203623
7713|1299|4230|52654|266493|61625
35008|1299|21351|60132
49028|1299|6762|16735|273514
28917|6939|1299|20473|395460
12389|174|20473|47065|61574
559|35598|52091|206810|12773|47809|50780
41722|12389|174|140227|44324|205369
559|6939|25192|20701
210312|4601|7195|11432|271150|272738
139317|44324|32595|174|202521
44324|32595|174|208794|200851
57695|917|60068|174|3356|8772|215536
8888|137409|6461|1299|3920|206777
6730|6830|174|22381|267470|263047|264389
20253|1299|60068|216213|205884
3356|1299|6855|39904|202605
35600|6939|28917|39153
58308|6939|6830|23520|27696|271971
132825|174|50509|51032|41344|39707
174|204548|215728
16347|1299|56504|47674
24516|174|35598|52091|206810|5598
39122|47311|150249|153176
4601|50869|34019|208627
48362|1299|3491|20473|47065|61574
34019|6939|24796
58308|6939|1299|26673
28917|6939|6830|33915
35008|1299|3356|21320|5408|50148
12859|14840|269288
8218|6461|1299|8551|44709
196621|6939|215172|214955
210312|4601|50869|205154
14907|1299|35598|25308|28917|204076
559|6939|28917|6789
8298|25091|33891|60068|211571
49028|1299|60068|197103|212080
57111|174|2914|20473|47065|61574
3170|6774|36947|174|36891
47147|1299|174|60068|216213|205884
35710|3320|1299|1680|20473|47065|61574
35600|30781|1299|3920|206777
47147|3320|1299|20473|47065|61574
559|35598|52091|206810|196638|42702
4601|50869|41051|213422
4601|6939|28917|9110
28917|6939|1299|60068|399244
3303|174|52468|262393
4637|1299|201814|209896
42541|1299|3257|20473|47065|61574
17350|6453|1299|1680|20473|47065|61574
34872|8283|47065|61574
2497|174|210|47065|61574
34177|3356|1299|6855|39904|47767
12779|35598|52091|206810|24881
25152|2497|174|60068|216213|205884
139317|44324|32595|174|212318
3170|208972|210538|6775|13030|4637|133398
266213|3356|174|3130|47065|61574
263237|174|6453|19318|209896
36924|1299|10490|2722|12148|47065|61574
35320|1299|198949|35676
28917|6939|1299|52468|264826
9268|4764|174|14840|2716
136557|174|35598|52091
34177|1299|3356|28370|268198
328840|327727|174|35598|52091|206810|196638
6424|6939|28917|47478
3130|174|3257|19318|209896
132337|174|60068|211571
28917|6939|1299|199544
34927|52025|1299|21351|60132
23367|1299|7195|28189|266931|269250|271150
59105|2518|2516|174|210|47065|61574
139317|44324|32595|174|2149
264479|6762|1299|6855|39904|199604
28917|6939|1299|23520|46198
28917|6939|1299|36192
1764|174|11432|271150|272738
210312|4601|6939|28917|34784
15605|6939|50989|50683
7713|1299|6855|39904|202605
8283|6939|30893|13214|35634
36924|1299|6461|394737
328840|327727|174|3257|21034
58308|6939|1299|20940|36183
29222|6939|31263|9026
4181|1299|60068|211571
29504|39392|174|3130|47065|61574
58308|6939|200462|215163
58308|6939|29208|44770
4601|50869|207907
680|1299|3920|206777
56655|1299|6762|49666|58224|214805
8455|1299|6855|39904|199604
199524|47311|150249|212001|205018
20764|174|6453|4755|7768
8220|6453|174|28189|266931|271615|273522|271150
12956|1299|6855|39904|47767
28917|6939|1299|8151|28400
28917|6939|6830|23520|64126|273220
34927|52025|32097|32787|202161
58308|6939|25400|50270
24516|174|3257|60068|206406|210557
286|1299|20473|47065|61574
210312|4601|50869|56381|208814
139317|44324|32595|174|62902
8220|1299|174|1916|47065|61574
209650|34927|1299|12956|212721
58308|6939|1299|208414
215596|1299|3920|206777
42473|1299|174|1916|47065|61574
44324|32595|174|16601
28917|6939|1299|8781|42298|214178
28917|6939|1299|30600
47160|174|52468|262393
4601|50869|6939|50989|33837
215596|62000|215551|30893|13214|35634
64475|62255|52091|206810|196638|42702
20764|174|1299|198949|35676
139317|44324|32595|174|12189|207134
28917|6939|1299|52468|264668|267684
58308|6939|6424|49941
3356|174|3130|47065|61574
8426|3257|174|1916|47065|61574
60011|3356|21320|5408|47065|61574
52025|174|6453|29208
28917|6939|15576|60311
48070|41313|6821|1299|29208|205347
139317|44324|32595|174|198104
28917|6939|1299|20473|215168
29222|6939|15605
58308|6939|1299|18734|13591
42708|33891|216067|44244
47147|1299|21351|60132
136557|174|35598|52091|206810|56766
20205|174|52468|262393
58308|6939|1299|6204|25198
1299|35598|52091|206810
28917|6939|1299|18734|28545
14315|6453|1299|34927|202532
35369|1764|1299|20473|47065|61574
139317|44324|32595|174|58453|9505|135062
553|6939|29222|41495|206202
210312|4601|50869|52025|401441
24482|2914|1299|20473|47065|61574
12859|215551|30893|199580
1299|6204|44592|49581|209693
34927|56655|1299|20473|47065|61574
139317|44324|32595|174|395506
9900|23764|3356|174|10490|2722|12148|47065|61574
29222|6939|7018|32673
3701|174|204548|215728
6424|272713|263390
6667|174|60068|205884
7594|174|35598|52091|206810|214721|204108
29222|174|140227|44324|205369
49028|6461|16276|203019
57111|41327|174|210329|215728
4601|50869|6939|60432
6667|1299|2914|226|47065|61574
139317|44324|32595|174|5719
205206|1299|7195|28283|268744|2716
62167|174|138997|216211|44324|205369
37468|174|60068|205884
553|2603|8674|1299|21859|24406
34854|1299|42303|51701|30893
28917|6939|35489
4637|3257|1299|198949|35676
3356|1299|8551|44709
6424|174|5538|8194|29345
4601|50869|41051|17160
49788|12552|12859|47065|61574
513|174|60068|205884
3170|6939|28917|204623
1140|24785|6830|3356|28370|263060
28917|6939|202297
4601|50869|41051|207529
264479|6762|1299|29695|206557
47147|1299|6939|50989|33837
17639|174|14840|2716
58308|6939|41720|47152|208753
20055|1299|8551|44709
20514|1299|3356|28370|264426
398465|174|7195|20473|47065|61574
136557|174|35598|52091|206810|214721|204108
12859|137409|63473|200790
50628|1299|6461|394737
140627|1299|3257|60068|206406|210557
136557|174|22381|267470|263047
34927|5405|1299|20473|47065|61574
4601|50869|41051|206633
271253|3356|1299|6855|39904|47767
28917|6939|1299|20473|400478
35598|174|3257|19318|201813
6424|6939|50989|50683
8220|1299|35598|52091|206810
210312|4601|50869|215172
44324|32595|174|44143
12969|1299|3356|16735|2716
21700|3257|1299|20473|399970
6424|37468|60068|216213|205884
49544|1299|6855|39904|47767
20253|1299|174|60068|205884
55720|2914|1299|6855|39904|199604
50629|20764|52091|206810|57460
34549|174|5538|8194|29345
28917|6939|1299|20473|142281
398465|1299|174|22381|267470|263047|264389
42473|1299|35598|25308|28917|204076
5405|62255|52091|206810|214721
50877|5405|20764|43298|48678|213865
8283|2914|21351|60132
34019|6939|25192|26710
29222|6939|32097|33387
139317|44324|32595|174|53893
196621|6939|42695|43101
34288|174|3130|47065|61574
139317|44324|32595|174|53667|201517
139317|44324|32595|174|395359
25220|33891|20473|47065|61574
3303|174|52468|271150
24785|6830|3356|28370|268521
28917|6939|1299|23520|26505
13237|1299|37468|270551|263047
4826|1299|35598|52091|206810
20253|1299|60068|211571
6830|6939|25192
58299|14840|269288
37105|36994|1273|1299|20473|47065|61574
20612|9044|1299|3920|206777
20932|174|140227|44324|205369
42541|1299|6762|16735|273514
40994|174|201814|209896
199938|1299|20473|399970
14537|13786|174|204548|215728
21412|1299|20473|47065|61574
28917|6939|40994|216321
41327|7195|20473|47065|61574
58299|174|10490|2722|12148|47065|61574
42473|1299|3216|51032|41344|39707
38880|6939|1299|20473|47065|61574
1031|999|6453|174|140227|44324|205369
50304|1299|3356|16735|2716
12859|35598|52091
41327|12859|47065|61574
25160|1299|6855|39904|47767
35600|6939|2852|213152
34288|1299|6453|19318|209896
28917|6939|1299|20473|25820
7660|2516|1299|3920|206777
19151|174|5538|8194|29345
48185|1299|60068|216213|205884
271253|174|210329|215728
47147|1299|13335|400095
29504|39392|33891|17676|216211|44324|205369
5413|1299|34927|202532
28917|6939|1299|54113
1299|7195|20473|47065|61574
58308|6939|50629|207252|216079
28917|6939|7018|22715
7660|2516|1299|29695|206557|205190
6424|8551|44709
64475|6461|210|47065|61574
57695|917|60068|174|34927|202827
4601|50869|215828|215375
47147|1299|12956|212721
202365|50673|174|7545|20473|47065|61574
44324|32595|174|44222|210374
6830|174|28189|266931|271615|273522|271150
35008|1299|3223|34224|12735
6908|174|35598|52091|206810
42473|1299|3223|41327
6453|174|60068|216213|205884
20253|1299|20473|47065|61574
58308|6939|1299|21623
35008|1299|3920|206777
207841|6939|28917|52191
7713|174|22381|267470|263047|264389
58308|6939|1299|52468|271933
29222|6939|2852|210367
37468|1299|3920|206777
198385|174|204548|215728
4764|1299|8551|44709
136557|174|210|47065|61574
1299|17676|216211|211575
21700|174|35598|52091|206810|214721
6830|174|52468|271150
58308|6939|1299|19750
41327|13335|5408
6730|6830|174|28189|266931|271615|273522|271150
19151|174|8551|20473|47065|61574
3701|174|5538|8194|29345
28917|6939|1299|201902
44324|32595|174|26269
48362|1299|174|140227|44324|205369
2497|174|22381|267470|263047|264389
38001|3491|174|201814|209896
2027|47160|174|5538|8194|29345
48070|6939|50989|205966
35426|215596|174|1916|47065|61574
58308|6939|6830|23520|264821
5713|174|138997|216211|44324|205369
42473|1299|4230|2716
8283|3491|216211|211575
7018|3356|28370|264426
327960|174|21320|5408|50148
1280|2914|12859|47065|61574
15576|174|210|47065|61574
34019|137409|63473|200790
8426|3257|174|201814|209896
23367|1299|8551|20473|47065|61574
8220|1299|3223|41327
8283|2914|1916|47065|61574
132337|1299|3920|206777
398465|3320|1299|1680|20473|47065|61574
8455|6830|34927|202827
9044|174|1916|47065|61574
6453|1299|201814|209896
513|174|1299|198949|35676
28917|6939|1299|23520|52253
47147|1299|174|216211|211575
20514|1299|6762|49666|58224|214805
28917|6939|1299|6400|271940
44324|32595|174|206262|57722
28917|6939|1299|23520|10269
263237|174|1299|198949|35676
28917|6939|1299|395035
151326|174|204548|215728
28917|6939|1299|32097|22295|205563
58308|6939|40994|198510
29222|6939|7018|397248
22652|1299|3356|28370|264426
213151|41051|58299|21320|5408|47065|61574
1299|174|60068|216213|205884
44324|32595|174|15121
6730|6830|9002|12555|44676
57111|174|1299|198949|35676
32590|1299|25091|8298|4601|4492
148968|7474|3257|174|60068|216213|205884
174|20473|30893
58308|6939|7018|4196
3320|174|20723|2852|202874
210937|1299|3356|28370|263535|268030
40994|6939|28917|6789|200702
4764|1299|6855|39904|47767
49028|1299|3356|28370|263963
198385|174|6461|394737
4601|9002|12555|48430
30844|174|399697|39967|399697
196621|58115|21263|212038
213151|34549|174|1916|47065|61574
1299|6939|50989|48116
58308|6939|1299|21277|212692|208293|50597
174|3257|8551|44709
132847|1221|4637|3356|21320|5408|47065|61574
12779|6939|28370|269016
48070|6939|24796|63293
28917|6939|7018|30232
58308|59689|30781|33891|60068|211571
34177|1299|174|3130|47065|61574
44324|32595|174|399646
196621|15576|3356|1299|3920|206777
210312|4601|6939|28917|44056|57629
58308|4601|4492
136557|174|21700|399914
205112|33891|216067|44244
60326|34927|1299|60068|197103|212080
48070|1299|1680|20473|47065|61574
37497|1299|6855|39904
7660|2516|174|21700|399914
51088|6461|6424|44592|49581|209693
28634|4230|174|399697|39967|399697
139317|44324|32595|18423|137409|6461|1299|9498|18229|132215
553|6939|42695|52011
29691|1299|5511|60068|206406|210557
328840|327727|174|35598|52091|59815|25299
15562|2914|3257|28917|215730|209693
44324|32595|174|27988|272879
14907|1299|34927|202532
50629|1299|8551|44709
31122|6453|1299|20473|201423
49788|174|60068|205884
139317|44324|32595|174|21826|269946|274117
58308|6939|1299|42708|201691|216415
8529|1299|20473|399970
12637|6939|2852|202874
204092|6939|28917|44056|57629
6730|6830|6762|267470|263047
48070|1299|60068|216213|205884
58308|6939|1299|5518|34001
12779|35598|52091|206810|214721|204108
7018|6939|50989|205966
58308|6939|1299|3301|8464
58308|6939|268624|61823
64475|6939|28370|28657
29222|6939|50629|207160
58308|6939|33891|12306
202365|28917|215730|209693
20912|12637|1299|3920|206777
29222|6939|32097|54203
9268|4764|1299|21351|60132
58057|1836|8455|8283|47065|61574
44324|32595|174|401958
8220|1299|3356|28370|263060
35426|215596|1299|37468|270551|263047
29222|6939|2852|204772
58308|6939|1299|16733
28917|6939|1299|16276
216285|8280|6762|174|37468|61568|266460|61625
8283|6939|29222|41495
8283|6939|24796
204092|6939|28917|21453|41783
28917|6939|262365
12637|6939|24796|63293
13830|971|174|6453|29208
58308|6939|1299|211393
35600|6939|28370|264426
207841|6939|30893
56987|1299|6855|39904
2734|63270|1299|3356|36207
7018|3257|21034
12779|6939|2852|213152
41327|6461|16276|203019
262427|174|35598|52091|206810|214210
60326|34927|12859|47065|61574
8283|20764|52091|206810|211692|214268|197578
12779|35598|52091|206810|48595
327782|37100|174|216211|211575
174|35598|52091|206810|214721
12307|29691|1299|6453|4755|7768
28917|6939|3170|203363
28917|6939|1299|262206|52262
58308|20764|29049|49666|205647|49801|204533
971|174|6453|29208
58308|6939|1299|14080
34019|13335|400095
29222|6939|3170|206924
29222|6939|7018|401623
49028|6830|60068|216213|205884
4601|52320|7162|13878|52468|271150
28917|13335|5408
207841|6939|58308
6720|1764|174|140227|44324|205369
28917|6939|6830|23520|262191|272020
58308|6939|1299|58321
29222|6939|553|5501
51519|39351|174|204548|215728
139317|44324|32595|174|16349
58308|6939|1299|835|52025|210338
50673|174|21320|5408|47065|61574
12859|1299|60068|197103|212080
48185|1299|6855|50698
44324|32595|174|209847|26383
21700|174|35598|52091|206810|48687
34927|174|22381|267470|263047|264389
12859|6461|23352|20473|47065|61574
12637|6939|29222
6082|2914|1299|6855|39904|47767
44324|32595|174|45250
28917|6939|1299|23520|11139|14694
28917|6939|1299|8657|15525|204057
58308|59689|30781|33891|216067|44244
4601|50869|6939|29222|41495|206202
38880|6762|174|20473|47065|61574
49432|48362|1299|198949|35676
3130|174|35598|52091|206810|211692|214268
28917|12859|47065|61574
213151|34927|1299|20473|399970
174|6453|19318|209896
41722|20764|174|204548|215728
34019|61568|266460|61625
198249|14840|269288
210312|4601|50869|58299|49585
29222|6939|15935|204860|203385
29169|174|216211|211575
37468|1299|6855|39904|47767
2027|47160|174|28189|266931|271615|273522|271150
60068|33891|7195|28343|2716
137409|174|20473|47065|61574
139317|44324|32595|174|11172|265625
31742|1299|3257|20473|47065|61574
35426|215596|1299|7195|28343|2716
31742|174|210|47065|61574
58308|6939|50989|50683
22652|1299|3223|41327
327960|327782|37100|1299|198949|35676
32590|12956|174|210|47065|61574
35600|6939|42695|52011
139317|44324|32595|174|56501
7594|174|21320|5408|50148
3701|3356|1299|12859|47065|61574
4601|50869|52025|209477
132337|1299|60068|197103|212080
12307|29691|13030|21320|5408|47065|61574
23367|1299|6461|394737
139317|44324|32595|174|209312
52025|174|28189|266931|271615|273522|271150
58308|6939|39791|47493
12779|47065|61574
18106|174|60068|216213|205884
41327|6461|52320|7162|13878|52468|271150
1828|18779|174|210329|215728
37105|37662|1299|20473|399970
6830|6461|394737
13030|1299|6453|19318|209896
28917|6939|1299|3223|211428
140627|2914|174|210329|215728
398465|174|37468|53062|266493|61625
29222|6939|28917|35539
14907|3356|174|20723|2852|202874
4601|50869|41051|212834
6696|1299|6762|16735|273514
20514|1299|33891|216067|44244
3320|1299|37468|270551|263047
52873|12956|174|20473|47065|61574
199524|174|34927|202827
2516|174|20473|47065|61574
3399|174|204548|215728
28917|6939|1299|6400|262247
47147|1299|174|140227|44324|205369
28917|6939|7018|30614
28917|6939|1299|396993
213151|34549|174|3130|47065|61574
58308|6939|1299|3301|25252
6830|3356|25091|8298|4601|4492
58511|1299|174|20473|47065|61574
196621|4601|4492
19151|174|6461|394737
34927|56655|1299|10490|2722|12148|47065|61574
206356|50629|6461|394737
35600|6939|28917|206011
262427|174|35598|52091|206810|213694
24785|6830|3356|28370|267556
207841|6939|28917|12668
28917|6939|1299|54600
58308|6939|7018|22241
28917|6939|1299|20473|63910
28917|6939|1299|20473|401896|201640
28917|6939|1299|203532
29169|174|3130|47065|61574
139317|44324|32595|174|401486|214183|40662
210937|6830|3356|28370|28657
28917|6939|1299|25122
49788|1299|3356|14840|269288
3170|6939|25192|20701
49432|48362|1299|3356|28370|269016
6762|1299|29695|206557|205190
8455|1299|60068|216213|205884
45049|6696|1299|6762|16735|273514
48070|1299|6762|49666|58224|214805
36924|1299|7195|20473|47065|61574
44324|32595|174|33154|398461
28917|6939|1299|7713
12969|1299|6855|50698
57695|917|60068|174|399697|39967|399697
47147|1299|3257|19318|209896
398465|6939|1299|20473|47065|61574
34927|60011|3356|174|3130|47065|61574
55222|1299|23764|35168|212999
327960|174|35598|25308|28917|9049|51017
9044|174|210|47065|61574
394256|174|210|47065|61574
58308|6939|6830|23520|64126|272980|274084
64475|6939|29222|204957
61568|6762|1299|8551|44709
8283|6762|16735|266931|271615|273522|271150
34019|6696|1299|3920|206777
28917|6939|62000|208226
58308|6939|1299|211826
21700|174|35598|52091|206810|59867
202365|50673|174|60068|216213|205884
29075|1299|60068|197103|212080
7922|2914|12859|47065|61574
4601|50869|41051|213249
15935|174|12956|212721
44324|32595|174|43160|199195
58308|6939|7794|396917
28917|6939|1299|27947|272819
44324|32595|174|397423
132825|174|35598|52091|206810|196638
210937|1299|3356|28370
6696|1299|174|140227|44324|205369
4777|2497|174|3130|47065|61574
20912|174|28189|266931|269250|271150
174|28283|268744|2716
6762|174|20473|47065|61574
29222|6939|12735|8517
25152|2914|174|37468|61568|266460|61625
20205|174|3356|28370|28657
4181|1299|56504|47674
58308|6939|29208|62102
28917|6939|7018|400393
41327|174|210329|215728
12637|6939|28370|263060
199524|1299|56630|209944
37739|3491|174|11432|271150
58308|6939|21430|199220
57695|917|60068|1299|34927|202532
15547|3303|174|3130|47065|61574
31510|174|37468|53062|266493|61625
58308|6939|1299|52468|272936
210312|4601|50869|215828|214079
398465|1299|8551|44709
40994|6939|28917|50045
7594|174|52468|262393
148968|1299|5511|49666|58224|214805
139317|44324|32595|174|270068
264409|174|399697|39967|399697
6453|174|10490|2722|12148|47065|61574
327960|327782|37100|174|5538|8194|29345
58308|6939|263047|262578
971|174|56630|209944
28917|6939|1299|270122|270111
28917|6461|7473|38001|25192
28917|6939|1299|22497
6424|174|35598|52091|206810|24881|24697
327983|37497|3491|1299|20473|47065|61574
34927|1299|3223|34224|12735
6730|6830|9002|8772|396416
47147|1299|3356|8119
44324|32595|174|3356|7195|52863
136557|174|60068|205884
12637|6939|16652
12637|35598|52091|206810|214721|204108
48185|1299|37468|270551|263047
28917|6939|1299|16906
58308|6939|1299|56655|202986
58308|6939|30893|9423
14907|1299|6461|394737
38001|3491|174|11432|271150|272738
15605|6939|42695
327727|174|32787|202161
28917|6939|1299|29119
64475|6461|394737
59105|2518|1299|20473|47065|61574
28917|6939|1299|62917
28917|6939|1299|20473|401870
12779|6939|50989
2497|1299|8551|44709
42541|28283|268744|2716
15605|20764|202984|35598|25308|28917|204076
132825|174|28189|266931|271615|273522|271150
40994|6939|28917|52191
16552|3257|174|216211|211575
50629|50263|201814|209896
51519|39351|174|3356|16735|2716
35426|215596|1299|37468|53062|266493|61625
559|1828|12179|393398|3356|1299|23033|27323
205206|1299|3356|16735|2716
28917|6939|1299|22442
49432|48362|1299|3356|28370|263535
209650|34927|174|3130|47065|61574
204092|6939|2852|197451
6830|1299|60068|197103|212080
58299|33891|216067|44244
20055|174|35598|52091|206810
44324|32595|174|22612
139317|44324|32595|174|20473
17660|6453|174|14840|269288
136557|174|35598|52091|206810|59815|25299
1140|24785|6830|3356|28370|28657
2734|9002|197068
8218|28917|215730|209693
136557|174|3356|9002|12555|48430
64475|6939|29222|41495|206202
41327|6939|39790
6424|7195|28343|2716
210312|4601|8298|25091|1299|3920|206777
3130|174|50509|51032|41344|39707
58308|6939|50533|205321
327960|174|35598|52091|206810|8274
28917|6939|1299|39855
5413|1299|12859|47065|61574
58308|6939|1299|3301|201087
35426|215596|1299|3257|19318|209896
58308|6939|271150
6424|174|1299|34927|202532
210312|4601|50869|6939|28370|267556
41327|6939|2852|204772
3170|6939|2852|48091
14315|174|1299|8551|44709
50629|20764|52091|206810|56766
44324|32595|174|16921
34854|13335|400095
15935|174|35598|52091|206810
4601|50869|6939|29222|513|20940
57777|8298|25091|1299|10490|2722|12148|47065|61574
35598|1299|3223|34224|12735
3701|174|35598|25308|28917|204076
199524|1299|6762|1680|44709
48070|28283|268744|2716
34927|52025|174|35598|52091|206810
42541|1299|6453|1031|61568|266460|61625
47160|174|20473|47065|61574
37053|37100|174|3130|47065|61574
29222|6939|15372|203592
29222|6939|15935|197451
57381|50304|1299|6855|39904|205968
28917|20764|52091|206810|8274
210312|4601|50869|41051|212121
17350|3356|174|20473|47065|61574
44324|32595|174|202978
196621|33891|44592|49581|209693
6830|6939|28370|52593
6730|6830|174|60068|205884
58057|50673|174|6461|394737
58308|35598|52091|206810|5598
28917|6939|7018|26153
22652|1299|10490|2722|12148|47065|61574
8220|3491|174|10490|2722|12148|47065|61574
58308|6939|263047|268105
57695|917|60068|1299|17676|216211|211575
29222|6939|7018|397799
44324|32595|174|20473|47065
28917|6939|7018|396169
20055|174|37468|61568|266460|61625
21700|174|35598|52091|206810|196638
49028|1299|174|20473|47065|61574
139317|44324|32595|174|9166
328964|37468|174|60068|205884
8220|6453|174|210|47065|61574
28917|6939|1299|20473|197730
49028|1299|3257|60068|206406|210557
48070|9498|20473|47065|61574
28917|6939|1299|209022
15935|6830|34927|202827
28917|6939|1299|396986
51184|1764|174|204548|215728
262427|174|35598|52091|206810|48687
327727|174|37468|53062|266493|61625
207841|6939|28917|34784
58308|6939|7018|19065
215596|1299|6762|16735|273514
37053|37100|1299|60068|216213|205884
29222|6939|47160|203062
20912|174|210329|215728
28917|6939|1299|262223
58308|6939|6830|23520|265580
7713|174|14840|269288
58057|50673|174|1916|47065|61574
12637|30844|21351|60132
12637|35598|52091|206810|197643
209650|34927|5405|1299|20473|47065|61574
24516|174|35598|52091|206810|59815
5413|1299|3257|19318|201813
48070|37468|61568|266460|61625
16552|1299|10490|2722|12148|47065|61574
50877|5405|9498|20473|47065|61574
4601|50869|59645|216355
49544|3356|1299|201814|209896
28917|6939|7018|396912
28917|6939|1299|63473
6939|1299|20473|47065|61574
28917|6939|1299|8551|714
199938|1299|8551|44709
1299|6453|1031|61568|266460|61625
12859|6939|29222|513|20940
327804|37271|174|5538|8194|29345
3130|174|6453|60068|216213|205884
29222|6939|205081
29222|6939|12735|57844
62167|174|1299|20473|201423
41327|201376|199881
1403|577|174|20473|47065|61574
58299|28283|268744|2716
971|174|52468|262393
174|17378|8119
58308|6939|5405|213162
40994|6939|30893|204789
41666|20764|52091|206810|211692|214268
28917|6939|1299|62597
50304|1299|174|204548|215728
6830|3257|19318|209896
35600|20764|43298|48678|213865
58308|6939|1299|199524|62553|205941
29222|6939|2852|202874
44324|32595|174|272373
139317|44324|32595|174|13819
20130|23352|2914|1299|34927|202532
28917|6939|60432
58308|6939|1299|265530
2734|3257|174|20473|47065|61574
52320|1299|8551|44709
29222|174|210329|215728
44324|32595|174|51847|61112
32590|1299|3356|28370|263535
28917|6939|6830|23520|52468|273859
327960|174|7311|835|394273
559|6461|394737
58308|6939|1299|3249|216408
559|6939|28370|268521
207841|6939|28917|21453|48149
852|174|11432|271150|272738
28917|6939|6424|46516
327983|37497|3491|174|210|47065|61574
37662|174|6453|4755|7768
50628|6453|174|60068|216213|205884
139317|44324|32595|174|21277|39216
210937|1299|2914|226|47065|61574
47692|3356|174|3130|47065|61574
32595|174|1916|47065|61574
198249|13030|21320|5408|47065|61574
2914|1299|33891|216067|44244
34019|29169|174|216211|211575
199524|3356|1299|6855|39904|202605
398465|174|37468|61568|266460|61625
44324|32595|174|394110
20205|174|21320|5408|47065|61574
29222|6939|12637
62167|174|12956|212721
2518|1299|3920|206777
23367|1299|42303|51701|30893
5405|62255|52091|206810|5598
28917|6939|1299|52468|271933
58308|6939|1299|54600
12779|29632|215536
44324|32595|174|44222|209847|26383
48185|2914|174|3130|47065|61574
49028|1299|3356|28370|269016
57866|9002|21320|5408|47065|61574
34019|6939|50989
32590|174|20473|47065|61574
6830|9002|12555|198070
29169|174|399697|39967|399697
58308|6939|1299|271
559|37468|60068|216213|205884
513|29222|6939|35168|21299
58057|174|28189|266931|271615|273522|271150
32590|37100|1299|10490|2722|12148|47065|61574
34927|174|210329|215728
8280|6762|1299|6855|50698
42541|62255|52091|48158
132825|174|3257|21034
7018|6762|16735|273514
37100|33891|60068|211571
1273|174|8551|20473|47065|61574
50300|33891|60068|211571
8283|6939|60432
559|35598|52091|206810
852|174|3130|47065|61574
4601|50869|52025|401441
51873|6830|174|60068|205884
28917|6939|1299|27947|52468
41666|20764|52091|206810|12773|44884
6082|2914|1299|3920|206777
20764|174|138997|216211|44324|205369
204092|6939|50989|33837
3549|3356|1299|6855|39904|199604
6667|12859|47065|61574
132825|174|35598|52091|206810|59815|25299
199938|1299|6762|267470|263047
6830|3257|21700|399914
51519|39351|174|3356|28370|28657
58308|6939|6830|23520|262191|274248
28917|6939|1299|52468|273034
8283|20764|52091|206810|196638|42702
327727|174|16276|203019
263237|174|216211|211575
34927|1299|33891|216067|44244
4777|2497|174|11432|271150|272738
210312|4601|8298|25091|2603|21320|5408|47065|61574
28917|6939|1299|25899|33236
37053|37100|174|216211|211575
59891|13030|1299|198949|35676
28917|6939|1299|20473|153185|153190
32590|1299|33891|216067|44244
196621|6939|2852|48091
14907|1299|6855|50698
47147|3320|1299|8551|20473|47065|61574
139317|44324|32595|174|27659
28917|6939|1299|398106
20205|174|3257|21034
199524|21320|5408|47065|61574
41327|174|52468|262393
44324|32595|174|36671
28917|6939|1299|7250
28917|6939|1299|20473|211437
28917|6939|1299|23520|6639
44324|32595|174|61098
28917|6939|1299|48620
1273|1299|2914|226|47065|61574
328512|5713|174|201814|209896
15605|57463|14840|2716
204092|6939|33924
20514|1299|174|22381|267470|263047|264389
58308|6939|1299|32270|27887
34019|6939|50989|50683
24516|174|21320|5408|50148
21700|174|35598|52091|48158
139317|44324|32595|174|47674
6424|37517|1299|174|37649
29222|6939|204310
20253|1299|174|204548|215728
12637|6939|39790
199524|174|201814|209896
12637|6939|30893|205563
29691|1299|60068|216213|205884
55222|174|210329|215728
20514|1299|16276|203019
58308|6939|6830|8560
28917|6939|1299|20473|210025
37271|174|20473|47065|61574
28917|6939|1299|23520|272935|271808
28624|3356|21320|5408|47065|61574
42541|29632|215536
40387|1299|6855|39904|47767
199938|1299|3356|28370|263535
28917|6939|6830|23520|54082|263725|271981
35600|35598|52091|206810|57164
206499|34549|1299|6855|39904|47767
47147|1299|8551|44709
44324|32595|174|50881
20612|9044|174|20473|47065|61574
3491|1299|6855|50698
5413|1299|174|60068|205884
58308|6939|1299|6758|33874|14789
28917|6939|1299|20473|7365
28917|6939|7018|6431
271253|3356|1299|6855|39904
24516|174|35598|52091|206810|35273
13030|1299|7195|11432|271150|272738
58308|6939|1299|396122
4601|50869|34019|204092|202945
29680|174|399697|39967|399697
58308|6939|1299|62255|215828
6423|20055|174|21320|5408|50148
8529|1299|6762|49666|58224|214805
28917|6939|1299|13335
207841|6939|15372|203592
6424|6939|28370|52593
6424|6939|28370|270962
204092|6939|28370|263535
137409|174|60068|205884
1267|33891|60068|211571
58308|6939|9136|206236
60068|1299|20473|399970
210312|4601|50869|58299|209898|199553
16552|3257|174|8551|20473|47065|61574
327782|5511|174|8551|20473|47065|61574
5511|174|11432|271150
6453|174|5538|8194|29345
28917|6939|1299|39386|25019
34927|60011|3356|1299|6855|39904
3333|12859|34927|202532
48362|1299|174|60068|205884
28917|6939|1299|14080|269902
204092|6939|30893|13214|35634
56987|174|22381|267470|263047|264389
31510|174|34927|202827
12956|1299|42303|51701|30893
139317|44324|32595|174|1289
12859|32787|202161
7018|6939|30893|199580
39120|174|6453|4755|7768
41666|20764|52091
2914|174|11432|271150
15605|6939|42695|52011
58308|6939|28917|12668|51883
50673|174|216211|211575
24516|174|35598|52091|206810|39089
35426|215596|174|60068|216213|205884
19151|33891|216067|44244
3130|174|204548|215728
60068|1299|34927|202532
28917|6939|1299|20473|63183
139317|44324|32595|174|39063|29108
58308|6939|33891|211319
28917|6939|48678|47951
24785|6830|174|60068|205884
12956|174|56630|209944
16552|1299|174|21320|5408|50148
42473|1299|3356|28370
3170|35598|52091|48158
44324|7720|10111|1299|3920|206777
31122|6453|1299|20473|399970
196621|6939|28917|44056|57629
29691|1299|12956|212721
40994|13046|1299|3326|43009
12779|6939|2852
28917|6939|1299|262206
9268|4764|1299|3216|51032|41344|39707
34854|1299|3491|20473|47065|61574
35600|6939|54429|401894
24961|1299|8551|44709
29222|6939|30893|13214|35634
513|29222|6939|35168|48716
6461|174|11432|271150|272738
18106|4657|1299|20473|47065|61574
58308|59689|30781|1299|6855|39904|202605
210312|4601|50869|214770
198385|174|201814|209896
28917|6939|7018|22241|400745
48362|1299|198949|35676
29222|6939|7018|32119
13030|1299|56504|47674
28917|6939|1299|400940
39351|1299|2914|226|47065|61574
58308|6939|48070|60894
28917|6939|6830|23520|262191|273926
210312|4601|50869|6939|28370|52593
40994|6939|28917|47759
50629|6939|28370|268521
48070|6939|200303
4777|2516|1299|12956|212721
6830|3356|28370|267608
34019|6461|210|47065|61574
132825|174|35598|52091|206810|59867
207841|6939|28917|48084|59833
48185|1299|174|60068|205884
205206|1299|3223|41327
139317|44324|32595|174|54270
6894|174|35598|25308|28917|9049|51017
216285|8280|6762|1299|22773|8119
139317|44324|32595|174|213184
41327|50263|201814|209896
37497|1299|6855|39904|47767
6894|174|20723|2852|202874
7660|2516|1299|29695|206557
48185|1299|6453|4755|7768
20932|1299|37468|270551|263047
553|6939|28917|6789
20253|1299|7195|28189|266931|271615|273522|271150
328512|5713|174|60068|197103|212080
41666|20764|52091|206810|196638
8529|1299|3920|206777
28917|20764|52091|206810|39558
28917|6939|1299|19009|26889
12637|6939|393682
42541|1299|8551|44709
34927|174|2914|20473|47065|61574
28917|6939|1299|20473|63150
20514|1299|13335|5408
28917|6939|1299|43519
202365|50673|174|3257|22773|8119
58308|6939|3170|965
2500|2914|1299|6855|50698
60068|1299|34927|202827
262427|174|35598|52091|206810|39089
205206|1299|198949|35676
19151|174|6762|1680|44709
139317|44324|32595|174|54002
205206|1299|8551|44709
12307|29691|1299|174|210329|215728
28917|6939|1299|36352|26383
9002|3356|174|11432|271150|272738
28917|6939|1299|23520|272935|267846
62167|174|28283|268744|2716
139317|44324|32595|174|210684
58057|1836|33891|60068|211571
51185|6762|174|37468|61568|266460|61625
29222|6939|29208|49262
31742|1299|3257|19318|201813
28917|6939|1299|48851
44324|32595|174|50297
58308|6939|1299|203532
12779|35598|52091|206810|39089
209|3356|1299|201814|209896
132337|1299|198949|35676
51088|8455|1299|6855|39904|47767
12637|6939|29222|204957
34800|29632|12859|47065|61574
139317|44324|32595|174|13190
51519|39351|1299|20473|47065|61574
513|29222|6939|268944
44324|32595|174|141163
3491|1299|917|214598
58308|6939|1299|20473|211321
58308|6939|6830|23520|11139|397529
29680|174|3356|8551|44709
680|2914|174|5538|8194|29345
6424|14840|269288
22355|5511|174|8551|20473|47065|61574
2027|47160|174|8551|20473|47065|61574
286|1299|3920|206777
6423|20055|174|201814|209896
12637|20764|43298|48678|210574
58057|174|35598|52091|206810|48687
28917|6939|1299|7393|393582
58308|6939|1299|48620
28917|6939|1299|48152
28917|6939|1299|23520|14638|35892
196621|15576|174|60068|216213|205884
12637|1299|20473|47065|61574
132825|174|20723|2852|202874
198249|13335|400095
23367|1299|37468|270551|263047
12779|35598|52091|206810|211692|31069
34927|52025|1299|29695|206557|204503
209650|34927|1299|6453|29208
57381|50304|1299|22773|8119
9900|23764|1299|34927|202532
48070|6939|30893|205563
210312|4601|50869|6939|42695|43101
20612|9044|1299|3356|8119
206356|50629|1299|4637|20473|47065|61574
139317|44324|32595|174|20459
4601|50869|41051|212888
28917|6939|1299|52468|264836
680|1299|6855|39904|202605
24482|6453|1299|20473|47065|61574
36994|1273|1299|20473|47065|61574
58308|6939|1299|63270|397301
39122|1299|6453|29208
57866|1299|60068|197103|212080
16552|3257|174|1916|47065|61574
398465|1299|6461|394737
7018|174|32595|44324
28917|6939|1299|20473|16840
199938|1299|56504|47674
28917|6939|7018|7287|13965
24516|174|3257|19318|201813
61568|174|204548|215728
215596|1299|8551|44709
41811|1273|33891|216067|44244
58057|50673|174|138997|216211|44324|205369
3257|1299|6939|24796|63293
3170|57463|14840|2716
34800|58057|50673|8283|47065|61574
28917|6939|1299|20473|212073
12859|35598|52091|59815
204092|6939|2852|213152
6424|6939|28917|39238|49392
4601|8298|25091|2603|21320|5408|47065|61574
29222|6939|48678|209828
49544|2914|174|11432|271150|272738
58308|6939|6830|23520
4601|50869|34019|209523
15605|56630|209944
35600|6939|2852|212876
559|13237|196714|199284|33891|3356|34984
47147|1299|6939|54429
139317|44324|32595|174|21433
8283|6453|60068|197103|212080
139317|44324|32595|174|18907
210312|4601|6939|28917|39134
398465|174|20723|2852|202874
513|174|140227|44324|205369
49544|1299|198949|35676
47147|1299|174|32595|44324
4657|1299|20473|47065|61574
28917|6939|1299|52468|264635
28917|6939|7018|20057
28917|6939|1299|395359
6424|52320|7162|13878|52468|271150
3130|174|35598|25308|28917|204076
35710|3320|1299|37468|53062|266493|61625
28917|6939|1299|398788
3130|174|35598|52091|206810|59815|25299
47147|1299|6939|28370|267556
48185|1299|6453|29208
28917|6939|1299|23520|54082
23367|1299|37468|53062|266493|61625
6424|6939|25192|20701
15605|6939|59970
49028|1299|2914|226|47065|61574
12969|1299|6453|29208
513|174|8551|20473|47065|61574
14907|6830|3356|28370|28657
48070|6939|196610|48927
12779|8772|396416
58308|6939|1299|44239
50877|5405|6939|2852|201648
42473|1299|6453|19318|201813
33891|8298|4601|4492
559|6939|50989
398465|3320|1299|60068|197103|212080
29222|6939|42184|8454
64475|62255|62379
328512|5713|174|3257|21034
30781|1299|20473|47065|61574
8529|1299|6762|16735|273514
51185|6762|1299|6855|39904
28917|6939|1299|6503|6621|265515
4637|6830|34927|202827
136557|174|35598|52091|206810|35273
40994|57463|41327|205032
4601|50869|52025|212895|206290
49028|1299|6939|28370|268521
7594|174|5459|200070
58308|6939|6830|23520|272935|267845|274105
20612|8758|3303|21320|5408|47065|61574
52075|33891|60068|211571
50763|8943|33891|216067|44244
25091|5511|174|399697|39967|399697
5405|6939|42695|52011
204092|34019|21351|60132
14907|1299|6855|39904|47767
58308|6939|1299|213291
64475|4601|4492
39351|174|37468|270551|263047
24516|174|35598|52091|206810|211692|214268
209|3356|174|399697|39967|399697
58308|35598|52091|206810|56915
971|174|35598|25308|28917|204076
8283|6762|1680|20473|47065|61574
49605|6762|174|11432|271150|272738
1299|2914|1916|47065|61574
577|174|20723|2852|202874
12779|174|52468|271150
680|1299|35598|52091|206810
210312|4601|6939|28917|24651
6424|30844|21351|60132
215596|174|11432|271150
28917|20764|52091|206810|39089
198249|8551|44709
58308|6939|29208|48926
60326|34927|174|20473|47065|61574
15605|35598|52091|206810|12773|47809|50780
42541|62255|52091|206810|196638
271253|6453|174|140227|44324|205369
6830|174|37468|61568|266460|61625
15605|35598|52091|206810|208435
20514|1299|6855|39904|202605
35369|1764|174|52468|262393
18106|174|210329|215728
8283|12956|10429|22381|267470|263047|264389
28917|6939|1299|15830
199524|1299|174|37468|61568|266460|61625
39351|2603|21320|5408|47065|61574
6830|1299|6855|39904|202605
58308|6939|1299|396986
28917|6939|3170|201579
58308|6939|29208|49262
58308|6939|7018|11992|399599
327727|174|35598|52091|206810|56766
398465|1299|8943|200636
3257|1299|20473|47065|61574
16552|1299|20473|47065|61574
1299|20473|201423
7018|3356|9002|8772|396416
37697|3491|174|28189|266931|271615|273522|271150
4601|50869|58299|209114|206072
58308|6939|6830|23520|27889
17350|3356|21320|5408|47065|61574
207841|7195|28189|266931|271615|273522|271150
397131|60011|3356|1299|10490|2722|12148|47065|61574
24961|8283|47065|61574
28917|6939|12637
34927|1299|174|3130|47065|61574
42473|1299|3356|28370|268521
14537|174|10490|2722|12148|47065|61574
44324|32595|174|210156
50629|20764|52091|206810|5598
50629|20764|52091|206810|39558
58308|6939|1299|39351
44324|32595|174|53587|22552
34288|174|22381|267470|263047|264389
139317|44324|32595|174|43766
263152|174|21700|399914
46450|1299|8551|44709
2500|2914|174|11432|271150
174|3356|1680|44709
28917|6939|28370|267556
22652|1299|3356|28370|263060
513|29222|6939|8943
2152|3356|1299|6855|39904|202605
12307|29691|13030|12859|47065|61574
9268|4764|1299|5511|49666|58224|214805
139317|44324|32595|174|204810
28917|6939|1299|23520|267823|270003|273131
64475|3320|1299|20473|47065|61574
139317|44324|32595|174|33544|22729
49544|3356|1299|198949|35676
553|9002|9304|136897|174|3491|137969|132824
44324|32595|174|58453|9505|135062
12637|8772|215536
58308|6939|1299|62904
6908|1299|6855|39904|199604
1257|174|20473|47065|61574
58308|6939|1299|7342
29222|6939|8943
139317|44324|32595|174|263194|262259
139317|44324|32595|174|27747
28917|6939|1299|55222
12779|9002|12555
31742|1299|6762|49666|58224|214805
58299|34927|202532
6424|174|35598|52091|206810|57164
34927|52025|174|204548|215728
48362|1299|6762|49666|58224|214805
8220|1299|5511|60068|206406|210557
3170|6939|25192|29067
47147|1299|3356|28370|263535
3170|6939|28917|24651
210312|4601|6939|28917|28775
917|60068|1299|25091|8298|4601|4492
917|60068|1299|3920|206777
58057|174|60068|216213|205884
1403|577|1299|25091|8298|4601|4492
35600|35598|52091|206810|12773|57005
29691|1299|56630|209944
13830|971|174|35598|52091|206810
39351|174|3257|19318|209896
58057|34549|52025|212895|210320
60068|174|216211|211575
207841|6939|2852|197277
28917|6939|3170|215323
8283|20764|52091|206810|211692|214268|196977
139317|44324|32595|174|18640
44324|32595|174|1289
8220|6453|1299|20473|47065|61574
34927|1299|6453|29208
210312|4601|50869|34019|51306
34854|1299|10490|2722|12148|47065|61574
29222|6939|61618|268364
39351|174|60068|197103|212080
35600|35598|52091|206810|48687
271253|174|20723|2852|202874
58308|6939|1299|32913
205112|50629|50263|201814|209896
49544|1299|6855|39904|199604
29222|6939|50629|207252
37468|1299|6855|39904
58511|1299|20473|47065|61574
58308|6939|1299|57660
28917|6939|1299|18734|28548
58308|6939|1299|35847
17350|6453|174|60068|216213|205884
58308|6939|1299|30823
215596|1299|17676|216211|44324|205369
60068|33891|17676|216211|44324|205369
4601|50869|215828|59449
13030|1299|174|204548|215728
20253|1299|6453|19318|201813
48070|7195|28189|266931|271615|273522|271150
28917|6939|1299|263444
14907|1299|6453|4755|7768
12307|57118|8283|47065|61574
39122|1299|60068|211571
4764|1299|35598|52091|206810
58308|6939|1299|40185
35008|1299|3257|20473|47065|61574
15943|174|52468|271150
60068|3491|1299|6855|39904|199604
34177|1299|6453|19318|209896
57111|174|7195|20473|47065|61574
328206|37739|3491|174|60068|205884
198249|37271|20473|47065|61574
58308|6939|6830|23520|267853
20612|9044|1299|20473|399970
17639|174|210329|215728
210937|52025|212895|210320
25160|1299|8551|44709
213151|41051|50263|44592|49581|209693
15562|2914|1299|34927|202532
328840|327727|174|56630|209944
32590|6424|44592|49581|209693
58308|6939|33891|204560
48070|6939|28917|39134|39561|197695
17639|174|20473|47065|61574
559|1828|12179|393398|3356|174|50131
35600|13335|400095
12969|1299|3356|28370|264426
44393|394256|174|52468|262393
174|6762|49666|58224|214805
52025|1299|6855|39904|199604
40994|13335|400095
5413|1299|174|37468|61568|266460|61625
6730|6830|3356|29695|206557|204503
6461|174|52468|271150
58308|6939|42695
15692|61049|52025|212895|210320
49028|1299|3356|16735|273514
58308|6939|7018|22216
35600|20473|30893
209823|3356|21320|5408|47065|61574
397131|60011|3356|1299|198949|35676
58308|6939|9136|213068
28917|6939|1299|52468|267790|273122
50629|1031|61568|266460|61625
6830|6939|30893|13214|35634
8298|25091|1299|8551|44709
15605|6939|2852|48091
6830|174|201814|209896
5405|6939|2852|61110
29222|6939|7018|62883
28917|6939|1299|215078
58308|6939|553|204680|208854
204092|6939|42695|52011
58308|6939|1299|3249
50304|1299|7545|20473|47065|61574
151326|174|35598|52091|206810|56766
139317|44324|32595|174|4134|140329
210312|4601|50869|41051|212184
28917|6939|1299|3249|43937
34854|1299|20473|399970
205206|1299|56504|47674
58308|6939|1299|7979
16552|1299|25091|8298|4601|4492
35266|3257|5405|8943|200636
44324|32595|174|42313|207502
28917|6939|1299|8375
29222|6939|29670|47496
4601|50869|199310
37100|174|20473|47065|61574
215596|1299|37468|270551|263047
199524|1299|3356|16735|273514
199524|174|13786|28343|2716
28917|6939|1299|52468|28461
28917|6939|268624|262594
6830|33891|216067|44244
58308|6939|7018|22787
132825|174|35598|52091|206810|202497
4764|1299|60068|211571
204092|33891|216067|44244
44324|32595|174|44222
3320|1299|34927|202532
15576|3356|1299|20473|47065|61574
41666|3216|51032|41344|39707
12637|6939|28917
4601|50869|58299|209898|199553
29222|6939|42184
210312|4601|50869|6939|50989|50683
210312|4601|50869|6939|58308
1299|29695|206557|204503
327727|174|52468|262393
35280|3356|174|3130|47065|61574
271253|174|34927|202827
39351|1299|3356|16735|2716
196621|6939|196610
6908|1299|6855|50698
44324|32595|174|211691
39351|1299|17676|216211|44324|205369
50304|1299|8551|20473|47065|61574
58308|6939|1299|209022
44324|32595|174|33811
51088|2914|174|5538|8194|29345
28917|6939|6424|207990
29222|6939|7018|28469
29222|6939|25192|20701
28917|6939|1299|21859|62610
34800|58057|50673|174|1299|20473|399970
44324|32595|174|54579|394778
47232|174|6453|29208
5511|1299|6855|39904
58308|6939|198101
28917|6939|1299|7843|20001|21705
35369|5405|6939|28370|52593
50629|5511|174|20473|47065|61574
55720|2914|1299|35598|52091|206810
15605|35598|52091|206810|202497
44324|32595|174|14051|23431
5511|174|5538|8194|29345
29504|15935|33891|216067|44244
21700|174|35598|52091|206810|35273
139317|44324|32595|174|206067
50877|5405|6939|30893|13214
37739|3491|1299|198949|35676
58308|6939|33891|203380
57695|917|60068|1299|6855|50698
12637|20473|47065|61574
12637|1299|174|22381|267470|263047|264389
48070|6939|24796
28917|20764|52091|206810|211692|31069
30600|174|21700|399914
28917|6939|1299|11179
50673|174|3257|20473|47065|61574
553|8551|44709
55720|6939|1299|201814|209896
202032|57463|34927|202827
58308|6939|1299|199150
37271|3257|1299|198949|35676
29222|6939|3170|210495
58308|6939|7018|11992|35892
28624|3356|1299|3920|206777
23367|1299|3356|28370|263535
28917|6939|6830|23520|272935|272908
398465|1299|56504|47674
37105|37662|174|22381|267470|263047|264389
59919|52025|212895|210320
28917|6939|1299|20473|402238
6830|6939|28917|47914
28917|6939|1299|47768
45352|1299|6855|39904|199604
5405|6939|2852|210498
28917|6939|1299|26073
12637|6939|28917|6789|203561
28917|6939|47160|205669
8283|20764|52091|44660
20205|174|28189|266931|269250|271150
29222|6939|200462
12637|35598|52091|206810|211692|214268|197578
58308|6939|2852|61110
6730|6830|3356|8551|20473|47065|61574
262427|174|3491|20473|399970
39351|174|60068|216213|205884
6830|6939|60432
12779|35598|52091|206810|56766
206356|50629|1680|20473|47065|61574
3130|174|17378|8119
42473|1299|6762|16735|273514
19151|174|3356|8119
28917|6939|1299|52468|274144
34854|1299|56630|209944
58057|1836|1299|12859|47065|61574
6424|272713|263390|270896
5405|6939|25192|26710
22652|174|210329|215728
139317|44324|32595|174|206262
577|3491|5408|47065|61574
5405|1299|20473|47065|61574
151326|174|12956|212721
23367|1299|3356|28370|268521
917|60068|174|34927|202827
3216|1273|174|52468|262393
553|1299|3356|28370|28657
28917|6939|1299|29551|202701|200486
7018|3356|8119
5405|62255|52091|206810|39558
151326|174|35598|52091|206810|59815|25299
1140|24785|1299|8551|44709
35008|1299|6453|1031|61568|266460|61625
6696|1299|56504|47674
29680|174|52468|262393
28917|6939|1299|208414
4601|50869|52025|212895|205336
28917|6939|1299|6855|12767
58308|6939|3170|22665
680|1299|6855|39904
12586|3257|1299|3920|206777
9268|4764|1299|16164|36032
35600|35598|52091|206810|211692|214268|197578
28917|6939|1299|23520|11139
22652|1299|3356|28370|263535
45352|174|3356|28370|28657
34854|1299|3356|28370|263963
204092|6939|2852|199711
24482|2914|1299|8551|44709
3399|5511|174|52468|271150
37239|37468|33891|216067|44244
6720|1764|174|10490|2722|12148|47065|61574
174|52468|271150
41327|6461|6424|44592|49581|209693
8529|1299|60068|197103|212080
12956|1299|20473|399970
48070|1299|3257|20473|47065|61574
35008|1299|2914|226|47065|61574
50877|5405|6939|24796
45352|1299|35598|25308|28917|204076
210312|4601|50869|58299|41051
327782|5511|174|52468|271150
28917|6939|29670|57024
58308|6939|1299|201902
210312|4601|8298|25091|6453|174|3130|47065|61574
3741|174|35598|52091
15935|174|13786|28343|2716
48070|34927|202532
12859|1299|8943|200636
6830|9002|12555
28917|6939|1299|27589|11110
34549|174|3130|47065|61574
139317|44324|32595|174|20545
22652|1299|12956|212721
44324|32595|174|395359
28917|20764|52091|206810|197960
6424|1680|44709
8220|6453|1299|60068|216213|205884
28917|6939|1299|208328
57381|50304|1299|201814|209896
8283|3491|209810|207187|205044
37468|33891|44592|49581|209693
60068|28917|215730|209693
57111|52025|212895|210320
1299|6939|28370|52593
6908|174|35598|25308|28917|204076
58057|174|22381|267470|263047|264389
28917|6939|1299|52468|272032
553|6939|28917|48084|199961
8280|6762|174|210|47065|61574
137409|2914|1299|198949|35676
50629|37468|60068|216213|205884
28917|6939|41720
204092|6939|2852|204772
139317|44324|32595|174|53667|202776
12637|35598|52091|206810|34786|34789|34786
6082|2914|1299|198949|35676
12637|57463|14840|2716
328206|37739|3491|174|60068|197103|212080
58308|6939|1299|54082|263725|264773
206356|50629|174|140227|44324|205369
25220|1299|20473|201423
12859|1299|20473|201423
50629|1299|20473|201423
2497|174|11432|271150
207841|6939|2852|202874
139317|44324|32595|174|17185
328840|327727|174|35598|52091|206810|24881|24697
35600|6939|33924
40994|6939|42695|43101
6461|174|28189|266931|271615|273522|271150
20253|1299|6855|39904|47767
28917|6939|1299|262206|18809|26105|264843
35600|21351|60132
7474|3257|174|60068|205884
140627|1299|35598|52091|206810
12637|6939|28917|39134|39561|197695
12779|6939|28370|263060
4601|50869|41051|212488
971|174|34927|202827
2027|47160|6939|30893|200690
4775|1273|174|3130|47065|61574
49544|2914|174|37468|61568|266460|61625
28917|6939|1299|136106|45305|141607
8298|25091|1299|3223|34224|12735
58308|6939|1299|8926
559|35598|52091|206810|12773|47809|59478
139317|44324|32595|174|1089
577|1299|20473|47065|61574
51519|39351|174|3257|60068|206406|210557
263152|174|56630|209944
13830|971|174|5459|200070
174|1299|32787|202161
205206|1299|29695|206557|205190
12779|35598|52091|206810|214721
44324|32595|174|8285|199152
210312|4601|50869|199177
394256|174|52468|262393
4601|50869|34019|204092
327804|37271|174|22381|267470|263047|264389
44324|32595|174|1089
553|6939|42695
29222|6939|29208|199350
559|35598|52091|206810|56766
35600|30781|1299|8551|44709
6830|6939|2852|212876
3320|1299|917|214598
61568|6762|1299|6855|39904|47767
55222|1299|25091|8298|4601|4492
41327|6939|50989|48116
174|28189|266931|269250|271150
58299|34549|1299|8551|44709
4764|174|28189|266931|269250|271150
12350|1299|37468|53062|266493|61625
58308|6939|31319
917|60068|1299|20473|399970
7474|3257|174|3130|47065|61574
210312|4601|50869|216375
37100|1299|3920|206777
207841|6939|2852|197451
28917|6939|7018|3486
139317|44324|32595|174|212250|208293|203217|14789
132337|174|37468|53062|266493|61625
42541|20764|52091
28917|6939|1299|49222
58308|6939|1299|393559
28917|6939|1299|208905|212616
47147|1299|6939|200303
8426|33891|44592|49581|209693
48070|6939|54429|401894
139317|44324|32595|174|401780
4601|8298|25091|1299|10490|2722|12148|47065|61574
40994|57463|7713|1299|56308
15935|174|35598|52091|206810|214721
58308|6939|61618|268797
328840|327727|174|3356|3223|34224|12735
28917|6939|1299|20473|396015
13237|1299|6453|4755|7768
58057|174|216211|211575
513|174|3130|47065|61574
28917|6939|1299|52468|23031|23246
64475|6939|28370|269016
58308|6939|6830|204210
6453|1299|6855|39904
4601|8298|25091|1299|20473|201423
132847|7474|7473|1299|3216|51032|41344|39707
196621|6939|24796|63293
11845|30844|174|5538|8194|29345
15605|32787|202161
12637|6939|28917|39134
48070|1299|174|204548|215728
28917|6939|1299|20473|199925
41722|12389|174|21320|5408|47065|61574
8455|1299|7545|20473|47065|61574
58308|6939|6830|23520|272935|273948|274204
513|29222|6939|52927|267933
32590|1299|3356|28370|263535|268030
58308|6939|28917|206011
8220|1299|4230|2716
4601|50869|204003
28917|6939|1299|28428
20514|1299|4230|2716
22652|174|3356|16735|273514
6830|3356|3216|51032|41344|39707
6424|174|210329|215728
28917|6939|1299|23520|262199
58308|6939|56595|205885
3701|174|11432|271150
3320|1299|3216|51032|41344|39707
15547|174|21320|5408|50148
48185|1299|6855|39904
6424|6939|28917|48610
6461|174|201814|209896
11845|30844|174|399697|39967|399697
7500|2516|1299|12956|212721
6830|6939|15372
28917|6939|1299|8551|13335
46450|1299|174|140227|44324|205369
12637|35598|52091|206810|39558
42473|1299|8551|20473|47065|61574
20514|1299|3356|28370|263535
41666|20764|52091|206810|8274
38136|50131|174|1299|8551|44709
40994|21320|5408|47065|61574
49544|1299|6855|39904|202605
44324|32595|174|272102|271816
215596|1299|3257|19318|209896
28917|6939|2852|48091
31510|174|216211|211575
37239|37468|1299|6855|39904
6830|60068|216213|205884
42541|31133|35598|25308|28917|204076
34854|34927|202827
3214|1299|20473|201423
20514|1299|37468|52468|271150
57866|6830|60068|211571
28917|6939|1299|203846
12779|6939|50989|48116
39351|1299|6855|39904|205968
47147|1299|6939|30893|200690
6830|7195|28189|266931|271615|273522|271150
12779|6939|30893
39122|1299|20473|47065|61574
15547|174|52468|262393
21232|15576|35598|52091|48158
204092|6939|28917|48084|35816
3130|174|3356|16735|273514
58308|6939|1299|29264
28917|8359|57304|15935|51968
12969|1299|3356|28370|263060
204092|6939|28917|9110
48070|6939|28917|6789
29504|15935|174|3356|3223|41327
9268|4764|174|399697|39967|399697
29222|6939|40994|203997
48070|1299|3356|8119
4601|50869|6939|39790
44324|32595|174|13999|273269
7018|6939|2852|48091
44324|32595|174|396986
41327|6939|25192|29067
139317|44324|32595|174|30021
4775|1273|174|1916|47065|61574
139317|44324|32595|174|27385
199524|47311|150249|212001|199376
58308|6939|5405|57575
28917|6939|1299|208905|199270
58308|6939|1299|206924|204318
6830|6939|28917|39238
28917|6939|1299|39029
60326|34927|1299|10490|2722|12148|47065|61574
559|25180|1299|198949|211049
41327|61568|266460|61625
6667|1299|20473|201423
41327|4601|4492
6453|174|3130|47065|61574
2914|1299|60068|216213|205884
58308|6939|262365|263433|268967
34854|1299|6762|16735|2716
553|6939|50989|33837
4181|1299|20473|201423
394256|174|28189|266931|269250|271150
33891|12859|47065|61574
20912|174|204548|215728
35600|35598|52091|206810
20205|1299|3491|20473|47065|61574
31510|174|1299|8551|44709
37100|1299|6855|39904|47767
58308|6939|1299|213138|202169
48070|6939|29222|41495
12779|6939|2852|204772
28917|6939|1299|401909
6424|6939|24796
14907|21320|5408|47065|61574
58057|50673|174|140227|44324|205369
48362|1299|6453|19318|209896
28917|6939|1299|60068|33059
58308|6939|6830|23520|26505
58308|6939|1299|33749
52873|12956|1299|6855|39904|202605
3257|174|399697|39967|399697
6424|6939|29222|204957
8529|1299|174|37468|61568|266460|61625
13830|971|174|35598|52091|206810|214721|204108
209823|3356|174|216211|211575
8888|137409|6461|21320|5408|47065|61574
28917|6939|1299|7843|22516|395500
210312|4601|50869|41051|212834
47147|1299|6939|30893
49544|2914|174|210329|215728
29691|33891|216067|44244
51873|6830|2914|20473|47065|61574
24516|174|204548|215728
47147|1299|3356|8772|215536
28917|8359|57304|35168|197556|206026
15576|56630|209944
49788|1299|60068|216213|205884
136557|174|35598|52091|206810|211692|214268
32590|1299|4230|2716
1764|174|140227|44324|205369
58308|6939|7018|30232
19151|174|14840|2716
12350|1299|6453|29208
577|1299|20473|399970
61568|174|20473|47065|61574
8220|1299|3356|8119
8220|1299|3356|28370|268198
57866|1299|20473|399970
14907|1299|2914|226|47065|61574
44324|32595|174|33059
971|174|35598|52091|206810|214721
15935|174|56630|209944
398465|174|13335|400095
28917|6939|48070|204208|47272|215574
12956|1299|60068|197103|212080
139317|44324|32595|174|37288
28917|6939|1299|52468|273966
48070|57463|14840|2716
22652|174|3356|28370|28657
553|1299|6855|39904
58308|6939|1299|60051|208293|203214|51684
28917|6939|1299|20473|38047
136557|174|5538|8194|29345
4601|6939|28917|8926|41221|207164
2497|1299|3223|41327
1103|6830|174|28189|266931|271615|273522|271150
58308|6939|28917|204623
6730|6830|3356|8119
136557|174|35598|52091|206810|57164
56987|174|210329|215728
151326|174|16276|203019
49432|48362|1299|2914|226|47065|61574
36924|1299|3356|28370|268198
51519|39351|174|3257|19318|201813
55222|174|6453|4755|7768
58057|174|3257|21034
14537|3356|1299|198949|35676
20932|174|216211|211575
198385|15576|174|20473|47065|61574
28917|6939|1299|23520|262202|3573
57111|174|21320|5408|47065|61574
139317|44324|32595|174|13977|399353
12859|1828|12179|393398|3356|174|50131
394256|174|8551|20473|47065|61574
5413|1299|8551|20473|47065|61574
44324|32595|174|11172
207841|6939|25192
6830|6939|28917|198297|51081
50877|5405|6939|2852|200874
3701|174|210329|215728
4601|6939|28917|197078
35600|6939|28917|50923
28917|6939|1299|20473|208505
13830|971|174|56630|209944
4764|1299|6855|50698
139317|44324|32595|174|205544
34927|1299|17676|216211|44324|205369
16552|1299|17676|216211|44324|205369
2734|2914|12859|47065|61574
21232|13030|1299|4230|2716
8283|2914|3223|34224|12735
2734|40511|6461|7018|27434
204092|6939|28917|50009
58308|6939|5405|47583
559|35598|52091|206810|202279|213203
57111|41327|266493|61625
35598|202984|6762|174|37468|61568|266460|61625
13786|174|5538|8194|29345
59414|6830|174|8899
20205|1299|6762|267470|263047
58308|39801|29222|41495
29222|6939|6830|33915|208240
199524|1299|3356|16735|2716
58308|6939|1299|35207
3399|5511|174|210|47065|61574
16552|1299|34927|202827
207841|6939|28917|39134
58308|6939|25400|15765|203673
7594|174|11432|271150
50877|5405|6939|54429|401894
58299|44592|49581|209693
28917|6939|1299|29551
28917|6939|263047|269680
13030|21320|5408|47065|61574
205206|1299|7195|28343|2716
34177|1299|6762|49666|58224|214805
47147|1299|6453|19318|209896
4601|50869|41051|201377
35266|1299|60068|216213|205884
40387|1299|6453|29208
29222|6939|61618|267320
53828|2914|174|60068|205884
49028|1299|201814|209896
6830|3491|209810|207187|202551
14315|6453|1299|3920|206777
17350|2914|12859|47065|61574
32590|6453|174|1916|47065|61574
4601|50869|34019|207910
139317|44324|32595|174|47936
28917|6939|1299|34164
64475|6939|39790
210312|4601|50869|6939|50989|33837
8220|1299|20473|47065|61574
6730|6830|3356|16735|273514
327727|174|6762|49666|58224|214805
210312|4601|50869|6939|29222|207688
58057|174|35598|52091|206810|59867
52873|12956|1299|3920|206777
20253|1299|174|37468|61568|266460|61625
32595|174|37468|61568|266460|61625
139317|44324|32595|174|394542|398765
6830|174|28283|268744|2716
58308|6939|1299|20473|47065
4601|50869|58299|48971|208200
206356|50629|37468|53062|266493|61625
28917|6939|1299|21859|63473
41327|6939|28370|268521
210312|4601|50869|41051|205563
48070|6939|2852|201648
29222|6939|7018|6431
174|7545|20473|47065|61574
34854|1299|7195|28189|266931|269250|271150
28917|6939|1299|11830
559|35598|52091|206810|39558
29075|1299|1680|20473|47065|61574
50629|9002|12555
44324|32595|174|201984
8455|1299|34927|202532
199524|174|204548|215728
199938|1299|6855|39904|47767
39351|1299|3257|20473|47065|61574
41666|20764|43298|48678|210574
35600|9002|34927|202827
58308|6939|1299|28469
210312|4601|50869|6939|15372
59689|30781|1299|6855|39904|202605
56655|1299|7195|28283|268744|2716
559|35598|52091|206810|34786|41875
64475|62255|52091|206810|196638
28917|6939|1299|396122
58308|6939|1299|34164
34854|1299|6762|267470|263047
327727|174|35598|52091|206810|197643
31742|1299|37468|270551|263047
327960|174|1299|8551|44709
20055|1299|21351|60132
38001|3491|174|37468|61568|266460|61625
28917|6939|1299|15305
206356|50629|174|60068|216213|205884
28917|6939|1299|21859|62610|213734
44324|32595|174|27951
8220|1299|6453|29208
3130|174|1299|20473|399970
40994|57463|41327|201722
5405|6939|215172|214955
215596|174|21320|5408|47065|61574
41666|44592|49581|209693
215596|174|60068|216213|205884
28917|6939|1299|17676|4725
44324|32595|174|33480
15605|35598|52091|206810|50204
12956|174|20473|47065|61574
151326|174|35598|52091|206810|202279
59689|30781|1299|3920|206777
58057|174|201814|209896
48070|6939|28917|28775
28917|6939|1299|20473|216430
35598|174|3356|8119
20205|1299|21351|60132
13030|1299|4230|2716
202032|58115|21263
48362|1299|3356|28370|264426
28917|6939|1299|20473|205810
64475|20473|30893
34927|56655|1299|60068|216213|205884
47147|3320|174|399697|39967|399697
11845|37468|1299|198949|35676
30600|174|37468|61568|266460|61625
20811|52025|212895|210320
22652|1299|37468|270551|263047
37739|3491|1299|34927|202532
20205|1299|6453|29208
31742|174|3356|28370|28657
513|174|11432|271150
4601|50869|52025|208915
5405|8772|396416
136557|174|28283|268744|2716
29680|3257|1299|20473|47065|61574
4601|50869|41051|212510
52873|12956|1299|20473|47065|61574
6830|6939|196610
7713|1299|201814|209896
36924|1299|60068|211571
204092|6939|39790
44324|32595|174|32440|40189
3356|174|210329|215728
6424|174|56630|209944
199938|1299|37468|53062|266493|61625
23367|1299|56630|209944
577|1299|6855|50698
4601|50869|41051|25538
6082|174|60068|205884
1299|174|20473|47065|61574
28917|6939|15935|197451
202365|50673|174|60068|211571
36924|1299|56630|209944
35600|30781|1299|6855|39904|199604
44324|32595|174|6424|47787
328840|327727|174|6453|19318|201813
6830|3257|21034
132337|4766|8455|8283|47065|61574
49028|1299|6939|30893|200690
34019|6939|2852|210498
8298|12859|47065|61574
205206|1299|29695|206557
4601|50869|41051|212037
28917|6939|1299|29838|62731
6830|6939|28370|263060
6424|6939|39790
398465|1299|3356|1680|44709
28917|6939|6830|23520|64126|272980
28917|6939|1299|34170|138915|140666
6894|3257|174|140227|44324|205369
49028|1299|33891|216067|44244
58308|6939|28370|269016
328840|327727|174|3356|16735|2716
58308|6939|208453
6461|1299|34927|202532
6908|174|3257|21034
13786|174|3130|47065|61574
3356|174|1916|47065|61574
1299|20473|399970
46450|1299|6762|60068|205884
174|35598|25308|28917|9049|51017
44324|32595|174|13819
210312|4601|50869|44324
196621|6939|28917|39238|49392
41666|29632|215536
57821|12586|3257|1299|198949|35676
58308|6939|1299|201706|47723
1403|577|6830|34927|202827
9900|23764|3356|174|1916|47065|61574
44324|32595|174|53667|198734
42541|3216|51032|41344|39707
559|37468|52468|271150
3216|1299|6855|39904|47767
16552|1299|20473|399970
58308|6939|1299|14616
553|9002|12555|210827
36924|1299|12859|47065|61574
35369|5405|6939|215172|214955
12969|1299|3356|28370|268198
29222|6939|202297|210951
28917|6939|1299|20473|199459
42541|7195|28343|2716
29680|3257|1299|20473|201423
199524|1299|198949|35676
45049|6696|1299|174|140227|44324|205369
28917|6939|2852|197277
29691|1299|174|210|47065|61574
44324|32595|174|54502
29222|6939|62000|208226|205563
28917|6939|1299|20473|46407
58308|6939|15935|200844
6453|1299|198949|35676
999|6453|1299|20473|47065|61574
6424|6939|58308
513|174|138997|216211|44324|205369
58308|6939|262485|272707
28917|6939|7018|400005
6830|60068|211571
45352|174|22381|267470|263047|264389
198385|174|138997|216211|44324|205369
1403|577|1299|198949|35676
57777|8298|25091|2603|21320|5408|47065|61574
7018|3356|21320|5408|50148
14537|174|5538|8194|29345
51519|39351|1299|3920|206777
553|32787|202161
3170|6939|393682
199524|47311|150249|212001
327960|174|3356|16735|273514
44324|32595|174|397903
7594|174|20723|2852|202874
3491|174|14840|269288
29691|1299|6855|39904|47767
3491|1299|3223|34224|12735
28917|6939|1299|20473|395332
553|33891|60068|211571
58308|6939|1299|43766
64475|6939|30893
5405|6939|25192
207841|6939|54429
135895|4826|1299|8551|44709
50300|3257|1299|198949|35676
58057|34549|174|3130|47065|61574
58308|6939|6830|33915|58083
199938|1299|3356|28370
12637|6939|2852|212876
1299|6939|50989|33837
34854|1299|3356|28370|269016
132847|7474|3257|1299|20473|47065|61574
8283|2914|37271|20473|47065|61574
28917|6939|1299|8657|3243|13335
6830|6939|50989|205966
199938|1299|3257|20473|47065|61574
13030|1299|6453|1031|61568|266460|61625
28917|6939|1299|1759|29422|207006
196621|9002|34927|202827
327960|174|37468|53062|266493|61625
29222|6939|28917|48084|199961
58308|6939|15935|198143
32590|174|399697|39967|399697
4601|6939|28917|20985
15605|8772|396416
28917|6939|1299|8151|272329
44324|32595|174|50131
16552|1299|174|22381|267470|263047|264389
4181|1299|20473|399970
47147|3320|1299|198949|35676
3130|174|20723|2852|202874
28917|6939|268944|271441
29691|1299|6453|4755|7768
12350|1299|6453|1031|61568|266460|61625
205206|1299|29695|206557|204503
3170|6939|60432
34927|56655|1299|37468|53062|266493|61625
6830|6939|39790
2914|174|37468|61568|266460|61625
12389|1299|60068|197103|212080
213151|41051|58299|61568|266460|61625
8529|1299|21351|60132
6424|174|140227|44324|205369
28917|6939|1299|20473|46464
29222|6939|50629|207252|215147
58308|6939|12637|202448
210312|4601|6939|28917|44812
209|3356|174|210|47065|61574
15692|2914|3257|28917|215730|209693
398465|1299|3223|41327
17350|2914|1299|35598|52091|206810
28917|6939|1299|20473|201726
39122|174|210329|215728
8283|6939|28370
3356|1299|10490|2722|12148|47065|61574
58308|6939|5405|215389
28917|6939|1299|212477
47147|1299|17676|216211|44324|205369
28917|20764|52091|206810|211692|214268
16347|1299|6453|19318|209896
9002|1299|1680|20473|47065|61574
28917|6939|1299|7545|55328
6461|174|14840|269288
44324|32595|174|132839
4775|1273|174|10490|2722|12148|47065|61574
28917|6939|263047|267425
24516|174|35598|52091
58308|6939|1299|213281
12956|1299|29695|206557
8283|20764|52091|206810|24881
58308|6939|6830|23520|264821|271982
57777|8298|25091|1299|3920|206777
34927|52025|174|60068|211571
6830|3356|1680|44709
29222|6939|54429|401894
6424|6939|2852|213152
397131|60011|3356|174|3130|47065|61574
44324|32595|174|20278
12779|6939|2852|197277
58057|34549|1299|198949|35676
47147|1299|174|21700|399914
58299|37468|60068|216213|205884
34927|56655|1299|52320|7162|13878|52468|271150
34019|3303|174|399697|39967|399697
6696|1299|10490|2722|12148|47065|61574
11845|30844|174|3130|47065|61574
38001|3491|174|60068|205884
28917|6939|1299|23520|265580
3170|20473|47065|61574
40994|6939|42695|52011
29222|6939|553|204680|202329
40994|57463|41327|200818
58308|6939|6830|23520|270200
58308|6939|5405|200209
58308|6939|207767
210312|4601|50869|6939|393682
271253|174|3257|21034
58308|6939|1299|2518|2515|131971
136557|174|3356|1680|44709
34927|52025|174|3356|1680|44709
7594|174|35598|52091|206810|202497
136557|174|35598|52091|206810|213694
56655|1299|174|210329|215728
28917|20473|47065|61574
41327|6939|54429|401894
196621|8758|8220|1299|20473|399970
58308|6939|1299|23511
8455|1299|174|60068|205884
13030|33891|216067|44244
7018|6939|28370|263535
50629|20764|202984|35598|25308|28917|9049|51017
28917|6939|6830|23520|272935|267845|274123
4601|50869|199310|207529
58308|6939|6830|23520|52253
45049|6696|1299|6855|39904
10111|1299|8551|44709
196621|6939|207995
202365|50673|174|2914|20473|47065|61574
58308|6939|5405|60169
264479|6762|1299|198949|35676
23367|1299|201814|209896
34854|1299|6855|50698
58308|6939|7018|6431
29504|15935|174|6453|4755|7768
7018|174|20473|47065|61574
56655|1299|3223|34224|12735
28917|6939|1299|20473|401209
48185|1299|6762|49666|58224|214805
971|174|204548|215728
210312|4601|50869|41051|201445
7500|2497|174|399697|39967|399697
8283|6939|30893|205563
559|1680|44709
28917|6939|1299|23520|6503|28469
11845|30844|174|140227|44324|205369
9044|33891|60068|211571
58308|6939|33891|211690
210312|4601|50869|52025|210100
44393|394256|174|1299|20473|47065|61574
51088|3257|33891|216067|44244
61049|2914|1299|20473|47065|61574
202032|8298|4601|4492
328964|37468|3257|174|3130|47065|61574
34019|6939|2852
14537|13786|174|60068|205884
266213|3356|174|20723|2852|202874
20205|1299|3257|60068|206406|210557
24785|6830|174|5538|8194|29345
29222|6939|29670|213674
3333|2603|21320|5408|47065|61574
327727|174|3356|16735|2716
28917|6939|1299|23520|264847|64150|272991
174|7311|835|394273
3170|20764|43298|48678|213865
28917|6939|1299|36236|399827
48070|6939|28917|198297|51081
28917|6939|1299|397522|44273
136557|174|35598|52091|59815|25299
28917|6939|1299|20473|215965
35008|1299|6762|49666|58224|214805
398465|1299|37468|53062|266493|61625
45049|6696|1299|174|60068|205884
210312|4601|8298|8283|2914|20473|47065|61574
29222|6939|3170
44324|32595|174|7040
8455|1299|20473|201423
6057|174|3130|47065|61574
2734|16735|266931|271615|273522|271150
48362|1299|6453|19318|201813
198249|13030|1299|198949|35676
7018|174|5538|8194|29345
196621|6939|28917|39238|49392|9098
35266|1299|20473|47065|61574
174|210329|215728
44324|32595|174|20986
553|6939|33924
53013|6762|1299|6855|39904|199604
12859|3216|1299|8402
559|35598|52091|48158
174|35598|52091|206810|48687
210312|4601|50869|214675|208790
48070|1299|6855|39904|199604
28917|6939|1299|20473|200202
62167|174|3130|47065|61574
49788|1299|60068|197103|212080
559|6939|33924
36236|2914|12859|47065|61574
30781|3356|174|3130|47065|61574
14630|2914|12859|47065|61574
49788|174|20473|47065|61574
12969|1299|20473|399970
50629|1031|266493|61625
44324|32595|174|199297
136557|174|35598|52091|206810|211692|214268|197578
5413|2603|21320|5408|47065|61574
4181|1299|34927|202532
29504|15935|174|3356|28370|268521
56655|1299|6453|29208
28917|6939|1299|23520|27884|272009
15623|6830|60068|216213|205884
12779|62255|62379
58308|6939|1299|8151|28403
4601|50869|214675
6730|6830|33891|216067|44244
29222|6939|47160|210979
28917|6939|1299|23520|269804|269893
57111|41327|215551|30893|13214|35634
60326|34927|174|216211|211575
2734|3257|1299|20473|47065|61574
40994|6939|42695
204092|6939|30893|199580
971|174|35598|52091|206810|34786
3257|174|20473|47065|61574
28917|6939|7018|2386
28917|6939|1299|20473|36744
35426|215596|174|28189|266931|271615|273522|271150
852|1299|8551|20473|47065|61574
327804|37271|174|11432|271150
20253|1299|3356|28370|264426
64475|56630|209944
58308|6939|197301
13237|1299|174|22381|267470|263047|264389
44324|32595|174|53667|199343
20514|1299|7195|28343|2716
23367|1299|37468|52468|262393
28917|6939|1299|36236
12637|6939|2852|197451
29222|6939|56595
41666|1680|20473|47065|61574
58308|6939|1299|34628|34652
513|174|21700|399914
52873|12956|1299|34927|202532
1280|1299|174|140227|44324|205369
209823|12859|47065|61574
35600|35598|52091|206810|59867
57111|174|1299|8551|44709
62167|174|2914|20473|47065|61574
44324|32595|174|17497
34288|1299|37468|270551|263047
139317|44324|32595|174|204561
28624|4230|33891|216067|44244
58308|6939|5405|212895
1140|24785|6830|174|60068|205884
4601|50869|57777
20253|1299|52320|7162|13878|52468|271150
398465|1299|6453|1031|61568|266460|61625
6424|174|60068|197103|212080
6082|174|20473|47065|61574
28917|6939|1299|20473|400503
553|1299|3356|28370|267608
58308|6939|1299|13767|13951
58308|6939|1299|201589
41327|6939|28370|28657
139317|44324|32595|174|25829
28917|6939|1299|23520|272935|267845
210312|4601|50869|52112
58308|35598|52091|206810|59815
46450|1299|6855|39904|47767
40994|57463|41327|200553|213844
37105|37468|1299|198949|35676
28917|6939|1299|20473|202540
58308|6939|1299|32787
205206|1299|7195|28189|266931|271615|273522|271150
20205|1299|198949|35676
58308|6939|6830|23520|6503|28469
24482|6424|44592|49581|209693
50629|6461|23352|20473|47065|61574
34288|174|20473|47065|61574
49544|28917|215730|209693
53828|2914|174|8551|20473|47065|61574
31122|174|1916|47065|61574
398465|174|8551|20473|47065|61574
35426|215596|1299|6453|29208
29075|174|399697|39967|399697
44324|32595|174|9146
42473|1299|3356|28370|28657
327727|174|1299|6855|50698
42473|1299|6453|60068|216213|205884
327804|37271|3257|1299|198949|35676
680|1299|6855|39904|47767
205112|50629|6461|23352|20473|47065|61574
148968|7474|3257|174|14840|269288
199524|1299|3356|1680|44709
50629|9002|8772|396416
17660|2914|174|37468|61568|266460|61625
20912|12637|8298|4601|4492
999|6453|174|20723|2852|202874
14907|5405|47065|61574
394256|174|201814|209896
2734|28283|268744|2716
4601|50869|44324|211729
50628|1299|174|20473|47065|61574
35600|30781|1299|6855|39904|202605
60326|34927|1299|17676|216211|44324|205369
35600|20473|47065|61574
513|29222|6939|263047|267961
553|62255|52091|206810|196638|42702
50629|215551|30893|205166
58299|6830|60068|211571
51184|1764|174|52468|271150
29075|1299|3356|8119
15605|35598|52091|206810|48687
20205|1299|29695|206557|204503
29222|6939|42184|215756
39122|2603|21320|5408|47065|61574
6830|6939|28917|197078
28917|6939|1299|20473|153185|153331
50877|5405|6939|2852|210498
148968|1299|3223|34224|12735
3741|174|6762|49666|58224|214805
29222|6939|28917|47438
37100|1299|20473|47065|61574
28917|6939|41073
34927|1299|17676|216211|211575
44324|32595|174|59895
48070|1299|3356|28370|263535
327983|37497|3491|174|3130|47065|61574
35426|215596|1299|3223|41327
1267|6762|174|37468|61568|266460|61625
52075|33891|216067|44244
58308|6939|7018|16576
3170|6939|28917|21453|48149
3333|1257|1299|10490|2722|12148|47065|61574
132847|1221|4637|1299|201814|209896
148968|1299|20473|399970
35600|6939|215172|214955
56655|1299|21351|60132
199524|174|7195|20473|47065|61574
5405|62255|52091|206810|34786
58308|6939|47160|207225
6453|1299|6855|39904|202605
2516|6939|1299|20473|47065|61574
205206|1299|3356|28370
6424|199434|1299|3356|263238
207841|6939|28917|48084|35816
23367|1299|6204|44592|49581|209693
29222|6939|3170|214199
44324|32595|174|6405
19151|174|7311|835|394273
20912|12637|1299|198949|35676
29222|6939|3170|215066
139317|44324|32595|174|399544
3170|174|210329|215728
28917|6939|1299|8551|12222
3214|28917|215730|209693
64475|62255|52091|48158
6830|1299|20473|201423
15935|174|35598|52091|206810|48595
8280|6762|1299|22773|8119
971|174|28189|266931|269250|271150
31510|174|140227|44324|205369
6830|6939|28917|39238|49392|9098
3399|174|37468|270551|263047
51873|6830|174|60068|216213|205884
41327|174|399697|39967|399697
44324|32595|174|9457|138199
6057|174|21320|5408|50148
136557|174|216211|44324|205369
139317|44324|32595|174|272102|271816
52025|174|204548|215728
210312|4601|20473|47065|61574
47692|3356|21320|5408|47065|61574
15605|6939|30893|13214|35634
210937|1299|17676|216211|44324|205369
29632|12859|47065|61574
32097|32787|202161
34927|1299|3356|28370|263535
28917|6939|7018|400072
559|20473|30893
262427|174|35598|52091|206810|211692|214268|196977
207841|6939|2852|199711
50877|5405|6939|16652
6730|6830|44530|41327|213013
34927|56655|1299|7545|20473|47065|61574
44324|32595|174|6621|265705
58057|1836|1299|198949|35676
210312|4601|50869|213376
6830|3356|20473|47065|61574
21412|1299|20473|201423
59414|6830|3356|1680|44709
12859|6939|28370|52593
29222|6939|28370|263060
28917|20764|52091|206810|57164
38880|8283|47065|61574
28917|6939|1299|210892
3399|174|210329|215728
57381|50304|1299|174|20473|47065|61574
31122|8455|8283|47065|61574
263237|174|30844|21351|60132
60068|174|210|47065|61574
4637|6461|174|37468|61568|266460|61625
58308|6939|6830|23520|263248
210312|4601|50869|52025|212895|206290
48070|6939|29222|41495|206202
44324|32595|174|35598|204490|206306
58308|6939|1299|42473
4601|50869|41051|212184
6730|6830|174|216211|211575
58308|6939|33891|48918|43722
39351|12859|47065|61574
28917|6939|1299|39648
41666|14840|2716
139317|44324|32595|174|52341
42541|52320|7162|13878|52468|271150
6424|6939|28917|39238|49392|9098
49028|32787|202161
12637|6939|42695
31510|174|1299|6855|39904
31742|1299|198949|35676
60068|33891|44592|49581|209693
8283|20764|43298|48678|210574
47147|1299|6855|39904|202605
41327|6939|2852|213152
32590|1299|12859|47065|61574
47692|33891|1299|201814|209896
6730|6830|174|138997|216211|44324|205369
35598|174|60068|211571
6730|6830|1299|21351|60132
58308|6939|29208|20708
8218|6461|174|22381|267470|263047|264389
397131|60011|3356|1299|22773|8119
44324|32595|174|21826|269946|272993
5405|6939|28370
34019|6939|24796|63293
559|6939|28370|269016
49788|174|140227|44324|205369
198385|174|60068|216213|205884
12859|6461|394737
3170|37468|61568|266460|61625
22652|1299|3356|28370|263963
132825|174|28283|268744|2716
12859|22356|28370
132337|1299|3356|8119
41666|13335|5408
553|6939|2852|213152
327983|37497|174|20723|2852|202874
58308|6939|1299|56655
28917|6939|1299|22773|20940
58308|6939|3170|212683
50300|3257|1299|20473|47065|61574
6424|33891|216067|44244
58308|6939|29208|211731
47147|1299|6939|393682
5405|6939|2852|201648
196621|6939|30893|9423
1267|1299|56504|47674
42541|1299|3223|41327
12779|4601|4492
15605|35598|52091
7018|6453|19318|201813
16347|1299|3257|210329|215728
53828|3257|1299|20473|47065|61574
64475|6939|2852|200874
39122|1299|3356|16735|273514
20912|12637|8772|396416
553|174|216211|211575
209|3356|1299|6855|39904|47767
23367|1299|174|60068|205884
4601|50869|41051|215777
8220|1299|174|210329|215728
28917|6939|1299|58321|43758
29222|6939|28917|50045
40994|6939|28370|270962
3216|1299|174|204548|215728
28917|6939|1299|7195|266409|61768|274675
58299|62255|52091|206810|57982
28917|6939|1299|20473|201353
34927|56655|1299|6453|19318|201813
29504|15935|174|37468|53062|266493|61625
5413|1299|35598|25308|28917|204076
57111|174|56630|209944
8283|34927|202532
139317|44324|32595|174|21826|273155
42473|1299|6762|49666|58224|214805
22652|1299|6453|60068|216213|205884
48070|39326|1299|4213|64260
12859|1828|12179|393398|3356|1299|23033|27323
513|29222|6939|61618|268364
207841|6939|28917
34927|52025|174|37468|270551|263047
58308|6939|5405|207137|209854
6830|6939|2852|48091
553|6939|24796
8220|3491|1299|198949|35676
44324|32595|174|205148
28917|6939|1299|20940
28917|6939|7018|398222
7713|1299|6762|267470|263047
206356|50629|34927|202532
28917|6939|28370|267608
15935|174|3356|3223|41327
6461|1299|60068|211571
139317|44324|32595|174|27988|272879
25091|3356|174|399697|39967|399697
559|35598|52091|206810|196767
28917|6939|1299|23520|27665|28067
9044|1299|8551|44709
58308|6939|1299|55410
28917|6939|1299|208905|212644
64475|37271|20473|47065|61574
4777|2497|1299|198949|35676
553|1299|56630|209944
64475|29632|215536
35600|35598|52091|206810|211101
49788|2603|21320|5408|47065|61574
58308|6939|1299|15113
52925|3356|1299|6855|39904
58308|6939|6830|23520|263238|274004
41722|20485|1299|6855|39904
58308|6939|1299|61327
3333|1257|174|210329|215728
8283|8298|4601|4492
29222|6939|47160|213095
57695|917|60068|174|20723|2852|202874
40994|6939|24796|63293
28917|6939|1299|6855|214396
7922|1299|198949|35676
58308|6939|2852|199711
852|174|60068|216213|205884
852|174|37468|61568|266460|61625
136557|174|12956|212721
50629|1299|6855|39904|205968
6424|37468|52468|271150
28917|6939|1299|23520|52286|264764|273041
34927|60011|3356|1299|20473|47065|61574
58308|6939|6830|23520|64126|272980
4601|50869|210632
58308|6939|33891|202092
1103|6830|174|11432|271150
28917|6939|1299|3301|8464
210312|4601|50869|41051|201377
33891|7195|20473|47065|61574
35280|1299|35598|52091|206810
44324|32595|174|395506
28917|6939|268624|61823
263237|174|2914|20473|201423
58308|6939|1299|46261|49548
28917|6939|7018|401763
6730|6830|1299|6855|39904|47767
8298|8283|3491|209810|207187|202551
50629|1299|198949|35676
16552|6453|174|28189|266931|269250|271150
40994|1299|20473|47065|61574
917|60068|174|3356|8772|215536
20253|1299|8551|20473|47065|61574
29140|286|1299|3920|206777
204092|6939|29222|204957
28917|6939|1299|13335|395747
29632|9002|21320|5408|47065|61574
4601|50869|41051|212470
57695|917|60068|28917|215730|209693
44393|394256|174|7545|20473|47065|61574
28917|6939|61618
28917|6939|1299|20115|23222|21529
29222|6939|30893|199580
58308|59689|30781|1299|6855|39904|47767
6424|53062|266493|61625
4764|174|22381|267470|263047
51088|8455|1299|8551|20473|47065|61574
42541|44592|49581|209693
5405|6939|30893|13214
28917|6939|1299|23520|262191|270088
6908|174|14840|2716
29222|6939|8283|57984
210312|4601|50869|58299|34924
6461|174|60068|205884
2734|142111|152672|174|3257|63023
917|60068|33891|17676|216211|44324|205369
58308|59689|29075|174|204548|215728
4775|6453|1299|201814|209896
7594|174|37468|53062|266493|61625
44324|32595|174|46642
28917|6939|1299|3249|207568
6830|3356|3223|34224|12735
3491|1299|6855|39904
917|60068|33891|44592|49581|209693
210312|4601|50869|52025|208755
29222|6939|64475
41722|12389|1299|174|37468|61568|266460|61625
34927|60011|3356|1299|22773|8119
28917|6939|1299|398044
16552|1299|35598|52091|206810
35598|174|22381|267470|263047|264389
6730|6830|3356|16735|2716
207841|6939|215172|214955
35600|35598|52091|59815
28917|6939|1299|62874
202365|50673|174|20723|2852|202874
58308|6939|3170|399275
41327|6939|215172|214955
8455|1299|6453|4755|7768
46450|1299|174|210329|215728
58308|6939|1299|199753
58308|6939|6830|23520|46650|13335
58308|6939|1299|5617|200750
58308|6939|1299|209255
6424|6939|28917|21453|35271
29504|15935|6461|210|47065|61574
25091|33891|216067|44244
44324|32595|174|399646|54591
1299|174|140227|44324|205369
49788|1299|12859|47065|61574
6830|6939|2852|201648
174|3356|28370
44324|32595|174|63089
196621|6939|28917|12668|197404
57111|41327|174|22381|267470|263047|264389
22652|174|37468|61568|266460|61625
28917|6939|1299|23520|52471
210312|4601|50869|6939|2852|212876
39122|1299|3356|28370|263963
139317|44324|32595|174|41564
58308|6939|28370|28657
45352|1299|60068|211571
31742|1299|8551|20473|47065|61574
917|60068|33891|216067|44244
216285|8280|6762|174|210329|215728
1031|999|6453|174|22381|267470|263047|264389
3214|1299|2914|226|47065|61574
17350|3356|1299|3920|206777
60068|174|3356|28370|28657
16347|1299|3257|204548|215728
4601|6939|28917|50045
28917|6939|1299|23520|270111
28917|6939|1299|20115|22677|397019
8280|6762|174|399697|39967|399697
559|35598|52091|206810|12773|57005
5713|3491|174|37468|61568|266460|61625
28917|6939|1299|20473|153057
42473|1299|6855|39904|47767
28917|6939|1299|20712
9268|4764|1299|6204|44592|49581|209693
210312|4601|50869|41051|209527
34927|174|37468|61568|266460|61625
44324|32595|174|20473|47065|61574
44324|32595|174|397026
202032|137409|48011|25184|49801|204533
58308|6939|48678|207582
28624|61568|174|10490|2722|12148|47065|61574
49432|48362|1299|5511|60068|206406|210557
44324|32595|174|1299|25091|8298|4601
12552|12859|47065|61574
4601|50869|58299|216441
34019|47160|174|52468|271150
6730|6830|1299|20473|399970
327727|174|12389|49666|205647|49801|204533
59891|13030|33891|216067|44244
25220|33891|19318|201813
3216|1299|3223|34224|12735
207841|37468|53062|266493|61625
58308|6939|1299|270179
513|25091|8283|47065|61574
136557|174|35598|52091|206810|214721
8529|33891|216067|44244
28917|6939|1299|60068|197103|203748
50673|174|3356|8119
12779|62255|52091|206810
61568|6762|1299|6855|39904|202605
4601|50869|52025|208755
327960|174|35598|52091|206810|196638
6830|174|28189|266931|269250|271150
6424|6939|2852|202874
58308|6939|1299|8375|214019
28917|6939|1299|132168
559|35598|52091|206810|48687
52873|12956|174|3130|47065|61574
58308|35598|52091|48158
9044|1299|3356|8119
3320|1299|37468|53062|266493|61625
14537|13786|174|35598|25308|28917|204076
30600|1299|35598|52091|206810
29222|6939|31263
4601|50869|6939|28370|263060
28917|6939|1299|20473|137908
3356|174|399697|39967|399697
48070|6939|2852|61110
44324|32595|174|53667
29222|6939|25400
58308|6939|1299|198218
205112|50629|20473|47065|61574
3257|174|60068|216213|205884
328206|37739|3491|1299|3920|206777
199938|1299|201814|209896
50673|174|1299|20473|399970
4775|6453|174|21320|5408|50148
34854|1299|6762|16735|273514
132825|174|35598|52091|206810|214210
58308|6939|1299|3301|50273
29504|15935|174|35598|52091|206810|59867
2497|1299|34927|202532
58308|59689|30781|5511|174|37468|61568|266460|61625
49544|2914|174|3130|47065|61574
29691|13030|12859|47065|61574
34854|1299|7545|20473|47065|61574
28917|6939|1299|60068|200325
210312|4601|50869|6939|42695
41051|58299|56630|209944
58308|6939|2852|198500
59414|13030|1299|20473|47065|61574
328840|327727|174|35598|52091|206810|214721
61218|29632|9002|3356|174|3130|47065|61574
7018|6939|2852|202874
56987|174|52468|262393
1140|12859|47065|61574
44324|32595|174|32244|201682
12637|1299|22773|8119
44324|32595|174|136493
3214|6830|3356|28370|28657
28917|6939|1299|30517|46293
44324|32595|174|16637|36974
196621|6939|25192|20701
29222|6939|9136|206236
50673|12859|47065|61574
25220|3356|174|3130|47065|61574
3170|6939|28917|198297|51081
49432|48362|1299|7545|20473|47065|61574
852|33891|216067|44244
199524|1299|6855|39904|202605
41666|1680|44709
64475|3320|3491|5408|47065|61574
8283|6939|30893|9423
328840|327727|174|12956|212721
204092|6939|29222|41495|206202
262427|174|35598|52091|206810|197643
7018|6939|30893|200690
1299|6939|196610|48927
58308|6939|29208|206785
5405|6939|28370|267608
58308|6939|6830|23520|6639
3356|21320|5408|47065|61574
4601|50869|215172
6830|6939|2852|200874
40994|6939|29222|204957
12779|8772|215536
553|62255|52091|206810|196767
28917|6939|1299|60068|197103|209843
28917|6939|28370|269016
28917|6939|1299|54994
196621|6939|2852|212876
49432|48362|1299|3356|28370|264426
31510|174|12956|212721
32590|174|32595|44324
199524|37100|1299|8551|44709
204092|6939|54429|401894
42541|1299|20473|399970
29222|6939|6424|208277
32590|6453|174|399697|39967|399697
4601|50869|52025|205514
20205|1299|60068|211571
8529|1299|12859|47065|61574
35600|35598|52091|206810|196767
60068|1299|20473|47065|61574
55222|174|3356|8119
202365|50673|174|60068|205884
42473|1299|33891|216067|44244
28917|6939|3170|965
28917|6939|1299|198949|209830
2914|174|35598|52091|206810
14907|1299|174|210329|215728
207841|6939|28917|39238|49392|9098
39122|1299|3356|28370|269016
15547|174|3356|8119
8283|2914|20473|47065|61574
5511|174|399697|39967|399697
32590|33891|44592|49581|209693
40994|174|52468|262393
44324|32595|174|262901|273630
58308|6939|42184|210035
9268|4764|1299|34927|202827
58308|6939|6830|60068|62651
28917|6939|33924
34800|58057|50673|174|3257|20473|47065|61574
28917|6939|1299|41231
14537|3356|1299|8551|44709
20205|1299|16276|203019
6830|3491|209810|207187
198249|9498|20473|47065|61574
174|2914|226|47065|61574
13237|33891|60068|211571
28917|6939|1299|20473|27345|23077
24482|33891|60068|211571
60326|28917|215730|209693
12779|35598|52091|206810|5598
58308|6939|1299|3301|207538
205206|1299|3356|28370|267556
28917|6461|23352|20473|47065|61574
44324|32595|174|41427|209847|26383
139317|44324|32595|174|33059
58308|6939|6830|23520|54082|263725|274085
28917|8359|57304|15935|204860|201931
23367|1299|29695|206557
3257|1299|20473|399970
58308|6939|1299|213929
3741|174|1299|6855|50698
3303|174|3130|47065|61574
35280|6453|174|399697|39967|399697
34549|174|1916|47065|61574
553|6939|59689
398465|1299|3356|28370|263963
35600|6939|24796|63293
51873|6830|60068|211571
6424|1299|20473|47065|61574
48070|6939|28370|268198
2734|58453|30990|174|37662|36958
48070|37468|52468|271150
2497|174|11432|271150|272738
28917|6939|1299|10158
327727|174|1299|22773|8119
7018|6939|30893|204789
7018|6461|9498|20473|47065|61574
4601|50869|199310|202335
29222|6939|42184|196731
20205|174|14840|269288
6057|6461|1299|198949|35676
48919|174|20473|47065|61574
29222|6939|7018|400005
139317|44324|32595|174|37468|61568|266460|61625
28917|6939|1299|10396
58308|6939|1299|20473|212996
328964|37468|174|399697|39967|399697
209650|34927|1299|3356|28370|267608
3170|6939|59970
29504|15935|174|12956|212721
12307|29691|1299|6855|39904
30600|174|3130|47065|61574
15605|35598|52091|206810|5598
49788|174|3130|47065|61574
58308|6939|1299|27947|13335
209|3356|174|32595|44324
58308|6939|1299|33932
19151|174|6453|19318|209896
1299|3491|216211|211575
28917|6939|8194|206362
8220|1299|16164|36032
35600|6939|28917|6789|200702
34019|28283|268744|2716
28917|6939|1299|23520|264847|64150|20940
6830|6939|28917|48084|199961
28917|6939|59970
2734|16735|273514
28917|6939|1299|20473|53966
263152|174|3491|20473|47065|61574
58308|6939|21430|203376
3130|174|28283|268744|2716
210312|4601|50869|6939|30893|200690
210312|4601|50869|41051|215562
6730|6830|13335|400095
34177|1299|3356|8119
44324|32595|174|43160|201121
6696|1299|174|20473|47065|61574
2500|2914|174|204548|215728
327727|174|1299|20473|399970
28917|37468|270551|263047
58308|6939|559
6424|7195|11432|271150|272738
204092|6939|28370|267556
29222|6939|25400|198309
58308|6939|35489
262427|174|35598|52091|206810|210063
12389|174|60068|216213|205884
31122|6453|1299|20473|47065|61574
59890|60068|33891|12859|47065|61574
41327|1680|44709
44324|32595|174|37649
44324|32595|174|397496
12859|3223|34224|12735
44324|32595|174|55644
1299|198949|35676
42541|1299|6855|39904
24482|2914|1299|3920|206777
37497|3491|5408|47065|61574
35369|5405|47065|61574
8758|3303|174|52468|271150
8283|6939|54429|401894
3333|6830|60068|216213|205884
16552|1299|3356|28370|269016
28624|61568|174|3130|47065|61574
12779|6939|200303
37721|33891|216067|44244
13237|1299|3356|28370|263535|268030
204092|6939|28917|21453|48149
58308|6939|50629|207252|214999
204092|34019|4601|4492
50673|33891|34927|202532
6424|6939|29222|41495|206202
19653|30600|1299|8551|44709
136557|174|6762|16735|273514
559|6939|42695|43101
58308|6939|6830|23520|11139|14694
40994|6939|28370|267608
12779|3257|1299|6855|39904|47767
35008|1299|7545|20473|47065|61574
199524|37100|1299|6855|39904
136557|174|37468|61568|266460|61625
58057|174|3130|47065|61574
28917|6939|1299|6855|13036
15605|35598|52091|206810|12773|57005
3356|1299|34927|202532
199524|1299|6762|267470|263047
28917|6939|1299|20473|151361
4608|7575|6461|174|37468|61568|266460|61625
20514|1299|56630|209944
58308|6939|48070|204208|47272|215574
29169|1299|8551|44709
1299|6939|30893|13214|35634
37271|28917|215730|209693
262427|174|6461|394737
174|216211|211575
207841|6939|50989
215596|1299|20473|201423
207841|13335|5408
7474|7473|1299|3920|206777
174|60068|197103|212080
35008|1299|6453|29208
44324|7720|10111|1299|8551|20473|47065|61574
24516|3491|1299|198949|35676
58308|6939|6830|23520|265561|270173
57381|50304|1299|174|210329|215728
34927|56655|1299|2914|226|47065|61574
210312|4601|50869|6939|2852|204772
198249|13030|1299|174|60068|205884
132825|2914|1299|6855|39904|199604
4601|50869|6939|2852|212876
34177|1299|3356|28370|263535|268030
50629|44592|49581|209693
51873|6830|174|216211|211575
48919|174|60068|216213|205884
174|7195|20473|47065|61574
14537|13786|174|20473|47065|61574
58308|6939|33891|47147|197540
44324|32595|174|3714|1657
3333|1273|174|37468|61568|266460|61625
44324|32595|174|16276|64476
35369|1764|174|5538|8194|29345
15623|1299|8551|44709
39122|1299|10490|2722|12148|47065|61574
28917|6939|1299|30148
57777|8298|8283|3491|209810|207187|207198
40994|6939|28917|198297
139317|44324|32595|174|60497
7713|174|56630|209944
210312|4601|50869|58299
139317|44324|32595|174|54706
1031|999|6453|1299|198949|35676
41327|6939|2852|212876
202365|50673|174|1299|3920|206777
28917|6939|6830|33915|208240
1299|6939|28370|264426
58308|6939|268624|262594|269603
4764|1299|6855|39904
6830|3257|8551|44709
37468|174|11432|271150|272738
37662|174|3356|16735|273514
58308|6939|6830|23520|272935|267705
394256|174|1916|47065|61574
58057|50673|174|204548|215728
1299|29695|206557
40994|6939|50989|33837
139317|44324|32595|174|21826|273843
50304|1299|6453|19318|201813
209650|34927|1299|3356|28370|268521
39122|1299|3356|16735|2716
6424|174|35598|52091|59815|25299
44324|32595|174|22381|270442
47147|1299|12859|47065|61574
398465|3320|1299|20473|47065|61574
210312|4601|6939|28917|197078
6424|272713|263390|269273
4601|50869|52025|214323
3356|174|204548|215728
6424|6939|28917|21453
3491|174|210|47065|61574
132825|174|35598|52091|206810|5598
41666|49581|209693
3130|174|11432|271150|272738
1299|42303|51701|30893
8283|6939|2852|201648
49788|1299|56630|209944
398465|1299|37468|270551|263047
6830|6939|25192|29067
45352|1299|3223|34224|12735
48070|6939|30893|13214
58308|6939|1299|52468|272075
63927|1299|60068|197103|212080
40994|6939|50989|50683
917|60068|174|20723|2852|202874
35369|1764|174|60068|205884
47147|3320|1299|12859|47065|61574
44324|32595|174|53667|212237
30844|174|20473|47065|61574
34019|7195|20473|47065|61574
48070|6939|29222|204957
28917|6939|1299|23520|273221
328964|3491|2914|12859|47065|61574
58308|6939|6830|23520|64126|265695|63293
553|1299|60068|197103|212080
139317|44324|32595|174|53667|215832
2734|9002|34927|202827
2497|174|3130|47065|61574
6461|1299|35598|52091|206810
4601|8298|25091|6453|174|20473|47065|61574
58057|174|5459|200070
44324|32595|174|198725
50628|1299|12859|47065|61574
139317|44324|32595|174|398734
4777|2516|1299|201814|209896
210312|4601|6939|28917|6789|203561
28917|6939|1299|23520|263238|273195
6424|174|7311|835|394273
14907|1299|201814|209896
5413|1299|201814|209896
39392|174|20473|47065|61574
852|174|11432|271150
6461|174|22381|267470|263047|264389
139317|44324|32595|174|25710
28917|6939|1299|20473|140938
25091|1299|3920|206777
559|35598|52091|206810|211692|31069
4601|9498|20473|47065|61574
12637|6939|29222|41495
28917|6939|1299|23520|272935|267705
8455|1299|174|140227|44324|205369
1103|3257|174|20473|47065|61574
28917|6939|1299|20473|212270
7473|1299|198949|35676
263237|174|21320|5408|47065|61574
29691|1299|6855|39904
38136|50131|36236|174|140227|44324|205369
58308|6939|50629|207252|215093
38880|174|201814|209896
559|35598|52091|206810|210063
4826|1299|201814|209896
29222|6939|12735|15830|137922
7594|3356|2914|12859|47065|61574
151326|174|3356|16735|273514
50877|5405|6939|2852|197277
36236|174|37468|61568|266460|61625
58308|6939|1299|8240
215596|174|11432|271150|272738
12859|35598|52091|206810|12773|44884
22652|33891|216067|44244
17350|6453|174|210|47065|61574
57381|50304|1299|3356|16735|273514
28917|6939|1299|5617|214666
12859|1299|174|60068|205884
58308|6939|33891|201011
16552|37271|174|11432|271150
48070|1299|6855|39904|47767
28917|6939|6424|203020
29222|6939|15935|200844
48070|6939|28370|269016
6424|6939|393682
44324|32595|174|39063|29108
15935|174|3356|1680|44709
6082|174|21700|399914
52925|3356|1299|20473|47065|61574
139317|44324|32595|174|53667|152697
3130|174|3257|60068|206406|210557
41327|7311|835|394273
3257|1299|8551|20473|47065|61574
44324|32595|174|49532
32590|1299|3356|28370
6696|1299|3920|206777
4181|1299|12956|212721
64475|44592|49581|209693
12859|35598|52091|206810|57982
513|29222|6939|15935
3170|25091|8298|4601|4492
14537|13786|174|5538|8194|29345
132337|1299|3223|34224|12735
61049|174|140227|44324|205369
28917|6939|1299|20473|39792
8283|6939|29222|513|20940
139317|44324|32595|174|267784
29222|6939|16652
58308|6939|7018|6621|265591
28917|6939|1299|30404
210312|4601|50869|6939|25192|20701
559|35598|52091|206810|59815|25299
209650|34927|1299|3356|28370|263060
271253|6453|174|3130|47065|61574
917|60068|174|216211|44324|205369
58057|34549|1299|201814|209896
328206|37739|3491|1299|6855|50698
35600|6939|28370|28657
28917|6939|1299|3301|212632
6453|174|11432|271150
4230|174|20723|2852|202874
8283|20764|52091|206810|57982
6667|33891|216067|44244
42473|1299|60068|216213|205884
151326|174|14840|2716
49544|3356|174|210329|215728
49028|1299|3356|8119
58308|6939|1299|48448
28917|6939|1299|36086
49432|48362|1299|6762|16735|273514
4181|1299|198949|35676
7018|3356|20473|47065|61574
207841|6939|2852|204772
28917|6939|28370
513|29222|6939|9120
204092|6939|50989|205966
28917|6939|1299|44949
37468|174|204548|215728
1403|577|1299|20473|201423
8280|174|1299|8551|44709
40994|32787|202161
44324|32595|174|22439
16552|1299|42303|51701|30893
139317|44324|32595|174|27951
51185|33891|216067|44244
206356|50629|1299|8551|44709
1299|174|14840|269288
35600|35598|52091|206810|59815
140627|2914|174|204548|215728
41722|12389|174|2914|20473|47065|61574
34019|29169|174|20473|47065|61574
52320|174|60068|205884
42541|62255|52091|206810|12773|47809|50780
28917|6939|1299|394611
25091|5511|174|5538|8194|29345
32653|3741|174|22381|267470|263047|264389
9044|1299|60068|216213|205884
1764|5405|266493|61625
3491|174|11432|271150
28634|4230|33891|216067|44244
50877|5405|6939|30893
577|1299|12859|47065|61574
51873|6830|3356|53062|266493|61625
215596|1299|6453|29208
48362|1299|3356|28370|267608
40994|57463|41327|202152
196621|15576|174|60068|205884
2734|32098|28509|174|398465|399296
39120|174|204548|215728
212483|33891|216067|44244
50673|174|1299|198949|35676
3257|1299|20473|201423
23764|8455|8283|47065|61574
209650|34927|1299|3356|28370|269016
198385|174|3257|60068|206406|210557
174|3257|9498|20473|47065|61574
29222|6939|3170|205739
293|3356|1299|34927|202532
35600|6939|28917|47759
917|60068|33891|7195|20473|47065|61574
34927|1299|35598|52091|206810
210312|4601|50869|41051|207076
50304|1299|174|60068|205884
206356|50629|215551|30893|13214|35634
6424|6939|29222|513|20940
39351|6830|60068|216213|205884
28917|6939|1299|23520|11556
28917|6939|1299|20473|212996
24516|174|35598|52091|206810|24881
45049|6696|1299|7545|20473|47065|61574
34927|174|204548|215728
2914|1299|25091|8298|4601|4492
15935|174|5511|49666|58224|214805
2497|174|204548|215728
15605|59692|12555
7018|6939|28370|263060
5713|174|140227|44324|205369
2907|20965|5408|47065|61574
12637|6939|59689
8426|3257|174|20473|47065|61574
210312|4601|9002|12555
151326|174|35598|52091|59815|25299
6424|212175|174|212175
58308|6939|31263|206207
52075|2914|1299|20473|47065|61574
49544|3356|1299|8551|44709
199938|1299|3356|28370|263060
210312|4601|50869|213768|204768
3170|7195|28189|266931|271615|273522|271150
41327|37468|60068|216213|205884
44324|32595|174|3257|835|52025|214223
58299|13030|1299|20473|47065|61574
45049|6696|1299|8943|200636
5511|174|3130|47065|61574
210312|4601|50869|213423
35600|35598|52091|206810|12773|44710
51184|1764|174|3130|47065|61574
44324|32595|174|41564
50629|6939|42695|52011
24785|1299|20473|47065|61574
58299|174|216211|211575
15935|174|3356|28370|268521
35598|33891|216067|44244
3170|61049|34927|202827
1403|577|33891|216067|44244
31742|1299|3216|51032|41344|39707
2734|137409|63473|200790
28917|6939|1299|60068|197103|400903
39351|1299|12956|212721
3491|174|60068|205884
9002|3356|174|5538|8194|29345
41327|3223|34224|12735
48919|174|3130|47065|61574
20205|1299|29695|206557|205190
29222|6939|7018|2386|11873
35280|6453|174|140227|44324|205369
210312|4601|50869|41051|211509
327960|174|3491|20473|399970
58308|6939|8194|12509
28917|6939|1299|1759|51164|210167
48070|6939|28917|204623
13830|971|174|35598|52091|206810|24881
196621|6939|39790
8220|1299|60068|197103|212080
196621|8758|15576|174|52468|271150
58308|6939|33891|60068|212238
139317|44324|32595|174|2860|215446
210312|4601|50869|34019|35600|56648
29222|6939|553|212522|20940
139317|44324|32595|174|61407
196621|6939|28917|12668
44324|32595|174|20546
37105|36994|3356|21320|5408|47065|61574
58308|6939|25192
39351|1299|8551|44709
28917|6939|1299|44788
19151|174|5511|49666|58224|214805
50304|1299|3356|28370|263963
6424|6939|29222|513|12654
199938|1299|3920|206777
29222|6939|47160|213873
29504|15935|174|204548|215728
42541|33891|216067|44244
28917|6939|50989|205966
327727|174|5511|60068|206406|210557
28917|6939|1299|20473|132479|152930
28917|6939|1299|12189|400672
196621|9002|8772|215536
140627|1299|201814|209896
58308|6939|215085|202585
207841|6939|28917|25386
40994|57463|41327|200887
49028|1299|3356|28370|53079
513|29222|6939|268944|271441
29222|6939|6424
40994|6939|28917|28775
58308|6939|1299|209635
1140|24785|6830|174|20473|47065|61574
12859|47311|150249|153176
28917|6939|1299|7632|150923
17660|2914|1299|10490|2722|12148|47065|61574
8283|50509|51032|41344|39707
6461|174|20473|47065|61574
30781|1299|6855|39904|47767
140627|1299|6855|39904
9900|23764|3356|1299|12859|47065|61574
29222|6939|28917|12668
2734|20473|30893
57695|917|60068|174|3130|47065|61574
327727|174|5459|200070
8283|6939|2852|202874
56655|1299|17676|216211|44324|205369
29222|6939|29208|34222
7018|6453|19318|209896
35426|215596|1299|3356|28370|268521
8283|6939|28370|52593
6830|1299|3216|51032|41344|39707
23367|1299|6762|16735|273514
34288|174|204548|215728
8529|1299|3257|204548|215728
34288|1299|20473|47065|61574
5713|12859|47065|61574
7594|174|35598|52091|206810|211692|214268|197578
58308|29075|2603|21320|5408|47065|61574
7474|3257|1299|20473|47065|61574
64475|6939|30893|204789
917|60068|174|11432|271150
59890|3356|21320|5408|47065|61574
50673|174|3130|47065|61574
35280|1299|6855|39904|47767
139317|44324|32595|174|20473|47065|61574
971|174|35598|52091
52925|3356|1299|6855|39904|199604
15576|174|52468|262393
39351|1299|3356|28370|268521
6894|174|3130|47065|61574
6939|1299|201814|209896
204092|1680|44709
58308|6939|28370|268521
56655|1299|6453|4755|7768
553|6939|29222|41495
4601|50869|6939|2852|198500
39122|1299|7545|20473|47065|61574
29222|6939|62000|198831
34854|1299|4637|20473|47065|61574
139317|44324|32595|174|216471
45049|6696|1299|9002|8772|396416
58299|13335|5408
29691|1299|34927|202827
35280|6453|1299|34927|202532
20932|12859|47065|61574
35369|5405|6939|28370|267608
29222|6939|553|204680
15605|35598|52091|206810|8274
41722|12389|174|210|47065|61574
59891|13030|1299|20473|47065|61574
17639|174|14840|269288
2497|1299|8551|20473|47065|61574
3549|3356|1299|201814|209896
44324|32595|174|209532
210312|4601|50869|41051|215980
327727|174|35598|25308|28917|9049|51017
58308|6939|33891|8741
16347|1299|6453|4755|7768
58308|6939|1299|27947|272890
36924|6762|174|37468|61568|266460|61625
34927|52025|174|6453|4755|7768
28917|6939|1299|42313|204816
199524|174|3257|19318|201813
328840|327727|174|35598|52091|206810|39558
3356|174|210|47065|61574
2734|264409|61832|266460|61625
6830|2914|226|47065|61574
32590|37100|174|140227|44324|205369
7500|2497|174|35598|52091|206810
24516|174|35598|52091|48158
34019|29169|174|60068|205884
12956|1299|6855|39904|199604
210312|4601|50869|41051|215153
553|62255|62379
196621|6939|30893|200690
29680|174|60068|205884
20612|9044|1299|174|37468|61568|266460|61625
40994|6939|28917|48084|35816
215596|174|52468|262393
17350|6453|1299|60068|216213|205884
50673|174|11432|271150
35600|6939|28917|28775
29222|58115|21263
34288|1299|20473|201423
35369|5405|61568|266460|61625
29222|6939|56595|43442
48919|35320|1299|20473|47065|61574
50304|1299|6762|267470|263047
40994|6939|58308
15935|33891|216067|44244
3170|6939|25192|26710
12859|35598|52091|206810|213694
3130|174|13335|5408
51088|2914|174|399697|39967|399697
47692|3356|174|216211|211575
271253|3356|1299|6855|39904|202605
44324|32595|174|53667|213891
4601|8298|25091|1299|20473|47065|61574
50673|174|3356|28370|268521
28917|6939|1299|60068|26383
7018|1299|56630|209944
136557|174|6453|29208
50304|1299|56630|209944
24785|6830|174|11432|271150
139317|44324|32595|174|15235
28917|6939|7018|4473
6908|1299|20473|47065|61574
58057|50673|174|28189|266931|271615|273522|271150
49028|1299|174|37468|61568|266460|61625
23673|3491|174|28189|266931|269250|271150
6423|20055|1299|16164|36032
136557|174|10490|2722|12148|47065|61574
28917|6939|7018|397799
209|3356|2914|12859|47065|61574
204092|6939|28917|43714
50877|5405|6939|42695|43101
8283|6939|59970
196621|6939|15372
34927|56655|1299|3223|41327
29222|6939|209097
971|174|1299|8551|44709
12969|1299|6855|39904|205968
328840|327727|174|35598|52091|206810|208435
1764|174|3130|47065|61574
513|174|2914|20473|47065|61574
35426|215596|1299|6461|394737
206356|50629|5511|174|20473|47065|61574
50673|174|1299|3920|206777
577|1299|198949|35676
58308|6939|1299|54994
6057|174|60068|205884
35600|35625|5511|174|37468|61568|266460|61625
48070|6939|28917|8491
23367|1299|20473|201423
58057|50673|174|1299|20473|47065|61574
132337|1299|20473|201423
216285|8280|6762|174|216211|211575
20253|1299|17676|216211|211575
28917|6939|1299|20473|25048
151326|174|35598|52091|206810|211692|214268|197578
23367|1299|174|1916|47065|61574
151326|174|35598|52091|44660
12956|1299|17676|216211|44324|205369
52025|1299|6855|39904
12637|6939|28370|270962
136557|174|3257|19318|209896
9002|1299|3223|34224|12735
140627|1299|6855|39904|47767
58308|6939|12735|8517
6424|6939|2852|198500
29222|6939|8194|206600
210312|4601|50869|34019|25057
28917|6939|1299|131429|396986
28917|6939|1299|14016|402062
28917|6939|1299|19332|270226
39122|1299|3491|20473|47065|61574
513|29222|6939|263047|268105
205206|1299|6855|39904
12779|6939|2852|199711
28917|6939|6830|5089
19151|174|50509|51032|41344|39707
5413|1299|60068|211571
29222|6939|9120
58308|6939|1299|210937|62599
139317|44324|32595|174|53667|142597
12779|6939|28370
6424|6939|28917|48610|57712
29504|15935|6461|394737
58308|6939|1299|393417
44393|58057|50673|174|399697|39967|399697
35280|6453|174|11432|271150|272738
28917|6939|1299|23520|27884|273054
28917|6939|1299|212765|211309
29222|6939|41073
28917|6939|25400|50270
559|35598|52091|206810|50204
58308|6939|1299|20712
48185|1299|6855|39904|47767
4601|50869|6939|29222|204957
49028|1299|4230|2716
29222|6939|39791|49101|49244
35008|1299|37468|270551|263047
398465|1299|6855|39904|199604
58057|174|35598|25308|28917|204076
28917|6939|6830|23520|272401
40994|57463|41327|213013
29222|6939|28917|39238
1299|3356|28370|267608
28917|6939|1299|61273
58308|6939|28917|50045
58308|6939|54429|401894
6908|174|10490|2722|12148|47065|61574
196621|6939|16652
327960|174|60068|211571
210937|1299|13335|400095
44324|32595|174|20459
196621|58115|21263|205844
8220|1299|3356|8772|215536
58308|6939|1299|60068|200325
8220|3491|174|204548|215728
13237|33891|44592|49581|209693
204092|6939|15372
14315|6453|1299|201814|209896
28917|6939|1299|34170|138915
44324|32595|174|55003
24516|3491|5408|47065|61574
34019|6939|28370|268521
2734|59692|12555
28917|6939|1299|23520|52286|264764
35600|6939|30893|13214
58511|1299|8551|44709
44324|32595|174|206310
12350|1299|8551|44709
55222|174|37468|61568|266460|61625
47147|3320|1299|37468|53062|266493|61625
28917|6939|1299|12392
58308|6939|6830|23520|64126|273198
58057|174|21320|5408|50148
9268|4764|1299|33891|216067|44244
33891|16164|36032
6424|6939|30893|13214|35634
28917|20764|52091
28917|6939|1299|208905|13448
34019|6939|28370|52593
28917|6939|1299|60068|197103|264846
21232|15576|56630|209944
28917|6939|50698
11039|6461|174|37468|61568|266460|61625
327960|174|35598|52091|206810|214721
58308|6939|1299|39208
8220|1299|3356|28370|267556
28917|6939|1299|19750
2027|47160|6939|28370|269016
58057|50673|12859|47065|61574
199524|1299|917|214598
139317|44324|32595|174|36352|136258
44324|32595|174|204561
20485|1299|20473|399970
48362|1299|12956|212721
58308|6939|47674
29222|1299|20473|47065|61574
39122|1299|3356|28370|267556
209|3356|174|140227|44324|205369
12969|1299|12956|212721
50629|6939|28370|263060
210312|4601|50869|210632
52873|12956|6830|60068|216213|205884
3491|174|56630|209944
58308|6939|1299|21277|13335
8220|1299|29695|206557|208835
7594|174|35598|25308|28917|9049|51017
2516|1299|20473|47065|61574
6424|6939|30893|204789
57866|1299|6855|39904|47767
37468|174|11432|271150
28917|6939|29670|213674
6830|174|21700|399914
199524|174|60068|197103|212080
20514|1299|201814|209896
58308|6939|2852|197451
559|1828|13789|30372|3356|174|393216
5511|1299|12859|47065|61574
4601|50869|41051|215448
139317|44324|32595|174|63089
30600|174|210|47065|61574
210312|4601|50869|58299|212691
34177|33891|44592|49581|209693
6830|1299|3920|206777
139317|44324|32595|174|214043
50877|214443|6939|28917|52191
16552|2914|12859|47065|61574
210312|4601|6939|28917|8926|41221|207164
12637|174|204548|215728
42541|1299|6762|267470|263047
196621|15576|8220|1299|174|37468|61568|266460|61625
58308|6939|29208|60266
40994|6939|28917|39238
196621|6939|15372|203592
47147|1299|5511|60068|206406|210557
20253|1299|29695|206557|205190
37662|174|6453|29208
34019|6939|25192
41327|8551|44709
3170|37468|52468|271150
398465|174|21700|399914
21700|174|35598|52091|206810|59815|25299
199524|174|3257|8551|44709
41095|6830|60068|211571
35600|6939|2852|197451
16552|6453|174|60068|216213|205884
8283|20764|52091|206810|12773|47809|50780
14907|3356|174|20473|47065|61574
15605|6939|29222
327727|174|12956|212721
28917|6939|1299|62874|203020
34019|6939|60432
6424|9304|136237|174|137995
31742|1299|25091|8298|4601|4492
210312|4601|50869|41051|215006
28917|6939|1299|20473|401896|201640|213413
213151|34927|1299|20473|47065|61574
20055|174|21320|5408|50148
4601|50869|34019|34958
15547|174|399697|39967|399697
1299|37468|52468|262393
58308|6939|1299|45102
34549|1299|198949|35676
2516|1299|34927|202532
41666|20764|52091|206810|211692|214268|197578
8283|6762|53062|266493|61625
58308|6939|28917|52191
12859|35598|52091|206810|34786|34789|34786
41666|20764|52091|206810|59867
7713|174|3257|20473|47065|61574
49605|6762|2914|12859|47065|61574
29222|1299|6855|39904
37105|37468|174|11432|271150
136557|174|7195|20473|47065|61574
31510|174|6461|394737
58308|6939|1299|9929
3130|174|35598|52091|206810|202497
28917|6939|1299|136897
1299|3491|20473|47065|61574
3130|174|14840|269288
6894|174|60068|205884
8283|6453|8551|44709
8426|3257|1299|3920|206777
28917|6939|47160|214390
6424|6939|28917|24651|39900
2914|174|60068|205884
58057|174|56630|209944
204092|6939|28917|43886
7713|1299|5511|49666|58224|214805
139317|44324|32595|174|208905
57381|50304|1299|4230|2716
20514|1299|3356|28370|267608
7474|3257|174|1916|47065|61574
28917|6939|1299|23520|52233
58308|6939|1299|3301|212632
61568|174|60068|216213|205884
58308|6939|200995
58308|6939|1299|8473
20205|1299|6762|49666|58224|214805
56655|1299|7545|20473|47065|61574
35600|6939|2852|210498
12637|35598|52091|206810|196638
8529|1299|3257|210329|215728
44324|32595|174|63154
28917|6939|1299|20473|33309|26679
28917|6939|1299|60068|197103|197703
202032|58115|21263|41504
4601|6939|30893|205563
29504|39392|174|60068|205884
202365|50673|174|140227|44324|205369
47147|1299|6855|39904
41327|6939|54429
6461|174|35598|52091|206810
5405|6939|2852|204772
136557|174|21320|5408|47065|61574
58308|6939|7018|395742
8220|1299|8551|20473|47065|61574
6057|174|5538|8194|29345
50673|174|20723|2852|202874
55222|174|34927|202827
34019|47160|174|60068|205884
29479|9002|3356|174|399697|39967|399697
6424|1299|60068|216213|205884
28917|6939|1299|39208
28917|6939|1299|23520|264821|271982
132825|174|35598|52091|206810|211692|214268|196977
28917|33891|216067|44244
12859|22356|28370|269016
58308|6939|7018|35980
3356|216211|44324|215172|214955
58308|35598|52091|206810|12773|44884
41666|20764|52091|206810|213694
2027|47160|174|60068|216213|205884
198385|15576|174|3130|47065|61574
174|3257|21034
52320|6461|21320|5408|47065|61574
50877|5405|28283|268744|2716
139317|44324|32595|174|396986
2497|1299|60068|216213|205884
8283|6453|19318|201813
199524|174|56630|209944
29222|6939|15935|198143
42541|37468|60068|216213|205884
151326|174|14840|269288
209650|34927|1299|174|60068|205884
20612|9044|1299|20473|47065|61574
58308|6939|1299|23520|262191
50877|5405|1299|60068|197103|212080
202365|50673|174|1916|47065|61574
6762|174|60068|197103|212080
1403|577|1299|8551|20473|47065|61574
58057|50673|174|3356|28370|268521
263152|174|60068|216213|205884
210937|1299|6855|39904|47767
7474|3257|174|5538|8194|29345
17350|3356|174|20723|2852|202874
35280|6453|174|21320|5408|47065|61574
58308|6939|1299|20473|197626
7594|174|35598|52091|206810|5598
13237|1299|3356|28370|268521
28917|6939|1299|29774|21538
1403|577|1299|20473|47065|61574
50673|174|60068|211571
132825|174|37468|61568|266460|61625
44324|32595|174|394634
34927|52025|174|21320|5408|50148
32653|3741|174|1299|6855|39904|47767
174|6461|9498|20473|47065|61574
50629|16276|203019
20253|1299|3920|206777
50131|174|34927|202827
207841|7195|11432|271150
55222|1299|6855|39904|199604
139317|44324|32595|174|26388
58308|6939|1299|39290
139317|44324|32595|174|396101
57866|1299|42303|51701|30893
7500|2497|174|20723|2852|202874
210312|4601|50869|41051|212510
37739|3491|174|3130|47065|61574
58308|6939|6830|23520|64126|273220
47147|1299|6939|28370|264426
210312|4601|50869|41051|25538
394256|174|204548|215728
3170|6939|200303
34927|174|1916|47065|61574
24516|174|3356|28370|268521
3214|1299|174|3130|47065|61574
55222|174|6453|29208
14907|1299|13335|400095
22652|1299|20473|47065|61574
28917|6939|1299|20473|153057|153170
35598|1299|8551|44709
48362|1299|6453|4755|7768
34177|1299|6762|267470|263047
213151|41051|58299|266493|61625
29222|6939|50989
35266|2914|174|3130|47065|61574
28917|6939|1299|23520|52238
41722|20485|174|52468|262393
50629|12859|47065|61574
58308|6939|1299|57811
1267|1299|6855|39904
139317|44324|32595|174|3320
25091|6830|60068|216213|205884
2027|47160|6939|24796
553|6939|24796|63293
397131|60011|3356|1299|20473|47065|61574
29680|174|60068|216213|205884
199938|1299|7545|20473|47065|61574
35280|6453|174|10490|2722|12148|47065|61574
139317|44324|32595|174|11900
1280|1299|22773|8119
328206|37739|3491|174|5538|8194|29345
6830|174|60068|216213|205884
28917|6939|1299|394977
28917|6939|1299|199524|51191
8283|3320|6855|39904|47767
28917|6939|1299|6758|33874|14789
59414|6830|6762|267470|263047
39122|1299|3257|19318|201813
28917|6939|1299|212582
4601|50869|34019|203432
8283|20764|52091|206810|12773|44710
28917|6939|1299|23520|27884|265735
35426|215596|174|5538|8194|29345
139317|44324|32595|174|26057
22652|1299|6453|4755|7768
40994|57463|41327|43648|208499
28917|6939|1299|20473|206586
13830|971|174|6453|4755|7768
48185|1299|3257|60068|206406|210557
31742|174|20723|2852|202874
4601|50869|44324|198304
58308|6939|50533
52025|32097|20473|399970
204092|6939|28370|268521
2027|35280|6453|174|21700|399914
3741|33891|216067|44244
210312|4601|50869|41051|17160
15605|6939|2852|210498
29691|1299|174|22381|267470|263047|264389
50629|1680|44709
174|3356|28370|28657
136557|174|20723|2852|202874
28917|6939|1299|17639|153322
7018|6939|54429
41327|6939|2852|197277
40387|23473|174|37468|61568|266460|61625
28917|6939|1299|20473|46170
148968|1299|60068|211571
52025|174|6453|4755|7768
21700|174|6453|4755|7768
12859|37468|53062|266493|61625
31742|1299|35598|52091|206810
41722|12389|174|60068|205884
52873|12956|1299|6855|39904|47767
47147|1299|6939|50989
204092|6939|28917|35539
174|35598|52091|206810|202279
50304|1299|3356|28370|268521
51519|39351|1299|3223|34224|12735
17639|174|22381|267470|263047|264389
58299|20764|43298|48678|213865
34927|1299|12859|47065|61574
3130|174|35598|52091|206810|210063
3130|174|3356|28370|267608
60011|3356|174|20473|47065|61574
28917|6939|1299|23520|11139|397382
5405|1299|3920|206777
3130|174|6453|4755|7768
207841|6939|28917|39238|51408
204092|30781|3356|174|216211|211575
4601|50869|41051|213586
58308|6939|1299|56655|210951
44324|32595|174|57974
42541|62255|52091|206810|48595
1273|174|60068|197103|212080
7594|174|35598|52091|206810|39558
29504|39392|174|140227|44324|205369
7713|174|210329|215728
44324|32595|174|198507
30781|1299|198949|35676
2027|6696|1299|198949|35676
139317|44324|32595|174|272373
58308|6939|1299|52468|271977
199524|1299|6453|60068|216213|205884
44324|32595|174|54270
16347|1299|60068|211571
6894|174|13335|5408
207841|6939|393682
202365|50673|174|28189|266931|269250|271150
34019|6939|2852|197277
47160|174|52468|271150
28917|20764|52091|206810|12773|211692|196629
3356|1299|60068|197103|212080
29222|6939|47160|214390
37105|36994|1273|1299|20473|399970
34927|52025|174|37468|61568|266460|61625
55222|174|204548|215728
28917|6939|1299|20473|62517
41327|1299|3920|206777
7018|174|52468|262393
50673|174|3257|22773|8119
25091|41327|24796|12779|197000
207841|6939|28917|44812
553|174|204548|215728
28917|6939|1299|6855|35096
917|60068|33891|29632|59682
29504|15935|33891|44592|49581|209693
4181|1299|6855|39904|47767
37497|3491|174|210|47065|61574
513|29222|6939|15935|56360
30781|3356|174|140227|44324|205369
16347|3356|174|399697|39967|399697
2497|174|52468|262393
12637|6939|29222|513|20940
5405|52320|7162|13878|52468|271150
16552|1299|29695|206557|208835
6696|1299|8551|20473|47065|61574
139317|44324|32595|174|53471
34549|52025|212895|210320
210312|4601|50869|52025|214749
28917|20764|52091|206810|5598
20253|1299|6855|39904|202605
40994|57463|41327|43648
6461|1299|60068|216213|205884
6424|1299|3920|206777
513|29222|6939|263047|267425
8529|6453|174|11432|271150|272738
34927|56655|12859|47065|61574
23367|1299|3920|206777
205206|1299|3356|16735|273514
7018|3356|28370|28657
13237|1299|3356|8119
28917|6939|1299|23520|273157
44324|32595|174|202075
3170|6939|28917|34784
47147|1299|6855|39904|205968
136557|174|28189|266931|271615|273522|271150
28917|6939|29222|41495|206202
28917|6939|1299|23520|64126|265695|63293
3170|2914|12859|47065|61574
34549|3257|1299|20473|47065|61574
48070|1299|20473|47065|61574
29222|6939|35168|48716
3320|1299|10490|2722|12148|47065|61574
139317|44324|32595|174|32440|40189
148968|7474|3257|174|20473|47065|61574
210312|4601|50869|58299|207271
35426|33891|44592|49581|209693
19653|30600|174|20473|47065|61574
58308|39801|29222|204957|199058
199524|1299|6762|49666|58224|214805
58308|6939|6830|23520|272935|267862
204092|6939|30893|13214
42473|1299|3356|28370|269016
58308|6939|9136|34219
8220|1299|6453|4755|7768
398465|1299|3356|28370|267608
38880|1299|6453|4755|7768
12552|8283|47065|61574
50628|33891|60068|211571
28917|6939|1299|20115|397418
50304|1299|37468|270551|263047
8280|6762|1299|8551|44709
57111|174|60068|216213|205884
210312|4601|50869|6939|28370|269016
271253|6453|1299|20473|47065|61574
6057|174|34927|202827
58308|6939|30893|200690
7018|174|210329|215728
50304|1299|174|20473|47065|61574
327960|174|56630|209944
139317|44324|32595|174|53366
40387|1299|6762|49666|58224|214805
12956|174|21700|399914
148968|7474|3257|1299|20473|47065|61574
3130|174|35598|52091|48158
37468|1299|6855|39904|202605
48070|6939|28917|35539
35008|1299|20473|399970
2734|16735|2716
42541|4601|4492
28917|6939|1299|20473|18470
44324|32595|174|396026
57111|41327|50263|201814|209896
58308|6939|1299|13443
3214|1299|10490|2722|12148|47065|61574
7018|1299|16276|203019
139317|44324|32595|174|62628
60068|1299|20473|201423
1140|24785|6830|3356|28370|263535
29222|6939|7018|11992
50629|215551|30893
553|9002|12555|48876
49788|1299|3257|20473|47065|61574
6424|6939|28917|43886
209|3356|174|20723|2852|202874
41666|13335|400095
327727|174|210329|215728
28917|6939|1299|20473|153185|153189
210312|4601|50869|52025|214451
398465|1299|3257|19318|209896
44324|32595|174|11805
327960|174|3356|3223|34224|12735
4601|6939|28917|44056|57629
12779|6939|54429
23673|9900|23764|1299|34927|202532
28917|6939|1299|7393
47957|3356|1299|20473|47065|61574
37271|33891|60068|211571
37721|174|21320|5408|47065|61574
971|174|20723|2852|202874
48070|1299|3356|28370|267608
29222|6939|263047|271068
42541|1299|6461|394737
196621|6939|28917|39238|51408
917|60068|174|56630|209944
20253|1299|60068|197103|212080
25369|174|22381|267470|263047|264389
136557|174|3356|9002|12555
6424|6939|28917|44056
37497|174|20723|2852|202874
58308|35598|52091
6057|174|201814|209896
3491|174|35598|52091|206810
210312|4601|6939|28917|204623
28917|6939|1299|23520|262191|272153
139317|44324|32595|174|329109|328297
40994|23764|35168|212999
40994|6939|15372|203592
57695|917|60068|1299|198949|35676
917|60068|174|210|47065|61574
263237|174|10490|2722|12148|47065|61574
204092|6939|28370
32590|4637|3257|1299|3920|206777
139317|44324|13335|400095
6424|174|3356|28370|28657
58299|206813|9136|1299|20473|206946
49788|174|216211|211575
140627|1299|3356|28370|267608
8220|1299|6855|39904
20253|1299|3257|20473|47065|61574
28917|6939|199081|209847|26383
7594|174|35598|52091|206810|48687
28917|6939|1299|20473|214160
151326|174|35598|52091|206810|39089
174|37468|270551|263047
39392|174|1299|20473|201423
34019|6939|16652
48185|3356|174|210|47065|61574
60011|3356|1299|10490|2722|12148|47065|61574
50628|6453|174|1916|47065|61574
50877|5405|56630|209944
52320|33891|60068|211571
50304|1299|60068|197103|212080
33891|56630|209944
553|20473|47065|61574
28917|6939|61618|268492
7473|1299|34927|202827
327727|174|35598|52091|59815|25299
64475|3320|1299|60068|197103|212080
34927|33891|216067|44244
45049|6696|5511|174|37468|61568|266460|61625
2500|2914|1299|20473|47065|61574
39351|174|210329|215728
139317|44324|32595|174|57974|401452
6424|6939|28917|48084|199961
58308|6939|1299|16509|213151
23367|1299|3356|16735|2716
47692|3356|174|21700|399914
8660|1267|1299|8551|44709
58308|6939|15962|50881
971|174|201814|209896
5405|8772|215536
8426|6777|56630|209944
3170|6939|2852|197277
20130|23352|2914|174|37468|61568|266460|61625
20205|1299|34927|202532
48070|6939|215172|214955
286|33891|216067|44244
5413|1299|10490|2722|12148|47065|61574
34854|1299|174|21320|5408|50148
7018|1299|37468|270551|263047
199524|33891|216067|44244
207841|6939|28917|12668|197404
328840|327727|174|50509|51032|41344|39707
44324|32595|174|13999
50877|5405|1299|20473|47065|61574
58308|6939|200462|213579
39351|1299|6855|39904|47767
20253|1299|3356|28370|269016
8218|6461|174|204548|215728
140627|1299|34927|202827
4777|2497|174|52468|271150
47147|1299|3356|16735|2716
20055|1299|6855|39904
28917|6939|1299|23520|262191
28917|6939|1299|25148
19653|30600|174|204548|215728
7594|174|7195|20473|47065|61574
58308|6939|268624
28917|6939|1299|262206|18809
12859|7195|28189|266931|271615|273522|271150
35600|35598|52091|206810|8274
29222|6939|62000|198831|210013
6424|174|35598|52091|206810|59815|25299
553|6939|200303
35710|3320|1299|20473|47065|61574
34177|1299|3356|28370|268521
58308|6939|1299|56504
28917|6939|1299|54082|263725|272916
23673|9900|23764|3356|1299|12859|47065|61574
12637|6939|15372|203592
553|6939|30893|13214
6424|6939|28917|28907
3130|174|3356|28370|268521
34927|1299|3356|16735|2716
553|174|5538|8194|29345
12859|13335|400095
29504|15935|174|13786|28343|2716
6894|174|56630|209944
29479|28917|215730|209693
44324|32595|174|47936
39351|1299|6453|19318|209896
28917|6939|1299|25759
60068|174|204548|215728
58308|6939|3170|212806
8660|1267|1299|20473|399970
58308|6939|50989|33837
29222|6939|553|212522
12350|1299|6453|4755|7768
6830|9002|12555|212247
6424|6939|28917|12668|51883
20253|1299|3356|28370|263535
28917|6939|1299|20473|400644
48070|1299|3356|28370|263963
35600|6939|28917|12668|197404
139317|44324|32595|174|41427|209847|26383
29691|1299|21351|60132
852|1299|29695|206557|208835
207841|6939|28917|24651
199938|1299|2914|226|47065|61574
7018|6939|39790
44324|32595|174|984|55201
49432|48362|1299|33891|216067|44244
44324|32595|174|91
28917|6939|15935|198143
58308|6939|6830|23520|272969
204092|6939|28917|39134
44324|32595|174|263167
47147|1299|3257|19318|201813
20205|1299|6453|19318|209896
21700|174|35598|52091|206810|5598
3491|1299|6855|39904|47767
58308|6939|1299|48299
140627|2914|174|399697|39967|399697
23673|9900|23764|1299|12859|47065|61574
28917|6939|6830|58299|211286
8283|6939|33924
7660|2516|1299|198949|35676
28917|6939|1299|20473|202986
139317|44324|32595|174|18988|54904
57111|41327|8551|44709
6082|174|210|47065|61574
56987|1299|3223|34224|12735
28917|6939|1299|23520|264663
37053|37662|174|399697|39967|399697
328512|5713|174|3130|47065|61574
151326|174|35598|52091|206810|211692|214268|196977
34019|9002|12555
140627|1299|6204|44592|49581|209693
29222|6939|29208|48926
55720|2914|174|399697|39967|399697
58308|6939|6830|23520|27717
52873|12956|174|140227|44324|205369
48070|6939|59689
12389|1299|10490|2722|12148|47065|61574
48362|1299|33891|216067|44244
2914|174|140227|44324|205369
20205|1299|29049|49666|205647|49801|204533
34927|1299|60068|211571
21700|174|2914|20473|47065|61574
49432|48362|1299|3356|28370|263060
8283|6939|2852|197451
139317|44324|32595|174|263237|266830|28120
136557|174|35598|52091|206810|34786
64475|31133|12389|28917|8905|42132
58308|6939|28917|48610|57712
28917|6939|1299|16509|200227
577|174|37468|61568|266460|61625
58299|8926|1299|3320
1299|6762|16735|273514
52025|1299|21351|60132
49028|1299|35598|52091|206810
44324|32595|174|53667|199340
7474|3257|174|140227|44324|205369
34854|1299|174|20473|47065|61574
57111|41327|174|22381|267470|263047
28917|6939|1299|1759|29422
29075|174|20473|47065|61574
50673|174|210|47065|61574
139317|44324|32595|174|53667|215502
50629|13335|400095
917|60068|3491|1299|6855|39904|202605
513|29222|6939|61618|267320
21700|174|35598|52091|206810|56766
35600|35598|52091|206810|213694
44324|32595|174|197071|202135
14630|6830|33891|216067|44244
58308|6939|1299|52468
31510|174|3257|19318|209896
15935|174|204548|215728
28917|6939|42695|43101
215596|1299|4230|2716
25091|1299|20473|201423
28917|6939|7018|397602
6424|6939|28917|47438
35008|1299|3491|20473|47065|61574
21700|174|8551|20473|47065|61574
4601|6939|28917|50009
210312|4601|50869|6939|2852|202874
44324|32595|174|6713|37190
51185|6762|174|20723|2852|202874
58308|6939|33891|57395
16552|37100|1299|198949|35676
58308|6939|1299|46887|400164
34927|1299|20473|201423
39351|1299|3920|206777
559|6939|16652
24516|174|6453|29208
553|20473|30893
3701|3356|1299|34927|202532
58308|6939|7018|3423|13979|10616
4637|3257|5405|8943|200636
29075|174|3356|28370|28657
58308|6939|6830|23520|52233|262238
28917|6939|32097|64236
28917|6939|3170|215453
58308|6939|1299|60068|216213
28917|215730|209693
209|3356|174|1916|47065|61574
9044|1299|3257|20473|47065|61574
13830|971|174|6453|19318|209896
4601|50869|41051|198209
32595|174|210|47065|61574
210312|4601|50869|6939|54429
50673|174|12956|212721
21700|174|35598|52091|206810|57164
8283|6453|56630|209944
209650|34927|1299|3356|28370|263963
398465|174|56630|209944
40387|1299|4230|2716
28917|6939|1299|20473|200959
12859|1299|17676|216211|44324|205369
4601|50869|41051|205563
327727|174|46427|64289|44592|49581|209693
1257|174|3130|47065|61574
327960|327782|37100|1299|20473|47065|61574
47692|33891|56630|209944
6830|3257|22773|8119
204092|34019|28283|268744|2716
20253|1299|12859|47065|61574
34019|3216|1299|8402
28917|6939|1299|141039|209854
136557|174|35598|52091|206810|24881|24697
196621|15576|174|20473|47065|61574
559|35598|52091|206810|213694
44324|32595|174|13580
8283|6461|210|47065|61574
2027|47160|6939|33924
28917|6939|40994|215472
23367|1299|3356|8119
28917|6939|15935
15935|174|60068|216213|205884
29504|15935|174|3356|8119
44324|32595|174|265609
3491|174|8551|20473|47065|61574
13786|2914|12859|47065|61574
22652|174|22381|267470|263047|264389
49432|48362|1299|6453|4755|7768
45352|174|204548|215728
3320|174|52468|271150
34927|56655|1299|17676|216211|44324|205369
4601|50869|58299|41051
22652|1299|3356|28370|53079
58511|1299|201814|209896
28917|6939|50989|33837
2516|1299|2914|226|47065|61574
9044|174|22381|267470|263047|264389
8283|6939|30893|200690
29222|6939|61618|267216
17350|2914|6424|44592|49581|209693
48070|6939|28917|8926|41221|207164
44393|394256|174|6453|29208
48070|6939|29222|513|20940
202365|50673|33891|20473|47065|61574
553|7195|11432|271150
139317|44324|7720|10111|1299|8551|20473|47065|61574
28917|6939|7018|54495
40994|57463|41327|211222
559|7195|20473|47065|61574
44324|32595|174|3819
327960|327782|37100|174|3130|47065|61574
28917|6939|1299|49604
6696|1299|37468|53062|266493|61625
210312|4601|6939|28917
1403|577|174|37468|61568|266460|61625
2500|2914|174|210329|215728
28917|6939|1299|23316
58308|6939|1299|23033|401988
13830|971|174|35598|52091
12637|35598|52091|206810|48595
56655|1299|22773|8119
44393|394256|174|60068|197103|212080
212483|12859|47065|61574
28917|6939|1299|20521
199524|6762|1299|198949|35676
29222|6939|12735|51559
29504|15935|6830|60068|216213|205884
139317|44324|32595|174|210743
8660|1267|1299|56504|47674
6453|174|11432|271150|272738
28917|6939|1299|30600|22379
210937|6830|44530|41327|198434
50629|20764|52091|206810|24881
28917|37468|60068|216213|205884
8426|3257|1299|12859|47065|61574
13237|1299|3356|28370|267608
48070|6939|25192|29067
20912|12637|1299|7545|20473|47065|61574
210312|4601|50869|215561
34019|6939|200303
23352|2914|1299|198949|35676
4601|50869|56381|208814
52075|8455|8283|47065|61574
6461|1299|60068|197103|212080
44324|32595|174|36436
8220|1299|3257|20473|47065|61574
7018|174|60068|216213|205884
58308|6939|2852|210367
51519|39351|174|3130|47065|61574
4601|50869|34927|202532
58308|6939|1200
20912|12637|1299|20473|47065|61574
20253|1299|7545|20473|47065|61574
64475|6939|2852|197277
139317|44324|32595|174|198507
58308|6939|29670|59645
34019|31564|174|35665|200906
139317|44324|32595|174|53667|44421
33891|17676|216211|44324|205369
57695|917|60068|1299|6939|28370|263060
204092|1680|20473|47065|61574
50877|5405|6939|30893|13214|35634
139317|44324|32595|174|204413
58308|6939|1299|16509|8987
28917|6939|1299|213281
8280|6762|174|21700|399914
24516|174|35598|52091|206810
61568|174|201814|209896
264409|174|210329|215728
3491|174|3130|47065|61574
327960|174|35598|52091|206810|202279
49432|48362|1299|174|140227|44324|205369
196621|16276|203019
37239|37468|174|6762|49666|58224|214805
14907|1299|6855|39904
8359|1299|8551|44709
49028|35280|6453|174|399697|39967|399697
25091|5511|174|20473|47065|61574
139317|44324|32595|18423|137409|6461|1299|25091|8298|4601
47147|1299|174|1916|47065|61574
49028|1299|7195|28343|2716
4601|6939|28917|48084|35816
48070|6939|28917|21453|201646
4181|1299|60068|216213|205884
4601|50869|6939|30893
8220|1299|17676|216211|211575
5511|174|37468|61568|266460|61625
28917|3257|1299|198949|35676
28917|6939|1299|23520|262191|274039
327960|174|35598|52091|206810|24881|24697
327960|174|35598|52091|48158
7594|174|10490|2722|12148|47065|61574
58308|6939|1299|201035
32097|20473|399970
15547|174|22381|267470|263047|264389
1836|33891|44592|49581|209693
34927|56655|1299|174|216211|211575
52320|174|1299|20473|399970
44324|32595|174|397601
199938|1299|3356|28370|267556
9268|4764|1299|6762|49666|58224|214805
20811|28716|1299|56504|47674
28917|6939|1299|20473|398565
6424|6939|28370
28917|6939|1299|209847
15605|6939|28370
199524|1299|6855|50698
29632|8455|8283|47065|61574
28917|6939|1299|12252|136907
151326|174|35598|52091|206810|24881
28917|6939|1299|18734|20940
49432|48362|1299|20473|399970
41327|6461|394737
139317|44324|32595|174|402062|400164
513|29222|6939|207767
29680|174|216211|211575
48070|6939|28917|50045
6424|174|35598|52091|206810|214721
57111|41327|33891|216067|44244
6424|6939|2852|48091
148968|7474|7473|1299|20473|47065|61574
58308|6939|41720|208229
174|6453|60068|216213|205884
3130|174|12956|212721
20253|1299|3356|16735|2716
151326|174|35598|52091|206810|35273
28917|6939|1299|20473|206081
12969|1299|3356|28370
8529|6453|174|399697|39967|399697
58308|6939|1299|15830|3819
20932|174|399697|39967|399697
36924|1299|35598|52091|206810
29222|6939|61618
7018|1299|10490|2722|12148|47065|61574
57111|41327|4601|4492
57866|1299|3920|206777
1299|34927|202827
4601|50869|214770
46450|1299|6855|39904|202605
34927|1299|3216|51032|41344|39707
57866|1299|56630|209944
28917|6939|1299|54082|263725|264773
328206|37739|3491|174|34927|202827
58511|3257|174|1916|47065|61574
58308|6939|12735
12779|33891|216067|44244
58308|6939|1299|16509|14618|60900
1403|577|1299|12956|212721
53828|3257|1299|198949|35676
58308|6939|1299|22497
139317|44324|32595|174|209847|215540
58057|174|35598|52091|206810|211101
139317|44324|7720|10111|1299|3920|206777
8220|1299|8551|44709
4601|50869|6939|30893|199580
28917|6939|1299|20473|201243
210312|4601|6939|28917|21453|48149
34288|174|399697|39967|399697
28917|6939|1299|20473|215011
34800|58057|50673|174|140227|44324|205369
28917|6939|7018|1341
40994|16276|203019
29222|6939|62000|198831|210699
3320|1299|60068|197103|212080
58308|6939|33891|20940
48070|1299|174|22381|267470|263047|264389
35598|1299|21351|60132
58308|6939|1299|6128|54004|21835
4601|50869|41051|215980
39351|6830|60068|211571
41722|12389|1299|3920|206777
8283|2914|37468|60068|216213|205884
49028|1299|6939|30893|205563
513|174|28189|266931|271615|273522|271150
205206|33891|19318|209896
207841|6939|28370|264426
20253|1299|2914|226|47065|61574
28917|6939|1299|20115|20001
140627|2914|174|20473|47065|61574
38001|3491|174|35598|52091|206810
17350|6453|1299|6855|39904|199604
28917|6939|6830|23520|64126|274168
35008|1299|6762|267470|263047
44324|32595|174|32473
58308|6939|6830|23520|265540
21412|1299|17676|216211|44324|205369
148968|7474|3257|174|60068|205884
6424|6939|28370|263535
4764|174|52468|262393
199524|1299|3920|206777
136557|174|3356|8772|215536
28917|6939|1299|23520|52228
210312|4601|50869|41051|215777
210937|6830|2914|20473|47065|61574
199524|1299|17676|216211|44324|205369
37497|3491|1299|34927|202532
29222|6939|7018|399756
29504|15935|174|22381|267470|263047
3214|12859|47065|61574
58308|6939|199081
49028|1299|3356|28370|267556
58308|16276|203019
58057|174|21700|399914
28917|6939|1299|18734|13591
17350|3356|174|140227|44324|205369
57111|174|8551|20473|47065|61574
48070|1299|56630|209944
28917|6939|1299|23520|52468|273102
47692|3356|1299|198949|35676
24516|174|30844|21351|60132
62167|174|201814|209896
17350|3356|174|5538|8194|29345
20205|1299|7195|20473|47065|61574
6461|1299|56630|209944
52025|1299|3223|34224|12735
44324|32595|174|399544
50304|1299|174|210329|215728
6830|6939|50989
28917|6939|1299|20473|58057
29222|6939|50629|207252|202119
25160|174|10490|2722|12148|47065|61574
8220|1299|3356|28370|263535
7713|174|34927|202827
46450|1299|6855|39904
1273|1299|12859|47065|61574
16552|1299|3356|28370|263060
3130|174|46427|64289|44592|49581|209693
58308|6939|1299|20473|210659
13237|1299|3356|28370|267556
2914|1299|6939|24796|63293
34800|58057|50673|174|7545|20473|47065|61574
35600|6939|2852|48091
44324|32595|174|13977|400848
33891|7195|28343|2716
1103|3257|174|140227|44324|205369
37739|3491|1299|20473|201423
32653|3741|33891|60068|211571
28917|6939|1299|26073|205479
32590|4637|3257|5405|8943|200636
28917|6939|7018|20182
12637|35598|52091|206810|56766
6424|6939|29222|513
6730|6830|6453|29208
4601|50869|34019|209090|211781
7594|174|50509|51032|41344|39707
2734|9304|136237|174|137995|136237
327782|37100|174|140227|44324|205369
13237|1299|3356|28370|28657
513|29222|6939|199399
327983|37497|3491|174|8551|20473|47065|61574
15623|1299|20473|201423
8218|6461|174|210329|215728
199524|1299|4230|2716
6667|1299|174|37468|61568|266460|61625
50877|5405|6939|28370|264426
39122|174|3130|47065|61574
559|6939|30893|199580
1299|7545|20473|47065|61574
29504|15935|174|3356|28370|28657
209|3356|1299|20473|399970
28917|6939|1299|20473|198219
29222|6939|7018|154126
5405|6939|30893|199580
28917|6939|62000|198831|210013
14537|52925|3356|1299|198949|35676
4601|50869|208453
58308|6939|30893|205563
58308|6939|29208|198605
34927|1299|3356|8772|215536
20612|9044|174|210|47065|61574
12307|29691|1299|174|204548|215728
15562|2914|1299|201814|209896
58308|6939|1299|210015
4181|1299|29695|206557|208835
55720|3491|174|16276|203019
44393|394256|174|1299|198949|35676
196621|6939|2852|197451
6424|174|35598|52091|206810|48687
58308|6939|1299|11279
23764|1299|34927|202827
47692|3356|174|210|47065|61574
207841|7195|28189|266931|269250|271150
8283|6939|24796|63293
34019|6830|60068|211571
55222|1299|6855|39904
3356|1299|20473|201423
6730|6830|9002|12555|3227
58308|6939|33891|197999
4601|50869|213768|214161
14315|6453|1299|6855|39904
3257|1299|3920|206777
44324|32595|174|14
1299|174|210329|215728
58308|59689|29075|174|20473|47065|61574
58308|6939|1299|44654
394256|174|37468|61568|266460|61625
36924|1299|174|22381|267470|263047|264389
21700|174|216211|44324|205369
852|1299|1680|20473|47065|61574
34177|1299|6453|1031|61568|266460|61625
12859|1299|174|3130|47065|61574
24516|174|6762|49666|58224|214805
58308|6939|1299|20473|35085
47160|6939|25192|29067
42708|33891|60068|211571
48070|6939|42695|43101
28917|6939|6830|23520|64126|274130
8455|1299|17676|216211|44324|205369
47147|1299|3356|28370|263060
12969|1299|3356|28370|268521
139317|44324|32595|174|201902
51519|39351|174|3356|8119
6424|6939|196610|48927
17660|2914|1299|6855|39904
41327|6939|28370|269016
209650|34927|174|22381|267470|263047|264389
50304|1299|12956|212721
14907|1299|6453|29208
58511|3491|174|37468|61568|266460|61625
28917|6939|1299|394161
206356|50629|1299|20473|201423
139317|44324|32595|174|265612
19151|174|60068|216213|205884
28917|6939|1299|197690
28917|6939|1299|20473|396088
44324|32595|174|53667|152697
196621|6939|28370|270962
28917|6939|7018|398837
4777|2497|174|34927|202827
47147|1299|3920|206777
29222|6939|52838
64475|6939|42695|43101
202984|6762|174|37468|61568|266460|61625
29504|15935|6830|34927|202827
327727|174|3257|28917|215730|209693
48070|20764|202984|35598|25308|28917|9049|51017
6830|1299|4230|2716
6424|6939|28917|197078
58308|6939|33891|202245|212509
6830|6939|16652
139317|44324|32595|174|10578
34288|1299|198949|35676
58308|6939|1299|835|52025|50224
8283|3491|20473|47065|61574
34927|56655|1299|7195|28189|266931|271615|273522|271150
59890|174|140227|44324|205369
1299|6453|29208
2500|2914|1299|3920|206777
199524|3356|1299|6855|39904
210312|4601|50869|59645
58299|56630|209944
28917|6939|1299|11172|270217
207841|6939|29222|204957
207841|6939|28917|8926|41221|207164
58308|6939|1299|21277|212573
139317|44324|32595|174|53667|209864
44324|32595|174|35598|48108|208626
29222|6939|6424|203020
58057|1836|1299|8551|44709
30600|1299|22773|8119
28917|6939|1299|9146
206356|50629|37468|60068|216213|205884
44324|32595|174|9457
49432|48362|1299|8551|44709
15692|2914|3356|21320|5408|47065|61574
6908|174|20723|2852|202874
58308|6939|1299|205184
40994|6939|28370|263535
139317|44324|32595|174|206262|57722
58308|6939|1299|54082|263725|272916
28917|6939|1299|11664|263812
14907|1299|174|210|47065|61574
204092|6939|28917|21453|201646
58308|6939|6830|23520|52468|274006
37105|37468|174|60068|205884
42541|1299|2914|226|47065|61574
1273|174|21700|399914
37721|33891|60068|211571
1273|174|140227|44324|205369
971|174|1299|6855|39904
16552|1299|16276|203019
58308|6939|1299|60068|396319
58057|174|52468|262393
61218|29632|9002|3356|1299|20473|47065|61574
327960|174|50509|51032|41344|39707
58308|6939|50989|48116
56655|1299|8943|200636
58308|6939|48070|204208|47272|214223
29222|6939|29208|60266
2734|3257|1299|3920|206777
28917|6939|1299|208905|208666
40994|6461|9498|20473|47065|61574
28917|3257|174|216211|211575
135895|137409|33891|60068|211571
35008|1299|3356|21320|5408|47065|61574
7474|7473|1299|3216|51032|41344|39707
58308|6939|196610|48927
139317|44324|32595|174|51847|151338
12389|1299|2914|226|47065|61574
28917|6939|7018|20057|64011
207841|6939|28917|201119
28917|6939|1299|11279
5413|1299|6453|60068|216213|205884
8283|6939|59689
6894|3257|1299|20473|399970
917|25369|1299|20473|47065|61574
20080|2914|1299|34927|202532
28917|6939|7018|32629
6730|6830|174|1916|47065|61574
174|35598|52091|48158
215596|174|210329|215728
29222|32787|202161
553|1299|6453|4755|7768
31742|174|60068|216213|205884
12956|174|60068|216213|205884
58308|6939|47787|203020
209|3356|1299|3920|206777
12969|33891|44592|49581|209693
44324|32595|174|42313|212986
34927|56655|1299|37468|52468|271150
58308|6939|1299|9929|4808
46450|2914|174|37468|61568|266460|61625
28917|6939|1299|20473|57848
58308|6939|6830|23520|46650
3491|5405|8943|200636
29222|6939|28917|9110
25152|2914|1299|8551|44709
12859|15557|206865|3215|5511|174|199727|12645
28917|6939|24796
1299|3257|21700|399914
41327|14840|2716
327983|37497|3491|1299|198949|35676
28917|6939|1299|398465|23511
28917|6939|1299|46261
12779|20764|43298|48678|213865
28917|6939|1299|21277|210767
7018|6939|30893
49028|1299|6939|30893|13214
48362|1764|5405|266493|61625
293|3356|1299|20473|47065|61574
25160|6424|44592|49581|209693
37239|22355|5511|174|52468|271150
15605|35598|52091|206810|197643
3130|174|35598|52091
28917|6939|1299|51834
50877|5405|7195|20473|47065|61574
4601|50869|44324|199018
5405|62255|52091|206810|211692|214268|196977
4601|50869|44324|216299
20080|2914|1299|20473|47065|61574
20055|1299|29695|206557|208835
28917|6939|1299|20473|149285
58308|6939|28917|39153
680|2914|174|3130|47065|61574
29222|6939|29208|60275
44324|32595|174|21277|39216
6424|268746|61625
28917|6939|1299|14616
4601|50869|6939|2852|61110
4777|2497|2914|174|20473|47065|61574
136557|174|21320|5408|50148
6762|174|22381|267470|263047|264389
327727|174|204548|215728
3491|174|14840|2716
44324|32595|174|5719
3333|12859|215551|30893|13214|35634
28917|6939|1299|25575
28917|6939|1299|6922|10399
29222|6939|35168|197556
31510|174|1299|198949|35676
40387|1299|3223|34224|12735
58308|6939|33891|42008|8925
1299|37468|53062|266493|61625
263152|174|21320|5408|47065|61574
47147|1299|6939|30893|13214|35634
1140|24785|6830|174|5538|8194|29345
29222|6939|263047|264923
47957|33891|216067|44244
28917|6939|7794|396917
28624|61568|174|20723|2852|202874
16552|1299|56630|209944
199938|1299|20473|47065|61574
29504|15935|174|1299|22773|8119
139317|44324|32595|174|210477
559|6939|28370|263060
199938|1299|3223|34224|12735
8283|6939|2852
6830|9002|197068
28917|6939|1299|36352|27176
57695|917|60068|174|140227|44324|205369
58308|6939|33891|29141
35280|6453|174|3130|47065|61574
60068|1299|6939|393682
8298|8283|3491|209810|207187|207242
28917|6939|1299|23520|11139|399915
34800|58057|50673|174|28189|266931|271615|273522|271150
28917|8359|57304|35168|21299
198249|9002|12555|48430
12859|2603|21320|5408|50148
35600|6939|28917|44056|57629
4601|6939|28917|39238
32590|137409|174|20473|47065|61574
29222|6939|47674
3491|1299|198949|35676
205206|1299|3356|28370|28657
327960|327782|37100|2603|21320|5408|47065|61574
7594|174|60068|211571
4230|1299|21351|60132
34854|1299|32787|202161
48362|1299|174|3130|47065|61574
48070|7195|11432|271150|272738
31742|1299|3920|206777
8218|6461|1299|60068|216213|205884
25152|2497|174|34927|202827
25091|1299|198949|35676
58308|6939|6830|23520|52228|263785
50877|5405|6939|25192
58057|50673|174|10490|2722|12148|47065|61574
48362|1299|60068|211571
47160|174|210329|215728
28917|8359|57304|15935|56360
59891|13030|1299|174|204548|215728
48070|13335|400095
28917|6939|1299|20473|61387
41327|6939|25192|20701
12779|35598|25308|28917|9049|51017
5405|6939|28370|267556
196621|6939|28917|204623
20055|174|20723|2852|202874
25091|12859|47065|61574
50629|20764|52091|206810|197960
58308|6939|1299|20473|35085|210960
29222|6939|9136|34219
327727|174|3356|28370|268521
136557|174|3257|8551|44709
58308|6939|15605
139317|44324|32595|174|51551|44971
210937|1299|1680|20473|47065|61574
29222|6939|25400|200139
18106|33891|60068|211571
28917|20910|13194|174|60068|210906
4230|1299|6855|39904|47767
28917|6939|1299|209635
13030|1299|3356|8119
49028|1299|34927|202532
32590|1299|3356|28370|268198
28917|8359|57304|48707
199524|174|1299|20473|399970
207841|6939|28370|268521
20205|1299|3257|20473|47065|61574
23367|1299|3356|28370|267556
8220|1299|6204|44592|49581|209693
39122|1299|2914|226|47065|61574
9044|1299|198949|35676
28917|6939|1299|29169|209453
28917|6939|1299|40061|31529
58308|6939|1299|201706|208677
25091|1299|8551|44709
28917|6939|1299|20473|208393
132825|174|35598|52091|206810
3701|174|60068|216213|205884
12956|1299|25091|8298|4601|4492
48919|174|37468|53062|266493|61625
22652|1299|3356|28370|267608
199938|1299|3356|28370|53079
29169|174|60068|205884
40994|6939|30893|13214|35634
8283|20764|52091|206810|208435
36924|1299|8551|44709
28917|6939|1299|16509|14490
44324|32595|174|55410
58308|6939|1299|60068|133944
11845|37468|1299|6855|39904|202605
204092|6939|42695
58308|6939|1299|52468|28461
37497|3491|174|10490|2722|12148|47065|61574
6424|6939|28370|264426
5413|1299|4230|2716
8220|1299|1680|20473|47065|61574
48362|1299|3356|28370|263060
28917|6939|1299|21859|63473|40776
196621|6939|28917|50923
35266|1299|3216|51032|41344|39707
38880|33891|216067|44244
5405|14840|2716
28917|6939|1299|136468
58308|6939|54429
21700|174|35598|52091|206810|59815
199524|174|32787|202161
24482|6453|174|20473|47065|61574
34854|1299|6762|49666|58224|214805
23367|1299|25091|8298|4601|4492
132337|33891|216067|44244
58308|6939|7018|3573
58057|174|1299|8551|44709
44324|32595|174|44372
23367|1299|1680|20473|47065|61574
23367|1299|174|20473|47065|61574
3170|6939|15372|203592
32590|12956|1299|8551|44709
12859|3216|51032|41344|39707
50877|5405|6939|28370|52593
394256|174|60068|211571
50629|3223|34224|12735
52925|3356|1299|3920|206777
139317|44324|32595|174|22150
28917|6939|1299|20473|40216
139317|44324|32595|174|398399
42541|32787|202161
12859|35598|52091|59815|25299
8283|20764|52091|206810|210063
35598|174|28189|266931|271615|273522|271150
1273|174|5538|8194|29345
199524|174|28283|268744|2716
49788|1299|3920|206777
139317|44324|32595|174|13977|401455
57111|41327|61568|266460|61625
139317|44324|32595|174|266593
293|3356|174|20473|47065|61574
46450|1299|3920|206777
12969|1299|3356|28370|267556
971|174|1299|6855|50698
15576|174|52468|271150
28917|6939|1299|1759|51164|20574
327804|37271|174|11432|271150|272738
58308|6939|29208|203488
1273|174|210|47065|61574
37105|37662|174|28189|266931|271615|273522|271150
44324|32595|174|210684
35598|174|3257|21034
327960|174|12389|49666|205647|49801|204533
28917|6939|7018
59414|6830|174|28283|268744|2716
41666|12859|47065|61574
199524|6762|1299|3920|206777
28917|6939|1299|5518
2914|1299|201814|209896
4601|6939|28917|47914
44324|32595|174|53667|200329
58308|6939|6830|23520|27696
328964|23764|1299|8551|20473|47065|61574
48070|6461|21320|5408|47065|61574
7594|174|35598|52091|206810|211692|214268
56655|1299|2914|226|47065|61574
28917|6939|1299|59437
57695|917|60068|174|5538|8194|29345
29222|6939|208453|213998
58308|6939|12735|14789
398465|7922|2914|12859|47065|61574
41666|20764|52091|206810|12773
553|9002|206119|3257|174|214941|208185
34927|1299|6855|39904
32590|1299|7195|20473|47065|61574
58308|6939|50629|207252|215576
6424|62255|52091|48158
328840|327727|174|20723|2852|202874
559|33891|216067|44244
23673|9900|23764|3356|174|3130|47065|61574
11039|6461|1299|35598|52091|206810
28917|6939|1299|8697|8376
7713|1299|6461|394737
28917|6939|2852
34927|1299|4230|52654|266493|61625
28917|6939|32097
151326|174|35598|52091|206810
553|174|60068|205884
28917|6939|29670|49933
40994|57463|41327|205051
20080|2914|174|20723|2852|202874
6830|1299|22773|8119
398465|1299|3356|28370|267556
207841|61049|174|8551|20473|47065|61574
44324|32595|174|214273
327960|174|35598|52091|206810|5598
215596|1299|3356|28370|263963
266213|3356|1299|6855|39904
58308|6939|33891|15945
3356|1299|6855|39904|47767
139317|44324|32595|174|25467
5405|62255|52091|48158
205206|1299|3356|28370|53079
25152|2497|174|52468|271150
1299|6762|60068|205884
37271|174|28189|266931|269250|271150
34927|1299|3356|28370|263535|268030
328964|37468|1299|20473|47065|61574
28624|3356|1299|6855|39904
58308|6939|1299|58317|48448
327727|174|35598|52091|44660
55222|174|60068|211571
29222|6939|15935|197451|202872
3170|6939|28370|268521
6424|16735|2716
6762|174|1916|47065|61574
58308|6939|1299|53981
58057|1836|33891|44592|49581|209693
35008|1299|4230|52654|266493|61625
3320|1299|56630|209944
3320|1299|12859|47065|61574
139317|44324|32595|174|55003
58308|6939|263047|267961
28917|6939|3170|212683
34288|174|60068|205884
39392|174|140227|44324|205369
7713|1299|3356|16735|273514
51184|1764|174|20473|47065|61574
28917|6939|3170|214199
23764|1299|201814|209896
6424|6939|28917|52191
917|60068|1299|198949|35676
209650|34927|1299|60068|216213|205884
36924|1299|4230|2716
50304|1299|37468|53062|266493|61625
327727|174|35598|52091|206810|57164
4601|50869|41051|212121
553|6939|28370|269016
47147|1299|174|60068|205884
2152|3356|1299|201814|209896
210937|1299|20473|399970
28917|6939|1299|209255
58308|6939|57913
38001|3491|1299|20473|47065|61574
21232|13030|1299|6453|29208
12637|35598|52091|206810|211692|214268
210312|4601|50869|34019|202945|210960
16347|1299|3223|34224|12735
62167|174|8551|20473|47065|61574
15547|174|3257|19318|201813
12350|1299|3356|28370|28657
29691|1299|174|210329|215728
8218|6461|174|37468|61568|266460|61625
28917|6939|1299|20473|151418
47147|1299|6453|4755|7768
58308|6939|1299|25148
52320|1299|17676|216211|44324|205369
28917|6939|1299|13536|19704
20514|1299|174|21320|5408|50148
204092|30781|1299|198949|35676
59891|13030|21320|5408|47065|61574
3320|174|37468|61568|266460|61625
49788|12552|33891|60068|211571
29222|6939|7018|22787
15935|6461|23352|20473|47065|61574
40994|57463|41327|205005
2914|1299|198949|35676
28634|4230|1299|6855|39904
40994|57463|14840|269288
50629|174|1916|47065|61574
55222|174|3356|28370|268521
28917|6939|25192|26710
14907|1299|42303|51701|30893
207841|6204|208972|210538|6775|13030|4637|133398
6424|6939|28917|39238|49392|34567
64475|62255|25308|28917|9049|51017
41666|20764|202984|35598|25308|28917|9049|51017
139317|44324|32595|174|55655|64315
35600|35598|52091|206810|56766
553|1299|3356|28370
28917|6939|1299|17072|278
60326|34927|1299|20473|47065|61574
13030|1299|198949|35676
51184|1764|1299|3920|206777
38136|50131|36236|174|37468|61568|266460|61625
46450|1299|201814|209896
210312|4601|50869|34019|208627
50629|20764|52091|206810|202497
12307|29691|33891|44592|49581|209693
1828|1299|8551|44709
29075|174|216211|211575
28917|6939|1299|399912
58308|6939|42695|52011
58308|6939|7018|7743
34927|1299|174|21320|5408|50148
6730|6830|3356|28370|268198
559|7195|28189|266931|269250|271150
39351|174|3356|16735|273514
6461|174|52468|262393
29691|1299|20473|47065|61574
199524|5511|174|37468|61568|266460|61625
136557|174|1299|198949|35676
35280|6453|1299|20473|47065|61574
215596|1299|3356|28370|53079
51519|39351|174|216211|211575
57777|8298|8283|3491|209810|207187|206420
2516|1299|3920|206777
4764|1299|59692|12555
28917|6939|1299|205809
1267|1299|6453|19318|209896
30844|174|5538|8194|29345
57111|174|6453|4755|20473|47065|61574
206499|34549|1299|198949|35676
50629|20764|52091|206810|50204
12779|7195|11432|271150
59414|6830|174|22381|267470|263047|264389
20912|12637|174|140227|44324|205369
34288|1299|201814|209896
28917|6939|1299|20473|136535
8283|6939|2852|198500
6730|6830|1299|20473|47065|61574
57381|50304|1299|6453|29208
35600|6939|25192|29067
139317|44324|32595|174|51110
15576|174|20473|47065|61574
57866|1299|21351|60132
28917|8359|57304|209693
2497|1299|20473|399970
58308|6939|52927|267933
58308|6939|6830|23520|264663
174|37468|61568|266460|61625
28917|6939|1299|398788|44273
52075|2914|1299|3920|206777
57381|50304|1299|17676|216211|44324|205369
21412|174|52468|271150
210312|4601|50869|41051|197885
398465|1299|33891|216067|44244
57866|1299|6855|39904
28917|8359|57304|208437
10111|1299|8551|20473|47065|61574
553|6939|30893
50131|36236|2914|12859|47065|61574
58308|6939|39791|49101|49244
328964|3491|1299|8551|44709
40994|57463|41327|204504
36924|1299|32787|202161
29504|15935|174|6453|29208
12859|6939|207995
328964|37468|174|210329|215728
47147|3320|1299|20473|201423
6461|1299|3920|206777
58308|6939|1299|208905|206446|35793
20764|174|204548|215728
58308|6939|6830|23520|262191|274039
139317|44324|32595|174|56718
28917|6939|1299|3920
34854|1299|5511|60068|206406|210557
209650|34927|1299|20473|201423
553|62255|52091|206810|196638
3170|6939|2852
3170|6939|28917|9110
398465|4826|1299|3920|206777
3399|174|56630|209944
3701|174|11432|271150|272738
58308|6939|1299|394161
58308|6939|1299|39063|29108
28917|6939|1299|31898|54253
42473|1299|3356|28370|263535|268030
28917|6939|1299|54082|263725|274023
58308|6939|33891|38938
327804|37271|33891|60068|211571
58511|12859|47065|61574
59105|59103|2907|20965|5408|47065|61574
24516|174|35598|52091|206810|39558
29222|6939|62000|198831|212133
7594|174|8551|20473|47065|61574
28917|6939|1299|199508|215629
37497|3491|174|3130|47065|61574
58308|6939|1299|3301|199215
204092|6939|28917|198297
6830|6939|30893|199580
28917|6939|1299|270179
56655|1299|3257|20473|47065|61574
210312|4601|50869|6939|59689
35426|215596|1299|8551|20473|47065|61574
151326|174|35598|52091|206810|48687
40994|57463|41327|16004
58308|6939|1299|9146
40994|57463|41327|13182
36924|1299|3257|21700|399914
139317|44324|32595|174|22850|64112|394353
209650|34927|1299|3356|28370|264426
31510|174|22381|267470|263047
35600|35598|52091|206810|214721|204108
58308|6939|1299|18734|28477
28917|6939|1299|20473|148971
5405|1299|10490|2722|12148|47065|61574
12859|34927|202532
8298|25091|1299|10490|2722|12148|47065|61574
58308|6939|33891|49435
12779|35598|52091|206810|197643
44324|32595|174|25710
28917|6939|1299|32270|265619
58308|6939|1299|208905|206815
31510|174|5511|60068|206406|210557
44324|32595|174|43872
41327|7195|28189|266931|269250|271150
513|20965|5408|47065|61574
8426|3257|174|5538|8194|29345
51185|6762|1299|6855|39904|202605
58308|6939|29208|205400
2516|174|21700|399914
15935|174|1299|22773|8119
4181|1299|34927|202827
28917|6939|1299|5617|200750
207841|6939|29222|513|12654
6424|6939|28370|28657
20912|12637|1299|174|20473|47065|61574
51873|24889|13030|21320|5408|47065|61574
35600|30781|33891|60068|211571
58308|6939|33891|42008
44324|32595|174|41625
9268|4764|1299|20473|399970
917|60068|1299|3356|28370|263535
29222|6939|3170|205479
4601|50869|6939|2852|201648
196621|6939|28917|47759
151326|174|35598|52091|206810|8274
1280|1299|34927|202532
24516|174|56630|209944
20764|174|5538|8194|29345
12779|6939|28370|268521
47147|1299|6939|28370|267608
35600|6939|24796
28917|6939|1299|31898
50629|174|3130|47065|61574
34019|6939|28370|267608
51519|39351|1299|6855|39904|205968
5413|1299|174|20473|47065|61574
35598|174|6453|4755|7768
7473|1299|20473|47065|61574
21412|1299|7545|20473|47065|61574
47160|6939|28370|270962
28917|6939|7018|22617
48070|1299|3356|16735|2716
50304|1299|6855|39904|47767
28917|6939|25400|15765
6057|174|20473|47065|61574
28917|6939|1299|25899|397301|6649
174|8551|20473|47065|61574
139317|44324|32595|174|53667|202256
21232|15576|35598|52091|206810|35273
20912|174|201814|209896
39392|174|2914|226|47065|61574
971|174|35598|52091|206810|197643
328840|327727|174|204548|215728
1267|1299|174|204548|215728
8220|1299|22773|8119
49028|1299|3356|28370|264426
34927|1299|917|214598
58057|34549|3257|1299|20473|47065|61574
28917|6939|1299|52025|54681
12637|174|210329|215728
8529|1299|174|60068|205884
20612|9044|1299|6453|4755|7768
34800|58057|50673|174|22381|267470|263047|264389
28917|6939|2852|200874
5405|6939|24796
12779|6939|207995
559|14840|2716
60068|174|216211|44324|205369
327727|174|35598|52091|206810|39558
45049|6696|1299|6855|39904|202605
6830|4637|20473|47065|61574
4601|50869|41051|201423
51519|39351|12859|47065|61574
20932|174|1916|47065|61574
202365|50673|174|3257|20473|47065|61574
28917|6939|1299|39892
52320|1299|6855|39904
559|35598|52091|44660
136557|174|35598|52091|206810|59867
29479|50304|1299|6855|39904
28917|6939|1299|32934
28917|6939|48070|60894
58308|6939|6830|23520|262191|273926
28917|6939|1299|20473|213891
132825|174|204548|215728
23673|9900|23764|3356|1299|20473|47065|61574
2518|33891|216067|44244
19151|174|12956|212721
58299|174|60068|205884
210312|4601|8298|25091|6830|60068|216213|205884
12350|1299|20473|399970
28917|6939|1299|23520|267797
29222|6939|553|204680|202539
28917|6939|1299|60610
139317|44324|32595|174|200435
58308|6939|28370|267556
20514|1299|37468|270551|263047
205112|50629|33891|60068|211571
28917|6939|1299|5617|62321
12779|174|216211|211575
6894|174|8551|20473|47065|61574
174|21700|399914
132825|174|6461|394737
49028|1299|56630|209944
204092|30781|1299|20473|399970
58308|6939|1299|61423
64475|6939|29222|41495
12307|29691|1299|3356|16735|273514
14907|1299|60068|216213|205884
44324|32595|174|36792
28917|6939|29222
577|33891|216067|44244
50628|1299|6762|60068|205884
6830|6453|60068|216213|205884
28917|6939|1299|20473|131662
5405|62255|52091|206810|59815
50629|6939|42695|43101
34927|1299|3257|20473|47065|61574
41722|20764|174|210329|215728
58308|6939|1299|3249|200425
6908|174|210329|215728
4601|50869|6939|50989|205966
215596|1299|12956|212721
28917|6939|56595|205885
17350|6453|1299|6855|50698
12586|3257|1299|198949|35676
8283|6939|28370|268198
3130|174|30844|21351|60132
28917|6939|1299|3301|209041
3320|1299|60068|211571
58308|6939|61618|267320
28917|20764|43298|48678|213865
35600|212815|52053
37721|174|37468|61568|266460|61625
28917|6939|1299|3308
29222|6939|25400|21293
64475|6939|28370|267556
210312|4601|50869|41051|212888
5405|62255|52091|206810|48687
20080|2914|1299|201814|209896
28917|6939|1299|20473|214660
55222|174|14840|2716
8298|8283|3491|209810|207187|205345
57381|50304|1299|3356|28370|269016
1299|3257|204548|215728
58308|6939|1299
8283|3491|20473|399970
207841|61049|2914|1299|3920|206777
199524|174|3491|20473|399970
20253|1299|6453|60068|216213|205884
1280|1299|35598|52091|206810
37053|37100|2603|21320|5408|47065|61574
48362|1299|3356|28370|268198
20080|2914|1299|6855|39904|199604
58308|6939|1299|20473|398549
28917|6939|1299|20473|401155
38001|3491|174|210329|215728
49028|1299|6461|394737
6830|174|11432|271150
15605|34927|202827
50877|5405|6939|28370
44324|32595|174|43160
28917|6939|1299|205184
207841|6939|28917|198297|51081
42473|1299|6453|29208
6424|6939|28917|21453|199933
28917|6939|1299|60068|197103|262160
210312|4601|50869|41051|215795
58308|6939|1299|206264
34927|174|60068|216213|205884
58308|6939|1299|209847
20205|174|52468|271150
32590|12956|2914|12859|47065|61574
24785|6830|3356|28370|263535|268030
28917|6939|2852|61110
553|9002|12555|200624
29222|6939|263047|269680
28917|6939|1299|32270|27887
48919|174|1916|47065|61574
58308|6939|47160|213873
202365|50673|174|6461|394737
29222|6939|198101
1299|6855|39904|205968
1299|37468|270551|263047
6424|6939|28917|28775
48919|174|60068|205884
28917|61568|266460|61625
6730|6830|174|60068|197103|212080
34177|1299|3491|216211|211575
14537|13786|174|210329|215728
48362|1299|174|210329|215728
58308|6939|1299|12488
140627|1299|3356|28370|263535|268030
24516|3491|1299|3920|206777
12637|1299|10490|2722|12148|47065|61574
204092|6939|15372|203592
29222|6939|202297|200299
51184|1764|174|140227|44324|205369
20205|1299|17676|216211|44324|205369
139317|44324|32595|174|44788
7594|174|60068|197103|212080
136557|174|140227|44324|205369
28917|6939|1299|23520|27665
29075|33891|44592|49581|209693
34927|1299|6855|39904|205968
28917|6939|1299|20473|215311
58308|6939|1299|5504
16347|1299|6453|29208
59103|2907|20965|5408|47065|61574
210312|4601|50869|212934
1280|1299|174|37468|61568|266460|61625
37239|37468|174|204548|215728
7018|6939|2852|197451
57111|174|210|47065|61574
28917|215551|30893|13214|35634
210312|4601|50869|44324|202335
7018|6939|215172|214955
5511|174|14840|269288
58308|6939|6830|23520|11081
50304|1299|6855|39904|202605
57111|174|1299|12859|47065|61574
53828|2914|174|35598|52091|206810
58308|6939|1299|15659
140627|1299|3356|28370|263535
34019|1680|20473|47065|61574
58308|6939|1299|199540
263152|174|60068|211571
1299|60068|197103|212080
47147|2914|174|399697|39967|399697
39392|33891|21320|5408|47065|61574
34019|6939|215172|214955
34019|29169|174|3130|47065|61574
34288|1299|3356|28370|267608
28917|6939|25400|15765|203673
28917|6939|1299|8151
14907|1299|8551|20473|47065|61574
2734|3257|1299|34927|202532
3356|1299|16276|203019
3333|1257|1299|22773|8119
31510|174|210|47065|61574
28917|6939|1299|20473|55207
37105|37468|174|11432|271150|272738
24961|3320|1299|60068|197103|212080
34927|52025|174|3356|8119
5405|6939|2852|197451
63927|1299|60068|211571
5413|1299|7195|28343|2716
28917|6939|1299|20473|153185|153187
327727|174|50509|51032|41344|39707
20932|1299|6855|39904|47767
39351|1299|6453|19318|201813
28917|6939|1299|6206|15020
64475|6939|29222|207688
20764|174|10490|2722|12148|47065|61574
9900|23764|3356|174|20473|47065|61574
34927|1299|3356|28370|268521
139317|44324|32595|174|12252
28917|6939|1299|8375|214019
42541|1299|3257|19318|201813
7720|10111|1299|8551|20473|47065|61574
196621|58115|21263|203293
49673|3216|33891|60068|211571
205206|1299|3356|28370|268521
45352|1299|12956|212721
1299|3356|28370|28657
48070|1299|6453|29208
39122|1299|3356|28370|28657
35280|3356|174|399697|39967|399697
35369|1764|174|3130|47065|61574
132825|174|5459|200070
28917|6939|1299|203410
3399|5511|1299|20473|47065|61574
28917|6939|1299|20473|211158
553|6939|25192
204092|6939|28917|39238|49392
29222|6939|215085|207682
199524|1299|20473|47065|61574
58308|6939|1299|23033|399275
48070|6939|2852
49605|6762|174|399697|39967|399697
20080|2914|1299|33891|216067|44244
47147|1299|6855|50698
44324|32595|174|984
6082|2914|1299|6855|50698
151326|174|6461|394737
174|11432|271150|272738
20055|1299|3223|34224|12735
28917|6939|1299|5391|8585|57388
20253|1299|174|140227|44324|205369
271253|6453|174|32595|44324
28917|6939|1299|20473|133492
210312|4601|50869|58299|48971|208200
28917|6939|1299|37680|328596
210312|4601|50869|58299|209114
8220|6453|1299|29695|206557|208835
35600|35598|52091|206810|34786|41875
50304|1299|3257|20473|47065|61574
1273|174|10490|2722|12148|47065|61574
29222|1299|22773|8119
9268|4764|1299|60068|211571
4601|50869|6939|2852|213152
56655|1299|174|3130|47065|61574
44324|32595|174|53667|399266
40994|6939|30893|199580
20514|1299|6461|394737
7018|3356|16735|273514
45049|6696|5511|174|52468|271150
207841|61049|174|22381|267470|263047|264389
28917|6939|1299|265530
20932|1299|6453|19318|201813
39122|1299|3356|28370|267608
28917|6939|1299|60068|197103|395893
64475|6939|28917|198297
47147|6830|60068|211571
12389|1299|20473|399970
58308|6939|6830|23520|262199
35008|1299|3356|22381|267470|263047|264389
8283|6762|1680|44709
29222|6939|8194|29345
58308|6939|1299|199524|62553|205941|211281
47147|1299|6939|28370|52593
17660|2914|1299|20473|47065|61574
58308|6939|12637|60087
56655|1299|20473|47065|61574
3214|2603|21320|5408|47065|61574
328964|3491|1299|20473|47065|61574
6667|6830|60068|216213|205884
44324|32595|174|401780
15605|35598|52091|206810|211101
28917|6939|1299|23033|401988
28917|6939|1299|198818
16347|1299|8551|44709
12859|6939|54429|401894
28917|6939|1299|20473|210041
7594|3356|1299|20473|47065|61574
28917|6939|1299|20473|22915
29479|50304|1299|6855|50698
196621|32787|202161
15605|35598|52091|206810|214721|204108
206356|50629|6461|210|47065|61574
136557|174|35598|52091|44660
553|6939|28370|28657
15605|35598|52091|206810|57460
44324|32595|174|200435
174|50509|51032|41344|39707
22652|174|60068|205884
7594|174|204548|215728
50629|1299|21351|60132
28917|3257|1299|20473|47065|61574
41811|1273|174|37468|61568|266460|61625
44324|32595|174|327727|328840
28917|6939|47160|213873
6830|6939|28917|52191
34854|1299|8551|44709
29504|15935|174|52468|262393
28917|6939|215782
971|174|35598|52091|206810|59815
57866|12859|47065|61574
28917|6939|1299|835|52025|203069
29222|6939|200303
37053|37662|174|52468|262393
328840|327727|174|46427|64289|44592|49581|209693
199938|1299|21351|60132
58308|6939|35133|50917|214677
48919|174|140227|44324|205369
17350|2914|1299|198949|35676
44324|32595|174|401486|214183|40662
210312|4601|50869|41051|201732
12779|35598|52091|206810|24881|24697
12779|35598|52091|206810|56915
6830|3356|16735|273514
151326|174|3257|21034
59414|6830|3257|21034
34854|1299|174|140227|44324|205369
47147|9002|3356|174|3130|47065|61574
206356|50629|1299|20473|399970
204092|29632|215536
29222|6939|9136|206236|207921
327960|174|35598|52091|206810|39089
44324|32595|174|199391
49028|1299|6939|393682
12859|35598|52091|206810|5598
209823|25091|1299|3920|206777
4775|1273|174|8551|20473|47065|61574
15605|35598|52091|206810|211692|214268|197578
6057|6461|1299|3920|206777
2497|3356|21320|5408|47065|61574
58057|50673|174|1299|3920|206777
34854|1299|3356|28370|267556
28917|6939|1299|54696
1140|24785|6830|3491|20473|47065|61574
52873|12956|174|20723|2852|202874
2914|1299|10490|2722|12148|47065|61574
28917|6939|1299|394923
28917|6939|1299|20473|44754
139317|44324|32595|174|14148
44324|32595|174|9166
28917|6939|1299|270126|270215
24516|174|3257|25091|8298|4601|4492
28917|6939|1299|23520|15344
4230|1299|201814|209896
6423|20055|1299|6855|39904
6830|1299|8551|44709
37271|3257|1299|3920|206777
58308|6939|6830|23520|54082|263725|271981
64475|3320|1299|10490|2722|12148|47065|61574
680|1299|22773|8119
206499|34549|174|140227|44324|205369
39801|5511|174|21700|399914
40994|6939|30893|205563
28917|20764|52091|206810|48687
266213|3356|21320|5408|47065|61574
8455|1299|20473|47065|61574
37105|37662|174|6453|4755|7768
37239|37468|33891|44592|49581|209693
48070|1299|198949|35676
12637|35598|52091|206810|57460
35600|6939|28917|20985
44324|32595|174|327727|329010
132825|174|35598|52091|206810|211101
44324|32595|174|273205
58308|6939|1299|43893|209454
57821|12586|3257|1299|34927|202532
4809|1299|20473|399970
28917|6939|1299|13876
328206|37739|3491|1299|12859|47065|61574
213151|34549|1299|8551|44709
28917|6939|1299|23520|30689
33891|3223|34224|12735
29222|6939|53764
35426|215596|1299|3356|28370|267556
28917|6939|1299|60068|197103|396043
58057|1836|5511|174|37468|61568|266460|61625
34854|14840|269288
45049|6696|5511|174|11432|271150|272738
37662|174|60068|211571
12779|56630|209944
36924|1299|6204|44592|49581|209693
8283|29632|215536
51873|6830|12859|47065|61574
48070|1299|3356|1680|44709
44324|32595|174|53667|38230
21700|174|35598|52091|206810|39089
7594|174|30844|21351|60132
6830|1299|35598|52091|206810
50673|174|28189|266931|269250|271150
204092|56630|209944
174|35598|52091|206810|211692|214268
23367|1299|174|22381|267470|263047|264389
58308|6939|1299|62214
58308|6939|1299|208905|212616
47692|33891|12859|47065|61574
7594|3356|1299|198949|35676
204092|34019|3303|174|52468|271150
1273|174|20723|2852|202874
12859|35598|52091|206810|202279|213203
8220|1299|8943|200636
20253|1299|174|14840|269288
327960|174|35598|52091|206810|213694
34927|52025|1299|3223|34224|12735
28917|6939|1299|36236|11878
28917|6939|61618|268797
139317|44324|32595|174|329082
2914|174|5538|8194|29345
57381|50304|1299|3356|28370|263963
58308|6939|1299|36352|60117
40994|6663|3216|51032|41344|39707
20764|12859|47065|61574
44324|32595|174|3266
58308|6939|1299|205763
48070|6939|25192
58308|6939|7018|20057
28917|6939|1299|60068|398991
12969|1299|6453|4755|7768
6461|174|5538|8194|29345
29504|15935|174|1299|20473|399970
8283|2914|28283|268744|2716
513|174|28189|266931|269250|271150
52320|174|20473|47065|61574
37739|3491|1299|20473|399970
1828|6461|174|5538|8194|29345
15605|35598|52091|206810|59867
7594|174|11432|271150|272738
132847|7474|3257|174|399697|39967|399697
5413|1299|17676|216211|44324|205369
28624|3356|1299|20473|47065|61574
49028|1299|7195|28189|266931|269250|271150
41666|22356|52468|271150
28917|6939|7018|22729
6696|1299|16164|36032
13030|1299|7195|28189|266931|269250|271150
553|1299|6762|16735|2716
139317|44324|49581|209693
59414|6830|34927|202827
553|6939|28370
553|6939|50989|50683
207841|6939|28917|50045
28917|6939|1299|52468|274169
41327|6939|28370|264426
9044|174|11432|271150|272738
58308|6939|9136
15935|174|201814|209896
48070|37468|60068|216213|205884
4601|50869|6939|54429
327960|174|35598|52091|206810|197643
12637|35598|52091|206810|208435
8298|8283|3491|209810|207187|206420
47147|1299|56504|47674
12956|1299|201814|209896
58308|6939|29670|57024
199938|1299|174|21320|5408|47065|61574
553|1299|201814|209896
28917|6939|1299|20473|401566
58308|6939|12735|15830|47952
31510|174|204548|215728
13830|971|174|6453|19318|201813
56655|1299|174|140227|44324|205369
29222|6939|15962|21433
35280|6453|174|20473|47065|61574
50304|47311|150249|153176
12779|6939|28370|28657
32590|12956|174|399697|39967|399697
6057|174|32595|44324
49432|48362|1299|10490|2722|12148|47065|61574
13786|174|210|47065|61574
198249|34927|202532
6424|6939|25192|26710
45049|6696|1299|6461|394737
25152|2914|174|399697|39967|399697
61218|29632|8455|8283|47065|61574
55720|2914|1299|6855|50698
553|6939|42695|43101
58308|6939|1299|3308|42789
15605|35598|52091|206810|211692|214268
8220|1299|6453|1031|61568|266460|61625
3216|1299|3223|41327
6453|174|28189|266931|271615|273522|271150
58308|6939|50629|207252|202119
29222|6939|28370|269016
139317|44324|32595|174|140627|17456|395400|23676
58308|6939|1299|22773|20940
57111|174|6453|9498|20473|47065|61574
58308|6939|1299|9141|39869|59491
50673|174|140227|44324|205369
15935|6461|6057|28283|268744|2716
49432|48362|1299|6461|394737
19151|2914|1299|6855|39904|202605
33891|212815|52053
48070|6939|28917|6789|203561
7713|33891|60068|211571
34019|47160|174|1916|47065|61574
3303|174|60068|205884
35008|1299|3356|20473|47065|61574
58308|6939|7018|11483
202032|57463|14840|269288
28917|6939|1299|18734|265540
49788|12552|8283|47065|61574
44324|32595|208223
8529|1299|8551|44709
6830|6939|2852|199711
6830|6939|59970
1299|3356|28370|268521
44324|32595|174|35399
13786|174|20473|47065|61574
13786|3356|1299|198949|35676
6830|32787|202161
28917|6939|1299|205958
28917|6939|1299|210937|11930
28917|6939|1299|398105
61568|174|21320|5408|50148
32590|6453|1299|20473|47065|61574
47147|1299|3356|28370|268198
6762|1299|198949|35676
48070|1299|3356|28370|267556
35600|35598|52091|206810|24881
2516|1299|8551|20473|47065|61574
3399|5511|174|37468|61568|266460|61625
50629|1680|20473|47065|61574
207841|6939|30893|204789
29140|286|33891|216067|44244
28917|6939|1299|20473|203145
210312|4601|50869|52025|57851
206356|50629|3223|34224|12735
58308|35598|52091|206810|214210
3170|6939|28917|28907
1403|577|1299|3920|206777
60068|174|20723|2852|202874
58308|6939|29670|212520
999|6453|174|28189|266931|269250|271150
32590|12956|174|204548|215728
139317|44324|32595|174|15094
132847|7474|7473|1299|198949|35676
35625|3356|21320|5408|47065|61574
59891|13030|1299|6453|29208
136557|174|201814|209896
207841|6939|2852
29075|1299|7545|20473|47065|61574
28917|6939|1299|20473|212529
12779|7195|28189|266931|269250|271150
44324|32595|174|395866
64475|31133|12389|28917|8905|42132|56779
28917|6939|3170|213692
8283|13335|400095
58308|6939|35133|210558
28917|6939|1299|20473|209300|24239
50628|1299|3920|206777
1031|999|6453|174|8551|20473|47065|61574
6830|3257|19318|201813
15605|35598|52091|206810|202279|213203
8455|3356|174|399697|39967|399697
4601|50869|216375
29222|6939|30893|200690
327727|174|6762|1680|44709
28917|6939|62000|207879
196621|6939|200303
49605|6762|174|5538|8194|29345
57381|50304|1299|4637|20473|47065|61574
174|1299|34927|202532
680|33891|44592|49581|209693
58308|6939|196621
34177|1299|3356|28370|263963
2152|3356|1299|6855|39904
57381|50304|1299|2914|226|47065|61574
139317|44324|32595|174|11172|273278
1299|6939|393682
20253|1299|3356|28370|263963
21412|174|210|47065|61574
28917|6939|1299|20473|211024
36924|1299|7545|20473|47065|61574
28634|4230|1299|8551|44709
3170|6461|214565|64289|212895|210320
264479|6762|1299|6855|39904|47767
398465|1299|6855|50698
207841|20764|202984|35598|25308|28917|204076
28917|6939|1299|51290
559|62255|62379
6730|6830|1299|20473|201423
28917|6939|48678|211804|208913
139317|44324|32595|174|30150
50629|20764|52091|206810|35273
8220|1299|29695|206557|204503
40994|6939|50989
210312|4601|6939|28917|39153
140627|2914|1299|20473|47065|61574
12859|37271|20473|47065|61574
28917|6939|25400|31264
34927|52025|174|3356|28370|28657
210312|4601|50869|41051|212164
328840|327727|174|35598|52091|206810|56915
47147|1299|7195|11432|271150
20080|2914|1299|10490|2722|12148|47065|61574
1299|32787|202161
8220|1299|3920|206777
31742|1299|3356|8772|215536
28917|8359|57304|48678|42216
6830|3356|21320|5408|47065|61574
7474|3257|174|14840|269288
48070|6939|28917|28907
28917|6939|6830|23520|64126|272980|274084
34927|52025|174|12956|212721
28917|6939|1299|32913
57777|8298|8283|3491|209810|207187|205345
37100|2603|21320|5408|47065|61574
12637|1299|7545|20473|47065|61574
3170|57463|7713|174|56308
12859|35598|52091|206810|12773|47809|50780
59414|6830|174|210329|215728
37662|1299|20473|399970
58308|6939|50629|59645
20514|1299|8551|44709
3170|6939|29222|207688
28917|6939|7018|10439
28917|6939|7018|13965
28917|6939|63290
45049|6696|1299|17676|216211|44324|205369
58299|8551|20473|47065|61574
1299|6939|50989|50683
49432|48362|1299|174|210|47065|61574
49434|9002|1299|198949|35676
20514|1299|174|14840|269288
559|6939|30893|200690
50131|174|20473|47065|61574
20932|1299|10490|2722|12148|47065|61574
62167|174|140227|44324|205369
199524|47311|150249|212001|215379
3399|5511|1299|6855|39904|47767
58308|6939|6830|33915|29263
28917|6939|1299|52468|269805
12389|174|52468|271150
2500|2914|1299|35598|52091|206810
28917|6939|1299|3223
34854|1299|12956|212721
44324|7720|10111|1299|20473|47065|61574
34019|6939|30893
206356|50629|8551|20473|47065|61574
8220|1299|174|20473|47065|61574
17660|2914|1299|34927|202532
34927|52025|174|14840|269288
34872|24961|1299|20473|47065|61574
48070|7195|20473|47065|61574
199938|1299|12859|47065|61574
4764|174|22381|267470|263047|264389
50629|20764|52091|59815|25299
8280|6762|174|56630|209944
58308|6939|6830|23520|272935|273937
209650|34927|1299|6855|39904
20205|1299|12859|47065|61574
16552|1299|6855|50698
20205|174|22381|267470|263047|264389
19151|2914|1299|8551|44709
9044|1299|6453|19318|201813
29680|3257|1299|198949|35676
15605|35598|52091|59815
28917|6939|1299|30823|215730
24961|1299|8551|20473|47065|61574
37662|174|3257|21034
28917|6939|1299|27947|27668
34800|58057|50673|174|1916|47065|61574
42541|1299|174|216211|211575
205206|33891|212815|52053
28917|6939|1299|14754|263812
209650|34927|1299|3257|20473|47065|61574
3257|3356|21320|5408|47065|61574
139317|44324|32595|174|210|47065|61574
139317|44324|32595|174|44222|209847|26383
20205|1299|60068|197103|212080
2500|2914|1299|8551|44709
28917|6939|1299|23520|11081
210312|4601|50869|13335|400095
57381|50304|1299|3356|8772|215536
63927|1299|6855|39904|199604
210312|4601|6939|28917|50009
29691|1299|3257|20473|47065|61574
6423|20055|174|35598|52091|206810
58308|6939|50629|211664
139317|44324|32595|174|13737
553|6939|30893|205563
8283|6939|25192
57381|50304|1299|3356|28370|268521
58299|28917|215730|209693
1140|24785|6830|174|52468|271150
6762|174|11432|271150|272738
48070|7195|11432|271150
44324|32595|174|14178|272300
4601|6939|28917|44812
210312|4601|6939|28917|47759
23367|1299|12859|47065|61574
3170|174|138997|216211|44324|205369
2914|174|210|47065|61574
57695|917|60068|1299|3356|28370|263535
32590|6453|174|14840|269288
20253|1299|6855|39904
58308|35598|52091|206810|34786|34789|34786
37100|1299|201814|209896
29222|6939|3170|201579
44324|32595|174|396073
34800|29632|9002|21320|5408|47065|61574
29140|174|52468|271150
1273|1299|34927|202532
263152|174|60068|197103|212080
139317|44324|32595|174|6621|265705
12779|9002|34927|202827
6696|1299|6855|39904|202605
40387|1299|3223|41327
293|3356|174|201814|209896
139317|44324|32595|174|31404
34927|174|7311|835|394273
49544|1299|3920|206777
29504|15935|6461|6057|28283|268744|2716
48070|1299|6453|4755|7768
34927|1299|3356|28370|264426
210312|4601|50869|215509
140627|1299|6453|29208
207841|6939|29222|513
35600|16276|203019
57111|174|14840|269288
174|5511|60068|206406|210557
6730|6830|174|11432|271150|272738
3257|174|21320|5408|47065|61574
58308|6939|3170|59410
58308|6939|1299|20473|208884
37053|37100|1299|20473|47065|61574
55222|174|13786|28343|2716
198385|174|3491|20473|47065|61574
327727|174|35598|52091|206810|202497
44324|32595|174|53667|139791
6696|1299|20473|47065|61574
327727|174|1299|6939|24796
58308|6939|268624|262594|269677
58308|6939|214443
44393|394256|174|22381|267470|263047|264389
29479|50304|1299|56630|209944
29222|6939|15962|50881
513|174|1299|8551|44709
28917|6939|1299|8764
58308|6939|6424|46516
44324|32595|174|393857
8455|1299|6453|29208
34854|8298|4601|4492
205206|1299|20473|399970
17350|3356|1299|20473|47065|61574
25091|3356|174|3130|47065|61574
999|6453|174|20473|47065|61574
58308|6939|1299|61273
15547|174|1299|8551|44709
44324|32595|174|204413
6830|6939|28370|264426
917|25369|174|216211|211575
136557|174|11432|271150
7713|174|1299|12859|47065|61574
174|1299|8551|44709
13237|1299|3356|28370
34854|1299|6453|19318|209896
31742|1299|37468|53062|266493|61625
132825|174|3356|8119
47147|6830|60068|216213|205884
7018|3356|8772|215536
196621|15576|3356|1299|20473|47065|61574
49432|48362|1299|3257|20473|47065|61574
20932|21320|5408|47065|61574
15605|35598|52091|206810|210063
7713|174|1916|47065|61574
4637|33891|216067|44244
12859|25180|1299|198949|211049
6667|1299|10490|2722|12148|47065|61574
58308|6939|1299|211181
58308|6939|208453|214639
8283|20764|202984|35598|25308|28917|9049|51017
34177|2603|21320|5408|47065|61574
29222|6939|25400|49278
6777|56630|209944
35280|6453|1299|6855|50698
32590|1299|6855|39904|202605
11039|6461|1299|34927|202532
28917|6939|1299|23487|27738
24516|3491|1299|34927|202532
34177|3356|1299|60068|197103|212080
139317|44324|32595|174|9146
28917|6939|1299|32787
6830|6939|54429|401894
39122|174|3257|21034
2734|3257|174|201814|209896
58308|6939|7018|400072
4601|50869|199310|153376
199524|174|3356|28370|28657
37239|37468|174|201814|209896
28917|6939|6830|6730|213081|211535
12859|137409|48011|25184|49801|204533
6453|174|28189|266931|269250|271150
971|174|6453|19318|201813
8220|1299|3223|34224|12735
32590|12956|1299|198949|35676
28917|6939|1299|11664|20002
57381|50304|1299|174|3130|47065|61574
35426|215596|1299|20473|47065|61574
42541|1680|44709
28917|6939|1299|214002
64475|6939|30893|199580
29075|1299|6453|19318|209896
58308|6939|6830|23520|27717|274255
61049|174|8551|20473|47065|61574
58308|35598|52091|206810|8274
12859|1299|198949|35676
8220|6453|174|21320|5408|50148
12350|1299|3356|28370|263963
39392|174|1299|20473|47065|61574
58308|6939|50629|35675
25091|6453|174|140227|44324|205369
28624|3356|1299|6855|39904|202605
34800|58057|50673|12859|47065|61574
20205|1299|3356|8772|215536
207841|34927|202532
28917|6939|1299|20473|151230
58299|29632|215536
3170|6939|28917|21453|41783
4601|50869|214675|208790
1764|174|60068|205884
50628|1299|7195|28343|2716
29222|6939|32097|64236
16347|1299|6855|50698
7018|13335|400095
50877|5405|6939|28370|267608
37271|3257|1299|34927|202532
58308|6939|1299|209551
57381|50304|1299|3920|206777
15562|2914|174|20723|2852|202874
48362|1299|3356|28370|53079
58308|6939|6830|23520|263703|272018
41327|7195|28343|2716
196621|15576|174|1916|47065|61574
58308|6939|9136|211479
6762|174|140227|44324|205369
22652|1299|29695|206557|205190
7018|6939|50989|48116
139317|44324|32595|174|54419
28917|6939|1299|35661|42612
29222|6939|15935|197451|201263
196621|6939|24796
31510|174|3257|21034
28917|6939|1299|27947|267881
4601|50869|58299|41051|49867
8280|5408|47065|61574
3399|5511|174|14840|269288
44393|394256|174|8551|20473|47065|61574
64475|6939|215172|214955
52925|3356|1299|198949|35676
6908|174|60068|216213|205884
34854|3214|6830|3356|28370|28657
13030|12859|47065|61574
8220|6453|1299|29695|206557|204503
5405|62255|62379
35280|6453|174|210|47065|61574
28917|6939|7018|2386|11873
577|6830|60068|216213|205884
12637|174|140227|44324|205369
50629|37468|53062|266493|61625
139317|44324|32595|174|398343
59105|2518|2516|174|3130|47065|61574
513|29222|6939|268047
28917|6939|1299|27947|264836
42541|62255|25308|28917|9049|51017
151326|174|35598|52091|206810|5598
31742|1299|3356|28370|267556
6696|1299|174|3130|47065|61574
8283|3491|209810|207187
58308|6939|1299|43646
199524|1299|60068|197103|212080
46450|1299|6762|49666|58224|214805
4181|1299|1680|20473|47065|61574
271253|6453|1299|3920|206777
132337|1299|3223|41327
40387|1299|6855|39904
34800|58057|50673|174|12956|212721
58308|6939|1299|263744
22652|1299|3223|34224|12735
30844|5511|1299|3920|206777
3333|12859|215551|30893
22652|1299|1680|20473|47065|61574
34854|1299|6453|19318|201813
204092|44592|49581|209693
140627|1299|3356|28370|264426
58308|6939|28917|47914
58308|6939|6830|23520|52228
34927|56655|1299|25091|8298|4601|4492
4777|2497|1299|8551|44709
48070|1299|3920|206777
44324|32595|174|3130|47065|61574
553|1299|20473|399970
29222|6939|15962
1299|3356|28370|263060
207841|6939|24796|63293
28917|6939|56595|206324
28917|6939|1299|214783
28917|6939|1299|199150
28917|6939|1299|3301
51185|6762|174|201814|209896
21232|15576|174|204548|215728
49028|1299|29049|49666|205647|49801|204533
29222|6939|29208|44770
47147|1299|6939|28370|268521
15605|35598|52091|206810
29075|1299|198949|35676
4764|1299|6855|39904|202605
44324|32595|174|55655|64315
204092|6939|2852|212876
3356|1299|201814|209896
38136|50131|174|8551|20473|47065|61574
28917|6939|1299|20473|27715
44324|32595|174|16637|36974|20940
29222|16276|203019
1267|1299|174|210329|215728
58057|174|37468|270551|263047
8529|2603|21320|5408|47065|61574
328840|327727|174|35598|52091|206810|5598
7720|10111|1299|8551|44709
53828|3257|1299|34927|202532
58057|34549|1299|6855|39904
5405|6939|2852|48091
28917|6939|1299|20473|214514
34288|1299|3356|28370|268521
174|5511|49666|58224|214805
34927|52025|174|201814|209896
216285|8280|6762|174|60068|197103|212080
34019|62255|52091|206810
28917|6939|202297|210951
58308|6939|25400|49278
28917|6939|1299|23520|264821|274290
199938|1299|3356|28370|263963
12779|6939|16652
263152|53013|6762|1299|6855|39904|199604
6762|174|60068|216213|205884
58057|50673|174|12956|212721
140627|2914|1299|3920|206777
19151|2914|1299|198949|35676
398465|1299|6762|49666|58224|214805
139317|44324|32595|174|42313|207502
59105|2518|33891|44592|49581|209693
148968|1299|6461|394737
207841|6939|28917|20985
12637|35598|52091|44660
58057|174|35598|52091|206810|56766
12859|1299|16164|36032
64475|6939|24796|63293
12779|14840|269288
50628|1299|17676|216211|44324|205369
35266|3257|33891|216067|44244
50300|3257|1299|3920|206777
28917|6939|7018|62883
174|56630|209944
28917|6939|1299|8781|396986
58308|6939|7018|20057|64011
12637|1299|6855|39904|205968
139317|44324|401538|393577|213801
204092|6939|28917|48084|59833
28917|8359|57304|41720|58180
35426|215596|1299|12956|212721
49028|1299|8551|20473|47065|61574
39801|5511|174|37468|61568|266460|61625
28917|6939|6830|60068|51191
999|6453|174|22381|267470|263047|264389
28917|6939|1299|14080|10620
24516|174|201814|209896
12956|174|3130|47065|61574
209823|6830|60068|211571
41722|52025|212895|210320
4764|1299|23764|35168|212999
151326|174|35598|52091
5511|174|140227|44324|205369
58299|34549|1299|3920|206777
58308|6939|1299|214415
29222|6939|29670|49933
45352|174|3257|21034
34549|1299|3223|34224|12735
210312|4601|50869|44324|211729
44324|32595|174|42366
6461|174|14840|2716
28917|6939|1299|21859|63473|209261
6453|174|204548|215728
3399|33891|60068|211571
553|6939|25192|20701
37468|174|399697|39967|399697
139317|44324|32595|174|273298
2027|6696|1299|20473|201423
58308|6939|1299|198611
6908|174|204548|215728
2914|174|20723|2852|202874
58308|6939|6830|23520|64126|274068
57866|5511|174|3130|47065|61574
139317|44324|32595|174|29727
28917|6939|1299|20473|21629
174|32787|202161
47147|1299|1680|20473|47065|61574
209823|3356|174|20473|47065|61574
58308|6939|215085|207682
58308|6939|1299|20521
28917|6939|1299|6855|47749
58308|6939|6830|23520|272935|263730
215596|174|210|47065|61574
199938|1299|37468|60068|216213|205884
51873|6830|3356|8551|44709
210312|4601|50869|52025|35100
12389|174|3130|47065|61574
44324|32595|174|400810
44393|58057|50673|12859|47065|61574
4601|50869|52025|214749
20130|23352|2914|174|20473|47065|61574
12859|18678|22381|28343|2716
57111|41327|34927|202827
28917|6939|205081
4601|50869|6939|42695|43101
49028|1299|37468|52468|271150
28917|6939|1299|198279|35444
559|32787|202161
3170|6939|2852|212876
199524|1299|60068|216213|205884
328512|5713|33891|216067|44244
7018|3356|3223|41327
271253|6453|174|11432|271150
34177|3356|1299|20473|47065|61574
32590|3356|21320|5408|47065|61574
7594|174|35598|52091|206810|34786
24482|52025|212895|210320
8283|6939|2852|48091
4764|1299|29695|206557|208835
20253|1299|174|21320|5408|47065|61574
559|35598|52091|206810|211692|214268
132825|174|35598|52091|206810|211692|214268|197578
28917|6939|1299|213138
263237|174|60068|197103|212080
58308|6939|262485
29504|15935|174|5511|49666|58224|214805
58308|6939|1299|14722
13830|971|174|37468|61568|266460|61625
3491|1299|34927|202827
39351|1299|20473|201423
28917|6939|196610|48927
58308|6939|1299|265780
513|174|216211|211575
4181|1299|60068|197103|212080
58308|6939|7018|40289
12859|35598|52091|206810|57164
7018|3356|28283|268744|2716
28917|6939|1299|23520|265540
8283|6453|9498|20473|47065|61574
174|22381|267470|263047|264389
8220|1299|34927|202532
58308|6939|1299|46161
199938|1299|174|216211|211575
57381|50304|8455|8283|47065|61574
40994|57463|41327|203726
32590|1299|198949|35676
34800|58057|50673|174|60068|211571
41327|1299|20473|47065|61574
174|35598|52091|206810|202497
44393|394256|174|12956|212721
14315|174|6762|16735|273514
139317|44324|32595|174|36027
45049|6696|1299|12859|47065|61574
4181|1299|29695|206557
151326|174|22381|267470|263047
7018|3356|14840|269288
20205|1299|3223|34224|12735
44324|32595|174|396278
1299|4637|20473|47065|61574
29504|39392|174|20473|47065|61574
57866|1299|8551|20473|47065|61574
62167|174|1299|20473|47065|61574
8283|3320|6855|39904|202605
209650|34927|1299|2914|226|47065|61574
8298|8283|3491|216211|211575
139317|44324|7720|10111|1299|20473|47065|61574
8220|3491|174|3130|47065|61574
28917|6939|1299|29264
36924|1299|6461|210|47065|61574
139317|44324|32595|174|30317
20055|1299|6855|39904|199604
210312|4601|50869|214329
7018|174|11432|271150
29222|6939|205479
58308|6939|6424
35426|33891|60068|211571
41666|20764|52091|206810|48687
20055|1299|6855|39904|202605
34177|1299|12956|212721
57866|1299|8551|44709
204092|34019|8551|44709
4601|50869|41051|215562
50304|1299|3356|28370|269016
6424|6939|15372|203592
41722|20485|1299|20473|399970
44324|32595|174|35598|35196|206174
29222|1299|6855|39904|199604
210312|4601|50869|6939|30893|204789
398465|7922|1299|198949|35676
5511|1299|20473|399970
30781|1299|20473|201423
39351|1299|3356|16735|273514
20485|174|52468|271150
28917|6939|1299|52468|272883
16552|1299|3491|216211|211575
34019|1680|44709
28917|6939|6830|23520|272935
1299|6453|19318|209896
41327|33891|60068|211571
210312|4601|50869|34019|211868
6730|6830|3356|28370|263060
196621|6939|30893|13214|35634
6830|3356|28370|53079
32590|1299|174|22381|267470|263047|264389
14907|5511|174|52468|271150
6082|174|210329|215728
62167|174|204548|215728
139317|44324|32595|174|53667|198734
40994|57463|41327|203847
12637|35598|52091|206810|202279|213203
24961|1299|21351|60132
8455|21320|5408|47065|61574
28917|6939|1299|20473|394335
3170|3223|34224|12735
35600|35625|33891|216067|44244
20764|8359|1299|8551|44709
32590|37100|1299|20473|47065|61574
24961|47311|150249|153176
28917|6939|1299|23520|27889
3333|1257|1299|8551|44709
4601|6939|28917|206011
41327|2603|21320|5408|50148
1280|1299|8551|20473|47065|61574
47160|174|28189|266931|271615|273522|271150
12859|22356|28370|28657
58308|6939|15935|201727
51184|1764|5405|61568|266460|61625
58308|6939|1299|9141|211742
58308|6939|1299|62917
34927|52025|137409|48011|25184|49801|204533
58308|6939|1299|53991
559|6939|200303
7594|174|35598|52091|59815|25299
64475|6939|2852|48091
199938|1299|3257|60068|206406|210557
13030|1299|7195|20473|47065|61574
139317|44324|32595|174|6461|2000
58308|6939|28917|8926
28917|6939|6830|23520|263238|274004
28917|6939|1299|23520|264821|273009
6453|174|14840|269288
132847|7474|3257|174|20473|47065|61574
6424|6939|28917|206011
59890|174|60068|205884
28917|6939|15935|56360
209650|34927|1299|3920|206777
28917|6939|1299|20473|137256
5511|174|11432|271150|272738
210312|4601|50869|34019|209090|211781
48070|1299|174|210329|215728
19151|2914|174|20473|47065|61574
35280|1299|174|37468|61568|266460|61625
34019|6939|42695
33891|6461|394737
1299|6424|44592|49581|209693
2914|3257|28917|215730|209693
44324|32595|174|46974
58308|6939|28917|25386
48919|174|210329|215728
6762|1299|22773|8119
15547|174|6453|4755|7768
202365|50673|174|399697|39967|399697
34177|33891|60068|211571
59105|2518|1299|8551|44709
196621|6939|28370|267608
215596|1299|3257|19318|201813
7720|10111|1299|20473|47065|61574
28917|6939|62000|198831|215784
3170|6939|28917|44056|57629
5405|1299|174|37468|61568|266460|61625
1103|6830|3356|28370|268521
58308|6939|1299|208905|212616|215283
12859|35598|52091|206810|48595
39392|33891|266493|61625
12779|62255|25308|28917|9049|51017
48070|9304|136237|174|137995|136237
28917|6939|1299|34628|34652
140627|1299|5511|49666|58224|214805
40994|57463|41327|24796
15605|6939|28370|52593
198385|174|2914|20473|47065|61574
207841|6939|28370|270962
4181|3491|5408|47065|61574
50673|174|7545|20473|47065|61574
15576|35598|52091|206810
15605|6939|215172|214955
6082|174|10490|2722|12148|47065|61574
58308|6939|1299|14080|3573
32590|1299|174|20473|47065|61574
327983|37497|1299|20473|399970
6830|1299|6855|39904|47767
4601|50869|52025|53723
6461|1299|8551|20473|47065|61574
3130|174|35598|52091|206810|197643
198385|15576|174|60068|197103|212080
5413|1299|6762|267470|263047
40994|57463|41327|206732
30600|174|60068|205884
12307|29691|1299|20473|47065|61574
15605|47065|61574
40994|6939|28370|267556
210312|4601|50869|34019|205816
58057|50673|174|37468|270551|263047
210937|1299|174|60068|205884
8220|1299|4637|20473|47065|61574
3216|1299|56504|47674
48070|1299|6453|60068|216213|205884
60011|3356|1299|6855|50698
174|20723|2852|202874
34800|58057|50673|174|37468|270551|263047
35280|1299|6855|39904
36924|1299|20473|399970
58308|6939|1299|6424|47787
34927|56655|1299|7195|20473|47065|61574
31510|174|30844|21351|60132
15935|174|3356|16735|273514
35600|35598|52091|48158
1299|3356|16735|273514
15623|174|60068|205884
199524|174|12956|212721
397131|60011|3356|21320|5408|47065|61574
47147|1299|37468|60068|216213|205884
1299|9002|8772|215536
28917|6939|1299|52468|271882
9268|4764|174|28189|266931|269250|271150
59919|12779|1680|44709
38136|50131|174|7195|20473|47065|61574
64475|137409|48011|25184|49801|204533
58308|35598|52091|206810|202279
12779|3257|1299|20473|47065|61574
34800|58057|50673|174|210|47065|61574
44324|32595|174|27951|274100
4601|50869|41051|211509
16552|37100|1299|3920|206777
28917|6939|1299|20473|22665
28917|6939|1299|20473|215507
25160|1299|6855|39904
6762|1299|29695|206557|208835
15935|6461|17378|8119
48185|1299|8551|20473|47065|61574
6762|174|3130|47065|61574
553|8551|20473|47065|61574
42541|1299|3257|60068|206406|210557
35600|35598|52091|206810|12773|52213
207841|6939|28917|9110
29504|15935|174|3257|21034
5405|6939|30893|200690
47147|1299|60068|197103|212080
139317|44324|32595|174|63293
52320|1299|20473|47065|61574
41666|20764|52091|206810|57164
8280|6762|174|3130|47065|61574
20253|1299|3356|8772|215536
29504|39392|33891|266493|61625
8966|21320|5408|47065|61574
6830|6939|28370
58308|6939|1299|52468|273832
50877|5405|6939|59689
34854|1299|6855|39904
7500|2497|1299|8551|44709
12637|6939|28917|6789
20205|174|3257|9498|20473|47065|61574
3130|174|20473|30893
3333|1257|174|204548|215728
58308|6939|6830|23520|265561
174|13335|5408
210937|1299|3356|28370|264426
140627|1299|3356|28370|263963
12779|35598|52091|206810|211101
1267|1299|5511|60068|206406|210557
23367|1299|4230|52654|266493|61625
20932|1299|6461|394737
44324|401538|393577|213801
3130|174|35598|52091|206810|196638
6730|6830|9002|12555|198070
57111|174|1299|25091|8298|4601|4492
6830|3257|20473|399970
553|62255|52091|206810|48595
44324|32595|174|206795
199524|1299|201814|209896
44324|32595|174|26277
210312|4601|6939|28917|8926|200019|48753
34549|2603|21320|5408|47065|61574
7594|174|201814|209896
8529|1299|174|216211|211575
28917|6939|6830|33915|200428
207841|6939|30893|9423
35280|1299|198949|35676
34019|6939|50989|205966
19151|2914|1299|3920|206777
44324|32595|174|32505|62917
136557|174|35598|52091|206810|211692|214268|196977
30844|174|3130|47065|61574
50304|1299|52320|7162|13878|52468|271150
32590|174|140227|44324|205369
6830|174|399697|39967|399697
34019|3223|41327
38136|50131|174|21320|5408|47065|61574
205206|1299|6453|1031|61568|266460|61625
19653|30600|1299|6855|39904
136557|174|3356|8551|44709
6830|6939|30893
58308|59689|30781|1299|20473|399970
6762|1299|20473|47065|61574
25160|174|216211|211575
28917|6939|1299|52468|273190
23367|1299|22773|8119
3130|174|22381|267470|263047
60068|33891|12859|47065|61574
35600|6939|28370|270962
12779|35598|52091|206810|59867
58308|6939|5405|48918|34172
16552|1299|12956|212721
204092|6939|393682
6894|3257|174|20473|47065|61574
210937|1299|60068|216213|205884
28917|6939|1299|23520|264813
204092|34019|2603|21320|5408|50148
35600|35598|52091|206810|5598
35600|6939|30893
14907|12859|47065|61574
140627|1299|29695|206557|208835
210937|1299|13335|5408
151326|174|35598|52091|206810|59815
4826|1299|198949|35676
15935|174|30844|21351|60132
327960|174|34927|202827
44324|32595|174|53667|205398
35600|6939|200303
14315|2914|174|3130|47065|61574
15935|33891|60068|211571
64475|6939|25192|29067
29222|6939|200462|215163
209650|34927|1299|174|60068|216213|205884
12350|1299|3356|16735|2716
12859|35598|52091|206810|12773|57005
63927|1299|6453|29208
42541|14840|269288
19151|174|21320|5408|47065|61574
37053|5713|174|3257|21034
44324|32595|174|45557
28917|6939|1299|40824|394094
34019|29169|1299|20473|201423
3320|1299|20473|399970
31742|1299|12956|212721
12779|3257|1299|6855|39904
28917|6939|1299|20473|51939
398465|4826|15412|33891|216067|44244
9268|4764|1299|59692|12555
139317|44324|32595|174|43160
28917|6939|1299|6206
32590|1299|3356|28370|269016
58308|6939|202297
20764|174|60068|197103|212080
210937|1299|3920|206777
44324|32595|174|22850|64112|394353
8218|6830|60068|216213|205884
398465|3320|1299|20473|201423
210312|4601|9002|12555|48430
20205|1299|2914|226|47065|61574
9370|2497|174|52468|262393
58308|6939|215296
15935|174|35598|52091|206810|56766
28917|6939|1299|18734|28545|28549
23367|1299|20473|399970
39351|1299|10490|2722|12148|47065|61574
4777|2497|1299|34927|202532
28917|6939|1299|53991
36924|1299|3356|28370|269016
207841|6939|16652
35710|3320|1299|8551|20473|47065|61574
28917|6939|39791|47493
8283|3491|209810|207187|207198
29222|6939|271150|272738
64475|6939|54429|401894
50629|6939|28370
58308|6939|199081|209847|215540
15605|57463|7713|1299|56308
20912|174|28189|266931|271615|273522|271150
40994|174|60068|216213|205884
577|6830|34927|202827
41666|20764|52091|206810|214721|204108
34019|30781|1299|198949|35676
34854|1299|3356|8772|215536
58308|6939|48678|211804|208913
20912|12637|1299|17676|216211|44324|205369
44324|32595|174|21826|269946|274117
12779|6939|25192
58057|174|11432|271150|272738
47692|33891|266493|61625
12637|6939|2852|201648
36924|1299|3356|28370|53079
139317|44324|32595|174|327727
7018|6939|30893|13214|35634
8455|1299|8551|44709
9002|1299|201814|209896
4764|1299|21351|60132
4181|1299|6461|394737
50628|6453|174|60068|205884
40994|6939|30893|13214
52025|174|14840|269288
139317|44324|32595|174|35986|30612
11039|4901|11537|20965|5408|47065|61574
29222|6939|29208|20708
6453|174|210329|215728
58308|6939|6424|208277
553|9002|197068
5511|1299|20473|201423
139317|44324|32595|174|399646|55223
15547|8220|1299|198949|35676
8220|1299|6855|39904|199604
139317|44324|32595|174|398343|400509
559|6939|25192|29067
132825|174|6762|49666|58224|214805
53828|2914|174|21320|5408|47065|61574
18106|174|204548|215728
28917|6939|1299|20473|39617
132847|7474|3257|1299|20473|201423
174|3356|9002|8772|396416
207841|6939|28917|39134|39561|197695|210550
35598|1299|20473|399970
64475|6939|42695
58308|6939|1299|9929|17623
12779|6939|28370|270962
17639|1299|20473|47065|61574
44324|32595|174|7195|272872
328840|327727|174|35598|52091|206810|59867
3320|1299|7195|20473|47065|61574
23764|3356|174|10490|2722|12148|47065|61574
6453|1299|16276|203019
58308|6939|263047
51519|39351|174|2914|226|47065|61574
51873|6830|60068|216213|205884
58308|6939|40994|203997
207841|6939|200070
202365|50673|174|1299|20473|47065|61574
22652|1299|56630|209944
29504|15935|174|216211|211575
47957|6830|34927|202827
48919|174|3257|20473|47065|61574
36924|1299|59692|12555
47147|1299|6855|39904|199604
210312|4601|50869|6939|200070
58308|6939|6830|44239
50304|1299|10490|2722|12148|47065|61574
132825|174|35598|52091|206810|57164
28917|6939|1299|23520|14813
139317|44324|32595|174|53667|210025
58308|6939|6830|23520|272935|271943
12637|6939|2852|198500
57111|174|60068|197103|212080
40387|1299|37468|270551|263047
327960|174|5459|200070
58308|6939|7018|22600
44324|32595|174|33182
1273|33891|216067|44244
3399|5511|174|11432|271150
34800|58057|50673|174|21320|5408|47065|61574
7018|6461|210|47065|61574
24482|47311|150249|153176
39120|174|12956|212721
2497|1299|917|214598
58308|6939|6830|23520|263703|274022
12859|215551|30893|13214|35634
139317|44324|32595|174|393681
6057|174|21700|399914
35369|1764|1299|3920|206777
137409|174|204548|215728
28917|6939|1299|20473|40138
58308|6939|33891|204704
29222|6939|3170|212683
25091|1299|10490|2722|12148|47065|61574
57111|41327|7195|28343|2716
327804|37271|174|201814|209896
58308|6939|48678|209737
210312|4601|50869|34019|203432
34019|47160|174|22381|267470|263047|264389
3741|33891|44592|49581|209693
34019|6939|2852|61110
6830|3257|60068|206406|210557
12637|6939|2852|200874
28917|6939|1299|3301|34576
7474|7473|1299|34927|202532
11845|30844|174|216211|211575
132825|174|60068|211571
198385|174|37468|270551|263047
139317|44324|32595|174|17267
8220|3491|174|201814|209896
8283|6939|54429
139317|44324|32595|174|394814
513|174|5538|8194|29345
20253|1299|25091|8298|4601|4492
4601|50869|199310|210352
174|5459|200070
917|60068|174|3356|28370|28657
29075|1299|60068|216213|205884
48362|1299|7545|20473|47065|61574
58308|6939|1299|36352|27176|215120
58057|174|204548|215728
59689|30781|1299|198949|35676
207841|20473|47065|61574
13830|971|174|28189|266931|271615|273522|271150
202365|50673|33891|216067|44244
262427|174|35598|52091|206810|202497
28917|6939|1299|54103
60068|33891|3223|41327
50877|6762|174|11432|271150
8280|6762|174|60068|197103|212080
553|174|140227|44324|205369
63018|174|210329|215728
2027|47160|6939|28370|28657
16552|2914|174|20723|2852|202874
47311|150249|212001|199762
28917|6939|1299|60610|201471
398465|1299|3356|16735|273514
3130|174|35598|52091|206810
30844|3257|1299|20473|201423
35280|6453|174|60068|205884
206499|34549|1299|8551|44709
7018|3356|22381|267470|263047|264389
48362|1299|174|210|47065|61574
58308|23764|35168|212999
28917|6939|1299|27563|396141
6830|6939|33924
41722|20485|174|3257|21034
34800|58057|50673|174|1299|198949|35676
327960|174|32787|202161
28917|6939|1299|8560
58308|6939|1299|44176
28917|6939|1299|6855|203208
207841|6939|28370|269016
20514|1299|20473|399970
48070|6939|30893|9423
35369|5405|29632|215536
29680|174|11432|271150|272738
34927|1299|6762|16735|273514
174|35598|52091|206810|197643
50673|174|7195|20473|47065|61574
3491|1299|3223|41327
58308|6939|7018|16711
41327|6939|15372|203592
20932|1299|3223|41327
58308|6939|6823
59689|30781|1299|8551|44709
12637|35598|25308|28917|9049|51017
58308|6939|7018|6621
58057|50673|174|210329|215728
62167|3356|1299|198949|35676
29222|6939|47787|203020
22355|30844|21320|5408|47065|61574
32590|1299|174|3130|47065|61574
6830|6939|28917|44812
28917|6939|1299|25899|399575
139317|44324|32595|174|62810
199524|6762|174|140227|44324|205369
41666|20764|52091|206810|5598
29222|6939|60432
19151|2914|174|140227|44324|205369
57866|1299|201814|209896
41327|6830|60068|216213|205884
23367|1299|3223|34224|12735
7594|174|56630|209944
58308|6939|6830|23520|46650|20940
28917|6939|1299|44654
58308|6939|1299|39783
6830|6939|42695|43101
37271|2603|21320|5408|47065|61574
6830|1299|34927|202532
12859|44592|49581|209693
174|22381|267470|263047
6057|174|50509|51032|41344|39707
6057|6461|1299|8551|44709
28917|6939|1299|15164
28917|20764|52091|206810|59815|25299
286|1299|198949|35676
28917|6939|268624|53245
40994|6939|28917|39238|49392|34567
40994|57463|41327|215687
29075|174|1916|47065|61574
19151|174|20473|47065|61574
28917|6939|1299|20473|19879
205112|50629|174|399697|39967|399697
398465|4826|1299|8551|20473|47065|61574
28917|6939|1299|16733
12307|29691|1299|7545|20473|47065|61574
34927|1299|3356|28370|267556
6730|6830|9002|12555|212247
28917|6939|1299|36236|41378|399888|142438
12637|6939|28370|263535
35426|215596|1299|17676|216211|44324|205369
59105|2518|1299|34927|202827
327727|174|35598|52091|206810|211692|214268|197578
23367|1299|174|14840|269288
207841|6939|28917|6789
57695|917|60068|1299|3356|28370|263060
23673|3356|174|204548|215728
199938|1299|174|210|47065|61574
29504|15935|174|35598|52091|206810|48687
28917|6939|7018|22056
48070|6939|50989|33837
12586|3257|174|216211|211575
50304|1299|3356|8772|215536
6762|174|210329|215728
3170|1680|44709
9268|4764|174|28283|268744|2716
971|174|35598|52091|206810|48595
15605|35598|52091|48158
174|3491|20473|47065|61574
196621|6939|50989|48116
2027|47160|6939|24796|63293
49544|3356|1299|10490|2722|12148|47065|61574
4601|50869|6939|28370|263535
139317|44324|32595|174|992
1836|1299|20473|201423
58057|50673|174|3356|8119
4601|8551|44709
28917|6939|7018|1751
34019|47160|174|8551|20473|47065|61574
29222|6939|29208|209847
6830|6939|54429
11039|6461|1299|198949|35676
58308|6939|1299|44332
28917|6939|268047
55222|174|37468|270551|263047
6696|1299|3257|20473|47065|61574
1103|24785|1299|198949|35676
28917|6939|1299|15830|396893
328840|327727|174|60068|211571
58308|6939|1299|16509|200227
6730|6830|174|8899
24961|1299|174|37468|61568|266460|61625
1836|1299|8551|44709
139317|44324|32595|174|55286
29222|6939|41720|47152|208753
32590|4637|3257|1299|198949|35676
57111|41327|6461|17378|8119
28917|6939|1299|23520|27884|262146
13830|971|174|35598|25308|28917|204076
204092|6939|24796
28917|6939|1299|23520|46650
680|1299|8551|44709
210312|4601|50869|199310|199073
8283|20764|52091|206810|57164
28917|6939|262485|272707
327727|174|6453|29208
21700|174|3356|28370|28657
20253|1299|8943|200636
6453|2914|12859|47065|61574
210937|1299|20473|201423
59890|174|1916|47065|61574
47147|3320|33891|216067|44244
6830|6939|28917|9110
44324|32595|174|53667|147071
58308|6939|553
34927|52025|174|6453|29208
31510|33891|216067|44244
2516|6939|1299|20473|399970
35280|6453|174|204548|215728
271253|6453|174|5538|8194|29345
28917|6939|7018|7287
7473|1299|7195|20473|47065|61574
28917|6939|1299|20473|47065
51185|6762|1299|6855|39904|47767
45049|6696|1299|34927|202532
3130|174|3257|19318|201813
8283|20764|52091|206810|56915
23367|1299|8943|200636
34288|1299|3920|206777
7500|2497|174|52468|262393
132825|174|3257|19318|209896
52075|6762|174|20723|2852|202874
328840|327727|174|6453|19318|209896
12389|174|60068|205884
58308|6939|200070
35266|1299|8551|20473|47065|61574
139317|44324|32595|174|35598|35196|206174
20130|23352|3257|174|201814|209896
8455|1299|6453|1031|61568|266460|61625
6830|3356|29695|206557|204503
52320|1299|2914|226|47065|61574
205206|1299|52320|7162|13878|52468|271150
41327|56630|209944
58308|6939|1299|400400
36924|1299|12956|212721
58308|6939|559|200233
3701|3356|1299|198949|35676
28917|20764|52091|206810|208435
34019|47160|174|52468|262393
198249|58115|209042
14537|174|3130|47065|61574
12956|1299|3920|206777
50629|6939|28370|270962
8220|1299|6453|19318|201813
56655|1299|6453|19318|209896
553|6939|200070
1103|6830|60068|211571
6908|2603|21320|5408|47065|61574
50673|174|1299|20473|201423
9044|1299|20473|201423
31510|33891|60068|211571
327727|174|35598|52091|206810|5598
12779|6461|23352|20473|47065|61574
210312|4601|50869|41051|203226
33891|20473|47065|61574
559|35598|52091|206810|59867
207841|6939|28917|48610
58308|6939|1299|3301|34576
6424|137409|48011|25184|49801|204533
207841|20764|202984|35598|25308|28917|9049|51017
48070|20764|202984|35598|25308|28917|204076
58308|6939|1299|398446
30600|1299|6855|39904|199604
202365|50673|174|37468|270551|263047
6908|174|5511|49666|58224|214805
39392|174|21700|399914
58057|174|2914|226|47065|61574
58308|59689|29075|174|140227|44324|205369
21700|174|35598|52091|206810|214721|204108
35600|6939|28370|52593
5413|1299|3257|210329|215728
206499|34549|1299|56630|209944
7713|33891|216067|44244
15605|35598|52091|206810|35273
139317|44324|32595|174|210156
44324|32595|174|153773
51519|39351|174|10490|2722|12148|47065|61574
57866|5511|174|52468|262393
48919|174|60068|197103|212080
58308|6939|553|212522
327960|174|35598|52091|206810|59867
28917|6939|1299|5518|34001
17350|6453|1299|16276|203019
210312|4601|50869|34019|209090
28917|9498|20473|47065|61574
136557|174|35598|52091|206810|48595
207841|6939|28917|44056
32590|37100|1299|60068|216213|205884
28917|6939|1299|23520|54082|263725|274085
12859|6939|24796
41327|1031|266493|61625
7500|2497|174|37468|61568|266460|61625
13030|1299|174|210329|215728
28917|6939|1299|6424|47787
327727|174|35598|52091
398465|174|210|47065|61574
1836|1299|201814|209896
50304|1299|17676|216211|44324|205369
49028|1299|12956|212721
19151|174|22381|267470|263047|264389
9044|174|20473|47065|61574
139317|44324|32595|174|32244|201682
513|174|11432|271150|272738
35008|1299|917|214598
204092|13335|400095
28624|61568|174|210329|215728
7594|174|35598|52091|206810|56915
28917|6939|1299|23520|10269|264640
7474|7473|1299|34927|202827
34927|56655|1299|3356|8772|215536
6908|174|6453|19318|209896
11039|6461|1299|56630|209944
9304|33891|216067|44244
34019|47160|174|3130|47065|61574
40994|57463|41327|211084
8220|1299|198949|35676
139317|44324|32595|174|329344
204092|34019|61568|266460|61625
44324|32595|174|48266
199524|174|14840|2716
293|3356|1299|3920|206777
50629|20764|52091|206810|202279
58308|6939|1299|21738
3549|3356|1299|8551|44709
917|60068|174|21320|5408|50148
139317|44324|32595|174|53667|199343
35600|9002|8772|215536
34927|1299|3491|20473|47065|61574
51088|8455|1299|10490|2722|12148|47065|61574
51873|6830|1299|20473|399970
139317|44324|32595|174|214273
44324|32595|174|4538
35598|174|28189|266931|269250|271150
28917|6939|1299|20473|202184
1031|999|6453|174|60068|205884
34854|1299|3356|28370|268198
24516|174|14840|269288
28917|6939|1299|20473|401637
35600|20764|202984|35598|25308|28917|204076
513|174|52468|271150
139317|44324|209022|52025
58308|6939|5405|214895
40994|57463|41327|200497
58308|6939|1299|20473|63538
6082|174|22381|267470|263047|264389
1257|174|204548|215728
42473|1299|3356|28370|263060
29075|1299|3356|28370|267556
28917|6461|32787|202161
35008|1299|8551|20473|47065|61574
58308|6939|1299|16276
49544|3356|1299|3920|206777
553|1299|3356|28370|263060
3130|174|1299|22773|8119
37271|174|5459|200070
28917|6939|1299|204805
57695|917|60068|174|21320|5408|50148
14907|1299|174|1916|47065|61574
28917|6939|1299|46261|49548
2497|174|56630|209944
139317|44324|32595|174|9457|138199
207841|6939|25192|20701
6830|174|204548|215728
28917|6939|1299|198949
28917|6939|25400|21293
32097|4230|52654|266493|61625
210312|4601|9002|34927|202827
28917|6939|1299|14080|274030
44393|394256|174|210329|215728
205206|1299|7195|11432|271150
5713|8455|8283|47065|61574
60326|34927|1299|20473|201423
28917|6939|1299|20473|153185|152922
7575|6461|174|37468|61568|266460|61625
13237|1299|3356|28370|53079
20205|1299|8551|44709
58308|6939|1299|51290
139317|44324|32595|174|51561
328206|37739|3491|1299|20473|201423
271253|6453|174|28189|266931|269250|271150
58308|6939|29208|209135
7713|174|210|47065|61574
29222|6939|39791|57728
23673|9900|23764|3356|174|10490|2722|12148|47065|61574
21700|174|20473|47065|61574
5405|62255|52091|206810|196638|42702
6830|3356|28370|268198
34854|1299|20473|47065|61574
328840|327727|174|7311|835|394273
20205|1299|6453|4755|7768
44324|32595|174|394542|398765
12389|1299|20473|47065|61574
20764|174|201814|209896
47160|6939|28370|28657
28917|6939|1299|20473|43131
40994|57463|41327
57381|50304|1299|174|216211|211575
44324|32595|174|399275
2497|174|20473|47065|61574
327804|37271|2603|21320|5408|47065|61574
139317|44324|32595|174|200315|57568
7474|7473|1299|20473|47065|61574
58057|50673|174|60068|197103|212080
210312|4601|50869|34019|35600
17660|6453|174|50509|51032|41344|39707
17639|174|21700|399914
139317|44324|32595|174|14051|400097
52320|1299|6855|39904|47767
35600|6939|42695
58308|6939|1299|12392
35600|6939|29222|41495
29222|6939|35826
62167|3356|1299|3920|206777
8283|20764|52091|206810|48687
139317|44324|32595|174|206312
136557|174|3356|28370|267608
57381|50304|1299|3356|16735|2716
210937|1299|174|37468|61568|266460|61625
34927|56655|1299|174|210|47065|61574
41327|174|60068|197103|212080
3130|174|12389|49666|205647|49801|204533
513|174|56630|209944
10111|1299|20473|47065|61574
6720|1764|1299|198949|35676
209650|34927|1299|6453|4755|7768
4601|6939|28917|48084|199961
139317|44324|32595|174|7497|24151|23596
210312|4601|6939|28917|12668
394256|174|60068|197103|212080
57111|41327|1680|44709
44324|32595|174|206262
28917|6939|1299|21859|42969
7594|174|35598|52091|48158
3491|174|28189|266931|269250|271150
553|6939|50989
210312|4601|50869|44324|216299
35600|1828|13789|30372|3356|174|393216
58308|6939|7018|62907
14907|1299|6855|39904|202605
8220|1299|3491|20473|47065|61574
6730|6830|174|21700|399914
6720|1764|174|60068|205884
12637|1299|201814|209896
209823|3356|174|3130|47065|61574
21700|174|1299|8551|44709
263152|174|1299|34927|202532
6082|174|35598|52091|206810
174|60068|211571
25369|174|210|47065|61574
2914|3257|5405|8943|200636
20205|174|3130|47065|61574
35600|6939|54429
37271|174|6453|4755|7768
28917|6939|1299|23520|262191|262245
52320|1299|20473|399970
139317|44324|32595|174|212250|208293|203217|54994
38880|4826|1299|3920|206777
2734|57463|215248
28917|6939|1299|23520|262191|266774
19653|30600|174|210|47065|61574
58308|6939|1299|26073|401698
6453|1299|12859|47065|61574
140627|1299|6855|50698
29222|6939|7018|22241
28917|6939|1299|51569
34288|1299|12956|212721
13030|1299|3356|1680|44709
139317|44324|32595|174|205583
15623|1299|60068|197103|212080
14537|3356|1299|6855|39904
52320|174|140227|44324|205369
4601|50869|34019|212783
21700|3257|1299|20473|47065|61574
58308|6939|1299|20473
50877|5405|6939|30893|200690
3399|5511|174|52468|262393
6730|6830|3257|20473|399970
205206|33891|14840|269288
1299|20473|214587
28917|6939|1299|16509|14618|60900
15935|174|1299|8551|44709
21700|174|6453|29208
4601|6939|28917|39238|49392|9098
32590|37100|174|216211|211575
327727|174|28283|268744|2716
209823|25091|1299|198949|35676
28917|6939|7018|7764
25220|2603|21320|5408|47065|61574
7474|3257|174|20473|47065|61574
210312|4601|50869|6939|42695|52011
28917|6939|1299|20473|35085|210960
58308|6939|1299|32723
58308|6939|33891|51839
3170|6461|394737
4601|50869|6939|2852|48091
205206|1299|60068|216213|205884
58308|6939|6830|23520|264847|64150|20940
49028|1299|20473|30893
47147|3320|1299|20473|399970
199524|1299|42303|51701|30893
12859|35598|52091|206810|56915
31742|1299|3356|28370|269016
58057|174|35598|52091|206810|24881|24697
28917|6939|1299|52468|272097
58308|6939|1299|21859
328206|37739|3491|174|60068|216213|205884
199524|174|140227|44324|205369
4601|50869|6939|28370|270962
140627|2914|1299|10490|2722|12148|47065|61574
3170|174|204548|215728
7594|174|35598|52091|44660
58308|6939|1299|12025|402106
196621|6939|25192|26710
8280|6762|174|201814|209896
7594|174|60068|205884
51519|39351|174|22381|267470|263047|264389
2027|47160|174|52468|262393
1764|174|52468|271150
58308|6939|1299|16509|14618
58308|6939|33891|39257|209846
28917|6939|1299|262210
49544|1299|34927|202532
3491|174|201814|209896
7018|3356|16735|266931|271615|273522|271150
3170|6461|210|47065|61574
49028|6830|34927|202827
49605|6762|1299|8551|44709
28917|6939|6830|23520|64126|273924
48185|1299|6453|1031|61568|266460|61625
205112|50629|6939|33924
28917|6939|7018|36040
207841|37468|61568|266460|61625
51519|2603|21320|5408|47065|61574
12637|1299|56504|47674
28917|6939|1299|23520|263238|273196
50629|20764|52091|206810|211692|31069
553|6939|54429
210312|4601|6939|28917|198297|51081
58308|6939|6830|23520|52468|262179
58308|6939|7018|7287|13965
37053|37100|1299|201814|209896
210937|1299|56504|47674
47160|6939|24796
47160|6939|30893|200690
20932|174|60068|205884
28917|6939|3170|205739
15935|174|37468|53062|266493|61625
58308|6939|50629|207160|207510
6830|3356|3223|41327
40994|174|28189|266931|269250|271150
58308|6939|1299|19551
34927|1299|6855|39904|202605
44324|32595|174|22115
34019|6939|30893|205563
12969|1299|174|204548|215728
15623|1299|3920|206777
29222|6939|9136|207592
29075|1299|3257|20473|47065|61574
47147|3320|1299|3920|206777
58057|34549|174|399697|39967|399697
59891|13030|1299|174|210329|215728
6082|2914|1299|6855|39904|202605
1299|23764|35168|212999
28624|61568|174|20473|47065|61574
28917|6939|1299|23520|265592
37239|37468|1299|8551|44709
20514|1299|3356|28370|268521
5405|13335|5408
40994|9002|8772|396416
30600|174|140227|44324|205369
34019|2603|21320|5408|50148
44324|209022|52025
44324|32595|174|17072|272286
6830|3356|8772|215536
139317|44324|32595|174|209589
12859|35598|52091|206810|59815
28917|6939|1299|262206|28036
206356|50629|56630|209944
7594|3356|1299|3920|206777
23367|1299|3356|8772|215536
16552|1299|3356|1680|44709
139317|44324|32595|174|399646|40776
44324|32595|174|17185
28917|6939|1299|43646
50629|1299|20473|47065|61574
35600|6939|28917|198297|51081
34854|1299|174|22381|267470|263047|264389
7660|2516|1299|8551|20473|47065|61574
44324|32595|174|46455|12056
41327|6939|28370|52593
58308|6939|1299|49206
28917|6939|196610
3130|174|35598|52091|206810|214721
6461|174|21700|399914
327782|5511|174|11432|271150
40994|174|35598|52091|206810
513|174|3257|21034
32590|37100|1299|3920|206777
44324|32595|174|51561
44324|32595|174|17072|272336
199524|174|1916|47065|61574
57381|50304|1299|10490|2722|12148|47065|61574
196621|6939|54429
34288|1299|60068|197103|212080
12969|1299|6855|39904|47767
28917|37271|20473|47065|61574
61568|174|10490|2722|12148|47065|61574
8283|20764|52091|206810|35273
34019|30781|1299|3920|206777
35600|35598|52091|206810|12773|47809|59478
35008|1299|34927|202827
34927|1299|3356|28370|267608
28917|6939|1299|60068|917
58308|6939|6830|23520|27884|265735
58308|6939|7018|16793
3170|174|5538|8194|29345
59105|2518|1299|34927|202532
58308|6939|1299|265780|273827
8455|1299|12956|212721
12779|35598|52091|206810|211692|214268|196977
18779|174|210329|215728
12779|37271|20473|47065|61574
327960|327782|5511|174|8551|20473|47065|61574
40994|6939|215172|214955
14537|3356|1299|3920|206777
25160|41327|24796|12779|197000
34800|58057|50673|174|3130|47065|61574
42541|1299|174|60068|205884
57777|32787|202161
6453|1299|29695|206557
140627|2914|174|37468|61568|266460|61625
1273|174|216211|211575
204092|6939|29222
39351|1299|37468|270551|263047
58308|6939|1299|131429
394256|174|21320|5408|50148
205206|1299|174|22381|267470|263047|264389
50877|5405|6939|215172|214955
41327|14840|269288
328840|327727|174|22381|267470|263047|264389
7594|174|35598|52091|206810|214721
3333|12859|47311|150249|153176
58308|6939|33891|44946
41722|20485|1299|8551|44709
34019|6939|2852|200874
28917|6939|1299|39869|59491
14907|1299|174|3130|47065|61574
6424|6939|50989|33837
6730|6830|7195|20473|47065|61574
29222|6939|50629|207252|213579
398465|1299|4230|2716
28917|6939|1299|20473|142438
28917|6939|1299|21080
6762|1299|201814|209896
59414|6830|60068|211571
3170|37468|53062|266493|61625
6908|174|22381|267470|263047|264389
14907|5511|174|52468|262393
6830|6939|215172|214955
44324|32595|174|57974|198963
20764|174|56630|209944
139317|44324|32595|174|46265
148968|1299|6453|19318|209896
28917|6939|7018|1999
58308|6939|1299|3301|203158
50877|5405|49581|209693
28917|6939|1299|60068|206150
6830|2914|20473|47065|61574
6424|6939|2852|199711
8529|1299|174|21700|399914
3257|174|1916|47065|61574
49544|1299|3257|204548|215728
29222|6939|207995
34927|1299|7545|20473|47065|61574
2734|3257|174|140227|44324|205369
58308|6939|262365
216285|8280|6762|174|56630|209944
19151|174|7545|20473|47065|61574
3170|6939|28917|52191
28917|6939|1299|3301|199902
20932|1299|7545|20473|47065|61574
44393|394256|174|1299|3920|206777
140627|1299|29695|206557
215596|1299|34927|202532
199524|174|52468|262393
139317|44324|32595|174|28539
40994|57463|41327|60989
3320|1299|8551|44709
28917|6939|1299|8151|272289
2500|2914|174|37468|61568|266460|61625
12637|6939|15372
28917|6939|1299|37662|329629|30844
6424|6939|60432
6730|6830|1299|6855|39904
31742|1299|6453|4755|7768
23367|1299|6855|39904|47767
29222|6939|50533|205427
59689|29075|1299|20473|47065|61574
20130|23352|3257|5405|8943|200636
210312|4601|50869|41051|201423
3170|6939|28917|24651|39900
42473|1299|60068|197103|212080
48070|6939|2852|48091
29222|6939|28917|47759
2734|4800|174|7632|9905|139455
52025|1299|29695|206557|208835
44324|32595|174|55286
202365|50673|174|3356|28370|268521
2914|1299|6855|39904
263237|174|35598|52091|206810
23367|1299|3356|28370
44324|32595|174|8304
174|35598|52091|206810|59867
328840|327727|174|35598|52091|206810|39089
205206|1299|3356|28370|263535|268030
199524|1299|6461|394737
262427|174|35598|52091|206810|211692|214268|197578
20080|2914|174|37468|61568|266460|61625
49605|6762|1299|6855|39904|199604
28917|6939|1299|45896|38726|131422
6424|6939|28917|47759
48070|6939|28917|9110
28917|6939|1299|40061
23367|1299|34927|202532
58308|6939|25192|20701
5405|62255|52091|206810
202365|50673|12859|47065|61574
16552|1299|4230|52654|266493|61625
174|35598|25308|28917|204076
52320|1299|60068|216213|205884
7018|6939|28370|268521
58308|6939|33891|202524
139317|44324|32595|174|26988
3130|174|21320|5408|50148
58308|6939|42184
58308|6939|5405|25291
58308|6939|1299|20473|206586
213151|34549|1299|3920|206777
23367|1299|3356|1680|44709
7713|174|1299|198949|35676
34927|1299|20473|47065|61574
20080|2914|174|20473|47065|61574
34854|1299|3356|28370|268521
40994|6939|28917|48084
6830|6939|30893|204789
4601|50869|6939|28370|52593
35008|1299|8943|200636
15547|174|3257|60068|206406|210557
28917|6939|1299|32934|63293
139317|44324|32595|174|399275
6424|6939|33924
58308|6939|1299|15133
58308|6939|56595|209082
553|6939|2852|197277
199524|1299|23764|35168|212999
28917|6939|1299|11830|271891
199524|1299|29695|206557
3170|6939|2852|197451
12969|1299|37468|270551|263047
29222|6939|200995
15605|203489|9002|41327|214169
8283|2603|21320|5408|47065|61574
42541|1299|20473|201423
3320|1299|6204|44592|49581|209693
58308|6939|6830|23520|262202|52392
553|6939|28370|52593
140627|1299|3356|8119
28917|6939|6830|23520|272935|267846|273861
35600|20764|43298|48678|210574
8529|1299|3257|20473|47065|61574
49544|3356|174|204548|215728
139317|44324|32595|174|44222|215540
4181|1299|6855|39904|202605
15935|13335|400095
139317|44324|32595|174|54113
4777|2497|174|60068|216213|205884
198249|20473|47065|61574
44393|394256|174|204548|215728
35600|6057|28283|268744|2716
28917|8359|57304|39531
8220|1299|60068|216213|205884
35598|174|3356|16735|273514
42473|1299|3356|28370|264426
60068|1299|25091|8298|4601|4492
50628|1299|20473|399970
58308|6939|29222|204957
60503|6939|1299|20473|399970
36924|1299|6855|39904|47767
58308|6939|56595|202590
7500|2497|174|34927|202827
8283|20764|52091|206810|39558
58308|6939|1299|14178|21433
4777|2497|174|20723|2852|202874
50629|3356|21320|5408|47065|61574
31510|174|3356|16735|2716
139317|44324|32595|174|214206
999|6453|1299|3920|206777
6908|174|5538|8194|29345
58057|50673|174|3257|20473|47065|61574
5713|174|204548|215728
136557|174|3356|9002|8772|396416
9268|4764|174|14840|269288
12779|35598|52091|206810|59815|25299
59414|3303|174|20473|47065|61574
139317|44324|32595|174|263801
12956|3356|21320|5408|47065|61574
6057|174|60068|197103|212080
1280|1299|12956|212721
199524|1299|3356|28370|264426
3130|174|1299|12859|47065|61574
58308|6939|268624|53245
29222|6939|8194
21232|15576|174|52468|262393
42473|1299|6855|50698
40994|6939|28917|12668|51883
13786|174|60068|211571
6762|1299|6855|39904
34927|52025|32097|4230|52654|266493|61625
6830|174|3130|47065|61574
210937|1299|3356|28370|268198
50629|6939|28370|264426
58308|6939|1299|5617|42598
59890|174|216211|211575
210312|4601|6939|30893|205563
58299|174|399697|39967|399697
34927|1299|4637|20473|47065|61574
29222|6939|196610
9044|174|52468|271150
32097|4230|2716
15605|35598|52091|206810|56766
28917|6939|1299|23520|264821|274070
12307|29691|1299|6453|19318|201813
20485|1299|6855|39904|47767
394256|174|7545|20473|47065|61574
58308|6939|35133|50917|215318
20514|1299|25091|8298|4601|4492
28917|6939|1299|5518|12578|208995
13030|1299|7195|28189|266931|271615|273522|271150
58308|6939|2852|48091
12637|35598|52091
23367|1299|33891|216067|44244
398465|1299|3356|28370|53079
553|1299|13335|400095
24785|6830|3356|28370|263060
25220|3320|174|37468|61568|266460|61625
41327|174|10490|2722|12148|47065|61574
44324|32595|174|18001
49028|1299|6762|49666|58224|214805
29075|1299|3356|28370|268198
35710|3320|6830|34927|202827
28917|6939|1299|212175
327983|37497|1299|8551|44709
6730|6830|174|60068|216213|205884
49432|48362|1299|3356|28370
62167|174|20473|47065|61574
28917|6939|1299|20473|36268
1273|174|60068|205884
29222|1299|174|37468|61568|266460|61625
58308|6939|50629|207252
209650|34927|174|20473|47065|61574
1031|8455|8283|47065|61574
58308|6939|200462
4230|1299|35598|52091|206810
34019|6939|2852|213152
20514|1299|7195|28189|266931|271615|273522|271150
8283|6939|28370|264426
7018|1299|6855|50698
202032|57463|22356|52468|271150
50131|174|21320|5408|47065|61574
36924|1299|6453|60068|216213|205884
8660|1267|1299|174|204548|215728
50304|1299|3356|28370|263535
28917|6939|1299|27563|26793
8220|1299|17676|216211|44324|205369
50877|5405|6939|2852|213152
44324|32595|174|263801
28917|6939|1299|60068|30536
15562|2914|1299|20473|47065|61574
1299|201814|209896
23367|1299|198949|35676
64475|20473|47065|61574
31122|174|140227|44324|205369
28917|6939|7018|3573
44324|32595|174|29802
199524|37100|1299|20473|47065|61574
5511|1299|6855|39904|47767
37497|3491|1299|198949|35676
140627|1299|3216|51032|41344|39707
58308|59689|29075|174|210329|215728
34288|8218|21320|5408|47065|61574
50629|20764|52091|206810|57164
58308|6939|7018|398837
6830|6939|28917|50045
49544|3356|1299|20473|47065|61574
44324|32595|174|44222|209847
6424|174|35598|52091|206810|208435
29222|6939|196610|48927
44324|32595|174|51551|44971
44324|32595|174|27659
917|25369|174|399697|39967|399697
45049|6696|1299|6855|50698
58308|6939|1299|9141|39869
24785|6830|174|37468|61568|266460|61625
41666|20764|29049|49666|205647|49801|204533
139317|44324|32595|174|140577
206356|50629|174|216211|211575
34854|1299|201814|209896
12956|6830|60068|216213|205884
46450|1299|22773|8119
207841|6939|42695
34549|3257|1299|20473|399970
12779|137409|48011|25184|49801|204533
6424|9002|12555
139317|44324|32595|174|42313|212986
8220|1299|10490|2722|12148|47065|61574
34854|1299|3223|41327
28917|6939|1299|56898
58308|6939|1299|52468|264668|267684
6453|1299|33891|216067|44244
58308|6939|5405|8648
58308|6939|1299|54082|64150|63293
42473|1299|56630|209944
35369|8218|21320|5408|47065|61574
6830|6939|25192|20701
58299|3216|51032|41344|39707
6424|21320|5408|50148
41327|34927|202827
14907|1299|20473|201423
41811|1273|1299|8551|44709
16347|1299|6855|39904|199604
58308|6939|1299|263821
29222|6939|29670|60802
132825|174|35598|52091|206810|214721
23367|1299|3216|51032|41344|39707
25152|2914|1299|35598|52091|206810
20764|174|6453|29208
13830|971|174|35598|52091|206810|197643
41666|1031|61568|266460|61625
5713|174|3257|21034
58308|6939|6830|23520|27694
49432|48362|1299|6204|44592|49581|209693
6453|174|201814|209896
21700|174|35598|52091|206810|8274
4826|1299|56630|209944
553|1299|3920|206777
47147|1299|6939|28370|263060
8283|20764|52091|206810|214721|204108
59689|30781|1299|6855|39904|199604
49028|1299|7195|28189|266931|271615|273522|271150
37105|37662|174|210329|215728
51184|1764|1299|20473|47065|61574
196621|6939|28917|52191
12969|1299|6461|394737
55222|174|52468|262393
12859|6939|215172|214955
35008|1299|10490|2722|12148|47065|61574
49028|1299|17676|216211|44324|205369
29222|6939|31319
38880|174|204548|215728
28917|6939|1299|20473|214871
6830|6461|210|47065|61574
28917|6939|1299|20473|204291
577|1299|8551|20473|47065|61574
196621|6939|28917|50045
28917|6939|1299|60068|216213
196621|6939|33924
8283|6939|30893
7713|174|1299|25091|8298|4601|4492
6424|6939|28917|204623
6830|6939|200303
58308|6939|5405|207137
328206|37739|3491|1299|20473|399970
198249|7195|11432|271150
204092|6939|28917|198297|51081
12969|1299|3356|28370|267608
34927|60011|3356|1299|8551|44709
24961|12859|47065|61574
28917|6939|1299|21976|40591
553|6939|28370|270962
204092|6939|50989|50683
3320|1299|34927|202827
28917|6939|2852|198500
4601|6939|28917|201119
28917|6939|1299|397709
6908|1299|6855|39904|202605
1299|13335|400095
12779|6939|30893|13214
28917|6939|1299|7545|133612
34288|1299|6453|4755|7768
58308|6939|6830|23520|27665|27789|274008
199524|1299|20473|201423
58308|6939|1299|15557
2734|25091|8298|4601|4492
559|3320|6855|39904|47767
139317|44324|32595|174|270120
58308|6939|1299|52423
174|35598|52091|206810|214721|204108
917|3214|1299|60068|197103|212080
58308|6939|56595|211879
34288|1299|3356|28370|263535
32590|1299|174|37468|61568|266460|61625
35008|1299|174|3130|47065|61574
6830|6939|2852|213152
20253|1299|35598|52091|206810
35598|174|3257|60068|206406|210557
48185|1299|3257|19318|201813
139317|44324|32595|174|16637|36974|20940
139317|44324|32595|174|393524
34927|1299|3491|216211|211575
7018|6939|50989
58299|137409|48011|25184|49801|204533
6696|33891|216067|44244
20612|9044|1299|174|210329|215728
58308|6939|15935|197451|202872
47160|6939|54429|401894
44324|32595|174|272406
29222|6939|6424|134450
4601|50869|58299|28859
58308|6939|33891|39257
28917|20764|43298|48678|210574
139317|44324|32595|174|45557
6830|9002|12555|210827
12350|1299|3356|28370|263535
58308|6939|1299|36352|40092
139317|44324|32595|174|140627|17456
174|35598|52091|206810
51873|6830|174|10490|2722|12148|47065|61574
204092|6939|215172|214955
58308|6939|1299|3301|206884
7018|1299|12555|210827
199524|1299|3356|28370
20205|1299|7545|20473|47065|61574
7018|6939|24796
4601|50869|213768
29222|6939|40994|198510
6057|174|8551|20473|47065|61574
50628|1299|3223|34224|12735
37497|1299|8551|44709
58308|6939|6830|199524|51191
41722|20485|174|52468|271150
3170|6939|54429
22652|1299|3356|28370|268198
28917|6939|1299|7029
28917|6939|1299|54528
559|6939|28370|267556
12637|35598|52091|59815|25299
3491|1299|3920|206777
42541|34927|202532
207841|6939|2852|61110
58308|6939|1299|20473|150788
62167|174|6453|4755|7768
12637|6939|50989|205966
6667|1299|3920|206777
151326|174|28189|266931|269250|271150
21700|174|52468|271150
58308|6939|1299|27947|272819
19151|174|6453|19318|201813
199524|1299|35598|25308|28917|204076
263237|174|8551|20473|47065|61574
327960|174|3257|21034
57381|42708|33891|60068|211571
7018|3356|28370
24516|174|35598|52091|206810|202279
58308|59689|30781|1299|198949|35676
6423|20055|1299|29695|206557
28917|6939|1299|43012
44324|32595|174|50144
34927|56655|1299|12956|212721
35600|35598|52091|206810|34786
6424|174|35598|52091|206810|59867
5405|1299|20473|399970
28917|6939|15372
999|6453|174|21320|5408|47065|61574
24785|1299|10490|2722|12148|47065|61574
58308|6939|7018|22056
29222|6939|9136|206236|208183
1140|24785|6830|174|1916|47065|61574
9002|1299|17676|216211|44324|205369
45049|6696|1299|8551|20473|47065|61574
28917|6939|1299|20473|210387
8220|1299|56630|209944
210937|1299|6855|39904
28917|6939|7794
151326|174|35598|52091|206810|211101
7713|9002|3356|174|11432|271150|272738
174|35598|52091|206810|48595
3701|3356|1299|6855|39904
28917|6939|1299|20473|60240
58308|6939|6830|23520|52286|264764|273897
398465|1299|3223|34224|12735
2914|1299|35598|52091|206810
49544|3356|174|20473|47065|61574
42541|30844|21351|60132
35710|3320|33891|44592|49581|209693
3130|174|2914|20473|47065|61574
28917|6939|1299|137366|45287
44324|32595|174|399646|212532
12779|6461|210|47065|61574
10111|1299|60068|197103|212080
60068|1299|3920|206777
35600|35598|52091|206810|211692|31069
139317|44324|32595|174|30103
12859|22356|28370|267556
8283|14840|2716
57381|50304|1299|20473|201423
44324|32595|174|18678|273114
31742|1299|6855|50698
271253|6453|174|22381|267470|263047|264389
16552|1299|3356|16735|2716
328840|327727|174|37468|53062|266493|61625
132825|174|13335|5408
293|20965|5408|47065|61574
4777|2497|174|60068|205884
37053|37100|33891|216067|44244
14537|13786|174|20723|2852|202874
6830|3356|53062|266493|61625
50304|1299|6453|4755|7768
21700|174|35598|52091|206810|211101
58308|6939|202585|215842
28917|6939|1299|13768
10111|1299|12859|47065|61574
48070|1299|6762|16735|273514
16552|37100|33891|216067|44244
44324|32595|174|13977|401455
35600|6939|50989|50683
48070|6939|196610
17639|174|52468|271150
22652|1299|60068|197103|212080
327727|174|14840|269288
41666|20764|52091|206810|39558
58308|6939|3170|214670
2516|1299|201814|209896
204092|6939|28370|267608
5713|174|210329|215728
210312|4601|50869|6939|2852|210498
1299|6939|28370|28657
28917|6939|1299|20473|13696
41327|6939|30893|205563
37662|174|204548|215728
38001|3491|174|204548|215728
139317|44324|32595|174|205035
42473|1299|8551|44709
12307|29691|33891|60068|211571
29222|6939|29670|205740
24516|174|35598|52091|206810|214210
207841|57463|14840|269288
4601|50869|52025|205649
44324|32595|174|399646|205563
28917|6939|1299|23520|46650|13335
31510|174|1916|47065|61574
35600|35598|52091|206810|202497
58299|21320|5408|47065|61574
6830|174|20723|2852|202874
136557|174|28189|266931|269250|271150
19151|2914|1299|6855|50698
34800|58057|50673|174|28283|268744|2716
553|6939|2852|212876
17660|6453|174|210329|215728
58308|6939|7018|25687
29680|174|5538|8194|29345
3216|12389|28917|215730|209693
6057|6461|21320|5408|47065|61574
58308|6939|28917|44812
58299|22356|52468|271150
1273|174|52468|262393
20764|33891|60068|211571
7594|174|35598|52091|206810|211692|214268|196977
210937|1299|3356|28370|53079
397131|60011|3356|1299|12859|47065|61574
22652|1299|6453|29208
29222|6939|8899|42652|3573
58511|1299|20473|399970
4601|8298|8283|3491|216211|211575
29222|6939|8194|210213
327727|174|22381|267470|263047|264389
139317|44324|32595|174|56898
3491|174|16276|203019
140627|1299|4230|2716
29075|174|21700|399914
44324|32595|174|51110
58308|6939|2852
44324|32595|174|214043
4601|50869|41051|209460
28917|6939|1299|7545|133612|18291
12779|7195|11432|271150|272738
28917|6939|15935|200844
20764|2603|21320|5408|47065|61574
44324|32595|174|15235
58308|6939|1299|51569
204092|6939|28917|48084|199961
50304|1299|6855|39904
48919|174|52468|271150
34800|58057|50673|174|20473|47065|61574
34019|6939|42695|52011
2518|2516|174|3130|47065|61574
44324|32595|174|212551
9002|1299|3920|206777
3356|1299|32787|202161
58308|6939|1299|36352|16628
132825|174|35598|52091|206810|8274
58308|6939|1299|39567
35008|1299|29695|206557|208835
196621|6939|200070
210312|4601|50869|58299|35206
29222|6939|269688
41327|174|22381|267470|263047
48070|6939|29222|513|21449
60011|3356|1299|6855|39904|47767
35600|30781|1299|10490|2722|12148|47065|61574
20514|1299|3356|28370|269016
327960|174|37468|61568|266460|61625
44324|32595|174|27258|399252
44324|7720|10111|1299|198949|35676
39122|1299|6762|49666|58224|214805
35266|2914|3356|21320|5408|47065|61574
917|60068|33891|3223|34224|12735
151326|174|35598|52091|206810|210063
22652|1299|35598|52091|206810
58308|6939|30893|13214
12779|6939|50989|205966
6696|1299|8943|200636
28917|6939|1299|63199
7594|174|35598|52091|206810|48595
3170|6939|2852|200874
28917|6939|1299|394353
210312|4601|6939|28917|39238|49392|9098
34927|1299|37468|53062|266493|61625
2734|32787|202161
16347|1299|6762|49666|58224|214805
196621|9002|12555
29075|1299|6453|4755|7768
28917|6939|1299|62904
12956|1299|29695|206557|204503
49432|48362|1299|6762|16735|2716
17639|1299|8551|44709
49788|174|210329|215728
58308|6939|1299|60068|208414
49028|1299|3356|28370|263535|268030
20764|8359|1299|20473|399970
58308|6939|33891|61438|214517
58308|6939|1299|208905|210625
327960|327782|37100|174|140227|44324|205369
34177|3356|1299|3920|206777
47147|1299|35598|25308|28917|204076
35369|5405|56630|209944
139317|44324|32595|174|44222|209847
328840|327727|174|3356|8119
2603|21320|5408|47065|61574
29222|4601|4492
28917|6939|1299|36692
31122|174|20473|47065|61574
28917|6939|1299|25899|25905
4601|50869|6939|196610|48927
174|3356|8772|215536
12956|174|52468|271150
52320|1299|5511|49666|58224|214805
12859|28917|215730|209693
3491|1299|25091|8298|4601|4492
262427|174|35598|52091|206810|57164
28917|6939|1299|16863
28917|6939|6830|199524|51191
49544|3356|174|3130|47065|61574
35369|28917|215730|209693
12586|3257|1299|34927|202532
28917|6939|1299|29544
44324|32595|174|60239
51185|6762|1299|42303|51701|30893
13237|1299|3356|28370|269016
28917|6939|1299|63139
21232|15576|35598|52091|206810
8220|1299|6855|39904|202605
12307|29691|1299|56504|47674
6453|174|60068|205884
28917|6939|1299|202196
24785|1299|6762|16735|273514
4601|6939|28917|43714
34177|1299|3356|28370
3170|174|216211|211575
6082|174|11432|271150|272738
37271|3257|1299|20473|47065|61574
204092|6939|30893|204789
31510|174|3356|3223|34224|12735
12859|1031|266493|61625
3170|6939|28917|44812
8220|1299|3356|21320|5408|50148
196621|6939|28917|35539
132847|7474|7473|1299|34927|202532
29222|6939|50533|205321
139317|44324|32595|174|395348
44324|32595|174|398439
137409|33891|216067|44244
6082|2914|3257|28917|215730|209693
198385|174|3257|20473|47065|61574
204092|37468|60068|216213|205884
56662|20473|174|20473|47065|61574
28917|6939|1299|23520|272935|271943
28917|6939|1299|12488
4601|6939|28917|28775
513|174|1299|3920|206777
29222|6939|28917|198297|51081
7018|3356|28370|53079
6461|1299|34927|202827
41327|174|60068|216213|205884
50628|1299|3491|216211|211575
196621|6939|30893|204789
58308|6939|8943|44671
327960|174|6453|29208
28917|6939|7018|396922
328840|327727|174|35598|52091|206810|202497
50629|57463|14840|2716
28917|6939|1299|15704
559|35598|52091|206810|24881|24697
58308|6939|15935|197451|201931
23764|3356|21320|5408|47065|61574
44324|32595|174|27988|271949
28917|6939|1299|1280
50304|1299|6855|50698
20253|1299|6453|29208
35280|6453|1299|3920|206777
210312|4601|50869|58299|209898|199553|208948
8280|6762|174|22381|267470|263047|264389
328840|327727|174|14840|269288
28917|6939|1299|60610|48686
35008|1299|4637|20473|47065|61574
6730|6830|3356|28370|263535|268030
58299|7195|28189|266931|269250|271150
553|3320|174|37468|61568|266460|61625
37468|28917|215730|209693
58299|8551|44709
58308|6939|6830|23520|270200|272314
34927|1299|56504|47674
29222|6939|7018|11483
50877|5405|6939|207995
207841|6939|50989|33837
15605|6939|39790
14907|5405|61568|266460|61625
58308|9002|8772|215536
15605|6939|28370|269016
55720|2914|1299|6855|39904|47767
210312|4601|50869|41051|201911
8283|14840|269288
12307|29691|1299|3223|34224|12735
35008|1299|3257|60068|206406|210557
37739|3491|1299|20473|47065|61574
553|34927|202532
44324|32595|174|22359
205206|1299|12956|212721
29222|6939|8194|12509
58308|6939|28370|263535
4764|174|14840|2716
57695|917|60068|1299|3356|28370|267608
328840|327727|174|3356|3223|41327
29222|6939|50989|48116
58308|6939|1299|3308|3573
29222|6939|2852|200874
29222|6939|553|212522|63293
174|35598|52091|206810|5598
31510|174|20473|47065|61574
49028|31564|174|35665|200906
7018|6939|54429|401894
210312|4601|6939|28917|6789
34019|6939|25192|20701
57381|42708|33891|216067|44244
14537|13786|174|60068|216213|205884
44324|32595|174|53667|214660
64475|6939|28917|6789
28917|6939|1299|7342
15605|35598|52091|206810|211692|214268|196977
199524|33891|60068|211571
16552|1299|12859|47065|61574
12637|57463|7713|1299|56308
1299|29049|49666|205647|49801|204533
49028|1299|6939|28370|264426
25160|1299|6855|39904|199604
50629|6939|54429|401894
13030|1299|12956|212721
35600|9002|8772|396416
40994|6939|28917|201119
28917|6939|1299|20473|200936
32590|12956|1299|6855|39904|199604
60068|33891|56630|209944
58308|6939|33891|48918
5405|1299|20473|201423
210312|4601|50869|57777
3491|1299|60068|216213|205884
2497|2603|21320|5408|47065|61574
34177|1299|3356|28370|267556
28917|6939|1299|42473
47147|1299|6939|215172|214955
50629|6939|24796|63293
4601|50869|58299|209114|202545
58057|50673|174|1299|20473|201423
553|6939|30893|204789
207841|6939|30893|199580
34854|1299|6204|44592|49581|209693
41666|33891|216067|44244
6830|3257|49666|205647|49801|204533
327960|174|35598|52091|206810|59815
4601|50869|58299|207271
210937|1299|6453|19318|201813
58308|35598|52091|206810|211692|214268
139317|44324|32595|174|53667|147071
42541|1680|20473|47065|61574
1257|1299|20473|399970
20253|1299|4230|2716
917|60068|174|10490|2722|12148|47065|61574
207841|6939|28917|39153
139317|44324|32595|174|37649
20612|9044|1299|60068|216213|205884
34019|6939|2852|212876
35426|215596|1299|20473|399970
42541|1299|174|210|47065|61574
20932|1299|21351|60132
50304|33891|216067|44244
139317|44324|32595|174|399646|206042
34927|174|6461|9498|20473|47065|61574
58057|174|21320|5408|47065|61574
48185|1299|3257|19318|209896
29222|6939|62000|208226
20253|1299|21351|60132
5405|6939|30893|204789
28917|6939|1299|20473|213007
34854|1299|3356|28370|263535
60068|174|56630|209944
1299|35598|25308|28917|204076
8283|20764|52091|206810|12773|57005
28917|6939|1299|20473|214732
553|29632|215536
553|6939|28917|198297|51081
6453|174|21700|399914
44324|32595|174|42366|212799
28917|6939|1299|31898|41457
15605|6939|2852|201648
39122|1299|37468|270551|263047
12779|33891|60068|211571
327960|174|22381|267470|263047
52873|12956|1299|20473|399970
136557|174|35598|52091|206810|208435
32590|37100|1299|6855|39904
28917|6939|1299|25899|63386
49028|1299|6939|30893|199580
29680|174|11432|271150
58308|6939|1299|212175
264479|6762|1299|6855|39904
58308|13335|5408
206356|50629|3356|21320|5408|47065|61574
202365|50673|174|28189|266931|271615|273522|271150
199938|1299|17676|216211|44324|205369
39122|1299|6762|267470|263047
44324|32595|174|59402
15547|174|28189|266931|269250|271150
44324|32595|174|21826|273155
37497|3491|2914|12859|47065|61574
210312|4601|50869|6939|29222|204957
14907|3356|21320|5408|47065|61574
28917|6939|1299|23520|263714
47147|3320|1299|60068|216213|205884
42541|1299|174|20473|47065|61574
5413|1299|6762|16735|273514
48185|1299|174|3130|47065|61574
21412|1299|56630|209944
6830|3356|28370|263535|268030
8218|6461|174|3130|47065|61574
35426|215596|1299|12859|47065|61574
28917|3257|1299|20473|201423
6720|1764|5405|61568|266460|61625
12956|174|210329|215728
28917|6939|1299|38930|207843
3130|174|3356|8119
64475|6939|28917|48084|199961
47147|1299|174|21320|5408|47065|61574
49028|1299|6939|30893
42541|13335|400095
20514|1299|3356|28370|267556
58308|6939|1299|13335
24516|174|35598|52091|206810|214721|204108
8220|1299|23764|35168|212999
56655|1299|12956|212721
7713|174|20473|47065|61574
40994|174|20473|47065|61574
44324|32595|174|199335
58308|6939|9136|211479|216351
7594|174|20473|47065|61574
34019|6696|1299|20473|47065|61574
44393|394256|174|20473|47065|61574
29222|6939|215172|214955
132825|174|35598|52091|206810|214721|204108
28917|6939|1299|11664
6696|1299|17676|216211|44324|205369
9268|4764|1299|23764|35168|212999
39351|1299|3356|8119
35600|6939|28370|269016
50629|215551|30893|199580
47692|3356|174|20473|47065|61574
45049|6696|1299|20473|47065|61574
12859|35598|52091|206810|196638
196621|6939|28917|48084|59833
198385|174|1299|20473|47065|61574
8283|20764|43298|48678|213865
58308|6939|273556
271253|6453|174|60068|205884
136557|174|46427|64289|44592|49581|209693
57866|1299|198949|35676
2027|47160|174|60068|205884
40994|174|216211|211575
28917|6939|30893|9423
31742|1299|60068|197103|212080
34288|1299|3356|28370|264426
58308|6939|197580
28917|6939|1299|36236|64114
28917|6939|2852|202874
216285|8280|6762|174|10490|2722|12148|47065|61574
58308|6939|1299|17676|4725|17509
971|174|35598|52091|206810|211692|214268
12637|6939|215172|214955
28917|6939|1299|52468|272936
3399|5511|1299|20473|399970
12637|20764|43298|48678|213865
30600|1299|6855|39904
139317|44324|32595|174|54502
35008|1299|17676|216211|211575
1299|8943|200636
58308|6939|1299|399077
5413|1299|60068|197103|212080
151326|174|5459|200070
42541|1299|60068|211571
50304|1299|174|140227|44324|205369
8220|1299|29695|206557|205190
58308|6939|1299|24429
57821|12586|3257|1299|12859|47065|61574
6894|174|210329|215728
20932|33891|60068|211571
39122|174|210|47065|61574
29222|6939|2852|210498
196621|15576|174|60068|197103|212080
29504|39392|174|1299|20473|201423
58308|6939|7018|7764
5405|6939|16652
39122|174|3257|9498|20473|47065|61574
60326|34927|1299|3920|206777
28917|6939|1299|44176
29504|15935|174|35598|52091|206810|214721
49788|1299|3356|28370|53079
917|60068|1299|3223|41327
20205|1299|3223|41327
58308|6939|50629|207160
36994|1273|174|3130|47065|61574
8220|1299|33891|216067|44244
58308|6057|28283|268744|2716
8280|6762|174|216211|211575
7713|174|1299|20473|47065|61574
50877|5405|6939|54429
34854|1299|174|204548|215728
58308|6939|6830|23520|272935|271808
35625|5511|174|37468|61568|266460|61625
3257|174|210|47065|61574
210312|4601|50869|52025|212895|203766
37468|174|6762|49666|58224|214805
64475|3320|1299|198949|35676
2497|174|60068|216213|205884
28917|6939|7018|401202
63927|1299|8551|20473|47065|61574
139317|44324|32595|174|213966
49544|1299|174|204548|215728
48070|1299|3223|34224|12735
57695|917|60068|1299|3920|206777
45352|1299|8551|44709
4230|33891|216067|44244
4601|6939|28917|21453|48149
3549|3356|174|20723|2852|202874
12637|6939|29222|41495|206202
34019|7195|28189|266931|271615|273522|271150
44324|32595|174|25829
5405|6939|30893
6424|174|35598|52091|206810|211101
328840|327727|174|1299|25091|8298|4601|4492
6730|6830|174|204548|215728
1403|577|174|3130|47065|61574
47147|1299|6939|196610|48927
139317|44324|32595|174|11805
553|6939|29222|207688
16552|1299|5511|49666|58224|214805
44324|32595|174|137409|7578
34927|56655|1299|56630|209944
64475|37468|60068|216213|205884
2497|174|35598|52091|206810
8283|20764|52091|59815|25299
21232|13030|33891|216067|44244
7660|11537|20965|5408|47065|61574
7713|174|3491|20473|47065|61574
19151|2914|1299|34927|202532
210312|4601|50869|41051|205415
215596|174|3257|21034
29222|6939|39791|49101
44324|32595|174|198104
40994|57463|41327|208376
45049|6696|1299|8551|44709
12779|13335|5408
5405|6939|2852|212876
28917|6939|199095
6830|174|8551|20473|47065|61574
12779|22356|28370|273514
28917|6939|1299|23520|272112|274072
210312|4601|50869|34019|201281
4601|50869|41051|215004
57111|174|52468|271150
204092|6939|58308
2516|174|1916|47065|61574
31742|1299|3257|19318|209896
12637|6939|28370|267556
50877|6762|3356|21320|5408|47065|61574
36924|1299|20473|47065|61574
553|9002|197589|174|6762|3269|198013
35600|32787|202161
19151|174|56630|209944
42473|1299|6855|39904|199604
12307|29691|1299|174|20473|47065|61574
34019|6939|59970
21700|174|22381|267470|263047
14537|2603|21320|5408|47065|61574
29504|15935|174|10490|2722|12148|47065|61574
47147|1299|6762|16735|273514
57381|50304|1299|7195|20473|47065|61574
44324|32595|174|397301
15547|174|52468|271150
25160|1299|6855|39904|202605
12637|6939|28917|6789|201069|207979
34927|56655|1299|3257|20473|47065|61574
44324|32595|174|21928
16552|1299|3216|51032|41344|39707
28917|6939|1299|20473|212217
4826|1299|60068|216213|205884
34872|24961|1299|8551|20473|47065|61574
9044|1299|20473|399970
28917|6939|1299|20473|400817
204092|6939|28917|44812
44393|394256|174|2914|226|47065|61574
40994|6939|28370|263060
202297|23764|35168|212999
21412|9002|21320|5408|47065|61574
174|6453|8551|44709
7018|1299|25091|8298|4601|4492
58308|6939|6830|23520|264813
35600|35598|52091
58299|62255|52091|206810|59815|25299
3399|174|201814|209896
28917|6939|1299|19637
196621|6939|2852|213152
50673|174|32787|202161
327983|37497|3491|2914|12859|47065|61574
132825|174|35598|52091|206810|210063
58308|6939|6830|23520|14638|35892
6424|174|10490|2722|12148|47065|61574
28917|6939|1299|199524|62553|205941
50304|1299|6453|19318|209896
206356|50629|174|1916|47065|61574
41327|6461|9498|20473|47065|61574
58308|6939|7018|22317
12637|13335|5408
57111|41327|44592|49581|209693
50629|6939|28370|263535
9002|3356|174|399697|39967|399697
6424|174|20473|47065|61574
6082|174|21320|5408|50148
8220|1299|20473|201423
58308|6939|6830|23520|272935|267845|272083
137409|174|210|47065|61574
28917|6939|1299|20473|208260
44324|32595|174|266445
151326|174|50509|51032|41344|39707
35426|215596|174|21320|5408|47065|61574
58308|6939|7018|26305
8283|6939|2852|61110
37105|36994|1273|174|20473|47065|61574
132825|174|3356|28370|268521
50304|1299|20473|399970
132825|174|56630|209944
852|174|20723|2852|202874
139317|44324|32595|174|57974
44324|32595|174|57974|266
29140|174|20473|47065|61574
44324|32595|174|20473|40138
7018|12956|212721
44324|32595|174|44891
42541|62255|62379
28917|6939|1299|8473
1299|3356|8119
48070|6939|28917|48084|199961
28917|6939|1299|58317|48448
12779|35598|52091|206810|196638
28917|6939|64475
58308|6939|33891|211417
58308|6939|1299|51057
2914|174|11432|271150|272738
394256|174|1299|20473|47065|61574
6720|1764|174|60068|216213|205884
12637|35598|52091|206810|196767
553|174|22381|267470|263047|264389
4601|50869|41051|205415
210312|4601|6939|28917|48084|35816
35600|6939|2852|199711
206356|50629|20473|47065|61574
31742|1299|3356|28370|267608
136557|174|35598|52091|206810|39558
28634|4230|1299|35598|52091|206810
398465|4826|1299|198949|35676
37497|174|204548|215728
132337|1299|60068|216213|205884
20764|174|210|47065|61574
28917|6939|7018|11483
24516|174|35598|52091|44660
38880|174|210329|215728
58308|6939|7018|4473|13979|2576
29504|15935|174|210329|215728
28917|6939|1299|56911
6667|1299|201814|209896
57695|917|60068|174|20473|47065|61574
28917|6939|205479
58308|6939|50629|49855
6730|6830|34927|202827
3130|174|210|47065|61574
28917|6939|1299|52468|271822
1140|24785|6830|3257|21034
6082|174|14840|2716
28917|6939|1299|7632|9905
58057|1836|1299|3920|206777
196621|6939|28917|47438
12956|1299|35598|52091|206810
35625|3257|174|20473|47065|61574
1299|3356|28370|263535
56655|1299|20473|201423
917|60068|174|216211|211575
29504|15935|13335|400095
28917|37468|53062|266493|61625
14907|1299|60068|197103|212080
6720|1764|1299|174|37468|61568|266460|61625
12350|1299|3356|28370|267608
28917|6939|1299|265540
13237|1299|201814|209896
328840|327727|174|35598|52091|206810|35273
7018|6939|28370|267556
1299|6453|22356|28370|28657
6894|174|5538|8194|29345
12859|35598|52091|206810|214210
28917|6939|40994|204136
34800|29632|9002|1299|198949|35676
58308|212815|52053
53828|2914|1299|6855|39904
29222|1299|21351|60132
8220|1299|3356|28370
40994|57463|22356|52468|271150
12859|6939|30893
210312|4601|50869|52025|212895|205336
25152|2914|174|204548|215728
39392|33891|7195|20473|47065|61574
398465|1299|3216|51032|41344|39707
29222|6939|29208|56717
57695|917|60068|174|6461|394737
58057|6939|1299|20473|399970
139317|44324|32595|174|216371
44324|32595|174|44297
271253|6453|174|21320|5408|47065|61574
12637|6939|28370|52593
5405|6939|2852|199711
34549|1299|3920|206777
1299|12859|47065|61574
48185|1299|174|20473|47065|61574
3320|1299|29695|206557|204503
20080|2914|174|210329|215728
12779|35598|52091
58308|6939|42184|8454
58057|50673|174|201814|209896
39122|1299|1680|20473|47065|61574
135895|6939|1299|20473|399970
28917|6939|1299|23520|265561
60068|174|20473|47065|61574
196621|58115|21263
12350|1299|3356|28370|53079
148968|1299|3257|60068|206406|210557
29075|174|204548|215728
2027|47160|174|140227|44324|205369
12859|1299|5511|60068|206406|210557
29504|39392|174|2914|226|47065|61574
210312|4601|50869|6939|15372|203592
39351|174|10490|2722|12148|47065|61574
139317|44324|32595|174|33154|398461
328840|327727|174|1299|6855|50698
48185|1299|22773|8119
3333|1257|174|3130|47065|61574
48362|1299|174|204548|215728
8283|6939|30893|13214
202365|50673|174|32787|202161
41327|174|204548|215728
3170|6939|33924
20253|1299|12956|212721
60011|3356|1299|3920|206777
513|29222|6939|61618|267216
6424|9002|12555|48430
139317|44324|32595|174|398947|27884
58308|6939|5405|214017
50877|5405|1299|10490|2722|12148|47065|61574
50629|20764|52091|206810|213694
28917|6939|1299|20473|397493
28917|6939|1299|23520|27665|263222
15605|35598|52091|206810|12773|44710
37239|37468|1299|6855|39904|47767
58308|6939|6830|23520|272401
3130|174|3356|9002|8772|396416
28917|6939|7018|16793
12859|35598|52091|206810|24881|24697
64475|6939|200070
29504|15935|6461|23352|20473|47065|61574
16347|1299|6762|16735|273514
20205|1299|201814|209896
199524|1299|60068|211571
41327|6939|30893|200690
47147|1299|6939|28370|28657
210312|4601|50869|52025|212895|214223
12779|35598|52091|206810|211692|214268
24961|1299|6855|39904|47767
58308|6939|1299|212477|23061
49544|1299|10490|2722|12148|47065|61574
49432|48362|1299|20473|47065|61574
3741|174|204548|215728
49605|6762|174|3130|47065|61574
15562|2914|174|5538|8194|29345
2914|3356|21320|5408|47065|61574
3130|174|60068|211571
20514|1299|174|210329|215728
7713|1299|20473|399970
55222|1299|29695|206557|204503
132825|174|3257|60068|206406|210557
3170|37468|52468|262393
28917|6939|1299|52468|274055
15547|174|3356|28370|28657
50629|20764|52091|59815
44393|394256|174|210|47065|61574
28917|6939|7018|29992
6424|6939|28917|21453|41783
151326|174|35598|52091|206810|196638
44324|32595|174|214206
263237|174|12956|212721
917|60068|33891|20473|47065|61574
64475|6939|28370
6730|6830|3356|29695|206557
48070|9304|136237|174|137995
6696|1299|20473|399970
24961|1299|6855|39904
39392|33891|20473|47065|61574
28917|6939|1299|39572
44324|32595|174|3320
44324|32595|174|62833
12779|33891|44592|49581|209693
34927|52025|174|52468|271150
6830|1299|37468|270551|263047
3170|16164|36032
34288|1299|3356|8119
209|3356|174|3130|47065|61574
136557|174|3356|28370
8359|1299|6855|39904
28917|6939|6830|59622
58308|6939|9136|208395
6057|174|60068|211571
47147|1299|6453|29208
29222|6939|62000|208226|205778
20130|23352|2914|174|210|47065|61574
4601|50869|215828
3333|1257|1299|20473|47065|61574
41666|20764|52091|206810|211101
8283|6939|25192|20701
263237|174|13335|5408
28917|20764|52091|206810
20253|1299|3356|28370|28657
1764|174|20473|47065|61574
48070|6939|30893
12969|1299|3356|16735|273514
5405|62255|52091|206810|56766
58308|6939|6830|23520|263703
60068|33891|20473|47065|61574
29222|6939|7018|401291
28917|6939|199081|209847|215540
28917|20764|52091|206810|202497
6082|174|3130|47065|61574
64475|6939|28370|264426
132337|174|22381|267470|263047|264389
3170|6939|2852|199711
917|60068|28917|215730|209693
3356|6830|60068|216213|205884
6057|174|60068|216213|205884
35600|30781|1299|198949|35676
28917|6939|1299|20473|210659
42473|1299|6453|1031|61568|266460|61625
6453|1299|6855|50698
58057|174|210329|215728
4455|33891|216067|44244
8298|25091|1299|20473|47065|61574
29691|1299|174|204548|215728
328964|23764|3356|174|20723|2852|202874
3399|5511|1299|198949|35676
58511|3491|5405|8943|200636
47160|174|22381|267470|263047|264389
20932|1299|198949|35676
35426|215596|1299|6855|39904|47767
22652|1299|29695|206557|204503
25091|6453|174|3130|47065|61574
9002|3356|174|52468|271150
41666|20764|52091|59815
42541|1299|37468|270551|263047
37105|37468|1299|3920|206777
48070|1299|174|3130|47065|61574
28917|6939|1299|20473|205417
4601|50869|34019|201281
12859|6204|208972|210538|6775|13030|4637|133398
35598|174|210329|215728
5405|62255|52091|206810|211692|214268|197578
1764|174|399697|39967|399697
20253|1299|3356|28370|268521
50304|1299|20473|201423
1299|3257|20473|47065|61574
39392|174|60068|216213|205884
20253|1299|20473|201423
37100|33891|216067|44244
58308|6939|50629
37697|37497|1299|6855|39904|47767
16347|1299|20473|399970
263237|174|1299|25091|8298|4601|4492
58308|6939|6830|23520|272935|267846|273861
12956|1299|12859|47065|61574
40994|57463|41327|62093
28917|6939|1299|5056|20273
1764|174|216211|211575
44324|32595|174|209594
25220|33891|216067|44244
36924|1299|3216|51032|41344|39707
199524|12859|47065|61574
40994|6939|28917|47914
139317|44324|32595|174|394584
6424|6939|30893|13214
58308|35598|52091|59815
28917|8359|57304|12735
205206|1299|4230|2716
49432|48362|1299|3491|20473|47065|61574
35600|35598|52091|206810|24881|24697
39392|174|3130|47065|61574
29691|1299|56504|47674
48362|1299|201814|209896
28917|6939|1299|23118
2734|9002|8772|215536
34854|1299|174|210|47065|61574
1299|6939|30893|204789
139317|44324|32595|174|265609
971|174|35598|52091|206810|208435
14630|2914|1299|3920|206777
25160|174|60068|216213|205884
20130|23352|3257|174|399697|39967|399697
58308|6939|1299|13855|400528|395580
8298|25091|6830|60068|216213|205884
29222|6939|28917
58308|6939|52838|268086
34927|60011|3356|1299|198949|35676
58308|6939|1299|14041|194
3257|174|32595|44324
4601|50869|34019|200162
29222|6939|28917|43714
34854|1299|3216|51032|41344|39707
36924|1299|3356|28370|263060
263152|174|1299|3920|206777
3130|174|22381|267470|263047|264389
174|35598|52091|206810|24881|24697
41327|29632|59682
37239|37468|174|6453|4755|7768
6720|1764|1299|8551|44709
34177|1299|3257|60068|206406|210557
4601|50869|6939|2852|197451
28917|6939|1299|52468|274063
8283|20764|52091|206810|59867
6696|1299|12859|47065|61574
4601|8298|25091|6453|174|3130|47065|61574
58308|6939|6830|23520|52286|264764|273041
4601|6939|28917|48084|59833
50673|174|11432|271150|272738
34019|47160|174|204548|215728
28917|6939|25192|29067
28917|3257|174|1916|47065|61574
17660|6453|174|28189|266931|271615|273522|271150
28917|6939|1299|52468|273177
37105|37662|174|60068|211571
47147|1299|174|14840|269288
215596|1299|20473|399970
8283|6939|25192|26710
12969|1299|4230|2716
28917|6939|1299|36352|60117
24961|28917|215730|209693
58308|6939|5405|213425|33832
28917|6939|1299|12876
37739|3491|174|5538|8194|29345
49028|1299|6939|28370|267556
30600|1299|20473|47065|61574
20764|174|3491|20473|47065|61574
34927|52025|1299|8551|44709
49028|1299|8551|44709
6424|20764|52091
199524|174|20723|2852|202874
209|3356|174|21700|399914
205206|1299|3356|28370|267608
24516|3491|1299|20473|47065|61574
58308|6939|7018|397799
20932|1299|12956|212721
327727|174|35598|52091|206810|211101
28917|6939|1299|21859|63473|205563
63927|1299|20473|47065|61574
8283|57866|28917|215730|209693
35280|6453|1299|198949|35676
58308|6939|7018|4466
28917|6939|1299|20473|153185|136725
11039|6461|1299|34927|202827
59105|2518|2914|174|37468|61568|266460|61625
4181|1299|29695|206557|204503
13830|971|174|35598|52091|206810|35273
42541|7195|28189|266931|271615|273522|271150
6830|174|60068|197103|212080
28917|6939|1299|6855|49117
11039|6461|1299|8551|20473|47065|61574
3170|6939|28370|264426
7018|6939|28370|28657
30781|33891|44592|49581|209693
50629|6461|52320|7162|13878|52468|271150
28917|6939|269688
28917|6939|1299|20473|38008
58308|6939|1299|43578
12350|1299|3356|28370|264426
3130|174|6762|16735|273514
58308|6939|1299|44788
29222|6939|262365|263433|268967
20912|12637|1299|20473|201423
207841|52025|212895|210320
52025|1299|6855|39904|47767
34019|16276|203019
15547|174|6453|29208
29222|6939|196945
21700|174|60068|216213|205884
22652|1299|3356|28370
12969|1299|6453|19318|201813
36924|1299|6855|39904|202605
44324|32595|174|31241
917|60068|33891|56630|209944
13830|971|174|35598|52091|206810|208435
58308|6939|7018|14654
47147|1299|6453|19318|201813
19151|2914|1299|6855|39904|199604
24482|2914|1299|10490|2722|12148|47065|61574
7195|33891|216067|44244
7018|1299|59692|12555
52075|6762|174|3130|47065|61574
263152|174|60068|205884
36924|1299|21351|60132
196621|6939|2852|199711
40994|57463|41327|206988
8888|137409|3356|1299|20473|47065|61574
58308|6939|1299|37119|13335
2734|142111|152672|174|3257|40676|397423|400402|62564
58308|6939|8194|51955
37105|37662|174|3356|16735|273514
210937|1299|174|216211|211575
48919|174|52468|262393
42473|1299|10490|2722|12148|47065|61574
4181|1299|5511|49666|58224|214805
36924|1299|22773|8119
6894|174|10490|2722|12148|47065|61574
136557|174|7311|835|394273
3356|1299|22773|8119
3320|1299|22773|8119
6424|6939|28917|12739
12637|6939|2852|199711
35280|1299|34927|202827
28917|6939|1299|399672
60326|34927|174|1916|47065|61574
15935|174|6453|29208
58308|6939|6830|23520|27884
56655|1299|5511|60068|206406|210557
917|25369|174|210|47065|61574
35008|1299|20473|47065|61574
210312|4601|50869|34019|201080
199524|174|28189|266931|269250|271150
5511|174|210|47065|61574
58308|6939|1299|43519
17660|6453|174|21320|5408|50148
58308|6939|35133|50917|214677|212085
1403|577|174|1916|47065|61574
24482|2914|1299|198949|35676
205112|50629|6461|210|47065|61574
34177|174|37468|53062|266493|61625
12779|31133|12389|28917|8905|42132|56779
47147|1299|3216|51032|41344|39707
51184|1764|174|210329|215728
58308|6939|7018|36519
139317|44324|32595|174|12337
4601|50869|6939|30893|200690
139317|44324|32595|174|30567
34927|56655|1299|8943|200636
136557|174|3257|19318|201813
6424|6939|207995
6461|174|32595|44324
41327|6939|28370|263535
39122|1299|6855|39904
34927|1299|37468|270551|263047
58308|6939|1299|9141
58308|6939|1299|394611
1267|1299|12956|212721
136557|174|35598|52091|206810
59414|3303|174|60068|205884
50877|5405|1299|20473|201423
210937|1299|3356|28370|263535
559|6939|42695
3356|1299|198949|35676
12637|1299|34927|202532
29222|6939|30893|204789
148968|7474|3257|174|210|47065|61574
210312|4601|50869|52025|209552
58308|6939|1299|20473|44354
139317|44324|32595|174|51847|215269
22652|174|1916|47065|61574
17350|3356|1299|198949|35676
15605|35598|52091|206810|24881|24697
12637|1299|60068|197103|212080
28917|6939|1299|31242|198050
852|1299|20473|47065|61574
58308|6939|553|204680|202329
58308|6939|1299|16509
12859|1299|6855|39904
28917|6939|1299|6400|267896
49028|1299|6453|19318|209896
34927|56655|1299|8551|44709
58308|35598|52091|206810|24881
57381|50304|1299|6453|4755|7768
917|60068|1299|34927|202532
19653|30600|174|52468|271150
19151|2914|1299|6855|39904|47767
207841|6939|30893|13214
1267|33891|216067|44244
34800|58057|50673|174|20723|2852|202874
2497|1299|12859|47065|61574
39351|1299|20473|399970
28917|6939|1299|20473|401815
50877|5405|62255|52091|206810
139317|44324|32595|174|267613|13335
328840|327727|174|35598|52091|206810|197643
263152|174|216211|44324|205369
263237|174|210|47065|61574
553|9002|19551|1299|19551
58308|6939|1299|23520|46198
28917|6939|1299|262206|27773
210937|1299|6855|39904|202605
553|1299|37468|53062|266493|61625
6667|174|60068|216213|205884
58308|6939|7018|14381
44324|32595|174|207136
20055|3257|33891|216067|44244
4601|8298|8283|2914|20473|47065|61574
28917|6939|1299|12252|64120
29222|6939|208453|214639
50300|3356|21320|5408|47065|61574
5405|6939|42695|43101
28917|6939|262365|263433|268967
6894|174|201814|209896
59414|13030|21320|5408|47065|61574
45352|1299|3223|41327
28917|20764|52091|206810|211101
35008|1299|1680|20473|47065|61574
34019|6939|393682
50304|1299|2914|226|47065|61574
58308|6939|1299|59796|39010
28917|6939|25400
35369|5405|4601|4492
16552|1299|6461|210|47065|61574
4601|50869|52025|210100
40994|6939|28917|39238|51408
23367|1299|20473|47065|61574
34019|6939|28370|263535
35426|39801|5511|174|37468|61568|266460|61625
6762|1299|34927|202532
51519|39351|174|140227|44324|205369
58308|6939|7018|2685
20205|174|1916|47065|61574
48185|1299|6855|39904|202605
8283|13335|5408
3170|174|22381|267470|263047|264389
58308|6939|7018|396169
513|174|1299|20473|201423
58308|6939|41720
28917|6939|3170|206924
210312|4601|50869|6939|28370
58308|6939|6830|23520|262202|263713
35426|215596|174|210|47065|61574
139317|44324|32595|174|22115
58057|174|6453|4755|7768
199938|1299|3257|19318|201813
42473|1299|56504|47674
210312|4601|50869|44324|198304
28917|6939|1299|8523
14907|3356|174|140227|44324|205369
35598|174|52468|271150
39351|174|12956|212721
48362|1299|3356|28370|28657
6730|6830|9002|12555|210259
4601|6939|28917|39134
17660|2914|1299|6855|39904|202605
4230|1299|29695|206557
28917|6939|1299|52468|274278
28917|6461|394737
4601|7195|20473|47065|61574
22652|1299|6855|39904
28917|6939|1299|208398
30600|1299|6855|39904|202605
1299|8551|20473|47065|61574
28917|6939|1299|203182
28917|6939|7018|14654
328512|5713|174|20473|47065|61574
9044|1299|12956|212721
47147|1299|198949|35676
42541|1299|174|140227|44324|205369
209650|34927|1299|20473|47065|61574
4601|6939|28917|21453|41783
196621|6939|28370|268521
35426|215596|62000|1680|44709
20253|1299|6453|4755|7768
25152|2497|174|210|47065|61574
559|20764|43298|48678|213865
513|29222|6939|200712
35426|215596|174|60068|205884
40387|1299|60068|211571
34927|60011|3356|21320|5408|47065|61574
262427|174|3257|21034
63927|1299|174|20473|47065|61574
58308|6939|1299|400475
207841|7195|11432|271150|272738
20253|1299|22773|8119
28917|6939|1299|20473|53841
6424|6939|2852|61110
9370|2497|174|52468|271150
29140|286|1299|198949|35676
28917|6939|1299|29636
50673|174|60068|216213|205884
8529|1299|1680|20473|47065|61574
60068|174|5538|8194|29345
198385|174|60068|205884
58308|6939|28917|35539
28917|6939|62000
29504|15935|6461|17378|8119
4601|50869|6939|54429|401894
29222|6939|199399
263237|174|3257|60068|206406|210557
41722|12389|1299|60068|197103|212080
29222|6939|29670|207510
24961|3320|174|399697|39967|399697
58308|6939|39791|49101
37721|1299|20473|47065|61574
29479|50304|1299|20473|399970
41327|6939|30893|13214|35634
3170|6461|6057|28283|268744|2716
559|7195|11432|271150|272738
41327|6939|28370|263060
18106|174|140227|44324|205369
1299|3356|16735|2716
202365|50673|174|201814|209896
58308|6939|15962|203933
50131|36236|174|37468|61568|266460|61625
6423|20055|1299|20473|399970
58308|6939|28917|43714
57381|50304|1299|12956|212721
28917|6939|1299|19332|16921
40994|6939|28917|44812
204092|6939|29222|513|20940
29222|6939|62000|207879
34288|1299|20473|399970
58308|6939|47787|203020|208414
1273|174|56630|209944
207841|6939|59970
42473|1299|174|60068|205884
263237|174|7545|20473|47065|61574
44324|32595|174|60497
61049|12859|47065|61574
50304|8455|8283|47065|61574
58308|6939|1299|51167
39351|174|3356|8119
7500|2497|174|28283|268744|2716
20253|1299|23764|35168|212999
139317|44324|32595|174|58057|216096
20205|1299|20473|399970
34800|58057|50673|174|1299|20473|201423
28917|6939|1299|23520|262931
6424|6939|28917|35539
59689|29075|174|8551|20473|47065|61574
6830|174|8899
328964|23764|1299|201814|209896
28917|6939|6424|134450
2734|27364|2914|174|21555
28917|6939|2852|204772
58308|6939|3170|49485
6453|1299|29695|206557|208835
7018|1299|34927|202532
44324|32595|174|62807
21700|174|201814|209896
58308|6939|1299|40061|31529
398465|3320|1299|17676|216211|44324|205369
28917|6939|1299|20773|44273
8283|6939|2852|213152
327960|174|12956|212721
58308|6939|199081|209847
58308|6939|7018|4473|13979|8076
28917|6939|1299|14080|270018
58511|1299|6855|39904
28917|6939|1299|19693
44324|32595|174|18640
139317|44324|32595|174|141163
35280|1299|6855|50698
57111|41327|19318|201813
40994|6939|29222|207688
15605|35598|52091|206810|12773|47809
971|174|37468|61568|266460|61625
58308|6939|1299|34927|210667|204375
20253|1299|37468|52468|271150
15605|6939|42695|43101
48070|57463|7713|174|56308
37271|174|20723|2852|202874
210312|4601|7195|11432|271150
8283|6939|50989|50683
41051|58299|33891|216067|44244
58308|6939|1299|55410|38266
3214|1299|174|216211|211575
2734|21859|138415|4229|1299|3356|41095|17561
61568|174|140227|44324|205369
12956|1299|29695|206557|205190
58308|6939|50629|207252|207196
210937|1299|174|3130|47065|61574
42541|31133|12389|28917|8905|42132|56779
4601|50869|6939|59689
6423|20055|1299|6855|39904|47767
59414|6830|174|52468|271150
210937|1299|33891|216067|44244
4601|6939|28917|47438
8220|1299|5511|49666|58224|214805
12637|35598|52091|206810|202497
39351|1299|3223|34224|12735
139317|44324|32595|174|397026
28917|6939|1299|12293
58308|6939|1299|25122
47957|44530|6830|60068|216213|205884
7713|174|21320|5408|47065|61574
28917|6939|1299|29551|35042
42473|1299|174|216211|211575
49028|1299|6939|33924
20514|1299|3356|16735|2716
6424|271586|263047
207841|6939|28917|47759
4181|1299|21351|60132
14907|1299|34927|202827
40994|6939|28917|206011
140627|1299|3356|28370|53079
44324|32595|174|21433
327960|174|35598|52091
20253|1299|3356|8119
7018|1299|20473|399970
196621|15576|174|140227|44324|205369
1403|577|1299|34927|202532
12859|35598|52091|206810|48687
14630|2914|1299|198949|35676
35600|6939|25192|26710
34854|14840|2716
6424|20473|47065|61574
8218|6461|174|216211|211575
60068|174|1916|47065|61574
6667|1299|20473|399970
9044|1299|60068|197103|212080
44324|32595|174|138538
34927|60011|3356|1299|6855|39904|199604
29222|6939|30893|13214
12637|35598|52091|206810|202279
59105|2518|2516|174|20473|47065|61574
41722|20485|1299|6855|39904|47767
58308|6939|1299|204805
6894|174|210|47065|61574
58308|6939|1299|8151
4601|50869|199310|211695
204092|6939|2852|210498
29691|1299|7545|20473|47065|61574
58308|6939|1299|36352|26383
58308|6939|6830|23520|262178
3170|8551|20473|47065|61574
20612|8758|15576|174|52468|271150
28917|6939|1299|23511
14537|8455|8283|47065|61574
8426|21320|5408|47065|61574
210312|4601|50869|6939|2852|200874
50629|20764|52091|206810|8274
513|29222|6939|61618|267443
577|1299|34927|202827
140627|1299|3356|28370
41327|6939|28370|270962
5413|1299|3257|20473|47065|61574
35426|215596|174|11432|271150
28917|6939|1299|52468|265775
37468|174|6453|4755|7768
210312|4601|50869|6939|29222|41495
12637|35598|52091|206810
207841|6939|196610|48927
3130|174|10490|2722|12148|47065|61574
58308|6939|12735|51559
58308|6939|6830|23520|264821|274290
210312|4601|50869|199310|210352
62000|1680|44709
28917|6939|30893|204789
199524|1299|6453|1031|61568|266460|61625
394256|174|3257|20473|47065|61574
20932|174|20473|47065|61574
35426|215596|174|56630|209944
15562|2914|12859|47065|61574
31742|1299|56630|209944
28917|6939|1299|212477|207847
44324|32595|174|395512
49432|48362|1299|6762|49666|58224|214805
29222|6939|12779|39636
7713|1299|8551|44709
2516|1299|12859|47065|61574
37271|174|204548|215728
3549|3356|1299|6855|39904
1299|37468|52468|271150
58299|20764|52091
139317|44324|32595|174|3266
34927|56655|1299|3356|16735|2716
57111|41327|2603|21320|5408|50148
49788|1299|6762|267470|263047
262427|174|35598|52091|206810|211101
30781|33891|60068|211571
28917|6939|393682
328512|60171|174|52468|271150
12859|1299|174|21700|399914
41051|50263|44592|49581|209693
29222|6939|28917|20985
28917|6939|1299|3249|200425
210312|4601|50869|41051|214763
28917|6939|1299|52468|27814|13335
58308|6939|42695|43101
7018|174|60068|205884
327983|37497|1299|60068|211571
7713|1299|6855|39904|47767
41666|8298|4601|4492
44324|32595|174|208905
262427|174|35598|52091|206810|202279
28917|6939|1299|6855|50881
3170|7195|11432|271150|272738
58057|174|6453|29208
139317|44324|32595|174|44891
28917|6939|1299|199540
210312|4601|50869|52025|215212
44324|32595|174|398113
49544|1299|6855|50698
4601|50869|41051|215795
35600|35598|52091|206810|56915
28917|6939|1299|3301|43645
12956|1299|60068|216213|205884
49605|6762|1299|20473|47065|61574
6423|20055|1299|21351|60132
58308|6939|7018|397994
271253|6453|174|21700|399914
266213|3356|1299|6855|39904|199604
29222|6939|50629|35675
22652|174|21320|5408|47065|61574
15623|1299|198949|35676
50304|1299|3356|28370|28657
174|3356|28370|268521
8660|1267|1299|6453|19318|209896
3491|174|399697|39967|399697
2914|174|32595|44324
49544|1299|6461|394737
64475|6939|25192|26710
57821|12586|3257|174|1916|47065|61574
199524|174|52468|271150
59689|29075|1299|8551|44709
34854|1299|34927|202827
559|59692|12555
25091|3356|174|5538|8194|29345
29222|6939|2852|61110
12779|6939|2852|197451
13237|1299|6855|39904|47767
44324|32595|174|395500
28917|6939|1299|5605
21700|174|35598|52091|206810|213694
28917|6939|1299|12189
44324|32595|174|30103
210937|1299|5511|60068|206406|210557
680|33891|216067|44244
15605|6939|50989|205966
28917|6939|1299|265780
41327|22356|28370|273514
58308|6939|1299|212477
42541|2603|21320|5408|47065|61574
20080|2914|1299|6855|39904
6424|174|201814|209896
35600|35598|52091|206810|35273
3491|1299|6855|39904|199604
29222|6939|197301|202361
2516|174|210|47065|61574
51519|39351|1299|6855|39904|47767
47160|174|60068|205884
44324|7720|10111|1299|60068|197103|212080
8283|6939|28370|269016
6667|33891|60068|211571
58057|34549|1299|8551|44709
917|60068|1299|3356|28370|263060
41722|12389|1299|20473|399970
32590|1299|6762|16735|273514
28917|6939|1299|14522
394256|174|21320|5408|47065|61574
553|6939|28370|267556
34019|6939|28370|264426
11845|37468|1299|6855|39904
20764|174|12956|212721
48070|6939|28917
29222|6939|62000|198825|214029
48185|1299|3223|41327
29222|6939|35133|200223
174|12956|212721
44324|32595|174|62810
28917|6939|1299|8551|11414
4181|1299|29695|206557|205190
205206|2603|21320|5408|47065|61574
196621|58115|21263|41504
8280|6762|2914|12859|47065|61574
59414|6830|174|204548|215728
40387|1299|29695|206557|204503
13830|971|174|30844|21351|60132
44324|32595|174|397650
12779|2603|21320|5408|50148
20253|1299|3356|16735|273514
207841|6939|24796
28917|6939|1299|13837
328512|37100|1299|6855|39904|202605
58308|6939|1299|21738|200242
41327|6461|23352|20473|47065|61574
271253|6453|174|20473|47065|61574
327983|37497|3491|174|1916|47065|61574
29222|6939|25400|3292|208202
198385|174|210329|215728
3320|1299|29695|206557|205190
31742|1299|3356|28370|264426
41327|6939|2852|201648
60068|1299|12859|47065|61574
58308|6939|1299|17676|4725
62167|174|60068|211571
8283|3491|138997|216211|44324|205369
8283|3491|209810|207187|204943
58308|6939|1299|210937|11930
29222|6939|32097
6730|6830|6461|394737
34019|47160|174|216211|211575
20253|1299|17676|216211|44324|205369
971|174|35598|52091|206810|48687
139317|44324|32595|174|15121
28917|6939|7018|22600
1140|33891|216067|44244
29222|6939|56381|209844
55222|1299|21351|60132
34927|56655|1299|3356|8119
44324|32595|174|15326
132825|174|35598|52091|206810|59815
21700|174|22381|267470|263047|264389
7594|174|35598|52091|206810
1140|24785|6830|3356|28370|268198
206499|34549|1299|3223|41327
8529|1299|174|140227|44324|205369
58308|6939|1299|15164
29504|15935|174|3257|19318|201813
34549|1299|6855|39904
210312|4601|50869|34019|35600|39432
139317|44324|32595|174|33544
21412|1299|21351|60132
917|60068|1299|6939|28370|263060
34854|1299|174|37468|61568|266460|61625
139317|44324|32595|174|63436
35426|215596|1299|3356|8119
35008|1299|60068|211571
42541|7195|11432|271150|272738
202365|50673|174|210|47065|61574
3170|174|1299|20473|47065|61574
204092|6939|28917|48610|57712
1828|33891|60068|211571
8220|3491|174|399697|39967|399697
58308|6939|6830|23520|272935|272908
196621|15576|174|3130|47065|61574
199524|174|6453|4755|7768
4601|50869|52025|57851
327782|37100|1299|10490|2722|12148|47065|61574
58308|6939|50629|207252|216267
28917|6939|1299|3301|29217
29222|6939|7018|4473|13979|2576
12859|35598|52091|206810|196767
3170|6939|28917
6424|1299|201814|209896
44324|32595|174|8452|24835
44324|32595|174|43766
57777|8298|25091|1299|3223|41327
39351|174|22381|267470|263047
28917|6939|1299|9009|44239
14907|1299|7545|20473|47065|61574
199938|1299|20473|201423
204092|34019|2603|21320|5408|47065|61574
44324|32595|174|21826
12637|6939|33924
28917|6939|199399
4601|50869|52025|212895|203766
28917|6939|7018|29298
58308|6939|1299|202276
58308|35598|52091|206810|211692|31069
41327|20764|43298|48678|213865
35426|215596|174|216211|211575
57111|174|60068|205884
60068|1299|9002|8772|396416
23764|1299|60068|211571
35600|35598|52091|206810|208435
12859|1299|6762|267470|263047
6830|6939|28917|44056|57629
19653|30600|1299|34927|202532
8220|6453|3356|21320|5408|47065|61574
9002|1299|8551|20473|47065|61574
3399|5511|1299|20473|201423
28917|6939|1299|52468|263232
44324|32595|174|13737
48070|25180|1299|198949|211049
139317|44324|32595|174|397650
35600|6939|30893|13214|35634
196621|33891|60068|211571
4637|3257|174|3130|47065|61574
49788|1299|10490|2722|12148|47065|61574
58308|6939|1299|9829
50629|20764|52091|206810|211101
12307|29691|1299|17676|216211|44324|205369
263237|174|1299|20473|47065|61574
8283|3491|209810|207187|206420
9044|1299|174|204548|215728
50877|5405|6939|33924
44324|32595|174|36667
132847|7474|3257|174|1916|47065|61574
29222|6939|61618|268797
58308|6939|1299|21080
58057|174|210|47065|61574
198385|174|10490|2722|12148|47065|61574
58308|6939|1299|42615
50629|6204|208972|210538|6775|13030|4637|133398
37105|37662|174|3356|16735|2716
28917|6939|7018|11992|399599
58308|6939|7018|6621|28613
44324|32595|174|36236|6838
61568|174|3130|47065|61574
42541|56630|209944
139317|44324|32595|174|394110
47147|1299|3356|28370|28657
47147|1299|7195|11432|271150|272738
139317|44324|32595|174|13999|273269
20253|1299|3356|28370
34019|20473|47065|61574
32590|137409|2914|1299|198949|35676
8220|6453|1299|16276|203019
58308|6939|263047|264389
12859|6939|29222|207688
9002|3356|174|11432|271150
16552|1299|6855|39904|202605
553|6939|28917|48084
6696|1299|6855|39904|47767
15562|2914|3257|5405|8943|200636
40994|6939|196610
2497|1299|201814|209896
34177|1299|2914|226|47065|61574
12779|6939|30893|200690
29222|6939|21430
44324|32595|174|57225
28917|6939|1299|60354
1280|1299|174|3130|47065|61574
513|174|7545|20473|47065|61574
174|201814|209896
262427|174|35598|52091|206810|39558
8220|6453|1299|1680|20473|47065|61574
6424|6939|28917|6789|203561
28917|6939|1299|20473|30514
210312|4601|50869|6939|30893|205563
58308|6939|33891|200735
6667|1299|34927|202532
32590|1299|6855|39904
58308|6939|1299|20326
16552|6453|174|21320|5408|50148
51519|39351|174|22381|267470|263047
6830|16276|203019
48362|2603|21320|5408|47065|61574
1267|1299|6453|19318|201813
5413|1299|2914|226|47065|61574
199938|1299|6453|29208
58308|6939|28917|6789
29075|1299|3356|28370|269016
42473|1299|37468|53062|266493|61625
139317|44324|32595|174|31241
39122|1299|3356|28370|263060
58308|6939|1299|29838|62731
39122|1299|3257|60068|206406|210557
139317|44324|32595|174|200165
264409|174|204548|215728
29222|6939|553|204680|208974
6461|174|210329|215728
58308|6939|28370|270962
16347|1299|174|37468|61568|266460|61625
139317|44324|32595|174|20940
215596|174|204548|215728
44324|32595|174|6424|47787|203020
58308|6939|25400|213158
23367|1299|2914|226|47065|61574
6730|6830|174|37468|61568|266460|61625
136557|174|35598|52091|206810|48687
394256|174|6453|4755|7768
210312|4601|50869|52025|216096
56655|1299|7195|28189|266931|271615|273522|271150
28917|6939|7018|32119
56655|1299|10490|2722|12148|47065|61574
36924|1299|56504|47674
553|6939|29222
41327|19318|201813
29222|6939|9136|208395
56655|1299|3356|16735|2716
12637|1299|7195|11432|271150|272738
29222|6939|50629|3624
917|60068|174|3130|47065|61574
2497|1299|35598|52091|206810
12779|8551|20473|47065|61574
139317|44324|32595|174|397168
52873|12956|1299|6855|39904
28917|6939|1299|45896|55313
12859|6461|7473|38001|25192
174|1916|47065|61574
6830|3257|20473|47065|61574
29691|1299|37468|270551|263047
45352|1299|201814|209896
3170|174|60068|216213|205884
47160|174|60068|216213|205884
4181|1299|2914|226|47065|61574
327727|174|3356|8119
28917|6939|1299|20473|19451
29222|6939|9136|211479|216351
7713|1299|12956|212721
58308|6939|1299|27947|264836
28917|6939|1299|23520|11556|52336
6424|33891|44592|49581|209693
209650|34927|1299|3223|34224|12735
58308|6939|1299|11172|265586
34854|1299|3356|28370|267608
40387|1299|3356|22381|267470|263047|264389
28917|6939|1299|399077
8220|3491|174|37468|61568|266460|61625
58057|174|35598|52091|206810|39558
1403|577|3491|5408|47065|61574
58308|6939|7018|10934
7018|3356|53062|266493|61625
328206|37739|3491|174|11432|271150
207841|6939|28917|21453|35271
8283|20764|52091|206810|59815
16347|1299|60068|216213|205884
3320|1299|60068|216213|205884
14907|1299|20473|47065|61574
50629|20764|52091|206810|210063
132337|1299|8551|44709
327804|37271|174|60068|205884
58308|6939|6830|23520|14638
3491|174|60068|197103|212080
215596|174|21320|5408|50148
139317|44324|32595|174|4261
24516|174|7311|835|394273
16552|37271|174|11432|271150|272738
8283|6453|19318|209896
8283|20764|52091|206810|39089
28917|201054|198408
34854|1299|37468|53062|266493|61625
328840|327727|174|34927|202827
327727|174|35598|52091|206810|35273
20932|1299|6453|4755|7768
210312|4601|6939|28917|20985
59891|13030|33891|60068|211571
32590|37100|6762|174|37468|61568|266460|61625
2027|47160|174|20473|47065|61574
327960|327782|5511|174|11432|271150|272738
28917|6939|1299|211826
132825|174|3356|16735|273514
210312|4601|50869|199310
35600|6939|39790
13030|1299|20473|47065|61574
45049|6696|1299|34927|202827
37739|3491|174|20473|47065|61574
151326|174|35598|52091|206810|214721|204108
45352|1299|6855|39904|202605
28917|6939|1299|41897
34927|1299|3356|28370|28657
3170|32787|202161
8529|1299|8551|20473|47065|61574
49028|1299|56504|47674
50629|20764|52091|206810|211692|214268
139317|44324|32595|208223
577|33891|60068|211571
293|3320|33891|216067|44244
20514|1299|12956|212721
4826|1299|60068|211571
28917|6939|1299|19332|265534
3170|6939|28917|50009
1273|174|60068|216213|205884
8283|6762|16735|2716
57381|50304|1299|6453|19318|201813
35600|6939|28370
29075|1299|3223|34224|12735
51185|6762|1299|201814|209896
44324|32595|174|201102
8283|6762|16735|273514
139317|44324|32595|174|44222|210374
174|35598|52091|206810|57164
30600|174|20723|2852|202874
577|1299|3920|206777
57111|41327|7195|28189|266931|271615|273522|271150
58308|6939|1299|16880
50629|6939|28370|52593
6696|1299|7195|20473|47065|61574
42473|1299|3257|20473|47065|61574
139317|44324|32595|174|12310|44679|201308
28917|6939|1299|25773
50629|20764|52091|206810|12773|57005
49544|1299|8551|44709
553|6939|28917|198297
47147|1299|201814|209896
1836|174|52468|271150
263152|174|34927|202827
28917|6939|1299|11664|264733
47957|3356|174|210|47065|61574
1764|5405|61568|266460|61625
263237|174|3356|8772|215536
57111|174|6762|16735|273514
29222|6939|35133|210558
20932|1299|6762|267470|263047
29140|174|399697|39967|399697
30781|33891|216067|44244
39122|174|60068|216213|205884
19151|174|3356|28370|28657
6423|20055|3257|33891|216067|44244
58308|6939|200712
58308|6939|5405|9182
553|6939|59970
29222|6939|8899|42652|213928
6696|1299|1680|20473|47065|61574
204092|6939|28917|24651
210312|4601|50869|6939|25192|26710
139317|44324|32595|174|395866
58308|6939|1299|3249|43937
5405|6939|2852|197277
48362|1299|10490|2722|12148|47065|61574
48185|1299|60068|197103|212080
23352|2914|174|3130|47065|61574
16552|1299|174|60068|205884
21700|174|140227|44324|205369
16347|1299|33891|216067|44244
16552|3257|174|60068|205884
553|6939|2852|200874
6730|6830|9002|12555
12859|1299|60068|216213|205884
12956|1299|6855|39904
58308|6939|6424|134450
6424|174|3130|47065|61574
40994|6939|28370|268521
12779|6939|29222|204957
553|6939|39790
35598|174|52468|262393
204092|6939|2852|201648
6730|6830|174|210|47065|61574
35600|6939|28917|12668|51883
57777|8298|8283|3491|209810|207187|202551
58299|62255|52091|206810|211692|214268|196977
35598|174|6461|394737
34927|174|140227|44324|205369
63927|1299|198949|35676
64475|6939|50989|50683
328964|3491|1299|198949|35676
20205|174|21320|5408|50148
48070|6939|28370|52593
28917|6939|1299|23520|52468|262179
58308|6939|1299|6855|204690
48070|6939|2852|197277
58308|6939|12735|201978|208425
28917|6939|1299|398104|44273
132825|174|35598|52091|206810|56766
28917|6939|1299|9009
207841|6939|28917|39134|39561|197695
44324|32595|174|992
12637|1299|3920|206777
917|25369|174|52468|271150
52075|6762|174|20473|47065|61574
327782|5511|174|11432|271150|272738
12637|174|20473|47065|61574
28917|6939|1299|32097|401132
398465|1299|20473|399970
28917|6939|1299|21859|274778
57777|8298|12859|47065|61574
12637|57463|22356|52468|271150
37053|37100|1299|3920|206777
28917|6939|1299|13767|13951
37053|5713|8455|8283|47065|61574
7594|174|35598|52091|206810|24881
5405|6461|210|47065|61574
41327|19318|209896
28917|6939|30893|205563
327960|174|35598|52091|206810|211101
44324|32595|174|401029
4601|50869|215296
59919|12779|28283|268744|2716
14907|1299|3356|8119
1299|6939|24796
7594|174|46427|64289|44592|49581|209693
28917|6939|2852|210498
41722|20764|174|12956|212721
58308|6939|1299|28423
44324|32595|174|36027
34288|1299|6855|39904|202605
47957|3356|1299|198949|35676
40994|6939|28917|12668|197404
58308|6939|1299|1759|51164|210167
28917|6939|1299|52468|271936
55720|9930|1299|33891|216067|44244
4601|50869|6939|29222
139317|44324|32595|174|19382
8283|20764|52091|206810|24881|24697
57866|1299|6855|39904|199604
44324|32595|174|3360
44324|32595|174|53667|215502
16552|3257|1299|20473|201423
5413|1299|20473|47065|61574
174|14840|2716
30600|1299|34927|202532
12969|1299|6453|1031|61568|266460|61625
58057|34549|174|140227|44324|205369
213151|34549|1299|198949|35676
58299|62255|52091|206810|196638|42702
28917|6939|1299|20473|151202
28917|6939|1299|27947|13335
28917|6939|1299|48299
199938|1299|37468|270551|263047
28917|6939|1299|52468|3790|273147
7474|3257|174|399697|39967|399697
28917|6939|1299|46475
577|174|20473|47065|61574
49028|1299|6204|44592|49581|209693
3701|3356|1299|6855|50698
47160|174|28189|266931|269250|271150
58308|6939|1299|21859|42969
58057|174|35598|52091|206810|197643
28917|6939|1299|21559|271945
21700|174|35598|52091
59890|60068|1299|3920|206777
3701|11537|20965|5408|47065|61574
139317|44324|32595|174|207866
4601|50869|41051|401315
40994|174|22381|267470|263047|264389
28917|6939|1299|16509|213151
15562|2914|1299|6939|24796|63293
39122|1299|3356|1680|44709
6762|2914|12859|47065|61574
44324|32595|174|395687
31742|1299|6461|394737
28917|6939|1299|20473|199465
216285|8280|6762|174|5538|8194|29345
41327|6461|55081|59678|216096
29222|6939|41720
35426|215596|1299|3920|206777
8660|1267|1299|6855|39904|47767
28917|6939|62000|198053
50629|1299|6855|39904
28917|6939|1299|9141|39869
34019|266493|61625
6424|6762|1299|8551|44709
16347|1299|198949|35676
6424|6939|2852|201648
58308|6939|1299|44522
174|6453|29208
7713|174|1299|8551|44709
12859|6830|60068|216213|205884
8283|6939|200303
196621|6939|59970
139317|44324|32595|174|399893
204092|3216|51032|41344|39707
28917|8359|57304|202032
58308|6939|33891|206231
50628|1299|3257|60068|206406|210557
28917|6939|1299|198949|48851
132825|2914|1299|6855|39904|202605
22652|1299|6762|267470|263047
58308|6939|12735|15830
5405|32787|202161
8280|6762|174|140227|44324|205369
139317|44324|32595|174|16437
7018|1299|6855|39904|47767
6830|6939|28917|204623
4601|50869|6939|28370
3130|174|3257|20473|47065|61574
25160|174|22381|267470|263047|264389
5405|16276|203019
6830|6939|25192|26710
29222|6939|12735|14789
28917|6939|1299|60068|51191
34019|6461|23352|20473|47065|61574
174|3356|8551|44709
6424|174|35598|52091
23367|1299|17676|216211|44324|205369
34019|34927|202532
16552|1299|174|37468|61568|266460|61625
28917|6939|1299|400475
204092|30781|33891|60068|211571
4181|1299|25091|8298|4601|4492
23764|1299|20473|47065|61574
6730|6830|174|28189|266931|269250|271150
2027|47160|6939|54429|401894
57381|50304|1299|7195|28189|266931|271615|273522|271150
40994|57463|41327|202975
64475|8551|44709
327960|174|35598|52091|206810|208435
5405|20764|43298|48678|210574
28917|6939|1299|20473|214610
216285|8280|6762|174|201814|209896
64475|7195|28343|2716
28917|6939|8194|206600
42541|1299|60068|197103|212080
58308|6939|2852|201648
50629|20764|52091|206810|12773|44710
328840|327727|174|35598|52091
12637|6939|2852|61110
28917|6939|1299|23520|265561|270173|63293
210312|4601|8298|25091|1299|20473|201423
58308|6939|1299|14522|52458
42473|1299|174|37468|61568|266460|61625
64475|16276|203019
917|60068|1299|3356|28370|267608
209650|34927|1299|3356|8119
37697|3491|174|35598|52091|206810
37721|1299|3920|206777
139317|44324|32595|174|211083
47957|3356|174|3130|47065|61574
58308|6939|1299|20473|214921
21412|174|216211|211575
36924|1299|174|3130|47065|61574
15562|2914|1299|3920|206777
852|1299|8551|44709
28917|6939|15935|197451|202872
4601|50869|6939|2852|204772
206499|52025|212895|210320
64475|20764|43298|48678|210574
20205|174|37468|61568|266460|61625
50628|1299|6939|28370|268521
20912|12637|57463|22356|52468|271150
327727|174|35598|25308|28917|204076
139317|44324|32595|174|36236
4601|50869|214329
139317|44324|32595|174|214206|18636
20514|1299|6453|4755|7768
4601|8298|25091|1299|3920|206777
34927|60011|3356|1299|3920|206777
34019|47065|61574
24785|6830|3356|28370
202297|13335|400095
397131|60011|3356|1299|34927|202532
58308|6939|6830|23520|274183
28917|6939|1299|23520|46650|20940
58308|6939|7018|22617
140627|1299|33891|216067|44244
58308|6939|1299|395403
209|3356|174|10490|2722|12148|47065|61574
58308|6939|7018|399201
22652|1299|6855|39904|202605
139317|44324|32595|174|35399
58308|6939|1299|17072
28917|8359|57304|15935|203550
30844|8283|47065|61574
14537|13786|174|10490|2722|12148|47065|61574
3356|1299|6855|39904|199604
207841|6939|25192|26710
58308|35598|52091|206810|214721|204108
34800|58057|50673|174|32787|202161
6424|6939|59970
7018|6939|50989|33837
24785|6830|174|52468|271150
12350|34177|33891|44592|49581|209693
58308|6939|12637|199699
216285|8280|6762|1299|34927|202532
17350|2914|174|399697|39967|399697
139317|44324|32595|174|18678|273114
41327|174|1916|47065|61574
13030|1299|174|20473|47065|61574
50877|5405|37271|20473|47065|61574
28917|6939|1299|60068|216213|215427
22652|1299|3920|206777
12859|1299|37468|270551|263047
559|6939|28370|263535
40387|1299|56630|209944
32590|37100|174|3130|47065|61574
58299|62255|52091|206810|48595
17350|3356|1299|201814|209896
28917|6939|1299|20473|54874|970|21957
58308|6939|7018|3423
210312|4601|6939|28917|6789|200702
7018|6939|2852|197277
3701|174|37468|61568|266460|61625
15623|1299|20473|47065|61574
29222|6939|29208|210631
328840|327727|174|13335|5408
28917|3257|174|140227|44324|205369
50304|1299|3356|28370|263060
271253|174|35598|52091|206810
42541|62255|52091|206810|196767
7594|174|7311|835|394273
204092|13335|5408
34927|1299|25091|8298|4601|4492
1403|577|174|204548|215728
139317|44324|32595|174|20473|42962|136796
139317|44324|32595|174|22612
28917|6939|1299|20473|207748
210937|1299|12956|212721
20912|174|35598|52091|206810|59815|25299
6667|2603|21320|5408|47065|61574
202297|47232|174|6453|29208
25160|174|22381|267470|263047
12969|1299|201814|209896
57821|12586|3257|1299|20473|47065|61574
174|32595|44324
196621|6939|28917|43714
58308|35598|52091|206810|196767
59890|60068|1299|20473|399970
20912|12637|8772|215536
12859|1299|20473|399970
139317|44324|32595|174|401847
28917|6939|1299|32097|26329
28917|6939|1299|20473|399970
58308|6939|268944|271441
2734|3257|174|8551|20473|47065|61574
59919|12779|174|52468|271150
23673|3491|174|37468|61568|266460|61625
28917|6939|1299|23520|262178
8283|2914|20473|399970
51185|6762|1299|22773|8119
15935|174|216211|211575
31742|1299|20473|399970
34854|1299|3356|28370
140627|1299|12956|212721
19151|174|3257|21034
3214|6453|174|22381|267470|263047|264389
60068|33891|216067|44244
28917|6939|7018|25993
28917|6939|1299|26211
1299|3356|28370|269016
32590|1299|22773|8119
5405|6939|28370|269016
210937|1299|60068|211571
58308|6939|6830|23520|52468|52242
42473|1299|3356|8119
25152|2914|174|20473|47065|61574
64475|1680|44709
29222|6939|25400|15765
3130|174|1299|32787|202161
20612|9044|174|3130|47065|61574
51873|6830|174|21700|399914
29504|15935|174|3257|19318|209896
6830|6939|28917|47438
29680|174|3130|47065|61574
56655|1299|3356|22381|267470|263047|264389
58308|6939|1299|203660
553|6939|30893|13214|35634
20055|1299|29695|206557
13030|1299|174|22381|267470|263047|264389
28917|6939|1299|23520|64126|266734|273048
25220|33891|266493|61625
577|1299|201814|209896
29222|6939|28917|48084|35816
29222|6939|35133
42541|14840|2716
31742|1299|3223|41327
35600|6939|28917|44812
17660|2914|174|20473|47065|61574
553|1299|60068|216213|205884
50629|20764|52091|206810|196638|42702
2734|142111|152672|174|3257|6205|197450
2914|12859|47065|61574
20253|1299|34927|202532
64475|6939|28370|268521
1299|16276|203019
210312|4601|6939|28917|43886
12859|1299|6855|39904|47767
47147|1299|3356|28370|267556
42541|8551|20473|47065|61574
28917|6939|1299|158
28917|6939|3170|214670
50877|5405|6939|2852|61110
34927|1299|174|20473|47065|61574
28917|6939|7018|399571
680|1299|198949|35676
6667|174|11432|271150|272738
1221|4637|3356|21320|5408|47065|61574
1273|174|37468|61568|266460|61625
41327|1299|198949|35676
49605|6762|1299|34927|202532
21700|174|35598|52091|206810|56915
28917|6939|1299|214415
37721|174|204548|215728
24961|1299|6855|39904|202605
28917|6939|1299|20115
47160|6939|25192
262427|174|35598|52091|206810|24881|24697
47147|1299|16276|203019
34927|60011|3356|1299|6855|39904|47767
13830|971|174|35598|52091|206810|59815
58308|6939|1299|26211
60068|174|10490|2722|12148|47065|61574
48070|6939|28917|47914
58308|6939|6830|23520|272935|267846
63927|1299|3356|8119
328512|37100|1299|198949|35676
28917|6939|1299|263744
28917|6939|7018|21433
12350|1299|3356|28370|268198
6730|6830|60068|216213|205884
28917|6939|1299|37119|13335
28917|6939|1299|5391
51088|8455|1299|34927|202532
28917|6939|1299|43578
57111|41327|7195|28189|266931|269250|271150
58308|6939|6830|23520|263703|270026
6762|174|21320|5408|47065|61574
205206|1299|6762|267470|263047
24961|1299|6855|50698
52873|12956|1299|12859|47065|61574
5405|7195|20473|47065|61574
28917|6939|1299|36352|399502
12779|6939|25192|29067
8298|8283|3491|209810|207187|207198
327983|37497|3491|174|10490|2722|12148|47065|61574
16347|1299|6453|1031|61568|266460|61625
6830|6939|30893|205563
34019|20764|43298|48678|210574
48070|6939|28917|44056|57629
6830|3257|37468|270551|263047
58057|34549|1299|17676|216211|44324|205369
28917|6939|1299|37662|329246
44324|32595|174|53667|210842
20932|174|210|47065|61574
12307|29691|1299|56630|209944
8283|2603|21320|5408|50148
58308|6939|1299|19679
55222|174|3356|16735|273514
2734|1828|13789|30372|3356|174|393216
28917|6939|1299|11492
3130|174|7545|20473|47065|61574
41327|174|140227|44324|205369
48070|6939|28370|267608
6830|44530|41327|198434
58308|6939|5405|147049
39122|1299|20473|399970
31510|174|5511|49666|58224|214805
8660|1267|1299|174|210329|215728
57777|8298|25091|33891|60068|211571
8455|1299|174|3130|47065|61574
12779|35598|52091|206810|196767
23764|1299|34927|202532
14907|2914|174|37468|61568|266460|61625
7720|10111|1299|60068|197103|212080
35600|6939|393682
32590|1299|56630|209944
29504|15935|174|35598|52091|206810
28917|6939|1299|26073|401698
35008|1299|52320|7162|13878|52468|271150
4601|50869|213768|204768
12969|1299|3356|28370|28657
207841|28283|268744|2716
6894|174|6453|29208
41666|20764|52091|206810|196638|42702
58308|6939|9120
2497|174|399697|39967|399697
553|1299|5511|60068|206406|210557
29222|6939|40994|212085
6424|4601|4492
206499|34549|1299|37468|270551|263047
5713|174|22381|267470|263047|264389
6696|5511|174|52468|271150
139317|44324|32595|174|394449
60011|3356|1299|201814|209896
58308|6939|7018|986
22652|174|3130|47065|61574
196621|15576|174|216211|211575
28917|6939|1299|20473|208223
44324|32595|174|22361|400097
50877|5405|1299|8551|44709
56655|1299|6762|16735|273514
39122|1299|6461|394737
12637|8298|4601|4492
4601|50869|41051|215006
207841|61049|174|20473|47065|61574
28917|6939|1299|43927
2914|1299|6855|39904|202605
28917|6939|1299|60068|197103|272905
28917|6939|32097|22295|206042
58308|6939|5405|21245
58308|6939|1299|18734|28548
15605|35598|52091|206810|59815|25299
328512|5713|174|216211|211575
12859|1299|12956|212721
37497|174|210329|215728
28917|6939|1299|209578
3216|33891|60068|211571
58308|6939|1299|271938
577|174|210329|215728
62167|174|216211|211575
28917|6939|1299|21559|271945|269931|271968|271989
3130|174|28189|266931|269250|271150
199938|1299|3356|8119
59105|2518|1299|6855|50698
34854|1299|174|210329|215728
7594|174|37468|270551|263047
28917|6939|1299|18734|28545|28556
58299|20764|52091|206810|196638
37100|174|140227|44324|205369
58308|6939|6830|23520|64126|272971
327727|174|35598|52091|206810|211692|214268|196977
34927|1299|6461|394737
139317|44324|32595|174|50297
8660|1267|1299|6855|39904|202605
60068|1299|6939|28370|263060
8660|1267|1299|6453|19318|201813
2734|13335|400095
271253|174|35598|25308|28917|204076
58308|6939|6830|60068|51191
41327|6461|210|47065|61574
12637|1299|198949|35676
6730|6830|1299|34927|202532
44324|32595|174|4058
58308|6939|5405|9182|31348
37662|174|12956|212721
34927|1299|6453|4755|7768
49788|1299|6453|19318|201813
28917|6939|1299|20473|36710
151326|174|28283|268744|2716
19653|30600|174|20723|2852|202874
44324|32595|174|215656
328840|327727|174|6461|394737
23352|3257|5405|8943|200636
29222|6939|28917|197078
19653|30600|174|140227|44324|205369
58308|59689|29075|1299|8551|44709
35600|6939|30893|205563
209650|34927|1299|3356|28370|28657
139317|44324|32595|174|54579|394778
58057|174|20723|2852|202874
28917|6939|1299|20473|205152
15605|35598|25308|28917|9049|51017
49028|1299|174|216211|211575
5405|6939|207995
24516|174|35598|52091|206810|56766
28917|6939|1299|397519
12859|1299|174|216211|211575
4181|1299|12859|47065|61574
4764|1299|6762|49666|58224|214805
44324|32595|174|53667|401727
139317|44324|32595|174|7413
29222|174|3130|47065|61574
210312|4601|50869|6939|30893|13214|35634
12859|1299|20473|47065|61574
28917|6939|1299|210937|62599
58308|6939|1299|44656
6830|174|14840|269288
49028|1299|6939|54429
47692|3356|1299|10490|2722|12148|47065|61574
2734|13335|5408
12859|35598|52091|206810|211101
51519|39351|174|7545|20473|47065|61574
44324|32595|174|3573
28917|6939|41720|58180
31510|174|60068|216213|205884
41666|20764|52091|206810
139317|44324|32595|174|13462
139317|44324|32595|174|13335|395747
35600|6939|2852
1103|3257|174|3130|47065|61574
59414|6830|5511|49666|58224|214805
12779|35598|52091|59815|25299
199524|174|10490|2722|12148|47065|61574
60171|174|52468|271150
210312|4601|50869|6939|28370|264426
7018|174|204548|215728
49028|1299|60068|216213|205884
9002|1299|198949|35676
139317|44324|32595|174|36667
56662|25091|12859|47065|61574
58308|39801|29222|204957|202051
48362|1764|5405|61568|266460|61625
35280|1299|8551|44709
41327|6461|6057|28283|268744|2716
199524|1299|6762|16735|273514
1299|917|214598
28917|6939|1299|32097|56971
199524|174|60068|216213|205884
6762|1299|20473|201423
263237|174|3257|20473|47065|61574
17660|6453|174|201814|209896
6424|271586|263047|264389
28917|6939|1299|45204|13335
262427|174|35598|52091|206810|208435
9268|4764|1299|8943|200636
207841|6939|42695|43101
207841|6939|28917|21453
6424|6939|25192|29067
4181|1299|8551|44709
55720|2914|1299|6855|39904|202605
58308|6939|1299|1759|205250
58308|6939|1299|3301|198476
29222|6939|28370|264426
28917|6939|7018|18439
35008|1299|3356|16735|273514
132337|1299|20473|399970
971|174|35598|52091|59815|25299
328840|327727|174|35598|52091|206810|57164
58308|6939|3170|205479
58308|6939|6830|23520|264821|274070
199938|1299|174|60068|205884
64475|7195|20473|47065|61574
34019|29169|1299|198949|35676
6830|3356|8119
4601|50869|6939|25192|29067
5413|1299|21351|60132
28917|6939|1299|8151|28403
14907|1299|174|20473|47065|61574
28917|6939|7018|22216
44324|32595|174|48519
22652|1299|21351|60132
28917|6939|1299|23520|263824
4601|6939|28917|8491
28917|6939|3170|211956
46450|3356|21320|5408|47065|61574
34177|1299|3356|28370|269016
4601|50869|211008
35426|215596|62000|215551|30893|13214|35634
204092|34019|3223|34224|12735
28634|4230|1299|34927|202827
58308|6939|1299|21777
55222|1299|20473|399970
50629|20764|52091|206810|197643
37497|1299|6855|39904|202605
1257|174|140227|44324|205369
917|25369|1299|42303|51701|30893
58308|6939|1299|7483
28917|6939|62000|208226|205563
28917|6939|1299|52468|273229
28917|6939|7018|32031
28917|6939|1299|208893
50131|36236|174|140227|44324|205369
46450|1299|3257|60068|206406|210557
28917|6939|1299|396993|50224
12637|6939|30893|204789
28917|6939|1299|36352|399275
28917|6939|1299|38077
44324|32595|174|47787|203020
28917|6939|1299|20473|27218
28917|6939|1299|20473|216225
64475|7195|28189|266931|269250|271150
48362|1299|6762|16735|2716
34927|52025|32097|4230|2716
513|29222|6939|273556
28917|37468|52468|262393
4601|6939|28917|39153
12859|22356|28370|268521
6424|9498|20473|47065|61574
6762|174|8551|20473|47065|61574
29075|1299|3356|28370|267608
20055|1299|16164|36032
28917|6939|1299|20473|36369
17639|1299|3257|20473|47065|61574
44324|32595|174|21859
60068|33891|3223|34224|12735
210312|4601|50869|215828
17660|2914|1299|6855|50698
20205|1299|34927|202827
58308|6939|5405|48918
2497|1299|1680|20473|47065|61574
12859|4657|38001|25192
213241|9002|1299|8551|20473|47065|61574
132825|174|22381|267470|263047
41722|20764|174|201814|209896
8283|6453|60068|211571
58308|6939|1299|198785
29222|6939|29208|209847|26383
8283|6939|29222|204957
4601|50869|41051|47509
139317|44324|32595|174|28511
28917|6939|1299|20473|203040
13830|971|174|1299|6855|39904
39392|33891|34927|202532
28917|6939|1299|6400|274192
6453|174|50509|51032|41344|39707
58308|6939|47160|203062
58308|6939|7018|400005
29222|6939|25400|31264
328964|37468|174|5538|8194|29345
3170|6939|28917|21453
58308|6939|33891|33988
48185|1299|17676|216211|44324|205369
4601|6939|28917|21453|201646
205206|1299|60068|211571
49432|48362|1299|6453|29208
48919|35320|1299|198949|35676
16552|1299|3356|8119
58308|6939|1299|16552
34927|1299|3356|28370|263060
55222|1299|3356|28370|263060
35710|2603|21320|5408|47065|61574
327782|37100|1299|20473|47065|61574
6424|6939|2852|197451
58308|59689|29075|174|52468|271150
28917|6939|7018|46488
58308|6939|40994|212085
12637|35598|52091|206810|59815
28917|6939|1299|23520|263238|272966
59689|30781|1299|10490|2722|12148|47065|61574
553|62255|52091|206810
55222|174|201814|209896
1140|24785|1299|10490|2722|12148|47065|61574
263152|264409|174|201814|209896
8283|6939|15372
35600|6939|28917|6789
206499|34549|1299|6855|39904|202605
196621|6939|2852|204772
398465|1299|35598|52091|206810
25160|174|399697|39967|399697
40994|6939|28917|39153
28917|6939|63290|40335
17660|2914|174|5538|8194|29345
58511|1299|6855|39904|202605
20764|174|3130|47065|61574
196621|8758|15576|174|204548|215728
28917|6939|1299|13293
15605|16276|203019
58308|6939|1299|44180
14537|52925|3356|1299|3920|206777
28917|6939|1299|52468|265684
213151|34549|174|216211|211575
6730|6830|174|35598|52091|206810
49028|13335|400095
28917|6939|1299|36352|55286
15605|6939|54429
48070|137409|48011|25184|49801|204533
20205|174|28189|266931|271615|273522|271150
15547|174|28189|266931|271615|273522|271150
1299|7195|28189|266931|269250|271150
64475|7195|28189|266931|271615|273522|271150
199938|1299|3356|28370|268198
37497|3491|174|37468|61568|266460|61625
206499|34549|1299|201814|209896
328840|327727|174|1299|6855|39904
1299|3356|14840|269288
6424|9304|136897|174|3491|137969|132824
58308|6939|1299|52468|23031
198385|174|22381|267470|263047
28624|61568|174|140227|44324|205369
56987|1299|6855|39904|199604
8218|6461|174|1916|47065|61574
34927|9002|1299|198949|35676
44324|32595|174|35598|204490|215330
559|8551|20473|47065|61574
8283|3491|209810|207187|207242
33891|216067|44244
29680|174|35598|52091|206810
28917|6939|1299|20473|61126
48919|174|60068|211571
206499|34549|174|399697|39967|399697
151326|174|3356|28370|28657
28917|6939|1299|20473|214921
24516|174|35598|52091|206810|59867
35266|2914|174|20723|2852|202874
37662|174|3356|16735|2716
3741|174|14840|269288
58308|6939|1299|8796|967
58308|6939|6830|23520|64126|274168
852|1299|34927|202532
209|3356|1299|20473|47065|61574
29222|1299|20473|201423
7594|174|21320|5408|47065|61574
42541|1299|3257|19318|209896
8283|20764|52091
513|29222|6939|263047|262578
28917|6939|1299|3301|199215
37053|37100|1299|10490|2722|12148|47065|61574
49432|48362|1764|5405|266493|61625
44324|32595|174|42313|216325
34019|37468|53062|266493|61625
4775|6453|1299|29695|206557|208835
3214|6424|44592|49581|209693
28917|6939|1299|15557
48070|20764|43298|48678|213865
3257|174|60068|205884
35266|1299|201814|209896
139317|44324|32595|174|20473|328760
327804|37271|174|216211|211575
3130|174|7195|20473|47065|61574
37721|1299|198949|35676
917|25369|1299|21351|60132
28917|6939|1299|20473|54041
50629|20764|52091|206810
23367|1299|4230|2716
28624|61568|174|210|47065|61574
28917|6939|7018|16816
199524|174|8551|20473|47065|61574
28917|6939|7018|986
58308|6939|1299|48469
28917|6939|1299|20473|207618
553|137409|48011|25184|49801|204533
1257|174|22381|267470|263047|264389
12637|6939|207995
6453|3356|21320|5408|47065|61574
48070|6939|25192|20701
64475|9002|12555|48430
206356|50629|1299|6855|39904|47767
553|1299|17676|216211|44324|205369
48362|1299|6762|16735|273514
34288|174|1916|47065|61574
24516|174|35598|52091|206810|208435
7018|1299|201814|209896
23673|6939|1299|20473|399970
199938|1299|10490|2722|12148|47065|61574
41722|12389|1299|60068|216213|205884
58308|6939|1299|396993|208812
42473|1299|6204|44592|49581|209693
44324|32595|174|212250|208293|203217
58308|6939|1299|22442
28917|6939|2852|197451
4601|50869|199177
12859|1299|6762|49666|58224|214805
553|1299|37468|270551|263047
44324|32595|174|10578
28917|6939|1299|34305
216285|8280|6762|174|20723|2852|202874
58308|6939|28917|198297
6830|6939|28917|47759
132337|174|210329|215728
13237|5405|61568|266460|61625
48070|6939|30893|204789
58308|6939|29208|196653
50629|6939|42695
3130|174|35598|52091|206810|214210
19151|174|210329|215728
210312|4601|14840|269288
22652|1299|34927|202532
4601|50869|34019|212351
23367|1299|29695|206557|208835
6830|3356|28370|263535
139317|44324|32595|174|24992
8283|20764|52091|206810|214721
48919|174|21700|399914
41327|6939|30893|204789
2734|3257|33891|216067|44244
293|3356|1299|198949|35676
1299|3257|210329|215728
15576|8220|1299|174|37468|61568|266460|61625
559|35598|52091|206810|57460
13030|1299|3356|16735|2716
559|35598|52091|206810|208435
31742|1299|6204|44592|49581|209693
553|1299|6453|29208
48070|57463|7713|1299|56308
35600|30781|1299|6855|39904
13030|1299|6762|49666|58224|214805
139317|44324|32595|174|197071|202135
8426|33891|216067|44244
577|1299|20473|201423
12859|35598|52091|206810|35273
44324|32595|174|400164
64475|1680|20473|47065|61574
41666|1031|266493|61625
47160|174|11432|271150
204092|6939|28370|269016
37053|37100|33891|60068|211571
58308|6939|6830|23520|264821|273009
327727|174|35598|52091|206810|210063
24516|174|1299|8551|44709
58308|6939|33891|201035
35008|1299|35598|52091|206810
4775|6453|174|399697|39967|399697
28917|6939|1299|395954
42541|1299|174|204548|215728
3170|6939|28917|8491
41327|6461|17378|8119
44324|32595|174|58057|216096
4601|50869|6939|28370|269016
12350|1299|3356|28370
136557|174|3356|16735|2716
64475|8551|20473|47065|61574
58308|6939|1299|394353
50629|20764|52091
48070|15412|9304|17639|141210|138678|9299|3491|174|48678
5713|174|60068|211571
17639|1299|2914|226|47065|61574
29075|174|22381|267470|263047|264389
58308|6939|6830|58299|211286
196621|6939|28370|28657
32590|6453|174|60068|216213|205884
210312|4601|50869|214508
31510|174|1299|3920|206777
32590|12956|174|210329|215728
49605|6762|174|20473|47065|61574
3130|174|35598|52091|206810|48687
206356|50629|13335|5408
34019|6939|2852|199711
29504|15935|174|7311|835|394273
28917|6939|1299|20473|398338
50629|6461|17378|8119
6461|6424|44592|49581|209693
151326|174|3257|60068|206406|210557
37239|22355|5511|174|8551|20473|47065|61574
3741|174|3257|19318|201813
50304|1299|60068|211571
210312|4601|50869|6939|29222|513|20940
44324|32595|174|263237|266830|28120
999|6453|174|5538|8194|29345
34800|58057|50673|174|216211|211575
34019|6939|30893|204789
57866|1299|20473|30893
59890|174|210|47065|61574
29222|6939|268944|271441
58308|6939|6830|23520|272012
25220|1299|3920|206777
28917|6939|1299|6400|273157
40994|6939|28917|204623
37105|37662|174|3257|21034
44324|32595|174|327727
4601|6939|28917|6789|200702
5413|1299|35598|52091|206810
58308|6939|1299|20940|34164
44324|32595|174|24429
28917|6939|1299|4226|401734
58308|6939|1299|29544
17639|174|28189|266931|269250|271150
29691|1299|20473|399970
58308|6939|1299|6503
58308|6939|25400|3292|208202
15547|174|12956|212721
55222|174|28283|268744|2716
6453|174|20723|2852|202874
28917|6939|1299|60051|208293|203214|13335
59919|12779|4601|4492
25160|174|21700|399914
8283|20764|52091|59815
29075|1299|3223|41327
34927|56655|1299|20473|399970
16347|1299|56630|209944
1836|1299|21351|60132
39351|1299|4637|20473|47065|61574
3130|174|3257|28917|215730|209693
39122|1299|3356|8119
59105|2518|33891|216067|44244
206356|50629|6461|23352|20473|47065|61574
30844|33891|60068|211571
327960|174|35598|52091|206810|56915
207841|61049|174|216211|211575
58308|6939|1299|212765|211309
15623|174|204548|215728
3491|1299|22773|8119
28917|6939|1299|20473|32434
3170|33891|216067|44244
1140|24785|6830|3356|28370|267608
9044|174|3130|47065|61574
207841|6939|2852|48091
36924|1299|3491|216211|211575
60068|1299|6855|39904|202605
49544|3356|174|140227|44324|205369
9268|4764|174|37468|61568|266460|61625
34177|3356|1299|20473|201423
8283|6762|16735|266931|269250|271150
58308|6939|1299|59437
28917|6939|1299|198710
207841|37468|60068|216213|205884
210312|4601|50869|34019|12654
20912|174|28283|268744|2716
4601|50869|41051|209527
29222|6939|199081
6720|33891|60068|211571
6762|174|399697|39967|399697
151326|174|35598|52091|48158
29222|6939|15935
136557|174|8551|20473|47065|61574
17350|6453|1299|6855|39904
139317|44324|32595|174|15326
204092|6939|28917|12739
58057|174|140227|44324|205369
397131|60011|3356|1299|8551|44709
25369|1299|20473|47065|61574
28917|6939|1299|15557|204426
210312|4601|50869|6939|207995
140627|1299|3356|28370|269016
58308|6939|1299|52468|271822
58308|6939|1299|52025|54681
3130|174|13335|400095
553|6939|28917|6789|200702
8888|6939|1299|20473|399970
196621|6939|30893
53828|2914|174|60068|216213|205884
45352|1299|20473|399970
16552|1299|3223|41327
24516|174|37468|53062|266493|61625
47147|1299|3356|28370|269016
58308|6939|3170|211956
60011|3356|1299|8551|44709
41666|20764|52091|206810|12773|44710
12859|35598|52091|206810|12773|211692|196629
35426|215596|174|140227|44324|205369
58308|6939|1299|393705
25152|2497|174|8551|20473|47065|61574
328840|327727|174|35598|52091|48158
5405|14840|269288
40994|1299|3920|206777
12637|6939|54429|401894
44324|215172|214955
32653|3741|174|210329|215728
52320|174|5538|8194|29345
139317|44324|32595|174|201984
917|60068|174|138997|216211|44324|205369
57381|50304|1299|5511|60068|206406|210557
28917|6939|7018|15084
49028|25091|8298|4601|4492
29222|6939|29670|60729
6830|5511|49666|58224|214805
58308|6939|25192|26710
328840|327727|174|22381|267470|263047
559|56630|209944
58308|6939|6830|23520|27665|28067
28917|6939|1299|139341
37739|3491|1299|6855|50698
139317|44324|32595|174|26269
44324|32595|174|18501
47692|33891|216067|44244
58308|6939|1299|20473|36268
34019|47160|174|60068|197103|212080
140627|1299|3223|41327
58308|6939|8899|42652|213928
16347|1299|6762|267470|263047
29222|6939|263047|264389
37271|174|11432|271150
6082|174|5538|8194|29345
58308|6939|1299|205958
58308|6939|1299|31915
1836|1299|20473|399970
204092|34019|20473|47065|61574
12779|174|20473|47065|61574
58308|6939|3170|215066
29075|1299|3356|28370|264426
7018|6939|28370|269016
5511|174|32595|44324
58308|6939|28917|20985
8220|1299|3356|28370|28657
29691|1299|174|140227|44324|205369
28917|6939|1299|6855|196861
32595|174|3130|47065|61574
58308|6939|1299|20473|215507
4601|14840|269288
215596|174|216211|211575
28917|6939|56595|202590
36924|1299|3356|28370|263535
328840|327727|174|35598|52091|206810
32590|12956|1299|10490|2722|12148|47065|61574
28917|6939|1299|52468|267787
8529|1299|34927|202827
21700|174|210|47065|61574
28917|20764|52091|206810|214721
199524|174|20473|47065|61574
2734|18678|22381|267470|263047|264389
49432|48362|1299|56504|47674
44393|394256|174|28189|266931|271615|273522|271150
6830|6939|28917
49544|1299|6762|60068|205884
6762|174|56630|209944
2027|6696|1299|20473|399970
58057|50673|174|28189|266931|269250|271150
917|60068|1299|56630|209944
3170|41313|6821|1299|29208|205347
553|6939|28370|264426
2497|1299|198949|35676
3320|1299|13335|5408
209|3356|1299|8551|44709
35600|6939|16652
31122|174|3130|47065|61574
37697|3491|174|204548|215728
3130|174|5459|200070
6424|6939|28917|9110
12779|6939|24796|63293
209650|34927|174|210329|215728
205206|1299|6855|39904|199604
58308|59689|30781|1299|20473|47065|61574
210312|4601|6939|28917|12668|197404
28917|6939|1299|397516
44324|32595|174|395723
4601|6939|28917|35539
15576|174|60068|205884
8888|137409|33891|60068|211571
58308|6939|1299|26375
58308|6939|47160|205669
215596|62000|215551|30893
35369|5405|20473|47065|61574
28917|8551|44709
204092|6939|28917|48610
8426|3257|174|3130|47065|61574
553|7195|28343|2716
62167|174|22381|267470|263047|264389
513|174|14840|269288
44324|32595|174|30317
327727|174|21320|5408|50148
34288|1299|6855|39904|199604
139317|44324|32595|174|984
28917|6939|1299|20473|50763
199524|174|210|47065|61574
44324|32595|174|398947|27884
12859|6939|33924
37697|37497|174|3356|28370|28657
199524|1299|3223|34224|12735
25152|2497|174|37468|61568|266460|61625
58308|6939|35826
6830|6939|50989|33837
51088|8455|1299|198949|35676
12859|35598|25308|28917|9049|51017
51519|39351|1299|4637|20473|47065|61574
58057|34549|1299|6855|39904|47767
55720|3491|174|14840|269288
139317|44324|32595|174|19237
8660|1267|1299|6453|29208
4181|1299|8551|20473|47065|61574
64475|62255|52091|206810|196767
50629|20764|52091|206810|12773|211692|196629
8283|47065|61574
59689|29075|174|140227|44324|205369
3701|3356|1299|20473|47065|61574
28917|6939|28370|263060
4601|6939|28917|24651|39900
971|174|35598|52091|206810|24881
62167|174|10490|2722|12148|47065|61574
47311|150249|212001|215379
58308|6939|1299|399912
29504|15935|174|37468|270551|263047
29222|43531|1200
3170|6939|24796|63293
40994|6939|30893
58308|6939|50698
41327|7195|28189|266931|271615|273522|271150
136557|174|11432|271150|272738
28917|6939|1299|271938
28917|6939|1299|6424|203020
327727|174|3356|3223|34224|12735
28917|6939|1299|20473|20277
12859|22356|28370|264426
7018|3356|28370|268521
15547|8455|8283|47065|61574
207841|6939|30893|13214|35634
28917|6939|1299|52468|271967
12859|57463|14840|269288
58308|6939|7018|2386
44324|32595|174|12337
28917|6939|61618|267320
58057|1836|1299|20473|47065|61574
3170|34927|202532
140627|1299|8551|44709
327960|174|35598|52091|206810|34786
132825|174|3356|16735|2716
559|6939|54429
12779|174|60068|205884
263152|174|3130|47065|61574
198249|7195|11432|271150|272738
6730|6830|3257|60068|206406|210557
34019|6939|30893|199580
204092|6939|2852|61110
48070|6939|28917|48084|35816
2518|1299|20473|47065|61574
28917|6939|1299|400767
28917|6939|3170|22665
24785|6830|3356|16735|273514
34177|1299|3356|28370|263535
28917|6939|1299|20473|215007
28917|6939|1299|21277|212573
271253|6453|174|28189|266931|271615|273522|271150
3130|174|37468|270551|263047
34019|6461|394737
45049|6696|1299|174|3130|47065|61574
271253|6453|174|14840|269288
50629|6939|28370|267608
35600|35598|25308|28917|9049|51017
41666|20764|52091|206810|210063
999|6453|174|60068|205884
49544|1299|3257|210329|215728
6424|13335|400095
199524|174|37468|61568|266460|61625
8220|1299|6461|210|47065|61574
28917|6939|25400|200139
41327|37271|20473|47065|61574
12637|6939|50989|33837
39351|174|138997|216211|44324|205369
20612|9044|1299|60068|197103|212080
5405|1299|8551|44709
50628|1299|6762|16735|273514
28917|6939|1299|197190
28917|6939|3170|212806
3170|6939|28917|43714
58308|6939|1299|3249|207568
20253|1299|56630|209944
3170|57463|7713|1299|56308
207841|6939|29222|41495|206202
28917|6939|7018|4473|13979|8076
58308|6939|5405|206583
3701|3356|1299|3920|206777
5405|1299|60068|197103|212080
28917|6939|1299|23520
37100|174|5538|8194|29345
215596|1299|3356|28370|267556
35600|6939|50989|33837
28917|6939|1299|397774
49544|2603|21320|5408|47065|61574
210312|4601|50869|213768
262427|174|210329|215728
44324|7720|10111|1299|8551|44709
49544|21320|5408|47065|61574
44324|32595|174|25645
29222|6939|31263|206207
51873|6830|174|52468|271150
28917|20764|52091|59815
553|1299|10490|2722|12148|47065|61574
7018|6453|4755|7768
58308|6939|7018|14858
20912|174|52468|262393
28917|6939|1299|20473|153057|153168
398465|4826|1299|20473|399970
28917|6939|1299|36352|40092
49788|1299|3356|8119
4637|3257|1299|3920|206777
1031|12859|47065|61574
36924|1299|3356|28370|268521
15623|1299|20473|399970
6424|6939|28917|39134
139317|44324|32595|174|397601
52025|174|210329|215728
139317|44324|32595|174|2731|400488
4601|50869|6939|50989
52025|174|56630|209944
41327|6939|16652
58308|6939|1299|13837
16347|1299|35598|25308|28917|204076
28917|6939|1299|4213|46378
31122|174|8551|20473|47065|61574
57111|174|216211|211575
15412|33891|216067|44244
210312|4601|50869|41051|213422
9268|4764|1299|56504|47674
12637|35598|52091|206810|211101
12779|174|140227|44324|205369
4601|50869|202939
6461|21320|5408|47065|61574
139317|44324|32595|174|11240
58308|6939|7018|15084
58308|6939|1299|5617|62321
58057|34549|174|216211|211575
7660|2516|1299|37468|60068|216213|205884
50629|9002|12555|48430
44324|32595|174|207498
34927|1299|3356|21320|5408|47065|61574
29222|3356|21320|5408|47065|61574
2734|142111|152672|174|3257|40676|40812
58308|6939|1299|36236|11878
680|1299|201814|209896
58308|6939|6830|23520|264821|272807
17660|6453|174|28189|266931|269250|271150
28917|6939|1299|20473|135646
139317|44324|32595|174|52438
20080|2914|1299|198949|35676
35600|6939|2852|198500
28917|6939|1299|23520|264821
28917|14840|2716
29222|174|1916|47065|61574
48070|6939|30893|199580
28917|6939|1299|20473|25848
28917|6939|1299|26858
35710|3320|1299|52320|7162|13878|52468|271150
24785|6830|3356|28370|268198
12956|1299|10490|2722|12148|47065|61574
6830|174|14840|2716
44324|32595|174|214206|18636
35710|3320|1299|3920|206777
151326|174|35598|52091|206810|39558
37497|1299|60068|211571
202032|58115|21263|203293
139317|44324|32595|174|263009|52559|274658
3320|1299|42303|51701|30893
3491|174|60068|216213|205884
139317|44324|32595|174|263812|208414
34927|56655|1299|3920|206777
15935|6830|60068|216213|205884
28917|6939|1299|23520|265620
58308|6939|33891|209040
51088|8455|1299|6855|50698
44324|32595|174|42313|212766
28917|6939|1299|131429|13335
327960|174|35598|52091|206810|211692|214268
7713|174|52468|271150
139317|44324|32595|174|53667|210842
28917|6939|1299|6128|54004|21835
8220|1299|12956|212721
44324|32595|174|396101
44324|32595|174|35916|21769
40994|57463|41327|31617
3491|1299|32787|202161
29479|50304|47311|150249|153176
7594|174|52468|271150
28917|6939|1299|20473|400671
14907|1299|35598|52091|206810
15935|174|22381|267470|263047
49434|9002|1299|3920|206777
263152|174|10490|2722|12148|47065|61574
559|35598|52091|206810|12773|44710
917|60068|5511|1299|3920|206777
6830|6939|393682
55720|3491|174|28189|266931|269250|271150
49028|1299|174|32595|44324
28917|6939|1299|20473|208022
42473|1299|20473|201423
48070|6939|28917|39238|49392
28917|6939|1299|62240
23367|1299|29695|206557|204503
12779|6939|42695|43101
28917|6939|1299|45102
58308|6939|1299|20473|52025
20912|12637|1299|34927|202532
20055|174|201814|209896
210312|4601|6939|28917|24651|39900
35369|1764|174|11432|271150|272738
22652|174|210|47065|61574
28917|6939|1299|23520|263238|271933
28917|6939|1299|25956
7018|1299|60068|197103|212080
29222|6939|47787|203020|208414
28917|6939|1299|20473|62707
28917|6939|6830|23520|27717|274255
11845|37468|1299|8551|44709
12859|3223|41327
271253|6453|174|21320|5408|50148
12637|35598|52091|206810|12773
398465|3320|1299|37468|53062|266493|61625
50131|174|52468|271150
8283|20764|52091|206810|34786
17639|174|21320|5408|47065|61574
57695|917|60068|1299|23764|35168|212999
559|35598|52091|59815
28917|6939|1299|270126
139317|44324|32595|174|327727|329010
1403|577|174|210329|215728
204092|6939|59970
24961|1299|3920|206777
58511|3257|174|5538|8194|29345
28917|6939|1299|21976|88
41327|174|22381|267470|263047|264389
62167|174|22381|267470|263047
23367|1299|174|3130|47065|61574
263152|264409|174|204548|215728
132825|174|14840|269288
19653|30600|174|60068|205884
34800|58057|50673|174|3356|8119
49028|1299|174|204548|215728
60068|1299|3356|28370|263060
29222|6461|210|47065|61574
5392|3356|174|20723|2852|202874
44324|32595|174|139057
3701|3356|1299|6855|39904|47767
24785|6830|174|11432|271150|272738
44324|32595|174|13693
206356|50629|33891|216067|44244
4230|1299|34927|202827
8220|1299|3356|20473|47065|61574
8283|3491|209810|207187|207198|206429
210312|4601|8298|25091|1299|60068|216213|205884
40387|1299|174|204548|215728
210312|4601|6939|28917|21453|41783
18106|174|22381|267470|263047|264389
6730|6830|5511|49666|58224|214805
49432|48362|1299|3356|28370|28657
198385|174|140227|44324|205369
20932|1299|3920|206777
34549|1299|3223|41327
48070|1299|60068|211571
29504|15935|174|3356|3223|34224|12735
137409|6461|21320|5408|47065|61574
24516|174|35598|52091|206810|56915
2516|1299|37468|60068|216213|205884
28917|6939|1299|20473|150184
58308|6939|15935|198284
28917|6939|1299|13876|400097
50629|20764|52091|206810|48595
29075|174|52468|262393
215596|1299|3223|41327
49432|48362|1299|6762|267470|263047
6894|174|138997|216211|44324|205369
199524|28917|215730|209693
52025|174|3356|16735|2716
139317|44324|32595|174|53667|139791
20253|1299|32787|202161
32590|137409|12859|47065|61574
44324|32595|174|11172|273278
28917|6939|1299|398109
28917|6939|1299|198949|16365
6830|3491|216211|211575
58308|6939|1299|47583
210937|1299|37468|53062|266493|61625
49432|48362|1299|174|22381|267470|263047|264389
41327|6939|2852|61110
28917|6939|1299|23520|263248
58308|6939|12735|205893
48362|1299|2914|226|47065|61574
917|25369|174|22381|267470|263047|264389
28917|6939|1299|23520|52468
210312|4601|6939|28917|39134|39561|197695
49544|1299|174|20473|47065|61574
6453|174|8551|20473|47065|61574
58308|6939|1299|3301|29217
18106|2914|1299|3920|206777
34177|1299|3356|28370|264426
3257|174|3130|47065|61574
47147|1299|6939|60432
28917|6939|1299|60068|133944
6730|6830|2914|226|47065|61574
29222|6939|553|204680|208854
553|6939|60432
20932|1299|17676|216211|44324|205369
58057|174|35598|52091|206810|214721|204108
7018|6939|28370|52593
28917|6939|1299|21859|27418
34177|33891|216067|44244
196621|58115|21263|34125
56655|12859|47065|61574
28917|6939|1299|21859|62610|213618
28917|6939|1299|13855|400528|395580
199524|174|138997|216211|44324|205369
1299|174|1916|47065|61574
8280|6762|1299|34927|202532
28917|6939|1299|20326
28917|6939|1299|12252
205206|33891|19318|201813
12779|35598|52091|206810|202279
4230|1299|8551|44709
44324|32595|174|7195
23673|9900|23764|8455|8283|47065|61574
2497|2914|12859|47065|61574
207841|6939|60432
8218|6461|1299|20473|201423
553|6939|28370|268521
21700|174|1916|47065|61574
60326|34872|24961|1299|8551|20473|47065|61574
44324|32595|174|53893
3216|1299|8551|44709
1764|174|21700|399914
2734|47787|6424|207990
4601|50869|34019|35600
4764|1299|6855|39904|199604
32590|1299|35598|52091|206810
28917|6939|25400|198309
513|21320|33891|60068|211571
207841|6939|28370
6453|174|21320|5408|47065|61574
58511|1299|6855|39904|47767
28917|6939|48678|212598
44324|32595|174|30021
559|6939|50989|48116
559|35598|52091|206810|12773|44884
58308|6939|7018|1751
23764|1299|35598|52091|206810
52320|174|204548|215728
28917|6939|1299|201216
3491|174|1916|47065|61574
50877|5405|6939|2852|197451
917|60068|174|5538|8194|29345
37739|3491|174|60068|216213|205884
4601|50869|52025|212895|214223
34927|52025|32097|20473|399970
28917|6939|54429
58308|6939|1299|58317
34177|3356|1299|12859|47065|61574
6830|174|1916|47065|61574
48185|1299|6762|267470|263047
51873|6830|3257|21034
8426|3257|1299|20473|201423
1836|33891|60068|211571
17350|6453|1299|42303|51701|30893
35280|1299|6855|39904|199604
29222|6939|35168|21299
60068|33891|29632|59682
24961|1299|12956|212721
32590|1299|3356|28370|263060
35266|1299|35598|52091|206810
38880|174|37468|61568|266460|61625
58299|174|60068|197103|212080
28624|61568|174|204548|215728
397131|60011|3356|1299|201814|209896
15605|35598|52091|206810|196638|42702
559|6939|50989|205966
24785|1299|3920|206777
3130|174|56630|209944
559|35598|52091|206810|59815
1031|999|6453|1299|20473|47065|61574
58308|6939|6830|23520|46650|401400
139317|44324|32595|174|21859|62610
2516|1299|10490|2722|12148|47065|61574
58308|6939|7018|29992
23673|6939|1299|20473|47065|61574
34927|56655|1299|5511|60068|206406|210557
6424|1299|6855|39904|47767
34177|3356|1299|10490|2722|12148|47065|61574
42473|1299|3223|34224|12735
58308|6939|6830|23520|10269|265818
29222|6939|7018|397650
25152|2914|1299|201814|209896
28917|6939|1299|198949|25773
28917|6939|1299|60068|197103|207877
1267|1299|20473|399970
38001|9002|21320|5408|47065|61574
28917|6939|1299|14469
35426|215596|1299|1680|20473|47065|61574
34854|1299|3257|20473|47065|61574
28634|4230|1299|201814|209896
61218|29632|9002|1299|198949|35676
22652|1299|29695|206557|208835
35598|174|56630|209944
28917|6939|29222|204957
28917|6939|1299|16552
2914|1299|8551|44709
6830|6939|28917|198297
29222|6939|15935|56360
4601|50869|44324|202335
139317|44324|32595|174|262901|273630
559|6939|24796
37100|6762|174|37468|61568|266460|61625
12637|1299|16164|36032
12779|212815|52053
64475|20764|52091
12859|1299|3257|20473|47065|61574
139317|44324|32595|174|394611
41327|6939|2852
398465|3320|1299|25091|8298|4601|4492
44324|32595|174|57974|62661
28917|6939|1299|20473|399992
3130|174|35598|52091|206810|24881
999|6453|174|10490|2722|12148|47065|61574
3257|1299|6939|24796
48185|2914|174|20473|47065|61574
29222|1299|60068|197103|212080
327960|174|35598|52091|206810|35273
12779|3257|1299|198949|35676
328206|37739|3491|174|1916|47065|61574
553|20764|202984|35598|25308|28917|204076
49788|1299|8551|44709
47147|1299|6939|30893|204789
12779|35598|52091|206810|210063
42473|1299|3356|28370|53079
62167|174|6461|394737
48070|6939|28917|43886
59689|29075|174|204548|215728
3320|3491|5408|47065|61574
35008|1299|201814|209896
31510|174|22381|267470|263047|264389
6696|1299|42303|51701|30893
132825|174|3356|1680|44709
328840|327727|174|35598|52091|206810|56766
58299|20764|43298|48678|210574
6424|16164|36032
13830|971|174|1299|8551|44709
35600|6939|2852|200874
31742|1299|8551|44709
17660|2914|174|11432|271150
210937|1299|3356|28370|263963
199524|1299|6855|39904
4601|6939|28917|12668
4601|50869|41051|214763
29222|6939|262365
34800|29632|9002|3356|1299|20473|47065|61574
8283|6939|39790
46450|1299|174|20473|47065|61574
210937|1299|174|22381|267470|263047|264389
31122|6453|1299|198949|35676
8283|3491|209810|207187|201265
52873|12956|174|210329|215728
29222|6939|3170|49485
58308|6939|6830|23520|272935|267845|274123
6424|6939|28917
6667|1299|25091|8298|4601|4492
49028|1299|6453|4755|7768
52025|1299|8551|44709
37468|33891|60068|211571
206499|34549|1299|3223|34224|12735
1140|24785|1299|3920|206777
29222|6939|35826|205311
28917|6939|1299|57811|201029
6730|6830|60068|211571
1140|2603|21320|5408|47065|61574
47147|1299|7195|28343|2716
44324|32595|174|399646|55223
139317|44324|32595|174|55410
45049|6696|1299|198949|35676
13237|1299|8551|44709
29222|6939|197301
210312|4601|50869|41051|212977
148968|7474|3257|174|1916|47065|61574
148968|1299|3223|41327
28917|6939|1299|23520|267713
30781|1299|60068|197103|212080
398465|1299|6453|29208
20130|23352|2914|1299|198949|35676
28917|6939|1299|29802|205749
5405|20473|47065|61574
59890|60068|33891|34927|202532
47147|1299|6939|50989|205966
15605|57463|14840|269288
327727|174|6461|394737
5413|1299|174|3130|47065|61574
28917|6939|1299|23520|262191|27845
6830|6939|28917|28775
23367|1299|7195|20473|47065|61574
39122|1299|60068|197103|212080
28917|6939|7018|54097
64475|6939|28917|198297|51081
4777|2497|174|5538|8194|29345
50304|1299|198949|35676
24961|6830|60068|216213|205884
174|3491|20473|399970
34927|1299|6461|210|47065|61574
2518|2516|174|20473|47065|61574
202365|50673|174|5459|200070
2518|1299|34927|202532
210937|1299|3223|34224|12735
13237|1299|3356|28370|263060
55222|1299|3356|28370|263535
139317|44324|32595|174|212250|208293|203217
210312|4601|8551|20473|47065|61574
45049|6696|33891|216067|44244
40994|174|11432|271150|272738
29504|15935|174|3356|16735|2716
917|25369|21320|5408|47065|61574
6461|33891|216067|44244
28917|6939|208731
29075|1299|3356|28370|263535
148968|7474|3257|174|21320|5408|47065|61574
48362|1299|174|1916|47065|61574
34288|1299|3356|28370
58308|6939|21430|33943
13830|971|174|35598|52091|206810|214721
22652|174|5538|8194|29345
44324|32595|174|62005
28917|6939|39791|49101|49244
58308|6939|1299|30404
5413|1299|37468|60068|216213|205884
60326|34872|24961|1299|8551|44709
45049|6696|1299|6855|39904|47767
210312|4601|50869|6939|33924
139317|44324|32595|174|7497
48070|6939|28917|39238|51408
64475|6939|24796
28917|6939|1299|15133
29222|6939|28370|52593
136557|174|14840|269288
58308|6939|39791|198002
209650|34927|1299|3356|28370|263535
20514|1299|22773|8119
39351|174|3356|28370|268521
5405|6939|58308
62167|3356|1299|20473|47065|61574
35600|35598|52091|206810|196638
44324|13335|400095
29222|6939|40994|204136
50628|3356|174|210|47065|61574
3170|3491|174|37468|61568|266460|61625
139317|44324|32595|174|53667|214660
151326|174|37468|61568|266460|61625
206499|34549|174|22381|267470|263047|264389
4601|50869|52025|210338
20514|1299|6855|39904|47767
139317|44324|32595|174|21826
52025|174|3356|28370|268521
1299|6939|28370
151326|174|21320|5408|50148
1299|174|60068|205884
58308|6939|200303
174|34927|202827
57381|50304|1299|20473|399970
328206|37739|3491|174|20473|47065|61574
51519|39351|1299|198949|35676
34019|13335|5408
58308|6939|7018|4473
4601|50869|58299|209898|199553|211894
196621|6939|2852|200874
11039|6461|1299|3920|206777
48362|1299|3356|28370|268521
3257|174|140227|44324|205369
28917|20764|52091|206810|56766
58308|6939|1299|262206|27742
20080|2914|174|204548|215728
51873|6830|174|140227|44324|205369
917|60068|174|210329|215728
37468|33891|216067|44244
6424|6939|25192
271253|6453|174|8551|20473|47065|61574
29222|6939|12735|15830|47952
44324|32595|174|53471
35600|6939|30893|204789
196621|6939|28917|198297|51081
852|1299|34927|202827
199938|1299|33891|216067|44244
3130|174|1299|34927|202532
50629|6939|30893
28917|6939|1299|6855
29222|1299|198949|35676
28917|6939|1299|44656
5405|6939|28370|28657
20080|2914|1299|3920|206777
553|1299|3356|28370|263535
48070|6939|15372|203592
3130|174|35598|52091|206810|59867
6939|1299|20473|214587
139317|44324|32595|174|202978
271253|174|16276|203019
136557|174|60068|211571
394256|174|1299|8551|44709
139317|44324|32595|174|273205
20912|12637|47065|61574
210312|4601|50869|6939|2852|197451
4764|1299|16164|36032
6830|6939|50989|48116
12389|174|21320|5408|47065|61574
28917|6939|1299|1759
58057|174|35598|52091|206810|214721
17639|174|204548|215728
3170|6939|2852|210498
139317|6939|1299|20473|399970
3130|174|3356|28370|28657
15935|174|60068|197103|212080
3130|174|6762|49666|58224|214805
32590|37100|33891|60068|211571
39122|1299|3223|34224|12735
49432|48362|1299|6453|19318|201813
271253|3356|1299|6855|39904|199604
28917|6939|1299|35847
2497|1299|20473|201423
50628|1299|3257|210329|215728
8455|1299|20473|399970
139317|44324|32595|174|47787
21700|174|6762|16735|273514
58057|174|52468|271150
12350|1299|6762|267470|263047
50877|5405|6461|394737
58308|6939|48678|209828
398465|1299|3257|204548|215728
148968|1299|21351|60132
50673|174|1299|20473|47065|61574
6830|6939|2852|197451
58308|6939|197301|202361
20932|1299|60068|216213|205884
48070|1299|3491|20473|47065|61574
198249|4601|4492
22652|63018|174|210329|215728
58308|6939|9136|206236|207921
139317|44324|32595|174|984|55201
3170|6939|28370|267556
28917|6939|7018|4196
174|35598|52091|206810|211692|214268|196977
20912|12637|1299|10490|2722|12148|47065|61574
20253|1299|3223|41327
4601|50869|51087
44324|32595|174|25122
29222|6939|197580
16552|1299|37468|270551|263047
23367|1299|6762|267470|263047
58308|6939|1299|4538
327727|174|35598|52091|206810|34786
6453|1299|20473|47065|61574
12859|16276|203019
31510|174|10490|2722|12148|47065|61574
132825|174|35598|52091|206810|48687
207841|37468|52468|271150
1828|1299|20473|47065|61574
13830|971|174|52468|271150
34800|58057|50673|174|6461|394737
58308|6939|1299|58453|9808|2010
139317|44324|22356|52468|271150
58308|6939|33891|47540
4764|1299|33891|216067|44244
6830|6939|28917|12668|51883
16552|30844|21320|5408|47065|61574
28917|6939|1299|8240
50628|3356|21320|5408|47065|61574
210312|4601|50869|203704
6696|1299|174|210|47065|61574
553|9002|30081|174|30081
50628|6453|174|20473|47065|61574
49434|9002|21320|5408|47065|61574
28917|6939|1299|39567
28917|6939|1299|23033|399275
34177|1299|174|22381|267470|263047|264389
16552|6453|174|60068|205884
44324|32595|174|398156
3130|174|1299|6855|39904
6830|9002|12555|200624
28917|20764|52091|206810|56915
207841|6939|29222|41495
1140|24785|6830|3356|28370|269016
20130|23352|2914|174|8551|20473|47065|61574
35008|1299|29695|206557
47692|33891|6461|394737
28917|6939|1299|62874|22400
28917|6939|1299|25899
4601|37271|20473|47065|61574
6423|20055|174|37468|61568|266460|61625
5405|62255|52091|206810|197643
6082|174|20723|2852|202874
139317|44324|32595|174|395500
15605|8298|4601|4492
58308|6939|1299|208328
139317|44324|32595|174|46974
24961|1299|174|3130|47065|61574
6424|64049|174|55410|141549
3399|33891|216067|44244
20205|1299|10490|2722|12148|47065|61574
57866|1299|1680|20473|47065|61574
58308|6939|9136|3573
28917|6939|1299|20473|957
29222|1299|35598|52091|206810
64475|6939|50989|33837
262427|174|60068|211571
20080|2914|3356|21320|5408|47065|61574
553|28283|268744|2716
32590|1299|60068|211571
34854|1299|3356|28370|263535|268030
49788|1299|34927|202827
35280|6453|174|20723|2852|202874
34177|174|56630|209944
7018|1299|60068|216213|205884
58308|6939|1299|207023
6424|6939|42695
34800|58057|50673|174|399697|39967|399697
48919|174|3356|28370|28657
22652|1299|60068|216213|205884
60326|34927|174|3130|47065|61574
48070|6939|54429
39122|174|204548|215728
28917|6939|1299|20473|44421
58308|6939|56595|215320
34927|60011|3356|1299|10490|2722|12148|47065|61574
28917|6939|1299|273299
20485|1299|8551|44709
132825|174|35598|52091|206810|202279
56655|1299|3356|8119
198385|174|3356|28370|28657
139317|44324|32595|174|57961|205140|14789
28917|6939|1299|20473|49867
6830|1299|6855|39904|199604
210937|1299|6762|267470|263047
263237|174|3491|20473|47065|61574
4601|50869|41051|203852
209|3356|174|5538|8194|29345
52025|32097|28283|268744|2716
204092|6939|30893
6082|174|37468|61568|266460|61625
7500|2497|174|14840|269288
327983|37497|1299|6855|39904|199604
50304|1299|1680|20473|47065|61574
680|1299|20473|47065|61574
28917|6939|1299|206364
28917|6939|1299|20473|138401
44324|32595|174|19453
5405|47065|61574
2516|1299|174|20473|47065|61574
58308|6939|3170|210495
57866|1299|3216|51032|41344|39707
16347|3356|174|20723|2852|202874
6830|174|52468|262393
58308|6939|3170|215453
198249|199524|1299|199524
58057|34549|3257|174|20473|47065|61574
328206|37739|3491|174|210|47065|61574
57866|5511|174|37468|61568|266460|61625
34927|52025|1299|29695|206557|208835
327804|5713|3491|174|37468|61568|266460|61625
59689|30781|1299|20473|399970
28917|6939|1299|3223|196763
16552|1299|174|14840|269288
40387|1299|6762|267470|263047
210312|4601|50869|34019|204092|202945
215596|1299|60068|197103|212080
4777|2497|1299|20473|201423
204092|6939|28917|6789|201069|207979
136557|174|1299|8551|44709
3130|174|60068|197103|212080
21232|13030|1299|6453|4755|7768
49544|1299|60068|216213|205884
28917|6939|1299|13999
58308|6939|1299|3301|43645
20055|1299|20473|399970
42473|1299|3491|20473|47065|61574
60326|34927|174|210|47065|61574
3333|1273|174|52468|262393
58308|6939|1299|8151|20940
328206|37739|3491|174|37468|61568|266460|61625
139317|44324|32595|174|14178|272300
44324|32595|174|142111
199524|174|3130|47065|61574
16552|1299|3223|34224|12735
21320|33891|216067|44244
327804|37271|174|3130|47065|61574
210312|4601|50869|6939|28370|267608
58308|6939|1299|52468|269989
28917|6939|1299|20473|201489
4601|50869|58299|209185
51184|47692|33891|12859|47065|61574
12586|3257|174|20473|47065|61574
196621|58115|21263|216282
24785|6830|3356|28370|28657
59890|174|52468|271150
4181|1299|201814|209896
28917|6939|1299|201589
34927|52025|32097|28283|268744|2716
32590|1299|3356|8119
19653|3356|21320|5408|47065|61574
4181|1299|4230|2716
49028|1299|6453|1031|61568|266460|61625
6830|174|210|47065|61574
3170|6939|28370|263535
44324|32595|174|395348
210312|4601|50869|41051|200372
34927|56655|1299|6461|394737
262427|174|35598|52091|206810|59815
28917|6939|1299|39386|24429
8283|3491|209810|207187|205345
327727|174|1299|6939|24796|63293
48070|6939|28370|263060
6830|1299|198949|35676
44324|32595|174|273264
58308|6939|1299|23033|204957
32590|12956|1299|3920|206777
55222|174|3356|1680|44709
42541|7195|20473|47065|61574
58308|6939|1299|36352|399275
8220|1299|3356|28370|267608
327983|37497|1299|6855|39904
44324|32595|174|263009|52559|274658
6762|174|37468|61568|266460|61625
47957|3356|1299|20473|201423
199524|47311|150249|153176
12552|33891|44592|49581|209693
196621|6939|28917|48084|199961
3130|174|8551|20473|47065|61574
12859|215551|30893|205563
3130|174|35598|52091|206810|57164
139317|44324|32595|174|209594
559|6939|42695|52011
7018|1299|12859|47065|61574
8455|8283|47065|61574
48070|1299|3491|216211|211575
44324|32595|174|44222|215540
41095|3356|1299|22773|8119
210937|1299|8551|44709
48070|20473|47065|61574
14907|1299|21351|60132
4764|1299|6461|394737
57111|41327|174|204548|215728
8220|6453|2914|12859|47065|61574
20253|1299|33891|216067|44244
58308|6939|1299|54082|263725|269973
17639|1299|3920|206777
4775|1273|1299|20473|47065|61574
23367|1299|34927|202827
20514|1299|32787|202161
23367|1299|6057|28283|268744|2716
559|6939|54429|401894
199524|6762|1299|20473|47065|61574
1299|3216|51032|41344|39707
58308|6939|6830|23520|64126|273924
398465|1299|3356|28370|269016
29680|174|28189|266931|271615|273522|271150
6667|33891|44592|49581|209693
3356|1299|6855|39904
28917|6939|1299|270122
553|1299|20473|201423
58299|37271|20473|47065|61574
398465|4826|1299|35598|52091|206810
3130|174|21320|5408|47065|61574
139317|44324|32595|174|51847|61112
35426|215596|174|20723|2852|202874
42473|1299|2914|226|47065|61574
209|3356|1299|16276|203019
12637|6939|24796
58057|50673|174|399697|39967|399697
286|3257|33891|216067|44244
58308|6939|1299|197308
59414|13030|33891|216067|44244
34854|1299|6453|4755|7768
44324|22356|52468|271150
34800|58057|50673|174|204548|215728
207841|6939|28917|8926|200019|48753
139317|44324|32595|174|17451
20932|1299|60068|197103|212080
139317|44324|32595|174|397903
21700|3257|1299|12859|47065|61574
1299|6939|28370|263535
44324|32595|174|13190
28917|6939|1299|54994|140591
6461|174|56630|209944
57381|50304|1299|37468|270551|263047
6453|174|32595|44324
48919|174|8551|20473|47065|61574
24516|174|35598|25308|28917|204076
58308|6939|205081
2518|2914|174|37468|61568|266460|61625
28917|6939|6830|31079
23764|3356|174|20473|47065|61574
3399|5511|174|3130|47065|61574
7018|6939|50989|50683
139317|44324|32595|174|273264
204092|6939|28917|20985
6830|3356|29695|206557
45049|6696|1299|16164|36032
12779|174|5538|8194|29345
151326|174|60068|211571
28634|4230|174|20723|2852|202874
174|1299|20473|399970
59105|2518|1299|198949|35676
6461|174|1916|47065|61574
28917|6939|1299|7545
58308|6939|1299|60051|208293|203214
13830|971|174|1299|6855|39904|47767
44324|32595|174|2860|215446
39122|174|60068|205884
58308|6939|52838|269035
4181|1299|174|20473|47065|61574
35600|35598|52091|206810|197643
44324|32595|174|16437
12956|1299|6855|50698
1299|22773|8119
29222|6939|9136|211479
24516|174|12956|212721
57381|50304|2603|21320|5408|47065|61574
28917|6939|1299|142132
14907|33891|216067|44244
31510|174|3356|28370|28657
139317|44324|32595|174|53667|200329
31510|174|60068|197103|212080
49544|33891|216067|44244
44324|32595|174|212318
34019|137409|48011|25184|49801|204533
6908|174|140227|44324|205369
139317|44324|32595|174|50881
139317|44324|32595|174|201102
263152|174|216211|211575
139317|44324|32595|174|49532
12859|6939|200303
513|29222|6939|12735|8517
28917|6939|7018|2685
44324|32595|174|61407
9044|1299|174|37468|61568|266460|61625
139317|44324|32595|174|398980
6424|174|46427|64289|44592|49581|209693
58308|6939|1299|17018|53698
44324|32595|174|21320|5408|47065|61574
28917|6939|1299|18678
328840|327727|174|37468|270551|263047
34927|56655|1299|6453|29208
41327|6939|2852|210498
28917|2603|21320|5408|50148
2914|174|399697|39967|399697
35710|3320|1299|12859|47065|61574
148968|1299|12956|212721
49028|1299|3356|28370|268521
15576|174|60068|216213|205884
58299|62255|52091|206810|56766
34288|1299|2914|226|47065|61574
3130|174|1299|6939|24796
2516|1299|198949|35676
41666|20764|52091|206810|214721
28917|6939|1299|3308|47527
35600|6939|28917|48084|35816
31510|174|3356|16735|273514
29222|6939|271150
917|60068|1299|34927|202827
17639|174|201814|209896
28917|6939|1299|201319
19653|30600|1299|198949|35676
216285|8280|6762|174|399697|39967|399697
9044|1299|174|210329|215728
398465|1299|6855|39904|47767
48070|1299|5511|60068|206406|210557
20612|9044|1299|20473|201423
8283|12859|47065|61574
17660|2914|174|3130|47065|61574
198385|15576|174|210|47065|61574
58308|6939|6830|23520|263703|269901
4601|50869|41051|212977
37662|1299|8551|44709
25369|174|52468|271150
37662|174|28189|266931|271615|273522|271150
6461|174|60068|216213|205884
215596|1299|56630|209944
3701|174|60068|205884
3701|3356|1299|20473|399970
12956|1299|3216|51032|41344|39707
202365|50673|174|3356|8119
20205|1299|6762|16735|273514
263152|174|2914|20473|201423
58308|6939|1299|52468|273883
38136|50131|174|60068|197103|212080
44324|32595|174|14148
132337|1299|3356|16735|2716
139317|44324|32595|174|50144
55222|174|3257|60068|206406|210557
51519|39351|6830|60068|211571
4601|50869|41051|215153
207841|6939|28917|28907
3303|174|20473|47065|61574
28917|8359|57304|200449
210312|4601|50869|6939|29222|41495|206202
7594|174|216211|211575
174|216211|44324|205369
917|25369|174|11432|271150|272738
28917|6939|1299|394380
29222|6939|12637|60087
553|7195|11432|271150|272738
48185|1299|3257|204548|215728
28917|34927|202532
28917|6939|28370|268198
28917|6939|1299|3301|25252
28917|6939|1299|21777
20485|174|52468|262393
20932|1299|20473|201423
44324|32595|174|398980
3257|174|22381|267470|263047|264389
1140|24785|1299|20473|47065|61574
49788|1299|12956|212721
58308|6939|1299|8796
20612|9044|174|60068|205884
34927|1299|20473|399970
13830|971|174|35598|52091|59815|25299
139317|44324|32595|174|14
28917|6939|1299|6855|214945
1273|1299|20473|399970
328512|5713|174|12956|212721
7594|174|28189|266931|269250|271150
49028|1299|3920|206777
1836|1299|198949|35676
34019|37271|20473|47065|61574
28917|6939|1299|48707
50629|6939|33924
12779|9002|12555|48430
37271|174|140227|44324|205369
207841|6939|28917|6789|201069|207979
136557|174|3257|25091|8298|4601|4492
47160|174|1916|47065|61574
196621|6939|2852|197277
12956|174|5538|8194|29345
12307|29691|33891|216067|44244
139317|44324|32595|174|327727|328840
47147|1299|174|22381|267470|263047|264389
24516|174|3257|8551|44709
4775|1273|1299|12859|47065|61574
327804|37271|3257|1299|3920|206777
60068|1299|3356|28370|263535
51873|6830|174|20473|47065|61574
24961|1299|174|20473|47065|61574
12637|35598|52091|206810|59815|25299
31742|1299|3356|28370|268521
35600|6939|2852|202874
12779|35598|52091|206810|202497
210937|1299|3257|20473|47065|61574
205206|1299|22773|8119
7018|6939|2852
327727|174|30844|21351|60132
4601|50869|215509
39122|1299|3356|28370
48362|1299|8551|44709
6720|1764|1299|20473|47065|61574
12779|6939|29222|41495|206202
28917|6939|1299|20115|40264|14440
174|3356|9002|12555|48430
6830|3356|21320|5408|50148
139317|44324|32595|174|36671
327960|174|28189|266931|269250|271150
210312|4601|50869|205848
207841|6939|28370|267608
35710|3320|1299|20473|201423
12637|35598|52091|206810|210063
58057|174|10490|2722|12148|47065|61574
204092|6939|28917|12668
29222|6939|62000|198831|215784
204092|30781|1299|60068|197103|212080
15935|174|35598|52091|206810|214721|204108
50629|6939|393682
20612|9044|1299|6453|19318|209896
34927|56655|1299|7195|28189|266931|269250|271150
49788|1299|6453|19318|209896
398465|174|5538|8194|29345
40387|1299|12956|212721
3399|5511|174|140227|44324|205369
4601|50869|6939|2852|197277
58057|50673|174|20473|47065|61574
328840|327727|174|28283|268744|2716
35280|3356|174|5538|8194|29345
4601|6939|28917|8926|200019|48753
12859|215551|30893|204789
15623|4455|33891|216067|44244
42473|1299|6762|267470|263047
139317|44324|32595|174|45250
28917|6939|1299|6204|25198
58308|6939|50629|207252|213579
20912|174|35598|52091|206810
327727|174|1299|8551|44709
28917|6939|1299|20473|215223
12350|1299|6453|19318|209896
207841|20764|43298|48678|213865
37739|3491|174|60068|197103|212080
28917|6939|197580
198249|13030|1299|3920|206777
42541|1299|20473|47065|61574
24961|1299|20473|201423
23367|1299|174|21320|5408|47065|61574
13237|33891|216067|44244
58308|6939|553|212522|63293
48070|1299|37468|270551|263047
35008|1299|4230|2716
6830|34927|202827
398465|174|32595|44324
139317|44324|32595|174|395748
58308|6939|5405|48031
4601|50869|6939|30893|205563
553|6939|2852|199711
15576|174|11432|271150
40994|174|11432|271150
20253|1299|174|210329|215728
31510|174|3130|47065|61574
6908|1299|6762|16735|273514
12779|6939|33924
174|210|47065|61574
44324|32595|174|44166
148968|1299|201814|209896
58057|174|20473|47065|61574
28917|6939|1299|21738|200242
28917|6939|1299|400400
58308|6939|6830|23520|30689
35600|35598|52091|206810|12773
29504|39392|174|60068|216213|205884
28917|6939|1299|20473|59467
11845|37468|1299|6855|39904|47767
263152|174|140227|44324|205369
14537|13786|174|60068|197103|212080
398465|174|11432|271150|272738
32590|1299|10490|2722|12148|47065|61574
34927|56655|1299|3356|16735|273514
210312|4601|50869|52025|212895|205991
28917|6939|1299|401026
577|174|204548|215728
37271|174|201814|209896
46450|1299|34927|202532
7018|174|11432|271150|272738
207841|6939|28917|198297
25152|6939|1299|20473|47065|61574
12779|20473|30893
46450|1299|20473|47065|61574
553|37271|20473|47065|61574
15935|174|20473|47065|61574
210312|4601|50869|6939|39790
41327|174|7545|20473|47065|61574
58308|6939|1299|27947
28917|6939|8194|51955
12859|22356|28370|263535
50304|1299|3356|28370|263535|268030
4601|6939|28917|34784
6830|137409|48011|25184|49801|204533
44324|32595|174|24992
132825|174|35598|52091|206810|48595
58308|6939|33891|62359
2734|9304|136897|174|1299|36137
47147|1299|20473|399970
44324|32595|174|44788
64475|7195|11432|271150
58057|174|5538|8194|29345
44324|32595|174|398885
12586|3257|3356|21320|5408|47065|61574
210312|4601|50869|6939|28917
139317|44324|32595|174|20473|40138
57695|917|60068|1299|3223|34224|12735
28917|6939|41720|198747
58057|174|35598|52091|206810|48595
328840|327727|174|35598|52091|206810|48687
44324|32595|174|22168
34019|37468|60068|216213|205884
41051|58299|266493|61625
2518|1299|174|37468|61568|266460|61625
23367|1299|3356|16735|273514
44324|32595|174|17185|25645
2152|3356|1299|22773|8119
64475|37468|53062|266493|61625
28917|6939|1299|52468|271923
50673|174|2914|226|47065|61574
58308|6939|50629|207252|205563
198385|174|1299|3920|206777
3549|3356|1299|6855|39904|202605
41666|20485|35598|52091|206810
58308|6939|15576|60311
28917|6939|7018|6621|265591
6830|6939|28917|201119
28917|6939|1299|20473|54874|970
174|1299|6939|24796|63293
139317|44324|32595|174|42228
6424|37271|20473|47065|61574
34927|56655|2603|21320|5408|47065|61574
327983|37497|174|210329|215728
6696|1299|9002|8772|396416
28917|6939|15935|204860|203385
28917|6939|3170|49485
5405|9498|20473|47065|61574
9268|4764|174|22381|267470|263047|264389
328840|327727|174|6762|49666|58224|214805
48070|6939|28917|44056
6908|1299|8551|44709
3170|7195|20473|47065|61574
202365|50673|174|11432|271150
139317|44324|32595|174|3360
6830|3356|16735|2716
29504|39392|174|1299|20473|47065|61574
3170|6939|29222|513|20940
12956|174|11432|271150
6424|6939|28917|48084|59833
6453|174|399697|39967|399697
139317|44324|32595|174|6621
38880|6939|1299|20473|399970
29222|9002|197068
20932|1299|6762|49666|58224|214805
20932|1299|8551|20473|47065|61574
58308|6939|1299|25759
50629|174|399697|39967|399697
35008|1299|6453|4755|7768
57111|41327|16164|36032
16552|1299|3356|28370|267556
62167|174|37468|270551|263047
28917|6939|1299|20473|136184
37739|3491|174|60068|205884
199938|1299|174|204548|215728
6830|6939|28370|268521
139317|44324|32595|174|22168
28917|6939|1299|54082|263725|269973
50629|6939|200303
56655|1299|60068|197103|212080
58308|6939|7018|26153
42473|1299|3491|216211|211575
28917|6939|1299|20473|205618
44324|32595|174|270126|270215
15605|35598|52091|206810|196767
196621|6939|28370|269016
12637|35598|52091|206810|211692|31069
30844|3257|1299|20473|47065|61574
28917|6939|1299|20473|54874|57439
28917|6939|1299|21277|197882
34019|29632|215536
16347|1299|42303|51701|30893
140627|1299|3356|28370|268198
196621|8758|15576|56630|209944
328840|327727|174|28189|266931|271615|273522|271150
29691|8758|3303|174|52468|271150
58308|6939|1299|3223|48254
139317|44324|32595|174|35598|48108|208626
6894|174|2914|226|47065|61574
262427|174|16276|203019
15605|35598|52091|206810|56915
58308|6939|15962
56987|1299|6855|39904|202605
22652|1299|6204|44592|49581|209693
57866|6830|3257|20473|47065|61574
28917|6939|8943|43915
29680|174|20723|2852|202874
12779|6939|2852|212876
8220|1299|56504|47674
41666|20764|52091|206810|59815
34927|1299|3356|28370|268198
559|20764|202984|35598|25308|28917|204076
12859|35598|52091|206810|211692|214268
30844|174|140227|44324|205369
12637|1299|37468|53062|266493|61625
58308|6939|1299|58321|43758
44324|32595|174|209589
25152|2914|174|3130|47065|61574
46450|1299|12956|212721
29169|174|52468|271150
35600|6939|207995
19653|30600|174|210329|215728
35710|4809|1299|20473|399970
34019|35598|52091
51519|39351|1299|8551|44709
6082|2914|6424|44592|49581|209693
8283|20764|52091|206810|213694
28917|6939|1299|53334
29222|6939|28370|270962
140627|2914|174|3130|47065|61574
7018|3356|28370|267556
207841|6939|30893|205563
48070|6939|28370|263535
1273|174|32595|44324
204092|6939|28917|47914
56655|1299|174|216211|211575
3320|33891|216067|44244
7018|1299|35598|52091|206810
29222|6939|31263|8822
29075|33891|216067|44244
58308|6939|50629|207252|215147
139317|44324|32595|174|198725
328964|23764|1299|60068|211571
3130|174|6453|29208
58308|6939|6830|23520|272935|267845|64120
14907|1299|3920|206777
28917|6939|1299|10396|394590
20912|12637|56630|209944
34927|52025|174|52468|262393
28917|6939|1299|393705
48070|1299|3356|28370|269016
29680|3257|1299|3920|206777
2497|1299|6855|39904|199604
559|47065|61574
64475|13335|5408
139317|44324|32595|174|24429
24516|174|3257|19318|209896
7713|174|11432|271150
139317|44324|32595|174|28929
31510|174|52468|271150
48070|64049|174|55410|141549
58308|6939|5405|208208
23367|1299|56504|47674
23367|1299|174|21320|5408|50148
58308|6939|208016
48185|3356|174|3130|47065|61574
28917|6939|1299|23520|272935|267862
58308|6939|1299|213138
35710|3320|1299|198949|35676
12859|35598|52091|206810|214721
513|29222|6939|262365
44324|32595|174|204810
50877|5405|6939|25192|20701
41327|6939|50989|205966
139317|44324|32595|174|44222
28917|6939|1299|14016
15935|174|1299|20473|399970
6424|6939|42695|43101
28917|6939|1299|47583
2734|20473|47065|61574
56987|12859|47065|61574
28917|6939|1299|52468|272034
58308|6939|31263|9026
4601|50869|6939|50989|48116
29222|6939|62000|198825
213151|34549|174|22381|267470|263047|264389
263237|174|6453|29208
28917|6939|1299|18678|262589|272937
58057|174|3491|20473|47065|61574
58308|6939|1299|8764
29222|6939|56595|205885
34549|174|140227|44324|205369
58308|6939|263047|269680
13237|1299|3356|28370|263963
59689|30781|33891|60068|211571
2518|1299|6855|39904|199604
5413|1299|22773|8119
25160|174|204548|215728
58308|6939|1299|27947|264836|265762
20253|1299|6855|50698
139317|44324|32595|174|11990|17217
58308|6939|553|204680
42541|37468|53062|266493|61625
199524|1299|33891|216067|44244
205206|1299|6453|29208
29691|1299|60068|197103|212080
48070|6939|29222|513
28917|6939|1299|20473|142130
6082|174|204548|215728
34927|56655|1299|174|140227|44324|205369
4777|2497|1299|20473|47065|61574
40994|6939|29222|513|20940
28917|6204|44592|49581|209693
209|3356|174|60068|216213|205884
139317|44324|32595|174|61506
28917|6939|1299|23520|272935|267845|274105
6424|16276|203019
35600|6939|28917|48084|199961
1403|577|1299|201814|209896
34854|1299|7195|28189|266931|271615|273522|271150
63927|1299|174|60068|205884
58308|6939|7018|30382
12307|29691|1299|3920|206777
28917|6461|210|47065|61574
139317|44324|32595|174|19624
209650|34927|1299|10490|2722|12148|47065|61574
29222|6939|29208|62102
29222|6939|12735|15830
1273|174|34927|202827
15605|6939|28370|267556
204092|6939|28917|206011
202365|50673|174|7311|835|394273
199524|1299|6453|29208
971|174|6453|4755|7768
6830|6453|4755|7768
210937|1299|12859|47065|61574
41327|6461|214565|64289|212895|210320
31510|174|1299|20473|399970
139317|44324|32595|174|13580
13830|971|174|201814|209896
29222|6939|56595|58148
28917|6939|7018|28469
28917|6939|1299|20473|54681
34854|1299|3356|8119
3170|35598|25308|28917|204076
28917|6939|1299|52468|271948
58308|6939|1299|36692
196621|58115|21263|202526
35280|6453|174|210329|215728
263152|174|2914|226|47065|61574
136557|174|60068|216213|205884
174|12389|49666|205647|49801|204533
29222|6939|7018|62907
42473|1299|198949|35676
59105|2518|1299|35598|52091|206810
4601|50869|6939|28370|268198
139317|44324|32595|174|28999
25220|1299|201814|209896
3320|1299|20473|201423
24516|174|35598|52091|206810|210063
50628|1299|6762|49666|58224|214805
6424|6939|28917|39238
8220|1299|35598|25308|28917|204076
58308|6939|393682
28917|6939|1299|14265
58308|6939|25400|200139
4601|50869|6939|2852|200874
394256|174|20473|47065|61574
58308|35598|52091|206810|48687
15605|35598|52091|59815|25299
398465|1299|3356|28370
20514|1299|35598|25308|28917|204076
31742|1299|201814|209896
513|29222|6939|263047
5405|6939|54429|401894
47957|3356|1299|3920|206777
28917|6939|1299|20473|153185
328964|23764|1299|34927|202827
57381|50304|1299|3356|28370|267556
14907|5405|14840|269288
58308|6939|35133|50917|209094
48070|6939|28917|20985
3170|6939|29222
34800|58057|50673|174|2914|20473|47065|61574
45049|6696|1299|56504|47674
60326|206499|34549|1299|198949|35676
28917|6939|1299|20473|18750
398465|1299|3257|60068|206406|210557
6424|174|35598|52091|206810|211692|214268
49544|1299|201814|209896
553|1299|7545|20473|47065|61574
917|60068|174|140227|44324|205369
139317|44324|32595|174|16843
6424|16735|273514
51519|39351|174|138997|216211|44324|205369
52873|12956|1299|8551|44709
47147|1299|3356|28370|263535|268030
139317|44324|32595|174|17072|272336
55222|174|22381|267470|263047|264389
12969|1299|3356|8119
6696|1299|56630|209944
49788|1299|8551|20473|47065|61574
28917|6939|1299|14080|264718
28917|6939|1299|23520|272935|267705|271916
15605|6939|29222|513|20940
28917|6939|1299|23520|272935|274105
41722|12389|174|1916|47065|61574
12779|2603|21320|5408|47065|61574
50877|5405|20764|43298|48678|210574
199524|174|11432|271150
52320|33891|216067|44244
28917|6939|1299|20473|207649
553|6774|36947|174|36891
28917|6939|1299|52468|271785
328964|23764|1299|174|3130|47065|61574
49788|1299|3356|28370|264426
2734|34927|208690
34019|8551|44709
50877|5405|6939|2852|202874
36924|1299|3223|41327
20612|9044|174|1916|47065|61574
32590|37100|2603|21320|5408|47065|61574
58308|59689|29075|174|52468|262393
34019|6939|28370
852|174|28189|266931|269250|271150
39392|33891|1680|20473|47065|61574
58308|29075|1299|10490|2722|12148|47065|61574
12859|56630|209944
29222|6939|28917|39238|49392
28917|20910|13194|9002|6830
1836|174|210329|215728
29222|6939|2852|197277
24961|1299|20473|47065|61574
16552|1299|3920|206777
58308|6939|6830|23520|27665|27789
4601|50869|6939|42695|52011
50877|5405|6939|30893|205563
16552|1299|201814|209896
394256|174|12956|212721
58308|6939|8899|42652
25160|174|32595|44324
12779|3257|1299|3920|206777
12637|6939|200070
58308|6939|52091
20514|1299|6453|1031|61568|266460|61625
8283|20764|52091|206810|12773|211692|196629
4601|50869|6939|207995
58308|6939|6830|23520|54082
3741|174|201814|209896
213151|41051|58299|56630|209944
15605|20764|43298|48678|210574
58308|6939|1299|5518
31510|174|37468|270551|263047
50629|20764|52091|206810|59815|25299
328840|327727|174|12389|49666|205647|49801|204533
44324|32595|174|20135
23367|1299|3356|28370|263963
210312|4601|50869|41051|198209
35426|215596|174|14840|269288
917|60068|174|204548|215728
59414|6830|3257|19318|201813
29222|6939|48070|60894
24516|174|35598|52091|206810|214721
58308|6939|1299|199508|215629
58308|6939|6830|23520|52286|264764
12779|6939|24796
20253|1299|7195|28189|266931|269250|271150
14630|2914|174|20473|47065|61574
148968|7474|7473|1299|7195|20473|47065|61574
327727|174|3356|3223|41327
20205|1299|20473|47065|61574
174|35598|52091|206810|35273
35008|1299|8551|44709
3491|1299|34927|202532
64475|3320|1299|201814|209896
4601|50869|6939|2852
37697|3491|174|28189|266931|269250|271150
58308|6939|3170|203589
28917|6939|1299|52468|266894
28917|6939|1299|23520|270200
22652|1299|8551|44709
12859|35598|52091|206810|197960
12637|35598|52091|206810|39089
15605|35598|52091|206810|12773
29222|6939|7794|396917
50628|1299|60068|197103|212080
394256|174|6453|29208
398465|4826|1299|20473|47065|61574
28917|6939|1299|49206
35600|6939|28917|35539
28917|6939|1299|54829
28917|6939|1299|29066|199491
12859|13335|5408
28624|61568|174|60068|216213|205884
28917|6939|1299|3301|198476
398465|3320|1299|10490|2722|12148|47065|61574
5405|6939|54429
8455|3356|174|216211|211575
12307|29691|1299|6762|16735|273514
6730|6830|3257|19318|201813
4601|50869|59645
24889|13030|21320|5408|47065|61574
51519|39351|174|3356|16735|273514
57381|50304|1299|6762|267470|263047
29222|6939|199095
3170|44592|49581|209693
8280|6762|1299|3920|206777
58308|6939|7018|7287
3130|174|60068|205884
271253|6453|174|10490|2722|12148|47065|61574
40994|174|140227|44324|205369
28917|6939|7018|32673
12956|1299|20473|47065|61574
49544|2914|12859|47065|61574
7594|174|3130|47065|61574
29222|6939|62000|198053
327983|37497|3491|1299|3920|206777
29222|6939|30893|205563
6830|6939|2852|61110
29680|174|8551|20473|47065|61574
28917|6939|1299|2589
132825|174|35598|52091|48158
20253|1299|6453|1031|61568|266460|61625
50629|33891|216067|44244
137409|12859|47065|61574
553|1299|3356|28370|269016
6830|1299|201814|209896
58308|6939|35133|149020
140627|1299|4230|52654|266493|61625
28917|6939|1299|23520|52228|13335
1299|174|22381|267470|263047|264389
28624|61568|174|201814|209896
6453|1299|6855|39904|47767
15692|2914|12859|47065|61574
50629|20764|52091|44660
56662|34549|174|3130|47065|61574
28917|6939|1299|23520|263703|269820
35266|2914|12859|47065|61574
210312|4601|50869|52025
20932|1299|20473|47065|61574
199524|174|2914|20473|47065|61574
2497|1299|34927|202827
22652|174|2914|20473|47065|61574
12859|6939|29222|41495
6082|174|11432|271150
58308|6939|6830|23520|27665|263222
6424|62255|25308|28917|9049|51017
58308|6939|1299|60051|208293|203214|13335
44324|32595|174|399646|40776
28917|6939|35826
2500|2914|174|5538|8194|29345
327960|174|28283|268744|2716
34927|56655|1299|3223|34224|12735
12637|16276|203019
559|137409|48011|25184|49801|204533
58308|6939|5405|198913
12779|6939|39790
25220|3356|174|20473|47065|61574
47160|174|216211|211575
5405|6939|39790
34854|1299|3223|34224|12735
398465|1299|6204|44592|49581|209693
28917|6939|1299|20473|151674
61049|52025|212895|210320
6424|6939|28917|39134|39561|197695
28917|6939|6830|23520|27665|27789|274008
35600|35598|52091|206810|57460
28917|6939|35826|62815
49544|3356|174|11432|271150
41722|12389|174|3130|47065|61574
7018|1299|29695|206557|208835
4601|50869|52025|201676
174|35598|52091|206810|39558
15562|2914|174|3130|47065|61574
19151|174|1299|6855|39904|47767
36924|1299|3257|210329|215728
28917|6939|1299|20473|396500
58308|6939|1299|36086
57695|917|60068|1299|20473|47065|61574
29222|6939|205005
34019|8218|21320|5408|47065|61574
3130|174|35598|52091|206810|8274
210312|4601|50869|58299|209898|199553|211894
58308|6939|24796
139317|44324|32595|174|42366
28917|6939|1299|60068|204903
41051|58299|21320|5408|47065|61574
3399|5511|174|216211|211575
12389|28917|215730|209693
8218|33891|60068|211571
7720|10111|1299|3920|206777
1273|1299|3920|206777
58308|6939|1299|60068|201207|212238
202365|50673|174|10490|2722|12148|47065|61574
57866|6830|174|60068|205884
4230|174|399697|39967|399697
47147|1299|9002|8772|396416
34177|8455|8283|47065|61574
7018|174|37468|61568|266460|61625
139317|44324|32595|174|3257|835|52025|214223
28917|6939|1299|20473|209300
28917|6939|7018|401671
199524|174|21320|5408|50148
4601|50869|6939|28370|267556
58299|137409|63473|200790
6830|6939|42695
553|1299|3356|28370|268521
22652|1299|17676|216211|44324|205369
57821|12586|3257|174|140227|44324|205369
29222|6939|29670|212520
50673|174|22381|267470|263047|264389
6424|6939|28917|47914
56655|1299|3356|8772|215536
215596|1299|6855|39904
12859|35598|52091|206810|12773
31510|174|1299|20473|47065|61574
1299|56630|209944
7018|6939|58308
8283|6461|394737
58299|174|138997|216211|44324|205369
58308|6939|33891|204038
29222|6939|7018|22056
35008|1299|2914|1916|47065|61574
44393|394256|174|3257|20473|47065|61574
28917|6939|1299|20473|211431
28917|6939|1299|11049
45049|6696|1299|4230|2716
58308|6939|33891|206564
64475|12859|47065|61574
12637|35598|52091|206810|57164
204092|6939|2852|197277
199524|1299|12956|212721
8283|3320|6855|50698
41327|6939|24796|63293
49028|1299|6939|30893|204789
4601|50869|199310|199073
34927|1299|6453|60068|216213|205884
12859|6939|29222|41495|206202
22652|1299|3356|28370|269016
28917|6939|1299|36352|27176|215120
327960|174|14840|269288
44324|32595|174|14960|19551
327727|174|201814|209896
40994|6939|28917|9110
204092|29632|59682
64475|20764|43298|48678|213865
1299|3920|206777
58308|6939|1299|55285
139317|44324|32595|174|16637|36974
28917|6939|56595|209082
58299|9498|20473|47065|61574
1267|1299|6855|39904|47767
6696|1299|174|21320|5408|47065|61574
20205|174|2914|20473|47065|61574
1140|24785|6830|2914|226|47065|61574
198249|9002|197068
7018|6461|394737
6830|9002|12555|3227
47147|3320|1299|1680|20473|47065|61574
12859|7195|11432|271150|272738
3170|60068|211571
57111|41327|6461|7473|38001|25192
42473|1299|3356|28370|268198
57866|1299|4230|2716
210312|4601|50869|6939|2852|213152
58308|6939|1299|60068
40994|6939|28917|12668
31510|174|2914|20473|47065|61574
44324|32595|174|20940
12637|6939|50989|48116
59105|2518|1299|6855|39904
34549|3257|1299|20473|201423
553|1299|3356|28370|264426
56662|28917|215730|209693
8359|1299|20473|399970
44530|6830|60068|216213|205884
577|174|3130|47065|61574
29222|6939|2852|48091
4181|1299|3920|206777
207841|6939|28370|28657
49544|1299|174|210329|215728
1299|16164|36032
210312|4601|8298|25091|1299|10490|2722|12148|47065|61574
58308|6939|29208|209847|26383
16552|1299|6855|39904|47767
28917|6939|1299|8402
42473|1299|35598|52091|206810
15605|6939|33924
44324|32595|174|11172|265625
6730|6830|174|20723|2852|202874
1280|1299|34927|202827
37100|1299|8551|44709
4608|1221|4637|33891|216067|44244
1299|3356|1680|44709
58308|6939|29208|62083
6453|1299|20473|399970
34800|58057|50673|174|3356|28370|28657
210312|4601|50869|58299|209185
47160|6939|33924
4601|50869|212934
553|1299|6762|49666|58224|214805
2497|174|34927|202827
9900|23764|8455|8283|47065|61574
28917|6939|1299|38930|16281
58057|174|35598|52091|206810|24881
6830|6939|200070
12859|7195|20473|47065|61574
56655|1299|8551|44709
4181|1299|3356|8119
42473|1299|5511|60068|206406|210557
35369|1764|174|52468|271150
37100|174|3130|47065|61574
58308|6939|28917|48084
55720|2914|1299|201814|209896
6424|6939|28917|44812
28917|6939|1299|207415
559|8551|44709
14630|2914|1299|20473|47065|61574
6461|1299|21351|60132
553|1299|12956|212721
3170|6939|28917|39134|39561|197695|210550
58308|6939|1299|9584
34927|1299|6204|44592|49581|209693
6696|1299|6855|39904
4637|3356|21320|5408|47065|61574
16552|37100|1299|20473|47065|61574
29222|6939|28917|39153
41327|174|216211|211575
28917|6939|1299|52468|273832
51873|6830|174|60068|197103|212080
151326|174|35598|52091|206810|56915
58299|7195|20473|47065|61574
35426|215596|1299|3356|28370|53079
28917|6939|1299|35777
52025|174|37468|61568|266460|61625
5405|6939|2852|213152
57111|174|1299|34927|202532
35426|215596|1299|4230|2716
12859|1299|174|140227|44324|205369
139317|44324|32595|174|206310
35426|215596|174|52468|262393
13786|174|1299|6855|50698
40994|6939|200303
9002|1299|8551|44709
58308|39801|29222|204957
58308|6939|1299|8240|206844
35600|6939|28370|267556
140627|1299|56630|209944
44324|32595|174|40727
34927|60011|3356|174|20723|2852|202874
4601|50869|52025|213982
34019|6939|50989|48116
28917|6939|62000|198831|212133
559|52320|7162|13878|52468|271150
50628|6453|174|210329|215728
58308|6939|35168|197556|206026
215596|1299|6855|39904|199604
58511|3257|174|20473|47065|61574
50877|5405|6939|2852|199711
58299|62255|52091|206810|196638
58308|6939|8194|206362
210937|1299|198949|35676
49788|1299|7195|20473|47065|61574
15605|6939|25192
28917|6939|39791|49101
58308|6939|1299|16509|14490
148968|7474|7473|1299|198949|35676
2734|63270|174|3356|36207
28917|6939|6830|23520|64126|265695|273867
3701|174|201814|209896
398465|1299|3356|28370|263535|268030
20253|1299|6461|394737
28917|6939|1299|23520|263785
398465|4826|1299|56630|209944
28917|6939|1299|23520|27717|269846
852|174|22381|267470|263047|264389
210312|4601|50869|51087
58308|6939|1299|208905|47962
140627|1299|3356|28370|267556
58308|6939|33891|215606
36924|6762|174|11432|271150
327727|174|35598|52091|206810|211692|214268
58057|174|60068|197103|212080
49788|1299|20473|47065|61574
28917|6939|7018|399611
49028|1299|174|1916|47065|61574
58308|6939|7018|13965
136557|174|1299|12859|47065|61574
12637|1299|8551|20473|47065|61574
58308|6939|1299|37662|329246
28917|6939|1299|20473|211935
35600|35598|52091|206810|39089
28917|6939|1299|52580
28917|6939|1299|28423
44324|32595|174|396949
3130|174|35598|52091|206810|211692|214268|196977
29479|50304|1299|22773|8119
58308|6939|35826|62815
41327|24796|12779|197000
3130|174|35598|52091|206810|48595
58308|6939|7018|1999
8283|3320|6855|39904
58308|6939|1299|20473|215150
58308|6939|8194|29345
47147|1299|3356|28370|53079
7018|1299|34927|202827
16552|1299|6461|394737
12859|1828|12179|393398|3356|1299|23033|50131
58308|6939|50629|207252|215666
57821|12586|3257|174|3130|47065|61574
40994|6939|28917|39238|49392|9098
210312|4601|50869|6939|2852|199711
58308|6939|29208|210631
15935|174|7311|835|394273
28917|6939|1299|43893|209454
3130|174|1916|47065|61574
1403|577|33891|60068|211571
35008|1299|33891|216067|44244
28917|6939|1299|8151|278
58308|6939|60432
209|3356|174|20473|47065|61574
37053|37100|174|140227|44324|205369
28917|6939|6830|23520|265561|270173
5405|44592|49581|209693
60011|3356|174|140227|44324|205369
12307|29691|1299|6855|39904|47767
58299|20473|47065|61574
28917|6939|1299|60068|197103|198234
28917|6939|1299|60068|197103|400883
28917|6939|7018|64230
29222|6939|12735|42216|51722|26383
1221|4637|1299|201814|209896
50629|174|60068|205884
1828|1299|60068|197103|212080
58308|6939|1299|939
28917|6939|1299|8796|967
42541|7195|11432|271150
207841|6939|28917|43714
1299|6939|30893|200690
136557|174|3130|47065|61574
327960|174|35598|52091|206810|59815|25299
209650|34927|9002|21320|5408|47065|61574
44324|32595|174|40092
16552|16260|174|52468|271150
58308|6939|1299|10158
1403|577|1299|6762|49666|58224|214805
559|35598|52091|206810|56915
7594|174|35598|52091|206810|59815|25299
33891|1680|20473|47065|61574
58308|6939|1299|262206
328840|327727|174|1299|8551|44709
28917|6939|1299|12252|272111
1299|174|204548|215728
41327|6939|28370|267608
1299|12956|212721
139317|44324|32595|174|4538
199938|1299|198949|35676
58308|35598|52091|59815|25299
5413|1299|3257|204548|215728
34927|6830|60068|211571
16552|1299|3356|8772|215536
12779|6939|393682
28917|6939|1299|20473|401466
58057|50673|33891|34927|202532
58308|6939|1299|60068|212238
60011|3356|1299|20473|47065|61574
5713|174|12956|212721
6424|37468|53062|266493|61625
209650|34927|1299|3356|28370|263535|268030
553|1299|3356|28370|263963
6720|1853|20965|5408|47065|61574
20764|174|1299|3920|206777
3399|5511|1299|34927|202532
210312|4601|50869|6939|25192
6453|174|210|47065|61574
15605|6939|28370|263535
44324|32595|174|207866
199938|1299|3257|19318|209896
3491|1299|20473|399970
13830|971|174|35598|52091|206810|48687
2027|47160|6939|28370|264426
58308|6939|47160|214390
9002|1299|17676|216211|211575
6830|174|140227|44324|205369
23764|3356|174|1916|47065|61574
48362|1299|20473|201423
207841|7195|20473|47065|61574
22652|1299|6855|39904|47767
29222|6939|29670|59645
28917|43350|60503|268746|61625
29222|6939|6424|46516
327960|174|35598|52091|44660
680|1299|34927|202532
8280|6762|174|11432|271150
25160|1299|6855|39904|205968
215596|174|56630|209944
6424|6939|2852|210498
3356|174|216211|211575
6424|6939|28917|48084
28917|6939|1299|20473|45275
28917|6939|200462|213579
58308|6939|6830|23520|64126|273917
58308|6939|1299|31242
49028|1299|3356|28370|268198
34800|58057|50673|174|3257|60068|206406|210557
4601|50869|34019|51306
7660|2516|1299|174|20473|47065|61574
58299|7195|11432|271150|272738
58308|6939|29222|207688
62167|174|210329|215728
58308|6939|25192|29067
20514|1299|3356|28370|28657
12637|6939|200303
205206|1299|3257|60068|206406|210557
2914|1299|6855|39904|47767
60326|34872|24961|1299|174|37468|61568|266460|61625
7713|174|10490|2722|12148|47065|61574
4601|50869|56381
5405|6939|2852
137409|6461|1299|3920|206777
41327|266493|61625
21232|13030|1299|201814|209896
202365|50673|174|216211|211575
174|6762|1680|44709
25220|1299|8551|44709
28917|6939|1299|20473|134666
3170|6939|28917|50045
12779|6939|28370|267608
198385|174|22381|267470|263047|264389
28917|6939|62000|208226|205778
58299|7195|28343|2716
28917|25091|8298|4601|4492
262427|174|35598|52091
32590|1299|3223|34224|12735
28917|6939|56595|207067
44324|32595|174|267784
57695|917|60068|174|216211|44324|205369
2497|174|14840|269288
29222|6939|2852|197451
210312|4601|6939|28917|39238|51408
328840|327727|174|35598|52091|206810|211692|214268|196977
58308|6939|7018|394102
58308|6939|12859
15935|174|210329|215728
6423|20055|1299|29695|206557|204503
398465|4826|1299|201814|209896
35710|3320|33891|216067|44244
28917|6939|1299|11172
28917|6939|1299|20473|153185|149510
12637|35598|52091|48158
57866|5511|174|52468|271150
28917|20764|52091|206810|214210
59689|30781|1299|20473|47065|61574
34927|9002|21320|5408|47065|61574
5713|174|10490|2722|12148|47065|61574
58308|21351|60132
5405|20764|52091
59414|6830|6453|29208
12859|7195|28343|2716
6667|1299|20473|47065|61574
6424|6939|50989
1140|24785|1299|8551|20473|47065|61574
139317|44324|32595|174|46455|12056
20130|23352|2914|174|21320|5408|47065|61574
29222|6939|50629
28917|6939|273556
7018|6939|28370|267608
59105|2518|1299|174|37468|61568|266460|61625
6424|6939|28917|201119
35600|4601|4492
28917|6939|28370|270962
23367|1299|29695|206557|205190
513|29222|6939|8943|43915
207841|6939|200303
28917|8298|4601|4492
28917|6939|1299|7843|11427|54201
34927|1299|174|60068|216213|205884
34800|58057|50673|174|1299|20473|47065|61574
2516|3356|21320|5408|47065|61574
57866|1299|10490|2722|12148|47065|61574
58308|59689|29075|12859|47065|61574
139317|44324|32595|174|16276
28917|6939|1299|7843|11426|26450
50628|1299|8551|20473|47065|61574
513|174|1299|20473|399970
4601|50869|41051|209552
34854|34927|202532
14630|1299|201814|209896
6762|174|32595|44324
12859|1299|6453|29208
17350|2914|174|3130|47065|61574
28917|6939|1299|16509|8987
8283|6939|28370|268521
28917|6939|61618|268364
7594|174|34927|202827
6082|2914|1299|8551|44709
28917|6939|1299|20473|133555
215596|1299|12859|47065|61574
20612|9044|1299|12956|212721
42473|1299|12956|212721
28917|6939|1299|3225|50475
48070|6939|50989|50683
5413|1299|56630|209944
58308|6939|1299|3223|214673
20514|1299|21351|60132
21232|13030|1299|6453|19318|201813
139317|44324|32595|174|398439
48070|1299|6453|19318|209896
15547|3303|174|20473|47065|61574
8283|20764|52091|206810|196767
34549|1299|37468|270551|263047
6424|6939|29222|41495
148968|7474|3257|1299|20473|201423
210312|4601|6939|28917|48084|59833
20253|1299|3223|34224|12735
28917|6939|1299|9584
3214|1299|174|140227|44324|205369
34872|24961|8283|47065|61574
52873|12956|174|60068|205884
60068|174|210329|215728
513|174|210329|215728
20253|1299|5511|49666|58224|214805
559|6939|393682
17639|174|60068|205884
58308|6939|1299|23379|267700|269965|266815
28917|6939|1299|60068|917|969
12859|6939|50989|50683
58511|1299|60068|216213|205884
58308|6939|12735|42216|51722|26383
15935|33891|44592|49581|209693
37053|37100|1299|8551|44709
2497|1299|23764|35168|212999
398465|1299|25091|8298|4601|4492
25091|28917|215730|209693
398465|7922|1299|20473|47065|61574
60068|174|11432|271150
559|6939|30893|13214
28917|6939|1299|21559|271945|269931|272015
16347|1299|12956|212721
9002|1299|56504|47674
58057|174|138997|216211|44324|205369
44324|32595|174|63293
7594|174|140227|44324|205369
28917|6939|1299|35207
28917|6939|47160|203062
55222|174|3257|19318|201813
174|2914|20473|201423
174|35598|52091|206810|213694
139317|44324|32595|174|393857
398465|1299|3356|28370|263060
8220|3491|174|35598|52091|206810
44324|32595|174|19982
139317|44324|32595|174|42366|212799
210937|1299|6762|49666|58224|214805
3399|5511|174|399697|39967|399697
57111|174|1916|47065|61574
36924|1299|60068|197103|212080
35600|6939|60432
58057|50673|174|60068|211571
37721|174|3130|47065|61574
28917|6939|1299|20473|137264
6424|6939|28917|8926|200019|48753
44324|32595|174|201050
139317|44324|32595|174|397301
1299|7195|28343|2716
58308|6939|7018|2386|30313
15576|174|1916|47065|61574
58308|6939|215782
398465|174|52468|271150
139317|44324|32595|174|54804
28917|6939|1299|23379|10617
7594|174|35598|52091|206810|196638
8283|20764|52091|206810
42541|29632|59682
139317|44324|32595|174|205148
28917|20764|52091|206810|196638
57111|41327|20764|43298|48678|210574
174|1299|6855|50698
58308|6939|1299|23118
3257|5405|8943|200636
327727|174|35598|52091|206810|213694
34288|174|52468|271150
28917|6939|1299|20473|397244
553|1680|44709
52025|137409|48011|25184|49801|204533
3491|174|22381|267470|263047|264389
55222|174|6762|49666|58224|214805
50629|8551|44709
34019|47160|174|210329|215728
60326|206499|34549|174|140227|44324|205369
57381|50304|1299|3356|28370|263535|268030
58308|6939|1299|14080|10620
28917|6939|30893|199580
13030|1299|174|14840|269288
174|13786|28343|2716
28917|6939|1299|30600|3801
8283|6939|215172|214955
8660|1267|1299|5511|60068|206406|210557
34019|14840|269288
4601|7195|11432|271150|272738
8298|25091|1299|3223|41327
34177|3356|1299|20473|399970
2914|174|21320|5408|47065|61574
13030|1299|6453|29208
35008|1299|12859|47065|61574
1299|6453|4755|7768
13030|1299|6453|4755|7768
29222|6939|48678|213407
29222|6939|35168|197556|206026
210312|4601|50869|41051|203852
6830|6939|28917|48084|59833
58308|6939|56595|43442
6830|6939|24796|63293
3257|1299|198949|35676
44324|32595|174|54419
37497|3491|174|1916|47065|61574
327960|174|35598|52091|206810
8298|33891|216067|44244
20253|1299|13335|400095
12779|6939|59970
17660|6453|174|20723|2852|202874
35280|6453|174|11432|271150
28917|6939|1299|3223|58744
12969|1299|6855|39904
50304|2603|21320|5408|47065|61574
42541|8551|44709
20253|1299|3356|28370|267608
17639|1299|60068|197103|212080
28917|6939|1299|7843|11351|7828
1140|24785|6830|3356|28370|53079
1299|7195|28189|266931|271615|273522|271150
199524|3356|21320|5408|47065|61574
39351|174|3257|19318|201813
3170|1828|13789|30372|3356|174|393216
47692|33891|8551|44709
577|1299|8551|44709
48185|1299|7545|20473|47065|61574
20932|174|52468|271150
58308|6939|1299|14080|270018
55222|1299|29695|206557
21232|13030|1299|6453|19318|209896
40994|57463|41327|206182
17350|2914|174|5538|8194|29345
210937|1299|174|204548|215728
25152|2914|174|210329|215728
174|35598|52091|206810|211692|214268|197578
23367|1299|3356|28370|267608
8283|2914|62240|205479
136557|174|37468|270551|263047
29222|6939|47160|203698|206967
58308|6939|263047|264923
55720|3491|174|399697|39967|399697
28917|6939|1299|52468|264637
207841|6939|2852|212876
20932|1299|6855|39904
148968|1299|174|210329|215728
174|35598|52091|206810|34786
8283|6939|42695|43101
37497|3491|1299|20473|47065|61574
58308|6939|1299|56655|216321
20485|174|3257|21034
22652|1299|198949|35676
132825|174|35598|52091|206810|35273
398465|1299|3257|210329|215728
327960|174|28189|266931|271615|273522|271150
14907|1299|10490|2722|12148|47065|61574
327983|37497|174|204548|215728
198385|29075|12859|47065|61574
29222|6939|200070
6908|61049|52025|212895|210320
28917|6939|2852|213152
210312|4601|50869|6939|16652
41722|20485|1299|6855|39904|199604
29504|39392|174|1299|198949|35676
64475|6939|2852|212876
3130|174|35598|52091|206810|211101
12969|1299|6762|267470|263047
2518|1299|60068|216213|205884
58308|6939|1299|36352|399122
29222|6939|47536|213370
8529|1299|10490|2722|12148|47065|61574
40994|6939|28370
8529|28917|215730|209693
58299|62255|62379
16552|1299|6855|39904|199604
37053|37100|174|5538|8194|29345
12350|1299|3356|28370|268521
2027|35280|6453|174|399697|39967|399697
917|60068|1299|20473|201423
58308|6939|1299|31898
58308|6939|29670|213674
29222|6939|8194|201547
47147|1299|37468|53062|266493|61625
28917|6939|1299|59796|39010
394256|174|2914|226|47065|61574
63927|1299|6855|39904
41327|6939|30893
3491|174|37468|61568|266460|61625
13830|971|174|1299|6855|50698
58308|6939|50629|207252|197634
15576|3356|21320|5408|47065|61574
19653|30600|174|399697|39967|399697
24516|3491|5405|8943|200636
15935|174|35598|52091|206810|213694
553|174|3130|47065|61574
28917|6939|1299|23520|262202|52392
553|14840|269288
12350|1299|174|22381|267470|263047|264389
12637|6939|28370|268198
15562|2914|174|20473|47065|61574
42473|1299|3356|16735|273514
50628|52025|212895|210320
34854|1299|1680|20473|47065|61574
28917|6939|1299|20473|211721
58308|6939|1299|42615|398338
139317|44324|32595|174|36436
35600|35598|52091|206810|50204
1299|6939|24796|63293
58308|6939|6830|23520|11556|52336
3170|6939|28917|6789
1299|3356|20473|47065|61574
58308|6939|6830|23520|272935|274105|274027
34800|58057|50673|174|3257|22773|8119
174|1299|20473|201423
58308|6939|29208|60218
209|3356|1299|198949|35676
1299|3356|28370|53079
327960|174|3356|28370|268521
58308|6939|50629|3624
151326|174|3356|16735|2716
174|35598|52091|206810|196638
4601|50869|199310|215172
204092|6939|42695|43101
209|3356|1299|6855|39904
29222|6939|42184|43397
2734|52320|7162|13878|52468|271150
199524|174|6461|394737
58308|6939|205614
12779|35598|52091|206810|34786
58308|6939|1299|7632|150923
50877|5405|6939|28370|267556
23352|2914|12859|47065|61574
58308|6939|1299|6424
4601|50869|13335|400095
48070|6939|28370|264426
29222|6939|42184|204702
3701|174|35598|52091|206810
12350|1299|6855|39904|47767
44324|32595|174|211083
48070|6939|28917|24651|39900
25160|174|140227|44324|205369
12637|6939|25192
29691|1299|8551|44709
12859|6939|29222|204957
7018|2914|226|47065|61574
4601|6939|28917|6789
47147|3320|1299|13335|400095
28917|6939|1299|23520|262191|264653
210937|6830|3257|21034
34800|58057|50673|174|210329|215728
20253|1299|3356|1680|44709
16552|1299|3356|16735|273514
4764|174|16276|203019
199524|1299|13335|400095
209823|3356|174|140227|44324|205369
139317|44324|32595|174|396278
559|37468|270551|263047
328840|327727|174|3356|16735|273514
58308|6939|268047
327727|174|35598|52091|206810|56915
44324|32595|174|7203
1299|3356|28370|264426
29222|6939|268624
19151|174|14840|269288
5405|62255|52091|206810|211692|214268
2497|1299|6855|50698
210937|1299|6204|44592|49581|209693
23352|2914|174|20473|47065|61574
34927|1299|2914|226|47065|61574
28917|6939|1299|200107
28917|6939|263047|268105
204092|6939|25192|26710
48070|6939|30893|200690
559|35598|52091|206810|48595
23352|2914|174|21320|5408|47065|61574
3491|174|11432|271150|272738
32590|137409|174|210|47065|61574
17350|6453|1299|33891|216067|44244
29222|6939|61618|267443
151326|174|3356|28370|268521
199524|137409|12859|47065|61574
28917|6939|1299|35908
3399|47311|150249|153176
55720|2914|1299|6939|24796|63293
6424|6939|28917|6789|201069|207979
29222|6939|268944
37739|3491|1299|12859|47065|61574
58308|6939|7018|19106
60068|5511|1299|198949|35676
13830|971|174|35598|52091|206810|211692|214268
327727|174|35598|52091|206810|214721|204108
14907|1299|33891|216067|44244
58308|6939|1299|41564
49028|1299|37468|53062|266493|61625
12956|174|21320|5408|47065|61574
16552|6453|174|28189|266931|271615|273522|271150
48362|1299|6204|44592|49581|209693
34927|1299|6762|267470|263047
2914|174|20473|47065|61574
139317|44324|32595|174|207096
1299|60068|211571
11039|6461|174|210329|215728
559|35598|52091|206810|12773
28917|6939|47787|203020
13030|1299|201814|209896
28917|6939|9120
48070|6939|2852|204772
7594|174|35598|52091|206810|59867
36924|1299|33891|216067|44244
132847|7474|7473|1299|20473|47065|61574
28917|6939|32097|11867
204092|6939|28917|50045
136557|174|35598|52091|206810|202279
22652|1299|17676|216211|211575
28917|6939|1299|20115|400985
198385|174|52468|271150
29222|6939|207767
33891|29632|59682
37468|3257|174|3130|47065|61574
48185|1299|6461|210|47065|61574
132825|174|3257|28917|215730|209693
4601|6939|28917|47759
15576|174|140227|44324|205369
49605|6762|3356|21320|5408|47065|61574
50629|215551|30893|204789
1299|174|37468|61568|266460|61625
2516|1299|29695|206557|205190
1403|577|1299|1680|20473|47065|61574
28917|6939|1299|44180
398465|174|60068|216213|205884
58308|6939|1299|32097|33387
28917|6939|1299|14080|3573
28917|6939|1299|199610
34800|58057|50673|174|10490|2722|12148|47065|61574
139317|44324|32595|174|53667|205398
58308|6939|1299|57811|201029
32590|1299|60068|216213|205884
39122|1299|3356|28370|268521
7018|6939|2852|201648
48185|1299|3491|216211|211575
196621|6939|28917|6789
6424|62255|62379
8220|1299|6453|19318|209896
139317|44324|32595|174|91
25091|6453|174|20473|47065|61574
3356|174|60068|205884
196621|15576|174|210|47065|61574
34854|1299|7195|28343|2716
57695|917|60068|1299|56630|209944
16552|2914|1299|35598|52091|206810
58299|61568|266460|61625
3356|174|11432|271150
23352|2914|1299|20473|47065|61574
44324|32595|174|13335
28917|20764|52091|206810|59867
6908|174|11432|271150
139317|44324|32595|174|395301
136557|174|32595|44324
58308|6939|1299|46261|46978
14907|1299|12956|212721
28917|6939|1299|14178|21433
44324|32595|174|35986|30612
28917|6939|1299|3223|5605
58308|6939|1299|47768
1403|577|1299|10490|2722|12148|47065|61574
20912|174|35598|52091|206810|59815
8283|6939|29222|41495|206202
51519|39351|174|60068|216213|205884
1273|174|21320|5408|47065|61574
6830|6453|4230|2716
210312|4601|6939|28917|21453|199933
47147|1299|3356|28370|268521
49605|6762|174|11432|271150
29222|1299|6855|39904|47767
42541|1299|12956|212721
58308|6939|56595
57111|41327|21351|60132
47692|33891|20473|47065|61574
210312|4601|50869|58299|209898|211894
29479|50304|1299|6855|39904|199604
328840|327727|174|6453|29208
28917|6939|1299|23520|264821|274129
28917|6939|1299|20473|212034
210312|4601|50869|41051|209552
204092|6939|28917|47759
1764|174|210329|215728
263237|174|34927|202827
210312|4601|50869|6939|59970
8283|20764|52091|206810|8274
139317|44324|32595|174|36352
8529|1299|17676|216211|44324|205369
135895|137409|174|204548|215728
139317|44324|32595|174|272102|273011
12779|174|22381|267470|263047|264389
20932|1299|8551|44709
41666|20764|52091|206810|35273
1299|20473|47065|61574
136557|174|35598|52091|206810|39089
1280|1299|3223|34224|12735
6057|6461|1299|20473|47065|61574
57695|917|60068|1299|9002|8772|396416
327727|174|35598|52091|206810|24881|24697
1299|3356|28370
12956|1299|56630|209944
1299|6453|19318|201813
204092|37468|53062|266493|61625
204092|6939|200303
8280|6762|174|20473|47065|61574
136557|174|35598|52091|206810|8274
7594|174|35598|52091|206810|8274
12637|6939|30893|13214|35634
139317|44324|32595|174|399646|54591
57381|50304|1299|3356|28370
28917|6939|1299|23520|267823|270003
29222|6939|62000|198831|207466
58308|59689|29075|174|3257|21034
35600|6939|25192|20701
35600|35598|52091|59815|25299
12779|6939|29222|207688
28917|6939|1299|16509
12969|1299|8943|200636
58308|6939|1299|60068|216213|215568
559|20473|47065|61574
139317|44324|32595|174|32505|62917
58308|6939|1299|397774
20080|2914|1299|6855|39904|202605
28634|4230|1299|29695|206557|208835
28917|6939|1299|60068|197103|270475
15605|35598|52091|206810|12773|211692|196629
31510|174|3356|8119
51184|47692|33891|266493|61625
38001|3491|174|8551|20473|47065|61574
12969|1299|174|210329|215728
15605|6939|30893|205563
136557|174|1916|47065|61574
34549|1299|6855|39904|47767
20253|1299|29695|206557|204503
205206|1299|6762|16735|273514
58308|6939|1299|3308
35600|6939|196610
23367|1299|60068|197103|212080
28917|6939|1299|14041|194
12859|1299|174|20473|47065|61574
2497|174|60068|197103|212080
34177|1299|6453|19318|201813
15605|35598|52091|206810|34786|34789|34786
58308|6939|1299|263444
29222|6939|35133|149020
48070|6939|2852|210498
29222|6939|56595|202590
35008|1299|7195|28189|266931|269250|271150
23764|3356|1299|20473|47065|61574
42473|1299|174|22381|267470|263047|264389
20514|1299|6453|19318|209896
47147|1299|2914|226|47065|61574
210937|1299|56630|209944
12637|35598|52091|206810|59867
28917|6939|1299|3223|214673
44324|32595|174|213035
6730|6830|13335|5408
139317|44324|32595|174|15695
9002|3356|174|3130|47065|61574
28917|6939|1299|20473|213447
3491|174|20473|47065|61574
140627|1299|6461|394737
35008|1299|3356|1680|44709
8758|3303|21320|5408|47065|61574
2497|1299|6855|39904
328840|327727|174|399697|39967|399697
17350|3356|174|3130|47065|61574
28917|6939|1299|7195|53065|267003|269093
205112|50629|6939|24796
8660|1267|33891|60068|211571
57111|174|10490|2722|12148|47065|61574
35426|215596|174|210329|215728
58308|6939|1299|400513
28917|6939|1299|21277|212692|208293|50597
22652|1299|6855|39904|199604
23764|1299|8551|20473|47065|61574
20080|2914|1299|6855|50698
6453|174|140227|44324|205369
202365|50673|174|210329|215728
20514|1299|3356|28370
58308|6939|3170|205739
12859|35598|52091|206810|202497
8283|7195|20473|47065|61574
12637|6939|58308
50304|1299|21351|60132
57695|917|60068|1299|6855|39904|202605
4601|50869|213423
9002|6830|60068|216213|205884
6830|3491|209810|207187|207198
210937|1299|6453|19318|209896
6830|7195|28343|2716
199524|174|21320|5408|47065|61574
205206|1299|6855|39904|47767
28917|6939|15935|197451|201931
28917|6939|263047|264389
8455|28917|215730|209693
28917|6939|1299|52468|269955
7018|3257|60068|206406|210557
57381|50304|1299|3356|28370|263535
35008|1299|6453|19318|201813
44324|32595|174|210743
6830|3491|209810|207187|204943
12779|7195|28189|266931|271615|273522|271150
29222|6939|15935|197451|201931
35600|9002|917|214598
13237|5405|266493|61625
207841|6939|29222|513|21449
262427|174|35598|52091|206810|214721
3333|12859|3223|34224|12735
47311|150249|212001|205018
28917|6939|1299|20473|52025
5511|1299|198949|35676
23473|174|37468|61568|266460|61625
58308|6939|7018|22715
47147|1299|20473|30893
9002|3356|174|20473|47065|61574
28917|6939|1299|20473|206946
151326|174|7311|835|394273
4601|50869|54148
36924|6762|174|11432|271150|272738
24961|1299|10490|2722|12148|47065|61574
12859|35598|52091|206810|202279
28917|6939|1299|396253
8283|7195|11432|271150|272738
58308|6939|553|204680|208974
8283|23764|35168|212999
28917|6939|1299|197205
58308|6939|1299|270122|270111
20253|1299|13335|5408
39351|174|3257|60068|206406|210557
3399|5511|1299|6855|39904
28917|6939|1299|8151|270219
48200|1273|174|3130|47065|61574
47957|3356|1299|20473|399970
57821|12586|3257|174|20473|47065|61574
41327|174|20473|47065|61574
49544|1299|174|60068|205884
2914|174|60068|216213|205884
559|6939|58308
2027|49434|33891|216067|44244
49432|48362|2603|21320|5408|47065|61574
44324|32595|174|31775
59890|174|201814|209896
11039|6461|1299|20473|47065|61574
4601|50869|6939|2852|202874
4601|50869|52025|51939
28917|8359|57304|15935|198143
174|1299|22773|8119
22652|174|20723|2852|202874
31742|1299|6453|29208
28917|6939|1299|207265
3130|174|210329|215728
40994|57463|41327|197825
3170|60068|206406|210557
34549|1299|10490|2722|12148|47065|61574
19151|174|20723|2852|202874
139317|44324|32595|174|25509
28917|6939|1299|6855|202876
30844|5511|2914|12859|47065|61574
39122|174|20473|47065|61574
210312|4601|50869|41051|216339
28917|6939|1299|52468|269853
327960|327782|37100|174|216211|211575
44324|32595|174|11900
47147|1299|174|204548|215728
971|174|52468|271150
271253|6453|1299|34927|202532
7474|3257|174|8551|20473|47065|61574
28917|6939|1299|20473|207890
58308|6939|199095
4601|50869|34019|204092|208567
6424|6939|196610
50131|174|1299|8551|44709
58308|32787|202161
25152|2914|12859|47065|61574
58308|6939|1299|21277|210767
139317|44324|32595|174|401429
32590|1299|3356|28370|53079
52025|174|3356|28370|28657
6453|1299|3920|206777
6830|174|138997|216211|44324|205369
58308|6939|6830|23520|52286
37239|37468|174|6453|29208
262427|174|35598|52091|206810
559|9002|12555
204092|6939|28917|47478
58308|35598|52091|206810|59867
48070|6939|28917|21453|48149
559|6939|28370|52593
3170|6939|28917|21453|199933
210312|4601|50869|208453
53828|3257|33891|216067|44244
8220|1299|174|37468|61568|266460|61625
199524|1299|17676|216211|211575
48070|6939|28917|8926|200019|48753
28917|6939|25400|3292|208202
58308|6939|1299|29802
15576|174|210329|215728
58308|6939|1299|3223|58744
35280|1299|10490|2722|12148|47065|61574
1273|174|3130|47065|61574
5405|6939|28370|52593
52025|174|28189|266931|269250|271150
34549|1299|12859|47065|61574
20253|1299|42303|51701|30893
209|3356|174|60068|205884
1764|174|5538|8194|29345
58308|6939|28917|9110
35008|1299|6461|210|47065|61574
41327|6939|28370|267556
3356|1299|6855|50698
394256|174|37468|53062|266493|61625
25091|5511|174|140227|44324|205369
3170|64049|174|55410|141549
39351|1299|198949|35676
35600|6939|2852|204772
58308|6939|1299|28428
28917|6939|6830|23520|273189
7500|2497|174|52468|271150
64475|3320|1299|17676|216211|44324|205369
210312|4601|50869|58299|206478
971|174|35598|52091|206810
9002|1299|20473|399970
28917|6939|1299|32798|16716
34927|56655|1299|21351|60132
28917|6939|1299|9299|10139|17796
58308|6939|5405|29014
9044|1299|5511|60068|206406|210557
49788|1299|3356|28370|263060
58308|6939|6830|23520|267713
3356|174|60068|216213|205884
58308|6939|3170|201579
6762|1299|6855|39904|199604
2914|5405|8943|200636
2914|174|204548|215728
7018|3257|20473|47065|61574
15692|2914|174|20723|2852|202874
29504|39392|33891|1680|20473|47065|61574
23673|3491|174|35598|52091|206810
559|3320|6855|39904
6830|6939|28917|43714
50304|1299|6855|39904|205968
50629|6461|6057|28283|268744|2716
3303|33891|216067|44244
1273|2914|12859|47065|61574
8283|20764|52091|206810|12773|44884
28917|6939|1299|60068|197103|268918
44324|32595|174|54804
28917|6939|1299|23487
16552|1299|20473|201423
207841|6939|30893|200690
60011|3356|1299|20473|399970
24961|1299|1680|20473|47065|61574
199524|1299|3356|8772|215536
30781|1299|8551|44709
327983|37497|174|3356|28370|28657
28917|6939|1299|52468|23031
36924|1299|6855|39904
132825|174|35598|52091|206810|197643
196621|6939|30893|199580
8283|33891|216067|44244
140627|2914|12859|47065|61574
3701|3356|1299|6855|39904|202605
58308|59689|29075|174|3130|47065|61574
44324|32595|174|30567
40994|13335|5408
3170|6939|2852|61110
29222|6939|29208|206785
49432|48362|1299|201814|209896
559|37271|20473|47065|61574
58308|6939|50989|205966
971|174|6453|19318|209896
24785|6830|2914|226|47065|61574
58308|6939|6424|39384
20514|1299|3356|16735|273514
35710|3320|1299|60068|197103|212080
8218|6461|174|140227|44324|205369
28917|8359|57304|209693|207567
52025|174|3356|8119
139317|44324|32595|174|207234
50673|174|6461|394737
852|174|5538|8194|29345
1031|999|6453|174|10490|2722|12148|47065|61574
16552|1299|3356|216211|211575
28917|6939|1299|20473|399976
328840|327727|174|32787|202161
28917|6939|1299|30823
58308|6939|63290
4601|6939|28917|24651
60068|33891|8298|4601|4492
28917|6939|1299|15830|3819
20130|23352|2914|12859|47065|61574
58308|6939|6830|23520|263703|269928
139317|44324|32595|174|53667|14956
51184|1764|174|201814|209896
7713|1299|3356|16735|2716
6696|1299|34927|202827
49028|1299|34927|202827
132825|174|12389|49666|205647|49801|204533
58308|6939|6830|23520|27665
12779|6939|28370|263535
196621|6939|196610|48927
23367|1299|10490|2722|12148|47065|61574
5405|6461|394737
6720|1764|174|20473|47065|61574
210312|4601|50869|58299|206470
39351|174|216211|211575
34288|1299|8551|20473|47065|61574
57866|1299|37468|270551|263047
8298|8283|2914|20473|47065|61574
34800|58057|50673|174|7311|835|394273
21232|13030|1299|8551|44709
199524|1299|3356|28370|269016
48070|1299|35598|52091|206810
28917|56630|209944
50628|6453|174|11432|271150|272738
28917|6939|1299|41564
398465|3320|1299|8551|44709
44324|32595|174|19237
50673|33891|216067|44244
204092|6939|54429
12637|1299|7195|20473|47065|61574
28917|6939|1299|14080
28917|6939|1299|12025|40289
7594|174|37468|61568|266460|61625
48070|1299|6762|267470|263047
4601|8298|25091|1299|198949|35676
15935|174|3356|8119
29504|15935|174|3257|60068|206406|210557
60326|34872|24961|21320|5408|47065|61574
58308|6939|1299|35908
28917|6939|6830|23520|272935|273948|274204
174|138997|216211|44324|205369
41722|12389|174|60068|216213|205884
6894|174|37468|270551|263047
4826|1299|8551|20473|47065|61574
139317|44324|32595|174|59402
12969|1299|3356|28370|269016
139317|44324|32595|174|16921
35598|174|204548|215728
46450|33891|216067|44244
12637|6939|50989|50683
3491|174|34927|202827
29222|13335|5408
328206|37739|3491|174|8551|20473|47065|61574
49432|48362|1299|3356|28370|267608
139317|44324|32595|174|22908
6424|6762|2914|12859|47065|61574
139317|6939|1299|20473|47065|61574
29222|6939|35489
28917|6939|207992
58308|6939|6830|23520|265561|270173|63293
1031|999|6453|174|21320|5408|47065|61574
21232|13030|1299|6453|1031|61568|266460|61625
50629|8298|4601|4492
58308|6939|29670|47496
3170|9304|136237|174|137995|136237
20253|1299|7195|11432|271150
204092|30781|3356|174|20473|47065|61574
58308|6939|1299|212582
37105|37662|1299|8551|44709
58308|6939|1299|37468|270553
139317|44324|32595|174|14522
204092|6939|200070
204092|30781|1299|20473|47065|61574
48070|6939|29222|207688
45049|6696|1299|174|216211|211575
29222|6939|29208|205400
13786|3356|21320|5408|47065|61574
8283|6762|52468|271150
8529|1299|12956|212721
29222|6939|29208|209135
58308|6939|553|212522|13335
29222|174|52468|262393
132825|174|14840|2716
32590|174|52468|271150
198249|9002|12555
139317|44324|32595|174|48266
28917|6939|1299|208905|212616|215283
139317|44324|32595|174|40092
34927|1299|3356|8119
210312|4601|8298|25091|1299|198949|35676
971|174|30844|21351|60132
28917|6939|30893|13214
58308|6939|3170|213692
50629|6939|24796
210937|1299|60068|197103|212080
44324|32595|174|200315|57568
6696|1299|34927|202532
35008|1299|174|60068|205884
37239|37468|174|399697|39967|399697
58308|6939|1299|32270
7018|6939|59689
16552|3257|174|60068|216213|205884
6730|6830|3356|28370|268521
327727|174|56630|209944
60011|3356|174|20723|2852|202874
28917|6939|1299|213138|202169
210312|4601|50869|52025|212895|402182
50673|174|7311|835|394273
264479|6762|1299|29695|206557|208835
559|35598|52091|206810|211692|214268|196977
58308|6939|7018|26830
28917|6939|1299|20473|62766
29222|1299|34927|202827
23367|1299|23764|35168|212999
44324|32595|174|53667|202256
48070|6939|15372
23764|3356|1299|12859|47065|61574
327727|174|3356|28370|28657
262427|174|3257|60068|206406|210557
58308|6939|1299|202045
5413|1299|6453|1031|61568|266460|61625
25160|1299|20473|47065|61574
49432|48362|1299|174|1916|47065|61574
6894|174|6453|4755|7768
41327|174|5538|8194|29345
58308|6939|1299|39869|59491
6730|6830|174|52468|262393
58308|6939|6830|33915|209390
559|35598|52091|206810|12773|52213
16552|1299|6762|16735|273514
20514|1299|37468|52468|262393
29222|6939|3170|965
28917|6939|1299|20473|216301
7713|174|2914|226|47065|61574
5413|1299|56504|47674
48070|6939|28370|270962
51873|6830|1299|198949|35676
3701|3356|1299|8551|44709
5392|3356|1299|22773|8119
28917|6939|204310
139317|44324|32595|174|52580
14537|52925|3356|1299|6855|39904|47767
2027|47160|6939|28370|270962
4775|6453|1299|29695|206557|204503
327983|37497|3491|174|20473|47065|61574
49788|1299|3356|28370|267608
44393|394256|174|37468|53062|266493|61625
20080|2914|1299|35598|52091|206810
20932|1299|6453|1031|61568|266460|61625
4775|4637|33891|216067|44244
58308|6939|15935|197451|201263
28917|6939|1299|23520|270068
151326|174|34927|202827
28917|6939|1299|211181
28917|6939|7018|35980
196621|6939|28370|264426
139317|44324|32595|174|209847
14907|1299|174|216211|211575
50131|174|8551|20473|47065|61574
36924|1299|3356|21320|5408|47065|61574
1140|24785|6830|3356|28370|263535|268030
559|35598|52091|206810|5598
51519|39351|174|3257|19318|209896
8283|3491|60068|206406|210557
23367|1299|3356|28370|263535|268030
20514|1299|5511|60068|206406|210557
16552|1299|8551|44709
6696|1299|174|60068|205884
20253|1299|29695|206557
327804|37271|174|140227|44324|205369
9930|1299|33891|216067|44244
7594|174|35598|52091|206810|59815
207841|6939|28917|6789|200702
50629|6939|28370|267556
14537|174|60068|205884
51519|39351|6830|60068|216213|205884
8283|20764|52091|206810|211101
8283|6939|196610|48927
40994|57463|41327|60530
58308|6939|1299|1759|51188
12350|1299|3356|8119
58308|6939|1299|1759|29422
12859|20473|47065|61574
6424|6939|28917|20985
42541|62255|52091|206810|196638|42702
28917|6939|1299|20473|197992
3170|13335|400095
40994|6939|28917|197078
51873|6830|3257|20473|47065|61574
23367|1299|17676|216211|211575
58308|6939|1299|26073|205479
34854|1299|6855|39904|47767
37697|3491|174|16276|203019
132337|1299|3257|20473|47065|61574
559|6939|30893
58308|6939|1299|18678
50629|49434|212815|52053
28917|6939|1299|58317
24516|174|3257|21034
2500|2914|1299|198949|35676
28917|20764|52091|206810|59815
44324|32595|174|12222
4601|50869|58299
12859|6939|54429
263237|174|210329|215728
36924|1299|3257|60068|206406|210557
39351|1299|3223|41327
29632|9002|1299|198949|35676
58308|6939|1299|20473|207615
35369|1764|1299|198949|35676
58308|6939|268944
29222|174|60068|216213|205884
139317|44324|32595|174|4058
40387|1299|25091|8298|4601|4492
559|28283|268744|2716
1299|2914|226|47065|61574
50304|1299|8551|44709
9268|4764|174|52468|262393
8758|8220|1299|20473|399970
139317|44324|32595|174|27988|271949
328964|23764|1299|35598|52091|206810
57777|8298|8283|3491|209810|207187|207242
58308|6939|1299|20473|150184
49028|35280|6453|174|11432|271150|272738
37271|174|28189|266931|271615|273522|271150
8283|6939|50989|48116
47147|6461|6424|44592|49581|209693
20205|1299|4230|2716
49028|1299|3356|28370|267608
4601|50869|6939|16652
59689|30781|33891|44592|49581|209693
12859|22356|28370|267608
196621|6939|42695|52011
50629|6939|50989|48116
7594|174|35598|52091|206810|57164
44324|32595|18423|137409|6461|1299|9498|18229|132215
28917|6939|1299|23520|263703|271855
3130|174|13786|28343|2716
57381|50304|1299|3257|20473|47065|61574
58308|6939|1299|3301|199902
34800|29632|9002|3356|174|3130|47065|61574
2500|2914|1299|6855|39904|47767
559|35598|52091|59815|25299
32590|174|22381|267470|263047|264389
139317|44324|32595|174|21928
271253|174|60068|211571
28917|6939|1299|52468|273883
29222|6939|47160|205669
35600|6939|50989|205966
29222|1299|33891|216067|44244
44324|32595|174|53667|209864
7018|6939|393682
4601|6939|30893|9423
6696|1299|20473|201423
28917|6939|1299|23520|263703|272018
174|2914|20473|47065|61574
28917|6939|1299|20473|395522
553|1299|21351|60132
28917|6939|1299|6855|204690
205206|1299|29695|206557|208835
28917|6939|7018|397568
6730|6830|3356|8551|44709
44324|32595|174|398399
2500|2914|174|11432|271150|272738
28917|3257|1299|3920|206777
6082|2914|1299|20473|47065|61574
328840|327727|174|35598|52091|206810|24881
50877|5405|47065|61574
209650|34927|1299|37468|270551|263047
30844|174|201814|209896
59105|2518|1299|6855|39904|199604
58308|6939|6830|23520|272112|274072
5405|56630|209944
49544|1299|174|37468|61568|266460|61625
58308|6939|553|204680|202539
132825|174|201814|209896
61568|6762|1299|6855|39904|199604
3399|174|30844|21351|60132
139317|44324|32595|174|398748
58308|6939|61618|267443
327983|37497|3491|1299|34927|202532
58308|6939|3170|214199
7018|1299|12555|48430
44324|32595|174|273298
58308|6939|1299|29119
4230|1299|29695|206557|208835
139317|44324|32595|174|395687
6730|6830|3356|28370|53079
29222|6939|207487|18607
3170|8926|174|3320
28917|6939|1299|23520|46650|401400
40387|1299|4230|52654|266493|61625
6830|1299|17676|216211|44324|205369
58308|6939|7018|395568
44324|32595|174|209847
139317|44324|32595|174|207136
3170|25180|174|41327|206173
58308|6939|1299|5617|214666
139317|44324|32595|174|138538
49544|3356|1299|34927|202532
3741|174|210329|215728
577|1299|1680|20473|47065|61574
28917|6939|7018|395742
28917|6939|1299|29066
207841|6939|2852|213152
20253|1299|37468|270551|263047
44324|32595|174|216371
44324|32595|174|401555
58308|6939|39791|49101|211274
12859|6939|28370|263060
29222|6939|42695
20253|1299|174|20473|47065|61574
32590|12956|1299|6855|39904|202605
58057|50673|174|20723|2852|202874
14907|1299|3223|41327
28917|6939|1299|23520|27696|271971
12637|6939|29222|207688
196621|58115|21263|33814
28917|6939|1299|12025|402106
59890|174|3130|47065|61574
57695|917|60068|1299|20473|201423
20764|174|2914|226|47065|61574
28917|6939|7018|26830
34177|174|20473|47065|61574
917|60068|3491|1299|6855|39904|199604
64475|6204|208972|210538|6775|13030|4637|133398
6667|174|11432|271150
14907|1299|12859|47065|61574
59105|2518|1299|25091|8298|4601|4492
58308|6939|7018|46677
4601|50869|213376
44324|32595|174|2901
50629|6461|32787|202161
198249|13030|1299|10490|2722|12148|47065|61574
559|35598|52091|206810|196638
199524|174|2914|226|47065|61574
58308|6939|202297|210951
18106|174|20473|47065|61574
6461|1299|20473|201423
36924|1299|34927|202827
57866|1299|35598|52091|206810
2500|2914|1299|6855|39904
12350|1299|3356|16735|273514
52873|12956|174|204548|215728
40994|9002|12555|48430
58308|6939|202297|200299
328964|3491|1299|34927|202532
47692|3356|1299|3920|206777
209650|34927|1299|3257|19318|209896
28917|6939|1299|199524
263152|174|20473|47065|61574
207841|6939|28917|12668|51883
553|9002|12555
51519|39351|1299|6855|39904
2734|58453|30990|174|30844|328436
42541|1299|6762|49666|58224|214805
4775|1273|174|52468|271150
12969|33891|216067|44244
207841|6939|2852|210498
4601|50869|52025|214451
23367|1299|174|37468|61568|266460|61625
174|35598|52091|44660
18106|28917|215730|209693
29222|6939|8194|206362
29632|9002|3356|174|20473|47065|61574
48070|25180|1299|17676|3258
12779|20764|52091
34927|56655|1299|174|20473|47065|61574
58308|35598|52091|206810|24881|24697
3170|6939|196610
215596|174|14840|269288
35600|6939|2852|201648
8455|1299|6855|39904
196621|6939|28917|28775
40994|57463|41327|198059
3399|5511|174|11432|271150|272738
58308|6939|196610
23367|1299|3356|28370|264426
132825|174|3257|8551|44709
174|399697|39967|399697
58057|174|6461|394737
5405|49581|209693
28917|6939|1299|835|52025|50224
327727|174|13786|28343|2716
28917|6939|271150|272738
2734|16276|203019
6424|174|34927|202827
6453|1299|34927|202532
34019|6939|54429
28917|6939|1299|7195|53065|269093
58511|1299|198949|35676
58308|6939|205479
5405|62255|52091|44660
35369|1764|174|20473|47065|61574
31742|174|60068|205884
148968|1299|6453|4755|7768
6424|174|1299|8551|44709
6939|1299|20473|399970
48919|174|56630|209944
28917|6939|207767
28917|6939|1299|35415|205186
29222|6939|2852|199711
15692|2914|174|5538|8194|29345
6908|2914|12859|47065|61574
35600|6939|29222|41495|206202
28917|6939|1299|208905|199393
199524|1299|29695|206557|204503
58308|6939|1299|42201
25160|1299|6939|24796
1257|1299|3920|206777
12779|6939|30893|204789
4601|50869|199310|215502
12859|1299|37468|52468|271150
41666|20764|52091|206810|50204
58308|6939|1299|262206|262197|3573
28917|6939|1299|31242
41811|1273|174|20723|2852|202874
1257|1299|198949|35676
140627|1299|3356|1680|44709
207841|6939|28917|50009
8298|25091|1299|3920|206777
199524|1299|3356|28370|268198
3170|57463|14840|269288
49544|6830|60068|216213|205884
7018|1299|6855|39904|199604
140627|2914|1299|34927|202532
28917|6939|6830|59776
14315|6453|1299|198949|35676
3130|174|60068|216213|205884
58308|6939|5405|59745
174|3356|28370|267608
199524|1299|3257|20473|47065|61574
136557|174|35598|25308|28917|204076
64475|7195|11432|271150|272738
58308|6939|7018
44324|32595|174|53366
28917|6939|1299|19332|273286
328840|327727|174|35598|52091|206810|59815|25299
23367|1299|3356|28370|269016
198249|9002|34927|202827
262427|174|35598|52091|59815|25299
28917|6939|1299|23520|5639
210312|4601|50869|44324|139299
20205|1299|6461|394737
29680|3257|1299|34927|202532
29075|1299|3920|206777
12307|29691|1299|6453|19318|209896
28917|6939|1299|20473|208679
58308|6939|1299|54829
199524|174|35598|52091|206810
23367|1299|3356|28370|28657
2734|142111|152672|174|3356|10753
44324|32595|174|12189|207134
55222|1299|8551|44709
28917|6939|1299|23520|52468|272058
29222|6939|7018|16576
3170|6461|23352|20473|47065|61574
3170|6939|2852|204772
29075|6830|60068|216213|205884
4601|8298|25091|1299|60068|216213|205884
207841|6939|28917|48610|57712
28917|14840|269288
6730|6830|174|399697|39967|399697
55222|1299|29695|206557|208835
58308|6939|1299|60068|216213|215427
34927|56655|1299|198949|35676
48070|6939|28917|21453|41783
28917|6939|7018|22317
50628|1299|198949|35676
8220|3491|1299|3920|206777
28917|20764|52091|206810|202279
202365|50673|174|22381|267470|263047|264389
210312|4601|50869|199310|207314
28917|6939|1299|20473|214242
6730|6830|6453|4755|7768
58308|6939|1299|208905|199270
210312|4601|50869|54148
48070|6939|2852|197451
36924|1299|3356|28370|264426
58308|6939|35168|21299
58308|6939|7018|3486
20912|174|56630|209944
11537|20965|5408|47065|61574
28917|6939|1299|20473|208914
50629|13335|5408
48362|1299|3356|28370|263535|268030
28917|6939|268624|262594|269603
28917|6939|7018|394896
57381|50304|1299|3356|28370|263060
15935|174|35598|52091|206810|202279
216285|8280|6762|1299|3920|206777
205206|1299|37468|270551|263047
1299|5511|49666|58224|214805
37100|1299|10490|2722|12148|47065|61574
3130|174|35598|52091|206810|24881|24697
35008|1299|6461|394737
44324|32595|174|53667|142597
199524|47311|150249|212001|200160
64475|47147|1299|6762|16735|273514
20253|1299|7195|11432|271150|272738
139317|44324|32595|174|7195
25091|1299|3223|34224|12735
23367|1299|6453|1031|61568|266460|61625
60011|3356|1299|6855|39904|202605
28917|6939|50989
58299|62255|52091|48158
28917|47065|61574
35008|1299|20473|201423
48070|1299|3356|20473|47065|61574
327960|327782|5511|174|11432|271150
196621|6939|28370|263535
4181|1299|3356|14840|269288
64475|6939|28370|267608
28917|6939|1299|8151|20940
24785|1299|8551|44709
17350|3356|1299|34927|202532
559|6939|59970
58308|6939|33891|207436|203228
21700|174|35598|52091|206810|202279
264409|174|201814|209896
6424|6939|50989|48116
52075|6762|174|5538|8194|29345
9044|1299|2914|226|47065|61574
51185|6762|1299|20473|399970
28917|6939|1299|9299|20940
139317|44324|32595|174|6424|47787|203020
6696|1299|174|216211|211575
196621|6939|28370|267556
34854|22356|52468|271150
58308|6939|1299|54528
139317|44324|32595|174|61097
8283|20764|52091|206810|5598
9268|4764|1299|29695|206557
20253|1299|37468|53062|266493|61625
1299|37468|60068|216213|205884
28917|6939|1299|20473|398549|216321
204092|6939|28917
577|1299|10490|2722|12148|47065|61574
34854|1299|12859|47065|61574
57381|50304|1299|174|204548|215728
34288|1299|3223|34224|12735
56655|1299|7195|28189|266931|269250|271150
15605|35598|52091|206810|12773|44884
28917|6939|62000|198825|214029
58308|6939|7018|6621|265705
58308|6939|1299|62597
1031|999|6453|174|3130|47065|61574
12859|35598|52091|206810|39558
28917|6939|7018|40289
327960|174|6453|4755|7768
34800|29632|9002|1299|3920|206777
44324|32595|174|55286|399122
59891|13030|1299|6453|19318|209896
40387|1299|6453|4755|7768
20932|1299|174|37468|61568|266460|61625
12956|1299|198949|35676
6667|174|1916|47065|61574
28917|6939|6830|23520|272935|274105|274027
2734|137409|48011|25184|49801|204533
199524|1299|59692|12555
32590|12956|1299|6855|39904
917|60068|1299|3356|8119
28917|8359|57304|41720|202704
210937|1299|3356|8119
1764|1299|174|37468|61568|266460|61625
15605|6939|28370|264426
40994|57463|41327|213338
49544|6830|60068|211571
6424|7195|28189|266931|271615|273522|271150
28917|6939|1299|265620|270145
6830|6762|16735|273514
57381|50304|1299|7195|28343|2716
12859|7195|11432|271150
34019|9498|20473|47065|61574
17350|6453|1299|29695|206557|205190
263237|174|140227|44324|205369
28917|6939|1299|20473|150805
4601|50869|59645|211286
15576|174|216211|211575
58308|6939|1299|262206|52262
328840|327727|174|1299|22773|8119
12637|20764|202984|35598|25308|28917|204076
58299|49581|209693
139317|44324|32595|174|199335
50629|9002|8772|215536
216285|8280|6762|174|140227|44324|205369
6762|174|204548|215728
553|6939|28917|39238
42541|7195|28189|266931|269250|271150
2518|1299|8551|20473|47065|61574
28917|6939|1299|25899|396872
1828|1299|60068|216213|205884
151326|174|35598|52091|206810|24881|24697
28917|6939|1299|400760
44324|32595|174|213184
394256|174|6461|394737
553|9002|12555|48430
49028|1299|3356|28370|28657
29222|6939|8899|42652|44569
41666|20764|52091|206810|39089
204092|6939|16652
15605|35598|52091|206810|34786
28917|6939|7018|22839
397131|60011|3356|1299|3920|206777
29222|6939|200712
12350|1299|3356|28370|263060
210312|4601|50869|6939|196610|48927
50304|1299|3920|206777
210312|4601|50869|41051|200221
34019|47160|174|140227|44324|205369
32590|4637|1299|56504|47674
3320|174|399697|39967|399697
39122|1299|6855|39904|47767
29222|6939|12735|208594
3320|1299|7195|11432|271150
32590|174|3130|47065|61574
41327|1299|20473|399970
40994|6939|54429|401894
34177|1299|6762|16735|2716
1299|7195|11432|271150|272738
58308|6939|7018|399571
35266|1299|8551|44709
49432|48362|1299|60068|216213|205884
199524|1299|5511|49666|58224|214805
8220|1299|3356|14840|269288
16552|1299|6762|49666|58224|214805
174|35598|52091|206810|214210
3170|6939|28917|47759
49432|48362|1299|60068|211571
6830|174|32595|44324
553|9498|20473|47065|61574
28917|6939|6830|23520|64126|265721|271942|273121
513|174|52468|262393
38136|50131|174|34927|202827
328840|327727|174|210329|215728
29504|15935|174|35598|52091|206810|56766
4601|50869|41051|197885
41722|12389|1299|2914|226|47065|61574
44324|32595|174|13977|399353
44324|32595|174|33544|22729
148968|1299|174|204548|215728
29222|6939|29208|198605
48070|6939|28917|6789|200702
7018|6762|49666|58224|214805
48919|174|3257|21034
20253|1299|174|22381|267470|263047|264389
28917|6939|1299|20473|206290
29222|6939|28370|267608
139317|44324|32595|174|46642
21232|13030|1299|6762|267470|263047
58308|6939|196945
28917|6939|59689
49544|3356|1299|6855|50698
199938|1299|3223|41327
5713|174|21320|5408|47065|61574
139317|44324|32595|174|263157
53828|2914|1299|6855|39904|202605
58308|6939|29670|60802
58308|6939|7018|21433
52320|1299|20473|201423
31742|174|20473|47065|61574
29222|6939|7018
32590|1299|3356|28370|28657
47147|1299|6762|49666|58224|214805
58308|6939|1299|21859|62610
28917|6939|1299|20473|139073
28917|6939|1299|20473|131667
210937|1299|3491|20473|47065|61574
513|29222|6939|35168|197556|206026
34927|60011|3356|1299|34927|202532
59689|29075|12859|47065|61574
58308|6939|40994|216321
1299|174|21320|5408|50148
210937|1299|3356|28370|268521
29222|6939|62000
207841|6939|28917|21453|201646
132825|174|35598|52091|206810|56915
35600|35598|52091|206810|39558
20253|1299|37468|60068|216213|205884
7018|6939|200303
398465|1299|3356|28370|263535
28917|6939|1299|22773|54706
199524|1299|34927|202827
44324|32595|174|27747
28917|6939|209097
5413|1299|174|1916|47065|61574
57695|917|60068|1299|25091|8298|4601|4492
1257|1299|22773|8119
52025|32097|25091|8298|4601|4492
35600|6939|29222|513|20940
34288|1299|60068|216213|205884
196621|8758|15576|174|210329|215728
1273|1299|8551|44709
29075|6762|174|37468|61568|266460|61625
199938|1299|174|3130|47065|61574
30781|1299|6855|39904|202605
2497|1299|25091|8298|4601|4492
41095|33891|216067|44244
28917|6939|1299|6855|208414
28917|6939|1299|27947|52257
28917|6939|1299|20473|210932
58308|6939|48678|44547
29222|174|60068|205884
19151|174|1299|6855|50698
553|6939|30893|199580
58308|6939|6830|23520|28088
34177|1299|174|1916|47065|61574
198385|174|1916|47065|61574
20764|174|1299|20473|201423
28917|6939|31263|206207
4826|1299|20473|47065|61574
20514|1299|56504|47674
29504|15935|13335|5408
6830|3356|37468|270551|263047
28917|6939|1299|52468|269935
58308|6939|1299|20473|40138
29680|174|22381|267470|263047|264389
199524|174|32595|44324
42473|1299|3356|28370|267556
41327|174|52468|271150
1299|6939|50989|205966
58299|62255|52091|206810|197643
60068|1299|21351|60132
58308|6939|35826|205311
210312|4601|50869|6939|60432
57111|41327|6461|394737
1140|24785|6830|3491|216211|211575
328512|37100|1299|6855|39904
37105|37662|174|28189|266931|269250|271150
30600|174|210329|215728
28917|6939|1299|20473|50611
9002|3257|33891|216067|44244
41327|6939|15372
58308|59689|29075|174|216211|211575
6461|1299|20473|47065|61574
25091|3356|174|216211|211575
19653|30600|174|52468|262393
28917|6939|1299|1759|205250
28917|6939|1299|27947|272890
47147|3320|1299|17676|216211|44324|205369
12637|137409|48011|25184|49801|204533
58299|29632|59682
12637|6939|196610
28917|6939|1299|43893
12859|6461|17378|8119
64475|6939|60432
29222|6939|7018|399571
196621|15576|174|11432|271150
51184|1764|174|21700|399914
18106|174|210|47065|61574
28917|6939|29222|513|20940
3214|1299|174|1916|47065|61574
57381|50304|1299|8551|44709
49605|6762|1299|198949|35676
12637|6939|2852
8529|1299|174|1916|47065|61574
132825|174|35598|52091|206810|34786
48070|6939|50989
34927|56655|1299|60068|197103|212080
29222|6939|29208|196653
132825|174|6453|4755|7768
6424|34927|202532
559|7195|28189|266931|271615|273522|271150
6461|1299|4230|2716
139317|44324|32595|174|3714
34854|1299|16276|203019
64475|6939|2852|210498
8220|1299|174|204548|215728
215596|1299|6762|267470|263047
852|1299|198949|35676
327727|174|35598|52091|48158
139317|44324|32595|174|212148
12307|29691|1299|6453|29208
44324|32595|174|201902
5405|6939|24796|63293
1828|1299|198949|35676
37271|33891|216067|44244
198249|13030|1299|60068|216213|205884
41327|6939|25192
5405|6939|42695
14315|6453|3356|21320|5408|47065|61574
207841|6939|28917|39238|49392|34567
139317|44324|32595|174|199297
132825|174|35598|52091|206810|208435
44324|32595|174|32505|397370|6936
999|6453|1299|198949|35676
58308|6939|5405|39614
207841|6939|28917|197078
7018|6939|24796|63293
64475|6939|29222|513|20940
28917|6939|1299|20473
28917|6939|1299|48237|35819|42943
205206|33891|8943|200636
37721|174|210329|215728
4601|6939|28917|43886
15935|174|37468|270551|263047
28917|6939|1299|20473|207755
29504|15935|174|22381|267470|263047|264389
58308|6939|1299|395035
13786|174|20723|2852|202874
58308|6939|1299|132168
12350|1299|12956|212721
28917|6939|25192
21412|174|204548|215728
3491|174|21700|399914
12307|29691|1299|8551|44709
35600|6939|28370|267608
210312|4601|50869|41051|209460
35600|6939|2852|61110
3356|174|5538|8194|29345
48919|174|6453|29208
263237|174|20473|47065|61574
59689|30781|33891|216067|44244
56987|1299|6855|39904|47767
2497|2914|174|20473|47065|61574
50629|6939|207995
28917|20764|52091|206810|196638|42702
28917|6939|1299|20473|7492
28716|1299|56504|47674
12859|1299|174|204548|215728
31122|174|60068|205884
205112|50629|6939|24796|63293
28917|6939|1299|52468|273127
148968|1299|35598|52091|206810
21320|33891|60068|211571
139317|44324|32595|174|212551
58308|6939|29670|207510
28917|6939|1299|23520|28088
31742|174|21320|5408|47065|61574
327727|174|3356|16735|273514
3257|1299|6855|39904
328206|37739|3491|174|56630|209944
48362|1299|3920|206777
4181|1299|174|60068|205884
15562|2914|1299|198949|35676
20253|1299|34927|202827
8283|6939|42695
41327|29632|215536
20764|8359|1299|6855|39904|47767
48070|30844|21351|60132
1280|1299|12859|47065|61574
58308|6939|1299|136468
28917|6939|1299|52468|262234
49605|6762|174|60068|216213|205884
215596|1299|6855|50698
14907|1299|198949|35676
28917|6939|1299|16509|14618
29222|6939|553|204680|214840
19653|30600|174|3130|47065|61574
56655|1299|6461|394737
13786|174|10490|2722|12148|47065|61574
3549|3356|1299|33891|216067|44244
2734|17639|141210|138678|9299|3491|174|48678
262427|174|35598|52091|206810|35273
28917|6939|48678|207582
30600|1299|8551|44709
8529|1299|6855|39904|199604
2027|47160|174|11432|271150
6082|174|14840|269288
7594|174|35598|52091|206810|24881|24697
264479|6762|1299|6855|39904|202605
37239|37468|33891|60068|211571
29222|6939|12555|48430
209|3356|1299|6855|39904|202605
37739|3491|174|10490|2722|12148|47065|61574
51519|39351|174|37468|270551|263047
513|29222|6939|200995
35600|6939|28917|48084
35600|35625|3356|21320|5408|47065|61574
6424|6939|28917|48084|35816
19151|174|1299|8551|44709
2518|1299|35598|52091|206810
50673|174|10490|2722|12148|47065|61574
48070|6939|28917|44812
22652|1299|201814|209896
139317|44324|32595|174|59895
44324|32595|174|12310|44679|201308
7018|6939|2852|61110
28917|6939|1299|14080|26611
20253|1299|4637|20473|47065|61574
28917|6939|196621
55222|174|12956|212721
207841|16164|36032
4601|50869|58299|39910
207841|6939|28370|52593
12779|35598|52091|206810|39558
9900|23764|1299|20473|47065|61574
28917|6939|1299|20473|139216
48070|1299|3356|28370|268521
37271|174|60068|216213|205884
7594|174|399697|39967|399697
12779|7195|20473|47065|61574
28917|8359|57304|15935|204860|203299
57777|9002|8772|396416
6762|174|5538|8194|29345
3333|6830|60068|211571
14537|174|210329|215728
52873|12956|1299|10490|2722|12148|47065|61574
32590|4637|3356|21320|5408|47065|61574
5405|6939|28370|263535
23367|1299|60068|211571
60068|174|21320|5408|50148
7474|7473|1299|198949|35676
58308|6939|1299|210892
50629|6939|50989|50683
5413|1299|6855|39904|47767
204092|6939|25192
34927|52025|32097|25091|8298|4601|4492
45049|6696|1299|42303|51701|30893
6908|174|12956|212721
24516|174|34927|202827
28917|6939|199081
204092|6939|28370|263060
7018|32787|202161
34019|29169|1299|8551|44709
58308|6939|1299|46261
7018|174|399697|39967|399697
8283|6939|200070
20912|12637|57463|14840|269288
24516|174|3356|16735|2716
58308|6939|1299|4637|1221
52873|12956|1299|6855|50698
23764|1299|12859|47065|61574
34549|1299|56630|209944
23352|2914|174|8551|20473|47065|61574
58308|6939|40994|205563
210312|4601|50869|6939|2852|61110
2027|47160|6939|25192
12859|1299|3920|206777
59414|6830|174|52468|262393
59105|9370|2497|174|52468|271150
204092|34019|3223|41327
207841|6939|28917|21453|41783
50629|57463|14840|269288
327804|37271|33891|216067|44244
48070|1299|3356|28370|53079
28917|6939|268624|263601
28917|6939|1299|15830|7342
29222|6939|56595|215742
19653|30600|1299|20473|47065|61574
39122|1299|17676|216211|44324|205369
28917|6939|1299|11664|274012
48362|1299|3356|28370|263535
58308|59689|30781|1299|10490|2722|12148|47065|61574
34019|6939|39790
198249|58115|21263|41504
49788|1299|6453|4755|7768
5713|174|201814|209896
139317|44324|32595|174|26277
2914|1299|34927|202532
47147|1299|6939|30893|199580
29691|1299|3920|206777
58308|35598|52091|206810|56766
28917|6939|1299|23520|52233|262238
4601|6939|28917|39134|39561|197695|210550
28917|6939|1299|20115|33588
28917|6939|3170|203589
139317|44324|32595|174|211691
327727|174|3257|21034
28917|6939|25192|20701
13786|174|60068|197103|212080
139317|44324|32595|174|57974|198963
48070|6939|28917|39134|39561|197695|210550
58308|6939|1299|207265
35008|1299|29695|206557|204503
35600|6939|196610|48927
174|35598|52091|206810|208435
327983|37497|1299|201814|209896
58308|6939|1299|396993|15353
210312|4601|50869|6939|28370|28657
3701|174|20473|47065|61574
29222|6939|8943|44671
50628|1299|20473|47065|61574
49432|48362|1764|5405|61568|266460|61625
139317|44324|32595|174|399646|212532
3130|174|35598|52091|206810|214721|204108
8283|6461|32787|202161
4601|50869|34019|202945|210960
41327|16164|36032
39120|174|6453|29208
58308|6939|7018|25996
15935|174|3257|19318|209896
28917|6939|1299|19332
21412|1299|198949|35676
58308|6939|6830|33915
553|1299|3257|20473|47065|61574
29222|6461|394737
37239|22355|30844|21320|5408|47065|61574
198385|174|3491|20473|399970
28917|6939|1299|60068|400519
553|6939|2852|48091
14315|2914|174|5538|8194|29345
216285|8280|6762|174|21700|399914
210312|4601|8298|25091|1299|20473|47065|61574
139317|44324|32595|174|136493
6830|6939|30893|13214
6830|174|10490|2722|12148|47065|61574
35600|35625|3257|174|20473|47065|61574
12859|29632|59682
59890|60068|1299|198949|35676
11845|30844|33891|216067|44244
37468|174|20473|47065|61574
28917|6939|1299|52468|264851
559|6939|28370|264426
44324|32595|174|6400
12859|6939|24796|63293
1299|9002|8772|396416
328512|37100|1299|6855|39904|47767
139317|44324|32595|174|53667|399266
29222|6939|39790
28917|6939|1299|208905|47962
20473|2603|21320|5408|47065|61574
34019|56630|209944
28917|6939|1299|52468|269838
28917|6939|1299|3225|50475|43586
139317|44324|32595|174|398636
6830|6939|28917|25386
209650|34927|1299|20473|399970
139317|44324|32595|174|40676
34854|1299|174|3130|47065|61574
4826|15412|33891|216067|44244
60011|3356|1299|6855|39904
6830|3257|210329|215728
58308|6939|31263
3170|37468|60068|216213|205884
47160|174|210|47065|61574
34927|52025|1299|29695|206557
46450|1299|6855|50698
28917|6939|1299|20473|46793
3356|174|20473|47065|61574
20253|1299|2914|20473|47065|61574
20253|1299|56504|47674
58511|1299|3920|206777
60068|1299|56630|209944
12779|35598|52091|206810|48687
48070|6939|59970
40994|6939|24796
28917|6939|1299|8151|272297
49028|1299|37468|52468|262393
58308|6939|6830|200308
3216|1299|6855|39904
50629|20764|52091|206810|39089
5405|62255|52091
63927|1299|6762|267470|263047
28917|6939|3170
44324|32595|174|3714
28917|6939|1299|23520|52253|13335
51184|1764|1299|198949|35676
28917|6939|1299|205890
21700|174|35598|52091|206810|208435
13830|971|174|60068|211571
139317|44324|32595|174|8452|24835|36935
6423|20055|1299|8551|44709
28917|6939|1299|25899|400338
14315|6453|1299|12859|47065|61574
20130|23352|2914|174|3130|47065|61574
25369|174|216211|211575
207841|6939|28917|12739
57695|917|60068|174|56630|209944
6424|6939|28917|6789
44324|32595|174|329082
8529|1299|60068|216213|205884
35600|6939|28917|198297
55222|1299|3356|28370
3130|174|7311|835|394273
210312|4601|50869|213768|214161
210312|4601|50869|52025|211358
41327|215551|30893
28917|6939|1299|23520|10269|265818
199524|1299|35598|52091|206810
17350|6453|174|60068|205884
12350|1299|5511|60068|206406|210557
198385|174|6453|19318|201813
12637|6939|28917|39134|39561|197695|210550
58308|6939|1299|31898|54253
47147|1299|174|37468|61568|266460|61625
215596|1299|6762|16735|2716
50629|28917|215730|209693
58308|6939|1299|20473|48231
58308|6939|1299|52468|273877
553|6939|2852|197451
28917|6939|1299|28469
8660|1267|33891|216067|44244
58308|6939|1299|3920
4601|50869|52025|209552
40387|1299|3356|1680|44709
28917|6939|1299|6400
15576|35598|52091|48158
3320|1299|198949|35676
34927|56655|1299|174|1916|47065|61574
398465|1299|174|14840|269288
39392|174|1299|3920|206777
45049|6696|1299|3257|20473|47065|61574
44324|32595|174|52580
4775|1273|174|11432|271150|272738
1299|6762|1680|44709
198385|174|6453|19318|209896
205206|1299|6453|4755|7768
9002|21320|5408|47065|61574
202365|50673|174|1299|20473|201423
28917|6939|262485
3170|6461|137409|48011|25184|49801|204533
20205|1299|3920|206777
18106|174|201814|209896
917|60068|1299|9002|8772|396416
49544|2914|1299|35598|52091|206810
21700|174|20723|2852|202874
50763|28917|215730|209693
12956|174|204548|215728
44324|32595|174|15094
34800|58057|50673|33891|216067|44244
61049|2914|1299|3920|206777
139317|44324|32595|174|28546
28917|6939|1299|52468|265799
48185|1299|3223|34224|12735
52025|174|22381|267470|263047|264389
24785|6830|3491|20473|47065|61574
44324|32595|174|53667|211233
30844|174|1916|47065|61574
31742|174|216211|211575
3549|3356|1299|6855|50698
6082|2914|1299|6939|24796|63293
17660|6453|174|16276|203019
40387|1299|6453|19318|201813
139317|44324|32595|174|3356|7195|52863
28917|6939|48678|44547
30781|3356|174|20473|47065|61574
12779|35598|52091|206810
44324|32595|174|12189
62167|174|1916|47065|61574
3170|6204|214941|174|29802
196621|6939|28917|206011
13237|1299|3356|28370|264426
6424|174|35598|52091|206810|59815
2734|9304|136897|174|3491|137969|132824
4764|1299|201814|209896
328840|327727|174|35598|52091|206810|202279
9900|23764|3356|1299|20473|47065|61574
55720|2914|174|37468|61568|266460|61625
48070|1299|60068|197103|212080
3130|174|1299|6855|39904|47767
34927|1299|34927|202827
29222|6939|7018|46488
44324|32595|174|7497|24151|23596
28917|6939|12735|14789
328840|327727|174|6453|4755|7768
48185|1299|198949|35676
6424|6762|1299|6855|39904|199604
64475|33891|216067|44244
20912|12637|174|3130|47065|61574
13030|1299|174|3130|47065|61574
202032|58115|21263|212038
28917|6939|1299|20473|26080
136557|174|22381|267470|263047|264389
44324|32595|174|265612
8455|1299|8551|20473|47065|61574
37497|3491|174|60068|197103|212080
213151|34549|3257|1299|20473|47065|61574
174|35598|52091|59815|25299
57111|41327|56630|209944
44324|32595|174|46265
28917|6939|1299|11889
13030|1299|6762|267470|263047
49028|1299|174|21700|399914
40994|6939|29222|41495|206202
12350|34177|33891|60068|211571
33891|60068|211571
59414|13030|1299|3920|206777
553|6461|23352|20473|47065|61574
31742|174|140227|44324|205369
1257|1299|10490|2722|12148|47065|61574
199524|1299|7545|20473|47065|61574
35600|35598|52091|206810|12773|47809|50780
23352|2914|1299|3920|206777
20080|2914|1299|8551|44709
58308|6939|1299|56898
328840|327727|174|5511|60068|206406|210557
553|174|52468|271150
35426|215596|1299|6762|267470|263047
204092|6939|59689
15547|3303|174|52468|271150
6908|1299|34927|202532
29075|174|210329|215728
28917|6939|1299|18734|11888
64475|6939|50989
37271|174|216211|211575
210312|4601|50869|52025|214508
139317|44324|32595|174|6400
513|29222|6939|8194
2497|1299|56630|209944
8455|1299|56504|47674
199524|37100|1299|3920|206777
6461|174|11432|271150
136557|174|216211|211575
35280|3356|174|20473|47065|61574
40994|6939|28917|25386
50673|174|28189|266931|271615|273522|271150
58308|6939|1299|3308|47527
13830|971|174|13786|28343|2716
5713|174|3130|47065|61574
50673|174|204548|215728
47147|1299|174|210329|215728
28917|6939|1299|20473|206699
30600|174|204548|215728
210312|4601|50869|215828|215375
47147|1299|7545|20473|47065|61574
3701|174|60068|211571
31742|1299|3356|1680|44709
210312|4601|6939|28917|9110
139317|44324|32595|174|3130|47065|61574
1299|6939|30893|13214
6424|6762|1299|198949|35676
58308|6939|6830|23520|10269|264640
58308|6939|1299|36236
20205|1299|12956|212721
139317|44324|32595|174|43160|201121
59689|29075|174|3130|47065|61574
28917|6939|1299|42615|398338
42541|1299|3920|206777
29222|6939|263047|262578
44324|32595|174|7195|30081
44324|32595|174|28999
44324|32595|174|400701
23367|1299|6453|4755|7768
3320|1299|29695|206557|208835
12637|1299|3216|51032|41344|39707
58308|6939|1299|8697|8376
35266|2914|174|5538|8194|29345
151326|174|3356|8119
58308|6939|1299|20940
51873|6830|174|8551|20473|47065|61574
28917|6939|1299|18734|16960
139317|44324|32595|174|7040
17660|6453|174|204548|215728
58308|6939|6830|23520|265590
15935|6461|394737
58308|6939|1299|199524|51191
34854|1299|3356|28370|53079
3491|174|20723|2852|202874
210312|4601|50869|52025|214420
7660|2516|1299|917|214598
58308|6939|1299|32270|265619
29691|1299|174|3130|47065|61574
16347|1299|4230|2716
58308|6939|2852|204772
58308|6939|1299|40785
28917|6939|1299|60664
199524|174|60068|211571
52873|12956|174|399697|39967|399697
2500|2914|12859|47065|61574
2914|1299|6855|39904|199604
39351|174|3356|28370|28657
41722|12389|174|52468|271150
4601|50869|41051|203226
132847|7474|7473|1299|34927|202827
28917|6939|1299|20473|132479|153033
20205|1299|17676|216211|211575
12637|35598|52091|206810|56915
13786|3356|1299|20473|47065|61574
58308|6939|30893
42473|1299|7545|20473|47065|61574
327727|174|35598|52091|206810|59815
8758|9002|1299|198949|35676
199524|174|22381|267470|263047
2027|2603|21320|5408|47065|61574
58057|174|35598|52091|206810|211692|214268
394256|174|1299|198949|35676
3170|6939|2852|213152
6424|6939|2852|200874
28917|6939|1299|20473|213901
1299|3356|28370|268198
28792|3257|5405|8943|200636
29479|50304|33891|216067|44244
12859|35598|52091|44660
25091|33891|60068|211571
28917|6939|1299|20473|399264
15547|8220|1299|3920|206777
22652|174|28189|266931|269250|271150
29479|50304|1299|60068|211571
49028|1299|6855|50698
11845|30844|3257|1299|20473|47065|61574
50673|8283|47065|61574
50877|5405|6939|25192|29067
14907|3356|174|3130|47065|61574
49788|1299|20473|201423
199524|3356|1299|6855|39904|47767
14630|2914|3356|21320|5408|47065|61574
44324|32595|174|57801
20253|1299|6855|39904|199604
56655|1299|174|20473|47065|61574
28917|6939|7018|30382
44324|32595|18423|137409|6424
210312|4601|50869|34019|212351
204092|6939|25192|29067
49788|1299|3356|16735|273514
5413|1299|198949|35676
12779|31133|35598|25308|28917|204076
58299|4657|132132|1299|6939|46997|10241|131259
210312|4601|50869|202939
215596|174|52468|271150
210937|6830|174|52468|271150
3741|174|1299|8551|44709
58308|6939|7018|28469
7594|174|35598|52091|206810|213694
3491|1299|6855|39904|202605
4601|9002|8772|396416
12350|1299|6762|49666|58224|214805
58308|6939|1299|23487
6830|3491|209810|207187|201265
8220|1299|3356|1680|44709
13237|1299|3356|16735|273514
9268|4764|174|16276|203019
852|1299|35598|52091|206810
58308|6939|47160
55222|1299|3223|41327
28917|6939|1299|52025|212895|54891
44324|32595|174|30919
35008|1299|17676|216211|44324|205369
12779|174|22381|267470|263047
553|1299|3356|28370|263535|268030
8220|1299|12859|47065|61574
35426|215596|174|22381|267470|263047|264389
16552|37100|6762|174|37468|61568|266460|61625
15605|20473|47065|61574
210312|4601|50869|52025|212895|214205
29222|6939|29670|57024
20764|174|60068|216213|205884
328840|327727|174|14840|2716
58057|28917|215730|209693
6894|174|60068|216213|205884
3130|174|21700|399914
20932|33891|216067|44244
8218|6461|174|5538|8194|29345
17639|1299|8551|20473|47065|61574
58308|35598|52091|206810|50204
28917|6939|1299|203660
12637|1299|33891|216067|44244
62167|174|21320|5408|47065|61574
204092|6939|30893|200690
13830|971|174|204548|215728
31742|1299|17676|216211|44324|205369
24785|6830|174|20473|47065|61574
6453|1299|29695|206557|205190
209|3356|21320|5408|47065|61574
28917|6939|8943
327782|37100|1299|198949|35676
14537|13786|174|35598|52091|206810
207841|6939|28917|47914
29222|6939|50629|211664
45352|174|3356|28370|268521
28917|6939|1299|11019
28917|6939|1299|23520|263703
28917|6939|1299|399486|198831|212844
6424|6939|28917|39134|39561|197695|210550
196621|6939|30893|13214
50628|1299|174|1916|47065|61574
4601|50869|44324|198304|204518
58308|6939|29670|208135
204092|30781|1299|3920|206777
1403|577|1299|12859|47065|61574
6461|174|216211|211575
12637|35598|52091|206810|50204
209650|34927|174|204548|215728
28917|20764|52091|206810|57460
12956|174|140227|44324|205369
196621|6939|25192
37662|33891|216067|44244
3170|174|140227|44324|205369
48070|1299|20473|201423
13237|1299|3356|28370|263535
4181|1299|6453|1031|61568|266460|61625
3333|1257|1299|20473|399970
7922|1299|34927|202532
199524|174|3356|8551|44709
31742|1299|3356|28370|53079
7713|174|204548|215728
41666|20764|52091|44660
64475|6939|28917|48084|59833
12779|6939|2852|200874
31742|1299|6855|39904
3320|1299|52320|7162|13878|52468|271150
553|4601|4492
29222|6939|553|203703
29222|6939|24796
34854|1299|60068|211571
199524|3356|174|20723|2852|202874
1273|1299|20473|201423
202365|50673|174|3356|28370|28657
50673|174|201814|209896
559|35598|52091|206810|214721|204108
216285|8280|6762|174|22381|267470|263047|264389
50877|5405|3216|51032|41344|39707
28917|6939|196945
7018|3356|28370|263535
58308|6939|1299|63139
136557|174|52468|262393
34288|1299|6762|267470|263047
28917|6939|15372|203592
11039|6461|174|204548|215728
13786|174|60068|205884
28917|6939|1299|396993|15353
41666|20764|52091|206810|24881|24697
29680|3257|1299|12859|47065|61574
196621|6939|2852|201648
4601|6939|28917|39238|49392
59890|174|3257|21034
38001|3491|1299|198949|35676
8220|6453|1299|8551|20473|47065|61574
139317|44324|32595|174|21320|5408|47065|61574
24785|1299|20473|201423
32590|37100|1299|198949|35676
58308|6939|6830|23520|52233
28917|6939|1299|3301|207538
29222|6939|393682
34854|1299|198949|35676
49028|1299|3356|28370|263060
31742|1299|33891|216067|44244
1280|1299|174|20473|47065|61574
513|29222|6939|12735
139317|44324|32595|174|137409|7578
35426|215596|62000|215551|30893
28917|6939|1299|262206|18809|13335
6696|1299|198949|35676
58308|6939|28917|48084|59833
58057|50673|174|3257|60068|206406|210557
49544|1299|6453|4755|7768
7594|3356|1299|6855|50698
24961|21320|5408|47065|61574
31742|174|204548|215728
32590|137409|3356|1299|20473|47065|61574
41327|174|11432|271150
58308|6939|6830|23520|270068
41666|20764|52091|206810|56766
44324|32595|174|54002
29222|6939|6424|49941
23352|3257|174|399697|39967|399697
34019|6939|30893|200690
64475|3320|174|37468|61568|266460|61625
28917|6939|1299|20473|394935
148968|7474|3257|174|140227|44324|205369
50877|5405|14840|269288
328840|327727|174|35598|52091|206810|48595
328840|327727|174|52468|262393
4764|174|28283|268744|2716
28917|6939|1299|3301|203158
57111|41327|174|52468|271150
49544|3356|174|20723|2852|202874
58308|6939|6830|23520|27665|14789
6424|174|8551|20473|47065|61574
1836|1299|6855|39904
50304|1299|174|37468|61568|266460|61625
34019|7195|28343|2716
23673|9900|23764|3356|21320|5408|47065|61574
44324|32595|174|207096
1299|6939|30893|205563
28917|6939|7018|14381
39122|174|2914|20473|47065|61574
132825|174|35598|52091|59815|25299
35008|1299|37468|60068|216213|205884
28917|6939|1299|52468|273123
34177|1299|3356|28370|263060
204092|6939|2852|200874
58308|6939|1299|206610
210937|1299|37468|270551|263047
28917|6939|1299|9141|39869|59491
29222|6939|12637|202448
210312|4601|50869|41051|215448
204092|6939|28370|52593
51873|6830|2914|226|47065|61574
28917|6939|1299|400513
513|29222|6939|50698
40994|2914|1299|20473|47065|61574
34177|3356|1299|8551|44709
16347|1299|37468|270551|263047
6830|9002|12555|44676
6424|7195|20473|47065|61574
47147|1299|10490|2722|12148|47065|61574
1140|24785|6830|174|11432|271150
62167|174|6762|49666|58224|214805
559|13335|5408
20932|174|21700|399914
263237|174|3356|3223|34224|12735
28917|6939|1299|20473|400586
6894|174|204548|215728
6730|6830|3356|28370
58308|6939|5405|41981
151326|174|20723|2852|202874
4601|6939|28917|204623
199938|1299|174|20473|47065|61574
207841|57463|22356|52468|271150
262427|174|35598|52091|206810|34786
31510|174|1299|20473|201423
58308|6939|6830|23520|263785
34177|1299|3356|28370|53079
263152|174|1299|198949|35676
16552|1299|37468|53062|266493|61625
58308|6939|56381|209844
20055|174|34927|202827
1280|1299|3920|206777
58308|6939|1299|52468|27814|13335
34854|1299|3356|28370|264426
28917|6939|1299|33647
58308|6939|29670|60729
28917|6939|1299|52468|271977
44324|32595|174|17056
24785|6830|3356|28370|267608
205206|1299|7195|11432|271150|272738
29691|1299|6453|29208
213241|28917|215730|209693
44324|32595|174|6914
3257|174|216211|211575
174|3257|19318|209896
33891|21320|5408|47065|61574
46450|33891|60068|211571
58308|6939|1299|42313
20514|1299|3356|28370|263060
28917|7195|20473|47065|61574
139317|44324|32595|174|2018|8094
204092|6939|60432
32590|1299|21351|60132
6762|174|201814|209896
23367|1299|8551|44709
971|174|1299|6855|39904|47767
28917|6939|1299|4637|1221
210937|1299|3223|41327
6762|1299|6855|50698
12389|174|2914|20473|47065|61574
6424|174|35598|52091|206810|24881
210312|4601|6939|28917|8491
8529|1299|37468|270551|263047
210312|4601|50869|41051|200306
3741|174|14840|2716
199938|1299|60068|211571
59414|6830|174|399697|39967|399697
28917|6939|1299|20473|402127
4601|50869|215248
60068|33891|6461|394737
16552|1299|3356|28370|268198
7713|174|7195|20473|47065|61574
6830|6453|29208
34927|1299|174|22381|267470|263047|264389
56655|1299|3356|16735|273514
202365|50673|174|3130|47065|61574
37100|174|216211|211575
20253|1299|20473|399970
3170|174|1299|198949|35676
31510|33891|44592|49581|209693
58308|6939|50629|207252|215147|213413
174|3356|16735|2716
35426|215596|1299|6762|16735|2716
28917|6939|1299|213205
28917|6939|1299|60068|212786
57695|917|60068|1299|34927|202827
1031|999|6453|174|28189|266931|269250|271150
56662|20473|2603|21320|5408|47065|61574
39122|174|140227|44324|205369
50629|6939|28370|28657
28917|6939|1299|27947|273040
47160|174|140227|44324|205369
6424|37468|52468|262393
34927|1299|8551|44709
50877|5405|6939|39790
15605|6939|28370|270962
28917|6939|1299|137366|137363
51088|2914|174|3130|47065|61574
1299|13335|5408
210312|4601|6939|28917|50045
20612|9044|1299|2914|226|47065|61574
58057|50673|174|7311|835|394273
31742|1299|3356|28370|28657
28917|6939|1299|208905|210625
6762|174|216211|211575
28917|6939|8943|44671
207841|6939|28370|263535
58308|6939|8194|201547
6830|6939|28917|39153
12969|1299|3356|28370|263963
36924|1299|3920|206777
38880|4826|1299|198949|35676
41666|16276|203019
58308|35598|52091|206810|34786
41666|20764|52091|59815|25299
28917|6939|1299|34927
3320|1299|25091|8298|4601|4492
29504|39392|174|1299|3920|206777
28634|4230|1299|6855|39904|47767
28917|6939|15935|198284
28917|6939|1299|3249|35106
42541|20764|43298|48678|213865
17639|174|37468|61568|266460|61625
35426|215596|1299|8551|44709
28917|20764|52091|44660
28917|20764|52091|59815|25299
44324|32595|174|210477
139317|44324|32595|174|13999
58308|35598|52091|206810|34786|41875
28917|6939|7018|4185
38880|6762|174|3130|47065|61574
20130|23352|2914|1299|1680|20473|47065|61574
46450|1299|12859|47065|61574
917|60068|33891|7195|28343|2716
28917|6939|1299|20473|200510
28917|6939|1299|20473|63313
52025|212895|210320
139317|44324|32595|174|201050
58308|6939|1299|52468|265632
41327|13335|400095
49028|1299|174|21320|5408|47065|61574
50877|5405|1299|3920|206777
12779|9498|20473|47065|61574
58308|6939|6830|23520|264821|271799
49028|1299|3257|20473|47065|61574
15935|174|3356|28370|28657
7922|174|52468|271150
198385|15576|3356|21320|5408|47065|61574
680|2914|174|20473|47065|61574
35426|215596|1299|3356|28370|268198
28917|6939|1299|32097|399646
48919|174|138997|216211|44324|205369
139317|44324|32595|18423|137409|6424
44324|32595|174|57492
3130|174|52468|262393
4601|50869|6939|25192|26710
4601|7195|11432|271150
553|6939|28370|263535
49544|3356|174|5538|8194|29345
58308|6939|59970
196621|6939|2852
37468|174|5538|8194|29345
3170|6939|39790
24516|174|35598|52091|206810|48687
199524|1299|20473|399970
207841|7195|28343|2716
29222|6939|7018|22729
20932|1299|2914|226|47065|61574
6894|174|20473|47065|61574
44324|32595|174|140627|17456|395400|23676
48070|6939|29222
58308|6939|7018|401671
34927|60011|3356|1299|12859|47065|61574
39122|12859|47065|61574
31742|1299|3356|28370
29504|15935|174|56630|209944
28917|6939|1299|23520|27665|27789
139317|44324|32595|174|7203
44324|32595|174|54113
40994|174|60068|205884
202032|58115|21263|202526
9044|174|60068|205884
5413|1299|3920|206777
28917|6939|1299|14593
1299|6939|30893
148968|7474|3257|174|8551|20473|47065|61574
28917|6939|25400|25225
28917|6939|1299|18616
28917|6939|1299|16509|14618|54981
28917|6939|1299|20473|213116
16552|2914|174|11432|271150|272738
32590|33891|60068|211571
204092|6939|28917|6789|203561
48070|1299|3356|28370|264426
39392|174|1299|198949|35676
213151|41051|58299|33891|216067|44244
35280|6453|174|21700|399914
398465|1299|6855|39904
19151|2914|1299|20473|47065|61574
58308|6939|553|34878
3130|174|35598|52091|206810|5598
34927|60011|3356|1299|20473|399970
34019|3303|174|60068|205884
136557|174|2914|226|47065|61574
47692|33891|60068|211571
6730|2603|21320|5408|47065|61574
327727|174|34927|202827
32653|3741|33891|216067|44244
199938|1299|3356|28370|268521
328840|327727|174|1299|20473|399970
60068|174|138997|216211|44324|205369
58308|6939|1299|54509
4601|20473|47065|61574
58308|6939|33891|12337
6830|6939|28370|270962
28917|52320|7162|13878|52468|271150
44324|32595|174|329344
139317|44324|32595|174|213035
20055|1299|6855|39904|47767
7018|6939|28370|264426
139317|44324|32595|174|398156
198385|174|7311|835|394273
3130|174|3356|8772|215536
34549|1299|6855|39904|202605
34177|1299|6453|4755|7768
29691|1299|6453|19318|201813
139317|44324|32595|174|9457
4181|1299|3223|34224|12735
852|1299|29695|206557|204503
139317|44324|32595|174|17185|25645
199524|174|14840|269288
6730|6830|1299|8551|44709
58308|6939|1299|49788|212514|214909
140627|1299|35598|25308|28917|204076
327727|174|28189|266931|269250|271150
34019|6939|2852|197451
4601|50869|6939|15372
205112|50629|3223|34224|12735
49432|48362|1299|17676|216211|44324|205369
28917|6939|1299|31915
59919|12779|21351|60132
12779|52320|7162|13878|52468|271150
48070|16276|203019
58308|6939|1299|18734|20940
12859|35598|52091|206810
50629|33891|60068|211571
205112|28917|215730|209693
12637|35598|52091|206810|214721
196621|6939|2852|198500
40994|1299|198949|35676
59890|174|210329|215728
8888|137409|174|210|47065|61574
58308|6939|1299|207415
210937|1299|10490|2722|12148|47065|61574
50304|1299|3356|28370|267556
58308|6939|56595|58148
58308|6939|7018|397556
20932|1299|201814|209896
196621|6939|28917
28917|6939|1299|210333
210312|4601|50869|52025|209477
3356|1299|12859|47065|61574
23367|1299|21351|60132
13786|174|60068|216213|205884
917|25369|174|52468|262393
8280|6762|174|60068|216213|205884
39351|1299|20473|47065|61574
58308|6939|2852|200874
15605|35598|52091|206810|12773|52213
1280|1299|8551|44709
58308|35598|52091|206810|211692|214268|196977
1299|3257|60068|206406|210557
210312|4601|6939|28917|47438
55222|174|56630|209944
15935|174|52468|271150
210312|4601|50869|6939|2852|48091
58308|6939|29670|213341
58057|50673|174|7195|20473|47065|61574
8280|6762|174|32595|44324
30781|1299|10490|2722|12148|47065|61574
263237|174|204548|215728
61218|6939|1299|201814|209896
328512|5713|3491|174|37468|61568|266460|61625
29632|9002|3356|174|3130|47065|61574
47311|150249|212001|199376
37721|174|140227|44324|205369
204092|16276|203019
139317|44324|32595|174|209532
28917|6939|1299|23520|267853
6424|6939|28917|50045
58308|6939|1299|262223
31742|1299|3356|28370|263060
2497|174|52468|271150
28917|6939|1299|60068|25645
4601|50869|214420
202032|58115|21263|205844
28917|6939|1299|14080|263710
174|21320|5408|50148
6424|6939|2852|204772
6908|174|201814|209896
5405|6939|30893|13214|35634
29680|174|21320|5408|50148
28917|6939|1299|60068|201207|212238
57381|50304|1299|174|1916|47065|61574
28917|6939|1299|21859|63473|213771
58308|6939|6830|60068
3257|1299|12859|47065|61574
58308|6939|1299|14080|273083
24785|6830|3257|20473|47065|61574
3741|174|56630|209944
139317|44324|32595|174|53667|213891
38001|3491|174|22381|267470|263047|264389
35600|6939|28370|263060
57777|13335|5408
35280|1299|3920|206777
8283|20764|52091|206810|59815|25299
204092|6939|28370|264426
2500|2914|1299|34927|202532
12956|174|11432|271150|272738
174|6453|19318|201813
8280|6762|174|10490|2722|12148|47065|61574
16552|3257|174|3130|47065|61574
6762|1299|29695|206557
28917|6939|1299|8151|28563
58308|6939|1299|212318
58308|6939|8899|42652|3573
210937|1299|174|210329|215728
2914|2603|21320|5408|47065|61574
28917|6939|39791|57728
58299|62255|52091|206810|12773|47809|50780
6696|1299|6855|39904|205968
139317|44324|32595|174|396026
6696|1299|3356|8772|215536
207841|6939|28917|39238|49392
23764|1299|198949|35676
25160|174|210|47065|61574
210312|4601|50869|41051|212470
22652|174|21320|5408|50148
37697|3491|174|210329|215728
136557|174|35598|52091|206810|196638
57777|8298|8283|3491|216211|211575
206356|50629|13335|400095
132825|174|210329|215728
49788|1299|16276|203019
58308|6939|207995
8283|6939|15372|203592
44324|32595|174|397142
20612|9044|1299|8551|44709
28917|6939|1299|6855|200828
58308|6939|1299|835|52025|203069
3130|174|216211|44324|205369
28917|6939|1299|40185
3130|174|52468|271150
58308|6939|8194
58308|35598|52091|206810|39089
7018|3356|23764|35168|212999
41666|56630|209944
57866|1299|34927|202532
58308|6939|6830|23520|265539
139317|44324|32595|174|20135
24482|2914|1299|60068|216213|205884
34927|1299|9002|8772|396416
6720|1764|174|216211|211575
29222|174|21700|399914
12637|35598|52091|206810|35273
37100|1299|6855|39904
5413|1299|20473|201423
40387|1299|201814|209896
29169|1299|20473|47065|61574
1299|20473|30893
41327|1299|20473|201423
12350|1299|3356|28370|263535|268030
513|174|60068|216213|205884
328512|37100|1299|8551|44709
48070|6939|28370
6730|6830|9002|12555|200624
32590|174|52468|262393
29222|6939|15935|201727
15605|6939|30893
32590|1299|6855|39904|199604
12859|22356|52468|271150
215596|174|28189|266931|271615|273522|271150
1273|174|11432|271150
50628|1299|3257|20473|47065|61574
44324|32595|174|400812
35600|31564|174|35665|200906
13030|1299|60068|216213|205884
28917|6939|1299|62874|50495
37721|174|8551|20473|47065|61574
28917|6939|1299|23033|204957
47147|1299|3356|16735|273514
44324|32595|174|263194|262259
29222|6939|553|34878|58069
58308|6939|1299|30823|215730
6830|3356|28370
58308|6939|1299|20473|25820
205206|1299|21351|60132
34019|47160|174|20473|47065|61574
50629|1299|4637|20473|47065|61574
12859|2603|21320|5408|47065|61574
1836|33891|216067|44244
58308|6939|63290|40335
34854|13335|5408
11039|6461|1299|4230|2716
42473|1299|21351|60132
58057|34549|1299|3920|206777
205206|1299|174|204548|215728
20612|9044|1299|174|204548|215728
6424|6939|28370|269016
57866|5511|174|32595|44324
137409|174|60068|216213|205884
58308|6939|6830|59776
6461|174|37468|61568|266460|61625
6720|1764|1299|3920|206777
52320|1299|3356|8119
15935|174|28189|266931|269250|271150
394256|174|52468|271150
140627|1299|6855|39904|199604
58308|6939|6830|23520|264821|274129
196621|6939|28917|44812
7660|2516|174|3130|47065|61574
58308|6939|1299|52468|272032
4764|174|399697|39967|399697
35600|35598|52091|206810|214210
4601|50869|52025|205378
205112|12859|47065|61574
41327|174|3130|47065|61574
58057|50673|174|5459|200070
3170|6939|28370|52593
136557|174|1299|20473|47065|61574
49028|1299|198949|35676
29222|6939|28917|50009
37105|37662|174|201814|209896
6424|7195|28189|266931|269250|271150
209650|34927|1299|201814|209896
2914|1299|1680|20473|47065|61574
31742|1299|1680|20473|47065|61574
328206|37739|3491|174|10490|2722|12148|47065|61574
28917|6939|1299|23520|27696
6424|28283|268744|2716
28917|6939|1299|14016|402062|402197
29222|6939|48678|211804|208913
58057|50673|174|2914|20473|47065|61574
58308|6939|28370|263060
23367|1299|52320|7162|13878|52468|271150
207841|6939|196610
28917|6939|1299|20473|51191
41666|20764|52091|206810|214210
20514|1299|3356|28370|263963
34927|1299|174|1916|47065|61574
29222|6939|28370|267556
58308|6939|1299|22773
28917|6939|58308
28917|22356|52468|271150
34549|174|216211|211575
8218|6461|1299|198949|35676
6424|47065|61574
58308|6939|6830|23520|262202|3573
20612|9044|174|52468|271150
52025|1299|29695|206557|204503
64475|6939|42695|52011
49788|1299|6762|16735|273514
58308|6939|28370|264426
14630|1299|6855|39904|47767
262427|174|35598|52091|206810|24881
6730|6830|3257|22773|8119
2518|1299|34927|202827
58308|6939|199081|209847|26383
20764|174|216211|211575
28917|6939|6830|34549|213045
49028|1299|3356|16735|2716
28917|6939|1299|20473|398549
139317|44324|32595|174|55286|399122
3130|174|20473|47065|61574
48362|1299|6762|267470|263047
25160|1299|198949|35676
17660|2914|1299|6855|39904|199604
4601|50869|58299|35206
12859|35598|52091|206810|211692|214268|196977
553|9002|4657|132132|1299|6939|46997|10241|131259
263237|174|201814|209896
3170|6939|28370|269016
3491|174|210329|215728
58308|6939|7018|20182
28917|6939|1299|20473|150788
28917|6939|1299|17072
28624|3356|1299|6855|39904|199604
8283|2914|16164|36032
58308|6939|1299|11172
559|35598|52091|206810|35273
47160|174|204548|215728
28917|6939|1299|10396|14789
58308|6939|208453|213998
3356|1299|20473|399970
6424|7195|11432|271150
21232|15576|174|52468|271150
206356|50629|50263|201814|209896
148968|1299|174|21320|5408|50148
41327|6939|50989|50683
8283|6453|60068|216213|205884
36924|1299|1680|20473|47065|61574
3130|174|35598|52091|206810|56766
174|14840|269288
196621|6939|50989|205966
207841|30844|21351|60132
5413|1299|6855|39904|199604
34927|174|216211|211575
139317|44324|32595|174|31775
29222|6939|28917|44812
205206|1299|6855|39904|202605
28634|4230|1299|21351|60132
139317|44324|7720|10111|1299|60068|197103|212080
58308|6939|6830|23520|263703|269820
210312|4601|50869|58299|41051|49867
8220|1299|42303|51701|30893
139317|44324|32595|174|46437
513|29222|6939|263047|271068
48070|1828|13789|30372|3356|174|393216
136557|174|1299|3920|206777
29222|6939|56595|211879
58308|6939|6830|31079
4601|50869|52025|212895|214205
58308|6939|1299|11172|270217
50673|33891|20473|47065|61574
3170|6939|2852|198500
28917|6939|1299|39570
6730|6830|32787|202161
48070|6939|2852|202874
6424|6939|30893
58308|6939|1299|200217
58308|6939|6830|23520|267708|274330
34177|174|37468|270551|263047
58308|6939|6830|23520|52471
139317|44324|32595|174|36236|6838
45049|6696|1299|56630|209944
15935|6461|210|47065|61574
44324|32595|174|54413
199524|174|210329|215728
15623|174|1916|47065|61574
205206|1299|37468|52468|262393
3399|174|5538|8194|29345
34927|1299|3356|28370|269016
6830|1299|25091|8298|4601|4492
59890|174|399697|39967|399697
28917|6939|1299|23520|267797|263765
12389|174|1916|47065|61574
35600|13237|196714|5405|199284|15725|49885
7018|174|1916|47065|61574
6057|174|399697|39967|399697
328840|327727|174|1299|6939|24796|63293
28917|6939|1299|9141|211742
12779|3257|174|20473|47065|61574
34927|1299|3223|41327
327804|37271|174|60068|216213|205884
28917|6939|1299|61327
20514|1299|6855|39904
39122|1299|3257|20473|47065|61574
14537|52925|3356|1299|20473|47065|61574
553|6939|25192|26710
6424|1828|13789|30372|3356|174|393216
41327|37468|270551|263047
28917|6939|1299|20473|212237
35600|35598|52091|206810|210063
139317|44324|32595|174|53667|211233
1403|577|1299|34927|202827
28917|6939|1299|17676|4725|17509
210312|4601|50869|200242
34019|29169|174|52468|271150
4601|50869|34019|25057
36924|1299|6453|29208
58308|6939|1299|32374
28917|6939|7018|25687
6057|174|56630|209944
20764|174|1916|47065|61574
35600|35598|52091|44660
6730|6830|1299|6855|39904|199604
14630|1299|8551|44709
58308|13335|400095
58057|174|7545|20473|47065|61574
5405|62255|52091|206810|57164
46450|1299|20473|399970
45352|1299|6855|39904
12637|6939|28370|268521
28917|6939|1299|49915
35426|215596|1299|3356|28370|263963
29222|6939|32097|11867
28917|6939|1299|46475|59730
39120|174|210329|215728
7594|174|28189|266931|271615|273522|271150
1299|3257|19318|201813
213151|34927|12859|47065|61574
60068|1299|3356|8119
29504|39392|174|1916|47065|61574
47147|1299|20473|201423
58308|6939|1299|265583
15605|35598|52091|206810|34786|41875
20253|1299|1680|20473|47065|61574
58308|6939|42184|49552
6894|3257|1299|20473|47065|61574
559|6939|30893|13214|35634
28917|6939|31263|8822
35598|174|3356|28370|28657
28917|6939|1299|52468|52238
57111|174|1299|20473|47065|61574
44324|32595|174|329109|328297
52075|2914|12859|47065|61574
23764|3356|174|20723|2852|202874
15547|3303|21320|5408|47065|61574
47147|1299|8551|20473|47065|61574
58308|6939|7018|154126
29222|174|216211|211575
58308|6939|7018|20074
34854|1299|174|216211|211575
139317|44324|32595|174|397423
49028|1299|4230|52654|266493|61625
47957|3356|1299|10490|2722|12148|47065|61574
151326|174|3491|20473|399970
327960|174|204548|215728
210312|4601|6939|28917|198297
132337|1299|20473|47065|61574
58299|62255|52091|206810
1299|6939|215172|214955
210312|4601|50869|6939|30893
28917|6939|32097|54203
3216|1299|20473|399970
58057|34549|1299|3223|41327
35369|1764|174|216211|211575
6461|174|204548|215728
28917|6939|1299|17072|272336
28917|6939|1299|50304
8529|1299|22773|8119
30781|1299|3920|206777
44324|32595|174|13462
58308|6939|32097
58308|6939|1299|16509|14618|54981
44324|32595|174|140577
139317|44324|32595|174|55022
12859|35598|52091|206810|214721|204108
28917|6939|1299|398465
28917|6939|1299|6503
132825|174|399697|39967|399697
30844|174|216211|211575
14907|1299|3257|19318|209896
58308|6939|6830|33915|61351
58057|50673|174|2914|226|47065|61574
6908|174|6453|29208
12637|59692|12555
64475|3320|1299|8551|44709
210312|4601|50869|34019|204092|208567
48070|7195|28343|2716
559|6939|28370|28657
41666|20764|52091|206810|208435
6424|273522|271150
1299|60068|216213|205884
6720|1764|174|204548|215728
58057|34549|1299|33891|216067|44244
44324|32595|174|267613|13335
20253|1299|8551|44709
29222|174|52468|271150
3549|3356|1299|22773|8119
28917|6939|1299|20473|139317
28917|6939|39791|198002
204092|30781|1299|8551|44709
35600|6939|42695|43101
7018|6939|2852|210498
8283|7195|11432|271150
210312|4601|37271|20473|47065|61574
174|1299|12859|47065|61574
47147|1299|174|3130|47065|61574
40994|1299|34927|202532
58308|6939|50629|47277
207841|16276|203019
7594|174|16276|203019
28917|6939|1299|21859|63473|55223
40994|57463|41327|41827
28917|6939|1299|20473|48231
513|29222|6939|15935|204860|203385
28917|6939|7018|401623
28917|6939|1299|273263
15605|6939|30893|200690
60068|1299|198949|35676
4601|50869|215828|51202|215828
210312|4601|50869|34019|212783
44324|32595|174|28539
58308|6939|28917|48084|35816
6830|6453|8551|44709
577|1299|34927|202532
50877|5405|6939|2852|204772
28917|20764|52091|206810|214721|204108
64475|31133|35598|25308|28917|204076
44393|394256|174|1299|8551|44709
44324|32595|174|397168
32590|1299|3356|28370|264426
49028|1299|6453|29208
41327|33891|216067|44244
34019|47160|6461|174|37468|61568|266460|61625
553|1299|6461|394737
139317|44324|32595|174|44143
58308|6939|1299|51834
553|6939|2852|202874
28917|6939|1299|23520|46650|14432
31742|174|22381|267470|263047|264389
29222|6939|12779|44652
28917|6939|1299|23520|272012
12779|35598|52091|206810|208435
58308|6939|5405|213425
6423|20055|1299|3223|34224|12735
44324|32595|174|270120
207841|20764|43298|48678|210574
12779|6939|28370|52593
48919|174|1299|20473|47065|61574
9268|4764|1299|25091|8298|4601|4492
31510|174|3356|28370|268521
28917|6939|263047|264923
4601|50869|34019|35600|56648
29222|1299|20473|399970
14537|174|204548|215728
58308|6939|35133|50917
1299|6057|28283|268744|2716
38001|3491|174|20473|47065|61574
50629|215551|30893|13214|35634
58308|6939|1299|210909
44324|32595|174|53667|44421
34927|1299|3257|19318|209896
49028|1273|3216|51032|41344|39707
3741|174|22381|267470|263047|264389
6830|174|210329|215728
28917|6939|1299|21859|139057
28917|6939|3170|57782
263152|174|2914|20473|47065|61574
28917|6939|1299|6855|3573
29222|39801|58308
12956|174|37468|61568|266460|61625
8220|3491|174|20723|2852|202874
58308|6939|1299|15704
42541|1299|174|3130|47065|61574
7594|174|35598|52091|206810|56766
49544|2914|174|5538|8194|29345
3170|6461|17378|8119
216285|8280|6762|174|11432|271150|272738
28917|6939|1299|8151|270205
41327|44592|49581|209693
38136|50131|174|20473|47065|61574
50673|174|60068|197103|212080
58308|6939|6830|23520|272935|274105
210312|4601|50869|44324|199018
34927|1299|56630|209944
35710|3320|1299|17676|216211|44324|205369
49788|1299|7545|20473|47065|61574
266213|3356|1299|6855|39904|47767
29222|6939|24796|63293
28917|6939|6830|23520|52468|269934|274125
8283|49581|209693
4601|50869|34019|35600|61025
58057|1836|1299|20473|201423
12969|1299|6453|19318|209896
28917|6939|1299|32097|22295|40776
47147|3320|1299|8551|44709
28917|6939|31263|9026
49788|1299|6453|29208
8455|1299|6855|50698
327727|174|13335|5408
41666|37468|60068|216213|205884
34854|1299|2914|226|47065|61574
2734|63270|1299|15164|62725
29222|6939|8899|42652
394256|174|1299|3920|206777
57777|8298|8283|3491|209810|207187|207198|206429
29691|1299|6762|16735|273514
3491|1299|10490|2722|12148|47065|61574
58299|174|3130|47065|61574
58308|6939|25400|198309
8283|6939|196610
58308|6939|6830|33915|208240
28917|6939|263047|267961
58308|6939|1299|46475
64475|6939|59970
48362|1299|56504|47674
28917|6939|1299|19551
3320|1299|1680|20473|47065|61574
47160|6939|24796|63293
3130|174|1299|198949|35676
553|6939|16652
136557|174|60068|197103|212080
210312|4601|50869|34019|200162
25091|8283|47065|61574
139317|44324|32595|174|397142
1403|577|1299|20473|399970
12956|174|32595|44324
55720|2914|1299|6855|39904
6720|1764|174|3130|47065|61574
31742|1299|3356|8119
48070|1299|6855|39904
199524|1299|6762|16735|2716
40387|1299|3356|8119
44324|32595|174|30150
56987|1299|8551|44709
20205|174|20473|47065|61574
24516|174|35598|25308|28917|9049|51017
199524|1299|9002|8772|396416
44324|32595|174|394855
29504|15935|174|60068|197103|212080
12779|6939|29222
57111|41327|215551|30893
50877|5405|1299|198949|35676
28917|6939|1299|29447
3130|174|35598|52091|206810|211692|214268|197578
58308|59689|30781|1299|3920|206777
19653|30600|1299|22773|8119
28917|6939|1299|200217
58057|34549|1299|37468|270551|263047
202365|50673|174|60068|197103|212080
44324|32595|174|16276
47147|1299|56630|209944
852|33891|60068|211571
6720|1764|174|52468|262393
59890|60068|33891|20473|47065|61574
6461|1299|1680|20473|47065|61574
58057|50673|174|210|47065|61574
58308|6939|6830|60284
58308|6939|1299|394923
513|29222|6939|64475
205206|1299|201814|209896
34927|52025|174|28189|266931|269250|271150
174|1299|6939|24796
6908|174|20473|47065|61574
174|20473|47065|61574
6730|6830|174|28283|268744|2716
4764|1299|29695|206557
28917|6939|1299|52468|269989
1299|3257|19318|209896
136557|174|20473|47065|61574
58308|6939|553|204680|214840
28917|6939|1299|42313
58308|6939|1299|208905|47956
58308|59689|29075|1299|20473|47065|61574
28917|6939|1299|44239
210312|4601|50869|199310|215502
553|1299|6762|267470|263047
48070|6939|2852|213152
58308|6939|6424|207990
6830|6762|267470|263047
58057|174|28189|266931|269250|271150
210312|4601|50869|44324|198304|204518
12637|6939|25192|26710
12637|34927|202827
28917|6939|3170|203363|212085
31742|1299|3356|28370|263963
28917|6939|1299|60068|197103|198517
8220|3491|174|210329|215728
53828|2914|1299|6855|39904|199604
15605|6939|30893|204789
61049|174|216211|211575
5405|61568|266460|61625
58308|6939|1299|265620|272344
132825|174|28189|266931|269250|271150
58308|6939|35133
327727|174|35598|52091|206810|48595
58308|6939|6830|23520|262191|273849
204092|6939|28917|204623
28917|6939|1299|23520|11139|397529
50304|1299|5511|60068|206406|210557
14907|33891|44592|49581|209693
8758|15576|174|52468|271150
14907|1299|174|204548|215728
51184|47692|33891|20473|47065|61574
35426|215596|1299|6762|16735|273514
35008|1299|6453|19318|209896
139317|44324|32595|174|207498
58511|1299|20473|201423
58308|6939|56595|215742
266213|3356|1299|20473|47065|61574
12637|32787|202161
48070|6939|28917|50009
58308|6939|1299|262206|18809|26105|264843
28917|6939|1299|23520|272935|271804
1299|4230|52654|266493|61625
28917|6939|1299|20473|205058
29222|6939|7018|11992|35892
971|174|210329|215728
55222|174|21320|5408|50148
8455|33891|44592|49581|209693
12859|6939|25192|29067
210312|4601|6939|28917|39238
7660|2516|1299|2914|226|47065|61574
48070|6939|28917|47438
559|6939|39790
6424|6939|28370|267556
58057|174|22381|267470|263047
58308|6939|6830|23520|272935|267845
7018|6939|33924
7594|174|210|47065|61574
8888|137409|174|20473|47065|61574
28917|6939|1299|7483
14315|174|16276|203019
13830|971|174|52468|262393
852|1299|3920|206777
1103|20965|5408|47065|61574
41722|20764|33891|60068|211571
48070|6939|28917|25386
52873|12956|1299|6855|39904|199604
28917|6939|1299|202045
328512|5713|174|60068|211571
20514|1299|23764|35168|212999
28917|6939|1299|20473|33760
8529|1299|6855|39904|47767
3549|3356|174|210329|215728
19151|174|46427|64289|44592|49581|209693
39122|1299|3356|28370|268198
49028|1299|3356|28370|263535
58308|9002|12555
553|174|210329|215728
58308|6939|553|34878|58069
6830|9002|12555|48430
15935|174|3257|60068|206406|210557
3303|174|399697|39967|399697
52320|1299|60068|197103|212080
58308|6939|1299|39855
1836|174|204548|215728
34288|1299|8551|44709
57381|50304|1299|6855|39904|47767
327782|37100|1299|3920|206777
2027|6696|1299|20473|47065|61574
9268|4764|1299|201814|209896
58308|6939|8943|43915
20205|1299|8551|20473|47065|61574
39122|1299|6855|39904|202605
34927|6830|60068|216213|205884
50877|5405|6939|25192|26710
29680|174|14840|269288
210312|4601|50869|60900
680|20965|5408|47065|61574
28917|57724|12555
58308|6939|6830|23520|263714
971|174|7311|835|394273
196621|15576|174|52468|271150
58308|6939|7018|401202
44324|32595|174|11172|272318
56655|1299|3356|20473|47065|61574
15605|20764|43298|48678|213865
29075|1299|10490|2722|12148|47065|61574
205206|1299|174|37468|61568|266460|61625
44324|32595|174|212081
29075|1299|17676|216211|44324|205369
6730|6830|3356|28370|267556
204092|6939|28370|270962
58308|6939|6830|23520|46650|399273
17639|174|399697|39967|399697
8220|1299|6762|267470|263047
199524|1299|2914|226|47065|61574
35426|215596|1299|3356|28370|263535|268030
28917|6939|29222|41495
198385|174|60068|211571
58308|6939|1299|36352|399502
15605|35598|52091|206810|202279
3170|174|22381|267470|263047
6424|6939|24796|63293
327782|37100|174|3130|47065|61574
58308|6939|1299|39648
58299|14840|2716
58057|50673|174|3257|22773|8119
44324|32595|174|205847
58308|6939|5405|12502
58057|174|60068|211571
174|52468|262393
210312|4601|50869|34019|35600|61025
151326|174|35598|52091|206810|214210
34019|212815|52053
29222|6939|12779|204664
29222|6939|7018|399611
58308|29075|1299|20473|47065|61574
559|35598|52091|206810|214210
2497|1299|20473|47065|61574
6424|6939|28917|6789|200702
48919|9002|21320|5408|47065|61574
36924|1299|37468|270551|263047
36924|1299|3257|19318|209896
6894|174|1299|20473|47065|61574
917|60068|5511|1299|20473|47065|61574
139317|44324|32595|174|13335
32590|4637|6830|34927|202827
12779|7195|28343|2716
7018|6939|196610|48927
327960|174|35598|52091|206810|39558
20932|8283|47065|61574
4601|50869|6939|50989|50683
44393|394256|174|60068|211571
29169|1299|20473|201423
49788|1299|2914|226|47065|61574
204092|6939|28917|21453
42541|1299|201814|209896
29222|6939|200462|213579
271253|6453|174|60068|216213|205884
4601|50869|58299|206470
4764|1299|56630|209944
57381|50304|1299|3356|22381|267470|263047|264389
917|60068|1299|6939|393682
917|60068|174|1916|47065|61574
559|35598|52091|206810|214721
140627|1299|29695|206557|204503
28917|8359|57304|15935
29222|6939|7018|11992|399599
12350|1299|3356|28370|267556
1273|174|20473|47065|61574
199938|1299|3356|28370|269016
271253|174|201814|209896
37680|41327|24796|12779|197000
58308|6939|1299|20473|200959
28917|6939|1299|20940|36183
58308|6939|1299|25400|49082|204224
199524|1299|6855|39904|199604
58308|6939|9136|207592
44324|32595|174|393681
36924|1299|34927|202532
39351|174|204548|215728
59414|13030|1299|60068|216213|205884
2734|16735|53062|266493|61625
328206|37739|3491|1299|34927|202532
3130|174|1299|6855|50698
198249|7195|20473|47065|61574
204092|6939|28917|39238|49392|9098
206356|50629|8551|44709
210312|4601|50869|6939|2852
2518|1299|25091|8298|4601|4492
48070|1299|20473|399970
61568|174|210|47065|61574
37497|174|3356|28370|28657
48362|1299|37468|270551|263047
38001|3491|174|5538|8194|29345
7018|1299|8551|44709
28917|6939|1299|6400|272867
58308|6939|1299|52468|271948
4601|50869|52025
174|37468|53062|266493|61625
1299|174|21320|5408|47065|61574
52925|3356|1299|6855|39904|47767
20932|1299|6453|29208
35600|1828|12179|393398|3356|1299|23033|50131
35008|1299|7195|28189|266931|271615|273522|271150
34019|6939|2852|48091
209650|34927|1299|3356|28370
210312|4601|6939|28917|50923
9002|6830|60068|211571
25152|2914|1299|198949|35676
2518|1299|6855|50698
16552|1299|9002|8772|396416
1403|577|174|20723|2852|202874
148968|7474|7473|1299|34927|202532
398465|4826|1299|8551|44709
29222|6939|48678|47951
293|3356|1299|201814|209896
215596|1299|3223|34224|12735
12637|6939|2852|48091
58308|6939|33891|204419
139317|44324|32595|174|22359
60326|34872|24961|1299|20473|47065|61574
205206|1299|3356|28370|269016
12859|6939|393682
7594|174|14840|2716
37239|37468|174|12956|212721
12586|3257|174|3130|47065|61574
205206|1299|174|60068|216213|205884
8220|1299|3356|28370|263963
28917|6939|1299|202276
3216|1273|174|52468|271150
6830|3356|28283|268744|2716
58308|6939|29208|56717
44324|32595|174|53667|206042
7018|3491|216211|211575
6424|1031|61568|266460|61625
50673|174|2914|20473|47065|61574
7594|174|22381|267470|263047|264389
58308|6939|1299|262206|18809
58299|174|1916|47065|61574
58308|6939|1299|3301|2799
29222|6939|29208|62083
196621|6939|28917|25386
29140|286|1299|20473|47065|61574
137409|33891|60068|211571
20612|9044|174|22381|267470|263047|264389
263237|174|6461|394737
48362|1299|3356|8119
50628|1299|4230|2716
3130|174|2914|226|47065|61574
28917|6939|7018|399201
199524|3491|174|37468|61568|266460|61625
58299|32787|202161
136557|174|52468|271150
210312|4601|50869|59645|216355
12779|6939|28370|267556
31742|1299|6453|1031|61568|266460|61625
37271|174|60068|205884
28917|6939|1299|23033|27323
12307|29691|1299|20473|399970
58308|6939|1299|11019
28917|6939|1299|20473|211224
174|21320|5408|47065|61574
8220|6453|174|60068|205884
553|174|20473|47065|61574
44324|32595|174|212148
29222|6939|42184|49552
49028|1299|10490|2722|12148|47065|61574
44324|32595|174|39537
4775|1273|174|60068|197103|212080
559|35598|52091|206810|211101
28917|6939|1299|3308|201503
139317|44324|32595|174|18001
28917|6939|1299|39351
16347|1299|3223|41327
58308|6939|5405|12337
7594|174|22381|267470|263047
35008|1299|3356|8119
37697|37497|1299|6855|39904|199604
5413|1299|3257|19318|209896
559|6939|25192
6453|174|20473|47065|61574
15547|174|60068|211571
210937|1299|174|1916|47065|61574
5405|28283|268744|2716
328840|327727|174|35598|52091|206810|211692|214268
559|34927|202827
28917|6939|268624|262594|269677
35600|35598|52091|206810|214721
6830|12956|21351|60132
199524|1299|3356|28370|267556
553|7195|28189|266931|271615|273522|271150
7594|174|35598|52091|206810|202279
559|6939|207995
39122|1299|3356|28370|263535
139317|44324|32595|174|44166
199524|1299|25091|8298|4601|4492
42473|1299|201814|209896
196621|6939|50989|33837
20514|1299|60068|211571
58308|6939|1299|21277|197882
12859|35598|52091|206810|39089
213151|34549|1299|3223|34224|12735
210937|1299|6762|16735|2716
52075|33891|44592|49581|209693
58308|6939|15935|197451
207841|6939|28917|24651|39900
971|174|28189|266931|271615|273522|271150
29222|6939|39791|198002
210312|4601|50869|58299|209807
139317|44324|32595|174|13249
58308|6939|33891|213913
214443|6939|28917|52191
34927|52025|174|3356|28370|268521
28917|6939|1299|60068|399244|142594
64475|6939|28370|270962
12779|62255|52091|48158
8298|8283|3491|209810|207187|204943
59105|2518|1299|6855|39904|202605
59919|12779|56630|209944
28917|6939|1299|20473|139686
28917|6939|1299|42313|207876
51088|2914|174|20473|47065|61574
48070|13335|5408
28917|6939|1299|23520|28545|28512
45049|6696|1299|10490|2722|12148|47065|61574
917|60068|174|11432|271150|272738
4181|1299|3356|1680|44709
6830|3356|28370|263060
8283|16276|203019
680|1299|174|37468|61568|266460|61625
44324|32595|174|28929
210312|4601|50869|41051|207852
44324|32595|174|394584
139317|44324|32595|174|210801
559|16276|203019
328840|327727|174|30844|21351|60132
2497|1299|6855|39904|202605
28917|6939|1299|203055
136557|174|35598|52091|206810|211101
28917|6939|1299|32787|20940
28917|6939|1299|8796
8220|1299|3356|28370|53079
2497|174|1916|47065|61574
4601|50869|205154
3170|6939|28917|39153
29222|6939|33924
20514|1299|3356|28370|268198
28917|6939|1299|60068|197103|329324
21412|1299|10490|2722|12148|47065|61574
20612|9044|174|11432|271150
52025|32097|4230|2716
12779|6939|215172|214955
1140|24785|6830|3356|28370
174|16276|203019
8283|20764|52091|206810|12773
58308|6939|50533|205427
205206|1299|3223|34224|12735
29169|174|20473|47065|61574
59891|13030|1299|12956|212721
28917|6939|1299|42303
58308|6939|1299|835|52025|215760
139317|44324|32595|174|32505|397370|6936
139317|44324|32595|174|53667|199340
12637|6939|2852|210498
28917|6939|28370|268521
4601|50869|34019|201080
48362|1299|3356|28370
58057|1836|1299|201814|209896
44324|32595|174|63436
44324|32595|174|140627|17456
32590|7195|33891|216067|44244
28917|6939|1299|62044
58308|6939|6830|23520|262202
62167|174|60068|197103|212080
398465|1299|6762|267470|263047
44324|32595|174|395461
4601|50869|6939|33924
40994|21320|5408|50148
47692|33891|8943|200636
199524|1299|29695|206557|205190
28917|6939|1299|23520|272935|267845|64120
29691|1299|6453|19318|209896
398465|1299|174|21320|5408|50148
32653|3741|174|201814|209896
210312|4601|50869|199310|153376
174|11432|271150
42473|1299|174|14840|269288
15935|174|52468|262393
174|3257|19318|201813
1299|3356|28370|263963
28917|6939|1299|20473|44446
41666|14840|269288
15605|35598|52091|206810|57164
199938|1299|3356|16735|273514
48070|6939|42695|52011
28917|6939|28370|28657
58308|6939|39791|49101|51449
202365|50673|174|5538|8194|29345
58308|6939|1299|20473|203145
4601|50869|215561
42541|1299|56504|47674
55222|174|28189|266931|269250|271150
1140|24785|6830|3356|16735|273514
58308|6939|1299|134521
44393|401753|34872|8283|47065|61574
36924|1299|6855|39904|199604
37697|3491|174|60068|211571
136557|174|1299|34927|202532
34019|30781|1299|20473|47065|61574
28917|6939|1299|23520|263703|272951
44324|32595|174|47674
3491|174|60068|211571
29222|6939|215085
3356|174|21700|399914
58299|62255|25308|28917|9049|51017
58308|6939|62193
13786|174|12956|212721
58308|6939|6830|23520|273157
210937|1299|34927|202827
35008|1299|12956|212721
6894|33891|216067|44244
44324|32595|174|394611
49605|6762|1299|6855|39904|202605
29222|6939|7018|400072
24516|174|210329|215728
35426|215596|1299|3257|19318|201813
205206|1299|6855|50698
28917|6939|1299|265583
139317|44324|32595|174|400702
328840|327727|174|3356|28370|268521
13830|971|174|34927|202827
28917|6939|1299|262206|23243|26617|269964
30781|1299|20473|399970
13237|1299|6855|39904
199524|174|3257|21034
207841|6939|28917|48084
215596|174|60068|205884
28917|6939|15935|197451|201263
20912|12637|174|21320|5408|47065|61574
50629|33891|44592|49581|209693
37105|37468|174|5538|8194|29345
206356|50629|1299|198949|35676
29222|6939|268047
8283|6939|42695|52011
51873|6830|1299|3920|206777
553|6939|50989|205966
24961|1299|198949|35676
50877|5405|6939|28370|269016
174|140227|44324|205369
58308|6939|6830|23520|27665|46764
32653|3741|174|14840|2716
3130|174|399697|39967|399697
8758|15576|174|210329|215728
196621|58115|21263|56984
12859|1031|61568|266460|61625
196621|6939|28370|52593
174|3257|28917|215730|209693
28917|6939|1299|20473|51044
58308|6939|2852|212876
40994|6939|50989|48116
29075|1299|3356|28370|268521
28917|6939|1299|7632|131728
28917|6939|1299|29990
2734|21859|138415|4229|1299|3786|138195|136800
49028|1299|21351|60132
139317|44324|32595|174|57225
6696|1299|6461|394737
40994|6939|28917
31742|174|1916|47065|61574
37721|1299|8551|44709
58308|6939|29222
35600|6939|30893|199580
7018|6939|28370
29075|1299|3356|28370
51873|6830|174|52468|262393
59105|2518|2914|174|20473|47065|61574
13237|1299|3356|28370|268198
28917|215551|30893|205166
6424|266460|61625
58308|6939|1299|29066
1280|2914|174|37468|61568|266460|61625
57381|50304|1299|60068|197103|212080
57695|917|60068|1299|3223|41327
553|1299|3356|28370|268198
213151|34927|1299|20473|201423
3170|13335|5408
3130|174|37468|61568|266460|61625
46450|1299|174|3130|47065|61574
25220|1299|20473|47065|61574
209650|34927|174|210|47065|61574
3170|6939|28917|198297
35369|5405|9498|20473|47065|61574
35280|1299|42303|51701|30893
28917|6939|1299|20473|211321
2914|1299|3920|206777
21232|15576|174|210329|215728
28917|6939|1299|60068|216213|215434
4901|11537|20965|5408|47065|61574
132825|174|3257|25091|8298|4601|4492
12637|35598|52091|206810|5598
29504|15935|33891|60068|211571
49432|48362|1299|37468|270551|263047
41327|6939|33924
50629|47311|150249|153176
263152|264409|174|399697|39967|399697
207841|61049|174|140227|44324|205369
52025|32097|4230|52654|266493|61625
37497|1299|20473|399970
34800|58057|50673|33891|34927|202532
209650|34927|174|7311|835|394273
6424|14840|2716
6830|9002|8772|396416
50673|174|210329|215728
553|1299|6453|19318|209896
207841|32787|202161
28917|6939|263047
6830|6939|28917|35539
58057|34549|1299|10490|2722|12148|47065|61574
271253|6453|1299|20473|399970
34927|1299|198949|35676
44324|32595|174|53667|202776
1273|174|1916|47065|61574
6423|20055|1299|29695|206557|208835
29222|6939|25192
286|3257|28917|215730|209693
35600|6939|28370|268198
198249|8551|20473|47065|61574
8283|6939|29222|207688
139317|44324|32595|174|61098
58308|6939|50629|207252|200229
139317|44324|32595|174|398843
44324|32595|174|204979
139317|44324|32595|174|30919
7018|6939|2852|200874
196621|6939|28917|39153
29075|1299|3216|51032|41344|39707
20764|174|1299|20473|47065|61574
49028|1299|37468|270551|263047
58308|6939|33891|59716
58308|6939|7018|1341
4601|50869|213768|205634
49028|1299|174|22381|267470|263047|264389
207841|6939|29222
13830|971|174|35598|52091|206810|48595
207841|61049|12859|47065|61574
28917|6939|1299|208905|206446|35793
3170|174|201814|209896
12307|29691|1299|12956|212721
44324|32595|174|7413
12779|174|60068|216213|205884
139317|44324|32595|174|153773
14907|1299|60068|211571
28917|6939|6830|33915|209390
45049|6696|5511|174|11432|271150
210937|1299|7545|20473|47065|61574
28917|6939|1299|26375
4601|50869|52025|212895|215459
48185|1299|3257|20473|47065|61574
140627|1299|20473|399970
6424|6939|54429
6830|3257|204548|215728
50673|174|138997|216211|44324|205369
139317|44324|32595|174|55644
8758|15576|174|204548|215728
6057|8455|8283|47065|61574
44324|32595|174|27385
53828|2914|174|20473|47065|61574
12859|8551|44709
17350|2914|174|20473|47065|61574
29691|33891|44592|49581|209693
58308|6939|39791|49101|42422
28917|6939|52838|268086
34288|1299|174|37468|61568|266460|61625
151326|174|35598|52091|206810|57164
31510|174|1299|6855|39904|47767
59105|2518|1299|3920|206777
44324|32595|174|53667|215832
139317|44324|32595|174|22360
5405|1299|17676|216211|44324|205369
35600|6939|28917|47914
513|174|3257|20473|47065|61574
35598|174|399697|39967|399697
58308|6939|1299|1759|51164|20574
29222|6939|2852
553|6939|2852
3130|174|35598|52091|206810|39089
58308|6939|1299|203092
50628|6453|174|5538|8194|29345
204092|34019|35598|52091|206810
8283|6762|60068|216213|205884
28917|6939|1299|60068
35600|6939|50989
58308|6939|50629|207252|205941
28917|6939|28370|263535
57111|174|1299|20473|399970
210312|4601|50869|215828|59449
8455|1299|6855|39904|202605
22652|1299|20473|201423
28917|6939|1299|14080|265652
49544|3356|174|60068|205884
58308|6939|1299|36352
29075|174|52468|271150
6830|6939|2852|197277
29222|174|204548|215728
6830|174|11432|271150|272738
6830|6939|28370|263535
58057|50673|174|216211|211575
55720|3491|174|37468|61568|266460|61625
23352|2914|1299|1680|20473|47065|61574
7018|3356|16735|266931|269250|271150
25220|1299|21351|60132
58308|6939|1299|54696
50629|20764|52091|206810|56915
207841|57463|14840|2716
32590|4637|1299|201814|209896
58308|6939|1299|6424|47787|203020
50304|1299|22773|8119
8455|6830|60068|211571
3170|6939|42695
210937|1299|6762|16735|273514
48070|20473|30893
210312|4601|50869|34019|209523
34019|6939|2852|201648
398465|1299|201814|209896
58308|6939|12735|212805
28917|6939|39791|49101|211274
210312|4601|50869|34019
4601|50869|34019|12654
199524|1299|3356|28370|28657
47147|1299|6939|33924
210312|4601|50869|52025|214323
20485|1299|6855|39904|199604
559|9002|12555|48430
3741|174|1299|6855|39904
29222|6939|28917|48084|59833
44324|32595|174|19382
28917|6939|52838
7713|174|1299|34927|202532
199524|174|6453|29208
29680|174|1916|47065|61574
60011|3356|1299|198949|35676
29075|174|3130|47065|61574
44324|32595|174|37468|61568|266460|61625
28917|6939|1299|20473|398223
28917|6939|25563
8280|6762|174|8551|20473|47065|61574
6830|3257|56630|209944
48070|1299|174|60068|205884
8280|6762|1299|20473|47065|61574
32590|4637|6461|174|37468|61568|266460|61625
3170|6939|28917|28775
28917|6939|1299|38930
58308|6939|1299|5056|20273
14907|1299|6855|39904|199604
328840|327727|174|35598|52091|206810|8274
136557|174|35598|52091|206810|210063
8529|1299|20473|201423
48185|21320|5408|47065|61574
196621|6939|54429|401894
50877|5405|6939|2852|48091
29222|6939|50533
6830|1299|42303|51701|30893
202365|50673|174|204548|215728
12969|1299|37468|53062|266493|61625
34019|29169|174|399697|39967|399697
12779|174|3130|47065|61574
3491|174|5538|8194|29345
44324|32595|174|54994
40387|1299|29695|206557
28917|6939|1299|20473|209220
9044|1299|6453|4755|7768
28917|6939|1299|24429
49432|48362|1299|174|216211|211575
216285|8280|6762|174|32595|44324
16552|1299|60068|211571
64475|62255|52091|206810|48595
513|29222|6939|212635
3130|174|3356|28370
57777|8298|25091|6453|174|399697|39967|399697
58308|6939|6830|23520|262191|274247
56655|1299|4637|20473|47065|61574
48185|1299|174|37468|61568|266460|61625
3170|6939|15372
29222|6939|7018|35980
328840|327727|174|28189|266931|269250|271150
4775|1273|174|21700|399914
28624|3356|1299|6855|39904|47767
35600|6939|28917|12668
29479|50304|1299|3223|41327
151326|174|6762|49666|58224|214805
16347|1299|6762|60068|205884
58308|6939|50533|33808
3170|6461|6424|44592|49581|209693
29222|6939|28370|28657
6424|174|210|47065|61574
35369|1764|174|204548|215728
1103|6830|174|11432|271150|272738
28917|6939|1299|33549
28917|6939|1299|32374
58308|6939|1299|27947|52468
55222|174|6461|394737
210937|1299|174|21320|5408|47065|61574
29222|6939|553|60824
60011|3356|1299|22773|8119
40994|174|28189|266931|271615|273522|271150
3170|2603|21320|5408|50148
12859|6939|50989
398465|174|3356|8772|215536
35008|1299|3356|8772|215536
58057|174|35598|52091|206810|202279
48070|6939|28917|39153
59890|60068|1299|20473|201423
196621|6939|28370
3170|2603|21320|5408|47065|61574
6424|174|216211|211575
28917|6939|1299|198218
4601|50869|214508
28917|6939|1299|23520|272935|263730
18106|2914|1299|198949|35676
58308|59689|30781|1299|6855|39904|199604
12859|8551|20473|47065|61574
31742|1299|7545|20473|47065|61574
20205|1299|32787|202161
24482|33891|216067|44244
28917|6939|56595|43442
553|1299|12859|47065|61574
6730|6830|1299|198949|35676
58308|6939|40994|204136
5413|1299|3491|216211|211575
64475|6939|16652
41327|9002|197068
58308|6939|1299|4226|401734
266213|3356|1299|198949|35676
1140|24785|1299|20473|399970
327804|37271|3257|1299|20473|47065|61574
7660|2516|1299|12859|47065|61574
58299|52320|7162|13878|52468|271150
12637|35598|52091|206810|211692|214268|196977
4601|50869|199310|207314
6720|1764|174|210329|215728
58308|6939|9136|206236|208183
4764|1299|3216|51032|41344|39707
20932|1299|6453|19318|209896
45352|1299|3216|51032|41344|39707
41666|31133|12389|28917|8905|42132|56779
58057|174|35598|52091|206810|59815|25299
50304|1299|3356|20473|47065|61574
174|35598|52091
139317|44324|32595|174|53587|22552
55222|1299|6855|50698
553|6939|207995
34854|1299|29049|49666|205647|49801|204533
139317|44324|32595|174|6914
58308|6939|33891|61098
64475|6939|33924
139317|44324|32595|174|35598|204490|206306
34854|1299|33891|216067|44244
398465|3320|1299|12859|47065|61574
28917|6939|7018|20074
8220|6453|174|60068|216213|205884
553|29632|59682
205112|50629|6461|394737
29691|33891|60068|211571
50629|20473|47065|61574
139317|44324|32595|174|401029
199938|1299|3356|28370|267608
204092|6939|2852|48091
5713|33891|216067|44244
36924|1299|3491|20473|47065|61574
44324|32595|174|32505
28917|6939|1299|60068|197103|272768
39122|174|20723|2852|202874
28917|6939|1299|14754
49432|48362|1299|20473|201423
12956|174|60068|205884
29479|50304|1299|6855|39904|202605
9044|174|11432|271150
48070|6939|30893|13214|35634
2914|174|210329|215728
22652|174|11432|271150
1140|24785|6830|3356|28370|268521
28917|6939|263047|271068
47147|1299|3356|28370|267608
140627|1299|25091|8298|4601|4492
29222|1299|3920|206777
40994|3257|33891|216067|44244
48070|1299|3356|28370|268198
64475|6939|54429
49028|1299|174|210329|215728
3130|174|35598|52091|206810|202279
20764|174|7545|20473|47065|61574
28917|6939|1299|11172|265586
28917|6939|1299|6855|207696
12779|6939|28370|264426
37468|174|12956|212721
35600|6939|25192
58308|6939|41720|58180
5405|3216|51032|41344|39707
44324|32595|174|208765
1299|174|21700|399914
328840|327727|174|13786|28343|2716
199524|174|28189|266931|271615|273522|271150
24516|174|60068|211571
44324|32595|174|11990|17217
139317|44324|32595|174|54413
58308|6939|42184|196731
852|174|28189|266931|271615|273522|271150
49605|6762|1299|6855|39904|47767
58308|6939|7018|397568
132825|174|21320|5408|50148
6894|33891|44592|49581|209693
20253|1299|35598|25308|28917|204076
196621|15576|13335|400095
3491|5408|47065|61574
50628|6453|174|140227|44324|205369
39122|1299|3356|28370|264426
28917|6939|1299|23520|263238|52274
3257|174|201814|209896
577|174|1916|47065|61574
28917|6939|1299|60068|197103|400905
398465|1299|6855|39904|202605
59105|2518|2914|12859|47065|61574
42541|137409|48011|25184|49801|204533
40994|6939|28370|28657
263152|174|8551|20473|47065|61574
25160|174|60068|205884
58308|6939|1299|136106|45305|141607
3214|1299|60068|197103|212080
24516|174|6461|394737
58308|6939|1299|15695
6830|174|60068|205884
32590|3257|174|20473|47065|61574
136557|174|35598|52091|48158
28917|20764|29049|49666|205647|49801|204533
6908|1299|6855|39904|47767
52025|174|37468|270551|263047
210937|1299|6453|4755|7768
34019|6939|28370|28657
6830|6939|2852|204772
37271|174|14840|269288
32590|21320|5408|47065|61574
12859|35598|52091|48158
22652|33891|60068|211571
37662|174|399697|39967|399697
28917|8359|57304|209693|206715
28917|6939|1299|20473|62184
58299|1680|44709
12859|22356|28370|270962
19151|174|6453|4755|7768
199524|174|1299|20473|47065|61574
49028|1299|6939|28370|263535
40994|6663|29049|49666|205647|49801|204533
35008|1299|3356|14840|269288
30781|1299|6855|39904|199604
6730|6830|9002|197068
28917|6939|1299|55410|38266
199524|6762|1299|12859|47065|61574
139317|44324|32595|174|398113
6424|174|35598|52091|206810|56766
2734|9304|136237|174|137995
59890|174|21700|399914
136557|174|399697|39967|399697
35008|1299|37468|52468|271150
58308|6939|1299|6758|33874
48919|174|1299|8551|44709
4764|1299|56504|47674
58308|6939|28917|47759
34019|6939|30893|13214
49788|1299|6453|1031|61568|266460|61625
207841|6939|28917|47438
4601|50869|58299|206478
20253|1299|6762|16735|273514
21700|174|35598|52091|206810|24881
971|174|13786|28343|2716
53828|2914|12859|47065|61574
29222|6939|40994|216321
50131|174|7195|20473|47065|61574
5511|174|52468|262393
8280|6762|174|20723|2852|202874
23352|2914|174|210|47065|61574
28917|6939|7018|3423
22652|1299|2914|226|47065|61574
44324|32595|174|401847
971|174|35598|52091|206810|214721|204108
58308|6939|39791
4775|1273|174|210|47065|61574
35600|6939|28917|201119
30781|5511|174|37468|61568|266460|61625
3170|6939|28370|270962
28917|6939|1299|61423
2497|1299|6855|39904|47767
5405|266493|61625
28917|6939|1299|20473|206824
213151|41051|50263|201814|209896
28917|6939|6830|203446|214279
151326|174|3356|1680|44709
47147|1299|3257|20473|47065|61574
28917|6939|7018|16576
56655|1299|56630|209944
58308|6939|25400|25225
4601|50869|52025|214420
58308|6939|6830|5089
50629|20764|52091|206810|59815
8220|1299|174|21700|399914
58308|6939|6830|23520|52468|273859
29222|6939|12735|205893
58308|6939|1299|400767
7713|174|5538|8194|29345
44324|32595|174|399646|200329
328840|327727|174|3356|28370|28657
1299|6939|33924
174|1299|20473|47065|61574
16552|16260|174|52468|262393
5413|1299|6855|39904|202605
151326|174|22381|267470|263047|264389
6667|28917|215730|209693
14907|1299|37468|270551|263047
40994|6939|28917|43714
327960|174|35598|52091|206810|24881
205206|33891|216067|44244
16347|1299|3257|60068|206406|210557
32590|4637|3257|174|3130|47065|61574
139317|44324|32595|174|398885
63927|1299|20473|399970
28917|6939|1299|23520|272935|28053
50304|1299|6762|49666|58224|214805
44324|32595|174|35041
59689|29075|174|216211|211575
58308|6939|29222|41495
4601|50869|207303
56655|1299|174|204548|215728
327960|174|35598|52091|206810|48687
56655|1299|174|37468|61568|266460|61625
50629|2603|21320|5408|50148
8455|1299|198949|35676
210312|4601|6939|28917|48084|199961
28917|6939|1299|265840
266213|3356|1299|201814|209896
4764|174|37468|61568|266460|61625
35600|6939|28370|263535
40387|1299|35598|52091|206810
210312|4601|50869|34019|204092
29169|1299|198949|35676
58308|6939|1299|36137
64475|6939|28370|263535
48362|1299|174|216211|211575
3399|5511|174|20473|47065|61574
28917|6939|1299|21351|2472
20514|1299|35598|52091|206810
559|6939|28917|6789|200702
49028|1299|6453|19318|201813
34927|174|52468|271150
6830|6939|28370|28657
15605|35598|52091|44660
12969|1299|3356|1680|44709
23367|1299|7195|28189|266931|271615|273522|271150
20514|1299|6855|50698
22652|1299|7195|28343|2716
34927|56655|1299|6453|19318|209896
4601|50869|41051|213286
139317|44324|32595|174|6713|37190
34019|6939|207995
58299|174|22381|267470|263047|264389
4601|50869|41051|204406
58308|6939|7018|401623
28917|6939|6830
12350|1299|6453|19318|201813
48362|1299|3257|20473|47065|61574
44324|32595|174|399646|206042
2497|174|60068|205884
6720|33891|216067|44244
29222|6939|51826
398465|174|216211|44324|205369
59689|30781|5511|174|37468|61568|266460|61625
35426|215596|1299|20473|201423
12779|6461|394737
6830|6939|59689
12969|1299|3223|41327
44324|32595|174|207234
34927|52025|174|22381|267470|263047|264389
28917|6939|1299|41528
1140|24785|6830|174|11432|271150|272738
4601|50869|60900
28917|33891|60068|211571
1140|24785|6830|3257|20473|47065|61574
58308|6939|50989
8298|28917|215730|209693
12637|35598|52091|206810|24881|24697
137409|3356|1299|20473|47065|61574
210312|4601|50869|199310|215172
34177|1299|3356|28370|28657
15623|3303|21320|5408|47065|61574
57866|1299|6762|16735|273514
12779|6939|2852|202874
40994|6939|28917|198297|51081
28917|6939|29670|213997
48362|1299|3356|28370|269016
58308|6939|1299|60068|62651
207841|6939|28917|21453|199933
29222|6939|15372
513|29222|6939|202585|215842
40994|174|5538|8194|29345
44324|32595|174|7497
12779|35598|52091|206810|57164
3170|6461|52320|7162|13878|52468|271150
44393|394256|174|21320|5408|50148
12637|6939|50989
3170|6939|24796
398465|174|3130|47065|61574
6082|2914|1299|34927|202532
51088|8455|1299|60068|216213|205884
20253|1299|174|1916|47065|61574
59105|2518|1299|201814|209896
207841|6939|28917|206011
199524|1299|3356|28370|268521
58308|6939|28370|268198
37468|1299|198949|35676
6424|6939|28917|44056|57629
28917|6939|1299|20473|42692
28917|6939|1299|20473|40574
34854|1299|6855|39904|202605
59414|13030|1299|8551|44709
15935|174|6453|4755|7768
28917|6939|3170|205479
20205|1299|4230|52654|266493|61625
12552|33891|60068|211571
7018|3356|216211|44324|205369
34927|60011|3356|174|140227|44324|205369
35426|33891|216067|44244
6082|2914|1299|6939|24796
196621|9002|917|214598
8283|20764|52091|206810|202497
24961|1299|17676|216211|44324|205369
58308|6939|29670|205740
28917|6939|1299|198949|395831
20253|1299|9002|8772|396416
210312|4601|9002|8772|396416
28917|6939|1299|20473|399840
63927|1299|12956|212721
19653|2914|12859|47065|61574
19653|30600|1299|3920|206777
6424|13335|5408
28917|6939|1299|15695
6453|1299|8551|20473|47065|61574
28917|6939|1299|60068|62651
6730|6830|1299|6855|39904|202605
49028|1299|174|210|47065|61574
58308|6939|3170|215323
3320|1299|13335|400095
8283|6762|49666|58224|214805
29222|6939|40994
199524|174|1299|3920|206777
139317|44324|32595|174|32505
4601|50869|52025|216096
16347|1299|37468|60068|216213|205884
8426|3257|174|22381|267470|263047|264389
39392|174|1916|47065|61574
25091|6453|174|399697|39967|399697
50628|1299|12956|212721
52320|1299|201814|209896
6453|174|22381|267470|263047|264389
36994|3356|21320|5408|47065|61574
40994|1299|8551|44709
29222|6939|3170|57782
24516|174|35598|52091|206810|8274
917|60068|1299|6855|50698
139317|44324|32595|174|22381|270442
6730|6830|3257|21034
28917|6939|1299|198949|12625|15814
55222|1299|6855|39904|47767
327960|174|3356|16735|2716
29222|6939|263047|267961
12307|29691|1299|5511|60068|206406|210557
58308|6939|1299|22439
210312|4601|50869|6939|28370|263535
58308|6939|15935|204860|203385
47311|150249|212001|200160
553|33891|216067|44244
44393|394256|174|28189|266931|269250|271150
58308|6939|48678|212598
28917|6939|1299|210909
58308|6939|1299|48707
47147|9002|1299|8551|20473|47065|61574
58308|6939|33891|61438
28917|6939|6830|23520|272935|267845|273224
22652|1299|7195|20473|47065|61574
29222|6939|3170|214670
51519|39351|1299|20473|201423
2734|3257|174|21320|5408|47065|61574
28917|6939|1299|14593|40714
58308|6939|56595|207067
210312|4601|50869|6939|28370|268198
559|35598|52091|206810|57164
29222|1299|60068|211571
58308|6939|28917|198297|51081
42541|1299|6855|39904|47767
4601|50869|6939|2852|210498
37468|1299|20473|47065|61574
44324|32595|174|393524
12859|35598|52091|206810|59867
32590|1299|8551|20473|47065|61574
28917|6939|1299|8781
6424|174|2914|12859|47065|61574
40994|174|3130|47065|61574
12779|6939|29222|513|20940
59890|174|52468|262393
2914|174|201814|209896
139317|44324|32595|174|35986
3257|174|14840|269288
28917|6939|1299|22773
47147|1299|3356|28370|263963
40994|9002|34927|202827
28917|6939|1299|20473|214569
51185|6762|1299|6855|39904|199604
35280|6453|174|60068|216213|205884
4601|50869|58299|209898|199553|213081
7474|3257|174|21320|5408|47065|61574
58308|6939|1299|20473|211158
34800|58057|50673|174|60068|197103|212080
28917|6939|1299|23520|27884
199524|6762|174|20473|47065|61574
49432|48362|1299|174|60068|216213|205884
58308|6939|1299|265620|270111
6830|12859|47065|61574
12956|174|216211|211575
28917|6939|1299|31108
12969|1299|56504|47674
48070|6939|28917|47759
35320|1299|3920|206777
44324|32595|174|398748
2914|1299|6939|24796
29504|39392|33891|7195|20473|47065|61574
57463|8455|8283|47065|61574
19151|174|35598|52091|206810
6730|6830|12956|212721
12779|6939|25192|20701
44324|32595|174
6830|174|5538|8194|29345
44324|32595|174|55410|24023
47147|9002|21320|5408|47065|61574
45049|6696|1299|174|210|47065|61574
23367|1299|3356|28370|268198
210937|1299|3356|28370|269016
28917|6939|1299|398106|44273
328840|327727|174|201814|209896
28917|6939|1299|6503|22894
59890|174|10490|2722|12148|47065|61574
28917|6939|1299|20473|58093
4601|50869|52112
20253|1299|29695|206557|208835
20253|1299|16164|36032
39351|174|22381|267470|263047|264389
36924|1299|198949|35676
57777|8298|8283|3320|6855|39904|202605
20253|1299|3356|28370|263060
20764|33891|216067|44244
58308|20764|43298|48678|213865
8283|20764|52091|206810|196638
58308|6939|3170
12779|6939|2852|201648
28634|4230|1299|6855|39904|199604
398465|174|1916|47065|61574
45352|174|210329|215728
198385|174|6453|29208
577|1299|25091|8298|4601|4492
62167|174|1299|20473|399970
139317|44324|32595|174|394855
1299|6939|28370|263060
57111|41327|174|52468|262393
4601|50869|41051|201732
3399|174|37468|53062|266493|61625
39122|1299|20473|201423
42473|1299|174|140227|44324|205369
5511|174|20473|47065|61574
34019|201376|199881
28917|6939|1299|7843|10796|26072
29222|6939|12735|201978|208425
7660|2516|1299|34927|202532
20764|174|210329|215728
37239|37468|174|210329|215728
14315|6453|1299|6855|39904|199604
29075|1299|6453|19318|201813
28917|6939|1299|20473|138564
139317|44324|32595|174|35916|21769
49028|1299|3223|34224|12735
58308|6939|203059
132825|174|6453|29208
29222|6939|263047|267425
58308|6939|1299|49788|212514|215295
44324|32595|174|210|47065|61574
199524|1299|13335|5408
210312|4601|50869|199310|207529
28917|6939|1299|11506
327727|174|35598|52091|206810|214210
262427|174|35598|52091|206810|59815|25299
58308|59689|30781|33891|44592|49581|209693
39122|1299|3356|28370|53079
49788|1299|1680|20473|47065|61574
28917|6939|1299|20473|199695
1299|29695|206557|205190
28917|6939|6424
22652|174|204548|215728
41666|20764|43298|48678|213865
28917|6939|1299|60068|197103|216385
35369|8218|33891|60068|211571
58308|35598|52091|206810
3320|1299|201814|209896
559|34927|202532
205206|1299|3356|28370|268198
34927|12186|1299|22773|8119
58511|3257|174|60068|205884
553|174|21320|5408|47065|61574
47147|3320|1299|56630|209944
39122|1299|6855|39904|199604
32590|137409|6461|21320|5408|47065|61574
263237|174|2914|226|47065|61574
20932|174|204548|215728
207841|6939|28917|50923
28917|6939|1299|20473|62311
199524|1299|8551|44709
58057|50673|174|7545|20473|47065|61574
19151|2914|12859|47065|61574
6424|37517|1299|6758|37649
29075|174|140227|44324|205369
28917|6939|1299|23520|22933
28917|6939|1299|21976
29504|15935|174|8551|20473|47065|61574
34019|6939|200070
3214|1299|198949|35676
20612|9044|1299|56630|209944
33891|34927|202532
139317|44324|32595|174|13977|400848
6696|1299|8551|44709
15605|35598|52091|206810|211692|31069
23764|1299|174|3130|47065|61574
11039|6461|1299|8551|44709
35426|215596|174|11432|271150|272738
8359|1299|6855|39904|47767
29222|6939|3170|213692
6424|174|35598|52091|206810|213694
17350|6453|1299|8551|20473|47065|61574
680|2914|12859|47065|61574
32590|1299|3356|28370|268521
271253|6453|1299|198949|35676
50304|1299|3356|1680|44709
23673|9900|23764|3356|174|1916|47065|61574
29691|1299|3223|41327
28917|6939|1299|132168|63689
266213|3356|1299|3920|206777
205206|1299|6461|394737
32590|33891|216067|44244
202365|50673|174|1299|198949|35676
44324|32595|174|263157
58308|6939|7018|400393
2518|2914|174|20473|47065|61574
57777|8298|25091|1299|8551|44709
28917|6939|7018|4473|13979|2576
216285|8280|5408|47065|61574
29222|6939|30893|9423
44324|32595|174|21859|62610
36924|1299|201814|209896
34927|174|21320|5408|47065|61574
7713|1299|6855|39904
35600|6939|2852|197277
5511|1299|34927|202532
210312|4601|50869|41051|212488
13786|3356|1299|3920|206777
16552|3257|174|140227|44324|205369
29479|50304|1299|6855|39904|47767
56655|1299|25091|8298|4601|4492
17660|2914|1299|3920|206777
6424|6762|1299|6855|39904|202605
7018|3356|21320|5408|47065|61574
57821|12586|3257|1299|3920|206777
207841|6939|54429|401894
34288|1299|60068|211571
58308|6939|1299|12252
58057|34549|174|22381|267470|263047|264389
8283|6939|28370|267556
28917|6939|7018|397556
31742|174|3257|21034
34927|56655|1299|174|37468|61568|266460|61625
553|1299|3356|28370|267556
28917|6939|1299|265620|270111
852|1299|29695|206557|205190
553|7195|28189|266931|269250|271150
12637|1299|6855|50698
58308|6939|7018|394896
34927|56655|1299|22773|8119
151326|174|35598|52091|206810|214721
199524|1299|6453|4755|7768
35600|6939|28917|204623
212483|8455|8283|47065|61574
139317|44324|32595|174|44297
262427|174|1299|8551|44709
48185|3356|174|20473|47065|61574
28917|6939|1299|20473|198510
37739|3491|174|11432|271150|272738
28917|47311|150249|153176
6830|5511|60068|206406|210557
12350|34177|33891|216067|44244
559|4601|4492
7018|1299|29695|206557
58308|6939|1299|20473|202986
327727|174|20723|2852|202874
58308|6939|6830|23520|52228|13335
917|60068|174|20473|47065|61574
6730|6830|3356|1680|44709
28917|6939|1299|20473|204934
48362|1299|3356|28370|263963
58308|6939|1299|208905|208666
328206|37739|3491|5408|47065|61574
39122|174|56630|209944
398465|174|14840|269288
210937|1299|3356|28370|263060
58057|50673|174|1299|198949|35676
174|6762|16735|273514
36924|1299|60068|216213|205884
513|29222|6939|61618|268492
6720|1764|5405|266493|61625
3170|174|6453|29208
327727|174|17378|8119
58299|174|204548|215728
59890|174|20473|47065|61574
216285|8280|6762|1299|20473|47065|61574
34927|52025|1299|6855|39904
21700|174|21320|5408|47065|61574
28917|25180|1299|198949|211049
41666|20764|52091|206810|57460
6730|6830|4637|20473|47065|61574
58308|6939|28917|44056|57629
34019|35598|52091|44660
58308|6939|1299|5518|12578|208995
7713|174|8551|20473|47065|61574
49788|1299|3356|16735|2716
45049|6696|1299|174|37468|61568|266460|61625
20932|174|3356|28370|28657
852|2914|12859|47065|61574
680|33891|60068|211571
28917|6939|1299|23520|272935|273937
40387|1299|7195|28189|266931|271615|273522|271150
28917|6939|1299|20473|203943
32595|174|21320|5408|47065|61574
28917|6939|1299|5617|42598
6730|6830|174|140227|44324|205369
50629|20764|29049|49666|205647|49801|204533
28917|20764|52091|206810|210063
917|3214|1299|6855|39904|202605
58308|6939|6830|23520|11139
32590|1299|20473|47065|61574
6830|137409|63473|200790
139317|44324|32595|174|399646|205563
40387|1299|174|210329|215728
35008|1299|23764|35168|212999
1299|3223|34224|12735
57777|8298|25091|1299|3223|34224|12735
58308|6939|6830|23520|263703|271855
28917|6939|1299|23520|22724
49028|1299|12859|47065|61574
64475|6939|207995
139317|44324|32595|174|395461
15576|174|204548|215728
139317|44324|32595|174|27951|274100
210312|4601|50869|204003
6908|1299|6855|39904
3170|8551|44709
207841|6939|28917|48084|199961
207841|6939|28917|43886
917|60068|33891|8298|4601|4492
199938|1299|174|1916|47065|61574
36924|1299|8551|20473|47065|61574
29222|6939|3170|57483
3214|1299|174|20473|47065|61574
25369|21320|5408|47065|61574
50877|5405|6939|58308
4601|6939|28917|198297|51081
29075|33891|60068|211571
28917|16276|203019
3257|1299|6855|39904|47767
6453|1299|1680|20473|47065|61574
199524|174|60068|205884
48070|1299|3356|28370|263060
3170|174|60068|205884
58308|6939|1299|400760
13830|971|174|20723|2852|202874
28917|6939|1299|18734|28545|28509
199524|1299|3356|8119
51185|28917|215730|209693
199524|1299|3356|28370|53079
205206|1299|6762|49666|58224|214805
12637|6939|2852|204772
14907|5405|266493|61625
28917|6939|1299|5617|42673
28917|6939|1299|32798
34854|1299|37468|52468|262393
64475|50629|174|3130|47065|61574
513|29222|6939|204310
4764|1299|8943|200636
34019|6939|50989|33837
34019|33891|216067|44244
3170|20764|43298|48678|210574
559|6939|28370|267608
3257|174|5538|8194|29345
34288|1299|3356|28370|268198
199524|174|11432|271150|272738
6424|6939|30893|200690
20612|9044|174|60068|216213|205884
513|29222|6939|214443
23367|1299|37468|60068|216213|205884
58057|174|32595|44324
58299|16276|203019
48919|174|10490|2722|12148|47065|61574
28917|6939|1299|3301|56736
34549|174|399697|39967|399697
50629|20764|52091|206810|24881|24697
58308|6939|29670
20253|1299|3257|60068|206406|210557
28917|6939|1299|835|52025|215760
328512|5713|174|22381|267470|263047|264389
30600|174|52468|262393
35600|15557|206865|3215|5511|174|199727|12645
9268|4764|174|22381|267470|263047
4601|50869|52025|212895
44393|394256|174|1916|47065|61574
34177|1299|6453|29208
328840|327727|174|35598|25308|28917|9049|51017
28917|6939|1299|14586
271253|174|204548|215728
41327|174|8551|20473|47065|61574
42541|47065|61574
38001|3491|174|210|47065|61574
29222|6939|7018|3573
64475|6939|28370|52593
20764|174|2914|20473|47065|61574
28917|6939|1299|206610
31742|1299|3356|28370|263535
9268|4764|1299|56630|209944
28917|6939|1299|23033|50131
44324|32595|174|400702
28917|6939|1299|1759|51188
12779|16276|203019
49028|1299|7545|20473|47065|61574
210312|4601|50869|6939|50989|205966
44324|32595|174|394449
9900|23764|1299|3920|206777
29222|6939|553|42873
59414|3303|174|52468|271150
12350|34177|174|204548|215728
6082|174|140227|44324|205369
28917|6939|1299|6696|25181
29222|6939|62000|208226|202986
209650|34927|6830|60068|216213|205884
50629|34927|202532
58308|6939|1299|262206|28036
58299|12859|47065|61574
45049|6696|1299|174|20473|47065|61574
28917|6939|1299|398446
28917|6939|1299|207023
12956|174|20723|2852|202874
139317|44324|32595|174|394634
6830|174|21320|5408|47065|61574
57777|8298|8283|3491|209810|207187|204943
328964|3491|1299|22773|8119
24482|28917|215730|209693
58308|6939|1299|14754
3549|3356|174|399697|39967|399697
31742|1299|3356|16735|2716
33891|37468|270551|263047
210312|4601|50869|207303
28917|6939|3170|399275
32590|1299|201814|209896
6461|28917|215730|209693
12859|35598|52091|206810|12773|44710
1764|1299|8551|44709
50304|1299|6855|39904|199604
22652|174|11432|271150|272738
209|3356|1299|22773|8119
328512|5713|174|210329|215728
202032|58115|21263|30791
210312|4601|50869|199310|202335
3170|174|3130|47065|61574
48185|1299|3257|210329|215728
34927|12859|47065|61574
139317|44324|32595|174|270126|270215
58308|6939|1299|19009|26889
28917|6939|1299|33749
328840|327727|174|16276|203019
45049|6696|1299|3356|8772|215536
4826|1299|3920|206777
50629|174|60068|216213|205884
328206|37739|3491|174|3130|47065|61574
398465|3320|1299|3920|206777
58308|6939|7018|32119
14537|33891|216067|44244
29222|6939|21430|199220
39351|1299|5511|60068|206406|210557
207841|61049|2603|21320|5408|47065|61574
12779|174|138997|216211|44324|205369
44324|32595|174|272102|273011
8220|1299|21351|60132
29680|174|28283|268744|2716
24516|174|35598|52091|206810|196638
58308|59689|29075|174|8551|20473|47065|61574
35426|215596|1299|34927|202532
199524|3356|174|399697|39967|399697
28917|6939|1299|29838
139317|44324|32595|174|62807
2027|47160|174|22381|267470|263047|264389
37697|37497|1299|6855|39904|202605
204092|6939|28917|6789|200702
49544|2914|174|20723|2852|202874
35426|215596|1299|198949|35676
58308|6939|61618
215596|174|20723|2852|202874
47147|1299|6855|39904|47767
271253|6453|174|11432|271150|272738
6057|174|140227|44324|205369
210312|4601|50869|6939|30893|13214
28917|13335|400095
37697|3491|174|34927|202827
64475|34927|202532
55222|174|52468|271150
327727|174|35598|52091|206810|202279
199524|174|21700|399914
198385|174|2914|226|47065|61574
4601|50869|41051|201445
64475|3320|1299|20473|399970
263237|174|216211|44324|205369
8529|1299|2914|226|47065|61574
23352|2914|1299|34927|202532
41327|6939|2852|48091
40994|6939|29222
36924|1299|6453|4755|7768
59414|6830|3356|28370|28657
45049|6696|1299|3920|206777
132825|174|35598|52091|206810|24881
58308|6939|1299|20473|205417
28917|6939|3170|215066
198385|174|12956|212721
8218|33891|216067|44244
2734|64200|7018|1299|25540
198385|174|216211|211575
38001|3491|174|14840|269288
6424|21320|5408|47065|61574
44324|32595|174|216471
28917|6939|1299|30600|31875
28917|6939|1299|20473|54148
40994|6939|393682
20080|2914|1299|6855|39904|47767
38001|3491|174|28189|266931|269250|271150
34927|174|60068|205884
13830|971|174|7311|835|394273
4601|50869|34019|209090
971|174|22381|267470|263047
210312|4601|50869|58299|28859
6424|20473|30893
2027|47160|174|216211|211575
32590|12956|174|3130|47065|61574
45049|6696|1299|7195|20473|47065|61574
40994|6939|50989|205966
58057|1836|1299|21351|60132
34927|1299|6855|39904|199604
58308|6939|1299|200107
42473|1299|6855|39904
398465|3320|3491|5408|47065|61574
29222|6939|25192|26710
28917|6939|1299|8551|21859
34927|56655|1299|3356|22381|267470|263047|264389
60326|34872|24961|8283|47065|61574
3130|174|2914|20473|201423
29222|6939|202297
28917|6939|1299|265780|273827
35600|30781|1299|20473|47065|61574
44324|32595|174|22150
48185|1299|20473|399970
28917|6939|1299|60068|197103|328159
29504|15935|174|28189|266931|269250|271150
35600|35598|52091|206810|202279
36924|1299|174|20473|47065|61574
8220|1299|3356|28370|263535|268030
34800|58057|50673|174|5459|200070
48070|20764|43298|48678|210574
34927|174|210|47065|61574
15605|35598|52091|206810|39089
210312|4601|50869|211024
293|2914|12859|47065|61574
15935|174|35598|52091|206810|35273
58308|6939|7018|25993
139317|44324|32595|174|395723
5713|174|216211|211575
5413|1299|12956|212721
58308|6939|199399
24516|174|35598|52091|206810|202497
40994|6939|28917|44056|57629
3170|9304|136237|174|137995
139317|44324|32595|174|57492
1299|6762|49666|58224|214805
2497|174|37468|61568|266460|61625
35598|1299|3223|41327
19653|30600|1299|6855|39904|47767
2497|174|22381|267470|263047
32590|1299|12956|212721
48185|1299|8551|44709
29222|6939|1200
7018|3356|16735|2716
58308|6939|35133|200223
12956|174|8551|20473|47065|61574
57111|41327|7311|835|394273
12779|34927|202827
49544|1299|20473|47065|61574
215596|1299|3356|28370|263535|268030
59105|9370|2497|174|52468|262393
50304|1299|3356|28370|53079
29222|6939|6424|207990
49788|1299|17676|216211|44324|205369
50629|6939|54429
6461|174|60068|197103|212080
58308|6939|25400|21293
19151|174|22381|267470|263047
28917|6939|1299|20473|153185|153333
28917|20764|52091|206810|24881|24697
20612|9044|1299|3257|20473|47065|61574
15547|174|3257|19318|209896
215596|174|1916|47065|61574
23367|1299|6855|50698
6830|3356|28370|268521
16552|1299|60068|216213|205884
35600|35598|52091|206810|196638|42702
48070|6939|28917|21453|199933
58308|6939|7018|36610
29222|6939|56595|207067
46450|1299|6461|394737
139317|44324|32595|174|393684
15935|174|28189|266931|271615|273522|271150
56655|1299|60068|216213|205884
4601|50869|6939|28370|267608
53828|2914|174|20723|2852|202874
32590|1299|6855|50698
215596|1299|6453|4755|7768
15605|6939|200303
12956|174|399697|39967|399697
48070|6939|28917|52191
34927|52025|174|3356|16735|273514
23673|9900|23764|3356|174|20473|47065|61574
6696|1299|6855|50698
207841|6939|28917|8491
139317|44324|32595|174|25122
16347|1299|22773|8119
33891|266493|61625
3356|174|52468|271150
3130|174|35598|52091|206810|34786
49028|1299|174|140227|44324|205369
7713|174|1299|20473|399970
28917|6939|1299|21859|137443
64475|52320|7162|13878|52468|271150
47147|1299|6204|44592|49581|209693
18106|174|37468|61568|266460|61625
215596|174|20473|47065|61574
28917|6939|1299|14717
28917|6939|1299|36137
49028|1273|16019|59970
50877|6762|174|399697|39967|399697
52320|1299|3920|206777
8283|20764|52091|206810|211692|31069
58308|6939|6830|23520|270111
12969|33891|60068|211571
50131|174|210|47065|61574
41722|20764|12859|47065|61574
28917|6939|7018|62907
63927|1299|8551|44709
3549|3356|1299|20473|399970
2500|7660|11537|20965|5408|47065|61574
52873|12956|174|5538|8194|29345
4601|50869|6939|25192|20701
4601|50869|215828|214079
3170|6939|28370|267608
8660|1267|1299|12956|212721
6424|52468|271150
35280|1299|33891|216067|44244
6696|1299|174|37468|61568|266460|61625
58308|6939|1299|39386|25019|39891
20912|12637|34927|202827
398465|6939|1299|20473|214587
52320|174|3130|47065|61574
216285|8280|6762|174|20473|47065|61574
56655|1299|3223|41327
22652|174|3356|1680|44709
12637|8772|396416
40994|57463|41327|200553
58308|6939|6830|23520|22724
28917|34927|202827
15576|174|60068|197103|212080
47692|3356|174|140227|44324|205369
20764|8359|1299|6855|39904
198249|13030|1299|174|3130|47065|61574
58057|50673|174|28283|268744|2716
28917|6939|1299|48469
29504|15935|174|35598|52091|206810|48595
11845|30844|33891|44592|49581|209693
23367|1299|6855|39904
3356|174|201814|209896
6082|2914|1299|6855|39904
15605|35598|52091|206810|196638
210312|4601|50869|52025|205514
12859|1299|3257|19318|209896
32653|3741|174|12956|212721
28917|6939|29222|207688
50304|1299|7195|28189|266931|271615|273522|271150
398465|1299|12956|212721
3491|1299|20473|47065|61574
28917|6939|1299|22604
57381|50304|1299|37468|53062|266493|61625
3320|174|52468|262393
11845|37468|1299|3920|206777
64475|9002|12555
6057|174|210329|215728
7018|6453|44592|49581|209693
44324|32595|174|212250|208293|203217|59588
3170|7195|11432|271150
47147|1299|20473|47065|61574
28917|6939|1299|23520|14638
64475|6461|23352|20473|47065|61574
266213|3356|174|20473|47065|61574
58308|6939|6830|23520|262191|272020
4775|6453|1299|29695|206557
58308|6939|33891|20546
58308|6939|1299|265620|270145
58308|6939|1299|56655|136258
53828|2914|174|201814|209896
6424|6939|28917|34784
32653|3741|174|204548|215728
1299|6939|54429
6908|174|11432|271150|272738
206356|50629|174|3130|47065|61574
44324|32595|174|20278|395092
553|1299|8551|44709
6424|8772|396416
44324|32595|174|209847|215540
58308|6939|6830|23520|27717|267809
209650|34927|1299|8551|44709
60068|174|34927|202827
28917|6939|1299|20473|393368
8220|1299|174|3130|47065|61574
2516|1299|34927|202827
196621|6939|30893|205563
58308|6939|33891|20830
3170|174|20723|2852|202874
209650|34927|174|216211|211575
28917|6939|47160|210979
48070|1299|3223|41327
3130|174|3356|3223|34224|12735
41666|50263|201814|209896
50629|215551|30893|205563
28917|6939|1299|33932
210312|4601|50869|52025|212895
4601|50869|6939|30893|13214
28917|6939|1299|24909
216285|8280|6762|174|204548|215728
15935|174|3356|16735|2716
58057|50673|174|3130|47065|61574
28917|6939|1299|23520|262191|264647
8426|3257|174|60068|205884
4777|2497|174|21320|5408|47065|61574
58308|6939|33891|50696
4601|50869|52025|215212
6424|174|3356|28370|268521
48070|1299|3356|28370|263535|268030
28917|6939|1299|3301|201087
25152|2497|1299|20473|47065|61574
28917|6939|1299|397522
327727|174|35598|52091|206810
35266|2914|174|20473|47065|61574
48185|1299|3920|206777
50628|33891|216067|44244
139317|44324|32595|174|42313|212766
263152|174|2914|12859|47065|61574
7594|174|5538|8194|29345
47160|6939|28370|264426
39122|174|216211|211575
48070|16164|36032
57111|41327|19318|209896
8283|6939|393682
151326|174|35598|52091|206810|211692|214268
148968|7474|3257|174|3130|47065|61574
5511|174|216211|211575
7018|1299|1680|20473|47065|61574
24785|6830|3257|21034
1140|24785|1299|60068|197103|212080
559|9498|20473|47065|61574
29222|6939|48678|44547
1299|59692|12555
4601|50869|41051|212164
34800|58057|50673|33891|20473|47065|61574
35426|215596|174|52468|271150
29075|1299|8551|44709
12637|35598|52091|59815
28917|6939|1299|17293
210312|4601|50869|59645|211286
3491|174|10490|2722|12148|47065|61574
58308|6939|28917|197078
50673|174|399697|39967|399697
58299|13335|400095
8426|3257|1299|20473|47065|61574
3130|174|1299|25091|8298|4601|4492
31510|174|201814|209896
58308|6939|1299|264788
35426|215596|1299|56630|209944
136557|174|37468|53062|266493|61625
6830|13335|5408
58308|6939|1299|36352|27176
12956|1299|34927|202532
49028|1299|174|60068|205884
1299|6855|39904|202605
36924|1299|3257|20473|47065|61574
45352|174|21320|5408|50148
29222|6939|7018|3486
28917|6939|1299|3301|2799
28917|6939|1299|19679
63927|1299|6855|39904|47767
12637|1299|8551|44709
49028|1299|7195|20473|47065|61574
3130|174|35598|52091|206810|213694
199524|174|3257|60068|206406|210557
58308|6939|1299|18678|262589|272937
328964|23764|1299|20473|47065|61574
4601|8551|20473|47065|61574
40994|9002|917|214598
202032|8772|215536
35600|6939|30893|200690
23367|1299|3356|28370|53079
207841|6939|28917|39238
29222|6939|50698
513|174|2914|226|47065|61574
210312|4601|52320|7162|13878|52468|271150
57381|50304|1299|174|37468|61568|266460|61625
4777|2497|174|52468|262393
40994|6939|196610|48927
199524|1299|9002|8772|215536
32590|137409|6461|1299|3920|206777
58308|6939|1299|14080|265652
20055|1299|29695|206557|204503
1299|3356|8772|215536
209823|25091|1299|20473|47065|61574
28917|6939|1299|40824
42473|1299|17676|216211|44324|205369
14537|33891|60068|211571
559|37468|52468|262393
35426|215596|1299|6855|50698
8529|1299|20473|47065|61574
42295|33891|216067|44244
46450|1299|6453|4755|7768
6730|6830|174|210329|215728
64475|3216|51032|41344|39707
28917|8359|57304|199081
41327|174|11432|271150|272738
210312|4601|50869|215828|51202|215828
327983|37497|3491|5408|47065|61574
58308|6939|1299|20473|401637
28917|6939|1299|20473|1024
28917|6939|6830|33915|61351
139317|44324|32595|174|33811
8283|6774|36947|174|36891
6830|1299|60068|216213|205884
64475|6939|25192
59414|6830|3356|8119
20932|1299|5511|60068|206406|210557
44324|32595|174|20473
49028|1299|6939|30893|13214|35634
4637|3257|1299|34927|202532
198249|13030|12859|47065|61574
199524|1299|1680|20473|47065|61574
58308|6939|1299|12189
398465|1299|3356|8119
20205|1299|1680|20473|47065|61574
12779|174|201814|209896
3130|174|35598|52091|206810|56915
3356|1299|3920|206777
58308|6939|7018|395500
4657|33891|216067|44244
28917|6939|1299|63270|397301
58057|174|60068|205884
199524|1299|5511|60068|206406|210557
28917|6939|1299|21859|135377
28917|6939|1299|36352
23367|1299|3223|41327
34927|1299|3920|206777
57821|12586|3257|174|210|47065|61574
30844|33891|216067|44244
6423|20055|174|20723|2852|202874
11845|30844|21320|5408|47065|61574
28917|6939|62000|198825
4601|50869|58299|59645
3491|2914|12859|47065|61574
132337|174|1916|47065|61574
6908|174|60068|205884
14907|1299|174|37468|61568|266460|61625
58057|34549|1299|3223|34224|12735
35280|2914|12859|47065|61574
50629|20764|52091|206810|196767
58308|6939|1299|396253
266213|3356|174|5538|8194|29345
6908|174|6453|4755|7768
263152|174|210|47065|61574
28917|6939|1299|23520|274183
12637|1299|17676|216211|44324|205369
7018|3356|28370|268198
207841|9498|20473|47065|61574
2734|142111|152672|174|3491|4229|21859|154049
28917|6939|1299|147049
35710|3320|1299|201814|209896
196621|6939|2852|210498
29222|6939|63290
917|60068|1299|20473|47065|61574
199938|1299|6461|394737
553|6939|2852|201648
50629|20764|52091|206810|208435
16347|1299|7195|28343|2716
48362|1299|60068|216213|205884
28917|6939|1299|262206|262197|3573
58308|6939|28917|6789|200702
4181|1299|56630|209944
48070|6939|28370|267556
44324|32595|174|57974|401452
13830|971|174|35598|25308|28917|9049|51017
12859|35598|52091|206810|210063
398465|1299|3356|28370|28657
28917|6939|1299|60068|212238
35600|23764|35168|212999
6453|1299|20473|201423
199938|1299|174|22381|267470|263047|264389
262427|174|21320|5408|50148
215596|174|140227|44324|205369
47957|3356|174|5538|8194|29345
13030|33891|60068|211571
28917|6939|1299|835|52025|210338
151326|174|35598|52091|206810|34786
30600|174|52468|271150
11845|37468|174|11432|271150
174|35598|52091|206810|24881
12586|3257|1299|12859|47065|61574
559|6939|60432
327727|174|399697|39967|399697
34927|52025|174|210329|215728
58308|6939|1299|26073
5405|6939|28370|264426
34854|1299|60068|197103|212080
58308|6939|5405
58308|6939|25400|15765
8283|6939|28370|270962
29222|6939|50629|215236
34019|47160|174|60068|216213|205884
28917|6939|7018|25996
553|1299|3223|34224|12735
139317|44324|32595|174|53667|216340
140627|1299|3356|28370|28657
207841|6939|28370|267556
22652|174|20473|47065|61574
44324|32595|174|18978
15935|174|35598|52091|206810|59867
28917|6939|1299|54509
58308|6939|33891|61303
28917|6939|1299|3308|3573
6424|6939|28917|8926|41221|207164
29075|12859|47065|61574
28917|6939|1299|20473|198558
8280|6762|174|5538|8194|29345
36924|1299|3356|28370|263963
28917|6939|7018|7743
29504|15935|174|52468|271150
15576|174|3130|47065|61574
44324|32595|174|48266|61112
13030|1299|3257|19318|209896
139317|44324|32595|174|33182
37271|174|3130|47065|61574
6830|6939|207995
262427|174|35598|52091|206810|5598
2518|1299|6855|39904
11039|6461|1299|1680|20473|47065|61574
58308|6939|1299|60068|206150
209650|34927|1299|3356|28370|268198
28624|3356|1299|198949|35676
3741|174|1299|6855|39904|47767
139317|44324|32595|174|139057
8283|6939|28917
29222|6939|9136
40994|57463|41327|211661
20912|12637|1299|8551|20473|47065|61574
58308|6939|1299|397709
58308|6939|5405|213425|20802
327960|174|16276|203019
20253|1299|4230|52654|266493|61625
40387|1299|56504|47674
50629|57724|12555
3130|174|140227|44324|205369
28917|6939|1299|23520|263703|274022
35008|1299|60068|216213|205884
28917|6939|1299|20473|142561
58308|6939|6830|23520|64126|265695|273867
28634|4230|1299|29695|206557|204503
6762|1299|8551|44709
216285|8280|6762|174|210|47065|61574
48070|57463|22356|52468|271150
2497|1299|4230|2716
58299|6204|208972|210538|6775|13030|4637|133398
34854|1299|8551|20473|47065|61574
8426|3257|174|60068|216213|205884
11039|6461|174|3130|47065|61574
49028|1299|174|21320|5408|50148
5405|6939|33924
140627|1299|6453|19318|209896
3491|1299|35598|52091|206810
199524|174|399697|39967|399697
210312|4601|50869|207907
23367|3257|174|399697|39967|399697
58308|59689|30781|1299|6855|39904
28917|6939|30893
28917|6939|8194|210213
21412|1299|3920|206777
35426|215596|174|28189|266931|269250|271150
196621|58115|21263|30791
20612|9044|1299|3223|34224|12735
6730|6830|174|201814|209896
8220|1299|3356|28370|264426
12637|6939|28370|28657
15547|33891|216067|44244
8283|6453|4755|7768
58057|174|3257|20473|47065|61574
58308|6939|15962|21433
4775|1273|174|5538|8194|29345
28917|6939|1299|60068|35487|399272
49788|1299|917|214598
8888|137409|174|204548|215728
210312|4601|6939|28917|39238|49392|34567
28917|6939|1299|43766
61049|2603|21320|5408|47065|61574
41327|21351|60132
28917|6939|1299|20473|60601
58308|6939|12735|208594
40994|174|52468|271150
15692|2914|6424|44592|49581|209693
4601|50869|6939|42695
37739|3491|174|1916|47065|61574
28917|6939|1299|205467
58308|6939|553|42873
29222|6939|12859
35710|3320|1299|8551|44709
6762|1299|3920|206777
210312|4601|50869|6939|29222
28917|8359|57304|209693|213702
12637|1299|5511|60068|206406|210557
6762|174|210|47065|61574
44324|32595|174|2149
1299|6855|39904
29222|9002|12555
44324|32595|174|4261
41666|37468|53062|266493|61625
6730|6830|3356|28370|267608
4601|50869|52025|212895|205991
917|60068|33891|3223|41327
28917|6939|1299|42201
6830|3356|28370|28657
58308|6939|1299|12709
50304|1299|6453|1031|61568|266460|61625
48919|35320|1299|3920|206777
58308|6939|12735|15830|198417
28917|6939|1299|14522|52458
28917|6939|1299|20473|199285
58299|62255|52091|206810|196767
3320|1299|29695|206557
4601|50869|41051|200372
286|3257|5405|8943|200636
8220|1299|34927|202827
199524|1299|3356|28370|267608
4601|50869|215828|215849
917|60068|33891|6461|394737
210937|1299|6453|29208
44324|32595|174|25467
553|6939|25192|29067
28917|6939|1299|263821
42473|1299|3356|28370|263963
52025|174|3356|1680|44709
44324|32595|174|31404
39122|1299|6855|50698
14315|6453|1299|20473|399970
64475|6939|2852|201648
328840|327727|174|35598|52091|206810|211101
31742|174|3130|47065|61574
6830|1299|20473|399970
559|35598|52091|206810|202279
52025|174|60068|211571
196621|58115|209042
12859|6939|25192|20701
21700|174|35598|52091|206810|210063
139317|44324|32595|174|22361|400097
12779|6939|42695|52011
59689|30781|1299|20473|201423
57821|12586|3257|1299|20473|201423
207841|6939|29222|207688
35266|1299|198949|35676
47147|1299|33891|216067|44244
29222|6939|39791|49101|51449
25160|1299|3920|206777
21700|174|35598|52091|206810|211692|214268
8283|6939|58308
29222|6939|29670|208135
44324|32595|174|15695
4601|50869|6939|28370|268521
8283|6939|207995
29075|1299|12956|212721
16552|6453|174|210|47065|61574
58308|6939|1299|43927
5405|62255|52091|59815|25299
58308|6939|42184|196932
48070|6939|28917|43714
45049|6696|1299|20473|201423
139317|44324|32595|174|16509
44324|32595|174|16349
29222|6939|8943|43915
49028|1299|174|60068|216213|205884
24785|6830|3491|216211|211575
7018|6939|2852|213152
8283|6939|50989
199938|1299|6855|39904
58308|6939|7018|32673
151326|174|3356|3223|34224|12735
2497|174|8551|20473|47065|61574
3170|7195|28189|266931|269250|271150
6453|1299|6855|39904|199604
9268|4764|174|28189|266931|271615|273522|271150
40994|6939|33924
40994|6939|29222|41495
28917|6939|1299|32270
15605|6939|2852|61110
7594|174|28283|268744|2716
47311|150249|153176
4601|50869|44324|139299
50673|174|20473|47065|61574
28917|6939|40994
34019|3303|174|52468|271150
7018|1299|8551|20473|47065|61574
50629|1299|3920|206777
28917|6939|1299|27947
327727|174|1299|6855|39904
12859|35598|52091|206810|211692|214268|197578
58308|6939|12735|15830|137922
58308|6939|7018|46488
58308|6939|8194|206600
28917|6939|6830|23520|52468|52242
49788|174|22381|267470|263047|264389
6730|6830|3356|53062|266493|61625
47957|6830|60068|211571
196621|6939|28917|9110
35600|6939|28917|48084|59833
34288|1299|6762|16735|273514
398465|174|60068|197103|212080
34927|1299|7195|20473|47065|61574
51088|8455|1299|20473|47065|61574
199524|37100|1299|6855|39904|202605
28917|6939|3170|57483
17350|6453|1299|6855|39904|202605
58308|6939|28917|44056
47147|1299|6939|30893|13214
44393|394256|174|37468|61568|266460|61625
21700|174|60068|205884
23367|1299|6461|210|47065|61574
28917|6939|1299|23520|27694
264479|6762|1299|8551|44709
4601|50869|56381|209844
58308|6939|1299|17072|272336
23352|2914|174|37468|61568|266460|61625
139317|44324|32595|174|1299|25091|8298|4601
917|60068|1299|17676|216211|211575
28917|6939|6830|33915|207894
48362|1299|5511|60068|206406|210557
139317|44324|32595|174|399646|13317
1273|174|14840|269288
2734|2914|174|37468|61568|266460|61625
44324|32595|174|20473|328760
553|20764|52091
12859|35598|52091|206810|59815|25299
45352|1299|3356|8119
199524|1299|3356|28370|263535|268030
19653|30600|1299|6855|50698
60011|3356|1299|34927|202532
29222|6939|29670|213997
44324|32595|174|19406
58308|6939|1299|209578
24516|174|37468|61568|266460|61625
34177|1299|3491|20473|47065|61574
37100|1299|60068|216213|205884
553|1299|6453|19318|201813
24516|174|3356|1680|44709
57111|174|3257|20473|47065|61574
6424|6939|50989|205966
29222|174|399697|39967|399697
39122|1299|8551|20473|47065|61574
58308|6939|1299|398705
8455|1299|3920|206777
44324|32595|174|395301
28917|6939|1299|15659
12779|6939|2852|48091
8888|137409|2914|1299|198949|35676
58308|6939|1299|20473|203913
16552|1299|6855|39904
34927|56655|1299|7195|28283|268744|2716
41666|20764|52091|206810|196767
48919|174|399697|39967|399697
36924|1299|3223|34224|12735
6424|6939|54429|401894
28917|6939|6830|204210
6424|62255|52091|206810
29222|6939|29208|203488
199938|1299|3356|28370|28657
50628|1299|8551|44709
34019|6939|28370|270962
199524|174|3257|19318|209896
14315|174|7311|835|394273
28917|6939|1299|18734|265605
139317|44324|32595|174|8304
64475|6939|28917|6789|200702
38136|50131|174|52468|271150
58308|35598|52091|206810|57164
29691|1299|174|216211|211575
8660|1267|1299|6855|39904
397131|60011|3356|174|140227|44324|205369
23367|1299|6855|39904|202605
4181|1299|2914|1916|47065|61574
38001|3491|174|11432|271150
12859|35598|52091|206810|8274
48070|6939|28917|198297
199524|47311|150249|212001|199762
174|3356|8119
58308|6939|1299|17072|278
58308|6939|1299|20473|213891
4601|50869|6939|15372|203592
28917|6939|7018|36519
3491|1299|4230|2716
7018|174|20723|2852|202874
28917|6939|1299|20473|211843
210312|4601|50869|6939|2852|197277
4764|1299|6204|44592|49581|209693
51873|9002|1299|201814|209896
6730|6830|3356|8772|215536
58308|6939|28917
15935|174|8551|20473|47065|61574
57111|174|2914|226|47065|61574
57695|917|60068|174|1916|47065|61574
971|174|35598|25308|28917|9049|51017
34019|6939|33924
47147|1299|60068|216213|205884
35600|9002|12555|48430
207841|6939|42695|52011
47147|1299|6939|50989|50683
37739|3491|1299|3920|206777
8283|6453|29208
559|35598|25308|28917|9049|51017
40994|174|14840|269288
263237|174|1299|8551|44709
28917|6461|6057|28283|268744|2716
3399|174|20473|47065|61574
139317|44324|32595|174|8285|199152
28917|6939|1299|262287|396356
34927|52025|1299|6855|39904|199604
58308|6939|1299|14080|26611
205112|50629|3223|41327
35710|3320|1299|10490|2722|12148|47065|61574
328964|37468|174|11432|271150
12859|29632|215536
58308|6939|6830|23520|27665|263222|274045
12969|1299|3356|28370|263535|268030
2500|2914|174|3130|47065|61574
139317|44324|32595|174|7195|30081
40994|2914|12859|47065|61574
17639|9304|33891|216067|44244
28917|6939|56595|206324|21433
28917|6939|1299|23520|263703|269946
207841|6939|50989|205966
28917|6939|1299|6855|29148
12859|37468|60068|216213|205884
559|35598|52091|206810|34786
42541|16276|203019
216211|44324|215172|214955
917|60068|1299|3223|34224|12735
29504|39392|33891|20473|47065|61574
4764|1299|3257|60068|206406|210557
58308|6939|1299|50304
20932|1299|3223|34224|12735
33891|8943|200636
2027|47160|6939|25192|29067
34177|3356|1299|6855|39904
22652|174|3356|28370|268521
513|29222|6939|12735|14789
12859|1299|174|210329|215728
58308|6939|42184|215756
49788|174|1916|47065|61574
36924|1299|20473|201423
4764|1299|34927|202827
58308|6939|1299|400940
4601|50869|34019|204186
199524|1299|8551|20473|47065|61574
2734|2914|1299|35598|52091|206810
58308|6939|1299|40061
12956|1299|8551|44709
24785|6830|174|1916|47065|61574
204092|6939|25192|20701
6830|6939|2852|202874
174|35598|52091|206810|8274
7713|174|60068|197103|212080
196621|6939|28917|47914
553|20764|43298|48678|213865
64475|3320|1299|20473|201423
52025|174|201814|209896
35600|35598|52091|206810|34786|34789|34786
7594|174|35598|52091|206810|211101
44393|35710|4809|1299|20473|399970
29222|6939|3170|399275
58308|6939|1299|6424|203020
28917|6939|1299|46475|142036
50673|28917|215730|209693
40994|57463|41327|47178
28917|6939|62000|208226|202986
3170|9498|20473|47065|61574
198249|9002|8772|396416
24516|174|20723|2852|202874
12779|35598|52091|206810|59815
44324|32595|174|1916|47065|61574
58057|174|6762|16735|273514
9900|23764|3356|21320|5408|47065|61574
917|3214|1299|6762|267470|263047
132847|7474|3257|174|3130|47065|61574
48185|33891|44592|49581|209693
2497|174|20723|2852|202874
2497|174|201814|209896
1280|2914|174|210329|215728
199524|174|3257|9498|20473|47065|61574
44324|32595|174|62902
210312|4601|6939|28917|6789|201069|207979
140627|2914|1299|198949|35676
206356|50629|174|60068|205884
553|6939|28917|39238|49392
8283|6939|25192|29067
47160|174|3130|47065|61574
34927|1299|3257|60068|206406|210557
34854|1299|174|1916|47065|61574
49544|1299|3257|20473|47065|61574
34854|1299|35598|25308|28917|204076
48070|6939|28370|268521
209650|34927|1299|3257|60068|206406|210557
34854|1299|3920|206777
1140|6830|60068|211571
37468|174|210329|215728
6424|174|204548|215728
196621|58115|21263|206970
210312|4601|50869|41051|215004
32590|1299|37468|53062|266493|61625
21700|174|35598|52091|206810|48595
28917|6939|1299|2518|2515|131971
2027|47160|174|1916|47065|61574
209650|34927|1299|3356|28370|53079
19151|174|204548|215728
3170|6939|28370|263060
58308|35598|52091|206810|59815|25299
62000|215551|30893|13214|35634
9268|4764|1299|29695|206557|204503
401753|34872|8283|47065|61574
4601|50869|41051|216339
34927|56655|1299|6762|49666|58224|214805
40994|6939|30893|200690
44324|32595|174|36352|136258
6424|174|35598|52091|206810|202279
553|14840|2716
553|6939|54429|401894
12779|32787|202161
35008|1299|7195|28283|268744|2716
34019|6939|2852|202874
35426|215596|174|3257|21034
28917|6939|1299|21859|149042
25369|1299|21351|60132
23367|1299|6855|39904|199604
28917|6939|7018|2386|30313
852|174|20473|47065|61574
6830|174|35598|52091|206810
139317|44324|32595|174|400529
3214|1299|3257|20473|47065|61574
204092|6939|2852
8220|1299|60068|211571
271253|174|35598|25308|28917|9049|51017
20205|174|140227|44324|205369
5413|1299|6855|50698
559|6939|50989|33837
28917|6939|1299|4229|21859|396986
4181|1299|6855|50698
44324|32595|174|202521
6830|3356|56630|209944
174|3257|22773|8119
398465|3320|1299|60068|216213|205884
3333|1257|174|20473|47065|61574
28917|6939|41720|208229
213241|9002|1299|3920|206777
16552|1299|60068|197103|212080
8283|6939|2852|204772
58308|6939|1299|14080|263710
28917|6939|1299|60486
28917|6939|1299|14754|52356
44324|32595|174|394814
210312|4601|50869|214420
132337|8966|21320|5408|47065|61574
4601|6939|28917|6789|201069|207979
8283|6939|2852|199711
139317|44324|32595|174|60239
3399|28917|215730|209693
6424|6939|28917|198297|51081
52320|12956|1299|20473|399970
202365|50673|174|2914|226|47065|61574
8220|1299|3356|21320|5408|47065|61574
28917|6939|1299|397515
35710|3320|1299|34927|202827
6908|174|8551|20473|47065|61574
1140|24785|6830|174|3130|47065|61574
44324|32595|174|32934
174|1299|6855|39904
22652|1299|8551|20473|47065|61574
12956|1299|20473|201423
50629|23764|35168|212999
553|6939|30893|200690
6830|6939|58308
28917|6939|1299|3301|50273
6424|174|20723|2852|202874
139317|44324|32595|174|20986
58308|6939|1299|54113
41327|2603|21320|5408|47065|61574
58308|6939|25400|31264
327727|174|37468|270551|263047
57866|1299|3223|41327
559|7195|11432|271150
37053|37100|6762|174|37468|61568|266460|61625
20253|1299|6453|19318|209896
3216|1273|174|37468|61568|266460|61625
12859|35598|52091|206810|56766
36236|174|140227|44324|205369
3170|6461|137409|63473|200790
262427|174|6453|29208
31510|174|210329|215728
35600|9002|12555
58308|6939|1299|6696|25181
15692|2914|174|399697|39967|399697
327983|37497|3491|174|34927|202827
42473|1299|3356|16735|2716
29504|15935|174|35598|52091|206810|214721|204108
3170|6939|42695|52011
39122|174|5538|8194|29345
13030|1299|8551|44709
7594|174|210329|215728
327960|174|6461|394737
8455|1299|6855|39904|47767
559|62255|52091|206810
4601|50869|58299|209898|199553|208948
49544|2914|174|20473|47065|61574
42473|1299|3356|28370|267608
328840|327727|174|1299|6939|24796
48070|6939|28917|39238
58308|6939|1299|205890
28917|6939|6830|23520|64126|274068
9268|4764|1299|6855|39904
57111|174|140227|44324|205369
58308|6939|6830|23520|64126|274130
12389|1299|20473|201423
328840|327727|174|35598|52091|44660
24785|6830|3356|28370|269016
44324|32595|174|3356|7195|52863|270956
8298|25091|1299|198949|35676
32590|1299|3356|16735|273514
28917|6939|54429|401894
62000|215551|30893
139317|44324|32595|174|397735
50629|20764|52091|206810|214721
8298|25091|6453|174|3130|47065|61574
151326|174|35598|52091|206810|48595
139317|44324|32595|174|18978
57695|917|60068|174|21320|5408|47065|61574
6830|7195|20473|47065|61574
51873|6830|174|210|47065|61574
210312|4601|50869|6939|50989|48116
3216|1299|174|210329|215728
4601|50869|203704
327960|174|210329|215728
29504|39392|174|21700|399914
28917|6939|1299|20473|205398
29504|15935|174|20473|47065|61574
58308|6939|7018|62883
58308|6939|29208
8298|25091|2603|21320|5408|47065|61574
7660|2516|174|20473|47065|61574
28917|6939|1299|20473|132479|153034
59890|174|60068|197103|212080
58308|6939|1299|19693
1280|2914|174|204548|215728
47147|3320|1299|10490|2722|12148|47065|61574
6424|6939|29222|513|21449
28917|6939|200462|215163
174|1299|3920|206777
29222|6939|7794
53828|2914|174|37468|61568|266460|61625
12859|6939|30893|13214|35634
262427|174|56630|209944
29222|6939|50989|205966
58308|6939|1299|44949
34927|1299|60068|197103|212080
49544|3356|174|11432|271150|272738
2497|174|28283|268744|2716
12637|57463|14840|269288
139317|44324|14840|269288
39351|174|6453|29208
35600|13335|5408
559|35598|52091
132337|174|20473|47065|61574
28917|6939|1299|211393
12779|20473|47065|61574
12637|35598|52091|206810|213694
8280|6762|174|204548|215728
58308|6939|3170|57782
56987|1299|37468|270551|263047
7018|3356|28370|267608
210312|4601|50869|52025|201676
58308|6939|6830|23520|64126|265721|271942|273121
6424|33891|60068|211571
328840|327727|174|35598|25308|28917|204076
58308|6939|28917|50009
174|3257|60068|206406|210557
5405|6939|25192|20701
35600|6939|28917|50045
31510|174|7311|835|394273
5413|1299|6453|4755|7768
20253|1299|6057|28283|268744|2716
17350|2914|174|210329|215728
44324|32595|174|28546
28917|6939|1299|20473|402087
139317|44324|32595|174|57933
328964|3491|1299|3920|206777
42473|1299|174|204548|215728
29222|6939|6830
34927|1299|8551|20473|47065|61574
28917|6939|1299|20473|395648
57777|8298|8283|3491|209810|207187|205044
41327|6939|60432
19653|30600|174|21700|399914
48070|1299|6453|19318|201813
15605|35598|52091|206810|214210
199938|15943|174|52468|271150
4775|1273|174|21320|5408|47065|61574
35600|35598|52091|206810|202279|213203
20130|23352|2914|1299|3920|206777
398465|1299|3356|28370|268521
44324|32595|174|17451
139317|44324|32595|174|212081
6424|174|35598|52091|206810|214721|204108
58308|6939|1299|14080|274030
57111|41327|37468|270551|263047
50629|6939|16652
14907|1299|6762|16735|273514
513|29222|6939|263047|269680
48070|6939|33924
21412|174|140227|44324|205369
50629|20764|52091|206810|59867
58308|6939|7018|32031
136557|174|35598|52091|206810|56915
13830|971|174|210329|215728
18106|33891|44592|49581|209693
3320|1299|35598|52091|206810
1267|1299|6855|39904|202605
4601|50869|52025|211358
28917|6939|1299|39572|209929
29222|6939|207992
30600|1299|6855|50698
207841|6939|33924
29075|174|6453|29208
12969|1299|6762|49666|58224|214805
15547|174|1299|20473|399970
28917|6939|1299|20473|200268
12637|6939|28370|264426
553|6939|215172|214955
37271|174|11432|271150|272738
59689|29075|174|20473|47065|61574
28917|6939|202297|200299
8426|6777|47065|61574
40994|57463|41327|207227
30844|3257|1299|198949|35676
28917|6939|1299|60068|208414
15605|137409|63473|200790
58308|6939|5405|202656
24482|33891|44592|49581|209693
58308|6939|39791|57728
49028|1299|7195|11432|271150|272738
216285|8280|174|1299|8551|44709
3170|35598|52091|206810
559|29632|59682
28917|6939|42695
60068|174|140227|44324|205369
3130|174|3257|21034
852|174|14840|269288
49028|1299|6939|28370|267608
12859|215551|30893
136557|174|35598|52091|206810|24881
5413|1299|6855|39904
148968|1299|16276|203019
29479|50304|1299|201814|209896
58308|6939|1299|45147|63859
209650|34927|1299|17676|216211|44324|205369
12637|35598|52091|206810|196638|42702
6082|174|21320|5408|47065|61574
37497|3491|1299|3920|206777
6082|2914|1299|25091|8298|4601|4492
29222|6939|48678|212598
28917|6939|1299|3249|31605
21700|174|35598|52091|206810|34786
4764|1299|25091|8298|4601|4492
39351|174|60068|205884
28917|6939|1299|18734|270137
202032|32787|202161
196621|6939|28917|197078
58308|6939|28917|201119
28917|6939|1299|15557|205461
12779|174|10490|2722|12148|47065|61574
14907|1299|20473|399970
60068|174|21320|5408|47065|61574
58308|6939|7018|399756
17639|174|35598|52091|206810
210312|4601|50869|52025|210338
6830|6939|50989|50683
35008|1299|29695|206557|205190
210312|4601|6939|28917|47478
44324|32595|174|212250|208293|203217|54994
20514|1299|6762|267470|263047
8283|2914|226|47065|61574
29222|6939|12779|207028
34288|174|60068|216213|205884
559|20764|43298|48678|210574
28917|6939|1299|20473|17138
5511|174|52468|271150
34800|58057|50673|174|3356|28370|268521
49432|48362|1299|3356|28370|263535|268030
3701|174|34927|202827
8283|20473|47065|61574
58308|6939|28917|48084|199961
12779|6939|29222|41495
6453|174|16276|203019
58308|6939|7018|22241|400745
45352|174|3257|60068|206406|210557
58308|6939|29222|513|20940
32590|7922|174|52468|271150
553|1299|20473|47065|61574
48070|32787|202161
28917|6939|1299|58453|9808|2010
7018|6939|59970
58057|174|2914|20473|47065|61574
210312|4601|50869|41051|206633
28917|6939|200712
398465|174|140227|44324|205369
28917|6939|1299|40785
139317|44324|32595|174|20473|47065
29222|6939|54429
7594|174|35598|25308|28917|204076
44324|32595|174|61506
58308|6939|41720|198747
174|5538|8194|29345
28917|6939|6830|23520|263703|269901
4766|8455|8283|47065|61574
28917|6939|1299|201035
24482|2603|21320|5408|47065|61574
28917|6939|1299|20473|199682
196621|6939|28917|39238
29680|174|140227|44324|205369
196621|8758|9002|1299|198949|35676
553|1299|6939|393682
28917|6939|1299|26673
35008|1299|174|20473|47065|61574
29504|39392|33891|21320|5408|47065|61574
58308|6939|5405|199710
198249|52320|7162|13878|52468|271150
215596|1299|20473|47065|61574
6730|6830|3356|3223|34224|12735
1280|1299|198949|35676
37105|37662|174|6453|29208
41666|8926|1299|3320
28917|6939|7018|401291
28917|6939|1299|10396|397566
207841|61049|2914|1299|198949|35676
58308|6939|1299|3249|31605
28917|6939|1299|13767
34019|6939|30893|13214|35634
58308|6939|1299|9929|17816
20205|1299|35598|52091|206810
44324|14840|269288
44324|32595|174|6621
209|3356|1299|6855|50698
327727|174|60068|211571
15623|174|3130|47065|61574
28917|6939|1299|3301|204847
1299|6939|200303
1299|7195|11432|271150
50628|6830|60068|216213|205884
6830|6939|28370|267556
553|13335|5408
37053|37662|174|52468|271150
64475|6939|29222
199524|1299|29695|206557|208835
4601|50869|58299|209898|211894
34288|1299|6855|39904|47767
58308|6939|1299|262206|27773
6424|6939|28917|21453|48149
28917|6939|1299|200478
12859|1828|13789|30372|3356|174|393216
58308|6939|2852|210498
139317|44324|32595|174|57974|62661
58308|6939|7018|22729
204092|6939|30893|205563
29222|6939|41720|198747
29222|58115|209042
38880|6762|174|140227|44324|205369
31510|174|21320|5408|47065|61574
50628|1299|174|3130|47065|61574
58308|6939|1299|12876
16552|6453|174|201814|209896
28917|6939|1299|53981
58308|6939|12735|57844
58308|6939|15935|56360
12586|3257|174|140227|44324|205369
28917|6939|1299|29802
28917|6939|268624
6730|6830|3257|49666|205647|49801|204533
35710|48200|1273|174|3130|47065|61574
51873|6830|174|3130|47065|61574
29222|6939|32097|22295|206042
31742|1299|10490|2722|12148|47065|61574
1299|3356|216211|211575
44324|32595|174|22908
13786|174|35598|52091|206810
2734|21700|399914
28917|6939|1299|22439
28917|6939|1299|20473|142641
31742|1299|6855|39904|202605
25160|2914|12859|47065|61574
58308|35598|52091|206810|196638|42702
29222|6939|7018|397602
35710|3320|174|52468|271150
42541|1299|17676|216211|44324|205369
28917|6939|1299|25400|49082|204224
327983|37497|1299|6855|39904|202605
58308|6939|6830|23520|273189
202032|16276|203019
7018|1299|6855|39904
58308|6939|1299|49604
29222|6939|3170|203363|212085
58057|50673|174|32787|202161
151326|174|35598|52091|206810|197643
23367|1299|3356|28370|263060
12637|174|21320|5408|47065|61574
3170|4788|21351|60132
48919|174|34927|202827
63927|1299|6453|4755|7768
6461|33891|60068|211571
8283|20764|52091|206810|50204
58308|29075|174|399697|39967|399697
29222|6939|553
63927|1299|3920|206777
58308|6939|6830|23520|272935|271804
15935|174|3257|19318|201813
4601|50869|211024
23367|1299|6453|29208
52873|12956|3356|21320|5408|47065|61574
44324|32595|174|201896
58308|6939|1299|52025|212895|54891
34927|1299|3356|28370
35008|1299|56630|209944
58308|6939|1299|208905|198256
15605|35598|52091|206810|39558
58308|6939|61618|268492
29222|6939|35600|61025
58308|6939|1299|20473|151361
58308|6939|33924
29222|6939|3170|43851
12859|6939|16652
55222|1299|22773|8119
210937|1299|3356|28370|28657
7594|3356|1299|8551|44709
199938|1299|3356|16735|2716
58308|6939|1299|52468|271967
28917|215551|30893
48070|1299|4637|20473|47065|61574
205206|1299|3356|8119
58308|35598|52091|206810|57460
852|174|60068|205884
1299|29695|206557|208835
9268|4764|1299|6855|39904|202605
44324|32595|174|206067
12637|1299|7195|11432|271150
29222|6939|42184|196932
34927|174|20473|47065|61574
174|6461|394737
4777|2497|174|8551|20473|47065|61574
6762|174|20723|2852|202874
999|6453|174|28189|266931|271615|273522|271150
49028|1299|20473|201423
210937|1299|174|140227|44324|205369
198249|9002|8772|215536
4181|1299|3223|41327
35600|6939|29222|204957
35008|1299|174|37468|61568|266460|61625
14907|1299|3257|20473|47065|61574
8529|1299|6855|39904
42473|1299|6855|39904|202605
37468|174|6453|29208
139317|44324|32595|174|11172|272318
16552|1299|198949|35676
559|37468|53062|266493|61625
44324|32595|174|51847|215269
204092|6939|28917|39238
6908|174|22381|267470|263047
35600|6939|28370|268521
28917|6939|199081|209847
49544|1299|6453|29208
21700|174|3130|47065|61574
34177|1299|3257|20473|47065|61574
34927|1299|6762|49666|58224|214805
6424|6939|42695|52011
210312|4601|8298|25091|6453|174|20473|47065|61574
14537|174|20473|47065|61574
34019|3303|174|3130|47065|61574
40994|9002|8772|215536
34549|174|22381|267470|263047|264389
8455|6830|60068|216213|205884
42541|31133|12389|28917|8905|42132
210312|4601|50869|6939|28370|270962
136557|174|35598|52091|206810|197643
44324|32595|174|399646|13317
3491|174|32595|44324
132337|12859|47065|61574
50629|6461|137409|63473|200790
58299|21320|5408|50148
1764|1299|3920|206777
8298|25091|6453|174|399697|39967|399697
3320|1299|4230|2716
56655|1299|174|210|47065|61574
35266|1299|6855|39904|202605
23673|9900|23764|1299|3920|206777
3170|6939|28917|39134
28917|6939|2852|201648
58308|6939|6830|23520|272935|273948
137409|174|210329|215728
28917|6939|1299|9009|208414
58308|6939|6830|34549|213045
28917|6939|262365|267933
4601|50869|41051|200221
32590|1299|3356|28370|267556
29222|6939|25192|29067
204092|6939|196610
55222|174|14840|269288
199524|1299|21351|60132
1299|34927|202532
132825|174|35598|52091|206810|39089
58308|6939|7018|54097
56987|1299|20473|399970
58308|6939|1299|60664
1031|999|6453|1299|3920|206777
58308|6939|6830|23520|22933
4601|50869|34019|205816
6730|6830|174|20473|47065|61574
6894|174|13335|400095
28917|6939|1299|20473|203913
58308|6939|1299|3223
44324|32595|174|61097
6730|6830|44530|41327|198434
12637|13335|400095
60068|174|3130|47065|61574
58308|6939|1299|11179
29504|15935|174|1299|8551|44709
6830|9002|12555|210259
28917|6939|1299|21277|13335
3320|1299|20473|47065|61574
7018|1299|198949|35676
24516|174|35598|52091|206810|213694
3257|1299|34927|202532
59891|13030|12859|47065|61574
327960|174|3356|28370|28657
327960|174|35598|52091|206810|57164
5405|1299|198949|35676
6424|1299|6855|39904
174|60068|216213|205884
553|6939|2852|210498
15623|6830|34927|202827
28917|6939|1299|62874|204646
8220|6453|1299|29695|206557
28917|6939|47787|203020|208414
35008|1299|198949|35676
22652|1299|59692|12555
140627|1299|3223|34224|12735
29222|6939|21430|33943
12307|29691|1299|3257|20473|47065|61574
12779|6939|25192|26710
34927|28917|215730|209693
6082|2914|1299|6855|39904|199604
44324|32595|174|42228
28917|6939|48070|204208|47272|214223
58308|6939|1299|265540
28917|6939|1299|16880
25152|2497|1299|3920|206777
213241|9002|21320|5408|47065|61574
62167|174|1299|3920|206777
24516|3491|2914|12859|47065|61574
559|6461|23352|20473|47065|61574
8529|1299|174|3130|47065|61574
28917|6939|1299|396362
58308|6939|1299|12337
12637|6939|28370|267608
6424|174|21320|5408|50148
64475|32787|202161
28917|6939|7018|395500
7018|1299|33891|216067|44244
6830|1299|20473|47065|61574
44324|32595|174|266593
42541|1299|10490|2722|12148|47065|61574
210937|1299|37468|60068|216213|205884
202297|13335|5408
213151|34927|1299|60068|197103|212080
44324|32595|174|395748
1403|577|6830|60068|216213|205884
559|35598|52091|206810|34786|34789|34786
199524|1299|3257|19318|209896
28917|20764|52091|206810|211692|214268|196977
20514|1299|37468|53062|266493|61625
210312|4601|50869|205369
44324|32595|174|397384
20080|2914|174|3130|47065|61574
6830|3356|28370|264426
139317|44324|32595|174|401958
28917|6939|1299|17018|53698
50877|5405|6939|42695|52011
51185|6762|174|399697|39967|399697
202365|50673|174|11432|271150|272738
210312|4601|50869|34019|204186
17660|2914|174|11432|271150|272738
3491|174|28189|266931|271615|273522|271150
12779|35598|52091|48158
2914|174|8551|20473|47065|61574
37239|37468|1299|6855|39904|202605
58308|6939|32097|33387
58308|6939|1299|198818
57111|174|3130|47065|61574
52025|32097|32787|202161
28917|6939|1299|15692
8220|1299|6461|394737
28917|6939|7018|397248
28917|47232|20723|2852|202874
29222|6939|3170|215453
58308|6939|6830|23520|11556
7660|2516|1299|20473|47065|61574
7922|1299|3920|206777
22652|1299|6855|50698
13786|3356|1299|6855|39904|199604
14537|3356|1299|6855|39904|47767
50629|20764|52091|206810|211692|214268|196977
205206|1299|35598|25308|28917|204076
4601|50869|58299|209114
139317|44324|32595|174|3356|7195|52863|270956
37468|2914|174|32595|44324
1140|24785|1299|6762|16735|273514
135895|6939|1299|20473|47065|61574
196621|6939|42695
29222|6939|7018|40289
50304|1299|8943|200636
18106|174|60068|205884
57777|8298|25091|6453|174|3130|47065|61574
28917|6939|7018|22241
136557|174|56630|209944
48070|6939|39790
29075|2603|21320|5408|47065|61574
35600|35598|52091|206810|211692|214268
12779|6939|2852|210498
45049|6696|1299|1680|20473|47065|61574
16552|2914|174|11432|271150
44324|32595|174|53667|210025
31742|1299|6762|267470|263047
1273|174|11432|271150|272738
209650|34927|1299|60068|197103|212080
16552|1299|3356|28370|263963
3214|1299|6855|39904|202605
12637|6939|2852|197277
28917|6939|1299|9829
1836|1299|12859|47065|61574
9268|4764|1299|6855|39904|199604
15623|174|210329|215728
49432|48362|1299|3356|28370|267556
29222|6939|41327
6696|5511|174|37468|61568|266460|61625
31510|174|138997|216211|44324|205369
199524|1299|37468|270551|263047
28917|20764|52091|206810|48595
13830|971|174|28189|266931|269250|271150
50300|33891|44592|49581|209693
28917|6939|1299|60068|35487
6830|174|20473|47065|61574
216285|8280|6762|1299|198949|35676
28917|6939|1299|20473|201235
58308|6939|7018|10439
38136|50131|36236|2914|12859|47065|61574
20912|12637|1299|37468|53062|266493|61625
12859|35598|52091|206810|24881
58308|6939|1299|3301
55222|1299|3223|34224|12735
140627|1299|60068|211571
61568|174|20723|2852|202874
28917|6939|1299|20473|19285
2497|174|210329|215728
139317|44324|32595|174|401555
28917|6939|7018|15130
19151|174|201814|209896
8283|6762|60068|205884
1299|6939|30893|199580
23673|9900|23764|1299|20473|47065|61574
327960|174|22381|267470|263047|264389
553|9002|34927|202827
8943|33891|216067|44244
41666|20764|52091|206810|12773|52213
6908|174|14840|269288
4601|50869|6939|30893|13214|35634
12637|35598|52091|206810|48687
139317|44324|32595|174|206795
398465|4826|1299|60068|211571
34927|56655|1299|20473|201423
3130|174|3356|1680|44709
58308|6939|48678|213407
48185|33891|60068|211571
48070|1299|3356|28370
12779|174|1916|47065|61574
12637|1299|174|20473|47065|61574
42541|35598|52091|206810|196638
51519|39351|174|6453|4755|7768
28917|20764|52091|206810|24881
553|16276|203019
139317|44324|32595|174|209847|26383
8283|20764|52091|206810|56766
50673|174|37468|270551|263047
48070|7195|28189|266931|269250|271150
209|3356|174|16276|203019
32590|37100|33891|216067|44244
327960|174|35598|52091|206810|214721|204108
28917|6939|1299|398705
140627|1299|3356|28370|268521
47147|1299|34927|202532
12637|6939|25192|29067
199524|1299|3356|28370|263535
44324|32595|174|19750
50629|6461|394737
12186|1299|22773|8119
28917|6939|7018|397650
44324|32595|174|36352
48070|6939|25192|26710
58057|34549|1299|6855|39904|202605
7594|174|35598|52091|206810|35273
28917|201814|209896
28917|6939|1299|20473|18257
29691|1299|3356|8119
6082|174|399697|39967|399697
12859|14840|2716
6894|3257|1299|12859|47065|61574
20253|1299|174|210|47065|61574
64475|28283|268744|2716
1299|6939|60432
11845|30844|33891|60068|211571
42541|1299|6453|4755|7768
136557|174|35598|52091|206810|202497
139317|44324|32595|174|20278|395092
28917|6939|1299|20473|153319
210312|4601|50869|6939|30893|199580
6762|1299|12859|47065|61574
327960|174|35598|52091|206810|214210
50877|5405|6939|2852|212876
59414|6830|3257|60068|206406|210557
6730|6830|1299|3920|206777
199524|174|216211|211575
4601|50869|6939|58308
3333|33891|216067|44244
196621|6939|28917|201119
55222|1299|4230|52654|266493|61625
29222|6939|28370|268521
44324|32595|174|40676
58308|6939|1299|201319
3130|174|1299|8551|44709
553|1299|3356|28370|53079
44324|32595|174|401429
196621|9002|8772|396416
32595|174|20473|47065|61574
6730|6830|3356|56630|209944
15605|35598|52091|206810|24881
35426|215596|1299|6855|39904
3214|1299|3920|206777
28917|6939|1299|52423
4601|6939|28917|21453|35271
209|3356|1299|12859|47065|61574
51088|3257|5405|8943|200636
55222|174|3356|16735|2716
15605|6939|30893|199580
262427|174|35598|52091|206810|56915
58308|6939|40994|215472
215596|174|5538|8194|29345
25091|2603|21320|5408|47065|61574
3320|1299|8551|20473|47065|61574
58308|6939|6830|23520|11139|399915
8529|33891|60068|211571
4777|2497|174|11432|271150
139317|44324|32595|174|47787|203020
398465|174|20473|30893
35369|1764|174|60068|216213|205884
199524|1299|4230|52654|266493|61625
34927|174|3130|47065|61574
60068|1299|6855|50698
34927|56655|1299|3356|20473|47065|61574
58299|174|20473|47065|61574
9268|4764|1299|6855|39904|47767
58308|6939|5405|43902
58308|6939|6830|203446|214279
136557|174|6762|49666|58224|214805
50629|215551|30893|200690
47147|1299|6762|267470|263047
34927|1299|3356|1680|44709
2497|174|21700|399914
58308|6939|1299|20473|205398
5408|47065|61574
28917|6939|52838|269035
52075|2914|1299|198949|35676
28917|6939|7018|16711
7473|1299|3216|51032|41344|39707
3170|6939|28917|6789|201069|207979
15623|174|20473|47065|61574
34927|1299|3257|19318|201813
139317|44324|32595|174|53667|212237
34927|52025|174|56630|209944
40994|174|34927|202827
4601|6939|28917|6789|203561
174|35598|52091|206810|56915
199938|1299|3356|28370|263535|268030
48185|1299|201814|209896
16260|174|52468|262393
174|3130|47065|61574
28917|6939|6830|23520|64126|272971
50877|5405|6939|2852
29504|15935|174|35598|52091|206810|35273
50673|174|3257|60068|206406|210557
199524|1299|3216|51032|41344|39707
215596|174|28189|266931|269250|271150
6830|3356|22381|267470|263047|264389
28917|6939|1299|395423
49788|1299|3356|28370|268198
1764|174|10490|2722|12148|47065|61574
58299|22356|28370|273514
61218|29632|12859|47065|61574
29222|13335|400095
34927|56655|1299|174|204548|215728
3491|1299|12859|47065|61574
31510|174|60068|205884
132825|174|7311|835|394273
136557|174|35598|52091|206810|214210
559|6939|28370|270962
28917|6939|1299|23520|28545|28509
206356|50629|12859|47065|61574
40994|6939|60432
59919|12779|62255|52091|206810
58308|6939|1299|396993|50224
136557|174|3356|28370|268521
6424|6762|1299|6855|50698
29222|6939|28917|25386
28917|6939|271150
4601|50869|6939|28370|28657
4777|2497|174|35598|52091|206810
13030|1299|174|60068|205884
9044|1299|3223|34224|12735
6830|6939|30893|200690
30600|1299|6855|39904|47767
16347|1299|6855|39904
58308|6939|1299|52468|264851
139317|44324|32595|174|399646
29222|6939|15935|198284
4775|1273|174|60068|216213|205884
28917|6939|1299|20473|214772
139317|44324|32595|174|48260
28917|6939|7018|11992|35892
41666|20764|52091|206810|24881
22652|1299|3356|28370|267556
24516|174|14840|2716
20205|1299|56630|209944
36924|6762|174|399697|39967|399697
3170|25180|1299|17676|3258
20912|12637|1299|7195|20473|47065|61574
20253|1299|3356|28370|267556
210312|4601|50869|41051|212037
139317|44324|32595|174|7195|272872
12637|35598|52091|206810|8274
6894|3257|1299|198949|35676
207841|6939|2852|198500
8283|2914|20473|201423
12779|29632|59682
57866|28917|215730|209693
34854|1299|174|21320|5408|47065|61574
20612|9044|33891|60068|211571
7018|3356|28370|263060
58308|6939|1299|17639|153322
41666|20764|52091|206810|34786
35369|1764|174|11432|271150
25369|174|399697|39967|399697
139317|44324|32595|174|212250|208293|203217|59588
328840|327727|174|35598|52091|206810|214721|204108
28917|6939|1299|60068|216213|200216
210937|1299|174|210|47065|61574
57381|50304|1299|6855|50698
328840|327727|174|52468|271150
15935|13335|5408
139317|44324|7720|10111|1299|12859|47065|61574
34927|60011|3356|1299|201814|209896
28917|6939|6830|33915|58083
207841|6939|2852|201648
36924|1299|2914|226|47065|61574
398465|174|20473|47065|61574
6830|3491|138997|216211|44324|205369
29680|174|210|47065|61574
57381|50304|1299|174|140227|44324|205369
58308|6939|50629|215236
327960|174|35598|52091|206810|202497
5405|20764|43298|48678|213865
202032|58115|21263|56984
57695|917|60068|1299|20473|399970
33891|917|214598
58308|6939|29208|34222
58308|35598|52091|206810|211101
398465|3320|1299|198949|35676
12389|1299|198949|35676
62167|174|60068|216213|205884
12779|34927|202532
51184|47692|33891|216067|44244
40994|6939|16652
8426|33891|60068|211571
2516|1299|29695|206557
58308|35598|52091|44660
53828|2914|1299|6855|39904|47767
32590|1299|3920|206777
6830|6939|28917|20985
50628|1299|56504|47674
266213|3356|1299|34927|202532
31742|1299|6855|39904|47767
271253|6453|174|20723|2852|202874
42473|1299|6453|19318|209896
58299|7195|11432|271150
8218|6461|1299|20473|47065|61574
35426|215596|1299|6453|4755|7768
1828|33891|44592|49581|209693
50304|1299|60068|216213|205884
29222|6939|7018|25993
57381|50304|1299|3356|28370|268198
8283|56630|209944
1299|6939|28370|267556
58308|6939|1299|23487|27738
28917|6939|1299|23520|262191|27951
6830|3356|28370|269016
7018|3356|3223|34224|12735
44324|32595|174|21826|273843
50629|1299|20473|399970
28917|6939|1299|6400|264817
58308|6939|1299|13536|19704
9044|1299|3223|41327
28917|6939|1299|5504
139317|44324|32595|174|397723
44324|32595|174|52341
47147|9002|1299|198949|35676
49432|48362|1299|3356|28370|268198
20205|174|210329|215728
39351|174|3130|47065|61574
29691|13030|21320|5408|47065|61574
13830|971|174|3257|21034
58308|6939|1299|197205
38001|3491|174|60068|216213|205884
34549|6424|44592|49581|209693
6730|6830|174|14840|2716
174|1299|6855|39904|47767
48070|6939|29222|513|12654
28917|6939|7018|6621|28613
29222|6939|40994|205563
6424|9304|136237|174|137995|136237
3170|6939|28917|21453|201646
6057|174|204548|215728
50877|5405|62255|62379
206356|50629|1299|6855|39904
513|174|204548|215728
204092|6939|2852|202874
148968|1299|4230|2716
16552|1299|8551|20473|47065|61574
15605|35598|52091|206810|197960
6830|1299|8551|20473|47065|61574
24785|6830|174|3130|47065|61574
37662|174|210329|215728
328512|5713|174|140227|44324|205369
58308|6939|1299|52468|269853
46450|1299|198949|35676
31742|1299|20473|47065|61574
58308|6939|1299|33549
3130|174|201814|209896
139317|44324|32595|174|11172
55222|1299|6855|39904|202605
204092|34019|47065|61574
35280|6453|174|5538|8194|29345
58308|6939|1299|54082|263725|274023
35600|35598|52091|206810|59815|25299
1828|33891|216067|44244
28917|6939|1299|209551
47147|1299|6939|28370|263535
49432|48362|1299|174|20473|47065|61574
6424|6939|2852|212876
29680|174|52468|271150
196621|6939|28370|268198
1853|20965|5408|47065|61574
328964|37468|174|201814|209896
29222|6939|3170|211956
11845|30844|174|201814|209896
28917|6939|1299|23520|263703|270026
2027|47160|174|11432|271150|272738
202365|50673|174|138997|216211|44324|205369
58308|6939|7018|4185|13979|14298
58308|6939|1299|212477|49592
6762|174|11432|271150
196621|6939|28917|20985
1299|6855|50698
25160|174|3130|47065|61574
29504|39392|33891|34927|202532
34019|35598|52091|206810
37739|3491|174|210|47065|61574
59689|30781|1299|6855|39904
42473|1299|3356|20473|47065|61574
29222|6939|39791|49101|211274
28917|6939|1299|23520|27665|263222|274045
28917|6939|200462
28917|6939|1299|52423|274239
1836|1299|3920|206777
4775|1273|1299|2914|226|47065|61574
139317|44324|32595|174|3573
29222|6939|12735
28917|6939|1299|32270|265547
6830|6939|28917|48084|35816
148968|7474|7473|1299|3920|206777
41722|12389|174|20473|47065|61574
35600|35598|52091|206810|12773|44884
28917|6939|1299|20940|34164
41327|6939|50989
6830|6939|30893|9423
58308|6939|7018|16816
12859|6461|210|47065|61574
28917|6939|1299|3223|48254
44324|32595|174|11240
8218|21320|5408|47065|61574
6830|6939|28370|269016
20253|1299|10490|2722|12148|47065|61574
139317|44324|32595|174|29802
210312|4601|6939|30893|9423
207841|6939|28917|6789|203561
28917|6939|6830|23520|52286|264764|273897
28917|6939|1299|20473|203873
44324|32595|174|393684
15547|174|37468|270551|263047
12859|49581|209693
44324|32595|174|2018|8094
25220|3356|174|210|47065|61574
48070|1299|8551|20473|47065|61574
58308|29075|174|3130|47065|61574
34019|6939|54429|401894
7713|174|37468|61568|266460|61625
34927|1299|201814|209896
9900|23764|1299|12859|47065|61574
1764|174|201814|209896
8220|3491|174|14840|269288
7660|2516|1299|1680|20473|47065|61574
40387|1299|6453|19318|209896
47147|1299|6939|30893|205563
40994|6939|28370|269016
58308|6939|7018|2386|11873
28917|6939|1299|208905|206815
151326|174|35598|52091|206810|213694
32590|1299|8551|44709
59891|13030|1299|8551|44709
58308|6939|6830|23520|272935
8283|20764|52091|206810|197643
58308|6939|1299|49222
32590|37100|1299|6855|39904|202605
151326|174|35598|52091|206810|208435
151326|174|201814|209896
28917|8359|57304|15935|215806
64475|6939|2852|213152
60068|33891|34927|202532
7720|10111|1299|198949|35676
28917|6939|3170|59410
57866|1299|22773|8119
15605|6939|28370|268521
6424|6939|30893|199580
139317|44324|32595|174|401486
28917|6939|7018|3423|13979|10616
3257|1299|201814|209896
198385|174|6453|4755|7768
139317|44324|32595|174|393770
139317|44324|32595|174|21826|269946|272993
3130|174|3356|3223|41327
21412|174|210329|215728
15547|174|210329|215728
6777|47065|61574
49028|1299|6939|215172|214955
328964|37468|174|11432|271150|272738
55222|174|35598|25308|28917|204076
15605|35598|52091|206810|57982
58308|6939|6830|23520|64126|266734|273048
32590|1299|34927|202532
58308|6939|1299|43893
29222|174|20473|47065|61574
42541|37271|20473|47065|61574
3170|6939|16652
2734|9498|20473|47065|61574
6424|6939|28370|267608
140627|2914|3356|21320|5408|47065|61574
58057|1836|174|52468|271150
398465|1299|56630|209944
12637|6939|30893
174|35598|52091|206810|59815
49788|1299|37468|53062|266493|61625
39392|33891|17676|216211|44324|205369
28917|6939|1299|23520|262202
1299|6461|394737
12307|29691|1299|60068|216213|205884
3491|1299|20473|201423
59414|6830|9002|12555|198070
48070|1299|3356|28370|28657
28917|6939|1299|46887|400164
20612|9044|1299|198949|35676
34927|1299|12956|212721
8220|1299|3216|51032|41344|39707
216285|8280|6762|174|60068|216213|205884
207841|6939|207995
58308|6939|33891|60068
15562|2914|1299|6939|24796
513|174|1299|34927|202532
559|35598|52091|206810|211692|214268|197578
3130|174|28189|266931|271615|273522|271150
8280|6762|174|37468|61568|266460|61625
34927|1299|3257|204548|215728
31510|174|6453|4755|7768
44324|32595|174|398734
64475|6939|50989|48116
12350|1299|6453|22356|28370|28657
58308|6939|1299|60068|51191
139317|44324|32595|174|20546
174|6453|4755|20473|47065|61574
559|3320|6855|39904|202605
25091|1299|60068|216213|205884
21412|174|20473|47065|61574
1140|24785|6830|174|37468|61568|266460|61625
28917|6939|41720|212467
8220|3491|174|20473|47065|61574
6424|6939|28917|198297
28917|6939|1299|23520|27717|267809
7018|174|8899
12637|1299|20473|201423
5405|6939|59689
202365|50673|174|20473|47065|61574
2500|2914|174|20473|47065|61574
20764|174|60068|205884
6424|6939|2852
49432|48362|1299|6453|19318|209896
327727|174|1299|6855|39904|47767
327960|174|20723|2852|202874
58057|34549|1299|56630|209944
58308|6939|41073
1103|33891|216067|44244
47147|1299|6939|50989|48116
22652|1299|29695|206557
12586|3257|174|210|47065|61574
20612|9044|1299|5511|60068|206406|210557
19653|30600|1299|6855|39904|202605
7018|1299|29695|206557|204503
32590|1299|2914|226|47065|61574
39122|174|3356|28370|28657
28917|6939|3170|210495
1031|999|6453|174|20473|47065|61574
20205|1299|20473|201423
2152|3356|1299|6855|50698
15623|174|56630|209944
151326|174|35598|25308|28917|204076
199938|1299|6762|16735|273514
139317|44324|32595|174|17497
41666|206813|9136|1299|20473|206946
28917|6939|48678|209828
3491|174|37468|270551|263047
513|174|22381|267470|263047|264389
57111|41327|33891|60068|211571
58511|1299|6762|16735|273514
48070|6939|2852|199711
199524|1299|34927|202532
28917|6939|1299|52468|266728
1299|3356|28370|263535|268030
57777|8298|33891|216067|44244
7474|3257|174|210|47065|61574
2518|2516|174|210|47065|61574
1267|33891|44592|49581|209693
139317|44324|32595|174|142111
9044|1299|3920|206777
28917|6939|1299|23520|264821|272807
12637|6939|42695|43101
2518|1299|201814|209896
6730|6830|3257|37468|270551|263047
28917|6939|1299|11019|33059
1299|6762|267470|263047
28917|6939|1299|52468|264841
28917|6939|1299|21351|886
559|20965|5408|47065|61574
210312|4601|50869|56381
31742|1299|6762|16735|273514
28917|6939|1299|14080|273083
8283|3491|209810|207187|202551
6894|174|17378|8119
64475|6939|2852|61110
29680|174|20473|47065|61574
28917|6939|1299|23520|272942
6424|1299|198949|35676
198249|9002|917|214598
2734|7195|20473|47065|61574
6830|44530|41327|213013
55720|2914|174|204548|215728
28917|6939|1299|60068|197103|202706
41666|20764|52091|206810|202279
6830|3356|28370|263963
132825|174|3257|19318|201813
28917|6939|48678|209737
57381|50304|1299|6453|19318|209896
6696|1299|4230|2716
6830|6939|28917|44056
263237|174|1299|3920|206777
12956|174|210|47065|61574
58308|6939|1299|2589
20514|1299|6204|44592|49581|209693
58308|6939|1299|394102|400326
6424|174|216211|44324|205369
328206|37739|3491|174|11432|271150|272738
50629|20764|52091|206810|211692|214268|197578
4764|1299|20473|399970
5413|1299|3491|20473|47065|61574
6424|20764|52091|206810|196638
33891|8551|44709
271253|6453|174|399697|39967|399697
37105|37662|174|12956|212721
58057|50673|8283|47065|61574
6461|174|140227|44324|205369
136557|174|3356|16735|273514
44324|32595|174|28511
6730|6830|174|52468|271150
202032|58115|21263|33814
29222|6939|56595|209082
28917|6939|7018|46677
210312|4601|50869|6939|50989
38001|3491|1299|3920|206777
263237|174|3356|1680|44709
6082|174|60068|216213|205884
34549|1299|8551|44709
29222|6939|30893
58308|6939|7018|15130
204092|6939|28917|197078
327960|174|35598|52091|206810|210063
49788|1299|20473|399970
35280|6453|174|8551|20473|47065|61574
60068|1299|23764|35168|212999
28917|6939|1299|23520|262202|263713
37271|174|5538|8194|29345
204092|6939|28917|34784
64475|6939|30893|200690
553|6939|58308
45352|174|37468|61568|266460|61625
6667|174|20473|47065|61574
58308|6939|271150|272738
9268|4764|1299|6461|394737
58308|29075|174|20473|47065|61574
58057|174|8551|20473|47065|61574
49605|6762|174|210|47065|61574
132825|174|16276|203019
29222|6939|215085|202585
29222|6939|8194|51955
34927|56655|1299|174|210329|215728
48070|1299|8551|44709
28917|8359|57304|203786
28917|6939|1299|206924|204318
28917|8551|20473|47065|61574
29504|15935|174|28189|266931|271615|273522|271150
328512|5713|174|21320|5408|47065|61574
559|35598|52091|206810|39089
207841|6939|28917|47478
28917|6939|1299|44522
210312|4601|50869|6939|28370|263060
6908|174|3130|47065|61574
28917|6939|1299|52468|265632
139317|44324|32595|174|14051|23431
6424|8772|215536
34927|60011|3356|1299|6855|50698
513|29222|6939|199095
28917|6939|1299|397516|44273
52025|174|22381|267470|263047
2497|1299|22773|8119
4764|1299|29695|206557|204503
2518|33891|44592|49581|209693
6461|174|399697|39967|399697
31510|174|56630|209944
398465|1299|60068|211571
12859|35598|52091|206810|34786|41875
513|174|7195|20473|47065|61574
6730|6830|174|14840|269288
139317|44324|32595|174|55410|24023
47160|6939|28370|269016
20205|1299|60068|216213|205884
48070|37468|53062|266493|61625
58057|174|35598|52091|206810|57164
28917|6939|1299|4213
47147|6830|34927|202827
28917|6939|56595|215320
8283|20764|29049|49666|205647|49801|204533
50629|56630|209944
12859|1299|21351|60132
6730|6830|3356|3216|51032|41344|39707
38001|3491|174|28189|266931|271615|273522|271150
207841|37468|52468|262393
55222|174|20723|2852|202874
58308|6939|1299|13768
8220|6453|1299|29695|206557|205190
1299|7195|28283|268744|2716
25091|1299|20473|47065|61574
47147|1299|3356|28370|264426
20612|9044|174|11432|271150|272738
28917|6939|1299|23520|267823
207841|6939|28370|268198
44324|32595|174|35986
58308|6939|2914|20473|399970
3257|33891|216067|44244
6424|6939|215172|214955
6730|6830|174|10490|2722|12148|47065|61574
58308|35598|52091|206810|12773|52213
29222|6939|29670|48387
31742|1299|60068|211571
559|6939|30893|204789
513|6730|6830|174|37468|61568|266460|61625
28917|6939|1299|20473|146950
151326|174|399697|39967|399697
58308|6939|1299|36192
50628|1299|174|37468|61568|266460|61625
58308|6939|6830|23520|52468|269934|274125
139317|44324|32595|174|13693
210312|4601|8551|44709
6424|37517|1299|174|37309
34927|56655|1299|6762|16735|273514
29680|174|21320|5408|47065|61574
1140|24785|1299|198949|35676
58308|6939|1299|199610
56655|1299|174|21700|399914
20764|174|3257|20473|47065|61574
49788|174|204548|215728
25091|3356|174|20473|47065|61574
29504|15935|174|30844|21351|60132
28917|6939|1299|12709
139317|44324|32595|174|199391
28917|6939|1299|52468|273923
8220|3491|1299|20473|47065|61574
44324|32595|174|29727
553|52320|7162|13878|52468|271150
139317|44324|32595|174|26801
37497|3491|174|34927|202827
32590|174|210|47065|61574
28917|6939|1299|20335
28917|6939|1299|8151|272325
210312|4601|50869|41051|213249
29691|1299|6762|267470|263047
58308|6939|1299|32806
210312|4601|50869|52025|53723
58308|6939|1299|396362
25369|1299|42303|51701|30893
41666|20764|52091|206810|211692|31069
42541|9002|12555
209650|34927|1299|3223|41327
852|3491|5408|47065|61574
2518|2914|12859|47065|61574
37105|37662|174|21320|5408|50148
44324|32595|174|55022
34927|56655|1299|6762|267470|263047
64475|6939|28917|48084|35816
210312|4601|6939|28917|35539
32590|6453|174|20473|47065|61574
58308|6939|30893|204789
3356|174|32595|44324
139317|44324|32595|174|39537
29222|6939|3170|212806
31510|174|6453|29208
44324|32595|174|26801
4601|50869|58299|49585
28917|6939|30893|200690
56655|1299|6762|267470|263047
28917|6939|7018|4466
57111|174|3491|20473|47065|61574
58308|35598|52091|206810|48595
28917|6939|7018|19645
13030|1299|34927|202532
35369|8218|33891|216067|44244
398465|3320|1299|8551|20473|47065|61574
13830|971|174|22381|267470|263047
32590|1299|29695|206557
58308|6939|7018|54495
34927|1299|60068|216213|205884
5405|62255|52091|206810|196767
20514|1299|3356|8119
28917|6939|1299|20473|8079
51873|6830|174|37468|61568|266460|61625
16552|1299|34927|202532
34854|1299|3356|28370|28657
20205|1299|25091|8298|4601|4492
28917|6939|1299|20473|215527
2152|3356|1299|6855|39904|47767
50304|1299|6453|29208
35426|39801|5511|174|21700|399914
48070|6939|16652
6720|1764|174|52468|271150
31122|174|216211|211575
58308|6939|33891|204243
559|29632|215536
49028|1299|6939|28370|263060
4775|1273|1299|20473|399970
31742|1299|3223|34224|12735
41327|215551|30893|13214|35634
6730|6830|3257|20473|47065|61574
6424|6939|200303
8220|1299|9002|8772|396416
3170|6939|2852|201648
37721|174|20473|47065|61574
48362|1299|3356|28370|267556
28917|6939|1299|213802
29075|1299|3356|28370|263060
28917|6939|1299|21351|2199
132825|174|35598|25308|28917|204076
47160|174|60068|197103|212080
3130|174|14840|2716
3170|6939|28370
8298|8283|3491|209810|207187|205044
6424|6762|1299|20473|47065|61574
199938|1299|6204|44592|49581|209693
28917|6939|1299|23520|272935|267845|272083
40994|174|210|47065|61574
7713|174|11432|271150|272738
852|1299|60068|216213|205884
28917|6939|1299|28118|14789
12859|35598|52091|206810|57460
57111|174|21700|399914
1140|24785|6830|3356|28370|267556
24516|174|35598|52091|206810|34786
21232|33891|44592|49581|209693
31122|6453|1299|3920|206777
28917|6461|17378|8119
20253|1299|37468|52468|262393
58308|6939|1299|270126
210937|6830|174|37468|61568|266460|61625
12779|14840|2716
1299|6939|28370|267608
34927|1299|1680|20473|47065|61574
12637|6939|25192|20701
28917|6939|61618|267216
28917|6939|28370|52593
327727|174|28189|266931|271615|273522|271150
58308|59689|30781|1299|20473|201423
42541|1299|174|210329|215728
21700|174|21320|5408|50148
64475|3320|174|52468|271150
58057|1836|174|210329|215728
39351|174|6453|4755|7768
28917|6939|1299|23520|28545
58308|6939|5405|207061
216285|8280|6762|174|3130|47065|61574
5511|2914|12859|47065|61574
6830|6939|2852
28917|6939|1299|23520|265539
34549|1299|201814|209896
559|33891|44592|49581|209693
35426|215596|174|21320|5408|50148
207841|6939|50989|48116
28917|6939|7018|22241|62714
6830|1299|10490|2722|12148|47065|61574
16552|1299|3356|28370|53079
4601|50869|205369
29222|6939|12779
12637|35598|52091|206810|34786
45049|6696|1299|20473|399970
29222|6939|25400|50270
20912|174|52468|271150
28917|6939|1299|3301|206884
58308|6939|5405|204704
12779|6939|2852|61110
58308|6939|5405|49910
7018|1299|3920|206777
28917|6939|1299|60051|208293|203214
58057|34549|3257|1299|20473|201423
202365|50673|174|12956|212721
57381|50304|1299|198949|35676
28917|6939|1299|21623
28917|6939|1299|52468|266812
58057|174|1916|47065|61574
41327|6939|24796
60011|3356|1299|12859|47065|61574
553|6939|28370|267608
61218|29632|9002|1299|3920|206777
28917|6939|1299|262206|27742
48185|1299|10490|2722|12148|47065|61574
37739|3491|174|56630|209944
398465|4826|9002|21320|5408|47065|61574
28917|6939|1299|60068|197103|200371
12307|29691|1299|20473|201423
136557|174|35598|52091|206810|59815
28917|6939|1299|56655|202986
45049|6696|1299|37468|53062|266493|61625
20473|174|20473|47065|61574
8220|1299|6855|39904|47767
20253|1299|3356|28370|268198
50673|174|5459|200070
52873|12956|174|210|47065|61574
28917|20764|52091|206810|35273
21700|174|35598|52091|59815|25299
22652|1299|34927|202827
216285|8280|6762|1299|6855|50698
50628|3356|174|20473|47065|61574
58308|6939|7018|19645
51519|39351|174|1916|47065|61574
8220|1299|6453|60068|216213|205884
7018|6453|60068|216213|205884
47147|3320|1299|60068|197103|212080
25091|3356|174|140227|44324|205369
44324|32595|174|20545
29222|6939|7018|7287
34288|1299|6453|29208
22652|174|3356|8119
29222|6939|50629|59645
139317|44324|32595|174|16601
28917|6939|1299|25400
57111|41327|6461|6057|28283|268744|2716
210312|4601|50869|34019|207910
139317|44324|32595|174|41625
328840|327727|174|35598|52091|206810|213694
31742|1299|12859|47065|61574
37739|3491|5408|47065|61574
5413|1299|6762|49666|58224|214805
28917|6939|40994|203997
28917|6939|1299|199524|62553|205941|211281
35426|215596|1299|3223|34224|12735
59891|13030|1299|174|20473|47065|61574
199524|1299|6204|44592|49581|209693
28917|6939|8194|201547
28917|6939|1299|52468|27814
49544|3356|174|52468|271150
19151|2914|1299|6855|39904
139317|44324|32595|174|48266|61112
16552|1299|3356|28370|267608
328840|327727|174|21320|5408|50148
1267|1299|6453|29208
205206|1299|3356|28370|263060
28917|6939|1299|23520|27665|14789
852|1299|201814|209896
20205|174|210|47065|61574
28917|6939|1299|271
58057|1836|1299|6855|39904|47767
559|14840|269288
34800|58057|50673|174|52468|262393
5405|1299|8551|20473|47065|61574
6424|6939|28917|8491
28917|6939|2852|199711
21412|1299|8551|44709
262427|174|35598|52091|206810|59867
6730|6830|174|3130|47065|61574
58308|6939|215172|214955
139317|44324|32595|174|19982
47147|1299|7195|20473|47065|61574
41722|12389|1299|20473|47065|61574
58308|6939|39790
20485|1299|6855|39904
55222|174|28189|266931|271615|273522|271150
1299|174|216211|211575
51184|47692|33891|8551|44709
174|3257|20473|47065|61574
12779|35598|52091|206810|196638|42702
559|35598|52091|206810|8274
57381|50304|1299|7195|28189|266931|269250|271150
58057|50673|174|21320|5408|47065|61574
12307|29691|1299|6762|267470|263047
2518|1299|198949|35676
174|35598|52091|206810|210063
42541|62255|52091|206810
139317|44324|32595|174|400701
6720|1764|174|21700|399914
5405|8943|200636
2027|47160|174|28189|266931|269250|271150
35008|1299|60068|197103|212080
12779|13335|400095
6908|174|5511|60068|206406|210557
31510|174|2914|226|47065|61574
50877|5405|6939|30893|199580
29222|6939|48678|209737
8298|25091|1299|20473|201423
28917|6939|1299|265780|269815
28917|6939|1299|207137
394256|174|22381|267470|263047|264389
7922|1299|20473|47065|61574
48070|6939|50989|48116
58308|35598|52091|206810|214721
56655|1299|20473|399970
34854|1299|20473|201423
28917|6939|1299|62913
12779|1680|44709
58308|6939|1299|32270|265547
41722|12389|1299|198949|35676
34288|174|52468|262393
34549|1299|17676|216211|44324|205369
9268|4764|1299|8551|44709
23367|1299|174|140227|44324|205369
215596|1299|37468|53062|266493|61625
28917|6939|1299|208905|61102|60068|62651
207841|6939|50989|50683
64475|6939|30893|13214
14315|6453|1299|20473|47065|61574
48185|12859|47065|61574
35369|1764|174|210329|215728
3549|3356|174|204548|215728
28917|6939|1299|131429
25091|6453|174|5538|8194|29345
198249|13030|1299|20473|47065|61574
47147|1299|3356|28370
50304|1299|3356|28370
28917|6939|7018|3379
34927|52025|174|22381|267470|263047
58308|6939|1299|58065
58308|6939|29222|41495|206202
6894|174|60068|197103|212080
2734|7311|835|394273
917|60068|174|399697|39967|399697
23673|9900|23764|1299|198949|35676
40994|6939|28917|39238|49392
28917|6939|1299|197308
48070|1299|12956|212721
28917|6939|40994|198510
48070|6939|28917|47478
6424|174|3356|8772|215536
4601|50869|41051|207076
34854|1299|37468|52468|271150
971|174|5459|200070
3333|1257|1299|198949|35676
57111|174|1299|3920|206777
28917|6939|1299|21859
28917|6939|1299|23520|27745
204092|6939|24796|63293
31742|174|21320|5408|50148
12350|1299|6855|39904
28917|6939|1299|52468|273877
58308|6939|1299|52468|273966
53828|3257|1299|3920|206777
58308|6939|1299|11664
58308|6939|2852|202874
49432|48362|1299|3356|28370|263963
205206|1299|7195|28189|266931|269250|271150
3491|1299|60068|197103|212080
29222|6939|56595|215320
16552|1299|29695|206557|205190
28917|8359|57304|35168|197556
20912|174|60068|211571
58308|6939|7018|18439
47160|174|8551|20473|47065|61574
398465|4826|1299|60068|216213|205884
44324|32595|174|16509
48070|6939|28917|34784
12637|1299|3356|8119
28917|6939|1299|20473|14270
199524|1299|6855|39904|47767
139317|44324|32595|174|205847
29222|1299|8551|44709
7018|1299|12555|212247
31122|2603|21320|5408|47065|61574
44324|32595|174|206312
34854|1299|37468|270551|263047
50877|5405|6939|28370|28657
49432|48362|1299|3356|28370|53079
48185|1299|56504|47674
58308|6939|7018|397248
58299|62255|52091|206810|48687
28917|6939|1299|20473|211968
3130|174|3356|16735|2716
20932|174|210329|215728
15605|137409|48011|25184|49801|204533
16347|1299|34927|202827
139317|44324|32595|174|1916|47065|61574
30844|21320|5408|47065|61574
3130|174|34927|202827
49788|1299|34927|202532
58308|6939|3170|57483
132825|174|22381|267470|263047|264389
20612|9044|1299|3223|41327
28917|6939|62000|198831|207466
205206|1299|3356|28370|264426
210312|4601|50869|52025|208915
210312|4601|50869|52025|205649
9044|1299|20473|47065|61574
12956|1299|6855|39904|202605
28917|6939|1299|20473|401778
20485|174|399697|39967|399697
35625|33891|216067|44244
15605|6939|50989
15623|174|3257|21034
48070|6939|28917|24651
210312|4601|50869|56381|209844
31742|1299|6855|39904|199604
917|25369|174|11432|271150
202032|58115|21263|206970
28917|6939|1299|23520|262148
50673|174|1916|47065|61574
28917|6939|1299|20473|50827
2518|1299|6855|39904|47767
28917|29632|215536
32590|1299|6855|39904|47767
28917|6939|1299|20473|203521
7018|13335|5408
34927|1299|174|60068|205884
4601|6939|28917|21453|199933
9268|4764|1299|29695|206557|208835
3130|174|35598|52091|59815|25299
58308|6939|1299|14080|264718
49544|18779|174|210329|215728
40387|1299|34927|202827
17660|6453|174|399697|39967|399697
7018|1299|917|214598
36924|1299|174|1916|47065|61574
139317|44324|32595|174|396949
6424|6939|28917|39153
49028|1299|6939|200303
37721|174|216211|211575
20514|1299|7195|28189|266931|269250|271150
12956|2914|12859|47065|61574
28917|6939|1299|39063|29108
7594|174|1916|47065|61574
12969|1299|3356|28370|53079
12389|1299|60068|216213|205884
49432|48362|1299|12956|212721
58308|35598|52091|206810|197643
55720|2914|1299|6939|24796
139317|44324|32595|174|36792
51088|12859|47065|61574
50877|6762|174|3130|47065|61574
28917|6939|1299|23520|52228|263785
58299|50263|201814|209896
28917|6939|40994|212085
58308|6939|7018|396912
174|3257|25091|8298|4601|4492
2497|174|140227|44324|205369
209650|34927|174|1916|47065|61574
34872|24961|21320|5408|47065|61574
28917|6939|1299|32934|54115
28917|6939|1299|20473|54874
58308|6939|35133|57706
48362|1299|20473|47065|61574
28917|6939|1299|20473|398810
4601|50869|58299|209898
44324|32595|174|263812|208414
29222|6939|40994|215472
49788|1299|5511|60068|206406|210557
6461|1299|8551|44709
5413|1299|25091|8298|4601|4492
20514|1299|3223|41327
207841|20473|30893
4637|1299|56504|47674
55222|1299|6204|44592|49581|209693
28917|6939|1299|60068|197103|329334
28917|6939|1299|396993|208812
58308|6939|31263|8822
58308|6939|35168|48716
29632|9002|3356|1299|20473|47065|61574
20514|1299|6453|29208
34019|21351|60132
6908|174|6453|19318|201813
44324|49581|209693
1280|1299|174|204548|215728
553|6939|2852|204772
24961|174|204548|215728
50629|29632|59682
7018|174|21700|399914
1273|174|52468|271150
1299|10490|2722|12148|47065|61574
6720|1764|174|201814|209896
12389|174|210|47065|61574
29691|1299|2914|226|47065|61574
6667|1299|60068|216213|205884
8220|1299|3356|28370|269016
28917|2603|21320|5408|47065|61574
57381|50304|1299|20473|47065|61574
58308|35598|52091|206810|12773|44710
42541|1299|7545|20473|47065|61574
34177|1299|3356|28370|267608
58308|6939|6830|23520|27717|269846
139317|44324|32595|174|208794|200851
12637|35598|52091|206810|214210
394256|174|210329|215728
1299|6939|28370|268521
42473|1299|3356|28370|263535
2734|37468|52468|271150
55720|3491|174|20723|2852|202874
4230|1299|29695|206557|204503
20205|174|204548|215728
29222|6939|41720|212467
28917|6939|1299|60068|395092
2734|47787|6424|203020
327782|37100|2603|21320|5408|47065|61574
21232|13030|1299|12956|212721
3170|6939|2852|202874
553|6939|50989|48116
28917|6939|1299|23520|262191|273221
58308|6939|42184|204702
139317|44324|32595|174|208765
57111|174|1299|20473|201423
41327|6939|30893|199580
57381|50304|1299|3356|28370|28657
28917|6939|62000|198831|210699
49432|48362|1299|3920|206777
28917|6939|1299|20473|20420
559|35598|52091|206810|24881
6830|13335|400095
58057|174|12956|212721
58308|6939|1299|41897
15605|35598|52091|206810|48595
58299|4601|4492
23764|3356|174|3130|47065|61574
58511|8455|8283|47065|61574
39122|174|22381|267470|263047|264389
8220|1299|201814|209896
210312|4601|50869|6939|2852|198500
7018|6939|30893|13214
64475|14840|269288
44324|32595|174|398636
58308|6939|6830|23520|273871
50628|1299|56630|209944
6830|3491|209810|207187|207198|206429
50304|1299|3356|28370|264426
28917|6939|1299|25697
58308|6939|1299|13999
12779|6939|200070
44324|32595|174|53667|14956
262427|174|204548|215728
14907|1299|3223|34224|12735
24516|174|3356|28370|28657
7018|3356|1680|44709
20764|174|1299|20473|399970
28917|6939|1299|394102|400326
12350|1299|3356|28370|269016
29222|6939|28917|206011
28917|6939|1299|20144
58511|3257|174|140227|44324|205369
35710|3320|1299|34927|202532
6424|32787|202161
20253|1299|6204|44592|49581|209693
22652|174|6461|394737
60011|3356|1299|6855|39904|199604
151326|174|35598|52091|206810|202497
136557|174|35598|52091|206810|5598
35369|1764|174|210|47065|61574
50629|6939|50989
40994|6939|28917|48084|199961
28917|6939|1299|21559|271945|269931|272027
58308|6939|29208|199350
44324|32595|174|47787
24516|174|35598|52091|206810|24881|24697
210312|4601|6939|28917|39134|39561|197695|210550
3320|1299|3920|206777
29075|174|3257|21034
29222|6939|262485
204092|6939|28370|268198
14315|174|8551|20473|47065|61574
44324|32595|174|393770
271253|6453|2914|12859|47065|61574
13030|1299|10490|2722|12148|47065|61574
553|1299|6855|39904|47767
40994|174|8551|20473|47065|61574
136557|174|6461|394737
398465|1299|3257|19318|201813
58308|6939|47536|213370
40994|57463|41327|214443
14907|1299|32787|202161
327983|37497|3491|174|37468|61568|266460|61625
28917|6939|1299|23520|5639|27924
12779|35598|52091|206810|214210
196621|6939|28917|6789|200702
7473|1299|3920|206777
40994|6939|28370|264426
215596|1299|3356|28370|28657
3214|52025|212895|210320
16552|1299|4230|2716
9002|1299|60068|216213|205884
28917|6939|7018|36610
139317|44324|32595|174
8298|25091|6453|174|20473|47065|61574
25369|174|11432|271150
28917|6939|1299|32806
16552|3257|174|20473|47065|61574
58308|6939|3170|203363
64475|14840|2716
24516|174|35598|52091|206810|211101
199524|1299|3356|28370|263060
35266|1299|6855|39904|199604
40387|1299|3356|16735|2716
50304|1299|3356|8119
20253|1299|7195|20473|47065|61574
1299|6855|39904|47767
29222|6939|42184|210035
34927|52025|174|3356|16735|2716
6424|6939|29222|207688
215596|62000|1680|44709
328964|37468|174|20473|47065|61574
8280|6762|1299|198949|35676
50629|20764|52091|206810|196638
28917|6939|56595|211879
3741|174|20723|2852|202874
209823|25091|8283|47065|61574
57695|917|60068|1299|3356|8119
15547|33891|44592|49581|209693
12859|1299|6855|39904|202605
37721|174|60068|216213|205884
29075|1299|3257|60068|206406|210557
17639|174|28189|266931|271615|273522|271150
4775|1273|174|37468|61568|266460|61625
19151|174|21320|5408|50148
49028|1299|174|3130|47065|61574
64475|6939|2852
16552|1299|56504|47674
44324|32595|174|46437
37662|174|201814|209896
139317|44324|32595|174|43872
57866|6830|3356|28370|28657
2518|1299|8551|44709
28917|6939|1299|30600|26793
139317|44324|32595|174|400519
6424|6939|28917|43714
48919|174|28189|266931|271615|273522|271150
48185|33891|216067|44244
6696|1299|6855|39904|199604
207841|6939|25192|29067
196621|6939|28917|48084|35816
28917|6939|1299|36243
60068|33891|917|214598
210312|4601|50869|52025|51939
57381|50304|1299|3356|20473|47065|61574
215596|1299|198949|35676
29222|6939|7018|15084
58308|6939|1299|10396|397566
1299|2914|20473|47065|61574
8283|50263|201814|209896
4826|1299|20473|399970
39122|1299|8551|44709
6830|6453|19318|209896
58308|6939|204310
29075|1299|20473|47065|61574
6894|174|35598|52091
15605|20473|30893
18106|33891|216067|44244
6424|6939|28370|268521
205206|1299|37468|52468|271150
64475|62255|52091|206810|12773|47809|50780
56662|8283|47065|61574
8220|1299|20473|399970
139317|44324|32595|174|44372
28917|6939|200303
7018|6939|2852|199711
139317|44324|32595|174|396073
56987|174|52468|271150
58308|6939|47160|210979
57381|50304|1299|3356|28370|267608
1764|174|11432|271150
202365|50673|174|21320|5408|47065|61574
2497|174|5538|8194|29345
8283|20764|52091|206810|214210
140627|1299|3356|28370|263060
28917|6939|1299|27947|264836|265762
513|29222|6939|61618
28917|6939|1299|55285
48070|6939|2852|200874
9044|1299|6453|19318|209896
28917|6939|1299|23520|264821|271799
28917|6939|1299|52468|265863
1299|8551|44709
12307|29691|1299|174|22381|267470|263047|264389
15935|174|3356|3223|34224|12735
8218|6461|174|20473|47065|61574
58511|33891|216067|44244
28917|6939|21430
327960|174|14840|2716
42541|20764|43298|48678|210574
20514|1299|6855|39904|199604
204092|6939|50989
58308|6939|3170|43851
28917|6939|1299|20473|398883
14315|6453|1299|6855|39904|47767
1299|3356|22381|267470|263047|264389
29479|50304|1299|21351|60132
58308|6939|1299|48851
3170|174|3356|28370|28657
32097|28283|268744|2716
49028|1299|6939|60432
559|35598|52091|206810|202497
19151|174|60068|197103|212080
29222|6939|15962|203933
28634|4230|1299|29695|206557
50629|6939|215172|214955
47957|3356|174|20473|47065|61574
139317|44324|32595|174|263167
30781|3356|174|216211|211575
210312|4601|50869|58299|209898|199553|213081
210312|4601|50869|214675
57111|174|20473|47065|61574
1299|1680|20473|47065|61574
51185|6762|1299|8551|44709
44324|32595|174|56501
29222|6939|41720|58180
50628|6453|174|204548|215728
29222|6939|553|212522|13335
29222|6939|553|34878
132825|174|35598|52091|44660
29479|50304|1299|8551|44709
210312|4601|50869|215828|215849
28917|6939|7018|399756
17639|1299|20473|399970
12956|1299|29695|206557|208835
2497|1299|42303|51701|30893
196621|6939|25192|29067
22355|5511|174|52468|271150
58308|6939|1299|400164
44324|32595|174|57933
58057|50673|174|1299|20473|399970
209|3356|1299|34927|202532
3170|9304|136897|174|3491|137969|132824
8283|20764|52091|206810|202279
49544|2914|174|204548|215728
271253|174|399697|39967|399697
28917|6939|7018|6621|265705
35426|215596|1299|3356|28370|28657
29222|6939|28370|263535
139317|44324|32595|174|53667|206042
999|6453|174|3130|47065|61574
20514|1299|3356|28370|53079
139317|44324|32595|174|397496
44324|32595|174|209312
21700|174|37468|61568|266460|61625
47692|33891|37468|270551|263047
28917|6939|1299|393417
1299|6855|39904|199604
3333|1257|1299|3920|206777
58057|1836|33891|216067|44244
28917|6939|1299|20473|197626
28917|6939|1299|11019|30361
28917|6939|1299|60068|400799
58308|6939|15935
58308|6939|1299|25400
28917|6939|1299|8151|270206
28917|6939|1299|15164|22379
139317|44324|32595|174|3819
22652|1299|12859|47065|61574
44324|32595|174|26988
210937|1299|6461|394737
553|1299|198949|35676
559|6939|50989|50683
50629|6461|210|47065|61574
3257|28917|215730|209693
4775|1273|1299|198949|35676
58308|6939|29670|213997
48362|1299|174|22381|267470|263047|264389
58299|7195|28189|266931|271615|273522|271150
4181|1299|8943|200636
50304|1299|174|3130|47065|61574
327727|174|35598|52091|206810|196638
139317|44324|32595|174|35041
28917|6939|1299|54082|64150|63293
8758|15576|56630|209944
4601|9002|34927|202827
15562|2914|6424|44592|49581|209693
28917|6939|1299|396356
34927|1299|3356|16735|273514
55222|174|22381|267470|263047
206356|50629|33891|60068|211571
42541|1299|60068|216213|205884
7713|174|3356|8772|215536
58308|6939|7018|397650
3356|174|20723|2852|202874
14630|2914|174|3130|47065|61574
58308|6939|1299|34927
577|1299|12956|212721
48919|174|204548|215728
12779|21351|60132
58308|6939|64475
28917|6939|6830|23520|262191|273849
262427|174|35598|52091|206810|211692|214268
46450|1299|20473|201423
199938|1299|60068|216213|205884
58308|6939|30893|199580
58308|6939|28370|52593
35598|174|3257|19318|209896
12350|34177|174|210329|215728
29691|1299|3356|16735|273514
6424|6939|28917|39238|51408
16347|1299|6453|19318|201813
58308|6939|1299|12025|40289
35600|44592|49581|209693
59919|12779|33891|216067|44244
23367|1299|35598|52091|206810
58308|6939|5405|48031|136258
207841|6939|15372
28917|6939|1299|20473|396476
139317|44324|32595|174|202075
174|35598|52091|206810|59815|25299
210937|1299|174|20473|47065|61574
139317|44324|32595|174|200584
12779|8551|44709
40994|6204|208972|210538|6775|13030|4637|133398
15576|13335|400095
22652|174|3356|16735|2716
328512|5713|174|138997|216211|44324|205369
7018|2914|20473|201423
58299|62255|52091|206810|214218
41327|174|56630|209944
28917|6939|1299|210021
34800|58057|50673|174|7195|20473|47065|61574
24961|33891|60068|211571
19151|174|1299|6855|39904
58057|174|399697|39967|399697
44324|32595|174|18988|54904
48070|6939|58308
28917|6939|1299|20473|209215
34854|1299|17676|216211|44324|205369
29222|6939|208453
58308|6939|32097|22295|206042
28917|6939|1299|20473|206885
553|1299|3356|8119
58308|6939|1299|208893
3333|1257|174|22381|267470|263047|264389
50877|52025|212895|210320
139317|44324|32595|174|35598|204490|215330
42473|9002|21320|5408|47065|61574
44324|32595|174|397735
50628|6453|174|3130|47065|61574
37105|37662|174|204548|215728
34019|6696|1299|198949|35676
42541|1299|3223|34224|12735
34854|1299|22773|8119
139317|44324|32595|174|400164
8283|6939|2852|210498
50877|5405|6939|30893|204789
40994|6939|28917|6789
6424|1916|47065|61574
1299|5511|60068|206406|210557
58308|6939|1299|214002
7018|6762|267470|263047
206356|50629|215551|30893
199938|1299|60068|197103|212080
57111|174|138997|216211|44324|205369
53828|2914|174|140227|44324|205369
34927|1299|6453|1031|61568|266460|61625
1031|999|6453|174|5538|8194|29345
51184|1764|174|216211|211575
20253|1299|7195|28343|2716
28917|6939|1299
31742|1299|20473|201423
58308|6939|6830|23520|52468
57866|6830|33891|216067|44244
559|6939|24796|63293
28917|6939|1299|9299|10139
44324|32595|174|398343|400509
6461|1299|20473|399970
5405|6939|25192|29067
4601|50869|41051|200306
12779|20764|43298|48678|210574
58308|35598|52091|206810|210063
28917|6939|50989|48116
12956|174|28189|266931|271615|273522|271150
52025|1299|29695|206557
44324|32595|174|394542|20432
16552|1299|29695|206557|204503
29140|174|3130|47065|61574
151326|174|56630|209944
34927|1299|10490|2722|12148|47065|61574
58308|6939|1299|199544
8455|33891|216067|44244
49432|48362|1299|174|60068|205884
17660|2914|1299|198949|35676
139317|44324|32595|174|132839
174|3356|9002|12555
328840|327727|174|17378|8119
23352|3257|174|201814|209896
917|60068|1299|21351|60132
47160|6939|54429
8283|1031|266493|61625
6461|174|3130|47065|61574
58308|6939|7018|396922
210312|4601|50869|41051|207529
58308|6939|6830|23520|46650|14432
35598|174|21320|5408|50148
139317|44324|32595|174|18501
328512|37100|1299|3920|206777
12859|1299|7545|20473|47065|61574
3214|1299|6762|267470|263047
21700|174|35598|52091|206810|214210
8888|137409|12859|47065|61574
271253|6453|174|1916|47065|61574
215596|1299|1680|20473|47065|61574
19653|30600|174|37468|61568|266460|61625
1828|1299|3920|206777
198385|174|1299|8551|44709
20932|1299|6855|39904|199604
1836|5511|174|37468|61568|266460|61625
28917|6939|7018|11992
7660|2516|6939|1299|20473|399970
25160|174|210329|215728
1257|174|210329|215728
3170|6939|42695|43101
58308|6939|1299|54103
5405|37271|20473|47065|61574
24785|6830|3356|28370|263535
1828|21320|5408|47065|61574
41666|20764|52091|206810|202497
28917|6939|1299|9141
4601|50869|6939|29222|41495
25091|1299|3223|41327
12637|47065|61574
210312|4601|6939|28917|47914
49544|2914|174|60068|205884
64475|6939|50989|205966
398465|174|21320|5408|47065|61574
12350|1299|37468|270551|263047
28917|6939|48678|213407
205206|1299|174|210329|215728
51519|39351|174|3257|20473|47065|61574
209650|34927|1299|3257|19318|201813
28917|6939|1299|20473|49688
28917|6939|1299|20473|199111
28917|6939|1299|13293|12346
35600|1828|12179|393398|3356|1299|23033|27323
7018|1299|29695|206557|205190
553|1299|6762|16735|273514
327727|174|52468|271150
31742|1299|60068|216213|205884
196621|6939|2852|202874
3130|174|3257|9498|20473|47065|61574
28917|6939|1299|393559
13237|1299|20473|399970
47692|3356|1299|20473|47065|61574
139317|44324|32595|174|8452|24835
44324|32595|174|8926
30600|174|399697|39967|399697
29222|6939|199081|209847|26383
20514|1299|29049|49666|205647|49801|204533
135895|137409|174|210329|215728
8283|20764|52091|206810|48595
210312|4601|50869|41051|211715
210312|4601|50869|213768|205634
44324|32595|174|212250|208293|203217|14789
327727|174|35598|52091|206810|48687
25369|174|11432|271150|272738
6830|1299|1680|20473|47065|61574
28917|6939|1299|399814
29691|1299|174|20473|47065|61574
49432|48362|1299|174|204548|215728
15605|8772|215536
28917|6939|1299|46261|46978
3130|174|37468|53062|266493|61625
1257|1299|20473|47065|61574
8283|20764|52091|206810|12773|47809|59478
58057|1836|1299|20473|399970
28917|6939|1299|25899|40583
139317|44324|32595|174|8926
32590|1299|1680|20473|47065|61574
28917|6939|1299|23379|267700|269965|266815
28917|6939|1299|31898|26954
28917|6939|1299|19332|273255
6730|6830|3257|8551|44709
40994|6939|28917|47438
58308|6939|12637
210312|4601|50869|41051|47509
58308|6939|1299|3301|56736
3214|1299|3223|34224|12735
3491|174|204548|215728
51519|39351|174|20473|47065|61574
35369|1764|1299|8551|44709
25369|174|52468|262393
50628|6453|174|11432|271150
8283|3491|38001|25192
35008|1299|3223|41327
28917|6939|1299|20473|899
52320|1299|17676|216211|211575
174|2914|12859|47065|61574
29222|6939|59970
3170|6461|55081|59678|216096
28917|6939|1299|2280
3741|33891|60068|211571
57111|41327|20764|43298|48678|213865
12969|1299|8551|44709
42473|1299|3920|206777
49028|1299|20473|47065|61574
51519|39351|174|210329|215728
28917|8359|57304|41720|208229
44324|32595|174|12252
58057|50673|174|3356|28370|28657
34019|49581|209693
4601|50869|6939|200070
207841|6939|28917|44056|57629
204092|6939|29222|207688
139317|44324|32595|174|14960|19551
7594|174|35598|52091|206810|210063
28917|6939|1299|23520|270200|272314
28917|6939|15935|201727
64475|6939|30893|205563
51088|8455|1299|3920|206777
28917|6939|1299|7979
28917|6939|1299|20473|13717
199524|1299|3223|41327
215596|1299|7195|28343|2716
199938|1299|6453|4755|7768
44324|32595|174|51847|151338
2497|174|21320|5408|47065|61574
2734|37468|60068|216213|205884
29222|6939|35826|62815
58299|174|140227|44324|205369
58308|6939|6830|33915|200428
35369|5405|266493|61625
14630|6830|174|37468|61568|266460|61625
12586|3257|1299|20473|47065|61574
28917|6939|1299|199124
13030|1299|6453|19318|201813
8455|1299|35598|52091|206810
37662|174|28189|266931|269250|271150
28917|6939|1299|20115|20001|3456
48070|1299|33891|216067|44244
12969|1299|6855|39904|199604
34872|24961|1299|8551|44709
14315|174|20723|2852|202874
29075|1299|174|37468|61568|266460|61625
29222|6939|7018|29992
35008|1299|3356|16735|2716
56655|1299|37468|53062|266493|61625
3130|174|35598|52091|206810|39558
49028|1299|37468|60068|216213|205884
58057|174|6453|19318|201813
29222|6939|29208
41666|20764|52091|206810|197643
58308|6939|7794
6730|6830|174|11432|271150
20253|1299|174|3130|47065|61574
6830|3356|4230|2716
577|1299|60068|216213|205884
58308|6939|1299|29774|21538
6830|6939|24796
32653|3741|174|14840|269288
57866|1299|20473|47065|61574
513|174|60068|197103|212080
34288|1299|3356|28370|53079
3130|174|35598|52091|206810|208435
13030|1299|3920|206777
58308|6939|1299|210333
199524|1299|12859|47065|61574
971|174|60068|211571
58308|6939|215085
174|1299|25091|8298|4601|4492
207841|6939|39790
32590|1299|20473|201423
28917|6939|1299|23520|52286
136557|174|3356|28370|28657
34019|3223|34224|12735
29222|6939|50989|50683
199524|6762|174|3130|47065|61574
12637|56630|209944
2516|174|3130|47065|61574
6461|1299|917|214598
132825|174|35598|52091
57111|174|34927|202827
40994|6939|28370|52593
40994|57463|41327|201847
59689|29075|174|52468|262393
58308|6939|1299|39029
34927|56655|1299|6453|4755|7768
205206|1299|3356|28370|263535
25091|5511|174|3130|47065|61574
35600|137409|48011|25184|49801|204533
21700|174|14840|269288
34019|3303|174|52468|262393
151326|174|3356|3223|41327
58308|35598|52091|206810|202497
28917|6939|1299|198785
36924|1299|174|21320|5408|50148
1764|174|60068|216213|205884
917|60068|1299|6855|39904|202605
139317|44324|32595|174|42313|216325
58308|35598|52091|206810|39558
35008|1299|174|204548|215728
58308|6939|1299|14522
48070|6939|28917|197078
6730|6830|3356|28370|264426
33891|44592|49581|209693
139317|44324|32595|174|32505|54785
6830|1299|21351|60132
29691|1299|174|1916|47065|61574
16552|3257|174|22381|267470|263047|264389
328840|327727|174|35598|52091|206810|214210
7594|174|35598|52091|206810|197643
148968|7474|3257|174|5538|8194|29345
204092|6939|28370|28657
58308|6939|6830|23520|262148
5413|1299|20473|399970
6424|6939|28917|50009
58308|6939|7018|64230
6424|272713|263390|264054|272619
58308|6939|1299|201216
139317|44324|32595|174|3714|1657
44324|32595|174|211211
28917|6939|1299|20940|63949
29222|6939|7018|36040
204092|6939|28917|39153
513|29222|6939|7794
28917|6939|30893|13214|35634
8283|6939|28370|267608
58057|174|11432|271150
