28917|6939|39791|198002
7018|3356|14840|269288
327727|174|3491|7162|13878|52468|60503|268746|61625
2497|174|35598|52091|206810|24881|24697
34288|1299|3223|34224|12735
6057|6461|21320|5408|47065|61574
51184|28917|6768|59514|48693|213137
5405|22356|28370|267608
28917|6939|1299|19332|3360
3320|6461|62000|212815|52053
22652|1299|35598|52091|206810|56766
199524|1299|35598|52091|206810|213694
4601|50869|41051|200221
21232|6939|138997|216211|44324|215172|214955|59449
58299|215172|214955|59449
8283|20764|52091|206810|56766
50629|57463|12735|9000|7155
29222|6939|42184|49552
58308|6939|1299|9009|44239
4764|1299|56630|209944
22652|1299|35598|52091|206810|213694
28917|6939|7018|22241|400745
15605|6939|200070
210312|4601|50869|52025|35100
28917|6939|6424
327960|174|35598|52091|206810|59815
40994|174|140227|44324|205369
5405|62255|52091|206810|196638
20811|2914|3257|28917|215730|209693
28917|6939|1299|23033|27323|32875
12779|35598|52091|206810|57164
5405|6939|28370|264426
12779|7195|28189|266931|269250|271150
553|48284|8220|1299|20115|22677|208527
210312|4601|8298|25091|1299|20473|47065|61574
21412|1299|6461|394737
34854|1299|174|21320|5408|47065|61574
35426|215596|1299|6855|50698
57866|1299|35598|52091|206810|56766
9268|4764|1299|35598|52091|206810|56766
577|1299|60068|216213|205884
58308|6939|1299|12189|400672
29222|6939|7018|400072
137409|6461|1299|3920|206777
204092|6939|28370|267556
14907|1299|3356|28370|267608
6057|174|60068|205884
7594|3356|1299|198949|35676
28917|6939|1299|43012
1299|174|60068|216213|205884
58308|6939|1299|32806
42473|1299|21351|60132
58308|6939|28917|43714
139317|44324|32595|174|9457|138199
398465|1299|29695|206557|204503
14315|6453|1299|6855|39904|47767
48070|6939|25192|20701
2914|1299|35598|52091|206810|39558
12779|57463|12735|8517|213309
58299|28917|215730|209693
48070|6939|29222|513|21449
8220|3491|174|35598|52091|206810|214721|204108
19653|2914|12859|47065|61574
4601|50869|58299|216441
8283|6939|2852
40994|13335|5408
41327|6939|28370|270962
3701|11537|20965|5408|47065|61574
44324|32595|174|28999
199524|1299|6453|8283|215737
139317|44324|32595|174|397650
58308|6939|208016
139317|44324|32595|174|3573
210312|4601|50869|213423
15605|35598|52091
28917|6939|1299|61327
28917|6939|1299|52468|3790|273147
3170|174|13786|263047|262578
15935|174|60068|197103|212080
58308|6939|8194|29345
28917|6939|1299|17072|278
196621|6939|30893|13214
12859|35598|52091|206810|214268
44393|394256|174|3257|60068|206406|210557
58308|6939|1299|63473|58057
28917|6939|1299|6424|47787
12779|57463|12735|205757
21232|15576|57463|12735|60707
210312|4601|50869|214757|214818
6894|174|35598|52091|206810|214268
20253|1299|37468|60068|216213|205884
206499|34549|1299|6855|39904|202605
9044|1299|2914|226|47065|61574
5405|62255|52091|206810|211101
16552|1299|10490|2722|12148|47065|61574
57463|6939|1299|20473|399970
210312|4601|50869|202939
29222|6939|12735|201978|208425
49544|2914|1299|35598|52091|206810|214721|204108
28917|6939|1299|52468|264637
49544|3356|174|210329|215728
37739|3491|174|140227|44324|205369
50629|29632|59682
4601|50869|6939|2852|198500
917|60068|1299|6855|50698
139317|44324|32595|174|35598|204490|206306
50628|62000|212815|52053
36924|1299|3356|13786|263047|268105
49028|13335|399532
271253|6453|174|20473|47065|61574
48362|1299|3356|28370|267608
58308|6939|29208|206785
16552|1299|174|60068|205884
6057|174|5538|8194|29345
58308|35598|52091|206810|202279
398465|174|52468|271150
28917|6939|393682
4601|50869|58299|206478
3170|174|1916|47065|61574
1828|1299|20473|47065|61574
58308|6939|1299|4538
24516|174|35598|52091
15547|3303|174|52468|271150
17350|2914|1299|35598|52091|206810
35600|57463|12735|212549
50628|1299|6762|16735|273514
3170|6461|137409|206216|215172|214955|215956
37497|174|204548|215728
28917|20764|52091|206810|48595
6453|174|16276|203019
31742|1299|6453|1031|61568|266460|61625
12956|3257|28917|215730|209693
58308|6939|6830|23520|14638
14907|1299|35598|52091|206810|214721|204108
5405|22356|28370|53079
60068|174|11432|271150|272738
2497|2914|6424|44592|49581|209693
139317|44324|32595|174|205847
34927|56655|1299|56630|209944
22652|174|1916|47065|61574
35600|35598|52091|206810|39558
34927|52025|32097|4230|52654|266493|61625
15605|6939|29222
513|29222|6939|263047|271068
42473|9002|21320|5408|47065|61574
58308|6939|7018|30232
39351|174|13786|263047|52793
28917|6939|1299|36236|11878
28917|20764|29049|49666|205647|49801|204533
29222|6939|7018|15304
210312|4601|50869|214757|60900|215280
3130|174|35598|52091|206810|48595
12859|22356|52468|271150
136557|174|35598|52091|48158
205206|1299|6855|39904|47767
8280|6762|174|11432|271150
28917|6939|1299|52468|269935
28917|6939|29670|57024
55720|2914|1299|6939|24796|63293
174|1299|34927|202532
12389|174|2914|20473|47065|61574
44324|32595|174|47936
7594|3356|2914|12859|47065|61574
286|1299|198949|35676
15576|57463|12735|3188
513|174|210329|215728
12637|57463|12735|60946
327804|5713|12859|47065|61574
28917|6939|1299|60068|197103|198517
20253|1299|174|13786|263047|267425
1299|3491|216211|211575
174|1299|3920|206777
3170|34927|202532
3356|174|1916|47065|61574
12779|3257|174|20473|47065|61574
12969|1299|3356|28370|267556
23367|1299|35598|52091|206810|5598
29222|6939|553|204680|208974
1299|17676|216211|211575
58057|174|6461|394737
28917|6939|1299|30823|49418|213877
22652|1299|35598|52091|206810|24881
50673|174|52468|262393
139317|44324|32595|174|32244|201682
28917|6939|263047|262578
6424|174|35598|52091|206810|208435
12779|57463|12735|212805
45352|174|3257|21034
1273|174|13786|263047|269680
6777|35598|52091|206810|12773|44884
8888|6939|138997|216211|44324|215172|214955|59449
6830|3257|210329|215728
30600|174|21700|399914
28917|6939|1299|23520|27696|264773
196621|6939|2852|200874
58308|6939|1299|30823
34019|7195|28189|266931|269250|271150
4601|50869|213605
3399|174|20473|47065|61574
58299|62255|52091|206810|196638|42702
37739|3491|174|210|47065|61574
58308|6939|553|60824
34288|1299|3356|28370|267608
15576|57463|12735|15830
398465|4826|1299|60068|211571
28917|6939|6830|23520|272935|267846|273861
24785|6830|174|13786|263047|268105
6461|174|140227|44324|205369
16552|6424|44592|49581|211507
28917|6939|1299|23520|14638
198249|57463|12735|15830|137922
4601|57463|12735|205893
35008|1299|6461|394737
47147|1299|6939|50989|205966
1299|3356|28370|268198
204092|13335|399532
35426|215596|1299|12956|212721
12779|62255|52091
553|9002|12555|200624
151326|174|28189|266931|271615|273522|271150
11039|6461|1299|35598|52091|206810|202279
57695|6939|138997|216211|44324|215172|214955|59449
42473|1299|10490|2722|12148|47065|61574
2497|174|35598|52091|206810|24881
196621|9002|46427|64289|44592|49581|209693
60326|206499|34549|174|140227|44324|205369
971|174|13786|263047|52793
50629|20764|52091|59815|25299
15605|6939|2852|61110
22652|174|3356|60011|34927|208690
17350|6453|1299|6855|39904
207841|6939|28917|201119
6461|174|11432|271150|272738
16552|1299|6855|50698
44324|32595|174|401555
12779|6939|59970
41327|13786|263047|262813|265917
39120|174|210329|215728
7018|1299|42303|51701|30893
50877|5405|37271|20473|47065|61574
44324|215172|214955
264409|174|3257|60068|206406|210557
50628|1299|37468|60068|216213|205884
58057|174|6453|29208
28917|6939|1299|23520|54082
12779|57463|12735|208130
4181|1299|35598|52091|206810|214268|197578
174|46427|64289|44592|49581|209693
2734|57463|12735|205757
3214|12859|47065|61574
58057|174|35598|52091|206810|213694
15605|56911|1299|8551|44709
28917|6461|210|47065|61574
48070|6939|28917|28775
28917|6939|1299|199610
13830|971|174|1299|6855|50698
29504|39392|174|3491|20473|47065|61574
35266|1299|6453|8283|211840
3170|16164|36032
2497|174|20473|47065|61574
59890|174|210329|215728
48362|1299|198949|35676
12779|44592|49581|209693
196621|9002|12555
1299|6461|210|47065|61574
64475|3320|1299|3920|206777
55222|174|37468|270551|263047
398465|1299|35598|52091|206810|35273
44324|32595|174|211083
1836|1299|198949|35676
41327|6939|50989|33837
24516|174|37468|61568|266460|61625
29222|6939|41720|58180
28917|6939|1299|52468|273877
199524|1299|60068|211571
28917|6939|1299|30148
37497|174|20723|2852|202874
28917|6939|1299|8402
13830|971|174|35598|52091|206810|5598
55720|2914|1299|35598|52091|206810|39558
3491|174|35598|52091|206810
12779|57463|12735|57043
41327|3223|34224|12735
3356|1299|8551|44709
31742|1299|35598|52091|206810|39089
28917|6939|1299|23520|264847|64150|20940
553|57463|12735|8517|12777
559|137409|48011|25184|49801|204533
58308|6939|33891|213913
20514|1299|3223|41327
28917|6939|1299|23520|272935|271943
28917|6939|1299|21859|63473|205563
328840|327727|174|1299|6855|50698
210312|4601|50869|214757|205941|23507
2497|174|35598|52091|206810|56915
198385|174|7311|835|394273
8283|20764|52091|206810|214268|196977
58308|6939|49418|198981
58308|6939|28917|35539
34019|6939|30893|204789
198385|15576|57463|12735|34619
4764|1299|35598|52091|206810|35273
6894|174|13786|263047
41722|12389|1299|20473|399970
12586|3257|3356|21320|5408|47065|61574
8298|25091|1299|8551|44709
50673|174|138997|216211|44324|205369
139317|44324|32595|174|33544
327960|174|3257|8551|44709
25220|33891|44592|49581|209693
264479|6762|1299|33891|216067|44244
6667|1299|20473|399970
999|6453|1299|6855|39904|47767
207841|57463|12735|57043
25091|33891|216067|44244
46450|9002|62000|212815|52053
28917|6939|1299|6855|202876
49434|5511|174|52468|262393
50629|37468|60068|216213|205884
58308|6939|33891|202245
16552|1299|29695|206557|208835
39801|5511|174|37468|61568|266460|61625
4601|50869|58299|48971|208200
29222|6939|48678|209828
174|30844|21351|60132
29222|6939|41720|47152|208753
327727|174|13786|263047|264982
28917|6939|1299|6855|214945
7922|1299|34927|202532
553|57463|12735|43391|57844
58308|6939|3170|49485
8220|1299|35598|52091|206810|208435
23673|9900|23764|1299|3920|206777
35710|48200|1273|174|3130|47065|61574
6424|62255|52091|206810|24881
14315|6453|1299|20473|399970
6830|3257|21700|399914
12637|57463|14840|2716
28917|6939|1299|25899|397301|6649
553|57463|12735|57844
6830|1299|35598|52091|206810|48595
20514|1299|37468|53062|266493|61625
29222|6939|28370|269016
42473|1299|6453|19318|201813
513|29222|6939|199095
28917|6939|1299|262206
398465|1299|3257|19318|201813
32590|6453|2914|12859|47065|61574
8220|1299|3356|28370|263535
398465|3320|1299|12859|47065|61574
1836|1299|20473|399970
40994|6939|30893|205563
48070|57463|12735|208130
49028|1299|34927|202827
58308|6939|15576|60311
6461|1299|35598|52091|206810|24881
5413|1299|10490|2722|12148|47065|61574
204092|6939|28917|8491
58308|6939|1299|3301|203158
58308|6939|6830|23520|28088
680|1299|6855|39904
553|57463|12735|8517|212167
6777|57463|12735|205893
207841|6939|28917|48610|57712
22652|1299|35598|52091|59815|25299
139317|44324|32595|174|31241
50629|57463|12735|57844
327983|37497|1299|3491|7162|13878|52468|60503|268746|61625
3356|1299|6855|39904|47767
13830|971|174|35598|25308|28917|9049|51017
198249|57463|12735|60707|206271
28917|6939|47787|203020
28624|6939|138997|216211|44324|215172|214955|59449
328840|327727|174|3356|28370|28657
6424|6939|2852|197277
2734|22356|28370|263535|268030
40994|57463|12735|202588
7018|1299|12555|48430
35600|6939|2852|201648
8529|28917|215730|209693
264409|174|6453|29208
4601|50869|41051|213249
63927|1299|8551|20473|47065|61574
42541|37468|60068|216213|205884
29222|6939|62000|198053
196621|6939|30893|205563
3549|3356|1299|6855|39904|202605
4777|2497|174|13786|263047|267425
40994|21320|5408|47065|61574
210312|4601|50869|199310|215172
553|57463|12735|8517|31689
18106|2914|1299|20473|47065|61574
3130|174|21320|5408|50148
28917|6939|1299|23520|263238|52274
202365|50673|174|1299|3920|206777
28917|6939|268624|61823
20130|23352|3257|174|201814|209896
12350|34177|33891|44592|49581|209693
28917|6939|1299|20473|35085|210960
58308|6939|6830|23520|64126|273198
58308|6939|21430|33943
28917|6939|1299|36352|16628
44324|32595|174|212250|208293|203217|54994
680|6939|138997|216211|44324|215172|214955|59449
29140|137409|62000|212815|52053
132825|174|35598|52091|48158
48070|57463|12735|60707|216343
34288|8218|21320|5408|47065|61574
199524|174|35598|52091|206810|59815|25299
6830|9002|12555|48430
7018|3356|268624|28370|28657
50300|3257|1299|20473|47065|61574
58308|6939|7018|20182
49028|1299|6762|49666|58224|214805
139317|44324|32595|174|41427|209847|26383
327804|37271|174|11432|271150
12637|57463|12735|8517|213309
28917|6939|16652
1299|3491|20473|47065|61574
20253|1299|35598|52091|206810|210063
44324|32595|174|4058
58308|6939|1299|54082|263725|269973
28917|6939|1299|52468|52263
3491|174|8551|20473|47065|61574
12956|1299|6855|39904|202605
1299|3356|13786|263047|267425
559|35598|52091|206810|34786|34789|34786
12859|35598|52091|206810|214721
8283|20764|52091|206810|48595
35280|1299|35598|52091|206810|202279
62000|6777|42541|205235|207727
12956|174|137409|206216|215172|214955
49028|1299|6939|30893|204789
58057|174|399697|39967|399697
148968|7474|3257|174|8551|20473|47065|61574
7018|3491|7162|13878|52468|60503|268746|61625
327960|174|35598|52091|206810|57164
207841|61049|2603|21320|5408|47065|61574
6777|57463|12735|15830|215555
6461|174|13786|263047
12637|57463|12735|51321
7474|7473|1299|35598|52091|206810|59815|25299
41327|7195|28189|266931|269250|271150
7594|174|35598|52091|206810|213694
12859|1299|21351|60132
58308|6939|1299|270126|270215
2734|57463|12735|42216|62425|216018
58308|6939|7018|397994
327727|174|37468|270551|263047
4601|6939|28917|197078
58308|6939|1299|48620
28917|6939|7018|399201
55720|3257|28917|215730|209693
41666|57463|12735|43391|51540
58308|6939|1299|8926
5413|1299|6453|4755|7768
1403|577|1299|1680|20473|47065|61574
971|174|3356|16735|2716
58308|6939|5405|29014
58308|6939|50629|59645
28917|6939|1299|15704
209|3356|174|1916|47065|61574
553|7195|11432|271150
174|1299|32787|202161
20764|174|1299|20473|201423
58308|6939|1299|2280
5713|174|138997|216211|44324|205369
58308|6939|28370|267608
139317|44324|32595|174|272373
23367|1299|2914|20473|47065|61574
553|57463|12735|209007
2734|57463|12735|60707
12637|57463|12735|197941
41666|57463|12735|47123|24944
199938|1299|3356|28370|267556
48362|1299|3356|28370|28657
28917|6939|1299|39648
31510|174|2914|226|47065|61574
398465|174|28189|266931|269250|271150
48185|2914|174|20473|47065|61574
139317|44324|32595|174|26277
35625|5511|174|5538|8194|29345
64475|6939|28370|267556
207841|57463|12735|214593
37697|3491|174|28189|266931|269250|271150
29222|6939|262365
12779|29632|59682
14907|1299|6855|39904|199604
15623|6830|60068|211571
42473|1299|4230|2716
47147|1299|6939|30893|200690
28917|8359|57304|39531
29691|6424|44592|49581|209693
20514|1299|35598|52091|206810|24881
8455|8283|47065|61574
28917|6939|1299|21859|27418
15605|57463|12735|60707|200334
14537|8455|8283|47065|61574
210312|4601|50869|52025|201398
139317|44324|32595|174|33182
852|174|11432|271150|272738
57381|50304|1299|3356|28370|28657
58308|6939|1299|205505
215596|174|210329|215728
21232|13030|1299|3491|22356|28370|28657
58308|6939|6830|23520|262191|264835
210312|4601|57463|12735|8517|5474
44324|32595|174|9457
8218|6461|174|60068|216213|205884
44324|32595|174|54419
44324|32595|174|54002
35008|1299|29695|206557|205190
6423|20055|174|35598|52091|206810|210063
1836|9002|62000|212815|52053
262427|174|35598|52091|206810|39089
58308|35598|52091|206810|196767
37239|37468|33891|216067|44244
264479|6762|1299|34927|202827
50629|34927|202532
58308|6939|1299|835|52025|215760
58308|6939|1299|35207
196621|6939|28917|12668|197404
398465|4826|3257|174|3130|47065|61574
6424|32787|202161
15605|32787|202161
44324|32595|174|46437
202365|50673|33891|216067|44244
206499|34549|174|22381|267470|263047|264389
209823|25091|1299|3920|206777
210937|1299|3356|28370
39122|1299|3257|19318|209896
51873|24889|6424|44592|49581|209693
28917|6939|1299|7843|20001|21705
4181|1299|35598|52091|206810|8274
28220|7195|33891|44592|49581|209693
7713|1299|20473|399970
58308|6939|29208|203488
35426|215596|174|52468|271150
58308|6939|7018|20057
132847|7474|7473|1299|35598|52091|206810|39558
28917|6939|1299|20473|20420
28917|6939|41720|213709
34927|60011|3356|9002|62000|212815|52053
28917|6939|30893|13214|35634
31742|1299|3223|34224|12735
1299|29049|49666|205647|49801|204533
12859|25180|1299|198949|211049
199524|3257|28917|215730|209693
553|1299|3356|28370|268198
51873|6830|174|21700|399914
58308|6939|2852|212876
139317|44324|32595|174|20473|42962|136796
37239|22355|5511|174|52468|271150
206356|50629|174|3130|47065|61574
34019|6939|50989
207841|57463|12735|8517|44639
58308|6939|7018|7287
15935|174|7311|835|394273
44324|32595|174|3356|7195|52863
12637|35598|52091|206810|56766
29680|174|60068|205884
199524|1299|6453|1031|61568|266460|61625
34019|6939|15372
207841|57463|12735|8517|205782
34854|1299|4637|20473|47065|61574
3320|1299|29695|206557|205190
1273|1299|198949|35676
7195|1299|8551|44709
28917|20764|52091|206810|214268
15623|3303|174|140227|44324|205369
50629|57463|12735|8517|12777
3491|2914|6424|44592|49581|211507
206499|34549|1299|6855|39904
139317|44324|32595|174|207136
202032|57463|12735|31704
28624|61568|174|3130|47065|61574
58299|62255|52091|206810|214721|204108
44324|32595|174|57974|62661
35600|9002|12555
47160|174|210|47065|61574
57866|1299|6855|39904|202605
327727|174|50509|51032|41344|39707
199524|1299|6461|394737
52025|174|35598|52091|206810|48595
397131|6939|138997|216211|44324|215172|214955
6908|174|35598|52091|206810
204092|30781|1299|20473|201423
58299|62255|52091|206810|50204
15623|174|210|47065|61574
58308|6939|8194|206600
4764|1299|35598|52091|206810|202279
29680|174|35598|52091|59815|25299
29504|15935|33891|44592|49581|209693
6730|6830|9002|12555|212247
6830|3356|3216|51032|41344|39707
132825|174|13335|5408
55222|174|12389|49666|205647|49801|204533
28917|6939|1299|20473|140938
513|29222|6939|61618
34019|50263|15935|201727
28917|6939|7018|62883
58308|6939|1299|35847
6696|1299|37468|53062|266493|61625
327727|174|1299|6855|50698
52025|174|13786|263047
64475|20473|30893
48362|1299|3356|28370
852|174|60068|205884
58308|6939|28917|6789|200702
58308|6939|7018|3486
62167|174|140227|44324|205369
28917|8359|57304|15935
12637|57463|12735|8517|15843
28624|61568|174|210329|215728
30781|1299|20473|47065|61574
48185|33891|60068|211571
44324|32595|174|212148
29504|39392|33891|20473|47065|61574
12586|3257|174|3130|47065|61574
35600|6939|200303
37053|37662|174|52468|262393
58308|6939|50533|205321
6720|1764|174|201814|209896
58308|6939|1299|44656
28917|6939|1299|23520|262191|274039
31122|6424|44592|49581|211507
264409|174|201814|209896
14907|1299|35598|52091|206810|48595
46450|2914|174|20723|2852|202874
148968|1299|7195|28189|266931|271615|273522|271150
553|6939|29222|204957
31742|174|21320|5408|50148
13786|3356|1299|20473|47065|61574
17350|3356|174|399697|39967|399697
210312|4601|50869|6939|29222|41495
25091|5511|174|3130|47065|61574
58308|6939|1299|30823|49418
50629|57463|12735|42216|62425|197715
680|1299|20473|47065|61574
35280|6453|30058|216211|44324|215172|214955|59449
6830|174|21700|399914
55720|2914|6424|44592|49581|209693
397131|60011|3356|1299|198949|35676
34854|1299|35598|52091|206810|202279
210312|4601|50869|58299|209898|199553|213081
4601|9002|34927|202827
206356|50629|1299|10490|2722|12148|47065|61574
28917|6939|1299|52468|266812
16552|1299|25091|8298|4601|4492
41666|57463|12735|9000
6830|6939|200070
553|57463|12735|8517|44639
35710|3320|2914|6424|44592|49581|211507
205206|1299|3257|60068|206406|210557
58308|6939|1299|21277|197882
12637|1299|20473|201423
136557|174|28189|266931|271615|273522|271150
12969|1299|37468|270551|263047
48070|6939|30893
28917|6939|1299|3249
398465|4826|3257|28917|215730|209693
6830|6939|42695
35600|58453|30990|174|37100|327708|327795|328676
12779|57463|12735|51540
15576|57463|12735|15830|201584
44324|32595|174|149522|150414
139317|44324|32595|174|400519
1280|2914|6424|44592|49581|211507
64475|33891|216067|44244
57381|50304|1299|7195|20473|47065|61574
12859|6939|138997|216211|44324|215172|214955|59449
31510|174|6453|4755|7768
210312|4601|57463|12735|205893
25091|12859|47065|61574
7018|3356|60011|34927|208690
139317|44324|32595|174|15326
852|1299|60068|216213|205884
17639|1299|2914|226|47065|61574
28917|6939|1299|43766
28917|6939|6830|199524|51191
7660|2516|174|3130|47065|61574
40994|6939|28917|39238
210312|4601|50869|6939|42695|43101
3130|174|1299|8551|44709
28917|6939|15372|203592
6453|174|28189|266931|271615|273522|271150
52025|174|6453|4755|7768
7018|1299|35598|52091|206810|202279
48070|57463|12735|60847
513|29222|6939|50698
44324|32595|174|210684
62167|174|21320|5408|47065|61574
28917|6939|1299|60486|58193
209|3356|1299|3920|206777
20253|1299|6453|8283|211840
327983|37497|3491|2914|12859|47065|61574
139317|44324|32595|174|399646|13317
25160|174|210329|215728
58308|6939|6830|23520|46650|14432
210312|4601|50869|199310|199073
40994|6939|28917|39238|49392
49788|1299|20473|399970
44324|32595|174|40069
210312|4601|50869|58299|212691
29222|6939|31263
6423|20055|174|35598|52091|206810|214721
577|174|204548|215728
51088|3257|33891|216067|44244
7473|1299|35598|52091|206810|59867
13830|971|174|3356|28370|28657
7713|174|1299|8551|44709
202032|57463|12735|43391|214449
7713|174|5538|8194|29345
196621|15576|174|1916|47065|61574
11164|6461|8899|60294|33891|50673|43414|43995
20485|1299|20473|399970
553|6939|25192|26710
51873|6830|60068|216213|205884
148968|1299|6204|44592|49581|209693
53013|6762|3257|28917|215730|209693
19653|30600|174|20473|47065|61574
28917|6939|1299|8151|272289
210312|4601|50869|52025|213982
20932|33891|216067|44244
16552|1299|29695|206557
20205|174|37468|61568|266460|61625
12859|57463|12735|51559|42846
49432|48362|1299|3920|206777
40994|57463|41327|207227
2518|1299|35598|52091|206810|35273
28917|6939|1299|21559|271945
28917|6939|1299|20473|399264
34927|52025|32097|20473|399970
6453|1299|29695|206557|208835
8888|137409|174|210329|215728
4601|50869|58299|49585
28917|6939|1299|5056|20273
1764|174|216211|211575
5405|6939|28370|28657
12779|174|13786|263047|266089
216285|8280|6762|3257|28917|215730|209693
2914|174|35598|52091|206810|197643
210312|4601|57463|12735|8517
6424|137409|48011|25184|49801|204533
28917|6939|1299|60068|216213
64475|34927|202532
58308|6939|28917|204623
49028|1299|6939|28370|263535
213151|41051|58299|22356|28370|61708
44324|32595|174|400164
37271|3257|1299|3920|206777
513|29222|6939|262365
6894|174|35598|52091|59815|25299
12307|29691|1299|20473|47065|61574
513|174|11432|271150
44324|32595|174|400519
44324|32595|174|206312
206499|34549|1299|56630|209944
23367|1299|174|22381|267470|263047|264389
35426|39801|5511|174|21700|399914
44324|32595|174|9457|138199
55222|174|35598|52091|206810|214268
58299|6204|208972|210538|6775|13030|4637|133398
15605|6762|174|140227|44324|205369
41666|57463|12735|8517|213309
42541|1299|6762|49666|58224|214805
971|137409|62000|212815|52053
6830|174|35598|52091|206810|214721
3356|6461|6424|44592|49581|209693
34019|49581|211507
44324|140227|3491|3257|28917|215730|209693
20205|174|140227|44324|205369
2734|58453|30990|174|37662|36958
34927|1299|3356|28370|269016
28917|6939|1299|32270|265619
58308|6939|1299|396993
4601|50869|51087
15605|57463|12735|9000
3491|1299|34927|202827
17350|2914|174|20473|47065|61574
577|174|20723|2852|202874
28917|6939|1299|23520|274183
20205|174|14840|269288
6894|174|140227|44324|205369
6424|16164|36032
29222|6939|7018|36610
1836|33891|60068|211571
199524|174|11432|271150
58308|6939|29208|44770
7713|174|22381|267470|263047|264389
4601|50869|214757|212470
28917|6939|1299|16509|14490
30844|33891|216067|44244
210312|4601|6939|28917|197078
6777|57463|12735|9000|7155
327960|174|35598|52091|206810|48687
58308|6939|1299|44332
42541|57463|12735|8517|12777
28917|6939|1299|25956
35600|6939|28917
204092|34019|49581|209693
44324|32595|174|52341
64475|6939|29222|207688
37497|3491|2914|6424|44592|49581|211507
15605|137409|48011|25184|49801|204533
327804|37271|174|28189|266931|271615|273522|271150
204092|6939|28917|43886
1299|35598|52091|206810|210063
1299|5511|60068|206406|210557
559|47065|61574
35280|6453|1299|6855|50698
196621|6939|42695
4601|50869|203704
37100|1299|6855|39904|202605
59414|6830|174|204548|215728
8426|6777|57463|12735|206402
6939|1299|20473|47065|61574
28917|6939|25192
6830|6939|28370|52593
4601|57463|12735|60707
6424|6939|28917|198297
16552|3257|174|8551|20473|47065|61574
50629|6461|394737
64475|62255|52091|206810|59867
28917|6939|1299|20940|34164
559|9498|20473|47065|61574
196621|32787|202161
44324|32595|174|26558
34019|6939|2852|202874
20932|137409|62000|212815|52053
50131|36236|3257|28917|215730|209693
8283|6762|16735|266931|269250|271150
28917|6939|1299|398705
28917|6939|6830|23520|64126|272971
215596|1299|6453|29208
327727|174|13786|263047|268546
58308|6939|51826
8220|1299|3356|28370|268521
3130|174|1916|47065|61574
12637|56630|209944
50629|174|204548|215728
31510|174|3257|21034
37271|174|13786|263047
29075|174|399697|39967|399697
136557|174|35598|52091|206810|214210
21700|174|3491|7162|13878|52468|60503|268746|61625
198385|174|3491|20473|399970
44393|394256|174|210329|215728
28917|6939|1299|23520|267823|270003
12779|35598|52091|206810|34786
6777|57463|12735|206556
3491|174|3130|47065|61574
12637|6939|16652
553|6939|2852|200874
1031|999|6453|174|28189|266931|271615|273522|271150
48070|57463|12735|197941
35600|6939|28917|48084|59833
202032|57463|12735|216385
38855|137409|62000|212815|52053
21320|33891|216067|44244
39351|1299|6855|39904|47767
1273|1299|3920|206777
44324|32595|174|36741
15605|35598|52091|206810|12773|52213
35008|1299|37468|52468|271150
139317|44324|32595|174|16637|36974
34019|28917|215730|209693
29222|6939|3170|965
6894|2516|1299|20473|399970
23367|1299|37468|270551|263047
196621|15576|174|60068|197103|212080
28917|6939|1299|60068|208414
15605|6939|30893|204789
199524|174|12956|212721
31742|1299|6855|39904|202605
16552|1299|35598|52091|206810|214268
48070|1299|56630|209944
7018|6939|28370
34927|1299|3223|41327
20205|174|21320|5408|47065|61574
327727|174|6453|19318|201813
24516|174|35598|52091|206810|5598
8298|25091|6453|174|140227|44324|205369
513|29222|6939|8943|44671
56911|174|210329|215728
6830|1299|1680|20473|47065|61574
8220|3491|174|35598|52091|206810|48687
553|57463|12735|60707|200334
8218|6830|60068|216213|205884
28917|6939|1299|23520|263703
34019|6939|28370|268521
6453|174|13786|263047|269488
7018|3356|28370|263535|268030
29222|6939|2852|210498
49544|1299|174|210329|215728
51519|39351|174|13786|263047|262578
58308|6939|208453|60900
12350|1299|174|22381|267470|263047|264389
28917|6939|1299|23520|262191|271877
917|60068|5511|1299|20473|47065|61574
139317|44324|32595|174|401555
15605|57463|12735|8517|205782
4637|6830|34927|202827
51519|39351|174|6453|4755|7768
1828|18779|174|210329|215728
206356|50629|6461|210|47065|61574
34927|1299|6453|4755|7768
58308|6939|1299|6922|10399
553|1680|44709
23367|1299|35598|52091|206810|48595
23367|1299|6855|39904
56655|1299|3223|41327
6424|174|35598|52091|206810|59867
328840|327727|174|35598|52091|206810|39558
394256|174|3257|19318|209896
6730|6830|174|13786|263047|267425
20080|6939|138997|216211|44324|215172|214955|59449
44324|32595|18423|137409|174|1299|20473|40138
48070|1299|3257|20473|47065|61574
47692|3356|1299|10490|2722|12148|47065|61574
5413|1299|3223|41327
328840|327727|174|5511|60068|206406|210557
7018|174|32595|44324
12969|1299|174|13786|263047
6730|6939|138997|216211|44324|215172|214955
45049|6696|1299|6855|50698
35426|215596|174|13786|263047|268105
206356|50629|37468|60068|216213|205884
31122|6453|1299|3920|206777
51786|15623|174|60068|205884
6830|3356|28370|269016
28917|6939|61618|268797
9002|21320|5408|47065|61574
4775|6424|44592|49581|211507
3320|1299|35598|52091|206810|24881
28917|6939|1299|25899|400338
47147|1299|6939|30893|13214|35634
3741|174|210329|215728
37100|1299|6855|39904
28624|6939|138997|216211|44324|215172|214955
31122|174|60068|216213|205884
58308|6939|1299|14616
132825|174|3356|28370|28657
58308|6939|1299|7979
34800|29632|9002|1299|8551|20473|47065|61574
13030|1299|7195|11432|271150|272738
57821|12586|3257|174|3130|47065|61574
28917|6939|7018|22729
6830|9002|12555|200624
132825|2914|1299|6855|39904|202605
58308|35598|52091|206810|214721
3257|174|60068|216213|205884
559|35598|52091|206810|56915
41327|6461|52320|7162|13878|52468|271150
58057|50673|12859|47065|61574
207841|6939|29222|513
29222|6939|208453|52025|212895|25389
48919|174|1299|8551|44709
174|3491|7162|13878|52468|60503|268746|61625
174|13786|263047|271068
51786|15623|174|13786|263047
15605|31133|12389|28917|8905|42132|200022
215596|174|11432|271150
6424|6939|28917|12668|197404
6730|6830|174|52468|262393
8220|3491|174|35598|52091|206810|197643
12779|57463|12735|48737
3130|174|206170|6939|5405|200019
12637|57463|12735|15830|47952
15935|174|3356|8119
394256|174|204548|215728
47692|3356|174|60068|216213|205884
8220|6453|1299|20473|47065|61574
394256|174|3257|20473|47065|61574
28917|6939|1299|20473|398549
58308|6939|7018|11483
19653|30600|174|52468|271150
58308|6939|6830|23520|265561|270173|63293
852|174|20473|47065|61574
6667|1299|174|37468|61568|266460|61625
34927|1299|56630|209944
398465|1299|201814|209896
39351|1299|6453|19318|201813
58308|6939|30893
513|21320|33891|216067|44244
37239|37468|33891|60068|211571
58308|6939|50629|207252|213579
7474|7473|1299|20473|47065|61574
28917|6939|1299|209847
15605|56911|174|210329|215728
28917|20764|52091|206810|214721
202365|50673|174|13786|263047|269680
28917|6939|1299|52468|265799
6424|6939|29222|207688
28917|6939|1299|8551|20940
263152|174|2914|20473|201423
50877|5405|6939|25192|20701
7018|6461|9498|20473|47065|61574
58308|6939|56595|215742
22652|1299|35598|52091|206810|214268
22652|1299|7195|20473|47065|61574
138997|216211|44324|215172|214955|199518
8298|62000|212815|52053
6453|174|210|47065|61574
553|6939|28917|48084|35816
20912|12637|174|21320|5408|47065|61574
14537|6461|6424|44592|49581|211507
174|1299|12859|47065|61574
28917|6939|1299|215078
196621|6939|28917|201119
4777|2497|174|60068|216213|205884
4775|1273|174|21320|5408|47065|61574
29222|6939|196945
9900|23764|3356|21320|5408|47065|61574
328840|327727|174|12389|49666|205647|49801|204533
64475|62255|52091|206810|202497
198385|174|37468|270551|263047
48362|1299|174|60068|205884
21232|15576|57463|12735|15830|34296
207841|57463|12735|42216
12859|6939|16652
57821|12586|3257|28917|215730|209693
17639|9304|33891|44592|49581|209693
34288|1299|3356|28370|263060
48919|174|21700|399914
32590|3356|21320|5408|47065|61574
8283|20473|47065|61574
17660|6453|174|201814|209896
34854|1299|174|22381|267470|263047|264389
553|174|204548|215728
38001|3491|174|60068|216213|205884
4181|1299|35598|52091|206810|202279
35369|1764|1299|20473|47065|61574
174|35598|52091
37497|174|3356|28370|28657
44324|32595|174|401486|214183|40662
28917|6939|1299|23118
64475|62255|52091|206810|214721|204108
34854|1299|35598|52091|206810|196638
559|6939|25192
35598|174|3257|60068|206406|210557
12956|174|216211|211575
6830|6939|28917|25386
34549|1299|6855|39904|202605
29222|3303|28917|215730|209693
49544|2914|1299|35598|52091|206810|59815|25299
328840|327727|174|6461|394737
44324|32595|174|30317
210312|4601|50869|58299|209114|206072
41327|13786|263047|262813
41666|20764|29049|49666|205647|49801|204533
12779|35598|52091|206810|196767
49028|1299|6939|2852
8280|6762|174|13786|263047|269488
28917|6939|1299|45896|38726|131422
29504|15935|174|10490|2722|12148|47065|61574
58308|6939|7018|30382
8888|137409|6424|44592|49581|209693
8283|6939|29222|207688
8888|137409|3356|1299|20473|47065|61574
139317|44324|32595|174|263194|262259
1828|1299|1680|20473|47065|61574
14907|1299|6762|267470|263047
58308|6939|197301|202361
42541|32787|202161
58308|6939|28917|44056|57629
34549|174|3130|47065|61574
196621|8758|3303|28917|215730|209693
8426|6777|57463|12735|31704
6908|174|20473|47065|61574
4601|50869|34019|204186
15576|57463|12735|8517
29222|6939|40994
49028|1299|3356|28370|28657
559|7195|11432|271150
2734|9304|136237|174|137995|136237
28917|6939|1299|23520|264847|64150|13335
20253|1299|35598|52091|206810|202279
136557|174|52468|262393
20514|1299|29049|49666|205647|49801|204533
31510|174|1299|6855|39904|47767
6424|6939|24796
204092|6939|28370|28657
29680|174|5538|8194|29345
35426|215596|62000|215551|30893|13214|35634
18106|33891|216067|44244
39351|174|7545|20473|47065|61574
3170|42708|51701|174|50629|29670|213674
210312|4601|50869|34019
15943|28917|215730|209693
44324|32595|174|393857
23764|3356|174|20723|2852|202874
41666|57463|12735|43391|50941
57381|50304|1299|3356|28370|263060
58308|6939|6830|60068
6830|3356|4230|2716
20055|174|13786|263047|268105
37239|22355|5511|174|8551|20473|47065|61574
58308|35598|52091|206810|12773|211692|196629
12859|1299|3356|28370|263535
48185|1299|6855|39904|47767
35600|6939|29222|513|20940
12779|31133|35598|25308|28917|204076
39351|174|13786|263047|268105
12779|6939|29222|41495
9268|4764|1299|35598|52091|206810|39558
58308|6939|39790
29691|1299|174|22381|267470|263047|264389
44324|32595|174|210|47065|61574
48070|6939|29222
513|29222|6939|15935|56360
7594|174|22381|267470|263047|264389
29222|6939|9136
12779|57463|12735|8517|8466
6424|62255|52091|206810|56915
15605|12637|6939|24796|63293
139317|44324|32595|174|62628
44324|32595|174|21826|271909
6696|1299|56504|47674
7713|174|210329|215728
48070|57463|12735|206556
210312|4601|6939|28917|20985
58308|6939|1299|18678|267807
199524|174|35598|52091|206810|214721|204108
174|1299|198949|35676
64475|7195|20473|47065|61574
8283|6762|49666|58224|214805
8220|1299|35598|52091|206810|214721
58308|6939|7018|1341
13237|62000|212815|52053
204092|6939|59970
35008|1299|29695|206557|204503
553|7195|28189|266931|271615|273522|271150
4777|2497|174|1916|47065|61574
6082|174|35598|52091|206810|214721|204108
44324|32595|174|19624
44324|32595|174|40676
58308|6939|6830|23520|270111
7474|7473|1299|35598|52091|206810|24881
199524|174|216211|211575
28917|6939|202297|200299
20912|174|60068|211571
513|29222|6939|262365|263433|268967
28917|6939|7018|15130
553|52320|7738|262999|272466
2734|59692|12555
8283|1031|262999|272466
271253|174|35598|52091|206810|57164
34854|1299|6204|44592|49581|209693
64475|3216|51032|41344|39707
59414|3303|174|140227|44324|205369
28917|6939|1299|205184
327727|174|13786|263047|266089|52793
12586|3257|174|20473|47065|61574
132337|1299|20473|399970
1140|2603|21320|5408|47065|61574
41666|57463|12735|43391|214449
57695|917|60068|174|56630|209944
48070|6939|24796
12779|57463|12735|42216|62425|213751
57381|50304|1299|37468|270551|263047
28634|4230|1299|6855|39904|47767
34854|1299|33891|216067|44244
34927|56655|1299|21351|60132
57866|1299|35598|52091|206810|214721|204108
35008|1299|10490|2722|12148|47065|61574
44324|32595|174|31241
5405|62255|52091|206810|214268
204092|6939|2852|212876
28917|6939|1299|27947|27668
58308|6939|1299|42313|47394
4601|50869|214757|205941|206491
6424|6762|1299|20473|47065|61574
1403|577|1299|20473|399970
51184|47692|33891|266493|61625
59105|2518|1299|35598|52091|206810|48595
8283|2914|13786|263047|262485|271315
7018|6939|50989|33837
6424|174|7311|835|394273
50629|20764|52091|206810|57982
42541|1299|2914|226|47065|61574
139317|44324|32595|174|216371
41666|50263|201814|209896
327727|174|13786|263047|271068
28917|6939|6830|23520|64126|273924
15562|2914|174|5538|8194|29345
57695|917|60068|1299|3356|8119
12859|6939|29222|41495
139317|44324|32595|174|37288
49028|1299|20473|399970
48070|25180|1299|17676|3258
139317|44324|32595|174|262901|273630
199524|37100|1299|3920|206777
140627|1299|34927|202827
6730|6830|174|35598|52091|206810|35273
15547|174|28189|266931|269250|271150
513|174|140227|44324|205369
215596|62000|6777|20326
9268|4764|174|52468|262393
210312|4601|50869|215561
21232|13030|1299|6453|4755|7768
49434|5511|174|37468|61568|266460|61625
44324|32595|174|212250|208293|203217
20764|174|204548|215728
140627|2914|174|3130|47065|61574
48070|6939|2852|197277
4601|50869|213376
139317|44324|32595|174|50297
48070|57463|12735|34619
327782|5511|174|52468|271150
29222|6939|9136|211479
29680|174|35598|52091|206810|214721|204108
44324|32595|174|397384
31510|174|34927|202827
17350|6453|1299|8551|20473|47065|61574
215596|1299|198949|35676
137409|6461|1299|198949|35676
50629|57463|12735|15830|43352
2734|57463|12735|8517|9095
1836|174|210329|215728
29222|6939|39791|47493
14907|1299|3356|28370
58308|6939|1299|8240|206844
7660|2516|1299|174|37468|61568|266460|61625
9044|1299|6453|19318|209896
12637|6939|29222
202365|50673|174|210329|215728
52025|1299|6855|39904
207841|209735|44324|216299
50877|5405|6939|30893|205563
20253|1299|60068|211571
42541|62255|52091|206810|39558
4601|50869|202939
34927|1299|1680|20473|47065|61574
205206|1299|174|37468|61568|266460|61625
22356|28917|215730|209693
3701|3356|1299|198949|35676
6730|6830|3257|22773|8119
28917|6939|6830|23520|64126|274168
21412|174|3130|47065|61574
28917|6939|1299|20473|211321
513|29222|6939|212635
7195|1299|198949|35676
553|6461|4637|20473|47065|61574
28917|6939|1299|270122|270111
28917|6939|1299|60068|212238
7500|2497|174|35598|52091|206810|202279
4601|50869|58299|41051|49867
327727|174|35598|52091|206810|214268|197578
398465|1299|35598|52091|206810|57164
2914|1299|35598|52091|206810|202279
6894|174|13786|263047|264972
37497|3491|174|1916|47065|61574
6777|57463|12735|3188
58308|6939|7018|10439
58308|6939|1299|14080|269902
58308|6939|1299|213281
13830|971|174|6453|4755|7768
58308|6939|12735|42216|51722|26383
58308|6939|1299|30823|49418|210546
12552|33891|216067|44244
553|1299|3356|28370|263963
6082|2914|1299|8551|44709
50628|1299|37468|270551|263047
50629|57463|22356|52468|271150
12779|57463|12735|60707
28917|6939|1299|20473|43131
57111|41327|20764|43298|48678|205463|213799
58057|174|3491|20473|47065|61574
44324|32595|174|54994
58308|6939|1299|3342|212482
58308|6939|1299|42201
12859|6939|29222|204957
13786|2914|174|52468|271150
4181|1299|35598|52091|206810|208435
19653|30600|174|210|47065|61574
3170|1828|13789|30372|3356|174|393216
22652|1299|29695|206557|208835
41666|20764|52091|206810|214268
28917|6939|1299|18734|28545|28549
8660|1267|6762|174|37468|61568|266460|61625
34927|1299|35598|52091|206810|214210
58299|13335|5408
4764|1299|35598|52091|206810|214721
3170|6939|2852|197451
17350|2914|174|52468|271150
328206|37739|3491|174|20473|47065|61574
6777|57463|12735|210021
29504|15935|174|30844|21351|60132
38930|174|204548|215728
12859|1299|3920|206777
9002|3356|174|5538|8194|29345
51786|15623|174|20473|47065|61574
37271|174|6453|4755|7768
12779|35598|52091|206810|196638
46450|3356|21320|5408|47065|61574
14907|1299|35598|52091|206810|39558
31510|174|13786|263047
8283|3491|209810|207187|207198|206429
41666|20764|52091|206810|39089
3701|3356|1299|20473|47065|61574
8220|3491|1299|20473|47065|61574
28917|6939|1299|20473|400503
58308|62000|212815|52053
28917|6939|200462|213579
58308|6939|1299|12392
5405|62255|52091|206810|196767
48919|174|3257|19318|209896
6424|6939|39790
28917|6939|1299|25899|26793
15576|57463|12735|203963
398465|1299|35598|52091|206810|48595
398465|1299|35598|52091|206810|214268|197578
28917|6939|1299|3301|207538
8220|1299|6855|39904
4601|50869|6939|207995
271253|6453|174|399697|39967|399697
8426|6777|57463|12735|51559
213151|41051|50263|44592|49581|209693
204092|34019|32787|202161
2497|174|22381|267470|263047|264389
58057|50673|174|37468|270551|263047
12779|57463|12735|60847
29075|28917|215730|209693
5405|62255|52091|206810|39558
174|35598|25308|28917|204076
50877|42295|33891|216067|44244
31510|174|13786|263047|267961
35600|35598|52091|206810|57460
971|174|35598|52091|206810|197643
58057|6939|138997|216211|44324|215172|214955
58308|35598|52091|206810|57164
1299|6939|28370|28657
7660|2516|174|20473|47065|61574
16552|1299|198949|35676
58308|59689|29075|28917|215730|209693
28917|6939|6830|204210
28917|6939|3170|203363|212085
28917|8551|44709
199524|174|13786|263047|267425
394256|174|60068|216213|205884
34927|60011|3356|1299|3920|206777
35600|6939|2852|197451
36924|1299|3356|13786|263047|262578
50877|5405|6939|28370|264426
51519|39351|174|12956|212721
30844|174|140227|44324|205369
58308|6939|1299|13837
28917|6939|1299|31898|54253
8455|1299|6453|4755|7768
971|174|28189|266931|271615|273522|271150
13830|971|174|35598|52091|206810|24881|24697
58308|6939|215782
58308|6939|1299|16509|213151
56662|20473|174|20473|47065|61574
58308|6939|47160|205669
28917|6939|7018|46488
58308|6939|1299|18616
6830|6939|60432
50629|57463|12735|8517|5474
37105|37662|174|21320|5408|50148
32590|1299|35598|52091|206810|8274
5511|174|28189|266931|271615|273522|271150
58308|6939|7018|26153
16552|1299|35598|52091|206810|214721
34288|174|1916|47065|61574
41666|20764|43298|48678|205463|213799
12637|1299|8551|44709
2497|1299|35598|52091|206810|48687
57821|12586|3257|174|140227|44324|205369
58308|6939|1299|52025|54681
132337|12859|47065|61574
3130|174|35598|52091|206810|57164
42473|1299|6453|8283|215737
39122|1299|6939|2852|200874
28624|3356|1299|6855|39904|199604
41722|20485|1299|8551|44709
8426|6777|35598|52091|206810|34786
36236|174|140227|44324|205369
6830|3356|268624|28370|28657
8455|2914|12859|47065|61574
4764|1299|3216|51032|41344|39707
50131|174|8551|20473|47065|61574
47147|9002|1299|8551|20473|47065|61574
48070|6939|50989|48116
59891|13030|1299|6453|19318|209896
328320|6939|138997|216211|44324|215172|214955
11164|6461|8899|60294|33891|50673|43414|49784
20253|1299|35598|52091|206810|39558
58308|6939|33891|57395
17350|3356|1299|20473|47065|61574
25091|1299|10490|2722|12148|47065|61574
58299|174|1916|47065|61574
60011|3356|174|60068|205884
50304|1299|3356|28370|53079
28917|6939|1299|25148
8220|1299|35598|52091|206810|214268|197578
5405|62255|52091|48158
1280|1299|3920|206777
58308|6939|1299|206610
4601|50869|6939|54429
58308|6939|29208|56717
7018|6762|267470|263047
50629|35598|52091|48158
29222|6939|28917|48084|59833
58057|50673|174|3356|8119
58308|6939|35133|50917|214677|205563
32653|3741|174|14840|2716
207841|57463|12735|15830|203979
6830|6939|28370|28657
7018|1299|35598|52091|59815|25299
41811|1273|174|20723|2852|202874
132847|7474|3257|174|399697|39967|399697
215596|62000|6777|5405|213642|329263
12637|35598|52091|48158
12859|57463|12735|15830|34296
132337|62000|212815|52053
20253|1299|6855|39904|199604
34288|1299|3356|28370|28657
202032|57463|12735|15830|34296
29222|6939|35168|197556
62000|56584|206033
559|35598|52091|206810|202279
4764|1299|35598|52091|206810|24881
28917|6939|1299|60068|197103|400905
58308|6939|1299|262206|18809|13335
1140|24785|1299|198949|35676
21700|174|37468|61568|266460|61625
34854|1299|35598|52091|206810|202497
15935|174|3356|3223|34224|12735
37271|174|140227|44324|205369
58299|62255|52091|48158
29222|6939|263047|267425
207841|57463|12735|50875|34987
58308|6939|1299|11172|265586
31742|174|210329|215728
6830|13335|400095
30600|1299|35598|52091|206810|35273
28917|6939|7018|22216
24516|174|34927|202827
553|62255|52091|206810|211101
48070|6939|2852|200874
28917|6939|1299|23520|262202|263713
16552|1299|16276|203019
263152|174|21320|5408|47065|61574
28917|6939|1299|20473|133492
3170|6939|2852|210498
553|6663|3216|51032|41344|39707
4601|50869|52025|212895|206290
48070|6939|2852|197451
37739|3491|1299|198949|35676
6730|6830|174|35598|52091|206810|214268
3130|174|7545|20473|47065|61574
51786|15623|174|2914|20473|47065|61574
6424|6939|28917|21453|201646
2734|2914|6424|44592|49581|209693
4601|50869|214757|204508|44908
41811|1273|174|13786|263047
15605|35598|52091|206810|50204
12779|7195|28189|266931|271615|273522|271150
2734|57463|12735|8517|206887
3491|174|35598|52091|206810|57164
513|29222|6939|35168|197556|206026
216285|8280|6762|174|32595|44324
13237|1299|3356|28370|267608
4777|2497|174|60068|205884
31122|6453|1299|20473|47065|61574
57111|174|1299|3920|206777
2497|174|35598|52091|206810|197643
36924|1299|12859|47065|61574
49432|48362|1299|6762|49666|58224|214805
40994|6939|28370|263060
199524|1299|6453|29208
9044|1299|3223|34224|12735
328840|327727|174|35598|52091|206810|214268
6424|6939|28917|6789|200702
9002|1299|8551|20473|47065|61574
398465|1299|35598|52091|206810|213694
6424|6939|28917|39134|39561|197695|210550
1103|6830|174|11432|271150
55222|174|35598|52091|206810|56915
52320|174|5538|8194|29345
139317|44324|32595|174|400810
35600|35598|52091|206810|56915
210312|4601|50869|6939|2852|197451
28917|3257|1299|20473|399970
15605|56911|1299|6855|39904
8660|1267|1299|174|13786|263047
44324|32595|174|43160|201121
57111|41327|22356|28370|267556
16552|6453|174|201814|209896
47147|9002|3356|174|140227|44324|205369
41327|6939|2852|213152
50629|47232|20723|2852|202874
34927|52025|174|210329|215728
15576|35598|52091|206810|24881|24697
32590|137409|62000|212815|52025|212895|210320
198385|15576|57463|12735|9215
28917|6939|1299|8151|270177
12969|1299|3257|28917|215730|209693
64475|62255|52091
12637|57463|12735|8517|206887
44324|32595|174|20473|42962|136796
35600|6939|28370|263535
12637|6939|200070
58308|6939|1299|36192
1828|33891|60068|211571
28917|6939|1299|13768
44324|32595|174|57974
328840|327727|174|3356|3223|34224|12735
6696|1299|8943|200636
4601|50869|214770
20055|1299|42303|51701|30893
1267|1299|6855|39904
6423|20055|174|13786|263047|262578
23367|1299|6855|39904|202605
28917|6939|1299|55222
58299|9002|1299|198949|35676
1403|577|1299|20473|201423
4764|1299|35598|52091|206810|214268|196977
8283|2914|13786|263047
58308|6939|6830|23520|52468|274006
50304|1299|3356|16735|273514
198249|57463|12735|15830|47952
8220|1299|3356|28370|28657
6730|6830|9002|8772|396416
7660|2516|1299|20473|399970
398465|1299|6204|44592|49581|209693
57866|1299|35598|52091|206810|202279
50629|6939|24796|63293
3356|174|11432|271150|272738
29075|1299|6453|4755|7768
24516|174|35598|25308|28917|9049|51017
15576|57463|12735|8517|8678
29169|174|8551|20473|47065|61574
57111|41327|37468|52468|262393
20912|174|28189|266931|271615|273522|271150
51088|8455|1299|20473|47065|61574
151326|174|16276|203019
210312|4601|50869|214757|216401
198385|15576|57463|12735|206556
21232|13030|1299|6453|1031|61568|266460|61625
9900|23764|3356|174|10490|2722|12148|47065|61574
6423|20055|137409|62000|212815|52053
49028|1299|35598|52091|206810|24881
1031|6939|138997|216211|44324|215172|214955|59449
14907|1299|174|37468|61568|266460|61625
58299|62255|52091|59815|25299
21232|15576|57463|12735|15830|201079
6730|6830|174|35598|52091|206810|213694
58308|6939|6830|23520|264847|64150|20940
12637|57463|12735|15830|203979
52075|6762|174|20473|47065|61574
58308|6939|8943
34019|12859|47065|61574
58308|6939|1299|21623
132847|7474|7473|1299|35598|52091|206810|214721
4601|50869|41051|216339
48362|1299|3356|28370|267556
5405|1299|6855|39904
44324|32595|174|11172|272318
29222|6939|35133|149020
58308|6939|1299|60068|201207|212238
48070|1299|60068|216213|205884
28917|6939|1299|20473|54148
397131|60011|3356|9002|62000|212815|52053
327960|174|22381|267470|263047
58308|6939|1299|46475|54286
4181|1299|6453|60068|216213|205884
3491|174|13786|263047
36924|6762|3257|28917|215730|209693
59919|12779|62255|52091|206810
32590|37100|174|140227|44324|205369
58308|6939|268624
198385|15576|57463|12735|51559|42846
28917|6939|1299|23520|52228|263785
50629|174|13786|263047
14907|3356|174|3130|47065|61574
207841|7195|11432|271150
271253|174|201814|209896
207841|57463|12735|9000
7922|174|52468|271150
852|174|11432|271150
7660|2516|1299|2914|226|47065|61574
47160|174|52468|271150
3170|6461|52320|7162|13878|52468|271150
17350|6453|1299|6855|50698
553|33891|216067|44244
29504|39392|174|2914|226|47065|61574
44324|32595|174|273205
44324|32595|18423|137409|6461|1299|16509
28917|6939|1299|9583|200449
553|6939|28370|268521
59105|2518|2914|6424|44592|49581|209693
8220|3491|174|35598|52091|206810
28634|4230|174|399697|39967|399697
28917|6939|1299|20473|401637
55222|174|52468|262393
14907|1299|174|3130|47065|61574
263237|174|46427|64289|44592|49581|211507
139317|44324|32595|174|36436
8280|6762|1299|3920|206777
8220|1299|3216|51032|41344|39707
35600|62000|212815|52053
44324|32595|174|203623
207841|6939|28370|269016
21232|15576|57463|12735|60847
35710|3320|1299|12859|47065|61574
24785|6830|174|20473|47065|61574
139317|44324|49581|211507
199524|50263|52025|212895|210320
139317|44324|32595|174|6713|37190
39351|1299|60068|216213|205884
28917|6939|49418|207957
271253|1299|13335|5408
49544|2914|1299|35598|52091|206810|24881|24697
37271|2603|21320|5408|47065|61574
204092|6939|2852|61110
58308|6939|56595|207067
202032|57463|12735|202588
328840|327727|174|35598|52091|48158
6424|14840|2716
29222|174|216211|211575
917|60068|174|6461|394737
202365|50673|174|28189|266931|271615|273522|271150
24516|174|35598|52091|206810|214721|204108
559|57463|12735|51540|206991
58299|22356|28370|263963
139317|44324|32595|18423|137409|4637|1299|174|53667|199340
24516|174|3257|60068|206406|210557
6730|6830|174|35598|52091|206810|57164
917|60068|174|399697|39967|399697
12859|6939|28370|52593
28917|6939|1299|20473|208223
29140|174|399697|39967|399697
44324|32595|174|149522
12779|35598|52091|206810|197643
7018|1299|6855|39904
15935|174|1299|22773|8119
28917|6939|1299|39386|25019|39891
28917|6939|1299|3301|204847
6424|174|35598|52091|206810|214268
137409|62000|212815|52053
12637|57463|12735|57043
4601|50869|215828|204464
6830|174|210|47065|61574
3399|5511|174|52468|271150
12307|29691|1299|8551|44709
205206|1299|3223|41327
50629|1680|20473|47065|61574
50304|1299|174|1916|47065|61574
174|3257|9498|20473|47065|61574
58308|6939|1299|201706|43278
204092|6939|25192|26710
35598|1299|8551|44709
210312|4601|50869|41051|212488
34019|14840|269288
28917|6939|1299|60068|197103|400903
47147|1299|174|13786|263047|269680
35600|35625|5511|1299|12859|47065|61574
271253|6453|3257|28917|215730|209693
553|57463|12735|8517|8678
20932|1299|6453|19318|209896
13830|971|174|52468|271150
29222|6939|6424|46516
6830|6939|28917|35539
40994|57463|41327|31617
59890|174|399697|39967|399697
39351|1299|6453|29208
6830|3356|8119
132825|2914|1299|6855|39904|199604
15935|174|3257|19318|209896
29222|6939|32097|22295|206042
6830|12859|47065|61574
55222|174|35598|52091|206810|5598
14537|52925|3356|174|3130|47065|61574
59891|13030|1299|6453|4755|7768
41722|12389|174|60068|205884
139317|44324|32595|174|54270
44324|32595|174|398734
6830|5511|49666|58224|214805
34927|1299|35598|52091|206810|57164
42473|1299|3257|28917|215730|209693
38136|50131|36236|174|37468|61568|266460|61625
44324|32595|174|24992
48070|1299|6453|60068|216213|205884
35600|20764|43298|48678|213865
215596|1299|3257|19318|209896
15935|174|1299|20473|399970
41327|1680|44709
28917|6939|1299|36352|60117
50131|36236|174|52468|271150
58308|6939|6830|23520|263703|272951
35600|6939|28917|50923
58308|6939|6830|23520|262191|266774
29075|174|8551|20473|47065|61574
28917|6939|1299|20473|206699
34927|174|21320|5408|47065|61574
35600|6939|28917|198297
1299|35598|52091|206810|211101
210937|1299|12859|47065|61574
207841|57463|12735|34476
139317|44324|32595|174|21826|273843
12779|6939|2852|48091
29222|6939|209097
58308|6939|6830|23520|264813
28917|6939|1299|23520|270200|272314
12552|28917|6768|59514|48693|213137
58308|6939|1299|36352|16628
2027|47160|174|3356|28370|28657
63927|137409|62000|212815|52053
553|1299|3257|28917|215730|209693
28917|6939|1299|9583|54113
12859|57463|12735|202588
40994|57463|41327|204504
28917|6939|1299|45102
20932|174|20473|47065|61574
20764|174|10490|2722|12148|47065|61574
58308|6939|1299|200478
64475|62255|52091|206810|48595
199938|1299|198949|35676
47147|3320|1299|20473|201423
196621|6939|28370|264426
28917|6939|1299|60068|30536
35280|6453|174|11432|271150
971|174|1299|6855|50698
3491|1299|35598|52091|206810|214721|204108
48070|6939|28917|44056
59105|2518|1299|35598|52091|206810|24881
44324|32595|174|19382
9268|4764|1299|35598|52091|206810|213694
44324|32595|174|43160|199195
58308|6939|1299|52468|272075
3320|1299|7195|20473|47065|61574
21232|33891|60068|211571
8218|6461|174|13786|263047
15605|41327|13786|263047|262578
58308|6939|6830|23520|272401
13830|971|174|28189|266931|269250|271150
198385|15576|57463|12735|9000
6082|174|204548|215728
21232|15576|35598|52091|206810|214210
28917|6939|1299|20473|213447
1299|174|210329|215728
48185|2914|174|3130|47065|61574
45352|1299|6855|39904|47767
20514|1299|56630|209944
29075|1299|20473|399970
28917|6939|1299|8781|396986
34549|1299|37468|270551|263047
29222|6939|53764
21232|15576|35598|52091|206810|214268|197578
14315|2914|174|3130|47065|61574
58299|174|60068|216213|205884
58299|28917|6768|59514|48693|213137
55222|174|22381|267470|263047
12969|1299|3223|41327
60326|34927|1299|17676|216211|44324|205369
22652|1299|6453|8283|215737
139317|44324|32595|174|394855
4181|1299|34927|202532
680|33891|60068|211571
48070|20764|202984|35598|25308|28917|204076
35600|50263|15935|199711
559|6939|25192|20701
12779|62255|52091|44660
15576|35598|52091|206810|213694
263152|174|3130|47065|61574
6777|57463|12735|214593
39351|1299|6453|4755|7768
9268|4764|1299|35598|52091|59815|25299
5713|33891|216067|44244
9002|1299|3223|34224|12735
4181|1299|174|60068|205884
4601|50869|34019|202945|210960
2734|13335|5408
204092|6939|30893
8529|1299|7545|20473|47065|61574
14537|52925|3356|1299|198949|35676
28917|6939|1299|393705
132847|7474|7473|1299|34927|202532
6461|62000|212815|52053
12637|57463|12735|50875
262427|1031|28917|6768|59514|48693|213137
398465|1299|35598|52091|206810|214721|204108
24961|1299|6855|50698
328964|23764|1299|35598|52091|206810|202497
19151|2914|174|140227|44324|205369
48070|57463|7713|174|56308
57866|1299|35598|52091|206810
2734|22356|28370|269016
44324|32595|174|198725
30600|1299|35598|52091|206810
328840|327727|174|1299|6939|24796
136557|174|3257|25091|8298|4601|4492
3549|3356|3257|28917|215730|209693
58308|6939|6830|23520|270068
398465|1299|3356|28370
3701|174|35598|52091|206810|214721|204108
56655|1299|20473|201423
32590|6453|174|14840|269288
327960|174|60068|211571
6424|6939|50989|48116
14537|3356|1299|8551|44709
58308|6939|47160|213095
3170|6939|25192|29067
6424|174|35598|52091|206810|56915
35600|15557|206865|3215|5511|174|199727|12645
29680|174|35598|52091|206810|202279
6830|7195|28189|266931|271615|273522|271150
39351|1299|3356|8119
205206|33891|16164|36032
48070|6939|28917|48084|199961
1403|577|6461|6424|44592|49581|211507
50628|1299|174|3130|47065|61574
58308|6939|39791
202032|57463|12735|29088
29222|6939|7018|401291
58299|13335|399532
139317|44324|32595|174|397161
37271|9002|62000|212815|52053
12956|1299|29695|206557|208835
48362|1299|6453|19318|209896
32590|37100|6762|174|37468|61568|266460|61625
553|57463|12735|43391|209853
29222|6939|262485
6461|174|60068|197103|212080
17639|1299|60068|197103|212080
6461|174|35598|52091|206810|35273
58308|6939|12735|205893
1280|1299|3257|19318|201813
139317|44324|32595|174|32473
57821|6939|1299|20473|399970
7713|174|204548|215728
13030|1299|6762|267470|263047
34854|1299|8551|20473|47065|61574
207841|20764|202984|35598|25308|28917|9049|51017
1299|174|13786|263047|267961
16552|37271|28917|215730|209693
34019|6939|28370|263535
42541|1299|3491|7162|13878|52468|60503|268746|61625
4601|57463|12735|15830|198417
49028|1299|174|13786|263047
44324|32595|174|43853
22652|1299|35598|52091|206810|196638
28917|6939|1299|21777
15605|57463|12735|51476
204092|6939|28917|35539
6453|174|60068|216213|205884
34019|50263|15935|51968
37468|174|8551|20473|47065|61574
199524|1299|3356|28370|269016
2500|2914|1299|35598|52091|206810|202279
40994|57463|12735|34619
559|34927|202532
28917|6939|1299|20473|400671
39120|174|6453|29208
6730|6830|3356|28370|53079
29222|6939|40994|204136
37053|37100|1299|10490|2722|12148|47065|61574
28917|8529|328250|174|30990|37371
4775|1273|174|3130|47065|61574
513|174|216211|211575
20253|1299|3356|8772|215536
29222|6939|35133|50917|214677
15605|12637|13335|399532
28917|6939|208453|52025|212895|214387
20253|1299|35598|52091|206810|34786
3170|6939|29222|41495
148968|1299|6057|28283|268744|2716
12350|1299|6762|49666|58224|214805
41666|57463|12735|203963
58308|6939|6830|23520|262191|271877
15935|174|22381|267470|263047|264389
55222|174|13786|28343|2716
41722|20485|1299|20473|399970
4181|1299|35598|52091|206810|48687
917|60068|174|138997|216211|44324|205369
139317|44324|32595|174|395866
35600|6939|393682
5413|1299|37468|60068|216213|205884
210312|4601|50869|214757|199518
29680|174|35598|52091|206810|39089
3320|1299|35598|52091|206810|56766
8220|6453|174|210|47065|61574
7473|1299|35598|52091|206810|24881|24697
17639|174|28189|266931|269250|271150
136557|174|35598|52091|44660
55720|2914|1299|35598|52091|206810|24881|24697
139317|44324|32595|174|37468|61568|266460|61625
12779|35598|52091|206810|214268|196977
44324|32595|174|53667|202256
29222|6939|7018|22787
7018|6939|196610
4601|6939|28917|44056|57629
47160|6939|25192|29067
12350|1299|3356|28370|268521
852|1299|34927|202532
41327|174|399697|39967|399697
40994|174|216211|211575
12956|174|204548|215728
41666|1031|262999|272466
34800|58057|50673|174|216211|211575
3356|174|32595|44324
202365|50673|33891|3223|34224|12735
12637|57463|12735|8517|5474
30781|3356|174|140227|44324|205369
63927|137409|28917|215730|209693
553|174|140227|44324|205369
29222|6939|62000|198831|210699
47147|1299|174|13786|263047|268105
7660|2516|1299|29695|206557|205190
28917|20764|52091|206810|48687
8529|1299|20473|201423
7594|174|35598|52091|206810|59867
8426|6777|57463|12735|43391|50941
917|60068|37468|33891|216067|44244
559|57463|12735|216385
6777|57463|12735|43391|51540
205112|50629|50263|201814|209896
25160|174|21700|399914
34019|35598|52091|206810
28917|6939|1299|48707
917|60068|1299|6424|44592|49581|211507
34288|28917|215730|209693
28917|6939|28370|52593
202032|57463|215248
8283|22356|28370|267608
21232|15576|35598|52091|206810|24881|24697
12307|29691|13030|21320|5408|47065|61574
28917|6939|1299|18734|13591
35600|35598|52091|206810|50204
16552|2914|174|52468|271150
3549|3356|1299|33891|216067|44244
21232|15576|57463|12735|62095
2497|1299|56630|209944
5511|174|13786|263047|269488
4764|1299|35598|52091|206810|59815
58308|6939|7018|32031
34927|60011|3356|1299|20473|399970
3170|7195|11432|271150
139317|44324|32595|174|52438
57695|917|60068|1299|9002|8772|396416
210312|4601|50869|215828
6667|1299|20473|201423
199524|1299|35598|52091|206810|59867
14537|3356|1299|3920|206777
52873|12956|174|5538|8194|29345
30844|174|1916|47065|61574
47160|174|13786|263047|268105
48070|1299|3356|60011|34927|208690
553|57463|12735|9121|12891
28917|6939|1299|20473|216430
917|60068|28917|215730|209693
42541|34927|202532
23367|1299|3356|1680|44709
35369|1764|1299|198949|35676
20205|1299|201814|209896
196621|6939|28370|28657
148968|1299|16276|203019
6777|57463|12735|51476
41666|57463|12735|210021
58308|6939|6830|23520|272935
5413|6461|62000|212815|52053
29222|6939|199095
328840|327727|174|30844|21351|60132
210312|4601|50869|41051|212121
15605|57463|12735|42216|62425
12637|57463|12735|43391|214449
59414|6830|9002|12555|198070
16347|3356|174|20723|2852|202874
14907|1299|6855|39904|47767
132825|174|3257|25091|8298|4601|4492
8426|6777|57463|12735|15830|47952
22652|174|13786|263047
12779|137409|206216|215172|214955
37697|37497|174|20723|2852|202874
8455|3356|174|140227|44324|205369
31510|6424|44592|49581|209693
139317|44324|32595|174|57974|266
29222|6939|205479
50629|1299|6855|39904|47767
513|174|22381|267470|263047|264389
9268|4764|174|22381|267470|263047
13830|971|174|30844|21351|60132
58308|6939|6830|23520|15344
17660|2914|1299|3920|206777
174|8551|20473|47065|61574
58308|6939|1299|60068|216213|215568
49028|35280|6453|174|11432|271150
21232|15576|35598|52091|206810|202279
63927|1299|60068|211571
174|5511|60068|206406|210557
15605|57463|12735|60847
36924|1299|35598|52091|206810|35273
15605|6939|28370|267608
9268|4764|1299|35598|52091|206810|57164
35600|35598|52091|206810|210063
3701|174|35598|52091|206810|57164
37662|174|28189|266931|271615|273522|271150
7474|7473|1299|35598|52091|206810|59867
57111|52025|212895|210320
328512|5713|174|20473|47065|61574
35598|174|28189|266931|269250|271150
5405|1299|3920|206777
20612|9044|1299|3223|34224|12735
63927|1299|6855|39904
9268|4764|1299|33891|216067|44244
7474|3257|174|14840|269288
6424|37468|52468|262393
139317|44324|32595|174|272102|271816
559|57463|12735|51559|213252
28917|6939|7018|400005
42473|1299|6424|44592|49581|209693
266213|3356|2914|12859|47065|61574
47147|1299|3356|28370|263535|268030
7720|44324|215172|214955
12637|35598|52091|206810|12773
12956|174|13786|263047|271068
57695|917|60068|174|140227|44324|205369
207841|6939|33924|198890|57463|34772|35047|5414
4826|9002|21320|5408|47065|61574
32590|6453|174|37468|61568|266460|61625
28917|6939|1299|21859|274778
151326|174|3356|1680|44709
205112|50629|1299|6855|39904
1280|1299|35598|52091|206810
50628|1299|8551|44709
35600|9002|917|214598
12859|1299|20473|47065|61574
3257|174|5538|8194|29345
971|174|6461|394737
8283|6939|30893|204789
139317|44324|32595|174|1916|11242
553|7195|20473|47065|61574
48070|8529|328250|174|30990|37371
263152|174|60068|197103|212080
6908|6461|8899|60294|33891|50673|43414|43995
24961|12859|47065|61574
35266|1299|35598|52091|206810|48687
28917|20764|52091|206810
6730|6830|174|35598|52091|206810|196638
5405|1299|10490|2722|12148|47065|61574
58308|6939|1299|36352|55286
199524|1299|35598|52091|206810|208435
7594|3356|1299|6855|50698
13830|971|174|35598|52091|206810|214721|204108
20514|1299|3356|28370
327960|174|56630|209944
3170|6939|28917|6789|201069|207979
12779|57463|12735|203963
132847|7474|7473|6461|28917|215730|209693
20514|8434|2119|3356|174|399697|39967|399697
5405|49581|209693
44324|32595|174|12337
58308|6939|25192|26710
8529|1299|8551|20473|47065|61574
2734|57463|12735|210021|211181|208293|212330|21245
5511|174|20473|47065|61574
12779|20764|43298|48678|213865
6453|174|204548|215728
50628|52025|212895|210320
34927|56655|1299|6453|19318|209896
11039|6461|1299|35598|52091|206810|48687
32590|1299|35598|52091|206810|56915
57381|50304|1299|3356|8772|215536
8220|1299|25091|8298|4601|4492
6424|1299|20473|47065|61574
50629|6939|28370|52593
553|1299|56630|209944
28917|6939|1299|30823|49418
15605|8772|215536
19653|30600|1299|3920|206777
15623|1299|198949|35676
41722|12389|1299|20473|201423
44324|32595|174|265609
199938|1299|3356|60011|34927|208690
4764|1299|6855|39904|199604
50629|28917|215730|209693
58308|6939|1299|62214
29222|6939|553|42873
59414|3303|174|60068|205884
17639|174|22381|267470|263047|264389
37662|174|22381|267470|263047|264389
28917|6939|1299|401909
34927|52025|174|21320|5408|50148
34927|1299|3257|204548|215728
19653|30600|1299|35598|52091|206810|56766
39122|1299|6939|24796
210312|4601|52320|7162|13878|52468|271150
37271|174|201814|209896
48919|174|56630|209944
6830|9002|62000|212815|52053
58308|6939|1299|51569
6830|174|35598|52091|206810|24881|24697
13030|1299|201814|209896
139317|44324|32595|174|206067
28917|6939|1299|21859|62610|213734
29222|6939|47160|213095
14315|6453|1299|6855|39904
28917|6939|1299|41897
31510|174|21320|5408|47065|61574
28917|6939|1299|17072|272336
7018|1299|3920|206777
48362|6939|138997|216211|44324|215172|214955
57381|50304|1299|8551|44709
3741|174|56630|209944
6777|57463|12735|208594
12779|6939|30893|205563
28917|6939|1299|36236|41378|399888|142438
210937|1299|20473|201423
42541|62255|52091|206810|202497
58057|6424|44592|49581|211507
13830|971|174|35598|52091|206810|208435
35600|6939|30893|200690
28917|6939|1299|20473|146950
39122|1299|3491|7162|13878|52468|60503|268746|61625
58308|6939|1299|60068|208414
6424|174|35598|52091|44660
328840|327727|174|56630|209944
1299|3356|28370|268521
3170|208972|210538|6775|13030|4637|133398
327804|37271|174|60068|216213|205884
199524|1299|56630|209944
215596|1299|37468|270551|263047
37105|37662|9002|62000|212815|52053
3356|1299|60068|216213|205884
32590|37100|28917|215730|209693
48185|12859|47065|61574
41327|174|210329|215728
34927|1299|35598|52091|206810
23764|1299|35598|52091|206810|48687
28917|6939|1299|60068|197103|209843
50629|6939|28370|270962
8283|20764|52091|206810|12773|211692|196629
28917|6939|1299|20473|153057
196621|15576|3356|1299|20473|47065|61574
37697|37497|1299|6855|39904|202605
174|13786|263047|264972
1031|999|6453|1299|3920|206777
3356|1299|34927|202532
553|62255|62379
12969|1299|12956|212721
139317|44324|32595|174|35598|35196|206174
37105|37662|1299|3223|41327
22652|1299|17676|216211|44324|205369
40994|6939|28917|201119
49028|1299|6461|394737
52075|6762|174|20723|2852|202874
5405|20764|43298|48678|213865
15605|6939|2852|202874
196621|6939|28917|39238|49392|34567
39122|1299|6939|28370|52593
35280|1299|10490|2722|12148|47065|61574
4601|9002|8772|396416
31510|174|60068|216213|205884
20932|1299|3223|41327
42473|1299|3356|28370|268521
29222|6939|28917|206011
2734|13335|400095
139317|44324|32595|174|59895
25160|1299|6939|24796|63293
139317|44324|32595|174|20473|328760
263152|174|3491|20473|47065|61574
207841|6939|29222|513|21449
14907|1299|2914|226|47065|61574
33891|14840|269288
3491|1299|22773|8119
35369|5405|28283|268744|2716
34854|1299|6855|50698
62167|174|20723|2852|202874
21232|15576|57463|12735|9000
3399|5511|174|1916|47065|61574
999|6453|174|5538|8194|29345
22652|174|210329|215728
4608|7575|2914|174|37468|61568|266460|61625
44324|32595|174|5719
210312|4601|50869|52025|210338
14907|5511|174|52468|271150
35600|13335|399532
48070|6939|28917|47914
202032|57463|12735|47123|199419
42473|1299|6453|29208
28917|6939|1299|20473|53966
6667|174|5538|8194|29345
19653|30600|1299|34927|202532
50304|1299|3356|1680|44709
210312|4601|50869|41051|215795
12779|62255|52091|206810|59815|25299
12637|6939|28370|268521
40994|57463|41327|208376
50877|5405|22356|28370
6424|6939|28917|39134
34549|1299|201814|209896
58308|6939|1299|23520|46198
28917|6939|1299|36352|55286
58308|35598|52091|59815|25299
49544|2914|174|140227|44324|205369
29222|3356|21320|5408|47065|61574
40994|57463|41327|47178
28917|6939|1299|198818
35600|57463|12735|212805
139317|44324|32595|174|44143
48362|1299|174|1916|47065|61574
58308|6939|6830|23520|52468|272058
63927|1299|20473|47065|61574
58308|6939|1299|32374
136557|174|3356|1680|44709
44324|32595|174|208794|200851
58308|6939|6830|23520|27665|270040
40387|1299|4230|52654|266493|61625
34019|6939|28370|263060
4764|1299|59692|12555
1031|999|6453|174|10490|2722|12148|47065|61574
58308|6939|1299|32270
58299|174|210329|215728
12637|35598|52091|206810|59867
210312|4601|50869|214757|208790
3491|174|35598|52091|206810|56766
20205|1299|29695|206557|205190
28917|6939|1299|23520
15605|57463|14840|2716
19151|174|6453|4755|7768
29691|1299|6762|267470|263047
35600|35598|52091|206810|48595
42541|1299|174|210|47065|61574
20080|2914|174|20473|47065|61574
15562|2914|3257|5405|8943|200636
33891|216067|44244
1031|999|6453|174|22381|267470|263047|264389
15605|41327|34927|202532
37739|3491|1299|20473|47065|61574
50629|6939|28370
51519|39351|174|138997|216211|44324|205369
12859|1299|3356|28370|263535|268030
202365|50673|174|28283|268744|2716
28917|6939|1299|23520|11139
28917|6939|1299|29544
174|210329|215728
263152|28917|215730|209693
55222|174|3257|28917|215730|209693
139317|44324|32595|174|50144
8283|6453|9498|20473|47065|61574
397131|60011|3356|174|20473|47065|61574
553|62255|52091
23352|2914|174|60068|205884
8283|22356|28370|263060
28917|6939|1299|25899|40583
34927|56655|1299|3356|14840|269288
20205|174|2914|20473|47065|61574
34927|1299|6855|39904|205968
34927|52025|174|3356|28370|28657
33891|1680|20473|47065|61574
6830|1299|35598|52091|206810
37739|3491|174|3130|47065|61574
210312|4601|50869|52025|212895|212196
398465|1299|35598|52091|206810|59867
917|60068|174|21320|5408|50148
12637|6939|58308
20080|2914|1299|35598|52091|206810|59867
199524|1299|6453|60068|216213|205884
4601|50869|34019|209090|205690
4601|50869|6939|60432
210312|4601|50869|34019|35600|56648
15605|6939|25192|20701
6424|6939|2852|48091
13830|971|174|35598|52091|206810|48687
58308|6939|1299|52468|273127
50629|174|140227|44324|205369
20253|1299|174|13786|263047|269680
12859|57463|12735|197941
8283|6762|264409|61832|266460|61625
28917|6939|1299|63473|201801
28917|6939|6424|46516
213151|41051|58299|22356|28370|263963
60068|1299|6939|393682
4601|50869|41051|200306
15576|57463|12735|15830|43352
21700|174|35598|52091|206810|57164
58308|6939|1299|210909
34019|6939|50989|50683
21700|174|35598|52091|48158
7713|174|3491|20473|47065|61574
23367|1299|3223|34224|12735
3130|174|35598|52091|206810|214268|197578
16552|1299|4230|2716
8220|1299|3356|20473|47065|61574
58308|6939|1299|20473|203145
398465|174|7195|20473|47065|61574
28917|22356|28370|263963
28917|6939|1299|136106|45305|141607
58308|6939|1299|3301
210312|4601|50869|52025|214323
20080|137409|62000|212815|52053
13030|1299|7195|28189|266931|269250|271150
20055|137409|62000|212815|52053
39351|1299|3920|206777
559|137409|206216|215172|214955
35600|35598|52091|206810|59815
202365|50673|174|7545|20473|47065|61574
6830|6939|2852|197277
20764|174|13786|263047|264972
7474|7473|1299|35598|52091|206810|35273
28917|6939|1299|265620|270145
29222|6939|200462|215163
553|62255|52091|206810|24881
3320|1299|13335|5408
7018|6453|44592|49581|209693
12859|57463|12735|60847
6830|6939|42695|43101
28917|6939|1299|20473|212217
15605|6762|174|11432|271150
29222|6939|12779|39636
58308|6939|208453|214639
44324|32595|174|395301
50304|1299|6453|4755|7768
2734|9304|136897|174|3491|137969|132824
44324|32595|174|21826|273843
971|174|35598|52091|206810|24881|24697
46450|1299|6762|49666|58224|214805
202032|57463|12735|15830
577|6830|34927|202827
196621|6939|28917|50923
20912|12637|1299|6424|44592|49581|209693
6423|20055|174|13786|263047|266089
139317|44324|32595|174|213966
28917|6939|1299|20473|36268
58308|6939|1299|40061|31529
28917|6939|1299|203410
47147|3320|3491|5408|47065|61574
41327|2603|21320|5408|50148
32590|6453|174|1916|47065|61574
22652|1299|201814|209896
199938|1299|174|13786|263047
20055|174|3356|28370|28657
199524|1299|3257|20473|47065|61574
15576|57463|12735|8517|207263
3130|174|6461|394737
6830|6939|28917|197078
3130|174|1299|6855|39904|47767
215596|174|22381|267470|263047|264389
50629|57463|12735|8517|48811
140627|1299|35598|52091|206810|214210
56655|1299|6762|267470|263047
52025|174|35598|52091|206810|214721
12956|174|13786|263047|269680
42541|44592|49581|209693
28917|6939|62000|198831|207466
198249|57463|12735|42216|62425
7713|62000|212815|52053
23367|1299|174|1916|47065|61574
917|60068|1299|34927|202532
210312|4601|50869|6939|200303
37105|37468|1299|3920|206777
29504|15935|174|35598|52091|206810|56766
57821|12586|3257|1299|3920|206777
6830|174|13786|263047|267961
28917|6939|8194|206362
1299|174|13786|263047|268105
199938|1299|3356|28370|28657
6424|6939|28370
12779|6939|2852|201648
28917|215730|209693
16552|3257|174|20473|47065|61574
41666|57463|12735|208594|48814
28917|6939|1299|3301|209041
23764|1299|35598|52091|206810|214721
44324|32595|174|16843
8280|6762|174|10490|2722|12148|47065|61574
55222|1299|8551|44709
8280|6762|174|216211|211575
1299|174|13786|263047|267425
29680|174|35598|52091|206810|57164
49788|1299|10490|2722|12148|47065|61574
199524|174|13786|263047|271068
28917|6939|1299|4213|46378
58308|6939|25192
41666|57463|12735|15830|43352
58308|6939|1299|205958
28917|6939|1299|23520|46650|401400
29680|174|35598|52091|206810|56766
29680|174|35598|52091|206810|196638
3216|1299|22773|8119
12956|1299|12859|47065|61574
327960|174|35598|52091|206810|39089
559|35598|52091|206810|214268|196977
209|3356|216211|44324|215172|214955|199518
6894|174|35598|52091|206810|56915
49788|1299|3356|16735|2716
199524|1299|2914|20473|47065|61574
28917|6939|1299|20473|52025
198385|174|3257|20473|47065|61574
29169|1299|20473|201423
44324|32595|174|270126|270215
48362|1299|17676|216211|44324|205369
51786|15623|174|3257|21034
28917|2603|21320|5408|50148
29222|6939|8194|201547
42473|1299|3356|28370|267556
12637|35598|52091|206810|12773|44710
7500|2497|174|35598|52091|206810|213694
1257|174|210329|215728
6830|3356|13786|263047|269680
7018|3356|9002|8772|396416
28917|6939|6830|31079
48070|1299|174|3130|47065|61574
15576|57463|12735|15830|137922
139317|44324|32595|174|22381
4601|50869|34019|35600
174|6461|394737
61218|29632|9002|1299|198949|35676
29479|50304|1299|56630|209944
58308|6939|6830|23520|262202
40994|6461|6424|44592|49581|209693
28917|6939|50989
63927|1299|6855|39904|47767
40994|6939|15372
50629|57463|12735|29088
29680|174|35598|52091|206810|59815|25299
12350|1299|20473|399970
6461|174|52468|262393
12637|35598|52091|206810|211101
28917|6939|1299|3301|59951
28917|262999|272466
139317|44324|32595|174|45250
23673|9900|23764|3356|1299|12859|47065|61574
58308|6939|1299|399672
263152|174|46427|64289|44592|49581|209693
44324|32595|174|135377
23367|1299|3491|20473|47065|61574
48070|57463|14840|269288
34800|58057|50673|174|138997|216211|44324|205369
35600|57463|12735|9121|12891
8280|6762|1299|6855|50698
58308|6939|1299|3301|206884
971|174|14840|269288
207841|57463|12735|60707
4601|50869|213768|205634
57821|6939|138997|216211|44324|215172|214955|59449
37721|3257|28917|215730|209693
44324|32595|174|14
64475|13335|5408
36236|2914|12859|47065|61574
29075|174|140227|44324|205369
22652|174|11432|271150
327727|174|6453|4755|7768
206499|34549|6461|62000|212815|52053
41327|6461|6424|44592|49581|211507
8283|6939|24796|63293
58511|1299|6855|39904|47767
17660|6453|174|21320|5408|50148
6894|174|60068|216213|205884
39351|174|10490|2722|12148|47065|61574
202032|57463|12735|211682
12859|20764|43298|48678|213865
41666|49581|211507
3399|5511|1299|6855|39904|47767
6894|3257|174|216211|211575
58308|6939|50629|49855
132825|174|6461|394737
58299|22356|28370|263060
28917|6939|1299|60068|216213|216349
6762|174|13786|263047|269680
852|1299|198949|35676
139317|44324|32595|174|11900
6777|57463|12735|62095
58308|6939|559|200233
202032|57463|12735|8517|42626
28917|6939|32097|54203
58308|6939|1299|36352|60117
28917|6939|1299|214783
33891|12859|47065|61574
174|5511|49666|58224|214805
14630|1299|6855|39904
22652|1299|35598|52091|206810|5598
174|37468|53062|266493|61625
4601|50869|34927|202532
2734|22356|28370|268198
20253|1299|13335|5408
49028|1299|174|21320|5408|47065|61574
48070|57463|12735|34476
44324|32595|174|393684
19653|30600|1299|35598|52091|206810|24881
2152|3356|174|13786|263047
47147|1299|6453|19318|209896
139317|44324|32595|174|395348
15605|6762|174|399697|39967|399697
50629|215551|30893
58308|6939|1299|36352|399275
28917|6939|1299|8151|28400
24516|174|3257|19318|209896
12637|1299|5511|60068|206406|210557
42541|1299|12956|212721
12859|57463|12735|47123|50055
8283|57866|1299|198949|35676
271253|3356|1299|6855|39904|47767
57777|8298|8283|3491|209810|207187|207198|206429
6424|6939|28917|6789|48004
44324|32595|174|327727|329010
49028|1299|3356|28370|53079
44324|32595|174|53667|210842
48919|35320|1299|3223|34224|12735
210312|4601|50869|199177
40994|57463|41327|205005
49028|1299|174|21320|5408|50148
58308|6939|1299|20473|200959
12779|62255|52091|206810|59815
42541|62255|52091|206810
34854|1299|3216|51032|41344|39707
559|35598|52091|206810|214210
28917|6939|1299|27563|26793
7500|2497|174|35598|52091|206810|24881|24697
58308|6939|1299|5605
31742|1299|35598|52091|206810|196638
44324|32595|174|51847|61112
2152|3356|1299|8551|44709
57111|41327|22356|28370|263060
3214|6830|2914|268624|28370|28657
41327|6461|62000|212815|52053
2497|174|13786|263047|269488
148968|7474|7473|1299|2914|226|47065|61574
8283|6461|210|47065|61574
8283|20764|52091|206810|59815|25299
25152|2914|3257|28917|215730|209693
37739|3491|1299|20473|201423
3170|57463|7713|1299|56308
50304|1299|10490|2722|12148|47065|61574
20612|9044|28917|215730|209693
28917|6939|31263
28917|6939|1299|21859|63473|40776
58308|6939|1299|7029
204092|31133|51032|41344|39707
49028|1299|6939|30893|200690
1280|1299|35598|52091|206810|5598
28917|8359|57304|15935|56747
1299|35598|52091|206810|202497
41327|6461|8899|60294|33891|50673|43414|49784
39122|28917|215730|209693
50877|6762|174|140227|44324|205369
999|6453|1299|6855|50698
202032|57463|12735|34476
7018|3356|53062|266493|61625
1299|60068|211571
12637|6939|196610|48927
7018|1299|33891|216067|44244
6894|174|35598|52091|206810|39089
577|33891|60068|211571
11039|6461|1299|20473|399970
29680|174|35598|52091|206810|214268|196977
204092|6939|50989|33837
28917|6939|1299|20473|212316
6424|174|216211|211575
15605|31133|12389|28917|8905
17350|2914|12859|47065|61574
34927|60011|3356|1299|6424|44592|49581|209693
28917|6939|1299|27589
328840|327727|174|1299|6855|39904
23673|9900|23764|1299|12859|47065|61574
49432|48362|1299|174|210|47065|61574
4775|1273|1299|12859|47065|61574
62167|174|1916|47065|61574
398465|3320|1299|20473|201423
198249|9002|46427|64289|44592|49581|211507
64475|7195|28343|2716
4764|174|399697|39967|399697
29222|6939|42184|204702
47957|3356|1299|20473|47065|61574
398465|6939|1299|20473|399970
139317|44324|32595|174|398399
140627|1299|3356|28370|263535
32590|1299|29695|206557|208835
13030|1299|12956|212721
28917|6939|1299|60610
14907|1299|174|20473|47065|61574
38001|3491|174|28189|266931|271615|273522|271150
15623|6939|138997|216211|44324|215172|214955|59449
40994|174|210|47065|61574
3214|6424|44592|49581|209693
3491|1299|25091|8298|4601|4492
553|6939|207995
39122|174|1916|47065|61574
139317|44324|32595|174|53667|199340
553|57463|12735|51321
59105|2518|1299|6855|39904|199604
30781|1299|20473|399970
1299|9002|62000|212815|52053
40387|1299|3356|1680|44709
29140|6424|44592|49581|209693
63956|1221|7474|137409|62000|212815|52053
28917|6939|1299|32270
394256|174|1299|20473|47065|61574
40994|6939|28917|43714
35600|57463|12735|8517|206887
6453|1299|6855|39904|199604
29680|174|28189|266931|269250|271150
50673|174|28189|266931|269250|271150
7018|1299|35598|52091|206810|48687
15576|57463|12735|9000
24961|1299|56630|209944
44324|32595|174|10578
34019|47160|174|3130|47065|61574
14907|1299|35598|52091|206810|59815|25299
25160|174|3130|47065|61574
12859|6939|30893
263237|6939|138997|216211|44324|215172|214955|59449
11845|30844|3257|1299|20473|47065|61574
61218|29632|9002|3356|174|3130|47065|61574
210312|4601|50869|52025|212895
20253|1299|2914|226|47065|61574
2497|1299|35598|52091|59815|25299
4601|50869|52025|51939
58308|6939|28917|48084|59833
59105|2518|1299|201814|209896
21320|33891|44592|49581|209693
58308|6939|1299|20473|40138
40994|57463|41327|214169
12859|1828|12179|393398|3356|1299|23033|50131
34800|29632|9002|6939|138997|216211|44324|215172|214955|59449
6777|35598|52091|206810|59815|25299
3170|33763|37204|23764|1299|174|37442|36986
41327|6939|28370|267556
64475|62255|52091|206810|12773|211692|196629
58308|6939|6830|23520|64126|265721|273901
57381|50304|1299|6762|267470|263047
4601|50869|6939|50989
8283|47065|61574
6424|6939|30893|13214|35634
210312|4601|50869|41051|47509
13830|971|174|13786|263047|262578
263237|174|204548|215728
28917|6939|1299|20473|199111
12859|22356|28370|28657
6830|174|13786|263047|269488
1140|24785|6830|174|11432|271150
210312|4601|50869|6939|28370|263060
49028|1299|6939|30893|13214
6730|6830|7195|20473|47065|61574
20205|1299|3491|20473|47065|61574
8529|1299|20473|47065|61574
210312|4601|50869|41051|205415
174|6453|4755|20473|47065|61574
266213|3356|216211|44324|215172|214955|59449
140627|1299|35598|52091|206810|8274
44324|32595|174|397142
139317|44324|32595|174|8452|24835|36935
139317|44324|32595|174|984
25091|28917|215730|209693
6424|37517|1299|5511|37309
199938|1299|3356|28370|53079
6730|6830|174|13786|263047|271068
34177|1299|174|140227|44324|205369
559|57463|12735|42216|51722|26383
1764|1299|174|37468|61568|266460|61625
199524|1299|20473|47065|61574
34854|3214|28917|215730|209693
40994|57463|12735|51321
13830|971|174|46427|64289|44592|49581|209693
29222|1299|6855|39904|199604
57866|1299|21351|60132
5405|6939|28370|52593
34927|1299|35598|52091|206810|202279
28917|6939|58308
39122|1299|6855|39904|199604
199524|174|35598|52091|206810|48687
6830|6939|28917|12668|51883
12637|57463|12735|50875|34987
28917|6939|1299|10396|397566
34288|1299|201814|209896
50629|57463|12735|8517|210690
2734|57463|12735|29399
34854|1299|35598|25308|28917|204076
34177|1299|3356|8119
34800|58057|50673|174|1299|20473|201423
6423|20055|1299|6855|39904|202605
28917|6939|1299|51407
31742|1299|20473|399970
12637|174|3130|47065|61574
40994|9002|8772|215536
28917|6939|1299|25575
44393|394256|174|3491|7162|13878|52468|60503|268746|61625
210937|1299|174|60068|216213|205884
136557|174|35598|52091|206810|56766
21412|1299|6762|49666|58224|214805
29222|6939|39791|57728
56987|1299|6855|39904|202605
148968|1299|20473|399970
16552|1299|3491|7162|13878|52468|60503|268746|61625
4601|50869|210632
39392|174|3356|60011|34927|208690
35598|202984|6762|174|37468|61568|266460|61625
4637|3257|5405|8943|200636
39122|47311|150249|153176
4777|2497|174|52468|262393
42541|62255|52091|206810|35273
204092|34019|49581|211507
8426|6777|35598|52091|206810|196638
24785|6830|174|3130|47065|61574
553|137409|62000|212815|52053
34927|52025|32097|25091|8298|4601|4492
58308|6939|35489
328840|327727|174|7311|835|394273
2914|1299|35598|52091|206810
8660|1267|1299|6453|29208
39351|1299|6855|39904
62000|56584|202585|215842
20253|1299|37468|52468|271150
28917|6939|1299|20473|54874|57439
50629|57463|12735|202588
35280|1299|35598|52091|206810|24881|24697
148968|1299|7195|28189|266931|269250|271150
55720|2914|1299|35598|52091|206810|35273
553|62255|52091|206810|196638|42702
12637|34927|202827
37105|36994|1273|174|20473|47065|61574
4775|1273|174|60068|216213|205884
2734|13786|263047|268546
41666|57463|12735|8517|212167
58308|6939|1299|18734|20940
3216|1299|5511|60068|206406|210557
37053|5713|8455|8283|47065|61574
398465|1299|13335|399532
58308|6939|1299|6204|25198
4601|50869|41051|201732
21232|15576|57463|12735|15830|137922
327960|327782|5511|174|11432|271150|272738
50673|174|7311|835|394273
6830|1299|198949|35676
12969|1299|3223|34224|12735
4181|1299|3356|8772|215536
15605|57463|12735|15830|48678
28917|6939|7018|16816
328964|37468|3257|174|3130|47065|61574
28917|6939|1299|20473|40216
7018|1299|6424|44592|49581|209693
132825|174|28189|266931|271615|273522|271150
47147|1299|6855|39904
32595|174|210|47065|61574
34800|58057|50673|174|7545|20473|47065|61574
64475|6939|33924
263152|53013|6762|1299|6855|39904|199604
398465|1299|35598|52091|206810|214268|196977
8280|6762|1299|22773|8119
328512|5713|174|60068|216213|205884
34927|52025|174|52468|262393
59105|2518|1299|6855|39904|202605
7474|3257|174|140227|44324|205369
12859|6939|50989|48116
1299|3356|28370|267556
58308|6939|1299|6424|203020
139317|44324|32595|174|211211
513|29222|6939|35168|48716
3130|174|3356|1680|44709
62167|174|8551|20473|47065|61574
199524|37100|1299|20473|47065|61574
34927|56655|1299|3257|20473|47065|61574
205206|1299|174|13786|263047
28917|6939|1299
198385|174|22381|267470|263047
6667|33891|60068|211571
210937|1299|3356|28370|268521
3491|1299|35598|52091|206810|59815|25299
8426|6777|57463|12735|43391
59414|3303|174|20473|47065|61574
32590|4637|1299|56504|47674
327727|174|1299|25091|8298|4601|4492
2500|2914|174|140227|44324|205369
34927|56655|1299|60068|216213|205884
7474|3257|174|60068|216213|205884
34288|1299|8551|44709
28917|6939|1299|18734|11888
12779|35598|52091|206810|59815|25299
139317|44324|32595|174|398843
32595|174|60068|216213|205884
51185|6762|1299|6855|39904|202605
2734|3257|174|60068|216213|205884
199524|174|13786|263047|264923
61049|174|20473|47065|61574
198385|15576|57463|12735|212549
21232|15576|35598|52091|206810
210312|4601|50869|41051|213422
196621|6939|28917|20985
2518|1299|8551|44709
207841|57463|12735|43391|201178
999|6453|1299|6855|39904
213151|41051|57463|12735|29088
58308|6939|6830|23520|272935|28053
4601|50869|41051|215777
15605|57463|12735|42216|51722|26383
6461|8899|60294|33891|50673|43414|43995
513|174|3257|20473|47065|61574
50877|5405|1299|10490|2722|12148|47065|61574
28917|6939|196610
8218|6461|174|140227|44324|205369
50877|5405|6939|2852|202874
58308|59689|29075|174|210329|215728
174|35598|52091|206810|48595
559|7195|11432|271150|272738
6830|174|10490|2722|12148|47065|61574
6830|3356|8551|44709
64475|3320|1299|60068|197103|212080
29222|6939|7018|4473|13979|2576
2914|174|35598|52091|206810|24881
15935|174|35598|52091|206810|35273
25091|62000|212815|52053
35600|6939|28917|197078
50673|6939|138997|216211|44324|215172|214955|59449
55720|2914|1299|35598|52091|206810|213694
4601|50869|215172|211575
148968|1299|3223|41327
23764|1299|35598|52091|206810|35273
12969|1299|52320|7738|262999|272466
12637|57463|12735|15830|201584
20205|1299|3257|60068|206406|210557
398465|4826|9002|6424|44592|49581|209693
58308|6939|33891|8741
5413|1299|60068|211571
58308|6939|1299|15704
35320|1299|3223|41327
3549|3356|174|399697|39967|399697
49544|62000|212815|52053
559|29632|215536
8529|1299|20473|399970
139317|44324|32595|174|63293
49788|1299|7545|20473|47065|61574
60068|33891|8298|4601|4492
30844|33891|60068|211571
50629|57463|12735|8517|213309
6082|174|140227|44324|205369
58308|6939|205479
199524|174|35598|52091|206810|214268|197578
42473|1299|3491|7162|13878|52468|60503|268746|61625
50629|57463|12735|8517|8456
29222|6939|3170|399275
28917|6939|208453|205163
37739|3491|174|11432|271150
49028|1299|6939|28370|52593
50629|35598|52091|206810
42541|4601|4492
35600|57463|12735|201978|208425
3170|6939|28370|263060
47147|3320|174|37468|61568|266460|61625
28917|6939|1299|7195|53065|267003|269093
28917|6939|7018|1341
58299|62255|52091|206810|48687
58308|6939|7018|36040
48362|1299|3356|28370|269016
132825|174|35598|52091|206810|211101
15605|56911|174|204548|215728
58299|174|204548|215728
28917|6939|3170|210495
6424|6939|30893|204789
12307|29691|1299|174|22381|267470|263047|264389
2734|57463|12735|47190
20764|174|5538|8194|29345
4601|50869|41051|201957
28917|6939|1299|23520|27665|46764
28917|6939|1299|9584
28917|6939|3170|965
29504|15935|174|56630|209944
28917|6939|1299|16276
20205|174|52468|271150
48362|1299|56504|47674
49544|6939|138997|216211|44324|215172|214955|59449
8660|1267|50263|52025|212895|210320
15605|20764|43298|48678|205463|213799
57866|1299|8551|44709
17350|2914|1299|35598|52091|206810|213694
210312|4601|50869|6939|2852|197277
58308|6939|1299|835|52025|203069
394256|174|28189|266931|269250|271150
148968|1299|4230|52654|266493|61625
204092|34019|14840|2716
1299|2914|1916|47065|61574
971|174|35598|25308|28917|204076
28917|6939|1299|20473|58057
398465|1299|6855|39904
41666|20764|52091|206810|8274
62167|6939|1299|20473|399970
198385|174|201814|209896
4181|1299|35598|52091|206810|211101
328562|6939|138997|216211|44324|215172|214955|59449
34019|6939|28370|267556
8280|6762|174|13786|263047
6424|174|5538|8194|29345
327727|174|35598|52091|206810|214721
34177|174|20473|47065|61574
29504|15935|174|22381|267470|263047|264389
8220|3491|174|5538|8194|29345
3257|1299|198949|35676
139317|44324|32595|174|397384
8283|3491|209810|207187|205044
15605|35598|52091|206810|57164
11039|6461|1299|35598|52091|206810|59867
7018|1299|35598|52091|206810|5598
14537|52925|3356|174|5538|8194|29345
266213|3356|6830|60068|216213|205884
210312|4601|50869|58299|41051
8529|1299|3257|204548|215728
31510|174|3356|28370|268521
206356|205112|28917|215730|209693
327727|174|30844|21351|60132
4601|50869|58299|206470
57381|50304|1299|3491|7162|13878|52468|60503|268746|61625
58308|6939|1299|271938
15605|35598|52091|206810|211692|31069
263237|174|60068|197103|212080
62000|215551|30893
4777|2497|174|35598|52091|44660
30844|8283|47065|61574
47957|6830|34927|202827
6453|174|32595|44324
5413|1299|60068|216213|205884
15605|6939|30893|200690
37497|1299|6855|39904|199604
198385|174|216211|211575
29222|6939|12637
52873|12956|174|60068|205884
58308|6939|12637|202448
35600|6939|42695
21232|13030|1299|8551|44709
8280|6762|174|13786|263047|267961
1103|6830|1299|3920|206777
28917|6939|1299|32934|63293
202032|57463|12735|15830|47952
57111|174|8551|20473|47065|61574
28917|6939|1299|51167
52025|1299|3223|34224|12735
198385|15576|57463|12735|8517|212167
39392|33891|1680|20473|47065|61574
50628|6453|174|11432|271150
33891|917|214598
20253|1299|32787|202161
328512|5713|137409|62000|212815|52053
3741|174|14840|269288
199524|3356|1299|6855|39904|199604
139317|44324|32595|174|208794|200851
24516|3491|2914|6424|44592|49581|211507
31742|1299|3356|16735|2716
50304|1299|2914|226|47065|61574
58308|6939|6830|60068|51191
49028|1299|6939|393682
9002|6830|60068|211571
12859|6461|7473|38001|25192
1299|35598|52091|206810|213694
14630|6830|33891|216067|44244
28917|6939|1299|8151|28403
3549|3356|1299|201814|209896
12859|22356|28370|269016
3170|64049|174|55410|141549
207841|6939|28917|24651|39900
2497|3356|21320|5408|47065|61574
139317|44324|32595|174|3360
4601|50869|34019|35600|39432
1836|1299|3920|206777
28917|6939|1299|835|52025|50224
59891|13030|1299|6453|19318|201813
29680|3257|1299|20473|47065|61574
4601|50869|52025
60068|1299|12859|47065|61574
58308|6939|1299|56911
58308|6939|1299|9583|134928
12779|62255|52091|206810|214210
28917|6939|1299|23520|263238|272966
61568|37468|28917|215730|209693
8220|1299|35598|52091|206810|214721|204108
21232|15576|35598|52091|206810|24881
29222|6939|15935|204860|203385
3257|174|13786|263047|267961
35600|6939|2852|212876
41327|22356|28370|268198
1299|6855|39904
29222|6939|56595|43442
327727|174|204548|215728
37100|2603|21320|5408|47065|61574
42473|1299|6453|8283|200998
6667|174|60068|216213|205884
28624|4230|33891|216067|44244
30781|1299|6855|39904|202605
205112|50629|6461|137409|206216|215172|214955
21232|15576|57463|12735|15830|211686
29691|1299|3491|20473|47065|61574
21232|15576|35598|52091|206810|35273
20764|174|2914|226|47065|61574
64475|3320|174|52468|271150
12637|57463|12735|8517|212167
1299|3257|204548|215728
56911|1299|8551|44709
58308|6939|1299|20473|393368
8283|6939|24796
32590|3257|174|13786|263047
58057|50673|174|7545|20473|47065|61574
49709|137409|62000|212815|52053
28917|6939|1299|23520|262191|272153
28917|6939|1299|19332|270226
28917|6939|25400|31264
48362|6424|44592|49581|209693
28917|6939|1299|7843|11427|54201
198385|174|1299|20473|399970
12637|57463|12735|43391|57844
12637|1299|3356|8119
41327|6461|394737
151326|174|14840|269288
3356|174|137409|206216|215172|214955
57777|8298|8283|3491|209810|207187
50304|1299|174|210329|215728
4826|3257|174|399697|39967|399697
48919|62000|212815|52053
3320|1299|8551|20473|47065|61574
553|14840|2716
29222|6939|29208|209847
28917|6939|1299|23520|272969
14907|1299|174|13786|263047
3130|174|3356|28370|267608
58308|6939|50989
34019|3303|174|52468|262393
139317|44324|32595|174|22439
35600|50263|21263|34125
50629|20764|52091|206810|211692|31069
327960|174|3257|19318|209896
559|35598|52091|206810|12773|57005
132337|174|1916|47065|61574
4601|50869|215561
139317|44324|32595|174|16437
28917|6939|1299|198949|12625
6424|174|216211|44324|205369
6730|6830|1299|42303|51701|30893
23367|1299|3356|28370|269016
22652|1299|10490|2722|12148|47065|61574
139317|44324|32595|174|198507
12637|57463|12735|9000
20514|1299|35598|52091|206810|48687
28917|6939|1299|23520|272942
58308|6939|28370|268521
20514|1299|174|21320|5408|50148
28917|22356|28370|263060
553|57463|12735|212757
210312|4601|50869|215172|214955|215956
1299|6453|8283|213576
58308|6939|1299|44180
12637|6939|28370|270962
1273|1299|20473|47065|61574
40994|2914|12859|47065|61574
28917|6939|39791|49101|49244
28917|6939|41720|47152|208753
397131|60011|3356|1299|20473|47065|61574
6057|174|399697|39967|399697
1103|3257|174|13786|263047
53013|6762|1299|6855|39904|199604
34927|1299|3356|28370|28657
328840|327727|174|35598|52091|44660
4826|3356|216211|44324|215172|214955|59449
28917|6939|1299|20473|200959
58308|6939|5405|48918|34172
32590|12956|174|140227|44324|205369
28917|6939|1299|30823|209693
39351|1299|5511|60068|206406|210557
28917|6939|7018|3379
41666|57463|12735|211682
41051|58299|33891|216067|44244
12956|174|399697|39967|399697
15692|2914|174|399697|39967|399697
23367|1299|174|210|47065|61574
32590|7195|6424|44592|49581|211507
44324|215172|214955|199518
58308|6939|1299|54509
4601|50869|6939|59689
263237|174|8551|20473|47065|61574
34288|1299|3920|206777
41666|57463|12735|8517|12777
58299|61568|266460|61625
28917|6939|1299|20473|210041
7474|7473|1299|6424|44592|49581|211507
327727|174|13786|263047|267961
28917|6939|1299|19750
32590|2914|30058|216211|44324|215172|214955|59449
49544|3491|138997|216211|44324|215172|214955|59449
28917|6939|1299|11019|29789
24961|1299|1680|20473|47065|61574
2734|57463|12735|42216|51540|206991
28917|6939|1299|49222
6461|174|35598|52091|206810|214268
28917|6939|1299|23511
29222|1299|6855|39904
6908|174|12956|212721
2152|3356|1299|6855|39904|202605
327960|174|35598|52091|206810|214268|197578
44393|394256|174|3257|19318|209896
3170|6939|28917|198297|51081
48070|57463|12735|60707|200334
34927|56655|1299|174|210329|215728
25152|2914|6424|44592|49581|211507
34800|29632|9002|1299|3920|206777
49028|1299|35598|52091|206810|24881|24697
47160|174|140227|44324|205369
139317|44324|32595|174|8926
12779|44592|49581|211507
34288|8218|28917|215730|209693
25369|174|216211|211575
28917|6939|1299|60068|197103|268918
37497|1299|60068|211571
28917|6939|1299|51569
204092|50263|15935|51968
20205|1299|3257|28917|215730|209693
48070|37468|52468|271150
11845|37468|1299|6855|39904|47767
8455|1299|3920|206777
198385|174|3491|20473|47065|61574
50300|174|399697|39967|399697
6082|2914|12859|47065|61574
29222|6939|262365|263433|268967
398465|4826|1299|56630|209944
12859|57463|12735|15830|43352
6894|174|35598|52091|206810|35273
1280|1299|8551|44709
29691|1299|6453|4755|7768
20253|1299|20473|201423
29222|6939|207992
6057|6461|33891|216067|44244
58308|6939|1299|20473|207615
53828|2914|174|35598|52091|206810|56766
44324|32595|174|36236
58308|6939|1299|14080|273083
8283|2914|13786|263047|269488
58308|6939|5405|9182
559|6939|59970
3170|6939|29222
17660|6453|174|22381|267470|263047|264389
9268|4764|174|14840|2716
7018|6762|49666|58224|214805
6082|2914|6424|44592|49581|209693
58308|6939|1299|20940|34164
29222|6461|394737
553|57463|12735|47123|199419
2914|1299|35598|52091|206810|213694
58308|6939|2852|199711
1299|52320|7162|13878|52468|271150
4777|2497|2914|6424|44592|49581|211507
34927|52025|174|35598|52091|206810|214268
28917|6939|1299|7545|133612|18291
34927|174|3130|47065|61574
13830|971|174|28189|266931|271615|273522|271150
6730|6830|174|35598|52091|206810|24881|24697
32590|1299|3356|28370|263535|268030
28917|6939|40994|215472
8283|2914|20473|47065|61574
57695|917|60068|1299|6855|50698
6424|174|35598|52091|206810|57164
58308|6939|1299|210937|62599
9268|4764|1299|56630|209944
39392|174|140227|44324|205369
34019|6830|60068|216213|205884
60068|174|216211|44324|205369
30600|1299|10490|2722|12148|47065|61574
559|9002|12555|48430
49788|1299|5511|60068|206406|210557
34177|1299|174|13786|263047
20612|8758|6461|62000|212815|52053
44324|32595|174|11172
136557|174|35598|52091|206810|210063
35008|1299|7545|20473|47065|61574
24516|174|6762|49666|58224|214805
559|6939|42695|52011
57381|50304|1299|3356|22381|267470|263047|264389
3170|6939|60432
47147|6461|6424|44592|49581|211507
1299|25091|8298|4601|4492
394256|174|6453|29208
17660|2914|174|52468|271150
64475|6939|28370|52593
41327|6461|8899|60294|33891|50673|43414|43995
271253|174|35598|52091|206810|59815|25299
209650|34927|174|20473|47065|61574
12859|1299|174|60068|205884
2734|58453|30990|174|3356|36994|36908
28917|6939|1299|60068|216213|215427
12350|1299|6453|19318|209896
12779|6939|200303
16347|1299|37468|60068|216213|205884
327727|174|60068|211571
199524|174|28189|266931|271615|273522|271150
12859|22356|28370|268521
28917|6939|1299|210937|11930
199524|174|3356|8119
15623|1299|8551|20473|47065|61574
210312|4601|50869|199310|215502
34019|6939|30893
12637|57463|12735|42216|62425
8220|3491|174|204548|215728
12779|2603|21320|5408|50148
14630|2914|1299|20473|47065|61574
4601|8298|25091|1299|10490|2722|12148|47065|61574
57821|12586|3257|1299|34927|202532
58308|6939|1299|212582
44324|32595|174|27988|272879
12779|62255|52091|206810|5598
60326|34927|1299|60068|197103|212080
28917|6939|1299|9146
206356|50629|174|204548|215728
23367|1299|35598|52091|206810|208435
35600|6939|30893|13214|35634
263152|174|2914|60068|216213|205884
44324|32595|174|206049
29222|6939|29208|203488
6424|174|35598|52091|206810|214721|204108
56655|1299|4637|20473|47065|61574
41811|1273|1299|8551|44709
3491|1299|35598|52091|206810|210063
8660|1267|1299|56504|47674
49028|1299|37468|270551|263047
62167|3356|1299|198949|35676
50877|5405|6939|2852|212876
971|174|50509|51032|41344|39707
53828|2914|1299|6855|39904|47767
14907|1299|198949|35676
58308|6939|1299|20473|199459
513|174|52468|262393
28917|6939|7018|11483
3320|1299|35598|52091|206810|35273
8426|3257|174|13786|263047|271068
1299|4637|10111|7720|44324|215172|214955|59449
12637|59692|12555
29504|39392|174|3356|60011|34927|208690
20764|174|12956|212721
17639|1299|3257|20473|47065|61574
32590|1299|17676|216211|211575
16552|1299|174|20473|47065|61574
40994|57463|12735|48737
6830|2914|13786|263047|268105
1299|6453|22356|28370|28657
35600|50263|15935|197451|212138
12859|13335|400095
271253|3356|1299|6855|39904|202605
328964|23764|3356|174|20723|2852|202874
41666|57463|12735|8517|15843
204092|6939|28917|47478
28917|6939|199081|209847
28917|6939|1299|20473|42692
28917|6939|1299|35847
28917|6939|1299|20473|139073
47147|1299|60068|216213|205884
12637|32787|202161
47692|3356|1299|20473|47065|61574
32595|174|21320|5408|47065|61574
38136|50131|36236|2914|12859|47065|61574
28917|6939|1299|52468|264635
7018|1299|35598|52091|206810|197643
41666|57463|12735|15830
28917|6939|1299|398044
19653|30600|1299|198949|35676
174|28189|266931|271615|273522|271150
3333|1257|1299|22773|8119
34019|6939|2852
8529|1299|6855|39904|199604
7660|2516|1299|60068|216213|205884
35280|1299|198949|35676
398465|1299|3216|51032|41344|39707
28917|6939|1299|48448
48070|57463|12735|8517|211249
7713|174|3257|20473|47065|61574
24482|44324|215172|214955
6082|174|35598|52091|206810|48687
2734|57463|12735|42216|62425|197715
553|57463|12735|208594|202365
202365|50673|174|5538|8194|29345
58308|6939|1299|20473|35085|210960
28917|6939|1299|20473|202540
210312|4601|57463|12735|15830
4601|8551|44709
553|57463|12735|15830|198417
23367|1299|6461|394737
1273|174|13786|263047|267425
47147|1299|6939|2852|197277
28917|6939|1299|15305
58308|6939|1299|25122
39392|33891|21320|5408|47065|61574
6453|2914|12859|47065|61574
28917|6939|1299|20473|16840
50673|174|3356|60011|34927|208690
9370|2497|174|52468|262393
48070|6939|28917|21453|48149
1299|60068|197103|212080
20932|1299|35598|25308|28917|204076
20205|174|137409|206216|215172|214955
21700|174|201814|209896
58308|6939|7018|20057|64011
57866|6830|33891|216067|44244
34019|8551|44709
58299|22356|28370|268198
56655|1299|198949|35676
327727|174|34927|202827
553|57463|12735|208594|48814
1299|35598|52091|206810|5598
327782|37100|174|5538|8194|29345
196621|6939|28917|12668
22652|1299|35598|52091|206810|57164
7018|3356|28370|28657
61049|2914|1299|3920|206777
3741|174|204548|215728
6453|1299|6855|39904|202605
28917|6939|1299|20473|216256
55222|1299|4230|52654|266493|61625
58308|6939|7018|1751
58308|6939|1299|43927
57381|50304|1299|3356|60011|34927|208690
15935|33891|60068|211571
34927|1299|35598|52091|206810|8274
204092|6939|54429
139317|44324|32595|174|396026
64073|137409|62000|212815|52053
28917|6939|1299|39029
3320|1299|34927|202827
7018|6939|24796
57111|41327|174|52468|271150
2734|57463|12735|8517|42626
58308|6939|1299|56655|216321
16552|1299|35598|52091|206810|214721|204108
28917|6939|1299|20473|202929
209650|34927|174|7311|835|394273
59105|2518|1299|35598|52091|206810|214721
28917|6939|7018|15084
199524|137409|6424|44592|49581|211507
6830|3356|13786|263047
12779|57463|12735|214593
6894|3257|1299|20473|399970
44324|32595|174|8304
1103|6830|3356|16735|52794|52659
7018|3356|22381|267470|263047|264389
6894|174|6453|4755|7768
19653|30600|174|399697|39967|399697
44324|32595|174|20546
52320|1299|20473|399970
58308|6939|6830|23520|52468|273102
8220|1299|6461|394737
23367|1299|35598|52091|206810|35273
971|174|35598|52091|206810|202497
48070|57463|12735|212549
34927|52025|1299|6855|39904|47767
559|35598|52091|206810|35273
58308|6939|1299|45147|63859
58308|6939|35133|149020
58308|35598|52091|206810|12773|44884
40994|57463|41327|60989
55222|174|35598|52091|206810|59867
207841|6939|196610|48927
44324|32595|174|22360
28917|6939|1299|23520|11139|397382
35600|35598|52091|206810
37239|37468|28917|215730|209693
6057|174|56630|209944
1299|6939|2852|61110
3491|1299|6424|44592|49581|209693
57111|41327|22356|28370|263535|268030
58308|59689|30781|1299|10490|2722|12148|47065|61574
199524|1299|201814|209896
16552|1299|8551|20473|47065|61574
58308|6939|53764
28917|6939|1299|20473|402238
28917|6939|1299|212582
398465|174|60068|205884
206356|50629|1299|3920|206777
199524|1299|25091|8298|4601|4492
132847|7474|7473|1299|6424|44592|49581|211507
16347|1299|3223|34224|12735
327727|174|35598|52091|206810|208435
139317|44324|32595|174|401780
4181|1299|8551|20473|47065|61574
12859|35598|52091|59815
48362|1299|6762|49666|58224|214805
20253|1299|6453|19318|209896
4601|50869|34019|51306
12779|57463|12735|9215
58057|1836|1299|21351|60132
328840|327727|174|37468|270551|263047
58308|6939|1299|23118
207841|6939|138997|216211|44324|215172|214955|59449
40994|9002|12555
22652|1299|3223|41327
48070|57463|12735|3188
215596|1299|3257|20473|47065|61574
52025|174|60068|211571
20205|1299|6762|49666|58224|214805
34800|29632|9002|1299|198949|35676
45049|6696|1299|174|216211|211575
1273|174|13786|263047|267961
58308|6939|6830|23520|46650|20940
3399|33891|60068|211571
29222|6939|56381|209844
1267|1299|6855|39904|47767
1267|1299|56630|209944
15605|57463|12735|8517|48811
327960|174|6461|394737
199938|1299|20473|47065|61574
553|1299|3356|28370|28657
210312|4601|50869|58299|209114
16552|6453|174|22381|267470|263047|264389
6777|57463|12735|60847
48185|1299|3223|34224|12735
2914|174|35598|52091|206810|48687
58308|6939|6830|33915|61351
12859|59692|12555
139317|44324|32595|174|31404
559|6424|44592|49581|211507
47160|174|5538|8194|29345
55222|174|3356|16735|2716
28917|6939|1299|20473|204934
35600|50263|15935|51968
132825|174|35598|52091|206810|214721|204108
48070|57463|12735|43391
7660|2516|1299|37468|60068|216213|205884
559|57463|12735|47123|24944
32590|37100|1299|20473|47065|61574
216285|8280|6762|174|140227|44324|205369
56987|5511|3257|28917|215730|209693
28917|6939|1299|26211
553|6939|2852|199711
8283|20764|52091
7018|1299|22773|8119
58308|6939|1299|3249|35106
58299|62255|52091|206810|12773|47809|59478
327983|37497|174|20723|2852|202874
6830|3491|7162|13878|52468|60503|268746|61625
28917|6939|1299|20473|53841
49028|1299|7195|28343|2716
58299|16276|203019
58057|1836|8455|8283|47065|61574
394256|174|21320|5408|47065|61574
202032|57463|12735|15830|211686
2734|3257|174|3130|47065|61574
12637|57463|12735|51559|213252
199938|1299|3356|28370|269016
32590|1299|29695|206557|204503
64475|62255|52091|59815
3130|174|35598|52091|206810|202279
44324|32595|174|398748
44324|32595|174|18678|273114
16552|1299|35598|52091|206810|39089
3130|174|216211|44324|205369
58057|137409|62000|212815|52053
28917|20764|52091|206810|5598
37721|174|204548|215728
20932|1299|3920|206777
28917|6939|1299|12709
48070|1299|60068|211571
4601|9002|8772|215536
327804|5713|3491|174|37468|61568|266460|61625
12859|35598|52091|206810|50204
40387|2381|137409|62000|212815|52053
28917|20764|52091|206810|56766
15605|35598|52091|59815
40994|57463|12735|43391|209853
12956|6830|60068|216213|205884
196621|6939|28917|6789|200702
14907|1299|6855|39904|202605
28917|6939|1299|270122
28917|6939|1299|45896|55313
37662|1299|20473|399970
35266|1299|6855|39904
9268|4764|174|399697|39967|399697
7018|3491|20473|47065|61574
25160|1299|6855|39904
15605|35598|52091|206810|12773|47809
17660|6453|174|28189|266931|271615|273522|271150
15562|2914|1299|3920|206777
32590|4637|3356|21320|5408|47065|61574
58308|6939|6830|23520|27665|14789
50131|174|1916|47065|61574
6830|3356|25091|8298|4601|4492
8529|1299|22773|8119
13830|971|174|35598|52091
553|6939|28370|267608
6453|1299|6855|39904|47767
28917|6939|1299|8551|19551
15605|56630|209944
56987|1299|8551|44709
1828|6461|174|140227|44324|205369
20514|1299|35598|52091|206810|202279
136557|174|35598|52091|206810|39089
204092|50263|201814|209896
7018|1299|35598|52091|206810|214721|204108
1403|577|1299|201814|209896
29222|6939|28370|264426
4764|1299|3257|28917|215730|209693
13830|971|174|34927|202827
58057|1836|33891|44592|49581|209693
16552|2914|1299|35598|52091|206810|202279
28917|6939|56595|202590|200280
58308|6939|1299|216331
50304|1299|8943|200636
207841|7195|28260|270548|52794|52659
49788|1299|6453|29208
199524|1299|6855|39904
12637|6939|50989|33837
37105|37662|174|3356|16735|273514
41666|57463|12735|8517|1967
29222|6939|29208|199350
58299|215172|214955
58308|29075|174|399697|39967|399697
28917|6939|7018|25993
34019|6939|2852|201648
139317|44324|32595|174|57933
47147|1299|3356|28370|263963
205206|33891|13786|263047|267425
3320|1299|21351|60132
202365|50673|174|20473|47065|61574
42541|62255|52091|206810|210063
12586|3257|1299|3920|206777
139317|44324|32595|174|56718
37271|174|6762|16735|273514
28917|6939|1299|11019
16552|1299|3356|216211|211575
6082|174|11432|271150
207841|57463|12735|208594
263152|28917|6768|59514|48693|213137
57777|8298|12859|47065|61574
29222|6939|28917|44056|57629
4601|6939|28917|6789|203561
12779|174|13786|263047|267425
139317|44324|32595|174|53667|216340
210937|1299|3356|8119
39122|1299|6939|200303
41327|50263|201814|209896
553|20473|30893
58308|6939|1299|20473|212316
559|37468|60068|216213|205884
48070|6939|28370|263060
58308|6939|6830|23520|272012
28917|6939|1299|30823|214138
28917|6939|56630|209944
59105|2518|1299|6855|50698
15605|12578|58269|9002|1299|20473|210668
47147|1299|174|140227|44324|205369
62000|47498|208453
29222|6939|40994|203997
58299|62255|52091|206810|39558
199524|1299|6453|8283|200998
29222|6939|28370|263060
132847|7474|7473|1299|20473|399970
559|35598|52091|206810|39558
4775|6453|1299|29695|206557|204503
207841|57463|12735|48737
207841|6939|28370|52593
14537|6461|6424|44592|49581|209693
41327|6939|393682
12779|4230|52654|266493|61625
6461|174|204548|215728
15605|41327|20473|47065|61574
210937|1299|13335|400095
28917|6939|1299|52468|272075
58308|6939|1299|39869|59491
28917|6939|1299|20473|398883
58299|62255|52091|206810|57164
39122|1299|2914|226|47065|61574
28917|6939|1299|27947|13335
1299|7195|28189|266931|269250|271150
28917|6939|1299|20115|23222|21529
6057|174|204548|215728
60068|1299|6855|39904|202605
58308|6939|1299|3223|214673
139317|44324|32595|174|6400
8426|6777|57463|12735|15830|34296
174|7311|835|394273
60068|174|3130|47065|61574
29222|1299|35598|52091|206810|211101
204092|34019|4601|4492
19151|174|22381|267470|263047
4777|2497|174|35598|52091|206810|59867
41666|6204|214941|174|29802
29222|6939|29670|57024
202297|23764|20485|35598|52091|206810|12773|47809
48070|57463|12735|43391|51540
16552|2914|174|37468|61568|266460|61625
3320|1299|201814|209896
36924|1299|8551|20473|47065|61574
553|37271|20473|47065|61574
132337|8966|28917|215730|209693
48070|6939|28917|47438
38880|4826|1299|198949|35676
58308|6939|1299|46261
40994|174|35598|52091|206810|35273
6423|20055|174|35598|52091|206810|24881|24697
1299|6453|19318|209896
6424|12859|47065|61574
2497|6830|60068|211571
41327|6461|55081|59678|216096
28917|6939|1299|60068|216213|215568
1403|577|3257|28917|215730|209693
57695|917|60068|1299|20473|47065|61574
58308|6939|1299|5518
12859|57463|12735|8517|31689
28917|6939|1299|27947|264836
12779|3257|1299|198949|35676
59890|174|3130|47065|61574
28917|6939|61618|267320
64475|62255|52091|206810|59815|25299
44393|394256|174|21320|5408|47065|61574
6461|1299|198949|35676
1299|3356|28370
216285|8280|6762|174|201814|209896
49432|13030|6775|5405|21245
28917|6939|1299|20473|36369
7018|1299|35598|52091|206810|202497
327727|174|13786|263047|262813
49028|1299|12956|212721
199938|1299|3257|19318|201813
23764|3356|1299|20473|399970
328840|327727|174|13786|263047|269488
12637|57463|12735|210021
50629|37468|53062|266493|61625
20932|174|13786|263047|268546
1299|174|60068|205884
397131|60011|3356|1299|10490|2722|12148|47065|61574
6423|20055|174|35598|52091|206810|34786
48185|1299|6855|39904|202605
15547|33891|216067|44244
58057|34549|6424|44592|49581|209693
139317|44324|32595|174|14522
28917|6939|1299|3301|50273
2734|3257|174|14840|269288
3130|174|3356|8119
328512|5713|174|140227|44324|205369
328840|327727|174|201814|209896
12637|57463|12735|51559
213151|34927|1299|20473|399970
135895|137409|62000|212815|52053
151326|174|35598|52091|206810|48595
30781|33891|216067|44244
13830|971|174|1299|8551|44709
49544|2914|3356|21320|5408|47065|61574
174|1299|6855|39904|199604
11039|6461|1299|20473|47065|61574
6730|6830|6461|394737
58308|6939|1299|10396|397566
35008|1299|174|204548|215728
4777|2497|174|20723|2852|202874
23367|1299|35598|52091|206810|59815
28917|8359|57304|15935|199711
6894|174|1916|47065|61574
7018|1299|35598|52091|206810
48919|174|60068|216213|205884
151326|174|399697|39967|399697
44324|49581|211507
3130|174|35598|52091|206810|48687
29222|6939|15935|198143
53013|6762|1299|3920|206777
57381|50304|1299|37468|53062|266493|61625
202032|137409|48011|25184|49801|204533
6762|174|3130|47065|61574
12859|35598|52091|206810
50629|6939|16652
139317|44324|32595|174|20459
45352|174|3356|28370|268521
139317|44324|32595|174|1299|25091|8298|4601
58308|6939|1299|29774
327727|174|13786|263047|269680
553|6939|29222|41495|206202
210312|4601|50869|52025|212895|205336
328840|327727|174|35598|52091|206810|214721|204108
50304|1299|4230|2716
28917|6939|1299|60068|399244|142594
2734|57463|12735|8517|1967
12859|57463|12735|57844
208972|33891|216067|44244
28917|6939|41720|208229
62000|6777|42541
6730|6830|174|60068|216213|205884
6894|174|13786|263047|264923
29222|6939|33924
202984|28917|215730|209693
210312|4601|50869|41051|201732
271253|137409|62000|212815|52053
202297|23764|20485|35598|52091|206810|56915
6082|174|35598|52091|206810|59815|25299
216285|8280|6762|174|37468|61568|266460|61625
6424|6939|2852|213152
3399|5511|174|399697|39967|399697
41666|20764|52091|206810|196638|42702
12637|6939|2852|202874
34927|60011|3356|1299|6855|39904
47160|174|20473|47065|61574
58299|37271|20473|47065|61574
34927|56655|1299|20473|47065|61574
25220|3257|28917|215730|209693
49544|1299|3257|204548|215728
50629|57463|12735|15830|34296
28917|6939|1299|20473|207890
139317|44324|32595|174|20278
199938|1299|6762|16735|273514
132825|174|62000|212815|52053
852|1299|35598|52091|206810|39558
28917|3257|174|140227|44324|205369
13830|971|174|35598|52091|206810|39089
6424|6939|28917|39238|49392
2027|47160|6939|33924
12637|57463|12735
48185|1299|3257|210329|215728
4230|1299|6855|39904|199604
58057|174|35598|52091|206810|214721
17350|3356|174|60068|216213|205884
327727|174|35598|52091|206810|5598
1299|52320|7738|262999|272466
8283|6939|2852|197277
16552|1299|9002|8772|396416
207841|57463|12735|205893
23673|3491|174|35598|52091|206810|197643
52025|174|35598|52091|206810|59867
28917|6939|1299|23520|46650|14432
35008|1299|3356|14840|269288
12307|29691|1299|174|210329|215728
29632|12859|47065|61574
6461|1299|35598|52091|206810|214268
49028|1299|56504|47674
59891|13030|1299|174|3130|47065|61574
6424|174|1299|8551|44709
48070|6939|29222|41495
44393|394256|6939|1299|20473|399970
28917|6939|1299|60068|197103|202706
12779|6939|25192|26710
328840|327727|174|35598|52091|206810|48687
62000|215551|30893|13214|35634
15935|6461|52320|7738|262999|272466
202032|57463|12735|203963
2734|57463|12735|47123|24944
263237|174|2914|20473|201423
28917|6939|1299|398109
262427|174|35598|52091|206810|202279
4601|50869|52025|205514
35426|215596|1299|3491|20473|47065|61574
64475|31133|51032|41344|39707
139317|44324|32595|174|22361|400097
204092|6939|28917|48084|199961
28917|6939|1299|60068|216213|215434
19653|30600|1299|8551|44709
4764|1299|35598|52091|206810|210063
23367|1299|35598|52091|206810|48687
20514|1299|25091|8298|4601|4492
50628|1299|3257|210329|215728
47147|2914|30058|216211|44324|215172|214955|59449
139317|44324|32595|174|30567
210312|4601|50869|205929
202032|57463|12735|8517|205782
559|6939|28370|263535
28917|6939|1299|20473|50611
140627|2914|1299|10490|2722|12148|47065|61574
20932|1299|7545|20473|47065|61574
28917|6939|1299|61273
63927|137409|207841|209735|44324|216299
47232|174|6453|29208
58308|6939|1299|17676|4725|17509
28917|6939|1299|23520|262191|271809
139317|44324|32595|174|40069
34854|1299|6453|19318|201813
59919|12779|1680|44709
13030|33891|60068|211571
6777|57463|12735|15830|203979
48070|1299|7545|20473|47065|61574
559|57463|12735|206402
34177|1299|3356|28370|267608
4601|50869|6939|42695
8888|6939|1299|20473|214587
1299|6424|44592|49581|211507
22652|174|6461|394737
262427|174|35598|52091|48158
44324|32595|174|200435
327727|174|28189|266931|271615|273522|271150
37271|174|5459|200070
29222|6939|8943|43915
58308|6939|1299|9498|45609
40994|57463|12735|60847
6424|6939|28917|44056|57629
31122|174|13786|263047|267961
8220|1299|3356|14840|269288
15605|57463|12735|9000|7155
55222|1299|3356|16735|273514
57111|174|14840|269288
58308|6939|1299|4637|1221
52925|3356|174|3130|47065|61574
41666|57463|12735|43391|57844
42541|1299|3223|34224|12735
44324|32595|174|397301
28917|6939|1299|20335
8283|20764|52091|206810|202497
15562|2914|174|20723|2852|202874
553|13335|399532
23352|3257|6461|62000|212815|52053
42473|1299|35598|52091|206810|35273
917|60068|174|1299|6855|39904
50629|20764|52091|206810|56766
8298|25091|6453|174|399697|39967|399697
139317|44324|32595|174|398439
58308|6939|49418|213673
6730|6830|3257|60068|206406|210557
8455|28917|215730|209693
29222|6939|50629|49855
139317|44324|32595|174|19237
7195|33891|216067|44244
28917|6939|1299|8560
42473|1299|6939|28370|268198
12637|1299|56504|47674
559|35598|52091|206810|214721
28917|6939|1299|20473|215965
64475|57463|12735|8517|5474
52075|8455|8283|47065|61574
20514|1299|35598|52091|206810|214721|204108
34927|60011|3356|1299|6855|39904|202605
262427|174|35598|52091|206810|211101
15605|12637|6939|24796
140627|1299|3356|8119
6777|35598|52091|206810|214721|204108
6453|1299|29695|206557|204503
12859|57463|12735|208130
1257|1299|3920|206777
2734|57463|12735|206402
28917|6939|1299|30823|49418|206134
28917|6939|1299|7195|266409|61768|274675
4181|1299|29695|206557|204503
6424|174|60068|197103|212080
15605|31133|12389|28917|8905|42132|196698
50673|174|28283|268744|2716
37739|3491|174|11432|271150|272738
2734|57463|12735|51540
64475|6461|23352|20473|47065|61574
49028|1299|35598|52091|206810
49544|1299|20473|47065|61574
12859|6939|39790
174|35598|52091|206810|202497
60326|34872|24961|21320|5408|47065|61574
19653|30600|1299|35598|52091|206810|35273
22652|1299|35598|52091|206810|34786
20253|1299|3491|7162|13878|52468|60503|268746|61625
327727|174|210329|215728
56655|1299|174|1916|47065|61574
51519|39351|174|37468|270551|263047
34927|6830|60068|211571
48070|6939|196610|48927
58308|6939|6830|23520|272112|274072
3356|174|20473|47065|61574
29222|6939|41073
58308|6939|5405|200019
29222|6939|3170|211956
58308|6939|1299|39208
32590|1299|3920|206777
136557|174|3356|16735|273514
29222|6939|28917|20985
15605|12637|1299|6424|44592|49581|209693
28917|6939|1299|36352
40387|1299|6762|267470|263047
59890|60068|28917|215730|209693
48070|1299|174|204548|215728
4601|50869|34019|201080
14315|174|37468|61568|266460|61625
41666|13335|399532
48362|1299|56630|209944
58308|6939|7018|397602
328840|327727|174|13786|263047|266089|52793
15623|174|22381|267470|263047|264389
6461|1299|20473|399970
50300|3257|1299|3920|206777
210312|4601|6939|28917|47478
4601|8298|25091|1299|20473|47065|61574
210937|1299|174|22381|267470|263047|264389
132337|174|204548|215728
41327|13786|263047|267425
45352|174|204548|215728
40994|6939|50989|50683
28917|6939|1299|39567
20811|2914|174|20473|47065|61574
40387|1299|7195|28189|266931|271615|273522|271150
58308|6939|6830|23520|264821|271799
577|6461|62000|212815|52053
58308|6939|48070|204208|47272|214848
139317|44324|32595|174|32505|62917
20253|1299|10490|2722|12148|47065|61574
210312|4601|50869|211008
51786|15623|174|21320|5408|47065|61574
4601|50869|6939|200303
11039|6939|138997|216211|44324|215172|214955|59449
12637|35598|52091|206810|35273
139317|44324|32595|174|53667
3491|1299|35598|52091|59815|25299
1836|1299|6855|39904|47767
139317|44324|32595|174|30103
39392|174|3491|20473|47065|61574
41666|20764|52091|206810|12773|211692|196629
3320|1299|35598|52091|206810|202279
8283|206813|9136|1299|20473|206946
30600|1299|34927|202827
327960|327782|37100|174|5538|8194|29345
31742|1299|3356|28370
58308|6939|33891|211319
198385|15576|57463|12735|8517|31689
40994|6663|29049|49666|205647|49801|204533
45049|6696|2914|3257|28917|215730|209693
559|57463|12735|212757
58299|62255|52091|206810|56915
6730|6830|174|35598|52091|206810|214721
136557|174|21320|5408|50148
45049|6696|1299|174|140227|44324|205369
28917|6939|1299|11414
215596|62000|6777|559|200233
198385|15576|57463|12735|210021
52873|12956|1299|6855|39904
50877|5405|31133|51032|41344|39707
28917|6939|47160|203500|203352
6453|174|14840|269288
58308|35598|52091|206810|12773|213694
42473|1299|6762|267470|263047
19151|174|35598|52091|206810
58308|6939|6830|23520|263238|273196
1280|1299|3257|28917|215730|209693
52025|212895|210320
44324|32595|174|199335
20764|174|138997|216211|44324|205369
207841|6939|28917|9110
58308|6939|6830|200308
58308|6939|1299|7632|150923
3214|6453|174|22381|267470|263047|264389
19151|174|21320|5408|47065|61574
35600|35598|52091|206810|12773|47809|59478
50629|57463|12735|15830|201079
28917|6939|1299|35207
49788|12552|33891|44592|49581|209693
6424|9304|136237|174|137995
17350|6453|1299|34927|202532
7474|3257|174|3130|47065|61574
11039|6461|1299|4230|2716
6696|1299|9002|8772|396416
35598|174|210329|215728
8218|6461|1299|3920|206777
49434|5511|174|20473|47065|61574
28917|6939|56595|206324
7018|6939|50989|48116
210312|4601|50869|58299|49585
29691|1299|56504|47674
44324|32595|174|7413
35600|35598|52091|206810|202497
15605|56911|174|52468|262393
1103|6830|60068|211571
8280|6762|174|32595|44324
8455|1299|10490|2722|12148|47065|61574
513|29222|6939|268047
57695|917|60068|1299|20473|201423
1103|3257|1299|198949|35676
48362|1299|20473|47065|61574
29504|15935|174|35598|52091|206810
553|6939|2852|61110
553|62255|52091|206810|214721
553|1299|3356|8119
28917|6939|1299|23520|26505
58511|62000|212815|52053
49605|6762|1299|8551|44709
37271|174|14840|269288
328840|327727|174|13335|5408
2734|57463|12735|50875
1299|6453|8283|211321
49544|2914|174|210329|215728
139317|44324|32595|174|263167
58057|1836|1299|20473|399970
207841|6939|28917|21453|35271
40994|6939|28370|263535
29222|6939|200712
132825|174|3257|8551|44709
6424|6939|15372|203592
61049|174|60068|216213|205884
16347|1299|42303|51701|30893
1403|577|3491|5408|47065|61574
5413|1299|56630|209944
1299|35598|52091|44660
34927|52025|174|35598|52091|206810|35273
28917|6939|1299|8151|272329
262427|174|3257|60068|206406|210557
40994|6939|29222|204957
62167|174|60068|216213|205884
210312|4601|50869|214757|205941|202934
14907|12859|47065|61574
29222|6939|49418|212701
25152|2914|174|140227|44324|205369
9268|4764|1299|6855|50698
6894|174|2914|226|47065|61574
50673|174|60068|205884
23367|1299|7195|28189|266931|271615|273522|271150
2518|2516|3257|28917|215730|209693
213151|34927|174|20473|47065|61574
20764|174|60068|197103|212080
35600|35598|52091|206810|12773
58308|6939|5405|15498
55222|174|37468|61568|266460|61625
559|35598|52091|44660
57866|1299|6855|39904|199604
32590|174|399697|39967|399697
37100|1299|8551|44709
398465|1299|37468|53062|266493|61625
35600|50263|15935|51744|212325|206468
59891|13030|33891|60068|211571
210312|4601|50869|208453
39392|174|1299|3920|206777
29691|1299|174|204548|215728
6057|6424|44592|49581|211507
6830|6939|50989|33837
58308|6939|1299|16509|14618|54981
35008|1299|34927|202827
58299|62255|52091|206810|214210
132825|174|35598|52091|206810|35273
29222|6939|7018|25993
23352|2914|1299|198949|35676
58308|6939|28917|48610|57712
513|29222|6939|208453|213998
12779|174|1916|47065|61574
29680|3257|1299|198949|35676
34927|1299|3257|19318|201813
917|6939|138997|216211|44324|215172|214955|59449
57111|174|46427|64289|44592|49581|211507
58308|6939|1299|209255
31742|1299|35598|52091|44660
34800|29632|12859|47065|61574
50304|1299|6762|16735|273514
215596|174|13786|263047|267425
174|3257|25091|8298|4601|4492
202032|57463|12735|8517|12777
30600|1299|35598|52091|206810|24881|24697
6720|1764|3257|28917|215730|209693
47147|1299|3257|20473|47065|61574
47160|6939|24796|63293
5405|6939|58308
28917|6939|64475
58308|6939|1299|18678|273850
28917|6939|1299|273263
7018|1299|12555|212247
4181|1299|56630|209944
40994|6939|29222|41495|206202
139317|44324|32595|174|266445
15605|35598|52091|206810|57982
210937|1299|6762|267470|263047
29680|3257|1299|34927|202532
15935|174|6453|4755|7768
199524|1299|5511|60068|206406|210557
37271|174|22381|267470|263047|264389
28917|6939|1299|27947|272819
35598|174|3356|16735|273514
58299|8551|44709
32590|37100|33891|216067|44244
28917|6939|1299|28118|14789
6730|6830|1299|20473|399970
37721|33891|60068|211571
51519|39351|1299|8551|44709
15605|57463|12735|51540
60011|3356|9002|62000|212815|52053
6830|2914|20473|47065|61574
22652|1299|35598|52091|206810|39089
6908|174|22381|267470|263047
37271|174|204548|215728
51184|1764|174|60068|216213|205884
3257|174|399697|39967|399697
58308|6939|25400|21293
559|57463|12735|9215
28917|6939|1299|52468|271936
21412|1299|3920|206777
140627|2914|174|37468|61568|266460|61625
28917|6939|6830|33915
29075|1299|3216|51032|41344|39707
44324|32595|174|17185|25645
3257|174|13786|263047|268105
328964|23764|1299|35598|52091|206810|214721
6830|174|35598|52091|206810|39558
30781|6424|44592|49581|209693
12969|1299|20473|399970
6908|174|35598|25308|28917|204076
49028|1299|35598|52091|206810|59815
210312|4601|50869|41051|213249
35426|215596|1299|3356|8119
57777|8298|62000|212815|52053
41666|57463|12735|8517|44639
2500|2914|174|5538|8194|29345
33891|262999|272466
50673|174|13786|263047|267425
16552|1299|3356|28370|269016
22652|1299|37468|270551|263047
6424|9002|12555
58308|6939|8194|206362
51519|39351|174|10490|2722|12148|47065|61574
37239|22355|30844|21320|5408|47065|61574
41327|13786|263047|266089|52793
210937|6830|2914|20473|47065|61574
28917|6939|1299|36243
29222|6939|6424|208277
2734|57463|12735|214593
29222|6939|28917|35539
36924|1299|35598|52091|206810|211101
6762|1299|198949|35676
42473|9002|3356|174|140227|44324|205369
513|174|20473|47065|61574
513|29222|6939|61618|268492
3491|174|60068|211571
210312|4601|50869|58299|35206
139317|44324|32595|174|207866
139317|44324|32595|174|397903
1828|62000|212815|52053
202032|57463|12735|51559
42541|62255|52091|206810|57164
8660|1267|1299|6855|39904|202605
30844|5511|1299|3920|206777
139317|44324|32595|174|25829
398465|7922|1299|3920|206777
28917|6939|47160|213095
35600|21351|60132
263237|174|210|47065|61574
8298|25091|33891|60068|211571
327782|37100|1299|6939|51202|60742
6453|1299|201814|209896
40994|57463|41327|205051
12637|1299|7545|20473|47065|61574
28917|6939|1299|8151|270206
41666|20764|52091|206810|24881|24697
207841|6939|28917|12668|51883
58308|6939|208731
553|57463|12735|8517|8456
1299|174|210|47065|61574
29691|1299|8551|44709
917|60068|174|210329|215728
15547|3303|174|140227|44324|205369
23673|9900|23764|3356|1299|20473|399970
148968|7474|3257|1299|20473|47065|61574
23367|1299|35598|52091|206810|39558
205206|33891|13786|263047|269488
28917|20764|52091|206810|214210
4777|2497|174|8551|20473|47065|61574
20205|174|3130|47065|61574
4601|50869|213768|214161
2734|57463|12735|8517|212167
13237|1299|3356|28370|263060
59414|6830|6762|267470|263047
28917|6939|1299|20473|400586
6830|1299|60068|216213|205884
140627|1299|35598|52091|206810|59815|25299
34927|174|22381|267470|263047|264389
35600|35598|52091|206810|34786|34789|34786
58308|35598|52091|206810|48595
33891|264409|61832|266460|61625
3491|174|399697|39967|399697
58299|62255|62379
199524|174|3491|20473|47065|61574
58299|34927|202532
34854|13335|400095
48919|9002|21320|5408|47065|61574
139317|44324|32595|174|36741
210312|4601|50869|41051|25538
136557|174|35598|52091|206810|214268
25220|1299|3920|206777
28917|6939|1299|197308
29222|6939|7018|400005
31510|174|37468|53062|266493|61625
37053|37100|6762|174|37468|61568|266460|61625
57695|917|60068|174|20723|2852|202874
12859|1299|174|204548|215728
553|57463|12735|50875|34987
5405|62255|52091|206810|214268|196977
6424|6939|30893|13214
28917|6939|41073
23764|1299|34927|202827
6696|1299|6855|39904|47767
29222|6939|29208|34222
28917|6939|1299|7632|131728
3356|1299|33891|216067|44244
12307|29691|1299|6762|267470|263047
41722|20485|1299|6855|39904
12859|6939|25192|26710
202365|6939|138997|216211|44324|215172|214955|59449
23367|1299|35598|52091|206810|8274
199524|174|35598|52091|206810|202279
917|25369|1299|42303|51701|30893
28917|6939|1299|20473|207754
48919|174|52468|271150
2027|62000|41441|203729
4777|2497|174|37468|61568|266460|61625
6424|174|3356|28370|268521
35600|6939|50989|48116
6453|174|13786|263047|271068
6830|174|52468|271150
29075|174|3130|47065|61574
7660|2516|174|60068|205884
174|35598|52091|206810|210063
559|57463|12735|206192
58308|6939|33891|20830
35320|1299|198949|35676
139317|44324|32595|174|13999|273269
210312|4601|50869|58299|206470
20130|23352|2914|1299|1680|20473|47065|61574
215596|1299|3356|28370|267608
64475|1680|20473|47065|61574
328206|37739|3491|174|60068|197103|212080
37271|174|3130|47065|61574
58308|6939|1299|2586|12757
3170|6939|28917|24651
52025|1299|29695|206557
47147|1299|3257|28917|215730|209693
1273|174|32595|44324
2497|174|35598|52091|206810|211101
204092|33891|216067|44244
28917|6939|1299|23520|27665|27789
58308|6939|56595|206324|21433
210312|4601|50869|216096
139317|44324|32595|174|53667|210842
559|57463|12735|43391
202297|13335|399532
8283|29632|215536
52075|2914|3356|21320|5408|47065|61574
210312|4601|50869|41051|207852
50877|5405|6939|28370
19653|30600|1299|6855|39904|47767
29169|1299|198949|35676
4764|174|22381|267470|263047|264389
58308|6939|1299|31898|54253
29222|6939|62000|207879
15935|174|60068|216213|205884
28917|6939|1299|20473|206586
6762|174|1916|47065|61574
28917|6939|1299|27589|11110
174|3356|9002|12555
202297|23764|20485|35598|52091|206810|57164
210312|4601|7195|11432|271150
29222|6939|31319
61568|174|204548|215728
271253|6453|174|5538|8194|29345
213151|41051|57463|12735|51476
28917|6939|1299|21080
58308|6939|7018|395500
28917|6939|1299|60068|197103|329334
852|1299|35598|52091|206810|59815|25299
49544|3356|1299|201814|209896
12956|174|32595|44324
3130|174|35598|52091|206810|35273
34927|56655|1299|22773|8119
21232|13030|1299|6453|19318|201813
8220|1299|6855|39904|202605
58308|6939|29208|209135
202032|32787|202161
266213|3356|1299|6855|39904
35600|31564|174|35665|200906
680|2914|174|5538|8194|29345
58308|6939|33891|201035
139317|44324|32595|174|53667|210025
41327|6939|28370|268198
17350|6453|1299|6855|39904|202605
132825|174|7311|835|394273
34927|52025|1299|8551|44709
4764|1299|35598|52091|206810|214721|204108
44393|394256|174|12956|212721
42473|1299|35598|52091|206810|39558
559|57463|12735|42216|62425
8283|6939|28917
15605|35598|52091|48158
58057|34549|3257|174|20473|47065|61574
28917|6939|1299|21859|63473|213771
44324|32595|174|200165
4764|137409|62000|212815|52053
210312|4601|50869|34019|203432
15605|16276|203019
35600|57463|12735|8517|15843
37105|36994|1273|1299|20473|399970
3130|174|6762|49666|58224|214805
3356|1299|6424|44592|49581|209693
207841|6939|28370|268521
48070|1299|6762|16735|273514
58308|6939|49418|215590
20080|2914|174|3130|47065|61574
55720|9930|1299|33891|216067|44244
40994|6939|28917|6789
58308|6939|50629|207160|207510
14907|1299|21351|60132
12307|29691|33891|216067|44244
14907|1299|35598|52091|206810|202279
15576|57463|12735|209007
3356|1299|20473|201423
398465|1299|3356|8119
34019|9002|12555|48430
58308|6939|7018|40289
136557|174|35598|52091|206810|59815
139317|44324|32595|174|267613|13335
56655|1299|52320|7162|13878|52468|271150
4601|50869|58299|209898
28917|6461|23352|20473|47065|61574
139317|44324|32595|174|209847
20205|1299|8551|44709
58308|6939|12735|212805
5413|1299|34927|202532
12637|6939|207995
2734|57463|12735|15830|43352
57111|41327|174|52468|262393
2518|1299|3920|206777
12969|1299|3356|28370|28657
58308|6939|12735|57844
11845|37468|1299|198949|35676
58308|6939|1299|20473|205008
4601|50869|58299|59645
8529|1299|3920|206777
55222|174|3356|8119
12637|1299|37468|60068|216213|205884
58308|6939|33891|42008
210937|1299|37468|60068|216213|205884
59891|13030|1299|174|140227|44324|205369
327960|174|35598|52091|206810|202497
999|6453|174|60068|205884
29222|1299|8551|44709
207841|57463|12735|15830|43352
64475|62255|52091|206810
58057|174|35598|52091|206810|197643
12779|57463|12735|43391|57844
62000|41441|207113|329421
14907|5405|32787|202161
50304|1299|3356|28370|267556
48362|1299|3356|28370|268198
55222|174|35598|52091|59815|25299
1299|6939|50989
139317|44324|32595|174|400164
7720|10111|1299|8551|20473|47065|61574
20253|1299|35598|52091|206810|202497
57111|41327|13786|263047|52793
212024|20473|174|140227|44324|205369
5511|174|20723|2852|202874
44324|32595|174|206262
132825|174|60068|211571
6777|57463|12735|212549
196621|6939|2852|210367
20514|1299|35598|52091|206810|196638
36994|1273|174|20473|47065|61574
12779|6939|50989|205966
53828|2914|174|60068|205884
41327|7195|28343|2716
20055|174|35598|52091|206810|56915
23764|1299|35598|52091|206810
57866|1299|3223|41327
44324|32595|174|32505|46689
20514|1299|3356|28370|268198
132847|7474|3257|1299|20473|47065|61574
6082|174|35598|52091|206810|214268
210312|4601|50869|34019|209523
20253|1299|7195|28343|2716
210937|1299|3356|28370|269016
12637|1299|7195|28260|270548|52794|52659
58308|6939|268624|53245
20253|1299|174|210329|215728
3741|174|1299|6855|39904|47767
57777|8298|25091|1299|3223|34224|12735
23367|1299|3491|7162|13878|52468|60503|268746|61625
6894|174|13786|263047|262813
1273|174|1916|47065|61574
264409|174|204548|215728
6830|174|35598|52091|206810|48687
28917|6939|1299|20473|153057|153170
58308|6939|269688
15576|174|52468|262393
49544|1299|174|60068|205884
8283|2603|21320|5408|50148
44324|32595|174|51847|151338
48919|174|3356|60011|34927|208690
327727|174|13786|263047|269488
206356|50629|174|60068|205884
174|46475|57463|12735|203963
28917|6939|56595|202590
6082|174|11432|271150|272738
2027|62000|47498|212934
139317|44324|32595|174|28539
12779|6461|23352|20473|47065|61574
58308|6939|1299|20473|211224
28917|6939|54429
20055|174|13786|263047|267425
39351|174|204548|215728
136557|174|37468|61568|266460|61625
31510|174|7545|20473|47065|61574
44324|32595|174|63089
58308|59689|29075|1299|8551|44709
553|62255|52091|206810|34786
12859|57463|12735|15830|211686
207841|57463|12735|43391|51540
19151|174|14840|269288
22652|1299|35598|52091|206810|24881|24697
6830|3257|19318|209896
2734|58453|30990|174|37100|33765|327774
15605|6939|2852|200874
7500|2497|174|35598|52091|206810|59815
6894|174|3257|20473|47065|61574
2497|3257|28917|215730|209693
13830|971|174|22381|267470|263047
1267|1299|6453|19318|201813
139317|44324|32595|174|398343
44324|32595|174|397723
35426|215596|62000|41441|207113|329421
58308|6939|559
12969|1299|6855|39904
16552|1299|35598|52091|206810|24881
1299|6453|19318|201813
35426|215596|1299|198949|35676
40994|57463|12735|8517|8678
58308|6939|6830|23520|262191|27951
398465|1299|3356|28370|28657
8426|3257|174|22381|267470|263047|264389
2734|57463|12735|51559|42846
199524|174|35598|52091|206810|202497
1764|174|140227|44324|205369
398465|4826|1299|3920|206777
40994|6939|28370|269016
56662|13030|12859|47065|61574
50629|57463|12735|60707
41722|12389|1299|56630|209944
553|6939|2852|212876
35600|35598|52091|206810|12773|213694
15576|174|11432|271150
28917|6939|1299|210333
6082|174|35598|52091|206810|24881
4601|6939|28917|44812
28917|6939|1299|23520|263703|269820
58299|22356|28370|269016
328840|327727|174|6453|4755|7768
35598|174|399697|39967|399697
49028|1299|174|13786|263047|267961
41666|13335|5408
31510|174|56630|209944
23764|1299|35598|52091|206810|39558
17350|2914|174|204548|215728
40994|6204|208972|210538|6775|13030|4637|133398
327727|174|35598|52091|206810|56766
28917|6939|1299|209022
23367|1299|20473|201423
12637|6939|28917|39134
50629|6939|2852|212876
3491|1299|35598|52091|206810|48595
13030|1299|198949|35676
16552|2914|1299|35598|52091|206810|48595
58308|6939|553|212522|20940
1103|6830|174|5538|8194|29345
50629|20764|52091|206810|208435
48070|6939|29222|513
8283|23764|35168|212999
140627|1299|35598|52091|206810|210063
15605|20473|47065|61574
13237|1299|201814|209896
199524|174|34927|202827
28917|6939|1299|44332
29691|1299|34927|202827
139317|44324|7720|10111|1299|20473|47065|61574
58308|6939|33891|202524
28917|6939|1299|20473|26080
398465|1299|13335|5408
12779|174|140227|44324|205369
6908|174|3491|7162|13878|52468|60503|268746|61625
35280|2914|6424|44592|49581|211507
20514|1299|3491|7162|13878|52468|60503|268746|61625
17660|6453|174|50509|51032|41344|39707
8220|3491|174|37468|61568|266460|61625
204092|6939|28370|270962
6424|62255|52091|206810|211692|31069
3130|174|16276|203019
34854|1299|60068|216213|205884
8529|1299|60068|216213|205884
58308|6939|1299|32913
3170|174|3130|47065|61574
327960|174|3356|1680|44709
12779|8551|44709
16552|1299|6762|16735|273514
13786|22356|28917|215730|209693
12637|6939|30893
58308|6939|9136|34219
16552|2914|1299|35598|52091|206810|214721
136557|174|35598|52091|206810|56915
215596|62000|6777|42541|205235|208327
196621|6939|28370|268198
58308|6939|1299|26073|205479
15605|57463|12735|8517|24614
2516|174|60068|205884
2497|1299|20473|47065|61574
53828|2914|174|20473|47065|61574
57111|41327|22356|28370|268198
3170|6461|394737
29222|6939|29208|206785
8660|1267|1299|6453|19318|201813
44324|32595|174|24429
263152|264409|174|6453|4755|7768
57111|174|1299|8551|44709
59105|2518|1299|3920|206777
29222|6939|48678|47951
15562|2914|1299|6939|24796
398465|174|28283|268744|2716
6730|6830|3356|3223|34224|12735
28917|6939|1299|60354
210312|4601|50869|58299|216441
29222|6939|35168|197556|206026
28917|6939|1299|48851
198385|174|140227|44324|205369
6908|174|35598|52091|206810|59815|25299
58308|6939|47674
4181|1299|35598|52091|206810|5598
57381|50304|1299|20473|201423
23367|1299|35598|52091|206810|202497
50629|33891|216067|44244
5408|47065|61574
44324|32595|174|395748
174|3356|3223|41327
12637|2914|6424|44592|49581|211507
20205|1299|7195|28260|270548|52794|52659
58308|6939|263047|264923
63927|1299|198949|35676
139317|44324|32595|174|200315|57568
3216|1299|56504|47674
394256|174|3257|60068|206406|210557
58308|6939|1299|18734|13591
2734|3257|174|20473|47065|61574
28917|6939|62000|198825
207841|57463|12735|208594|202365
971|174|35598|52091|206810|214268
139317|44324|32595|174|207234
44324|32595|174|44222|210374
3214|1299|3257|20473|47065|61574
48070|1299|174|60068|205884
215596|1299|6762|267470|263047
47147|1299|33891|216067|44244
19653|30600|1299|35598|52091|206810|211101
59689|30781|33891|216067|44244
28917|6939|1299|20473|40138
2734|57463|12735|48737
2734|32098|28509|174|23520|28545
29222|6939|29670|48387
28917|6939|1299|20473|151418
35600|6939|28917|35539
58308|6939|1299|9141|39869|59491
41327|6939|59970
58308|6939|268624|262594|269603
28917|6939|209097
1273|1299|12859|47065|61574
58299|174|210|47065|61574
6730|6830|6762|16735|273514
210312|4601|50869|6939|393682
55720|2914|174|399697|39967|399697
559|35598|52091|206810|48595
28917|6939|29670|213997
25152|2497|174|21320|5408|47065|61574
58308|6939|1299|14080|270018
44324|32595|174|11805
6762|1299|29695|206557|205190
2497|174|399697|39967|399697
2516|1299|20473|47065|61574
1299|17676|216211|44324|205369
553|1299|3356|60011|34927|208690
64475|6939|2852|61110
207841|6939|50989
553|1299|6762|49666|58224|214805
6423|20055|174|34927|202827
328840|327727|174|13786|263047|52793
6423|20055|1299|6855|39904
6082|174|35598|52091|206810|35273
29632|9002|3356|1299|20473|47065|61574
205206|1299|20473|399970
58308|39801|199881
139317|44324|32595|174|60497
3491|1299|201814|209896
12779|62255|52091|206810|214721|204108
28917|6939|1299|62214
58299|62255|52091|206810|35273
5511|174|8551|20473|47065|61574
49028|1299|7195|11432|271150|272738
22652|1299|1680|20473|47065|61574
29222|6939|9136|208395
4777|2497|174|52468|271150
28917|6939|1299|23520|27696
327960|174|35598|52091|206810|8274
60068|1299|6424|44592|49581|211507
60503|6939|138997|216211|44324|215172|214955|59449
327960|174|35598|52091|206810|214721|204108
4764|1299|29695|206557|208835
12859|7195|28189|266931|269250|271150
34927|56655|1299|174|140227|44324|205369
29222|6939|271150
6424|6762|1299|6855|39904|202605
58308|6939|1299|40785
49028|1299|3491|7162|13878|52468|60503|268746|61625
58308|6939|1299|197190
6730|6830|1299|34927|202532
28917|6939|2852|48091
29075|174|210329|215728
34800|58057|50673|174|7311|835|394273
202032|57463|12735|48737
58308|6939|1299|56655|202986
12637|57463|12735|206192
8218|6461|174|37468|61568|266460|61625
19653|30600|174|210329|215728
1140|24785|6830|174|13786|263047|269680
4637|3257|1299|34927|202532
9268|4764|1299|35598|52091|206810|59815|25299
199524|174|1299|8551|44709
32595|174|1916|47065|61574
15623|1299|6453|29208
1836|3356|3257|28917|215730|209693
210312|4601|50869|34019|204092|202945
6720|1853|9002|62000|212815|52053
17660|2914|174|3130|47065|61574
327727|174|13786|28343|2716
19151|2914|1299|6855|50698
55720|3491|174|37468|61568|266460|61625
4601|50869|41051|215448
6894|174|13786|263047|268546
29504|39392|174|1299|198949|35676
15692|61049|52025|212895|210320
12552|12859|47065|61574
29222|6939|2852|199711
39351|174|60068|216213|205884
4601|50869|52025|212895|214533
6082|174|20723|2852|202874
59105|2518|2914|174|52468|271150
198249|137409|206216|215172|214955
12956|1299|29695|206557
327960|174|35598|52091|206810|5598
29222|6939|47160|205669
34927|1299|60068|197103|212080
204092|29632|59682
12859|6204|208972|210538|6775|13030|4637|133398
48362|1299|174|3130|47065|61574
12956|1299|13335|400095
5413|1299|6453|8283|200998
2500|2914|1299|35598|52091|206810|24881
1828|6424|44592|49581|211507
12859|1299|8551|20473|47065|61574
40994|57463|12735|9121|34478
3214|2603|21320|5408|47065|61574
32590|6461|6424|44592|49581|211507
56987|174|52468|262393
29222|6939|8194
49434|5511|1299|20473|47065|61574
39351|174|13786|263047|269488
328840|327727|174|6453|29208
6423|20055|1299|6855|39904|47767
15935|174|3356|16735|273514
196621|58115|21263|56984
12779|57463|12735|43391|214449
6830|1299|35598|52091|206810|214721
58308|6939|1299|33089
49605|6762|174|20473|47065|61574
266213|3356|174|3130|47065|61574
40994|6939|200303
50629|57463|12735|211682
28917|6939|1299|8551|714
8280|6762|174|34927|202827
553|57463|12735|205877
15935|174|35598|52091|206810|214721|204108
15576|57463|12735|31704
139317|44324|32595|174|210684
57381|50304|1299|174|3130|47065|61574
139317|44324|32595|174|397142
20253|1299|3356|28370|53079
34800|29632|9002|3257|28917|215730|209693
59105|2518|1299|198949|35676
19653|30600|1299|6855|39904
397131|60011|3356|3257|28917|215730|209693
29691|1299|17676|216211|44324|205369
174|2914|226|47065|61574
1280|1299|12956|212721
64475|9002|12555
51185|6762|1299|20473|399970
2516|1299|6424|44592|49581|211507
7473|1299|35598|52091|206810|196638
28917|6939|1299|20473|50827
204092|6939|50989
58308|6939|33891|202092
42541|1299|174|216211|211575
41327|21700|399914
35266|3257|5405|8943|200636
29504|6461|62000|212815|52053
35426|215596|174|3356|28370|28657
31742|1299|35598|52091|206810|48687
7018|2914|20473|47065|61574
136557|174|3130|47065|61574
7594|3356|3257|28917|215730|209693
210312|4601|50869|52025|214749
8220|1299|35598|25308|28917|204076
29504|15935|174|13786|263047|268546
210312|4601|50869|205369
8283|2914|13786|263047|271068
12779|174|13786|263047|264972
7594|137409|62000|212815|52053
60068|33891|62000|212815|52053
327782|37100|174|3130|47065|61574
56662|20473|2603|21320|5408|47065|61574
12779|57463|12735|8517|48811
12779|62255|62379
60068|1299|20473|47065|61574
3491|174|210|47065|61574
50629|9002|12555
15623|1299|2914|226|47065|61574
2914|1299|6855|50698
15605|57463|12735|60707|206271
48070|6939|42695|43101
266213|3356|1299|198949|35676
9268|4764|1299|201814|209896
5405|6939|42695|52011
58308|6939|1299|20473|51191
34019|61568|266460|61625
50629|6939|42695
58308|20764|43298|48678|213865
263237|174|21320|5408|47065|61574
139317|44324|32595|174|22850|64112|394353
24482|28917|215730|209693
59689|29075|1299|174|37468|61568|266460|61625
44324|32595|174|6405
58308|6939|1299|30404
12779|174|13786|263047|266089|52793
11845|30844|174|399697|39967|399697
7713|174|3356|9002|8772|396416
49432|48362|1764|28917|215730|209693
4764|1299|6855|39904|47767
3170|6939|28917|28907
50629|20764|52091|206810|197643
35600|57463|12735|60847
174|13335|400095
2734|57463|12735|8517|5474
41327|33891|216067|44244
34019|6939|28370|267608
7594|174|35598|52091|206810|35273
40994|57463|41327|197650
29504|39392|174|140227|44324|205369
398465|174|20473|30893
5413|1299|35598|52091|206810|59815|25299
35426|215596|174|13786|263047|269488
207841|6939|393682
6696|1299|8551|44709
58057|34549|52025|212895|210320
20130|23352|2914|174|37468|61568|266460|61625
28917|6939|1299|23520|272935|267705|271916
12859|57463|12735|8517|9095
28917|6939|1299|20473|63313
41666|13335|400095
41327|6939|30893|200690
3130|174|60068|197103|212080
7594|174|35598|52091|206810
28917|6939|1299|23520|27665
12859|1299|3356|28370|263963
34927|56655|1299|7195|28189|266931|269250|271150
13030|1299|8551|44709
7018|3356|28370|267556
20514|1299|35598|52091|206810|35273
6894|174|35598|52091|206810|202279
28917|6939|1299|20473|207755
20253|1299|8551|44709
32590|1299|174|140227|44324|205369
139317|44324|32595|174|396073
28917|6939|1299|34170|13335
6424|6939|28917|21453|199933
4764|1299|12956|212721
12637|57463|12735|51559|42846
52025|174|3356|28370|28657
28917|6939|15372
23673|9900|23764|3356|21320|5408|47065|61574
58308|6939|6830|23520|64126|265695|63293
40994|57463|12735|205893
139317|44324|32595|174|61506
4764|1299|35598|52091|206810|57164
12637|6939|2852|197277
1299|6939|28370
49028|1273|3216|51032|41344|39707
15576|57463|12735|8517|24922
12859|35598|52091|206810|56915
28917|6939|1299|60486
1299|3356|22381|267470|263047|264389
4601|50869|52025|214323
35710|3320|6830|60068|211571
28917|6939|1299|396993|50224
6830|1299|35598|52091|206810|59867
41666|57463|12735|47123
51786|15623|1299|198949|35676
199524|1299|6453|8283|207487|18607
139317|44324|32595|174|16637|36974|20940
32590|1299|34927|202532
64475|6939|138997|216211|44324|215172|214955|59449
47160|174|13786|263047|271068
199938|137409|62000|212815|52053
12859|57463|12735|8517|24922
559|35598|52091|206810|214721|204108
29222|6939|1299|9009
553|6939|50989|50683
6777|57463|12735|42216|51722|26383
44324|32595|174|399646|212532
28917|6939|1299|20473|14270
34927|1299|6461|210|47065|61574
28917|6939|1299|208905|199393
264479|6762|1299|29695|206557|204503
34177|174|37468|270551|263047
37100|174|216211|211575
28917|6939|1299|9141|39869
45049|6696|6939|138997|216211|44324|215172|214955|59449
35710|3320|3257|28917|215730|209693
6894|3257|1299|198949|35676
199524|1299|917|214598
6830|174|52468|262393
174|210|47065|61574
9002|1299|17676|216211|211575
4601|50869|6939|30893|199580
8283|20764|52091|206810|57460
8529|1299|3491|20473|47065|61574
58308|6939|1299|400767
12779|57463|12735|8517|205782
28917|6939|1299|200478
8529|1299|60068|197103|212080
25160|6424|44592|49581|209693
23367|1299|3216|51032|41344|39707
39392|33891|137409|206216|215172|214955
140627|2914|174|204548|215728
559|57463|12735|3188
2518|1299|35598|52091|206810|213694
13786|174|210329|215728
11039|4901|11537|20965|5408|47065|61574
57111|174|2914|20473|47065|61574
3130|174|137409|62000|212815|52053
207841|20764|43298|48678|205463|213799
57111|174|3257|20473|47065|61574
58308|6939|138997|216211|44324|215172|214955|59449
205112|50629|6461|23352|20473|47065|61574
41666|20764|202984|35598|25308|28917|9049|51017
264409|174|1299|8551|44709
50629|1299|7545|20473|47065|61574
48070|57463|12735|211682
50629|1680|44709
40994|57169|5580|1299|57169
51786|15623|1299|174|140227|44324|205369
58308|6939|6830|23520|262199
328512|5713|174|12956|212721
20612|8758|3303|28917|215730|209693
34854|1299|60068|197103|212080
21232|15576|35598|52091|44660
29680|174|35598|52091|206810|24881
28624|3356|1299|3920|206777
12779|35598|52091|206810|214268|197578
2734|28283|268744|2716
34927|52025|174|35598|52091|206810|213694
21232|15576|174|204548|215728
2500|2914|174|20473|47065|61574
328206|37739|3491|3257|28917|215730|209693
174|32787|202161
29075|1299|60068|197103|212080
132825|174|35598|52091|206810|214721
61218|29632|9002|3257|28917|215730|209693
6777|57463|12735|43391|201178
199938|1299|3356|28370|267608
28917|6939|62000|198831|212133
28917|6939|32097|64236
3257|1299|20473|47065|61574
196621|6939|28917|47759
59890|174|137409|206216|215172|214955
12779|29632|215536
35360|6424|44592|49581|209693
22652|33891|44592|49581|209693
199524|1299|33891|216067|44244
64475|6939|28917|39238
35426|215596|62000|6777|559|200233
56655|1299|3356|22381|267470|263047|264389
15605|57463|12735|15830|34296
50629|6461|137409|206216|215172|214955
559|57463|12735|29088
58308|6939|2852|202874
50629|57463|12735|15830|198417
3170|6939|28370|270962
31510|174|2914|20473|47065|61574
6082|174|210|47065|61574
28917|22356|28370|53079
4601|50869|199310|210352
398465|4826|1299|8551|20473|47065|61574
58057|50673|174|1299|20473|399970
6461|174|210329|215728
199524|174|28283|268744|2716
6830|3356|53062|266493|61625
6424|7195|28343|2716
24961|28917|215730|209693
55222|174|35598|52091|206810|214268|197578
11039|6461|1299|201814|209896
8455|1299|6453|8283|211840
58308|6939|1299|396122
20764|8359|1299|20473|399970
20253|1299|42303|51701|30893
31742|174|1916|47065|61574
44324|32595|174|211211
12779|35598|52091|206810|214721|204108
58308|6939|1299|394353
42473|1299|3216|51032|41344|39707
15605|57463|12735|29399
51873|6830|1299|3920|206777
58057|50673|174|1916|47065|61574
20514|1299|7195|28283|268744|2716
28917|20764|52091|206810|39089
3320|1299|4230|2716
1764|5405|61568|266460|61625
51519|39351|12859|47065|61574
35008|1299|7195|28260|270548|52794|52659
52873|12956|174|20473|47065|61574
213151|34549|1299|3920|206777
51184|1764|174|21700|399914
17350|6453|1299|42303|51701|30893
2497|2914|6424|44592|49581|211507
39122|1299|7545|20473|47065|61574
28917|6939|1299|57660
14907|1299|37468|52468|262393
58308|6939|1299|63473|18909
29222|6939|48070|60894
12779|6939|30893|13214|35634
139317|44324|32595|174|210156
35600|30781|1299|6855|39904|202605
58299|62255|52091|206810|202497
207841|61049|174|22381|267470|263047|264389
28917|6939|1299|20473
28917|6939|1299|20473|200510
57111|41327|215551|30893
398465|4826|1299|20473|47065|61574
7018|6453|4755|7768
4601|14840|269288
38136|6939|138997|216211|44324|215172|214955|59449
210312|4601|6939|28917|12668
140627|1299|35598|52091|206810|56766
8220|1299|35598|52091|206810
139317|44324|32595|174|42366|212799
553|6939|54429
262427|174|56630|209944
28917|6939|1299|200217
19151|174|37468|61568|266460|61625
48362|1299|3356|8119
210312|4601|50869|6939|42695
3170|174|1299|198949|35676
58308|6939|7018|401671
35600|44592|49581|209693
971|174|46427|64289|44592|49581|209693
50629|57463|12735|43391|57844
139317|44324|32595|174|1097
29222|6939|28917|39238|49392
57695|917|60068|1299|3223|34224|12735
29222|39801|60983
12859|6939|28370|263060
1273|174|140227|44324|205369
199524|174|6453|4755|7768
398465|174|8551|20473|47065|61574
559|57463|12735|203963
41666|20764|52091|206810|56915
64475|50629|3356|174|20473|47065|61574
50629|57463|12735|206192
45352|174|3356|28370|28657
28917|20764|52091|206810|214268|197578
15605|57463|12735|8517
15576|35598|52091|206810|56915
4601|50869|211008
15576|174|60068|216213|205884
28917|6939|7018|54097
60011|3356|1299|20473|399970
48070|6939|28917|24651|39900
7195|33891|44592|49581|209693
29222|6939|273556
35280|1299|6855|39904|199604
50629|57463|12735|216385
28917|6939|1299|262206|27773
3257|28917|215730|209693
58308|6939|1299|59796|39010
137409|174|5538|8194|29345
2500|2914|174|11432|271150|272738
12637|57463|7713|1299|56308
29632|9002|3356|174|20473|47065|61574
207841|6939|2852|201648
209|3356|174|21700|399914
6830|60068|211571
17350|3356|1299|3920|206777
4601|50869|204931
50304|1299|5511|60068|206406|210557
37497|3491|5408|47065|61574
24785|6830|174|11432|271150|272738
12859|57463|12735|8517|42626
48919|174|210329|215728
139317|44324|32595|174|397723
50673|174|7195|20473|47065|61574
7018|6939|2852|210367
58308|6939|199081|209847
58308|6939|1299|213138
52320|1299|20473|201423
28624|3356|1299|6855|39904
34927|56655|1299|7195|28189|266931|271615|273522|271150
28917|6939|1299|30823|215730
39120|174|6461|394737
28917|6939|1299|53334
58308|6939|1299|25400|49082|204224
209|3356|21320|5408|47065|61574
3491|174|35598|52091|44660
4601|50869|6939|50989|205966
58308|6939|6823
394256|174|60068|211571
44324|7720|10111|1299|3920|206777
207841|6939|50989|48116
14907|1299|3223|41327
28917|6939|3170|212806
139317|44324|32595|174|48266|61112
271253|6453|174|1916|47065|61574
210312|4601|50869|6939|50989|205966
6424|6762|1299|3920|206777
29680|174|14840|269288
58308|6939|1299|396993|15353
327960|327782|5511|174|8551|20473|47065|61574
42473|1299|8551|44709
28917|6939|1299|16863
57866|1299|34927|202532
29222|6939|48678|44547
1273|174|21700|399914
59105|2518|33891|44592|49581|209693
40387|1299|29695|206557
199524|174|3257|9498|20473|47065|61574
28917|6939|48070|60894
215596|1299|6855|39904
151326|174|22381|267470|263047
40994|174|35598|52091|206810|48595
24961|1299|12956|212721
29222|6939|30893
20253|1299|7195|11432|271150
28917|6939|1299|23520|272112|274072
58308|6939|1299|36352|40092
28917|6939|1299|20473|211024
59103|2907|20965|5408|47065|61574
12859|1299|174|21700|399914
28634|4230|1299|29695|206557|204503
35600|35598|52091|206810|24881|24697
139317|44324|32595|174|57961|205140|14789
20514|1299|35598|52091|206810|214268|197578
35600|30781|33891|60068|211571
50300|174|52468|262393
20253|1299|6057|28283|268744|2716
34927|52025|174|5511|49666|58224|214805
4764|174|22381|267470|263047
210312|4601|6939|28917|39134
58308|6939|1299|213291
34927|1299|35598|52091|206810|59815|25299
2734|13786|263047|266089|52793
20080|2914|1299|35598|52091|206810|202279
12637|57463|12735|214593
59891|6939|1299|20473|399970
51088|8455|1299|3920|206777
33891|212815|52053
28917|6939|1299|23520|264821|271799
12859|57463|12735|43391|201178
50877|5405|6939|30893|200690
58308|6939|1299|63473
2027|47160|174|20473|47065|61574
5413|1299|201814|209896
28917|6939|8194|51955
8426|6777|57463|12735|48737
39122|1299|6939|2852|61110
328840|327727|174|14840|269288
1273|1299|6855|50698
12859|57463|12735|15830
28917|6939|1299|3301|2799
28917|6939|1299|394380
6777|57463|12735|43391|50941
59890|28917|215730|209693
28917|6939|6830|23520|272935|274105|274027
204092|6939|28917|6789|48004
59105|2518|2914|174|37468|61568|266460|61625
327983|37497|3491|174|10490|2722|12148|47065|61574
151326|174|35598|52091|206810|210063
52320|1299|17676|216211|211575
48070|6939|28917|204623
8283|6939|59689
61568|174|20473|47065|61574
199524|1299|6453|8283|211840
35008|1299|3356|20473|47065|61574
8218|33891|60068|211571
41666|20764|52091|206810|211101
28917|6939|1299|23520|262191|27951
29075|1299|8551|44709
44324|32595|174|20459
58308|6939|1299|16733
64475|62255|52091|206810|56766
20205|1299|3356|1680|44709
199938|1299|6762|49666|58224|214805
136557|174|46475|57463|12735|203963
59891|13030|1299|174|204548|215728
3491|174|35598|52091|206810|196638
210312|4601|50869|6939|28370|269016
64475|20473|47065|61574
29222|4601|4492
3320|1299|37468|53062|266493|61625
34549|1299|3920|206777
12859|6461|17378|8119
215596|1299|3257|28917|215730|209693
6423|20055|174|35598|52091|206810|57164
20932|12859|47065|61574
59414|6830|3257|21034
34019|137409|48011|25184|49801|204533
202365|50673|12859|47065|61574
8220|1299|35598|52091|206810|34786
20253|1299|6453|8283|211321
28917|6939|1299|3301|203158
209|3356|1299|8551|44709
6939|1299|20473|214587
174|35598|52091|206810|35273
2907|20965|5408|47065|61574
6696|1299|174|21320|5408|47065|61574
12969|1299|3356|16735|273514
139317|44324|32595|174|393684
28917|6939|52838|269035
58057|174|50509|51032|41344|39707
271253|6453|174|3130|47065|61574
1273|174|56630|209944
49432|48362|1299|174|20473|47065|61574
8426|6777|57463|12735|9121|34478
174|6762|16735|273514
559|57463|12735|15830|201079
58308|6939|50629|207252|216267
15623|1299|1680|20473|47065|61574
7473|1299|34927|202532
15605|57463|12735|43391|209853
56987|174|210329|215728
49028|1299|3356|28370|263963
215596|174|11432|271150|272738
56655|1299|5511|60068|206406|210557
20253|1299|1680|20473|47065|61574
40994|57463|12735|15830|215555
15605|57463|12735|15830|47952
7473|1299|35598|52091|206810|202279
28917|6939|7018|54495
12307|29691|1299|174|3130|47065|61574
53828|2914|174|35598|52091|206810|39558
6894|6424|44592|49581|209693
3741|174|3257|19318|201813
16347|1299|6762|49666|58224|214805
37497|174|13786|263047
21412|1299|8551|44709
28917|6939|7018|26830
34927|52025|174|35598|52091|206810|48687
29222|6939|7018|401763
139317|44324|32595|174|398843|401431
51088|2914|174|399697|39967|399697
210312|4601|50869|34019|205816
5413|1299|35598|25308|28917|204076
559|6939|28370
48919|174|216211|211575
28917|20764|52091|206810|196638|42702
7018|1299|37468|270551|263047
64475|6461|62000|212815|52053
64475|57463|12735|42216|62425
58308|6939|29222|41495|206202
58308|6939|7018|25996
174|35598|52091|206810|39089
58308|6939|35133|50917|214677|212085
28917|6939|1299|14080|270018
7594|174|140227|44324|205369
553|57463|12735|8517|9095
398465|1299|35598|52091|206810|39558
28917|22356|28370|269016
2497|174|22381|267470|263047
210312|4601|50869|34019|201080
58308|6939|50629|207252|200229
206356|50629|1299|20473|201423
12637|57463|12735|43391|209853
35600|6939|28917|48084
48185|1299|20473|201423
139317|44324|32595|174|61081
8220|1299|3223|41327
3130|174|34927|202827
58308|6939|1299|5056|20273
41666|20764|52091|206810|35273
28917|6939|1299|12876
20080|2914|1299|35598|52091|206810|214721|204108
40387|1299|60068|211571
28917|6939|1299|22611|3842
4777|2497|1299|35598|52091|206810|35273
44324|32595|174|6400
24785|1299|8551|20473|47065|61574
513|29222|6939|268944
39122|1299|3356|16735|2716
4601|50869|52025|203704
8283|20764|52091|206810
34549|1299|56630|209944
41051|50263|44592|49581|209693
4601|50869|214508
971|174|35598|52091|206810|213694
52075|6461|62000|212815|52053
34927|56655|1299|3356|8772|215536
3320|1299|35598|52091|206810|48687
28917|6939|1299|34305
64475|62255|52091|206810|12773|47809|50780
50629|1299|6855|39904
22652|174|3356|28370|28657
58299|62255|52091|206810|57982
971|174|201814|209896
8426|6777|57463|12735|15830|137922
49788|174|12389|49666|205647|49801|204533
151326|174|35598|52091|206810|24881
139317|44324|32595|174|63154
15576|57463|12735|201978|208425
5405|62255|52091|206810|59815
394256|174|3356|60011|34927|208690
22652|1299|29695|206557|205190
199524|37100|1299|6855|39904|202605
34927|1299|35598|52091|206810|5598
41666|20764|52091|206810|56766
29479|50304|1299|201814|209896
12859|1299|60068|216213|205884
12779|35598|52091|206810|8274
17350|2914|1299|35598|52091|206810|214721|204108
15605|12637|6939|33924
20080|2914|1299|33891|216067|44244
196621|6939|42695|43101
3491|174|35598|52091|59815|25299
6424|6939|28370|264426
58308|6939|30893|205563
29504|28917|6768|59514|48693|213137
28917|6939|1299|23520|263703|271855
139317|44324|32595|174|22381|270442
174|13786|263047|264982
264479|6762|1299|6855|39904|47767
17350|6453|1299|1680|20473|47065|61574
2518|1299|6855|39904|202605
28917|6939|1299|5518|12578|208995
12779|57463|12735|206402
28917|6939|29670|49933
17350|6453|174|20723|2852|202874
28917|6939|1299|23520|269804|269893
3701|174|35598|52091|206810
40994|6939|29222
29222|6939|29670|212520
2734|58453|30990|174|30844|328436
37271|174|5538|8194|29345
6424|6939|28917|39153
12350|1299|3356|28370|263963
58057|50673|174|21320|5408|47065|61574
328840|327727|174|13786|263047|61826
14907|1299|174|140227|44324|205369
4601|50869|214757|216401
2734|21859|138415|4229|1299|3356|41095|17561
12637|35598|52091|206810|196767
50629|57463|12735|210021|211181|208293|212330|21245
58308|6939|42184|48352
28917|6939|1299|7545
398465|174|20723|2852|202874
28917|6939|262485
58308|6939|28370|263060
398465|1299|3356|28370|269016
210312|4601|6939|28917|47759
53828|2914|174|35598|52091|206810|214721
20205|1299|4230|2716
1140|24785|6830|3356|28370|267608
328964|3491|1299|35598|52091|206810|35273
398465|1299|6855|39904|202605
28917|6939|1299|400475
16552|1299|174|14840|269288
58308|6939|196945
28917|6939|1299|393559
58308|35598|52091|206810|50204
199938|1299|174|20473|47065|61574
7018|6939|33924
1031|137409|62000|212815|52053
14907|1299|3223|34224|12735
6894|33891|44592|49581|209693
3216|1299|3223|34224|12735
139317|44324|32595|174|13693
59890|60068|1299|20473|399970
28917|6939|1299|23520|11556|52336
5405|6939|25192|20701
8283|6939|29222|41495
199524|1299|13335|400095
2734|3257|174|21320|5408|47065|61574
3491|1299|34927|202532
58057|50673|174|138997|216211|44324|205369
4601|50869|6939|196610
58308|6939|1299|61273
48200|6762|174|20473|47065|61574
29075|1299|10490|2722|12148|47065|61574
58308|6939|5405|57575
31510|174|52468|271150
398465|174|3356|8772|215536
4764|1299|25091|8298|4601|4492
271253|6453|2914|12859|47065|61574
12859|35598|52091|206810|12773|47809|59478
3130|174|210329|215728
30844|3257|1299|20473|201423
49028|1299|6939|28370|268198
58308|6939|199081|209847|215540
35600|30781|1299|6855|39904|199604
34019|47160|174|8551|20473|47065|61574
9044|1299|174|210329|215728
4601|50869|205929
6908|1299|6855|39904
5392|3356|174|20723|2852|202874
28917|6939|1299|20473|398223
28917|6939|1299|21976
29222|6939|271150|272738
559|35598|52091|206810|12773|52213
28917|6939|1299|11664|20002
28917|6939|1299|16552
44324|32595|174|42366
2734|57463|12735|8517|8456
28917|20764|52091|206810|214721|204108
28917|6939|1299|208905|208666
4181|1299|201814|209896
139317|44324|32595|174|393770
35600|57463|12735|42216|34296
32590|1299|35598|52091|44660
41666|57463|12735|47190
40994|174|52468|262393
206356|50629|28917|215730|209693
64475|6939|28370|28657
58308|6939|1299|42473
210312|4601|50869|52025|212895|203766
12779|35598|52091|206810|24881
15576|57463|12735|206556
3701|3356|1299|6855|39904|202605
20932|1299|174|37468|61568|266460|61625
174|35598|52091|206810|59867
19653|2914|6424|44592|49581|209693
553|1299|6453|19318|209896
14630|137409|62000|212815|52053
52075|33891|216067|44244
4764|1299|8943|200636
17660|6453|3257|28917|215730|209693
6830|6939|15372
3491|1299|35598|52091|206810|211101
6730|6830|3356|8772|215536
35280|1299|6855|39904|202605
199524|1299|35598|52091|206810|57164
199938|1299|3491|20473|47065|61574
34019|6939|33924
852|174|28189|266931|269250|271150
199938|1299|56504|47674
55222|174|35598|52091|206810|213694
49788|174|210329|215728
56655|1299|3356|8119
6830|1299|56630|209944
4601|6939|28917|206011
5511|174|11432|271150|272738
49788|12552|8283|47065|61574
47147|1299|7195|11432|271150|272738
12859|137409|48011|25184|49801|204533
202032|57463|12735|47123|24944
48362|1299|174|140227|44324|205369
680|1299|22773|8119
42541|33891|216067|44244
50629|1299|3920|206777
139317|44324|32595|174|395500
35426|215596|1299|4230|2716
32590|4637|6830|34927|202827
58308|6939|1299|204805
12859|57463|12735|60946
12859|35598|52091|59815|25299
513|29222|6939|1299|9009
34854|1299|35598|52091|206810|214210
8426|33891|60068|211571
207841|57463|12735|29399
58308|6939|6830|23520|262202|52392
12637|55685|1299|7713|141630
14907|1299|35598|52091|206810|214721
4601|50869|41051|47509
58308|6939|1299|51057
64475|3320|3257|28917|215730|209693
39122|1299|6939|33924
917|25369|174|22381|267470|263047|264389
6830|6939|24796|63293
49544|1299|20473|201423
34927|52025|174|35598|52091|206810|59867
50629|57463|12735|51559|42846
28917|6939|1299|23520|11556
206356|50629|3356|21320|5408|47065|61574
4181|1299|6453|1031|61568|266460|61625
14630|2914|3356|21320|5408|47065|61574
3491|174|60068|205884
28917|6939|6830|23520|262191|274247
4601|7195|11432|271150
44324|32595|174|8926
58308|6939|6424|203020
50629|20764|52091|206810|48595
19151|174|56630|209944
41722|12389|1299|60068|197103|212080
6667|33891|216067|44244
12956|174|11432|271150|272738
55222|174|13786|263047|262813|265917
22652|1299|35598|52091|206810|59867
3399|5511|174|13786|263047|269488
14537|174|3130|47065|61574
12859|57463|12735|43391|44620
196621|6939|60432
39122|174|399697|39967|399697
49028|35280|6453|174|140227|44324|205369
15576|57463|12735|48737
202032|57463|12735|29399
3170|174|22381|267470|263047|264389
57381|50304|28917|215730|209693
2518|2914|174|20473|47065|61574
3701|3356|1299|34927|202532
19151|6939|138997|216211|44324|215172|214955|59449
50877|5405|1299|174|37468|61568|266460|61625
139317|44324|32595|174|21826
4764|1299|35598|52091|206810|196638
210937|1299|3491|7162|13878|52468|60503|268746|61625
4601|6939|28917|6789
35600|57463|12735|210021
28917|6939|1299|30517|46293
60068|33891|6461|394737
7474|137409|62000|212815|52025|212895|210320
6830|6939|58308
8426|3257|1299|3920|206777
8283|6939|28370|268521
28917|6939|1299|20473|18257
6777|57463|12735|51540|206991
58308|6939|1299|3249|206714
48919|174|6453|29208
29222|6939|5405|400731
139317|44324|32595|174|265609
58308|6939|29670|48387
17350|2914|6424|44592|49581|209693
8283|6762|52468|271150
30600|1299|6855|39904|199604
35426|215596|1299|60068|197103|212080
58308|35598|52091|206810|214268|197578
8220|1299|3356|22381|267470|263047|264389
41666|57463|12735|8517|206887
44324|32595|174|15695
16347|1299|3223|41327
58308|6939|5405|48918
29222|6939|47160|203698|206967
215596|1299|12859|47065|61574
28634|4230|1299|29695|206557|208835
6830|3491|209810|207187|205044
28917|6939|1299|23520|28088
2914|174|60068|216213|205884
210937|1299|33891|216067|44244
8529|1299|6762|49666|58224|214805
196621|6939|2852|213152
28917|6939|1299|270179
34288|1299|3356|28370|269016
35600|35598|52091|206810|214721|204108
44324|32595|174|11172|273278
199524|1299|37468|52468|271150
50629|57463|12735|212549
34854|1299|6762|16735|273514
28917|6939|1299|210909
44324|32595|174|210477
3491|174|35598|52091|206810|214721
28917|6939|208453|200242
6461|174|52468|271150
13030|62000|212815|52053
58057|174|20723|2852|202874
57695|917|60068|1299|3920|206777
1836|174|204548|215728
2497|1299|35598|52091|206810|5598
207841|57463|12735|15830|137922
174|3257|60068|206406|210557
293|3356|1299|20473|47065|61574
32590|12956|174|20473|47065|61574
55222|174|6461|394737
50673|33891|3223|41327
48919|174|52468|262393
8529|1299|6855|39904|47767
58299|49581|211507
139317|44324|7720|10111|1299|8551|20473|47065|61574
6082|137409|62000|212815|52053
47160|6939|33924
58308|59689|29075|174|52468|262393
12350|1299|3356|28370|28657
58308|6939|6830|23520|264821|274129
2734|57463|12735|47123|199419
55720|2914|1299|6855|39904
35369|5405|6939|28370|269016
139317|44324|32595|174|263009|52559|274658
50877|5405|1680|20473|47065|61574
5405|14840|2716
28917|6939|1299|54103
12350|1299|3356|28370|267556
8529|1299|56630|209944
3356|216211|44324|215172|214955|199518
58308|6939|202297|210951
23673|3356|174|204548|215728
39351|1299|198949|35676
15576|57463|12735|208594
32590|1299|35598|52091|206810|196638
49788|6939|138997|216211|44324|215172|214955|59449
6424|268746|61625
44324|32595|174|16437
52025|174|35598|52091|206810|202497
4601|50869|44324
559|57463|12735|15830|47952
57381|42708|28917|215730|209693
60068|1299|17676|216211|211575
58308|6939|25400
41666|20485|49505|50340|1299|30633
58308|6939|29670|207510
6830|3356|16735|266931|269250|271150
12779|6939|28370|269016
29222|6939|21430|199220
4601|57463|12735|48737
51786|15623|174|204548|215728
6830|6939|2852|61110
35600|35598|52091|206810|39089
852|174|28189|266931|271615|273522|271150
4764|174|13786|263047
206356|50629|215551|30893
51519|39351|1299|6855|39904|47767
19151|2914|1299|6855|39904
28917|6939|1299|20473|151361
8283|3491|38001|25192
15547|174|37468|270551|263047
6830|3356|64289|44592|49581|211507
28917|6939|1299|198785
4601|6939|28917|21453|41783
12779|6939|28370|267608
41095|6830|34927|202827
8220|1299|3223|34224|12735
16552|1299|35598|52091|206810|34786
58308|6939|7018|2685
13030|1299|3356|1680|44709
49544|3356|1299|20473|47065|61574
58308|35598|52091|206810|34786
39392|174|3130|47065|61574
49028|1299|7195|28189|266931|269250|271150
12956|174|21320|5408|47065|61574
39122|1299|6855|39904|202605
12859|57463|12735|8517|8456
61568|6762|1299|6855|39904|199604
4601|50869|54148
42473|9002|62000|212815|52053
29222|6939|49418|213893
202032|57463|12735|8517|31689
47147|1299|174|13786|263047|267961
553|6939|50989|33837
204092|6939|2852|197451
28917|6939|1299|396356
25152|2914|174|210329|215728
8283|20764|52091|206810|57982
58299|62255|52091|206810|12773|44884
6908|1299|8551|44709
28917|6939|1299|23520|27884|265735
28917|6939|1299|25899|63386
29222|6939|50989|48116
58308|6939|5405|215389
559|57463|12735|212805
971|174|13786|28343|2716
57381|50304|1299|60068|216213|205884
4181|1299|6855|50698
28917|6939|1299|141039
4601|50869|6939|29222|41495
6424|174|35598|52091|206810|59815
3130|174|137409|206216|215172|214955
15605|57463|12735|29088
327983|37497|1299|6855|39904|47767
174|6762|1680|44709
48362|137409|62000|212815|52053
12779|62255|52091|206810|48687
47147|3320|1299|60068|197103|212080
55720|2914|1299|35598|52091|206810|59867
1299|9002|8772|215536
44324|32595|18423|137409|6461|1299|25091|8298|4601
57381|6939|1299|20473|399970
20055|174|20723|2852|202874
263152|174|7545|20473|47065|61574
57111|41327|20764|43298|48678|213865
14907|1299|3356|28370|53079
216285|8280|6762|1299|22773|8119
1836|1299|20473|47065|61574
24516|174|3257|21034
2734|57463|12735|42216|51540
1764|174|60068|216213|205884
3701|3356|1299|3920|206777
58308|6939|196610
41327|6939|33924
199524|174|1916|47065|61574
999|6453|174|13786|263047
12637|6939|42695
6830|1299|17676|216211|44324|205369
51185|6762|3257|28917|215730|209693
51873|6830|3356|8551|44709
53828|2914|174|35598|52091|206810|196638
6777|57463|12735|208594|202365
204092|50263|15935|51744|212325
216285|8280|6762|174|56630|209944
28917|6939|1299|21277|212573
15547|174|399697|39967|399697
39351|174|3257|20473|47065|61574
3399|5511|174|11432|271150|272738
39801|5511|174|21700|399914
398465|3320|1299|37468|53062|266493|61625
1299|29695|206557
58299|62255|52091|206810|57460
35600|57463|12735|8517|1967
28917|6939|1299|59796|39010
64475|6939|28917|48084|199961
28917|6939|48070|204208|47272|214223
5405|8943|200636
553|33891|60068|211571
34854|1299|3356|28370|267608
210937|1299|21351|60132
41666|57463|12735|8517|211249
136557|174|6762|49666|58224|214805
20130|23352|3257|6461|62000|212815|52053
3170|6939|29222|207688
6424|62255|52091|206810|57164
5405|62255|52091|206810|24881|24697
2914|174|60068|205884
6908|174|140227|44324|205369
199524|174|201814|209896
174|35598|52091|206810|214721|204108
59919|12779|28283|268744|2716
63927|1299|3356|8119
15605|57463|12735|15830|211686
6082|174|35598|52091|206810|59867
20055|1299|6855|39904
35008|1299|3356|16735|2716
34927|52025|3257|28917|215730|209693
328840|327727|174|13786|263047
28917|6939|1299|20473|214610
198249|9002|8772|215536
28917|6939|1299|39855
139317|44324|32595|174|10578
48070|6939|28370|264426
139317|44324|32595|174|7195
12859|2603|8674|1299|21859|24406
40994|6939|28917|12668|51883
58308|6939|7018|16816
199938|1299|3356|8119
205206|1299|6453|4755|7768
20253|1299|6453|8283|213576
34927|52025|1299|29695|206557
28634|4230|1299|6855|39904|199604
41666|20764|52091|206810|197643
49432|48362|1299|3356|28370|267608
20514|1299|34927|202827
35600|57463|12735|42216|51540|206991
202032|57463|12735|8517|44639
24961|1299|20473|47065|61574
50629|6939|393682
57866|6830|174|399697|39967|399697
14907|1299|3356|28370|263963
15935|174|3257|60068|206406|210557
58308|6939|48678|209828
13237|1299|174|22381|267470|263047|264389
7195|3257|28917|215730|209693
58308|6939|5405|204704
24961|1299|174|37468|61568|266460|61625
20764|8359|1299|6855|39904
55222|1299|6855|39904
12779|57463|12735|15830
50628|1299|10490|2722|12148|47065|61574
58308|6939|6830|23520|272942|269893
28917|6939|1299|33749
8359|1299|8551|44709
3216|8359|28917|215730|209693
3130|174|13786|263047|262813
48185|1299|3257|204548|215728
8426|6777|57463|12735|51540
60068|1299|33891|216067|44244
917|60068|33891|17676|216211|44324|205369
47147|1299|174|13786|263047|269488
45049|6696|33891|216067|44244
58308|6939|47160|203500
56655|1299|3920|206777
58308|6939|1299|8240
29691|6424|44592|49581|211507
5405|62255|52091|206810|214268|197578
34927|1299|198949|35676
1299|6939|28370|267556
61049|174|140227|44324|205369
210312|4601|50869|58299|209185
12779|57463|12735|43391|51540
132847|7474|7473|1299|35598|52091|206810|48687
266213|3356|1299|16276|203019
29504|15935|174|35598|52091|206810|214721
151326|174|7311|835|394273
6762|174|21320|5408|47065|61574
139317|44324|32595|174|7413
49028|1299|3356|16735|2716
55222|174|35598|52091|206810|214721|204108
58308|35598|52091|44660
40387|1299|6453|4755|7768
35600|35598|52091|206810|202279
35280|1299|35598|52091|206810|214268
7018|1299|12859|47065|61574
132337|1299|198949|35676
35600|35598|52091|206810|214210
45352|174|22381|267470|263047|264389
1403|577|1299|3920|206777
44324|32595|174|91
6830|60068|216213|205884
28917|6939|1299|207415
29222|6939|15935|197451
15623|1299|60068|197103|212080
25091|6830|60068|216213|205884
58308|6939|1299|14080|10620
29222|6939|212635
2734|57463|12735|9000
174|137409|206216|215172|214955
30600|174|20723|2852|202874
13830|971|174|35598|52091|206810|197643
398465|7922|2914|6424|44592|49581|211507
207841|6939|42695
28917|16276|203019
15605|6939|28370|263535
553|62255|52091|206810|48595
58308|6939|5405|200209
18106|174|20473|47065|61574
59919|12779|4601|4492
139317|44324|32595|174|212551
207841|57463|12735|43391|209853
7713|1299|3491|7162|13878|52468|60503|268746|61625
47957|3356|1299|20473|399970
3491|174|35598|52091|206810|214268|196977
6424|6939|28917|21453|35271
29680|174|35598|52091|206810|34786
205206|1299|6855|39904|199604
35598|174|22381|267470|263047|264389
28917|6939|2852|212876
6424|13786|263047|268105
49028|1299|6939|2852|197451
29222|1299|20473|399970
49673|6939|138997|216211|44324|215172|214955
7018|3356|13786|263047|269488
15605|57463|12735|210021|211181|208293|212330|21245
3130|174|35598|52091|206810|202497
35369|1764|174|3130|47065|61574
8220|1299|56630|209944
140627|1299|56630|209944
28917|6939|1299|5518|34001
47147|1299|6855|39904|199604
48070|1299|6762|49666|58224|214805
213151|41051|58299|174|60068|216213|205884
8426|3257|174|201814|209896
1299|35598|52091|206810|214268|196977
215596|62000|6777|42541|205235|62113
40994|6939|28917|44056|57629
25369|174|399697|39967|399697
23673|9900|23764|3356|3257|28917|215730|209693
33891|4637|20473|47065|61574
58308|6939|5405|47583
21700|174|6453|29208
139317|44324|32595|174|50131
49544|1299|6855|39904|199604
209823|33891|216067|44244
394256|174|3491|7162|13878|52468|60503|268746|61625
40994|6939|24796|63293
34288|1299|56630|209944
25220|1299|198949|35676
8283|6939|29222|513|20940
999|6453|1299|33891|216067|44244
1273|174|3130|47065|61574
12859|137409|63473|200790
328840|327727|174|13786|263047|266089
205206|33891|13786|263047|267961
196621|6939|33924
2497|174|35598|52091|206810|56766
12859|57463|12735|15830|203979
36924|1299|6855|39904|202605
31742|1299|35598|52091|206810|214721
40994|57463|41327|200818
37468|1299|6855|39904|47767
15576|57463|12735|60707
6696|6939|138997|216211|44324|215172|214955|59449
151326|174|35598|52091|206810|211101
13237|5405|266493|61625
31510|174|3356|16735|273514
44324|32595|174|11029
29222|6939|553|204680|214840
35600|35598|52091|206810|196638|42702
50877|5405|6939|30893|204789
207841|6939|28917|6789|201069|207979
6830|7195|20473|47065|61574
20912|174|22381|267470|263047|264389
40994|57463|41327|211222
42541|62255|25308|28917|9049|51017
58308|6939|1299|3301|43645
3320|33891|216067|44244
12859|57463|12735|31704
3130|174|12389|49666|205647|49801|204533
11039|6461|174|37468|61568|266460|61625
44324|32595|174|401486
37662|33891|216067|44244
198385|174|56630|209944
174|6453|19318|209896
17350|3356|174|5538|8194|29345
58308|6939|47160|210979
40994|57463|12735|197941
58308|6939|33891|47147|197540
28917|6939|1299|3223
137409|174|60068|205884
35600|6939|25192|29067
56911|174|204548|215728
51185|6762|174|399697|39967|399697
50673|174|13786|263047|268105
37721|174|60068|216213|205884
204092|34019|21351|60132
3170|174|6453|29208
42541|1299|174|204548|215728
2734|57463|12735|42216|51722|26383
50629|57463|12735|8517|8678
48919|6939|1299|20473|399970
6424|52320|7162|13878|52468|271150
48070|20764|43298|48678|205463|213799
28917|6939|1299|20473|151674
6894|174|35598|52091|206810|196638
8283|35598|52091|206810
28917|6939|1299|5391
6777|57463|12735|8517|2592
41666|57463|12735|15830|203979
37497|3491|1299|3920|206777
12779|57463|12735|34619
4601|50869|6939|2852|201648
136557|174|8551|20473|47065|61574
3320|1299|12859|47065|61574
28917|6939|56595|215742
199938|1299|3356|28370|263060
132825|174|35598|52091|206810|39089
48070|1299|6453|4755|7768
205206|33891|216067|44244
2497|174|35598|52091|206810|5598
44324|32595|174|55644
6830|174|138997|216211|44324|205369
207841|6939|39790
28917|6939|1299|23520|27696|271971
22652|1299|12859|47065|61574
59689|29075|174|52468|271150
44393|401753|34872|24961|28917|6768|59514|48693|213137
13786|3356|1299|6855|39904|199604
3130|174|35598|52091|206810|8274
6777|35598|52091|206810|202279
20055|1299|29695|206557|208835
206499|34549|1299|8551|44709
44324|32595|174|15326
35600|57463|12735|15830|198417
44324|32595|174|53667|14956
202032|57463|12735|8517|207263
20514|1299|35598|25308|28917|204076
55222|174|14840|269288
14315|174|3356|16735|273514
34927|56655|1299|174|21700|399914
2497|1299|35598|52091|206810|59867
23367|1299|21351|60132
62000|57463|12735
327960|327782|37100|2603|21320|5408|47065|61574
48070|1299|6855|39904|47767
35008|1299|35598|52091|206810
12637|57463|12735|8517|31689
202032|57463|12735|9000|7155
12859|1299|20473|399970
207841|34927|202532
58299|20473|47065|61574
38001|2914|6424|44592|49581|211507
1031|999|6453|174|13786|263047
263237|174|3356|1680|44709
263152|174|2914|20473|47065|61574
6830|34927|202827
398465|174|60068|197103|212080
20253|1299|25091|8298|4601|4492
6461|174|20473|47065|61574
39351|12859|47065|61574
20912|174|56630|209944
28917|6939|7018|3573
215596|62000|41441|203729
8758|3303|28917|215730|209693
44393|58057|50673|174|399697|39967|399697
48070|6939|50989
12859|1299|174|140227|44324|205369
11039|6461|1299|35598|52091|206810|213694
29222|6939|50629
6057|174|50509|51032|41344|39707
553|6939|25192
136557|174|1299|3920|206777
559|137409|63473|200790
50304|1299|56630|209944
49028|1299|6453|4755|7768
205206|137409|62000|212815|52053
28917|6939|7018|397602
12637|57463|12735|43391|50941
6667|1299|6453|8283|214958
207841|57463|12735|57844
8220|1299|20473|201423
17639|174|210|47065|61574
51519|39351|174|60068|197103|212080
58308|6939|1299|20473|197626
28917|6939|1299|55285
1299|174|13786|263047|269680
20932|174|52468|271150
207841|57463|12735|210021
28917|6939|1299|14593|40714
35426|215596|1299|3223|34224|12735
15022|6939|1299|20473|399970
44324|32595|174|40092|30447
49605|6762|174|37468|61568|266460|61625
5405|62255|52091
58308|6939|553|204680
397131|60011|3356|1299|8551|44709
29222|6939|7018|397799
852|6461|6424|44592|49581|211507
8283|6939|25192
8220|3491|174|35598|52091|206810|214268
48919|174|37468|53062|266493|61625
44324|32595|174|1916|47065|61574
29222|6939|3170|57782
139317|44324|32595|174|53667|399266
28917|6939|1299|20473|215507
398465|174|60068|216213|205884
12956|174|1916|47065|61574
18106|216211|44324|215172|214955|59449
28917|6939|1299|10396|394590
28917|6939|7018|3423|13979|10616
4775|6453|174|399697|39967|399697
12307|29691|1299|174|60068|205884
20055|1299|6855|39904|47767
47160|174|52468|262393
198385|15576|57463|12735|205893
210312|4601|8298|25091|1299|60068|216213|205884
327782|37100|2603|21320|5408|47065|61574
44324|32595|174|397735
35280|6453|174|3130|47065|61574
35266|1299|35598|52091|206810|214721
6424|6939|59689
136557|174|56630|209944
58308|6939|61618|268492
58308|6939|273556
271253|6453|174|22381|267470|263047|264389
2734|2914|12859|47065|61574
40994|57463|12735|9000|7155
58299|7195|28260|270548|52794|52659
12859|1299|60068|197103|212080
28917|6939|1299|396362
3170|6939|39790
3130|174|3491|7162|13878|52468|60503|268746|61625
971|174|35598|52091|206810|214268|197578
44324|401538|393577|213801
37739|3491|174|60068|216213|205884
34019|6939|207995
553|6939|15372
15935|174|30844|21351|60132
18106|137409|62000|212815|52025|212895|210320
205206|1299|22773|8119
58308|6939|1299|43766
207841|6939|28917|20985
398465|1299|8943|200636
44324|32595|174|44222|209847|26383
44324|32595|174|53667|215832
1853|20965|5408|47065|61574
64475|62255|52091|206810|213694
58057|50673|174|7311|835|394273
50300|6424|44592|49581|209693
2734|57463|12735|8517|44639
29169|174|20473|47065|61574
34927|1299|3356|28370|263535
210312|4601|50869|58299|39910
35600|50263|21263|203293
16552|30844|174|5538|8194|29345
37721|174|52468|271150
148968|1299|35598|52091|206810|214268|196977
202297|23764|35168|212999
51184|1764|174|60068|205884
398465|1299|3356|1680|44709
5413|1299|8551|44709
199938|1299|21351|60132
28917|6939|1299|14522
12859|47065|61574
50628|1299|6855|50698
29075|1299|17676|216211|44324|205369
3170|6939|196610
51088|8455|1299|6453|8283|211840
20932|174|204548|215728
24516|174|35598|52091|206810|214210
20612|9044|1299|3223|41327
28917|6939|1299|23520|262191|269907
55222|174|35598|52091|206810|211101
42473|1299|174|140227|44324|205369
13830|971|174|3257|60068|206406|210557
20253|1299|174|13786|263047|268105
55222|174|6453|29208
4601|50869|34019|209523
4181|3491|138997|216211|44324|215172|214955
59689|29075|1299|8551|44709
58308|6939|1299|13999
1836|33891|44592|49581|209693
45049|6696|1299|34927|202532
553|62255|52091|206810|210063
28917|6939|1299|137|42081
52075|6424|44592|49581|211507
34927|1299|6204|44592|49581|209693
1140|24785|1299|8551|20473|47065|61574
44324|32595|174|329109|328297
40994|2914|1299|20473|47065|61574
139317|44324|32595|174|212250|208293|203217|14789
215596|1299|6855|50698
6908|174|14840|269288
8283|20764|52091|206810|39558
50673|174|11432|271150
205206|1299|7195|11432|271150|272738
6453|174|8551|20473|47065|61574
34927|1299|10490|2722|12148|47065|61574
34177|1299|12956|212721
49544|2914|1299|35598|52091|206810|56766
29075|174|21700|399914
20253|1299|35598|52091|206810|48687
398465|4826|1299|8551|44709
35600|50263|21263
42541|7195|28189|266931|271615|273522|271150
207841|57463|12735|9000|7155
44324|32595|174|59895
34927|56655|1299|12956|212721
132847|7474|7473|1299|35598|52091|206810|57164
6908|174|60068|216213|205884
58308|6939|33891|204704
40994|9002|197068
58308|6939|12637|199699
4601|50869|52025|52210
9268|4764|1299|6855|39904|202605
60068|1299|3223|41327
22652|174|60068|205884
8426|3257|174|13786|263047|262578
6667|174|1916|47065|61574
199938|1299|174|140227|44324|205369
12859|57463|12735|201978|208425
57111|174|7195|20473|47065|61574
15605|6939|39790
28917|49581|211507
263152|174|1299|34927|202532
16552|6453|174|210|47065|61574
58308|6939|7018|21433
17350|3356|21320|5408|47065|61574
553|52320|7162|13878|52468|271150
205206|1299|174|13786|263047|268105
513|29222|6939|52927|267933
8529|1299|3223|34224|12735
28917|6939|1299|22908
4764|1299|33891|216067|44244
34927|56655|1299|20473|201423
263152|174|1299|198949|35676
6424|62255|52091|206810|59867
29504|15935|174|35598|52091|206810|48595
57866|6830|174|5538|8194|29345
35600|20473|30893
12350|1299|56630|209944
58511|6939|138997|216211|44324|215172|214955
7018|174|52468|262393
2497|1299|35598|52091|206810|208435
328840|327727|174|37468|53062|266493|61625
29222|6939|56595|202590
28917|6939|7018|401671
2734|22356|28370|61708
15605|41327|21700|399914
29504|15935|174|52468|262393
12956|1299|3216|51032|41344|39707
58308|6939|28917|6789|48004
34800|58057|50673|174|3491|20473|47065|61574
198249|13335|399532
3170|6461|137409|63473|200790
4601|6939|28917|43714
10111|1299|12859|47065|61574
140627|1299|35598|52091|206810|59867
28917|6939|1299|20473|137908
21700|174|35598|52091|206810|39558
33891|21320|5408|47065|61574
44324|32595|174|25710
49028|1299|6453|19318|201813
59105|2518|33891|216067|44244
28917|6939|1299|23520|272935|263730
50629|57724|12555
37721|174|210329|215728
58308|6939|15935|198284
39122|1299|3257|60068|206406|210557
28917|6939|1299|398106
28917|6939|1299|23520|272935|273937
28917|6939|1299|16921
20514|1299|3356|8119
58308|6939|6830|23520|27717|269846
28917|6939|1299|11492
4601|50869|6939|50989|50683
48919|35320|1299|3223|41327
35426|215596|1299|6762|16735|2716
58308|6939|1299|5617|42673
28917|20764|52091|206810|35273
51185|6762|174|34927|202827
3491|174|35598|52091|206810|24881|24697
5405|62255|52091|206810|214721|204108
35369|1764|174|11432|271150|272738
4601|50869|214757|204508
29222|6939|8899|42652|44569
12637|6939|29222|41495|206202
559|57463|12735|211201
29222|1299|198949|35676
57695|137409|62000|212815|52025|212895|210320
139317|44324|32595|174|266593
15692|2914|174|5538|8194|29345
34927|52025|174|35598|52091|206810|202497
55720|3491|174|22381|267470|263047|264389
64475|62255|52091|206810|34786|41875
58308|6939|5405|8648
56655|1299|60068|197103|212080
206499|34549|174|140227|44324|205369
60068|174|210329|215728
15605|35598|52091|206810|56766
553|57463|12735|42216|51722|26383
48185|1299|6453|4755|7768
25091|1299|20473|201423
64475|57463|12735|60707|216343
24516|174|35598|52091|206810|202497
34927|52025|174|3356|1680|44709
16347|1299|33891|216067|44244
6720|1764|174|60068|216213|205884
57777|8298|25091|33891|60068|211571
52025|64289|174|3356|28370|28657
47147|3320|1299|56630|209944
2914|174|8551|20473|47065|61574
6424|6939|28917|34784
12637|57463|12735|9215
64475|7195|11432|271150
50628|1299|6461|394737
328562|6939|138997|216211|44324|215172|214955
44324|32595|174|12843
198249|7195|11432|271150
23367|1299|6453|60068|216213|205884
15605|6939|42695
37697|3491|174|204548|215728
29222|6939|208453|52025|212895|214387
29222|6939|7018|22729
3356|174|16276|203019
58057|174|11432|271150|272738
48070|9304|136237|174|137995|136237
8298|25091|1299|3920|206777
6830|3356|1680|20473|47065|61574
139317|44324|32595|174|7195|272872
3741|174|14840|2716
327727|174|13335|399532
6894|174|35598|52091|44660
3491|174|35598|52091|206810|48687
21232|15576|35598|52091|206810|39558
58308|6939|7018|4473|13979|2576
8426|6777|35598|52091|206810|24881
28917|6939|6830|23520|273189
58308|6939|40994|212085
327727|174|13786|263047|267425
15576|57463|12735|9000|7155
6730|6830|174|20473|47065|61574
15623|6830|34927|202827
210312|4601|50869|41051|200221
58308|6939|1299|30823|49418|206134
4657|33891|216067|44244
38880|6762|174|140227|44324|205369
6424|6939|16652
28917|6939|7018|20057
35600|30781|1299|20473|47065|61574
48070|6939|30893|9423
44324|32595|174|62902
8220|1299|35598|52091|206810|39089
14537|52925|3356|1299|6855|39904
49028|1299|3356|28370|268198
8220|1299|6453|8283|214958
28917|20764|52091|206810|57164
58308|6939|7018|6621
29222|6939|202585|215842
199524|174|35598|52091|206810|24881|24697
262427|174|35598|52091|206810|214268
15935|174|13786|28343|2716
4601|50869|6939|50989|48116
57111|174|34927|202827
6894|3257|1299|12859|47065|61574
58308|6939|1299|13768
17639|1299|20473|399970
57111|41327|2603|21320|5408|50148
1836|1299|8551|44709
44324|32595|174|32505|397370|6936
36924|1299|35598|52091|206810|213694
57381|50304|1299|3356|28370|263963
48070|7195|28189|266931|271615|273522|271150
3320|1299|1680|20473|47065|61574
41666|57463|12735|15830|34296
4777|2497|174|13786|263047|271068
7018|6939|2852|197277
8220|1299|6424|44592|49581|209693
34927|56655|1299|3356|16735|273514
28917|6939|1299|23520|262191|264647
21412|174|210|47065|61574
6453|1299|6855|39904
327727|174|22381|267470|263047
199938|1299|174|1916|47065|61574
58057|34549|1299|12859|47065|61574
210312|4601|6939|28917|206011
58308|6939|1299|43012
34927|56655|2603|21320|5408|47065|61574
20253|1299|174|13786|263047|271068
7018|3356|28370|269016
28917|6939|6424|134450
33891|19318|201813
52075|6762|174|140227|44324|205369
327727|174|35598|52091|206810|57164
559|4601|4492
16347|1299|3491|7162|13878|52468|60503|268746|61625
12859|35598|52091|206810|12773|44710
151326|174|35598|52091|206810|56766
2497|1299|3223|34224|12735
36924|35280|62000|212815|52053
58057|50673|33891|3223|34224|12735
40994|57463|12735|9000
50629|57463|12735|211201
44324|32595|174|401636
1031|999|6453|1299|33891|216067|44244
20253|1299|13335|400095
58308|6939|52838|269035
7594|174|37468|61568|266460|61625
58308|6939|6830|23520|265539
148968|7474|3257|174|60068|216213|205884
29222|6939|263047|268105
28917|6939|1299|6855
209650|34927|6830|60068|216213|205884
58308|6939|1299|199150
3399|5511|1299|6855|39904
207841|57463|12735|8517|8466
58308|6939|6830|23520|27665|263222
210312|4601|6939|28917|48084|35816
58308|6939|28917|50009
6461|1299|34927|202827
14907|1299|174|216211|211575
199524|1299|3491|7162|13878|52468|60503|268746|61625
2734|3257|28917|215730|209693
25152|2914|174|399697|39967|399697
6082|174|21700|399914
16552|1299|35598|52091|206810|5598
12779|6939|28370|268521
6762|174|60068|216213|205884
40994|23764|20485|35598|52091|206810|196638|42702
58308|6939|6830|23520|27665|27789
44324|32595|174|26388
51786|15623|1299|2914|226|47065|61574
56655|1299|3356|16735|273514
12969|1299|3356|16735|2716
41327|6939|28370|263535
47160|174|1916|47065|61574
28917|6939|1299|18678|263210
6830|174|35598|52091|206810|56766
132825|174|35598|52091|206810|34786
58308|6939|1299|209022
174|35598|52091|44660
209650|34927|28917|215730|209693
28917|6939|1299|20473|19451
15576|57463|12735|42216|62425|213751
58308|6939|200462
8529|1299|8551|44709
140627|1299|35598|52091|206810|39558
37100|1299|6939|51202|60742
15576|3356|1299|3920|206777
210312|4601|50869|6939|50989|50683
28917|6939|1299|20473|32434
8283|2914|13786|263047|267961
47147|6830|34927|202827
327983|37497|1299|33891|216067|44244
49028|1299|3356|28370|267608
58308|6939|1299|38077
34177|1299|3356|28370|267556
205206|1299|174|13786|263047|262578
6830|174|35598|52091|206810|57164
42541|62255|52091|206810|8274
15576|57463|12735|208130
2516|1299|1680|20473|47065|61574
28917|6939|1299|23520|262191|266774
24785|6830|3491|20473|47065|61574
3356|1299|20473|47065|61574
40994|6939|28917|6789|48004
58308|6939|7018
2500|2914|174|52468|271150
40994|6939|28917|28775
7500|2497|174|35598|52091|206810|24881
24516|174|35598|52091|206810|24881|24697
28917|6939|199399
6894|174|62000|212815|52053
216285|8280|6762|174|1916|47065|61574
62000|6777|42541|205235|208327
553|57463|12735|43391|201178
6830|174|8551|20473|47065|61574
205206|1299|6762|267470|263047
3130|174|1299|34927|202532
3320|1299|35598|52091|206810|57164
205206|33891|13786|263047|269680
35710|3320|33891|216067|44244
29222|6939|553|212522
28917|6939|1299|30600
13830|971|174|35598|52091|206810|35273
20612|9044|1299|6453|4755|7768
44324|32595|174|33059
7018|1299|6855|39904|199604
209|3356|174|32595|44324
62167|174|1299|3920|206777
1403|6939|138997|216211|44324|215172|214955
6461|174|216211|211575
52025|174|35598|52091|206810|59815|25299
204092|6939|42695
15935|6461|394737
44324|32595|174|201102
2516|1299|29695|206557
215596|1299|3216|51032|41344|39707
3170|174|13786|263047
199938|1299|3257|20473|47065|61574
58308|6939|47536|213370
58308|6939|33891|215606
139317|44324|32595|174|28929
8283|2914|13786|263047|269680
20253|1299|37468|270551|263047
139317|44324|32595|174|63436
29222|6939|29670
37497|174|210329|215728
58308|6939|268624|262594
34854|1299|198949|35676
3130|174|140227|44324|205369
50629|20764|52091|206810|56915
513|21320|33891|60068|211571
1273|174|8551|20473|47065|61574
47160|174|60068|205884
1299|20473|214587
6424|7195|28260|270548|52794|52659
207841|57463|22356|52468|271150
59890|174|210|47065|61574
12779|35598|52091|206810|211101
136557|174|35598|52091
15605|57463|12735|43391|51540
3130|174|11432|271150|272738
2027|47160|174|13786|263047
49544|3356|174|11432|271150|272738
34800|58057|50673|174|3257|60068|206406|210557
29075|1299|3356|28370|263535|268030
31742|1299|35598|52091|59815|25299
49788|1299|3491|20473|47065|61574
28917|6939|1299|136468
6730|6830|3356|28370|263963
15576|57463|12735|51540|206991
204092|6939|28917|48610
9268|4764|1299|35598|52091|206810|202497
16552|6453|3356|21320|5408|47065|61574
136557|174|14840|2716
58308|6939|1299|20473|14270
205206|1299|3356|28370|28657
6424|6939|60432
35600|30781|12859|47065|61574
29222|6939|29208|211731
29222|6939|12735|15830
14315|2914|6424|44592|49581|209693
8280|6762|1299|34927|202532
209823|12859|47065|61574
9268|4764|1299|12956|212721
28917|6939|61618|267443
6424|6939|29222|41495|206202
55222|174|28189|266931|269250|271150
28917|6939|1299|8764
1280|1299|7195|20473|47065|61574
62167|174|2914|226|47065|61574
28917|6939|1299|28469
216285|8280|6762|174|21700|399914
205206|1299|201814|209896
48070|57463|12735|15464
58308|6939|1299|265780|273827
58308|6939|28917|44812
35266|137409|62000|212815|52053
553|1299|3356|28370|53079
31742|1299|12956|212721
16552|1299|60068|197103|212080
6696|1299|3257|20473|47065|61574
5405|62255|52091|206810|211692|31069
34177|1299|3257|60068|206406|210557
10111|1299|8551|44709
35426|215596|174|13786|263047|267425
59105|2518|1299|60068|216213|205884
4601|50869|34019|35600|61025
29222|6939|28370|28657
58308|6939|1299|22439
58308|6939|33891|61303
398465|174|32595|44324
39392|174|60068|216213|205884
40994|57463|12735|15830|47952
28917|6939|7018|395742
64475|52320|7162|13878|52468|271150
139317|44324|32595|174|1299|20473|40138
8220|1299|35598|52091|44660
23673|6939|1299|20473|399970
23673|3491|174|35598|52091|206810
210937|1299|3920|206777
30600|174|52468|262393
3170|6461|52320|7738|262999|272466
8283|6762|16735|273514
7594|3356|2914|6424|44592|49581|209693
39122|1299|6939|60432
174|13786|263047|264923
57866|1299|35598|52091|206810|57164
17639|1299|60068|216213|205884
28917|6939|56595
28917|6939|25400|49278
28917|6939|1299|63270|397301
7474|7473|1299|34927|202532
41666|57463|12735|51476
50304|28917|215730|209693
29504|15935|174|35598|52091|206810|214721|204108
57821|12586|3257|1299|198949|35676
8220|1299|3356|28370|267608
207841|61049|174|60068|205884
7660|2516|1299|34927|202827
28917|6939|1299|60051|208293|203214|13335
20055|1299|21351|60132
139317|44324|32595|174|270068
559|6939|25192|29067
11039|137409|62000|212815|52053
49432|48362|1299|3257|28917|215730|209693
47147|1299|174|13786|263047|271068
202032|57463|12735|50875
34800|29632|9002|21320|5408|47065|61574
29075|1299|1680|20473|47065|61574
5511|174|21700|399914
33891|20473|47065|61574
136557|174|206170|6939|5405|200019
59891|13030|1299|174|60068|205884
21412|1299|60068|216213|205884
136557|174|28283|268744|2716
15623|3303|21320|5408|47065|61574
577|1299|34927|202532
50877|5405|1299|8551|20473|47065|61574
28917|6939|1299|20473|199925
20932|1299|12956|212721
398465|1299|6855|50698
58308|6939|1299|23033|399275
398465|1299|3257|19318|209896
55222|1299|42303|51701|30893
41666|12859|47065|61574
2914|1299|1680|20473|47065|61574
215596|1299|6855|39904|202605
13030|1299|6453|19318|201813
12637|1299|6424|44592|49581|209693
553|57463|12735|206119
2497|1299|8551|44709
8283|6762|16735|2716
61568|174|140227|44324|205369
971|174|13786|263047|264972
8280|6762|1299|8551|44709
44530|6830|60068|216213|205884
139317|44324|32595|174|57492
58308|6939|40994|203997
4601|50869|215172|203168
28917|6939|1299|10396|14789
3701|174|204548|215728
139317|44324|32595|174|14051|23431
47147|1299|3356|28370|28657
41666|57463|12735|47123|50055
199524|174|28189|266931|269250|271150
58308|6939|1299|265780
48070|1299|4637|20473|47065|61574
34927|56655|1299|6461|394737
34854|1299|6855|39904
44324|32595|174|22150
8359|28917|215730|209693
51519|39351|174|20473|47065|61574
327727|174|52468|271150
28917|6939|1299|20473|139317
6777|57463|12735|43391|57844
48070|57463|12735|210021
28917|6939|1299|262206|18809
328840|327727|174|13786|263047|274841
35600|50263|15935|50163
50877|5405|6939|2852|210367
49432|48362|1299|3356|28370|269016
44324|32595|174|14051|400097
132825|174|28283|268744|2716
263237|174|1299|20473|47065|61574
12779|35598|52091|59815
148968|1299|3356|1680|44709
35426|215596|174|22381|267470|263047|264389
553|1299|60068|197103|212080
28917|6939|1299|20473|205008
327983|37497|174|210329|215728
29632|9002|1299|8551|20473|47065|61574
47147|1299|37468|60068|216213|205884
57111|41327|19318|201813
8426|6777|57463|12735|42216
12637|57463|12735|8517|44639
7720|10111|1299|60068|197103|212080
58308|6939|6424|46516
59414|13030|1299|60068|216213|205884
28917|6939|1299|52468|265775
199524|1299|3356|28370|267556
205206|1299|3356|28370|263535|268030
29222|6939|25400|3292|208202
58308|6939|6830|23520|27696|264773
41327|29632|59682
58308|6939|1299|398446
7018|174|5538|8194|29345
553|57463|12735|51559|213252
58308|6939|7018|19065
21412|1299|6453|4755|7768
40994|57463|12735|43391|51540
28917|6939|1299|50304
29075|174|1916|47065|61574
58308|6939|1299|201706|47723
64475|137409|48011|25184|49801|204533
64475|6939|28917|39238|49392
2497|1299|201814|209896
58057|34549|6461|62000|212815|52053
9044|1299|198949|35676
207841|6939|28917|48084
35625|5511|174|37468|61568|266460|61625
12779|57463|12735|47190
148968|7474|7473|1299|3356|60011|34927|208690
41666|20764|52091|206810|50204
51185|6762|1299|42303|51701|30893
44324|32595|174|19237
6461|174|14840|2716
4181|1299|35598|52091|206810|59815
3549|3356|174|210329|215728
3130|174|13786|263047|266089|52793
263237|174|3356|8119
45049|6696|1299|174|60068|205884
21700|174|216211|44324|205369
29504|15935|6830|60068|216213|205884
6461|174|1916|47065|61574
205206|1299|6855|50698
5713|174|3130|47065|61574
49544|3356|174|60068|216213|205884
4601|50869|6939|28370|28657
6057|174|32595|44324
35598|1299|21351|60132
28917|6939|6830|58299|211286
20080|2914|174|204548|215728
3303|174|60068|205884
25220|33891|20473|47065|61574
24516|174|6461|394737
58308|6939|6830|23520|64126|273220
59105|2518|1299|35598|52091|206810|48687
40994|174|35598|52091|206810|56766
35280|6453|174|21320|5408|47065|61574
8283|2914|28283|268744|2716
139317|44324|32595|174|25645
1299|35598|52091|206810|214268
44324|32595|174|204561
58057|174|28189|266931|271615|273522|271150
12637|57463|12735|47190
20080|2914|1299|35598|52091|206810
20514|1299|3257|28917|215730|209693
39122|1299|17676|216211|44324|205369
553|57463|12735|15830|137922
20253|1299|22773|8119
7594|174|35598|52091|206810|208435
12637|57463|12735|8517|48811
6424|6939|28917|48610
263152|264409|174|1299|6855|39904
24482|2914|1299|198949|35676
14907|1299|3257|19318|201813
20253|1299|6855|50698
13830|971|174|210329|215728
12779|57463|12735|8517|210690
12779|35598|52091|206810|56915
29680|174|216211|211575
12779|62255|52091|206810|57164
35600|35625|5511|174|5538|8194|29345
49544|1299|198949|35676
16552|1299|29695|206557|204503
8298|25091|1299|198949|35676
28917|6939|7018|401623
553|57463|12735|47123|50055
30781|1299|10490|2722|12148|47065|61574
210937|1299|3356|28370|263963
44324|32595|174|13580
48070|1299|3356|28370|268198
35600|6939|30893|13214
28917|6939|28370|268198
553|174|60068|205884
151326|174|35598|52091|206810|35273
58308|6939|50989|205966
28917|6939|7018|15304
398465|1299|3356|16735|273514
58308|6939|57913
6424|6939|29222
28917|6939|1299|23520|263238|265775
6830|9002|12555|210827
47160|6453|174|37468|61568|266460|61625
202365|50673|174|37468|270551|263047
58308|29075|174|3130|47065|61574
2500|2914|12859|47065|61574
35600|6939|2852|213152
6461|174|35598|52091|206810|214721|204108
59890|174|20473|47065|61574
3549|3356|1299|6855|39904|47767
35600|30781|1299|6855|39904
61218|6939|1299|6204|44592|49581|209693
132337|1299|60068|216213|205884
34854|1299|60068|211571
36924|1299|6855|39904
20612|9044|1299|56630|209944
45049|6696|1299|9002|8772|396416
47147|1299|174|137409|206216|215172|214955
4601|6939|28917|39134|39561|197695
44324|32595|174|43872
328512|5713|174|21320|5408|47065|61574
35426|215596|62000|1680|44709
28917|215551|30893
44324|32595|174|42313|212986
21412|1299|20473|201423
8220|1299|7545|20473|47065|61574
34854|1299|174|210329|215728
40994|6939|28917|44812
48070|1299|198949|35676
28917|6939|2852|200874
42473|1299|6855|39904|47767
3170|37468|60068|216213|205884
6730|6830|1299|21351|60132
35008|1299|1680|20473|47065|61574
20055|174|13786|263047|269680
1280|6939|138997|216211|44324|215172|214955|59449
41666|22356|52468|271150
553|62255|52091|206810|214218
58308|6939|1299|60068|200325
8220|1299|6453|8283|211321
577|1299|20473|399970
15547|174|13786|263047
41327|6461|6057|28283|268744|2716
37053|37100|174|3130|47065|61574
29222|6939|7018|399571
14907|1299|174|1916|47065|61574
28917|6939|1299|400164
34177|1299|174|1916|47065|61574
41051|57463|12735|51476
5405|6939|28370|267556
209|3356|174|140227|44324|205369
6762|1299|3920|206777
48070|6939|28370|269016
12779|35598|52091|206810|202497
327960|174|35598|25308|28917|9049|51017
6423|20055|1299|42303|51701|30893
263237|174|3130|47065|61574
24516|174|35598|52091|59815|25299
328840|327727|174|52468|262393
44324|32595|174|36671
28917|34927|202532
198385|174|20473|47065|61574
40994|1299|8551|44709
35600|6939|24796|63293
139317|44324|32595|174|209589
42541|137409|206216|215172|214955
553|57463|12735|8517|8466
50131|36236|174|37468|61568|266460|61625
210312|4601|50869|210632
327727|174|35598|52091|206810|197643
28917|6939|1299|20473|54874|970
12637|6939|28917|6789|203561
44324|32595|174|35598|204490|215330
32590|6453|1299|20473|47065|61574
29222|6461|210|47065|61574
58308|6939|33891|21083
48070|57463|12735|51559|42846
60011|3356|1299|12859|47065|61574
58308|6939|6830|23520|273871
28917|6939|1299|6400|262247
15576|57463|12735|210021|211181|208293|212330|21245
22355|5511|174|52468|271150
1828|6461|28917|215730|209693
28917|6939|1299|20326|35487|205058
34927|56655|1299|6453|19318|201813
2914|174|35598|52091|206810|214721
13030|6939|138997|216211|44324|215172|214955|59449
12779|57463|12735|211682
28917|6939|1299|60068|917|969
6830|3491|209810|207187|206420
35600|35598|52091|59815
206356|50629|8551|20473|47065|61574
14315|174|8551|20473|47065|61574
7018|6939|2852
29222|6939|35600|56648
199524|174|2914|20473|47065|61574
12637|57463|12735|8517|9095
213151|34549|174|140227|44324|205369
50629|6939|2852|210367
151326|174|35598|52091|206810|48687
20205|1299|3223|34224|12735
3130|174|35598|52091|206810|214721|204108
29222|6939|12637|60087
28917|6939|1299|26858
41327|6939|25192|29067
32590|1299|35598|52091|206810|214268|197578
559|1828|12179|393398|3356|1299|23033|50131
29222|6939|62000|198831
8426|3257|1299|6855|39904
60011|3356|1299|10490|2722|12148|47065|61574
28917|6939|1299|139341
7474|7473|1299|35598|52091|206810|56766
559|57463|12735|8517
28917|6939|1299|400513
28917|6939|28370|269016
917|60068|174|216211|211575
47147|3320|1299|20473|47065|61574
50300|174|52468|271150
48070|6939|28917|47478
6453|174|13786|263047|267425
23367|1299|8551|20473|47065|61574
62167|174|6453|29208
48362|1299|174|204548|215728
28917|6939|1299|203532
205112|50629|6939|33924
57866|1299|56630|209944
2734|3257|174|140227|44324|205369
51184|47692|33891|216067|44244
34019|47065|61574
35600|35598|25308|28917|9049|51017
47147|1299|3257|19318|209896
139317|44324|32595|174|61568|52901
49432|48362|1299|201814|209896
5413|1299|6855|50698
553|57463|12735|8517
22652|1299|12956|212721
28917|6939|1299|14178|21433
51873|6830|174|216211|211575
28917|6939|47160|210979
45049|6696|1299|6461|394737
971|174|35598|52091|206810|39558
20764|12859|47065|61574
41666|57463|12735|60707|206271
57463|8455|8283|47065|61574
34177|1299|3356|28370
207841|57463|12735|205877
204092|34019|3303|174|52468|271150
210312|4601|50869|215172
45352|1299|3356|8119
327960|174|32787|202161
6424|6939|28917|206011
207841|6939|28917|44812
58308|6939|6830|23520|265561|270173
51519|39351|1299|6855|39904
6461|174|5538|8194|29345
852|1299|35598|52091|206810|202279
3491|174|35598|52091|206810|197643
28917|6939|1299|58321|43758
55222|174|35598|52091|206810|39558
5413|1299|3257|19318|209896
28917|6939|1299|39869|59491
35600|6939|28370|268198
12859|57463|12735|60707|216343
3320|1299|35598|52091|206810|211101
49788|1299|6762|267470|263047
174|14840|269288
262427|174|16276|203019
559|6939|24796
28917|6939|1299|20115|400985
58308|6939|6830|23520|273157
4601|50869|41051|203852
196621|15576|3356|21320|5408|47065|61574
28917|6939|7018|986
14315|2914|174|140227|44324|205369
132337|1299|3356|16735|2716
51519|6939|138997|216211|44324|215172|214955|59449
196621|6939|28917|35539
8220|1299|6762|267470|263047
42541|1299|6453|4755|7768
28917|6939|2852|213152
41327|174|60068|205884
559|6939|28370|28657
28917|6939|1299|20473|142281
12859|22356|28370|263535
28917|6939|1299|14016|402062|402197
139317|44324|32595|174|397735
58308|6939|1299|36086
47147|9002|3356|174|20473|47065|61574
58308|6939|30893|9423
20612|9044|1299|8551|44709
34800|58057|50673|174|7195|20473|47065|61574
20514|1299|6855|50698
216211|44324|215172|214955
20080|2914|1299|35598|52091|206810|48687
58308|6939|553|212522|13335
25220|33891|8551|44709
42541|62255|52091|206810|196638|42702
21700|174|35598|52091|59815|25299
58308|6939|6830|23520|272935|272908
263152|264409|174|6461|394737
19151|2914|1299|198949|35676
39122|1299|3920|206777
28917|6939|1299|17676|4725
8283|20764|52091|206810|214210
50877|5405|6939|2852|213152
56987|62000|212815|52053
58308|59689|30781|1299|3920|206777
12779|6939|28370
852|1299|29695|206557
29222|6939|3170|203363|212085
14537|6461|62000|212815|52053
28917|6939|6424|207990
24516|174|14840|269288
49709|6939|138997|216211|44324|215172|214955|59449
50304|1299|12956|212721
19151|174|210329|215728
34927|1299|6855|39904|47767
263152|174|2914|12859|47065|61574
6908|1299|6855|39904|202605
293|3356|174|201814|209896
327960|174|35598|52091|206810|202279
398465|1299|6453|19318|209896
513|29222|6939|8943
198385|15576|57463|12735|211682
25160|174|140227|44324|205369
3257|174|13786|263047|267425
34288|1299|37468|270551|263047
44324|32595|174|19453
34800|58057|50673|174|1299|198949|35676
6894|174|13786|263047|267425
44324|32595|18423|137409|4637|6461|1299|16509|21664
7018|6939|28370|268521
41666|57463|12735|8517|8678
1299|174|13786|263047
48070|31500|39279|25319|39279|1299|5606|50084
58308|6939|1299|16509|149172
6730|6830|3356|16735|2716
58308|6939|7018|28469
553|9002|12555|210827
7018|6453|19318|209896
37468|174|20473|47065|61574
12637|1299|33891|216067|44244
37271|33891|216067|44244
196621|6939|28917|6789
207841|6939|28917|39238|49392|34567
18106|2914|1299|198949|35676
3333|137409|62000|212815|52053
8283|6939|196610
59890|174|3257|21034
58308|6939|6830|23520|64126|272980
44324|32595|174|35986|30612
12969|1299|6855|39904|202605
23367|1299|35598|52091|206810|57164
58308|6939|7018|16711
34177|6939|138997|216211|44324|215172|214955|59449
6667|174|11432|271150|272738
12307|29691|1299|1680|20473|47065|61574
6424|6939|138997|216211|44324|215172|214955|59449
15605|6939|59970
207841|57463|12735|51559
28917|6939|1299|3920
21412|1299|6453|1031|61568|266460|61625
7474|7473|1299|35598|52091|206810|39558
559|35598|52091|206810|196767
327960|174|3491|7162|13878|52468|60503|268746|61625
20080|2914|1299|35598|52091|206810|24881
29222|6939|29670|60802
15605|6939|50989|48116
2497|174|35598|52091|206810|48595
139317|44324|32595|174|25710
139317|44324|32595|174|16276
139317|44324|32595|174|17185
327782|5511|174|11432|271150|272738
28917|6939|208453|214365
23367|1299|1680|20473|47065|61574
3214|6424|44592|49581|211507
12637|6939|2852|204772
28917|6939|1299|23520|262199
59414|6830|3356|8119
28917|6939|7018|29298
15605|57463|12735|212549
34019|29169|1299|20473|201423
199524|174|3257|60068|206406|210557
4601|6939|28917|28775
47147|1299|6939|28370|52593
202032|57463|12735|43391
4601|50869|52025|202986
35600|35598|52091|206810|208435
20205|174|3257|21034
328840|327727|174|35598|52091|59815|25299
139317|44324|32595|174|49121|274000
6082|2914|1299|6855|39904|199604
48070|6939|28370
7018|174|3130|47065|61574
207841|6939|28917|43714
5405|1299|8551|44709
148968|7474|7473|1299|6424|44592|49581|209693
7713|174|11432|271150
20205|1299|22773|8119
28917|6939|1299|397709
49432|48362|1299|174|140227|44324|205369
174|5538|8194|29345
852|1299|8551|20473|47065|61574
34927|52025|174|35598|52091|206810|210063
4601|50869|34019|35600|56648
1273|174|52468|262393
136557|174|21700|399914
3170|37468|53062|266493|61625
12779|174|52468|271150
17660|6453|174|14840|269288
398465|174|37468|61568|266460|61625
45352|1299|20473|399970
6696|6939|138997|216211|44324|215172|214955
20912|174|210329|215728
3130|174|35598|52091|206810|56915
49432|48362|1764|5405|61568|266460|61625
35008|1299|3491|22356|28370|28657
28917|6939|1299|8697|8376
58057|6424|44592|49581|209693
44324|32595|174|12189|207134
53828|2914|174|140227|44324|205369
7018|1299|34927|202532
48070|37468|60068|216213|205884
29222|39801|58308
8455|33891|216067|44244
2497|6461|62000|212815|52053
38136|50131|174|60068|205884
24785|6830|3257|20473|47065|61574
12637|57463|12735|60707|206271
6057|174|140227|44324|205369
7594|174|46475|57463|12735|203963
139317|44324|32595|174|401486|214183|40662
196621|15576|174|3130|47065|61574
14907|1299|3257|19318|209896
971|174|3257|21034
55720|2914|174|204548|215728
58308|6939|3170|57483
28917|6939|1299|52468|273229
29222|6939|202297|200299
7473|1299|6424|44592|49581|209693
210312|4601|37271|20473|47065|61574
32590|1299|22773|8119
6424|62255|52091|206810|8274
6908|6461|6424|44592|49581|209693
44324|32595|174|200315|57568
64475|57463|12735|15830|47952
4764|1299|201814|209896
52873|12956|1299|20473|47065|61574
58308|6939|29208|215588
29504|39392|174|1916|47065|61574
6696|5511|174|37468|61568|266460|61625
58308|35598|52091|206810|214268
210312|4601|50869|34019|208627
21232|15576|57463|12735|57844
5511|174|13786|263047|269680
35600|50263|15935|215806
4775|216211|44324|215172|214955|59449
7018|1299|35598|52091|206810|213694
23367|1299|35598|52091|206810|214268|197578
15605|57463|12735|212805
559|57463|12735|42216|62425|197715
4601|50869|41051|212888
139317|44324|32595|174|399646|212532
41666|20764|52091|206810|5598
12779|57463|12735|15830|43352
6424|6939|2852
327960|174|50509|51032|41344|39707
22652|174|3356|16735|2716
209823|6830|60068|211571
264479|6762|1299|29695|206557|208835
5413|1299|12859|47065|61574
140627|1299|35598|52091|206810|214268|196977
2500|2914|1299|35598|52091|206810|213694
6762|1299|6855|39904|47767
62167|174|6461|394737
4601|50869|214757|212085
12859|1299|7545|20473|47065|61574
57777|13335|400095
48185|1299|3491|7162|13878|52468|60503|268746|61625
553|20764|43298|48678|205463|213799
28917|3257|174|13786|263047
7018|1299|8551|44709
21232|15576|57463|12735|209007
206356|50629|1299|60068|216213|205884
35600|57463|12735|60707|216343
28917|6939|3170|215453
328840|327727|174|35598|52091|206810|59815
28917|47065|61574
2497|174|13786|263047|262578
42473|1299|3356|28370
3333|1257|174|13786|263047
204092|34019|35598|52091|206810
48070|6939|15372|203592
32590|137409|6424|44592|49581|209693
266213|3356|1299|6855|39904|199604
52025|174|3356|1680|44709
29222|6939|7018|395568
398465|1299|3356|28370|268521
32653|3741|174|204548|215728
15547|174|210329|215728
60011|3356|174|3130|47065|61574
2734|52320|7738|262999|272466
49544|2914|12859|47065|61574
6082|174|35598|52091|206810|213694
15576|57463|12735|15830|198417
8220|1299|35598|52091|206810|214268
5511|174|210|47065|61574
12779|6939|2852|197451
57381|50304|1299|6855|39904|47767
60068|3491|1299|6855|39904|199604
15576|57463|12735|206192
50304|1299|174|3130|47065|61574
58511|3257|174|20473|47065|61574
37239|37468|174|210329|215728
50628|6939|138997|216211|44324|215172|214955|59449
29479|50304|33891|216067|44244
49028|1299|6939|28370|264426
2027|62000|56584|202585|215842
34927|56655|1299|174|210|47065|61574
136557|174|46427|64289|44592|49581|211507
328964|23764|1299|60068|211571
15605|41327|13786|263047|269680
39351|174|1916|47065|61574
35426|215596|1299|8551|20473|47065|61574
44324|32595|174|59402
199524|1299|7195|28260|270548|52794|52659
20912|12637|1299|20473|399970
58308|6939|28917|50045
34019|137409|63473|200790
7660|2516|1299|6424|44592|49581|209693
34854|1299|3356|8119
559|57463|12735|15830|43352
7594|174|35598|52091|206810|8274
9044|174|60068|205884
49544|2914|174|3130|47065|61574
7018|13335|5408
53828|2914|1299|6855|39904|199604
42541|1299|6453|29208
2497|174|35598|52091|206810|8274
42541|30844|21351|60132
14537|3356|1299|6855|39904|202605
13237|1299|3356|28370|263535|268030
28917|6939|1299|23520|265580
42541|29632|215536
25160|174|60068|205884
35008|1299|35598|52091|206810|214268
15576|57463|12735|8517|205782
37739|3491|174|10490|2722|12148|47065|61574
3130|174|5538|8194|29345
60326|34927|174|210|47065|61574
148968|1299|6461|394737
50629|6939|200303
56655|1299|3356|14840|269288
28917|6939|7018|40289
20473|174|140227|44324|205369
327727|174|16276|203019
4777|2497|174|35598|52091|206810|56915
6461|174|35598|52091|206810|57164
4777|2497|174|35598|52091|206810|56766
58308|6939|2852|213152
5405|6939|25192
1299|198949|35676
35600|6939|29222|41495
29222|6939|61618|269288
9002|3356|174|3130|47065|61574
41327|6939|25192|20701
50629|6939|42695|43101
8220|3491|174|210329|215728
57111|41327|6461|7473|38001|25192
6777|57463|12735|51540
328840|327727|174|28189|266931|269250|271150
7713|174|46427|64289|44592|49581|209693
40994|6939|29222|41495
31122|174|1916|47065|61574
971|174|13786|263047|262813
48919|174|399697|39967|399697
58308|6939|207841|216198|18040
41327|14840|269288
28917|6939|1299|23033|399275
209650|34927|1299|174|60068|216213|205884
55720|2914|1299|35598|52091|206810
8426|6777|35598|52091|206810|214268|196977
12956|174|8551|20473|47065|61574
49432|48362|6424|44592|49581|209693
1299|6453|1031|61568|266460|61625
28917|6939|1299|835|52025|210338
28917|6939|1299|7632|9905
35280|1299|34927|202827
58308|6939|1299|214002
263237|174|6453|29208
327960|174|22381|267470|263047|264389
1299|42303|51701|30893
196621|9002|8772|396416
44324|32595|174|206067
20055|174|35598|52091|206810|56766
198385|15576|174|20473|47065|61574
3170|6939|200303
139317|44324|32595|174|32505|54785
19653|30600|174|35598|52091|206810|39558
4601|6939|28917|48084|35816
263237|174|7545|20473|47065|61574
58057|50673|33891|3223|41327
35266|1299|6855|39904|202605
3491|1299|6855|39904|47767
20473|174|20473|47065|61574
35598|174|3257|19318|201813
32590|37100|1299|6855|39904|47767
21412|1299|60068|211571
139317|44324|32595|174|54502
559|57463|12735|51559|42846
139317|44324|32595|174|53667|152697
4601|50869|52025|212895
28917|6939|1299|56655|202986
199524|37100|33891|216067|44244
5392|50877|5405|62255|52091|206810
37053|37100|1299|3920|206777
132847|7474|7473|1299|6424|44592|49581|209693
28917|6939|1299|7029
50877|5405|6939|28370|52593
58308|6939|1299|208905|199393
6424|7195|28189|266931|271615|273522|271150
174|3356|8119
58308|6939|6830|23520|64126|274130
140627|1299|3356|1680|44709
12859|57463|12735
132337|174|22381|267470|263047|264389
8966|28917|215730|209693
55222|174|62000|212815|52053
62000|6777|42541|204141
57381|50304|1299|3356|28370|267556
58308|6939|1299|835|52025|214223
15605|57463|12735|208130
49432|48362|1299|6453|19318|201813
513|29222|6939|8194
8220|1299|3356|28370
41327|6939|50989|50683
44324|32595|174|55410|24023
29075|174|52468|262393
58308|6939|7018|400072
6453|1299|3216|51032|41344|39707
42541|62255|52091
210312|4601|6939|28917|50045
6830|1299|35598|52091|206810|35273
20764|174|60068|216213|205884
3170|174|216211|211575
37497|1299|6855|39904
58308|6939|393682
28917|8359|57304|15935|204860|201931
271253|174|62000|212815|52053
57111|41327|174|13786|263047
55720|2914|1299|35598|52091|206810|48595
1140|24785|6830|174|60068|205884
59105|2518|1299|8551|20473|47065|61574
6461|174|35598|52091|206810|24881|24697
139317|44324|32595|174|26388
22652|174|21320|5408|47065|61574
680|2914|12859|47065|61574
213151|41051|57463|12735|3188
553|57463|12735|3188
36924|1299|6855|39904|199604
139317|44324|32595|174|398947|27884
35600|50263|15935|197451|202872
31510|174|60068|197103|212080
23367|1299|6204|44592|49581|209693
132825|174|35598|52091|206810|57164
196621|6939|28917|44056|57629
4601|50869|41051|211509
6082|2914|1299|6939|24796|63293
204092|6939|50989|205966
327727|174|35598|52091|206810|211101
206356|50629|1299|8551|44709
58308|6939|1299|214415
17660|137409|62000|212815|52053
58308|6939|2852|48091
4764|1299|6855|50698
9044|1299|20473|201423
1267|1299|174|210329|215728
2027|2603|21320|5408|47065|61574
21232|15576|57463|12735|206556
52025|174|22381|267470|263047|264389
28917|6939|1299|198949|209830
40994|57463|12735|57844
29222|6939|7018|46488
4775|6453|1299|29695|206557|208835
971|174|35598|52091|206810|56915
6762|174|13786|263047|267425
263237|174|12956|212721
48185|3356|3257|28917|215730|209693
37497|6939|138997|216211|44324|215172|214955
38880|33891|216067|44244
35008|1299|20473|399970
56911|174|52468|262393
28917|6939|1299|8551|12222
263237|174|1299|12859|47065|61574
25160|1299|8551|44709
12779|174|13786|263047|271068
139317|44324|32595|174|12189|207134
213151|34927|28917|215730|209693
16347|1299|6453|19318|209896
207841|61049|2914|1299|20473|47065|61574
8359|1299|6855|39904
44324|32595|174|28929
50877|5405|49581|211507
215596|1299|8551|44709
44324|32595|174|400812
50304|1299|198949|35676
2497|2914|12859|47065|61574
21700|3257|1299|20473|201423
28917|6939|1299|203182
14907|1299|20473|47065|61574
3303|174|52468|262393
64475|6939|30893|200690
3170|212175|174|212175
49605|6762|174|201814|209896
7500|2497|174|35598|52091|206810|211101
3170|6939|28370
16552|1299|8551|44709
57695|917|60068|174|216211|44324|205369
215596|62000|6777|42541
35600|57463|12735|51321
34854|1299|6453|29208
37739|3491|1299|12859|47065|61574
1299|6762|60068|205884
8426|6777|57463|12735|15830|211686
29222|6939|25192|20701
199524|174|10490|2722|12148|47065|61574
49028|1299|7195|28189|266931|271615|273522|271150
3170|13335|5408
4601|9002|12555|48430
4601|50869|216096
4601|50869|56381|208814
398465|174|13786|263047|262578
41666|57463|12735|210021|211181|208293|212330|21245
58308|6939|1299|20473|48231
6730|6830|5511|49666|58224|214805
263237|174|30844|21351|60132
11039|6461|1299|35598|52091|206810
58308|6939|200712
34019|3303|174|60068|205884
212483|33891|216067|44244
48362|1299|20473|399970
35280|62000|212815|52053
51184|1764|174|204548|215728
20912|12637|57463|14840|269288
202032|57463|12735|9121|34478
6730|6830|3491|7162|13878|52468|60503|268746|61625
8283|3491|209810|207187|207242
6424|62255|52091|44660
3214|1299|20473|47065|61574
13030|1299|6762|49666|58224|214805
6830|3356|20473|47065|61574
30600|1299|35598|52091|206810|214721
28917|6939|42695|52011
2516|1299|60068|216213|205884
8529|62000|212815|52053
2497|1299|35598|52091|44660
4601|50869|41051|208487
3399|5511|1299|3920|206777
13830|971|174|13786|263047|266089
15935|6830|60068|216213|205884
41327|6939|28370|269016
35008|1299|22773|8119
22652|1299|3356|28370|268198
271253|6453|174|37468|61568|266460|61625
21700|174|3130|47065|61574
559|37468|270551|263047
559|1828|13789|30372|3356|174|393216
34800|58057|50673|174|22381|267470|263047|264389
35426|215596|1299|12859|47065|61574
52320|1299|7545|20473|47065|61574
213151|34927|12859|47065|61574
20253|1299|4230|52654|266493|61625
2500|2914|1299|201814|209896
917|60068|33891|20473|47065|61574
40994|57463|12735|31704
36994|1273|174|140227|44324|205369
13237|33891|216067|44244
17660|137409|62000|212815|52025|212895|210320
4775|6453|1299|29695|206557
42473|1299|3356|16735|273514
210312|4601|50869|56381
50877|6762|174|20473|47065|61574
207841|6939|2852|210367
8283|6939|28370|269016
50629|215551|30893|204789
6830|1299|20473|399970
852|1299|35598|52091|206810|59867
34927|174|20473|47065|61574
1828|216211|44324|215172|214955|59449
29075|1299|3356|28370
39351|174|13786|263047|262578
8660|1267|1299|20473|399970
28917|6939|1299|209551
20514|1299|35598|52091|206810|202497
64475|62255|52091|206810|214268|197578
47957|6461|62000|212815|52053
49432|48362|1299|20473|399970
8280|6762|1299|42303|51701|30893
15605|35598|52091|206810|12773
327727|174|1299|6939|24796|63293
17350|2914|1299|35598|52091|206810|196638
50673|33891|216067|44244
57111|41327|4601|4492
12956|1299|6855|39904|47767
58308|6939|1299|203092
6423|20055|174|35598|52091|206810|24881
44324|32595|174|19740|54380|400053
2734|58453|30990|174|37100|328436
52320|1299|201814|209896
139317|44324|32595|174|32336
13030|12859|47065|61574
48070|1299|6453|19318|201813
50673|174|3257|20473|47065|61574
1031|999|6453|174|60068|205884
41051|58299|28917|215730|209693
174|140227|44324|205369
4777|2497|174|210|47065|61574
29222|6939|52838
57821|6939|138997|216211|44324|215172|214955
31742|1299|201814|209896
15576|174|60068|205884
9002|6939|138997|216211|44324|215172|214955|59449
58299|29632|59682
58308|59689|30781|1299|20473|201423
44324|32595|174|12252
28917|6939|1299|23520|267713
48070|1828|13789|30372|3356|174|393216
28917|6939|1299|21859|62610|213618
553|264409|61832|266460|61625
58057|174|3257|21034
204092|30781|1299|60068|197103|212080
47147|1299|6939|28370|267556
14315|6453|6461|6424|44592|49581|209693
53828|2914|174|35598|52091|206810|24881|24697
34177|1299|6762|16735|2716
6424|271586|263047|264389
28917|6939|1299|15830|396893
327727|174|35598|52091|206810|39558
8455|6830|34927|202827
35426|215596|174|28189|266931|271615|273522|271150
57111|174|216211|211575
28917|6939|1299|12488|52025
917|3214|1299|60068|216213|205884
58299|9498|20473|47065|61574
2497|1299|35598|52091|206810|48595
6720|1764|174|20473|47065|61574
49788|1299|3257|20473|47065|61574
20130|23352|2914|174|3130|47065|61574
41722|12389|1299|174|37468|61568|266460|61625
210312|4601|50869|6939|39790
8283|6453|29208
28917|6939|1299|39570
263237|174|6453|19318|209896
56655|1299|60068|216213|205884
58308|6939|52838|268086
57381|50304|8455|8283|47065|61574
3356|174|204548|215728
41051|58299|22356|28370|267556
39351|174|3356|60011|34927|208690
34019|14840|2716
17639|174|21320|5408|47065|61574
35600|39801|199881
6730|6830|1299|20473|201423
199524|47311|150249|212001|205018
139317|44324|32595|174|393857
58308|6939|1299|209635
15605|59692|12555
28917|6939|6830|23520|272935|273948|274204
6830|6939|28917|47914
174|11432|271150|272738
1257|1299|20473|399970
204092|50263|15935
207841|6939|28917|39153
44324|32595|174|51847|215269
50629|20764|52091|206810|214721|204108
30781|33891|44592|49581|209693
207841|57463|12735|15464
12859|6939|33924
45049|6696|1299|16164|36032
28917|6939|1299|35777
3130|174|35598|25308|28917|9049|51017
7018|1299|35598|52091|206810|208435
139317|44324|32595|174|212250|208293|203217|59588
23764|1299|35598|52091|206810|39089
2516|1299|174|37468|61568|266460|61625
3130|174|13786|263047|269680
12859|57463|12735|43391|57844
513|29222|6939|49418|212701
209|3356|1299|6855|39904|199604
6461|1299|35598|52091|206810|48687
42473|1299|174|1916|47065|61574
29222|6939|7018|40289
23367|1299|35598|52091|206810|24881
59414|6830|2914|268624|28370|28657
24961|33891|60068|211571
49432|48362|1299|174|3130|47065|61574
29504|15935|174|35598|52091|206810|35273
3130|174|3257|28917|215730|209693
50877|6762|174|11432|271150|272738
29222|174|204548|215728
8220|1299|34927|202827
4775|1273|174|5538|8194|29345
61049|174|22381|267470|263047|264389
2734|57463|12735|197941
4181|1299|6855|39904|202605
4181|1299|12956|212721
44324|32595|174|15094
6908|174|5511|49666|58224|214805
2497|174|13786|263047|264972
196621|6939|50989
2914|1299|201814|209896
50629|1299|60068|216213|205884
58308|6939|1299|20473|199097
6908|174|6453|19318|201813
263237|174|12956|3223|34224|12735
139317|44324|32595|174|273205
6730|6830|3257|8551|44709
28917|6939|1299|3301|34576
34927|1299|6855|39904|202605
36994|3356|21320|5408|47065|61574
199524|1299|35598|52091|206810|56766
2027|35280|6453|174|21700|399914
204092|6939|28917|39238
47147|1299|20473|30893
52025|174|35598|52091|206810|8274
4601|50869|58299|209898|211894
29222|6939|28370|263535
15562|2914|1299|20473|47065|61574
34800|58057|50673|174|399697|39967|399697
58308|6939|41720|208229
48070|6939|25192|26710
37053|37662|174|399697|39967|399697
204092|6939|28917|48610|57712
139317|44324|32595|174|142111
34927|56655|1299|1680|20473|47065|61574
48070|6939|33924
58308|6939|25400|50270
60068|33891|44592|49581|209693
553|57463|12735|42216
136557|174|1916|47065|61574
7922|1299|20473|47065|61574
263152|174|3257|20473|47065|61574
28917|6939|1299|21277|197882
28917|6939|1299|20473|19285
40994|6939|207995
397131|60011|3356|174|140227|44324|205369
15562|2914|174|399697|39967|399697
49788|174|140227|44324|205369
205206|6939|138997|216211|44324|215172|214955
139317|44324|32595|174|51847|215269
44324|32595|174|20278|395092
3130|174|20473|30893
513|174|5538|8194|29345
58308|6939|1299|57811
139317|44324|32595|174|3819
50629|57463|12735|9215
57463|6939|138997|216211|44324|215172|214955
57111|174|7545|20473|47065|61574
8283|22356|28370|28657
20253|1299|6453|8283|215737
29222|6939|29670|208135
29222|6939|2852|210367
205206|1299|3491|7162|13878|52468|60503|268746|61625
28917|6939|1299|52468|274169
10111|1299|8551|20473|47065|61574
559|35598|52091|206810|57460
22652|1299|35598|52091|206810|8274
50629|6461|32787|202161
28917|6939|1299|8473
4601|50869|41051|214763
553|62255|52091|206810|48687
37239|37468|1299|8551|44709
35008|1299|8943|200636
42541|13335|399532
42541|62255|52091|206810|214721
41327|215551|30893
48362|1764|28917|215730|209693
58308|6939|553|204680|208854
2119|3356|174|399697|39967|399697
3130|174|35598|52091|206810|56766
6082|174|35598|52091|206810|48595
15935|174|20473|47065|61574
44324|32595|174|7296
196621|6939|28370|270962
28917|6939|1299|262206|27742
19653|30600|1299|35598|52091|206810|24881|24697
35600|50263|21263|206970
4601|50869|41051|17160
4601|50869|58299|209114
8280|6762|174|13786|263047|269680
16552|3257|1299|20473|201423
148968|7474|7473|1299|20473|47065|61574
42473|1299|33891|216067|44244
60068|174|138997|216211|44324|205369
40994|57463|12735|47190
327727|174|201814|209896
210312|4601|6939|28917|198297|51081
206356|50629|174|1916|47065|61574
64475|57463|12735|48737
202365|50673|174|3356|60011|34927|208690
139317|44324|32595|174|267784
59890|60068|1299|20473|201423
3491|174|32595|44324
6894|174|1299|20473|47065|61574
15623|1299|12956|212721
12859|57463|12735|34476
28917|6939|1299|60068|197103|216385
64475|62255|52091|206810|59815
32590|137409|6424|44592|49581|211507
34927|52025|174|3356|8119
58057|174|3491|7162|13878|52468|60503|268746|61625
6730|6830|3491|20473|47065|61574
49432|48362|137409|62000|212815|52053
1273|174|11432|271150
8283|6453|60068|211571
47160|174|11432|271150|272738
151326|174|35598|52091|206810|208435
28917|6939|1299|20473|142553
210312|4601|57463|12735|60707
917|60068|174|20473|47065|61574
6777|35598|52091|206810|48595
1764|174|204548|215728
48070|57463|12735|8517|206887
28917|6939|1299|8151|272325
50628|1299|6762|49666|58224|214805
28917|6939|1299|27947
210312|4601|50869|58299|34924
28917|6939|1299|19332|16921
559|57463|12735|47123
58308|6939|33891|204038
58308|6939|1299|15133
196621|6939|28370|267556
28917|6939|1299|34927|210667|204375
7018|1299|60068|211571
7594|174|11432|271150|272738
44324|32595|174|7203
6424|6939|28917|44812
57111|174|1299|20473|201423
271253|174|35598|52091|206810|48595
148968|1299|6453|1031|61568|266460|61625
12779|62255|52091|206810|196638
41327|19318|201813
12969|1299|3356|28370|268521
58308|6939|1299|2589
40994|6939|28370|267556
12779|57463|12735|8517|24922
34854|1299|174|204548|215728
58308|6939|263047|267961
55222|1299|6855|50698
35369|8218|62000|212815|52053
139317|44324|32595|174|200165
209|3356|1299|6855|39904|202605
139317|44324|32595|174|202521
41327|6461|7473|33891|20940|16625
32590|137409|174|20473|47065|61574
58057|174|52468|262393
6830|174|399697|39967|399697
31510|174|46475|57463|12735|203963
11845|30844|50263|62000|212815|52053
28917|6939|3170|59410
48362|1299|33891|216067|44244
6423|20055|174|13786|263047|268546
12637|20764|43298|48678|213865
5405|62255|52091|206810|56915
48070|7195|11432|271150
29222|6939|50533|205427
559|35598|52091|206810|202279|213203
6424|6939|28370|268521
12859|35598|52091|206810|214210
328840|327727|174|35598|52091|206810|39089
21412|1299|6453|19318|209896
23764|1299|33891|216067|44244
28917|6939|1299|7195|53065|269093
44324|32595|174|50881
58057|50673|174|22381|267470|263047|264389
8283|3491|209810|207187|202551
21232|15576|57463|12735|15830|201584
1140|6939|138997|216211|44324|215172|214955|59449
50300|174|216211|211575
28917|20764|52091|206810|196638
139317|44324|32595|174|36352|136258
2734|34927|208690
29222|6939|50989|50683
199524|4637|10111|7720|44324|215172|214955|59449
8280|6762|174|22381|267470|263047|264389
8280|6762|2914|12859|47065|61574
23352|3257|174|399697|39967|399697
29504|39392|33891|264409|61832|266460|61625
4601|50869|58299|28859
47147|1299|1680|20473|47065|61574
327983|37497|3491|174|20473|47065|61574
48070|32787|202161
50877|5405|6939|30893|13214
42473|1299|174|210329|215728
559|7195|20473|47065|61574
58057|50673|174|7195|20473|47065|61574
6696|33891|216067|44244
210312|4601|50869|58299|28859
49788|1299|8551|20473|47065|61574
139317|44324|32595|174|3257|835|52025|214223
2914|1299|35598|52091|206810|35273
6730|6830|3356|1680|20473|47065|61574
44324|32595|174|399646|200329
12779|35598|52091|206810|214721
6720|1764|174|60068|205884
29075|174|216211|211575
44324|32595|174|54113
15605|35598|52091|206810|210063
2734|13786|263047|269680
4601|50869|41051|213286
2914|1299|6939|24796|63293
210312|4601|50869|52025|51939
58308|6939|6830|23520|264821|274070
40994|57463|12735|43391|214449
204092|1680|44709
57381|50304|1299|5511|60068|206406|210557
8220|3491|174|28189|266931|269250|271150
553|57463|12735|15464
29222|6939|268624|262594|268117
31742|1299|35598|52091|206810|202279
49544|2914|1299|35598|52091|206810|39558
6082|2914|1299|6939|24796
55222|174|204548|215728
6082|2914|1299|34927|202532
37739|3491|5408|47065|61574
3491|1299|35598|52091|206810|202279
28917|6939|1299|20473|212073
8220|1299|3491|20473|47065|61574
12859|6939|30893|13214|35634
3491|1299|917|214598
34854|22356|52468|271150
199524|174|3130|47065|61574
44324|32595|174|36065
24516|174|35598|52091|206810|48595
213241|28917|215730|209693
36924|6762|174|20473|47065|61574
41327|22356|28370|273514
35426|215596|1299|3356|28370|263535|268030
34927|1299|4230|52654|266493|61625
58308|6939|1299|48707
139317|44324|32595|174|48519
13030|1299|3257|19318|209896
55222|1299|6204|44592|49581|209693
202032|57463|12735|8517|5474
29680|174|35598|52091|206810|5598
12779|57463|12735|51559
28917|6939|1299|23520|262191|273027
6461|1299|60068|216213|205884
63927|1299|6453|4755|7768
29222|6939|41720|208229
29075|174|20473|47065|61574
12859|1299|174|3130|47065|61574
28917|6939|1299|21859|137443
44324|32595|174|46455|12056
58299|29632|215536
3356|174|216211|211575
1299|3257|28917|215730|209693
34800|58057|50673|174|37468|270551|263047
9044|1299|20473|399970
140627|137409|62000|212815|52053
49544|1299|8551|44709
136557|174|11432|271150|272738
35710|3320|174|399697|39967|399697
6423|20055|174|35598|52091|206810|56915
15547|6424|44592|49581|209693
139317|44324|32595|18423|137409|4637|6461|1299|16509
6830|7195|28343|2716
971|174|13786|263047|269680
58308|6939|6830|23520|262191|273027
9268|4764|1299|35598|52091|206810|48687
199524|174|3257|19318|201813
48070|6939|28917|6789
50629|174|60068|205884
7018|3356|52468|262393
12969|1299|6855|39904|47767
398465|1299|35598|52091|206810|34786
3170|6939|28917|47759
132825|174|3356|8119
174|3257|8551|44709
49788|1299|20473|201423
39801|5511|174|137409|206216|215172|214955
50300|174|5538|8194|29345
6762|174|10490|2722|12148|47065|61574
34019|29632|215536
29680|174|3356|8551|44709
39122|1299|6939|28370
198385|174|6461|394737
8220|6453|3257|28917|215730|209693
174|35598|52091|206810|208435
23673|3491|174|28189|266931|271615|273522|271150
12859|1299|8551|44709
12637|35598|52091|206810|34786|34789|34786
139317|44324|32595|174|209312
553|6939|28370
206356|50629|13335|400095
44324|32595|174|19750
2914|174|3130|47065|61574
30600|174|60068|205884
12956|174|13786|263047|267425
3701|174|35598|52091|206810|196638
29691|1299|20473|201423
12307|29691|1299|6453|29208
9268|4764|1299|3216|51032|41344|39707
58308|6939|7018|22317
23764|3356|1299|20473|47065|61574
139317|44324|32595|174|7195|30081
140627|2914|6424|44592|49581|209693
28917|6939|1299|20473|54721
48070|6939|30893|205563
12859|57463|12735|47123|24944
58308|6939|1299|54528
34019|2603|21320|5408|47065|61574
12969|1299|6453|29208
553|6939|50989|48116
49028|1273|6204|44592|49581|209693
4601|50869|34019|201281
36924|1299|56630|209944
680|1299|34927|202532
58308|6939|6830|23520|27665
55222|174|35598|52091|206810|197643
553|1299|3223|41327
51519|39351|1299|20473|399970
553|57463|12735|210021|211181|208293|212330|21245
32590|1299|21351|60132
48919|174|1916|47065|61574
577|1299|6762|49666|58224|214805
47160|174|13786|263047
40994|57463|41327|205330
151326|174|5459|200070
20912|12637|174|140227|44324|205369
50304|1299|8551|20473|47065|61574
207841|6939|2852|48091
2734|57463|12735|43391|51540
210312|4601|50869|58299|209114|202545
4181|1299|3356|8119
12586|3257|174|1916|47065|61574
398465|7922|2914|12859|47065|61574
139317|44324|32595|174|215656
398465|3320|1299|10490|2722|12148|47065|61574
174|13786|263047|52793
6830|174|13786|263047|262578
58308|6939|1299|20473|151361
4601|6939|28917|9110
4601|50869|34019|211868
12859|57463|12735|8517|213309
19653|30600|1299|201814|209896
28917|6939|1299|6400
28917|6939|1299|262287|396356
680|1299|201814|209896
44324|32595|174|20940
58308|6939|1299|39063|29108
15576|57463|12735|8517|12777
210937|6424|44592|49581|211507
12859|35598|52091|206810|12773|44884
7660|2516|1299|1680|20473|47065|61574
29680|174|21320|5408|50148
553|62255|52091|206810|196638
4601|50869|52025|212895|203766
16347|1299|3257|204548|215728
6730|6830|4637|20473|47065|61574
553|6939|2852|202874
58308|6939|1299|394102|400326
12859|57463|12735|9215
34019|6939|25192|29067
58308|59689|30781|1299|6855|39904|202605
28917|6939|1299|12293
139317|44324|32595|174|6914
3491|1299|198949|35676
49788|174|60068|216213|205884
48919|174|60068|211571
12637|20473|47065|61574
28917|6939|3170|206924
34854|1299|35598|52091|206810|59867
28917|6939|1299|36692
9268|4764|1299|35598|52091|206810|24881
50629|23764|35168|212999
57111|41327|22356|28370|28657
327983|37497|3491|3257|28917|215730|209693
15692|2914|30058|216211|44324|215172|214955|59449
1299|6762|49666|58224|214805
207841|6939|30893|13214|35634
28917|6939|8194|210213
58308|6939|3170|211956
20080|2914|1299|35598|52091|206810|214721
204092|6939|2852
999|6453|1299|6855|39904|202605
23764|1299|35598|52091|206810|202497
3170|30823|197071|174|44486
34019|6939|30893|13214|35634
31510|174|216211|211575
28917|6939|1299|19693
14907|3356|3257|28917|215730|209693
48070|1299|3356|28370|268521
398465|1299|35598|52091|206810|211101
57866|1299|1680|20473|47065|61574
20912|12637|47065|61574
8283|2914|13786|263047|262485|272707
20253|1299|17676|216211|211575
202032|57463|12735|51321
35280|1299|35598|52091|206810|197643
57111|41327|13786|263047|266089
28917|6939|1299|25899|14107
4777|2497|174|13786|263047|269488
4601|57463|12735|8517|5474
15605|57463|12735|211201
36924|1299|60068|216213|205884
8298|25091|1299|60068|216213|205884
45049|6696|5511|174|37468|61568|266460|61625
4777|2497|174|35598|52091|206810|196638
6461|174|13786|263047|262578
2734|57463|12735|15830|215555
293|3320|33891|216067|44244
58308|6939|61618|269288
2497|1299|4230|2716
22652|1299|56630|209944
559|28283|268744|2716
12637|57463|12735|8517|8456
39392|33891|4637|20473|47065|61574
136557|174|20473|47065|61574
49432|48362|1299|17676|216211|44324|205369
23367|1299|6424|44592|49581|211507
58308|35598|52091|206810
50877|5405|49581|209693
58308|6939|6830|23520|46198
205206|1299|6762|16735|273514
25160|1299|6855|39904|47767
44324|32595|174|213966
3701|174|60068|205884
28917|6939|1299|14717
174|16276|203019
35008|1299|6762|267470|263047
328964|23764|174|35598|52091|206810|214268
58308|6939|7018|399571
12779|62255|52091|206810|197643
12637|6939|28917|39134|39561|197695|210550
4601|50869|58299|35206
2734|264409|61832|266460|61625
196621|6939|28917|44812
6424|13786|263047|267961
37100|1299|20473|47065|61574
2734|57463|12735
13830|971|174|3257|28917|215730|209693
47692|33891|56630|209944
1273|1299|2914|226|47065|61574
204092|34019|47160|62000|47498|215172|201371
3701|174|201814|209896
50628|1299|174|140227|44324|205369
37697|3491|174|60068|211571
58511|1299|201814|209896
14907|6453|174|3130|47065|61574
3491|1299|6855|50698
20205|1299|56630|209944
207841|57463|12735|42216|62425|213751
7922|3257|28917|215730|209693
2914|1299|35598|52091|206810|57164
1299|6762|1680|44709
327960|174|3491|20473|399970
213241|9002|1299|198949|35676
271253|174|399697|39967|399697
29504|15935|174|3356|28370|268521
47147|1299|3356|28370|267608
16552|4637|33891|216067|44244
15605|57463|12735|8517|8456
3356|174|60068|216213|205884
20253|1299|35598|52091|206810|5598
199524|174|1299|3920|206777
28917|6939|7018|399571
64475|37271|20473|47065|61574
3320|1299|34927|202532
51088|6461|6424|44592|49581|211507
328964|23764|1299|35598|52091|206810|48687
136557|174|3257|8551|44709
1140|24785|6830|174|13786|263047|269488
28624|3356|1299|20473|47065|61574
7713|174|60068|197103|212080
3214|1299|8551|20473|47065|61574
3257|174|216211|211575
917|25369|1299|20473|47065|61574
20932|33891|60068|211571
29680|174|35598|52091|206810|39558
44324|32595|18423|137409|6461|174|53667|202256
28917|6939|1299|1759|29422
264479|6762|1299|198949|35676
4637|1299|56504|47674
28917|56630|209944
58308|6939|8943|44671
559|6939|28370|263060
35598|174|204548|215728
28917|6939|1299|23520|14638|35892
29504|15935|174|3257|60068|206406|210557
198385|15576|57463|12735|8517|205782
174|12956|3223|34224|12735
174|28189|266931|269250|271150
12956|1299|17676|216211|44324|205369
9268|4764|1299|3257|60068|206406|210557
28917|6939|25400|50270
198385|62000|212815|52053
50877|5405|6939|42695|52011
34288|1299|6762|267470|263047
15605|6939|28370|52593
20932|1299|2914|226|47065|61574
58308|6939|268944|271441
559|6939|33924
47147|1299|4637|20473|47065|61574
50304|1299|6762|49666|58224|214805
35600|6939|138997|216211|44324|215172|214955
29222|6939|25400|12929
28917|6939|1299|29802
6424|16276|203019
6730|6830|174|5538|8194|29345
29222|6939|2852|197277
6830|3356|28370|28657
28917|6939|1299|20473|203040
49432|48362|1764|5405|266493|61625
39122|1299|6855|50698
58308|6939|1299|8375|214019
7500|2497|174|35598|52091|206810|57164
28917|6939|200712
57111|41327|266493|61625
8758|15576|174|204548|215728
28917|6939|1299|3223|214673
6667|1299|56630|209944
31510|174|3356|28370|28657
58308|6939|1299|48851
19151|174|60068|216213|205884
209|3356|2914|12859|47065|61574
51873|6830|174|399697|39967|399697
139317|44324|32595|174|62807
28917|6939|1299|44239
32590|1299|12859|47065|61574
58308|6939|9136
58308|6939|1299|16880
4181|1299|4230|2716
58308|6939|1299|17676|4725
58057|34549|1299|33891|216067|44244
139317|44324|32595|174|200435
6777|57463|12735|15830|211686
58299|37662|37204|23764|1299|174|37442|36986
48070|6939|28917|44812
6461|174|35598|52091|206810|48687
44324|32595|174|54706
15605|35598|52091|206810|202279|213203
513|29222|6939|61618|267320
31122|174|216211|211575
7473|1299|3356|60011|34927|208690
513|174|204548|215728
2734|57463|12735|51559
8283|6939|25192|29067
15692|2914|6424|44592|49581|209693
139317|44324|32595|174|44166
20253|1299|6453|60068|216213|205884
553|6939|30893|204789
207841|57463|12735|60707|200334
174|35598|52091|206810|214210
553|57463|12735|8517|213309
49432|48362|1299|5511|60068|206406|210557
58308|6939|1299|394923
37662|174|3257|21034
42541|1299|60068|211571
48185|1299|8551|44709
6424|62255|52091|206810|211101
58308|59689|30781|33891|216067|44244
47147|1299|6939|2852|199711
51519|39351|174|13786|263047|266089
198385|15576|57463|12735|15464
20912|9002|62000|212815|52053
44324|32595|174|53667|152697
40994|57463|12735|29399
4608|7575|6461|28917|215730|209693
12637|35598|52091|206810|214268
136557|174|1299|20473|47065|61574
20912|12637|1299|198949|35676
34927|52025|32097|4230|2716
50628|6453|174|60068|205884
174|21320|5408|47065|61574
29222|6939|39791|198002
199524|1299|8551|44709
34177|1299|174|22381|267470|263047|264389
58308|35598|52091|206810|211101
210312|4601|50869|58299|209898|199553
23367|1299|56504|47674
513|29222|6939|199399
139317|44324|32595|174|270120
29222|6939|15935|197451|201931
139317|44324|32595|174|47787|203020
15576|57463|12735|60946
139317|44324|32595|174|54113
29691|8758|3303|28917|215730|209693
17660|6453|174|204548|215728
553|6939|30893|199580
15623|1299|6453|4755|7768
6830|9002|12555|198070
5405|14840|269288
327727|174|35598|52091|206810
58308|39801|29222|204957|202051
58308|6939|1299|20712
44324|32595|174|57225
13830|971|174|56630|209944
7474|7473|1299|35598|52091|206810|214721
58308|20764|43298|48678|205463|213799
207841|61049|174|20473|47065|61574
16552|6453|174|60068|216213|205884
28917|6939|1299|23520|10269
56655|1299|174|140227|44324|205369
29691|1299|60068|216213|205884
12779|174|60068|205884
12779|35598|52091|206810|48595
32590|137409|6461|28917|215730|209693
139317|44324|32595|174|200584
207841|6939|59689
215596|62000|6777|559
398465|1299|6453|29208
58308|6939|6830|23520|272935|267846
32590|37100|9002|62000|212815|52053
262427|174|35598|52091|206810|197643
6830|6453|8551|44709
207841|37468|52468|271150
207841|6939|30893|204789
47147|9002|21320|5408|47065|61574
39122|174|32595|44324
47147|1299|6939|28370
28917|22356|28370
198249|9002|12555
6830|6939|28917|48084|35816
35369|1764|174|11432|271150
20253|1299|35598|52091|206810|214268|197578
4601|6939|28917|201119
41327|13786|263047
151326|174|3356|3223|34224|12735
58308|6939|33891|60068
41666|57463|12735|57844
40994|6939|28917|20985
21700|174|35598|52091|206810|214721|204108
6057|6461|1299|8551|44709
1299|6939|51202|60742
48070|1299|3356|28370
213151|41051|58299|56630|209944
28917|6461|7473|33891|20940|16625
29680|3257|28917|215730|209693
139317|44324|32595|174|40092|30447
28917|6939|1299|23520|52468|273102
207841|57463|12735|8517|9095
48185|1299|7545|20473|47065|61574
5405|28283|268744|2716
917|60068|1299|3223|34224|12735
199938|1299|37468|60068|216213|205884
8455|1299|20473|201423
41327|61568|266460|61625
12637|57463|12735|208594
48200|6762|174|140227|44324|205369
553|62255|52091|206810|12773
139317|44324|32595|174|22131
210312|4601|50869|52025|205514
9044|174|20473|47065|61574
58308|6939|1299|10158
23367|1299|3356|28370|268198
199524|1299|35598|52091|206810|214210
39392|33891|20473|47065|61574
58057|174|34927|202827
20811|2914|1299|201814|209896
971|174|37468|61568|266460|61625
24516|174|35598|52091|206810|34786
327727|174|35598|52091|206810|214268
62000|6777|42541|205235
35600|50263|15935|204860|203385
58511|1299|8551|44709
35600|6939|28370|28657
3491|1299|35598|52091|206810
41327|6461|9498|20473|47065|61574
4455|6424|44592|49581|211507
17350|6453|174|60068|216213|205884
44324|32595|174|37649
20055|174|35598|52091|206810|57164
12350|1299|37468|53062|266493|61625
33891|137409|206216|215172|214955
37053|5713|174|3257|21034
328964|37468|174|11432|271150|272738
58308|6939|33891|59745
13830|971|174|13786|263047|264972
7594|174|52468|271150
7018|6939|50989|50683
2500|2914|6424|44592|49581|209693
3216|1299|37468|270551|263047
328512|5713|3491|174|37468|61568|266460|61625
2518|1299|25091|8298|4601|4492
8283|20764|52091|206810|196767
8529|1299|174|60068|205884
4601|50869|52025|214223
34019|6939|2852|212876
59414|3303|174|52468|271150
35598|174|6453|29208
28917|6939|1299|21976|88
14907|3491|138997|216211|44324|215172|214955|59449
17350|3356|174|3130|47065|61574
58308|6939|29208|209847|26383
11845|30844|174|201814|209896
49432|48362|1299|3356|28370|28657
4764|1299|35598|52091|206810|197643
210312|4601|50869|41051|215562
49544|6830|60068|216213|205884
29222|6939|40994|198510
3320|2914|12859|47065|61574
58057|174|35598|52091|206810|48687
3130|174|35598|52091|48158
60068|1299|3920|206777
139317|44324|32595|18423|137409|174|1299|4637|20473|40138
58308|6939|6830|23520|267797
2027|47160|6939|25192|29067
1140|24785|6830|6453|60068|216213|205884
29222|6939|12735|208594
31742|1299|56630|209944
36236|3257|1299|198949|35676
50629|20764|52091|206810|12773|211692|196629
3170|7195|20473|47065|61574
34177|3356|1299|6855|39904
7594|174|60068|205884
58057|174|216211|211575
971|174|3356|28370|28657
28917|6939|1299|13837
1299|6204|44592|49581|209693
12956|174|37468|61568|266460|61625
12779|57463|12735|8517|31689
5405|37468|60068|216213|205884
42541|62255|52091|206810|214268|196977
14907|3356|174|140227|44324|205369
21232|15576|57463|12735|210021
28917|6939|7018|16793
58308|6939|1299|9141|39869
37468|174|399697|39967|399697
24785|6830|3356|28370|268521
398465|174|3356|60011|34927|208690
8220|1299|3356|1680|44709
7018|3257|60068|206406|210557
6894|174|35598|52091|206810|59867
12637|1299|8943|200636
7473|6461|174|37468|61568|266460|61625
12779|57463|12735|15830|211686
12586|3257|1299|198949|35676
55222|174|14840|2716
6424|62255|52091|206810|56766
6830|174|35598|52091|206810|24881
58308|6939|24796
58308|6939|50629|207252|205563
32590|1299|4230|2716
41051|58299|22356|28370|268198
132847|7474|7473|1299|35598|52091|206810|196638
35600|30781|1299|8551|44709
48070|6939|28917|39238|49392
971|174|13786|263047
151326|174|204548|215728
32097|4230|52654|266493|61625
58308|6939|6830|23520|11081
17350|3356|1299|22773|8119
36924|1299|35598|52091|206810|59815|25299
36924|1299|37468|270551|263047
148968|1299|35598|52091|206810|211101
13030|28917|215730|209693
9044|1299|20473|47065|61574
28917|6939|1299|23520|27665|28067
3356|174|201814|209896
44393|394256|174|1299|20473|47065|61574
1828|6424|44592|49581|209693
5511|1299|20473|47065|61574
39122|1299|6939|393682
47160|174|13786|263047|267961
6830|174|20473|47065|61574
1403|577|174|20473|47065|61574
57463|6939|138997|216211|44324|215172|214955|59449
205206|1299|35598|25308|28917|204076
35266|2914|3356|21320|5408|47065|61574
199524|1299|34927|202532
28917|6939|1299|60068|197103|329324
8220|1299|35598|52091|206810|202279
15605|137409|206216|215172|214955
9304|33891|44592|49581|209693
8283|2914|13786|263047|61826
204092|6939|28917|197078
6730|6830|9002|12555|3227
6424|6939|29222|41495
58308|6939|2852|204772
29680|3257|1299|20473|201423
28917|6939|1299|21859
28917|6939|1299|5391|8585|57388
28917|6939|1299|20473|46793
3130|174|1299|198949|35676
28917|6939|1299|262206|262197|3573
28917|6939|1299|55410
42541|62255|52091|206810|34786
28917|22356|28370|263535|268030
20912|12637|1299|3257|28917|215730|209693
210312|4601|50869|41051|209527
58308|6939|3170|214670
266213|3356|21320|5408|47065|61574
327727|174|35598|52091|206810|214210
42541|1299|8551|20473|47065|61574
50304|1299|20473|201423
44324|32595|174|54413
34927|56655|1299|8943|200636
266213|3356|174|140227|44324|205369
34800|58057|50673|174|5459|200070
28917|6939|3170|57483
2734|16735|266931|269250|271150
58308|6939|56381|209844
8426|6777|57463|12735|201978|208425
151326|174|60068|211571
4601|50869|52025|201398
34019|29169|1299|8551|44709
49544|3356|174|20723|2852|202874
28917|6939|1299|6855|207696
207841|6939|29222|41495
58308|6939|1299|15659
174|13786|263047|262578
4601|50869|59645|211286
22356|33891|216067|44244
28917|6939|1299|52468|52238
174|1299|6855|50698
207841|57463|12735|8517|1967
204092|137409|206216|215172|214955
6667|1299|6453|8283|211840
28917|6939|62000|198831|210013
6830|3491|209810|207187|205345
24961|1299|6855|39904|199604
22652|1299|35598|52091|206810|35273
44324|32595|174|53667|210025
4601|50869|41051|215006
2497|174|35598|52091|206810|57164
4775|1273|174|56630|209944
50629|20764|52091|206810|211101
58308|6939|50629|212895
6830|137409|62000|212815|52053
210312|4601|50869|58299|209898
207841|57463|12735|8517|8678
58308|6939|1299|262206|262197|3573
6453|174|21320|5408|47065|61574
58308|6939|1299|399912
20485|174|52468|262393
28917|6939|1299|20473|397592
204092|6939|28917|47438
21412|1299|6453|29208
5405|62255|52091|59815|25299
6762|174|37468|61568|266460|61625
198385|174|1299|8551|44709
39122|1299|3257|19318|201813
21232|15576|35598|52091|206810|59867
44324|32595|174|20986
15576|174|20473|47065|61574
44393|394256|174|22381|267470|263047|264389
29140|174|20473|47065|61574
58308|6939|1299|394161
50628|1299|12956|212721
24961|1299|17676|216211|44324|205369
24516|174|201814|209896
24516|137409|62000|212815|52053
174|3257|19318|209896
196621|6939|2852|61110
6424|6939|28917|28775
553|62255|52091|206810|214268|197578
29504|15935|6461|52320|7738|262999|272466
44324|32595|174|11900
204092|6939|28917|6789|201069|207979
3491|174|62000|212815|52053
4181|3257|28917|215730|209693
328206|37739|3491|1299|25091|8298|4601|4492
553|57463|12735|15830|43352
49544|2914|174|60068|205884
199524|37100|1299|198949|35676
7474|3257|1299|20473|201423
139317|44324|32595|174|48266
7500|2497|1299|42303|51701|30893
29504|39392|174|1299|3920|206777
50131|174|1299|20473|47065|61574
15605|6939|2852|48091
28917|6939|1299|20115|20001|3456
559|35598|52091|206810|12773|44710
139317|44324|32595|174|15094
35280|6453|174|5538|8194|29345
293|3356|1299|3920|206777
28917|8359|57304|15935|204860|203299
3130|174|210|47065|61574
37100|6762|174|37468|61568|266460|61625
12307|29691|1299|3356|8119
32590|1299|6762|16735|273514
199524|1299|3223|41327
58308|6939|2852|198500
8280|6762|174|204548|215728
40994|57463|12735|206556
917|3214|1299|6762|267470|263047
327983|37497|3491|174|60068|205884
12637|57463|12735|206556
199938|1299|6204|44592|49581|209693
559|57463|12735|208594|202365
62000|1031|61568|266460|61625
14630|2914|6424|44592|49581|209693
174|52468|271150
15605|55685|1299|7713|141630
34800|58057|50673|174|60068|205884
29222|6939|8194|29345
20055|174|35598|52091|206810|202279
2914|1299|6855|39904|199604
34927|1299|6855|50698
196621|6939|28370|268521
35600|6939|28917|44056|57629
12779|22356|28370|273514
49544|1299|3257|20473|47065|61574
4608|1221|4637|33891|216067|44244
58308|6939|1299|3249|207568
7594|174|22381|267470|263047
139317|44324|32595|174|149522|150414
7594|174|399697|39967|399697
139317|44324|32595|174|4538
21700|174|1299|8551|44709
34177|1299|3257|28917|215730|209693
41327|6939|50989|205966
28917|6939|48678|209737
210312|4601|50869|52025|214223
139317|44324|32595|174|54413
34019|3223|34224|12735
199938|1299|3223|34224|12735
34872|24961|8283|47065|61574
210937|1299|198949|35676
202032|57463|12735|50875|34987
8283|6939|42695|43101
20205|1299|4230|52654|266493|61625
42473|1299|3356|28370|267608
62000|6777|20326
8426|6777|57463|12735|51540|206991
12637|35598|52091|59815|25299
3130|174|37468|53062|266493|61625
12969|1299|6453|19318|209896
57381|50304|1299|3356|28370|268198
207841|57463|12735|8517|31689
28917|6939|1299|41231
51519|39351|174|13786|263047|266089|52793
64475|57463|12735|205893
58308|6939|1299|21859|62610
971|174|35598|52091|206810|59867
20932|174|399697|39967|399697
215596|62000|1031|266493|61625
5413|1299|6453|8283|211840
202032|57463|12735|43391|201178
2500|2914|1299|35598|52091|206810|48595
174|3356|8551|44709
58308|6939|1299|56504
4181|1299|35598|52091|206810|39558
29222|6939|8194|206362
48070|57463|12735|15830|203979
12969|1299|56504|47674
35266|1299|35598|52091|206810|24881|24697
24961|1299|8551|20473|47065|61574
28917|6939|1299|20473|401466
28917|6939|48678|213407
28917|6939|1299|20473|142561
46450|1299|20473|201423
41666|44592|49581|209693
20932|1299|60068|216213|205884
31510|33891|216067|44244
44324|32595|174|41564
199524|1299|21351|60132
2914|174|5538|8194|29345
577|174|37468|61568|266460|61625
28917|6939|1299|20473|59467
14907|5405|266493|61625
13030|1299|7195|20473|47065|61574
12389|174|60068|216213|205884
16552|1299|6855|39904|199604
199524|21320|5408|47065|61574
3333|1257|1299|10490|2722|12148|47065|61574
40994|6939|28917|198297|51081
12779|62255|25308|28917|9049|51017
58308|6939|5405|214017
50629|6939|54429
49788|174|60068|205884
23764|1299|12859|47065|61574
64475|62255|52091|206810|34786|34789|34786
34549|1299|33891|216067|44244
34927|9002|21320|5408|47065|61574
17660|2914|1299|6855|39904|199604
2027|62000|56584|206033
5511|174|13786|263047|271068
15605|35598|52091|206810|39089
58308|6939|1299|201706|208677
3320|1299|17676|216211|44324|205369
2516|6830|34927|202827
15605|41327|13786|263047|269488
44324|32595|174|11240
7018|13335|400095
12637|57463|12735|29399
3130|174|13786|263047
559|29632|59682
199524|174|35598|52091|206810|56766
40994|57463|7713|1299|56308
14907|13030|28917|215730|209693
29680|174|28283|268744|2716
7474|3257|174|8551|20473|47065|61574
24482|6453|1299|20473|47065|61574
210312|4601|50869|6939|28370|268521
199524|174|14840|269288
6424|6939|28917|39238
49788|12552|28917|6768|59514|48693|213137
59919|9002|1299|201814|209896
19151|2914|1299|8551|44709
2914|5405|8943|200636
47147|1299|174|21700|399914
204092|6939|30893|199580
263152|174|35598|52091|206810|211101
58308|6939|50629|207252|215093
32595|174|3130|47065|61574
6777|57463|12735|209007
205206|33891|8943|200636
35600|6939|30893|205563
6894|174|35598|52091|206810|211101
28917|6939|1299|38930|16281
5413|6461|6424|44592|49581|211507
207841|32787|202161
4601|50869|215172|214955|199518
196621|6939|54429
139317|44324|32595|174|44372
999|6453|174|28189|266931|271615|273522|271150
23367|1299|3356|28370|267608
57866|9002|21320|5408|47065|61574
196621|6939|2852|198500
209650|34927|1299|60068|197103|212080
1299|3491|22356|28370|28657
49432|48362|6939|138997|216211|44324|215172|214955|59449
58308|6939|1299|399077
49788|1299|17676|216211|44324|205369
1403|577|33891|60068|211571
5405|13335|5408
20055|174|35598|52091|206810|196638
2518|1299|6855|39904|47767
210312|4601|50869|52025|212895|214533
58308|6939|1299|3301|199902
398465|3320|1299|8551|44709
3130|174|60068|205884
57866|5511|174|140227|44324|205369
20205|1299|21351|60132
50629|215551|30893|13214|35634
15605|57463|12735|15830|215555
553|62255|52091|206810|57460
4601|50869|41051|198209
327960|174|35598|52091|206810|214721
8220|6453|174|22381|267470|263047|264389
12637|6939|30893|204789
6830|174|35598|52091|206810|48595
13830|971|137409|62000|212815|52053
13830|971|174|46475|57463|12735|203963
28917|6939|1299|37662|329629|30844
16552|6453|174|210329|215728
50131|36236|2914|6424|44592|49581|209693
42473|1299|6453|8283|207487|18607
327727|174|35598|52091|206810|24881|24697
8220|1299|29695|206557|204503
6762|174|140227|44324|205369
49028|1299|6762|267470|263047
51786|15623|1299|174|60068|216213|205884
58308|6939|7018|15084
28917|6939|1299|20473|47065
32590|1299|35598|52091|59815|25299
15605|6939|30893
4601|6939|28917|39134
559|6830|60068|211571
29222|6939|30893|9423
16552|1299|20473|47065|61574
39351|174|210329|215728
553|62255|52091|206810|211692|31069
8280|6762|1299|198949|35676
8283|20764|52091|206810|48687
12307|57118|8283|47065|61574
139317|44324|32595|174|46437
148968|1299|174|204548|215728
34177|1299|6453|29208
20514|1299|6461|394737
50629|20764|52091|206810|24881
44324|32595|174|399646|13317
5405|6939|2852|201648
30058|216211|44324|215172|214955|59449
58308|9002|8772|215536
8283|6939|54429
917|60068|1299|9002|8772|396416
139317|44324|32595|174|43160|199195
263237|174|140227|44324|205369
57777|8298|25091|1299|10490|2722|12148|47065|61574
6762|174|20723|2852|202874
45049|6696|1299|7545|20473|47065|61574
32590|37100|1299|60068|216213|205884
28917|6939|1299|20473|138401
207841|6939|59970
140627|1299|33891|216067|44244
42541|62255|52091|206810|214268|197578
136557|174|1299|6939|24796|63293
49605|6762|2914|12859|47065|61574
207841|6939|28917|8926|200019|48753
20055|174|35598|52091|206810|214721
139317|44324|32595|174|397601
553|62255|52091|206810|202497
15576|57463|12735|216385
58308|6939|6830|23520|264821|271982
57381|50304|1299|3356|28370|53079
58308|6939|6830|23520|265580
139317|44324|32595|174|27258|399252
29222|6939|61618|268492
28917|6939|2852|197277
553|62255|52091|206810|12773|211692|196629
398465|3320|1299|8551|20473|47065|61574
41051|58299|174|60068|205884
559|57463|12735|43391|201178
42473|1299|3920|206777
59891|13030|1299|174|22381|267470|263047|264389
42473|1299|35598|52091|206810
15605|57463|12735|62095
8218|6461|174|210329|215728
328840|327727|174|1299|6939|24796|63293
29479|9002|3356|174|399697|39967|399697
4777|2497|174|13786|263047|267961
198385|15576|57463|12735|8517|207263
58308|6939|1299|19009|26889
151326|174|37468|61568|266460|61625
30781|3356|174|216211|211575
55222|174|13786|263047|262813
3170|174|13786|263047|264972
6830|3257|21034
58308|6939|42184|8454
210312|4601|50869|213605
6423|20055|174|13786|263047|267961
32590|4637|3257|174|3130|47065|61574
38930|174|140227|44324|205369
3356|1299|12859|47065|61574
58308|6939|1299|27947|264836
196621|33891|60068|211571
28917|6939|1299|29447
6830|174|28189|266931|269250|271150
28917|6939|1299|23520|28545|28512
140627|2914|3257|28917|215730|209693
9044|1299|5511|60068|206406|210557
35280|3356|174|3130|47065|61574
28917|6939|1299|21351|886
32590|1299|3223|34224|12735
8283|1031|61568|266460|61625
1299|35598|52091|206810|56766
50629|6204|208972|210538|6775|13030|4637|133398
58308|6939|1299|63139
25369|174|52468|271150
58308|6939|7018|6431
58308|6939|42184|43397
7018|3356|28370|263060
8426|3257|174|13786|263047|269680
20612|9044|1299|3257|20473|47065|61574
28917|6939|1299|136897
1299|6453|8283|207487|18607
58299|62255|52091|206810|39089
174|1299|25091|8298|4601|4492
4181|1299|60068|216213|205884
47311|150249|212001|215379
34800|58057|50673|174|32787|202161
852|1299|35598|52091|206810|24881
20514|1299|6453|29208
6424|174|46427|64289|44592|49581|209693
202365|8283|47065|61574
7018|6939|58308
58308|6939|1299|31915
7018|6453|19318|201813
24516|174|35598|52091|206810|35273
37199|6939|138997|216211|44324|215172|214955|59449
6424|174|21320|5408|47065|61574
210312|4601|6939|28917|48084|199961
6424|174|35598|52091|206810|24881
198249|7195|11432|271150|272738
327960|174|14840|2716
28917|6939|1299|23520|263248
34854|1299|6762|16735|2716
215596|174|21320|5408|50148
60068|33891|3223|41327
6730|6830|1299|198949|35676
29222|6939|263047|262578
57866|1299|20473|201423
35600|58453|30990|174|37100|36908|36909
2914|174|35598|52091|206810|56766
58299|62255|52091|206810|12773
58308|6939|28917|47438
207841|57463|12735|15830|48678
28917|6939|1299|33549
28917|6939|1299|20473|198558
207841|4657|38001|25192
14315|6453|1299|34927|202532
44324|32595|174|263194|262259
15935|174|28189|266931|271615|273522|271150
2734|57463|215248
29222|6939|62000|198825|214029
28917|6939|199081|209847|215540
41327|6939|54429
4601|50869|6939|15372|203592
263152|174|46427|64289|44592|49581|211507
51519|39351|62000|212815|52053
6461|33891|44592|49581|209693
12637|6939|33924
8426|6777|57463|12735|214593
136557|174|1299|8551|44709
58057|174|5459|200070
39122|1299|6939|24796|63293
139317|44324|32595|174|401847
34177|3356|1299|20473|201423
34177|1299|6762|49666|58224|214805
35280|1299|33891|216067|44244
204092|6939|2852|202874
58308|6939|1299|29264
32590|1299|2914|226|47065|61574
12779|57463|12735|8517|44639
1299|35598|52091|206810|202279
3491|1299|6855|39904|199604
29222|6939|28917|43714
35710|3320|1299|20473|47065|61574
202365|50673|174|216211|211575
47147|3320|33891|44592|49581|209693
23764|1299|174|140227|44324|205369
2497|1299|42303|51701|30893
29222|174|140227|44324|205369
2734|37468|270551|263047
16552|1299|42303|51701|30893
136557|174|35598|52091|206810|214268|196977
28917|6939|2852|197451
3170|49770|1299|29518
29222|6939|208453|52025|212895
398465|1299|35598|52091|206810|59815
1299|35598|52091|206810|59867
51519|39351|1299|6855|39904|205968
50628|1299|4230|2716
42541|1299|3920|206777
210312|4601|50869|6939|2852|200874
196621|6939|138997|216211|44324|215172|214955
39122|174|13786|263047|268105
34927|52025|174|35598|52091|206810|39558
6730|6830|3356|3223|41327
20912|12637|8772|215536
8426|33891|44592|49581|209693
29222|174|60068|205884
50304|1299|3356|8772|215536
2734|57463|12735|51321
48362|1299|3356|28370|268521
6830|3491|216211|211575
29222|6939|35168|21299
148968|7474|7473|1299|198949|35676
4455|33891|44592|49581|209693
7713|1299|12956|212721
24889|13030|21320|5408|47065|61574
328964|3491|2914|12859|47065|61574
4601|50869|6939|39790
553|57463|12735|8517|210690
206356|50629|1299|7545|20473|47065|61574
48185|1299|3223|41327
48362|1299|3491|7162|13878|52468|60503|268746|61625
5405|6939|207995
6082|174|5538|8194|29345
11039|6461|1299|35598|52091|206810|24881|24697
213151|6939|138997|216211|44324|215172|214955|59449
35266|1299|1680|20473|47065|61574
30600|174|210|47065|61574
12389|174|140227|44324|205369
48070|57463|12735|42216|51722|26383
6461|174|35598|52091|206810|214721
12779|52320|7162|13878|52468|271150
12637|57463|12735|216385
28917|6939|48678|209828
31742|1299|33891|216067|44244
51184|47692|33891|12859|47065|61574
59689|30781|5511|174|37468|61568|266460|61625
28917|6939|62000|208226|205778
28917|6939|1299|16509
48070|57463|12735|8517|48811
24785|6830|174|13786|263047|271068
23764|1299|35598|52091|206810|202279
28917|6939|1299|214415
28917|6939|1299|23520|6503|28469
35598|174|3257|19318|209896
24482|6939|138997|216211|44324|215172|214955|59449
28917|6939|1299|36352|399502
136557|174|30844|21351|60132
28917|22356|28370|263535
58308|6939|1299|208905|212616|215283
328206|37739|3491|174|11432|271150|272738
3170|174|60068|205884
50629|9002|12555|48430
35008|1299|6424|44592|49581|211507
48185|3356|174|20473|47065|61574
513|29222|6939|207767
553|6939|28370|263535
21232|13030|1299|6453|19318|209896
37053|37100|1299|60068|216213|205884
28917|6939|1299|11019|33059
58308|6939|62553|214757
50629|20764|52091|206810|214210
136557|174|1299|198949|35676
28917|6939|1299|16509|149172
8426|6461|62000|212815|52053
21232|15576|57463|12735|8517
50673|174|1299|20473|201423
13786|3356|1299|198949|35676
47692|3356|1299|201814|209896
4601|50869|199310
132825|174|3257|60068|206406|210557
3320|1299|35598|52091|206810|39558
6762|3257|28917|215730|209693
34927|56655|1299|7545|20473|47065|61574
28917|6939|1299|39063|29108
32590|37100|1299|201814|209896
24961|1299|6855|39904|202605
17660|2914|174|20473|47065|61574
29680|174|35598|52091|206810|59867
28917|6939|1299|20473|211966
35600|35598|52091
41327|22356|28370|269016
28917|6939|1299|52468|265684|272013
57111|41327|56630|209944
35710|3320|1299|8551|20473|47065|61574
58308|6939|1299|398465
28917|6939|1299|262223
20253|1299|52320|7162|13878|52468|271150
2603|21320|5408|47065|61574
6762|9002|62000|212815|52053
49544|1299|3257|210329|215728
136557|174|35598|25308|28917|9049|51017
2497|1299|35598|52091|206810|196638
64475|29632|215536
205112|50629|1299|8551|44709
40994|6939|24796
513|174|60068|197103|212080
21232|15576|35598|52091|206810|208435
28917|6939|1299|20326|35487
23367|1299|35598|52091|206810|214210
328840|327727|174|17378|8119
9002|3356|174|11432|271150
3491|6461|6424|44592|49581|211507
28917|6939|1299|18678|273850
12350|1299|3356|28370|263535
3130|174|22381|267470|263047|264389
210937|52025|212895|210320
6894|174|20473|47065|61574
271253|1299|6855|39904|202605
8220|1299|35598|52091|206810|24881|24697
35280|1299|8551|44709
6830|6453|4230|2716
58308|6939|28917|39153
207841|57463|12735|42216|51722|26383
49028|1299|6939|2852|199711
151326|174|35598|52091|206810|214268|197578
28917|6939|1299|44949
28917|6939|42695
2734|9304|136237|174|137995
1140|24785|6830|174|3130|47065|61574
50629|57463|12735|208594|48814
15605|35598|52091|59815|25299
48070|6939|28917|48084|35816
2914|174|35598|52091|206810|202279
50304|1299|60068|211571
12779|13335|399532
20473|2603|21320|5408|47065|61574
50673|174|32787|202161
210312|4601|50869|214757|212085
327804|37271|174|216211|211575
55720|2914|1299|8551|44709
36236|3257|28917|215730|209693
553|6939|39790
44324|32595|174|32440|40189
137409|3356|1299|20473|47065|61574
12307|29691|1299|174|140227|44324|205369
12637|35598|52091|206810|214721
20514|1299|35598|52091|206810|214210
16347|1299|60068|211571
5713|174|140227|44324|205369
63927|1299|3920|206777
29222|39801|199881
48070|57463|14840|2716
559|57463|12735|60707|216343
139317|44324|32595|174|402062|400164
58308|16276|203019
196621|15576|13335|400095
199938|1299|174|22381|267470|263047|264389
38001|3491|174|14840|269288
58308|6939|7018|2386
3130|174|1299|25091|8298|4601|4492
28917|6939|1299|132168|63689
6830|3491|209810|207187|202551
16552|1299|3356|21320|5408|47065|61574
35426|215596|1299|6855|39904|47767
6894|174|204548|215728
3701|174|20473|47065|61574
6424|6939|28917|8926|200019|48753
57111|174|1916|47065|61574
6830|3356|64289|44592|49581|209693
1140|33891|216067|44244
41666|20764|52091|206810|48595
14537|33891|216067|44244
12637|6939|28370|264426
215596|1299|3356|28370|263963
5405|137409|206216|215172|214955
34288|1299|6453|1031|61568|266460|61625
60068|1299|6424|44592|49581|209693
2027|6696|1299|20473|399970
17350|6453|1299|29695|206557|205190
58308|6939|7018|3573
58308|6939|3170|59410
37497|3491|2914|12859|47065|61574
3399|12859|47065|61574
8218|6461|1299|20473|201423
40994|6939|33924
8283|6939|58308
59105|138997|216211|44324|215172|214955|59449
58308|6939|33891|197999
35600|57463|12735|60707|206271
8455|1299|6855|39904|199604
28917|6939|1299|19332|265534
6894|2516|1299|20473|47065|61574
210312|4601|8298|25091|1299|198949|35676
12859|3216|1299|8402
24516|174|1299|8551|44709
215596|174|60068|205884
199524|1299|13335|5408
28917|6939|1299|54082|263725|269973
2497|174|35598|52091|206810|202497
34288|1299|6855|39904|199604
51519|39351|174|3257|60068|206406|210557
6830|6939|2852|200874
327960|174|1299|6855|39904
48070|6939|200303
23367|1299|3356|8772|215536
2497|1299|35598|52091|206810|214268
41666|57463|12735|212757
28917|6939|1299|208398
6894|174|13335|400095
28917|6939|1299|32798
28917|6939|1299|20115|33588
28917|6939|1299|23520|5639|27924
207841|6939|28370|263060
12859|137409|62000|212815|52053
327727|174|13335|5408
553|57463|12735|205757
5511|1299|12859|47065|61574
140627|1299|3216|51032|41344|39707
271253|6453|1299|198949|35676
7018|1299|35598|52091|206810|48595
15935|174|35598|52091|206810|214721
34927|52025|174|35598|52091|206810|34786
206356|50629|56630|209944
15935|174|35598|52091|206810
58057|174|21320|5408|47065|61574
28917|6939|1299|265840
42541|1299|60068|197103|212080
3170|57463|12735
20811|2914|1299|3920|206777
29222|6939|263047|269680
3170|6461|23352|20473|47065|61574
202032|57463|12735|15830|203979
3216|1299|20473|399970
12637|57463|12735|51476
3491|1299|60068|197103|212080
4601|8298|8283|3491|216211|211575
63018|174|210329|215728
17350|2914|174|37468|61568|266460|61625
28917|6939|1299|6424
7018|6939|28370|263060
44324|32595|174|216471
196621|6939|2852|202874
40994|57463|12735|15830|203979
136557|174|3356|3223|34224|12735
20253|1299|6424|44592|49581|211507
48070|57463|12735|47123|50055
12350|1299|6762|267470|263047
29222|6939|208453|205163
7018|3356|8119
9002|3356|174|20473|47065|61574
44324|32595|174|13335
6830|3356|1680|44709
44324|32595|174|263009|52559|274658
215596|62000|47498|59645|211286
151326|174|35598|52091|206810|202497
199938|1299|3356|28370|268521
6424|6939|28917|197078
4181|1299|34927|202827
140627|1299|29695|206557|208835
39122|1299|3356|1680|44709
56655|1299|174|216211|211575
398465|4826|1299|60068|216213|205884
28917|6939|1299|23520|272935|271804
328840|327727|174|13786|263047|268105
17639|174|52468|271150
513|174|3130|47065|61574
28917|6939|1299|60068|197103|396043
58308|6939|1299|28469
48919|174|8551|20473|47065|61574
12779|57463|12735|9000
3356|1299|3920|206777
58057|174|35598|25308|28917|204076
680|33891|44592|49581|209693
20514|1299|56504|47674
58308|6939|1299|3920
12779|6939|29222
8529|1299|3257|210329|215728
35600|57463|12735|211201
50304|1299|17676|216211|44324|205369
35280|6453|174|8551|20473|47065|61574
6730|6830|174|14840|269288
271253|1299|37468|53062|266493|61625
8283|6939|30893|13214|35634
553|62255|52091|206810|12773|44884
28917|6939|1299|19332|273255
7018|3356|21320|5408|47065|61574
4181|1299|29695|206557|205190
44324|32595|174|396949
35710|3320|1299|37468|53062|266493|61625
34019|29169|1299|198949|35676
31510|174|3257|20473|47065|61574
1257|174|13786|263047
11845|37468|1299|6855|39904
58308|6939|1299|263744
34019|264409|61832|266460|61625
24516|174|35598|52091|206810|56915
42541|7195|20473|47065|61574
12637|35598|52091|206810|208435
15576|35598|52091|206810|214268
513|29222|6939|12735|13335
51184|47692|62000|212815|52053
47147|1299|6453|4755|7768
852|2914|12859|47065|61574
28917|6939|1299|37680|328596
5511|174|5538|8194|29345
8220|6453|174|3130|47065|61574
15605|6939|33924
44324|32595|174|3819
15576|57463|12735|212757
58308|6939|15935|198143
198249|9002|12555|48430
11039|6461|1299|198949|35676
34177|6939|1299|20473|399970
2500|2914|1299|6855|50698
50673|33891|34927|202532
139317|44324|32595|174|397168
55222|1299|29695|206557
59891|13030|1299|6453|29208
28917|6939|1299|40061|31529
4181|1299|35598|52091|44660
139317|44324|32595|174|272406
210312|4601|6939|28917|48084|59833
513|174|7195|20473|47065|61574
196621|6939|28917|198297|51081
34854|1299|3356|28370|263963
41666|57463|12735|34476
174|60068|211571
264409|174|1299|6855|39904
55222|174|35598|52091|206810|196638
48070|57463|12735|208594
8283|6453|60068|197103|212080
17660|2914|1299|6855|39904
17350|3356|216211|44324|215172|214955|199518
213151|41051|58299|22356|28370|268521
44324|32595|174|28539
47147|1299|6939|2852|201648
328964|23764|1299|35598|52091|206810
44324|32595|174|47787|203020
19151|174|5538|8194|29345
577|1299|25091|8298|4601|4492
29222|6939|61618|267443
151326|174|35598|52091|206810|57164
12779|20764|43298|48678|205463|213799
210312|4601|50869|199310|202335
20514|1299|8551|44709
6730|6830|174|20723|2852|202874
28917|6939|1299|25899|33236
6777|35598|52091|206810|24881|24697
58308|6939|3170|214199
44324|32595|174|53366
37105|37662|174|12956|212721
51519|39351|1299|3223|41327
204092|34019|28917|215730|209693
34927|1299|12859|47065|61574
29691|13030|21320|5408|47065|61574
35600|6939|207995
29680|174|201814|209896
28917|6939|1299|23520|262191|264653
29222|6939|25400|21293
206356|50629|174|140227|44324|205369
37739|3491|174|56630|209944
39122|1299|1680|20473|47065|61574
3399|28917|215730|209693
41722|12389|174|20473|47065|61574
29075|33891|44592|49581|209693
32590|1299|3356|28370
37105|6939|138997|216211|44324|215172|214955
6730|6830|9002|197068
28917|6939|1299|52468|274278
28917|6939|1299|398013
21232|13030|33891|216067|44244
12969|1299|8551|44709
513|29222|6939|49418
49028|6461|62000|212815|52053
28917|6939|1299|9141|39869|59491
47147|3320|3257|28917|215730|209693
139317|44324|32595|174|17451
28917|6939|1299|25899
4764|1299|35598|52091|206810|8274
4601|50869|6939|2852|48091
28917|6461|17378|8119
6424|6939|28917|43714
28917|6939|1299|39208
29169|174|399697|39967|399697
8298|8283|3491|209810|207187|204943
31742|1299|6855|39904|199604
204092|50263|15935|198284
327727|174|37468|53062|266493|61625
28917|6939|1299|20473|401896|201640
33891|13786|263047
8426|6777|57463|12735|42216|62425|213751
35369|5405|6939|15372|203592
28917|6939|7018|13965
50304|1299|3223|41327
28917|6939|1299|23520|28545
58308|6939|208453|52025|212895|25389
553|1299|3356|28370|263535|268030
40387|1299|174|204548|215728
42473|6424|44592|49581|209693
58308|6939|1299|1759|51164|210167
4181|1299|3356|60011|34927|208690
44324|32595|174|45557
553|6461|210|47065|61574
50628|1299|3491|7162|13878|52468|60503|268746|61625
41666|57463|12735|8517|205782
398465|174|14840|269288
8218|6461|174|13786|263047|267961
64475|62255|52091|206810|39089
55720|2914|3257|28917|215730|209693
8283|12859|47065|61574
15576|35598|52091|206810|208435
28917|6939|1299|27947|264836|265762
1299|6855|50698
28917|6939|1299|20473|214216
44324|32595|174|197071|202135
4230|1299|34927|202827
15623|1299|7545|20473|47065|61574
29222|6939|12779|44219
58308|6939|1299|208893
1403|577|6830|34927|202827
6830|9002|12555
28917|6939|1299|30600|3801
2497|174|52468|262393
28917|6939|1299|20473|399992
6423|20055|174|35598|52091|206810|8274
52925|3356|1299|6855|39904
210937|1299|7545|20473|47065|61574
328840|327727|174|14840|2716
29222|6939|29670|49933
48070|4657|38001|25192
24961|1299|6762|16735|273514
49028|1299|6453|29208
8426|6777|57463|12735|212757
29691|13030|12859|47065|61574
20205|1299|29695|206557
41327|6461|32787|202161
198249|13335|400095
55720|3491|174|14840|269288
14630|1299|6855|39904|47767
58308|6939|7018|14654
2734|22356|28370|268521
398465|7922|1299|34927|202532
3549|3356|1299|22773|8119
215596|62000|6777|42541|204141
32590|21320|5408|47065|61574
29222|6939|6424|207990
6777|35598|52091|206810|50204
56655|1299|6453|19318|209896
15605|57463|14840|269288
3356|1299|22773|8119
215596|1299|6453|4755|7768
58308|6939|1299|52468|269853
513|174|60068|216213|205884
29222|6939|3170|206924
58308|6939|1299|23033|204957
199524|1299|35598|52091|206810|214268|196977
202297|23764|20485|35598|52091|206810|12773|57005
9002|3356|174|11432|271150|272738
58308|6939|25563
8220|1299|56504|47674
44324|32595|174|207136
6424|174|35598|52091|206810|48595
209|3356|216211|44324|215172|214955|59449
16552|1299|3356|28370|53079
35710|3320|1299|60068|197103|212080
971|174|3491|7162|13878|52468|60503|268746|61625
12637|57463|12735|42216|62425|197715
6830|1299|37468|270551|263047
139317|44324|32595|174|393681
19653|30600|174|52468|262393
151326|174|3356|16735|273514
9268|4764|1299|21351|60132
8283|6453|60068|216213|205884
34927|56655|1299|3491|7162|13878|52468|60503|268746|61625
199524|1299|17676|216211|44324|205369
58308|6939|1299|25956
44324|32595|174|22131
135895|6939|1299|20473|399970
28917|6939|15935|198284
5713|174|210329|215728
37497|3491|174|210|47065|61574
44324|32595|174|53667|206042
32590|6762|174|37468|61568|266460|61625
48070|6939|29222|513|12654
42541|57463|12735|8517|1967
47147|1299|174|13786|263047|267425
58308|6939|208453|52025|212895|214387
50629|57463|12735|214593
132825|174|210329|215728
51519|6939|138997|216211|44324|215172|214955
28917|6939|25400|21293
3399|5511|1299|20473|399970
49544|2914|174|5538|8194|29345
2516|1299|29695|206557|205190
32590|37100|1299|6855|39904|202605
30600|1299|3920|206777
25091|41327|24796|12779|197000
394256|6939|1299|20473|399970
196621|15576|174|216211|211575
28917|47311|150249|153176
23764|174|35598|52091|206810|211101
40994|57463|41327|13182
31742|1299|6453|29208
553|57463|12735|206556
59105|2518|2914|6424|44592|49581|211507
47147|1299|174|32595|44324
210937|6424|44592|49581|209693
12307|29691|1299|6855|39904|47767
58057|50673|174|1299|20473|47065|61574
205206|1299|37468|52468|271150
58308|6939|1299|3308
49544|3356|174|60068|205884
139317|44324|32595|174|1299|16509|21664
58308|6939|6830|23520|267823
327727|174|14840|2716
57381|50304|1299|3356|28370|269016
139317|44324|32595|174|56898
58308|6939|1299|29066|199491
34854|1299|17676|216211|44324|205369
35600|57463|12735|51559
11039|6461|1299|35598|52091|206810|56766
8283|6762|16735|52794|52659
58308|6939|1299|52468|271967
7594|174|35598|52091|206810|214268|196977
210312|4601|9498|20473|47065|61574
50304|1299|60068|197103|212080
61568|174|201814|209896
60326|34872|24961|1299|20473|47065|61574
57695|917|60068|1299|6855|39904|202605
47692|3356|174|21700|399914
36994|1273|1299|20473|399970
12779|6939|28370|268198
199524|1299|35598|52091|206810
7594|174|35598|52091|206810|56766
553|6939|2852|48091
28917|6939|1299|20473|394935
1273|1299|20473|399970
64475|7195|28260|270548|52794|52659
28917|6939|1299|63199
9044|2914|174|140227|44324|205369
31742|1299|3356|60011|34927|208690
50629|57463|12735|8517|24614
28917|6939|1299|60068|33059
50629|13335|5408
34019|6461|394737
48070|57463|12735|43391|201178
132825|174|35598|52091|206810|39558
12969|1299|3356|28370|269016
28917|6939|1299|6400|267896
39122|1299|6461|394737
1267|1299|8551|44709
12350|34177|33891|60068|211571
28917|6939|200462
971|174|56630|209944
48070|57463|12735|15830|198417
6424|9304|136237|174|137995|136237
28917|6939|7018|7764
2500|2914|1299|35598|52091|206810|48687
3399|47311|150249|153176
216211|44324|215172|214955|59449
37468|174|6762|49666|58224|214805
58308|6939|1299|212477
52025|174|37468|61568|266460|61625
40994|6939|60432
35280|6453|1299|198949|35676
58057|1836|6424|44592|49581|209693
58308|6939|1299|36352|27176|215120
14630|1299|8551|44709
19151|174|3356|8119
174|3257|19318|201813
12859|6939|60432
198385|29075|12859|47065|61574
174|3356|268624|28370|28657
263152|264409|174|201814|209896
25220|3356|174|3130|47065|61574
56655|1299|3257|28917|215730|209693
6730|6830|3356|8119
174|13786|263047|266089|52793
29222|6939|41720|213709
34927|52025|174|52468|271150
5405|6939|28370|269016
17660|2914|1299|198949|35676
210312|4601|50869|6939|2852|61110
28917|6939|1299|396986
198385|15576|57463|12735|8517|42626
139317|44324|32595|174|213527
204092|50263|15935|56747
7018|6453|29208
44324|32595|174|14051|23431
136557|174|3257|19318|201813
12637|6939|54429
16552|6453|174|21320|5408|50148
137409|28917|215730|209693
59919|12779|33891|216067|44244
6777|57463|12735|31704
28917|6939|1299|12252|272111
28917|6939|1299|62240
50628|1299|3223|34224|12735
6424|6939|2852|198500
50628|6453|174|60068|216213|205884
7660|2516|174|140227|44324|205369
8283|13335|400095
559|6939|60432
21700|174|3356|28370|28657
58299|62255|52091|44660
41666|20764|52091|206810|59867
12779|62255|52091|206810|39089
24516|6939|138997|216211|44324|215172|214955|59449
59891|6939|138997|216211|44324|215172|214955
327983|37497|3491|174|1916|47065|61574
24785|6830|174|140227|44324|205369
51786|15623|1299|20473|399970
148968|7474|3257|174|60068|205884
34177|3356|1299|60068|197103|212080
12637|35598|52091|206810
58057|174|138997|216211|44324|205369
28792|3257|5405|8943|200636
2734|13786|263047|268105
28917|6939|1299|20473|208260
37739|3491|1299|20473|399970
271253|174|35598|52091|206810|35273
50304|1299|6453|19318|201813
34019|21351|60132
8455|1299|3223|34224|12735
30844|21320|5408|47065|61574
5511|174|13786|263047|262578
196621|6939|2852|210498
30781|1299|6855|39904|199604
559|57463|12735|43391|50941
199524|50263|62000|212815|52053
58308|6939|6830|23520|64126|265721|271942|273121
4775|1273|174|140227|44324|205369
24785|6830|174|13786|263047|262578
28917|6939|1299|204805
328512|5713|174|60068|211571
50629|6939|28370|268521
8283|6939|2852|212876
139317|44324|32595|174|400529
202365|50673|174|6461|394737
64475|6939|2852|212876
45049|6696|1299|198949|35676
12637|35598|52091|206810|8274
3741|33891|44592|49581|209693
20811|2914|174|140227|44324|205369
58308|35598|52091|206810|34786|34789|34786
1140|24785|6830|3491|216211|211575
34019|9002|12555
15605|35598|52091|206810|12773|47809|50780
44324|32595|174|263157
138997|216211|44324|215172|214955|59449
204092|6939|28370|264426
6762|1299|10490|2722|12148|47065|61574
6424|53062|266493|61625
15605|57463|12735|212757
29222|6939|29208|49262
139317|44324|7720|10111|1299|12859|47065|61574
34019|1680|44709
50629|6939|2852|204772
39122|1299|3257|20473|47065|61574
28917|6939|1299|6855|203208
22652|174|13786|263047|267425
139317|44324|7720|10111|1299|198949|35676
15605|57463|12735|15830|198417
28917|6939|207767
41666|57463|12735|8517|31689
139317|44324|32595|174|7497|24151|23596
29222|6939|7018|399756
28917|6939|1299|20473|402127
20205|1299|16276|203019
29222|6939|2852|202874
13830|971|174|13786|263047|274841
28917|6939|1299|199524
6424|6939|196610
30781|33891|60068|211571
6424|6939|29222|204957
29222|6939|12735|15830|47952
58308|6939|553|5501
64475|6939|50989|50683
148968|7474|3257|174|14840|269288
206356|50629|6461|394737
198385|174|3356|268624|28370|28657
28917|6939|1299|30600|31875
13030|1299|174|140227|44324|205369
8283|20764|52091|206810|34786
15605|6939|54429
7594|174|35598|52091|206810|39089
6082|174|35598|52091|206810|197643
28917|6939|7018|22600
52925|3356|174|20473|47065|61574
8283|20764|52091|206810|8274
48185|1299|174|20473|47065|61574
4601|8298|25091|1299|60068|216213|205884
199524|174|7195|20473|47065|61574
51519|39351|6830|60068|216213|205884
58308|6939|1299|54113
199524|47311|150249|153176
34019|13335|399532
8220|3491|174|14840|269288
53828|3257|28917|215730|209693
55222|174|12956|212721
3130|174|22381|267470|263047
198249|9002|8772|396416
23764|1299|35598|52091|206810|214721|204108
53828|2914|174|35598|52091|206810|35273
58308|6939|47160
513|174|11432|271150|272738
4601|57463|12735|15830
28917|6939|1299|23520|263703|269946
3549|3356|1299|6855|39904|199604
34288|1299|6762|49666|58224|214805
328964|3491|1299|22773|8119
8758|9002|1299|8551|20473|47065|61574
34927|1299|201814|209896
28917|6939|1299|52468|28461
48070|1299|6855|50698
327804|37271|174|11432|271150|272738
23764|8455|8283|47065|61574
58308|6939|1299|21277|212573
39392|174|1299|20473|47065|61574
40994|174|35598|52091|206810|213694
31742|1299|3356|8119
34019|6939|2852|199711
136557|174|1299|12859|47065|61574
58308|6939|1299|3223|58744
327960|174|35598|52091
49028|1299|35598|52091|206810|214268|197578
44324|32595|174|214273
32590|7922|174|52468|271150
61218|6939|138997|216211|44324|215172|214955|59449
29680|174|21320|5408|47065|61574
2734|32787|202161
55222|174|20723|2852|202874
41722|20764|33891|60068|211571
21412|1299|3257|20473|47065|61574
41051|58299|22356|28370|263963
12779|35598|52091|206810|196638|42702
28917|6939|208453|52025|212895
50300|33891|216067|44244
6082|174|399697|39967|399697
58308|6939|1299|52468|273177
34927|1299|2914|226|47065|61574
917|60068|33891|62000|212815|52053
210312|4601|50869|44324
58308|6939|7018|36519
58308|6939|47160|214390
15562|2914|1299|6939|24796|63293
34019|7195|28343|2716
49432|48362|1299|20473|201423
7018|174|11432|271150|272738
28917|37468|270551|263047
60326|6939|1299|20473|399970
41666|57463|12735|8517
58308|59689|29075|174|216211|211575
58511|1299|6762|16735|273514
199524|37100|1299|6855|39904|47767
37053|37100|1299|198949|35676
28917|6939|1299|23520|11081
5713|174|21320|5408|47065|61574
44324|32595|174|48519
4181|1299|3356|1680|44709
51519|39351|174|22381|267470|263047
2497|1299|6424|44592|49581|209693
35600|6939|28917|201119
15605|35598|25308|28917|9049|51017
327727|174|35598|52091|206810|59815|25299
15605|35598|52091|206810|196638
2497|1299|8551|20473|47065|61574
47160|174|60068|216213|205884
293|2914|137409|62000|212815|52053
6939|1299|20473|399970
7474|7473|1299|3216|51032|41344|39707
327960|174|3356|16735|2716
58308|6939|1299|199610
264479|7195|33891|44592|49581|209693
199524|6762|1299|20473|399970
41666|57463|12735|209007
8220|3491|174|140227|44324|205369
264479|7195|1299|8551|44709
28917|3257|1299|20473|201423
28624|3356|1299|6855|39904|47767
58308|6939|28917|25386
28917|6939|1299|20473|44354
198249|13030|12859|47065|61574
15605|57463|12735|210021
513|29222|6939|263047|269680
4601|50869|52025|216096
4601|50869|41051|197885
216285|8280|6762|2914|12859|47065|61574
16552|1299|174|21320|5408|50148
15605|35598|52091|206810|12773|57005
7594|174|11432|271150
3214|1299|60068|216213|205884
48919|174|28189|266931|271615|273522|271150
40994|6939|28917|198297
4181|3491|5408|47065|61574
199524|174|6453|29208
31122|6453|1299|20473|201423
41327|174|216211|211575
35008|1299|6453|29208
28917|6939|1299|20473|153319
58308|6939|1299|393559
12779|57463|12735|62095
35600|50263|15935|198143
12859|1299|3356|28370|268198
40994|6939|28917|39238|51408
327727|174|46475|57463|12735|203963
50877|5405|6939|2852|197451
215596|62000|6777|559|196722
41051|57463|12735|3188
199524|1299|3356|28370|268198
15605|6939|50989|33837
59414|6830|60068|211571
6461|174|11432|271150
20811|6939|138997|216211|44324|215172|214955
17350|2914|30058|216211|44324|215172|214955|59449
58057|174|210329|215728
1273|3257|28917|215730|209693
45049|6696|1299|34927|202827
44324|32595|174|9146
6424|6939|33924
50629|20764|52091|206810
202032|57463|12735|208594
2518|2914|12859|47065|61574
58308|6939|6830|44239
12779|62255|52091|206810|202279
7018|3356|1680|44709
6894|174|35598|52091|206810|8274
59890|60068|33891|44592|49581|209693
271253|174|35598|52091|206810|56766
25220|137409|62000|212815|52053
2734|57463|12735|8517|207263
398465|4826|1299|201814|209896
28917|6939|1299|13767
52025|32097|32787|202161
21232|15576|35598|52091|206810|48595
28917|6939|1299|15830|3819
9268|4764|1299|35598|52091|206810|24881|24697
28917|6939|1299|8657|15525|204057
19653|30600|1299|34927|202827
28917|49581|209693
199938|1299|174|210|47065|61574
6777|57463|12735|210021|211181|208293|212330|21245
15412|33891|216067|44244
12350|1299|3356|8119
28917|6939|1299|23520|46650
58308|6939|1299|13443
58308|6939|1299|208905|206815
21232|15576|57463|12735|51540
49544|3356|174|204548|215728
3491|174|22381|267470|263047|264389
140627|1299|35598|52091|206810|57164
28917|6939|1299|20473|401778
50300|33891|60068|211571
1299|3356|16735|273514
50629|20473|47065|61574
20205|174|3257|9498|20473|47065|61574
209650|34927|1299|3491|7162|13878|52468|60503|268746|61625
394256|174|1299|20473|399970
37662|174|60068|211571
31742|1299|3356|28370|267608
58511|1299|6855|39904
48070|57463|12735|8517|15843
6730|6830|174|35598|52091|206810|24881
28917|6939|1299|60610|48686
63927|1299|20473|399970
64475|13335|400095
28917|8359|57304|15935|204860|203385
174|3356|3223|34224|12735
44324|32595|174|52438
44324|32595|174|395512
35426|215596|62000|6777|42541|204141
50304|1299|20473|399970
6461|6424|44592|49581|211507
513|21320|9002|62000|212815|52053
58308|59689|30781|1299|20473|399970
28634|4230|9002|62000|212815|52053
1403|577|174|140227|44324|205369
196621|15576|13335|399532
7473|6461|174|20473|47065|61574
3170|174|1299|3920|206777
4230|33891|216067|44244
44324|32595|174|57974|401452
49028|1299|35598|52091|206810|57164
12859|33891|216067|44244
28917|6939|1299|20473|214160
40994|57463|22356|52468|271150
21412|1299|12956|212721
2914|174|210|47065|61574
51786|15623|6830|60068|211571
22652|1299|35598|52091|206810|48687
40994|57463|41327|43648
6830|6939|2852|48091
12637|35598|52091|206810|202279|213203
13786|3356|174|140227|44324|205369
34927|174|210329|215728
971|174|37468|270551|263047
14630|2914|3257|28917|215730|209693
20130|23352|3257|5405|8943|200636
3170|6939|28917|50045
39122|1299|6939|196610|48927
3303|174|140227|44324|205369
51088|2603|21320|5408|47065|61574
139317|44324|32595|174|20473|395841
6424|6939|2852|210498
148968|1299|8943|200636
7018|1299|16276|203019
6461|1299|35598|52091|206810|211101
58308|6939|1299|27947
15605|57463|12735|34476
36924|1299|20473|399970
35710|2603|21320|5408|47065|61574
32590|174|216211|211575
55720|3491|174|28189|266931|269250|271150
139317|44324|32595|174|204979
58308|6939|5405|207137|209854
971|174|35598|52091|206810|208435
559|35598|52091|206810|210063
206356|6939|138997|216211|44324|215172|214955|59449
28917|6939|1299|30823|205787
32590|37100|1299|198949|35676
48185|1299|3257|28917|215730|209693
513|29222|6939|7794
28917|6939|1299|9299|20940
8888|137409|174|204548|215728
213151|41051|58299|22356|28370|267556
28917|6939|1299|10396
553|57463|12735|15830|48678
57111|41327|16164|36032
28917|6939|1299|20473|54681
132847|7474|7473|33891|216067|44244
34177|1299|3356|28370|268198
40994|174|8551|20473|47065|61574
971|174|3356|28370|268521
8283|6453|4755|7768
12859|35598|52091|206810|202497
49788|1299|3920|206777
48362|1764|5405|61568|266460|61625
58308|6939|7018|6621|28613
2027|47160|174|8551|20473|47065|61574
209650|34927|1299|3920|206777
50628|1299|3491|216211|211575
32097|4230|2716
13830|971|174|35598|52091|206810|24881
50304|1299|7195|28343|2716
8426|6777|57463|12735|50875|34987
58308|6939|1299|46475|59730
29479|50304|1299|6855|39904
394256|174|20473|47065|61574
44324|32595|174|209594
174|35598|52091|206810|5598
12779|35598|52091
6424|174|35598|52091
49028|1299|174|1916|47065|61574
3491|174|1916|47065|61574
48185|1299|37468|270551|263047
210312|4601|50869|41051|212977
64475|62255|52091|206810|56915
7660|2516|1299|917|214598
41722|12389|174|210|47065|61574
207841|6939|28917|6789|203561
29140|286|28917|215730|209693
39351|174|3257|19318|209896
5511|1299|34927|202532
3333|1273|174|52468|262393
263152|174|216211|211575
210312|4601|50869|41051|203226
38136|50131|174|1299|20473|47065|61574
34927|1299|174|60068|205884
40994|174|201814|209896
13830|971|174|5511|49666|58224|214805
44324|32595|174|63154
12859|57463|12735|51540|206991
327782|37100|174|140227|44324|205369
45049|6696|1299|174|210|47065|61574
35600|57463|12735|42216|62425|197715
9002|1299|17676|216211|44324|205369
47147|1299|3356|16735|2716
199938|1299|37468|52468|271150
12637|6939|28917|6789
35600|6939|59970
49028|1299|35598|52091|59815|25299
29222|6939|40994|205563
513|174|21700|399914
34927|56655|1299|37468|52468|262393
48070|6939|59970
28917|6939|1299|208905|206815
139317|44324|32595|174|394814
210312|4601|6939|28917|47438
25091|3356|174|3130|47065|61574
62167|174|60068|197103|212080
28917|6939|1299|269838
29222|6939|25400|198309
202032|57463|12735|15830|48678
553|28283|268744|2716
58308|6939|6830|23520|264773
53828|2914|174|8551|20473|47065|61574
51873|6830|12859|47065|61574
44324|32595|174|398843
6423|20055|174|35598|52091|206810
1140|24785|6830|3356|16735|273514
8426|6777|57463|12735|29088
3216|1299|6855|39904|47767
24516|174|35598|52091|206810|214721
57866|1299|20473|30893
174|10490|2722|12148|47065|61574
14315|6453|3257|28917|215730|209693
4601|50869|34019|208627
50629|3356|21320|5408|47065|61574
33891|8298|4601|4492
263152|264409|174|20473|47065|61574
34927|52025|1299|6855|39904|199604
16552|1299|35598|52091|206810|56766
917|60068|33891|3223|41327
57777|8298|25091|1299|8551|44709
6453|174|201814|209896
44324|32595|174|272373
139317|44324|32595|174|35986
50629|57463|12735|15830|201584
140627|1299|3223|41327
3491|1299|35598|52091|206810|48687
14907|1299|3356|28370|269016
210312|4601|50869|41051|209552
50304|1299|174|20473|47065|61574
35280|1299|35598|52091|206810|196638
7018|6939|50989|205966
35426|215596|1299|6453|29208
45352|1299|8551|44709
28917|6939|1299|18678|262589|272937
28917|6939|1299|20473|62517
513|174|13786|263047
327960|174|28189|266931|269250|271150
28917|6939|15935|56360
271253|6453|174|13786|263047|269488
29632|9002|1299|198949|35676
8283|13335|399532
17660|6453|174|399697|39967|399697
49432|48362|1299|6453|19318|209896
210312|4601|50869|212934
40994|6939|42695|52011
1299|3223|41327
6830|6939|50989|205966
266213|3356|1299|6855|39904|47767
199524|174|60068|205884
8218|6461|174|204548|215728
15605|35598|52091|206810|59867
139317|44324|32595|174|20135
58308|6939|1299|205763
49028|1299|7545|20473|47065|61574
13830|971|174|50509|51032|41344|39707
263152|174|10490|2722|12148|47065|61574
42541|1299|10490|2722|12148|47065|61574
50628|6939|138997|216211|44324|215172|214955
6453|9002|62000|212815|52053
139317|44324|32595|174|401429
6894|174|35598|52091|206810|214721
28917|6939|1299|52468|273190
58308|6939|2852|210498
57381|50304|1299|60068|197103|212080
28917|6939|1299|52468|272034
29222|6939|62000|208226|205563
6730|6830|174|35598|52091|206810|211101
917|60068|33891|12859|47065|61574
3491|174|20723|2852|202874
5405|62255|52091|59815
559|6939|30893|199580
40994|57463|41327|206182
29504|15935|174|3356|8119
52025|174|35598|52091|206810|211101
8426|6777|35598|52091|206810|50204
8220|3491|1299|198949|35676
58308|6939|1299|211393
28917|6939|1299|19637
199524|6762|1299|198949|35676
58308|59689|30781|1299|6855|39904|199604
20514|1299|6855|39904|205968
58308|6939|208453|214365
4637|3257|1299|3920|206777
202032|57463|12735|9215
8283|3320|6855|39904|202605
23367|3257|28917|215730|209693
34800|58057|50673|174|10490|2722|12148|47065|61574
50673|174|13786|263047|262578
213151|34549|1299|3223|34224|12735
6424|37468|52468|271150
51185|137409|62000|212815|52053
196621|15576|174|210|47065|61574
58057|34549|174|22381|267470|263047|264389
3356|174|13786|263047
59689|30781|1299|20473|47065|61574
57381|50304|1299|3356|28370|267608
28917|6939|1299|23520|273221
44324|32595|174|27747
198385|15576|57463|12735|8517|8456
28917|6939|62000|198831
3170|6939|28917
198385|174|1299|20473|47065|61574
553|1299|6939|28370|263060
5405|6461|394737
215596|1299|6939|393682
52873|12956|1299|6855|39904|202605
132825|174|35598|52091|206810|48595
328206|37739|3491|1299|6855|50698
264409|174|34927|202827
1299|37468|53062|266493|61625
6461|6830|34927|202827
29680|3257|9002|62000|212815|52053
29632|9002|1299|3920|206777
28917|6939|1299|60068|35487|399272
50628|3356|174|13786|263047
64475|6939|2852|200874
513|29222|6939|273556
210312|4601|6939|28917|6789|200702
52025|174|35598|52091|206810|59815
34927|52025|1299|3223|34224|12735
58308|6939|1299|53991
29691|1299|3356|60011|34927|208690
14315|174|6762|16735|273514
57777|9002|8772|215536
29222|6939|56595|58148
35426|215596|1299|3356|60011|34927|208690
30600|1299|35598|52091|206810|197643
58308|6939|6830|23520|52233
58308|6939|29208|60218
25152|2914|174|204548|215728
20912|12637|1299|7195|20473|47065|61574
210312|4601|6939|28917|198297
28917|6939|1299|40824|394094
20912|12637|1299|10490|2722|12148|47065|61574
28917|6939|1299|6204|25198
139317|44324|32595|174|19453
47692|3356|1299|6855|39904|202605
4601|6939|28917|47438
29222|6939|48678|209737
204092|6939|200303
52873|12956|174|20723|2852|202874
24516|174|3257|28917|215730|209693
917|60068|174|3257|19318|201813
56662|28917|215730|209693
47147|1299|3356|28370|53079
44324|32595|174|395500
29222|6939|35133|210558
51519|39351|174|13786|263047|267425
20253|1299|13335|399532
8426|6939|138997|216211|44324|215172|214955|59449
20811|9002|62000|212815|52053
1299|174|13786|263047|271068
204092|50263|15935|198143
8758|15576|174|52468|271150
44324|32595|174|7497|24151|23596
139317|44324|32595|174|51847|151338
28917|6939|32097|11867
198249|57463|12735|8517|1967
20253|1299|3356|28370|267556
2518|1299|35598|52091|206810
12389|174|1916|47065|61574
210312|4601|50869|214757|205941|206491
8426|3257|174|13786|263047|269488
34854|1299|174|3130|47065|61574
15605|57463|12735|8517|5474
58308|6939|29670|205740
139317|44324|32595|174|20278|395092
28917|6939|1299|6400|264817
139317|44324|32595|174|44788
34854|1299|3223|34224|12735
3130|174|56630|209944
28917|6939|39791|49101|211274
199524|1299|29695|206557|208835
3130|174|201814|209896
210312|4601|50869|34019|207910
39122|1299|6939|2852|210498
3549|3356|1299|6855|50698
28917|6939|7794
25152|2914|1299|35598|52091|206810|214268
210312|4601|57463|12735|60707|206271
58308|6939|2852
198385|15576|57463|12735|8517|210690
199938|1299|60068|216213|205884
28917|20764|43298|48678|205463|213799
12637|57463|12735|47123|24944
41666|57463|12735|212549
58308|6939|7018|19645
15576|13335|400095
8888|137409|6461|28917|215730|209693
42541|7195|28343|2716
20612|9044|174|210|47065|61574
6082|174|21320|5408|50148
4764|1299|62081|198408
58308|6939|1299|49788|212514|215295
28917|6939|1299|20473|28715
210937|1299|174|13786|263047
207841|6939|15372
4764|174|14840|2716
210312|4601|50869|215828|201541
4601|50869|6939|200070
37468|174|201814|209896
33891|34927|202532
174|138997|216211|44324|205369
13830|971|174|60068|211571
37468|1299|6855|39904
58057|50673|174|204548|215728
204092|30781|33891|60068|211571
63927|1299|3356|60011|34927|208690
553|57463|12735|34619
36924|1299|33891|216067|44244
28917|6939|271150|272738
39122|1299|60068|216213|205884
2914|12859|47065|61574
23367|1299|6762|16735|273514
34927|1299|174|1916|47065|61574
6424|6762|2914|12859|47065|61574
52025|174|210329|215728
44324|7720|10111|1299|60068|197103|212080
53828|2914|174|35598|52091|206810|24881
45049|6696|1299|20473|47065|61574
553|1299|5511|60068|206406|210557
174|21700|399914
39122|1299|6939|2852|210367
16552|1299|35598|52091|44660
4777|2516|1299|201814|209896
5511|174|37468|61568|266460|61625
12969|1299|3356|8119
28917|6939|7018|36610
328840|327727|174|35598|52091|206810|57164
4601|50869|34019|209090
139317|44324|32595|174|35041
196621|6939|28917|198297
58308|6939|1299|60068|212238
13237|1299|3356|28370|263963
210312|4601|50869|215172|201371
12637|6939|200303
58308|6939|33891|59716
60326|34927|1299|8551|20473|47065|61574
2518|1299|35598|52091|206810|39558
559|20473|30893
57866|1299|37468|270551|263047
6424|6939|2852|201648
12859|57463|12735|60707
44324|32595|174|42313|207502
28917|6939|1299|31242|198050
55720|3491|174|62000|212815|52053
6424|174|35598|52091|206810|39558
28917|6939|56595|205885
262427|174|35598|52091
41666|3216|51032|41344|39707
196621|16276|203019
20811|2914|6424|44592|49581|209693
8283|6939|28370|263060
327804|5713|174|8551|20473|47065|61574
14907|1299|20473|201423
199524|174|35598|52091|206810|5598
207841|16164|36032
210937|1299|3356|28370|263535
12779|7195|20473|47065|61574
32590|7195|174|60068|197103|212080
28917|6939|1299|3249|35106
8283|6939|2852|210498
28917|6939|1299|3301
8280|6762|174|3130|47065|61574
213151|34549|174|216211|211575
28917|6939|50989|33837
7594|174|35598|52091|206810|202279
12637|57463|12735|34476
6424|6939|28917|48084
136557|174|204548|215728
210312|4601|50869|6939|33924
28917|8455|8283|47065|61574
4601|50869|58299
12586|3257|1299|20473|47065|61574
20205|1299|1680|20473|47065|61574
28917|47232|20723|2852|202874
28917|6939|1299|11664|264733
271253|1299|3223|34224|12735
12779|174|22381|267470|263047
139317|44324|32595|174|16921
52320|1299|17676|216211|44324|205369
58057|34549|1299|3223|41327
174|3130|47065|61574
49028|1299|35598|52091|206810|48595
8283|7195|11432|271150
20205|1299|10490|2722|12148|47065|61574
199524|3356|174|20723|2852|202874
29222|6939|30893|13214|35634
44393|394256|174|3356|8119
37721|33891|216067|44244
50877|5405|22356|28370|263535
44324|32595|174|216302
8426|6777|57463|12735|15830|201079
2734|21859|138415|4229|1299|3786|138195|136800
55720|3491|174|399697|39967|399697
58308|6939|24796|63293
58308|6939|28917|9110
15605|6762|174|11432|271150|272738
58308|6939|1299|31898
199524|174|60068|216213|205884
44324|32595|174|6424|47787
513|29222|6939|48070|60894
40994|6663|3216|51032|41344|39707
139317|44324|32595|174|44222|209847|26383
58308|6939|1299|5518|34001
40994|174|60068|216213|205884
34800|58057|50673|174|3257|20473|47065|61574
262427|174|35598|52091|206810|214268|197578
29504|39392|174|1299|20473|399970
32653|3741|174|201814|209896
271253|174|35598|52091|206810|202279
58308|6939|6830|23520|52286|264764|273897
57866|6830|174|11432|271150|272738
60068|33891|3223|34224|12735
55222|174|35598|52091|206810|59815|25299
7018|6939|2852|199711
139317|44324|32595|174|27659
32590|1299|3356|28370|268198
58308|6939|1299|14722
28917|6939|1299|52423
44324|32595|174|6621
28917|6939|1299|60068|201216
6461|174|35598|52091|206810|196638
7500|2497|174|35598|52091|206810
13830|971|174|7311|835|394273
34854|1299|6453|4755|7768
148968|1299|35598|52091|206810|214268|197578
4775|1273|174|11432|271150
10111|7720|44324|215172|214955|59449
28917|6939|1299|23520|264821|274070
28917|6939|1299|23520|52286
328840|327727|174|28283|268744|2716
28917|6939|6830
4181|1299|35598|52091|206810|196638
12859|1299|3257|20473|47065|61574
6424|6939|28917|6789|203561
6720|33891|44592|49581|209693
20514|1299|6855|39904|47767
198249|57463|12735|205893
28917|6939|7018|11992|35892
29504|39392|33891|137409|206216|215172|214955
8298|8283|3491|216211|211575
15935|6461|210|47065|61574
28917|6939|1299|265530
44324|32595|174|35598|35196|206174
7594|174|35598|52091|206810|196638
328512|5713|174|10490|2722|12148|47065|61574
40994|6461|9498|20473|47065|61574
2914|174|35598|52091|206810|59815|25299
6730|6830|34927|202827
6453|174|399697|39967|399697
59105|2518|1299|35598|52091|206810|24881|24697
44324|32595|174|44143
35426|215596|174|21320|5408|50148
28917|6939|1299|20473|63150
4777|2497|174|35598|52091|206810|5598
16552|1299|12956|212721
6461|1299|20473|201423
58308|6939|1299|62255|215828
20912|12637|1299|17676|216211|44324|205369
3356|1299|60068|197103|212080
394256|174|60068|197103|212080
59890|174|60068|216213|205884
37497|3491|1299|34927|202532
12779|174|138997|216211|44324|205369
6762|1299|29695|206557|208835
44324|32595|174|63430
35426|215596|1299|3356|28370|267608
6057|174|8551|20473|47065|61574
29075|6830|60068|216213|205884
28917|6939|1299|21859|63473|201801
41666|20764|52091|206810|214268|196977
40994|57463|12735|43391
2734|57463|12735|206192
41666|28917|215730|209693
6696|1299|20473|399970
29075|33891|60068|211571
6453|1299|60068|216213|205884
50629|20764|52091|206810|59815
58057|34549|1299|3223|34224|12735
136557|174|60068|197103|212080
207841|6939|28917|39134|39561|197695|210550
58308|6939|41720|198747
58308|6939|1299|262206|18809|26105|264843
20055|174|35598|52091|206810|24881
207841|57463|12735|8517|24614
50629|1299|20473|399970
398465|3320|1299|20473|47065|61574
210312|4601|8298|51088|8455|1299|8551|20473|47065|61574
28917|6939|1299|20473|200936
44324|32595|174|142111
28917|6939|1299|14080
139317|44324|32595|174|22612
44324|32595|174|57961|205140|14789
58308|6939|28917|20985
50629|57463|12735|43391|209853
45352|174|210329|215728
34927|1299|35598|52091|206810|202497
20080|2914|174|140227|44324|205369
44324|32595|174|20473|395841
35369|1764|174|140227|44324|205369
328964|23764|1299|20473|47065|61574
57777|8298|25091|1299|3920|206777
48070|57463|12735|43391|214449
58308|6939|33891|29141
6424|174|35598|52091|206810|202279
28917|6939|1299|3225|50475
49432|48362|1299|56630|209944
174|28283|268744|2716
210312|4601|50869|41051|214763
32590|1299|35598|52091|206810|59815|25299
50628|6453|174|1916|47065|61574
28917|6939|1299|20473|215007
58308|6939|33891|44946
207841|6939|28917|6789|200702
58308|6939|6830|23520|11556
34019|6939|28370|52593
28917|6939|3170|49485
12779|6939|54429
7500|2497|1299|35598|52091|206810|35273
202365|50673|174|13786|263047|267961
29222|6939|3170|57483
34288|1299|60068|197103|212080
4601|57463|12735|15830|47952
32590|1299|3223|41327
210312|4601|6939|30893|205563
34927|1299|6453|8283|213576
398465|1299|6461|62000|212815|52053
12859|57463|12735|50875|34987
4601|50869|215172
4601|50869|215172|214955
29479|50304|1299|20473|399970
3320|1299|35598|52091|206810|213694
202032|57463|12735|8517|48811
28917|6939|1299|20473|398565
58308|6939|29208|20708
29222|6939|56595|207067
28917|6939|1299|60068|197103|328159
28917|6939|1299|395035
32590|12956|3257|28917|215730|209693
62167|174|204548|215728
28917|6939|6830|23520|262191|273849
205206|1299|6855|39904
34927|52025|174|37468|270551|263047
34854|1299|32787|202161
6082|174|60068|205884
215596|174|13786|263047|268105
28917|6939|1299|199408
20764|174|7545|20473|47065|61574
328206|37739|3491|174|11432|271150
47147|1299|3356|28370|263060
148968|1299|35598|52091|206810|5598
174|13335|399532
136557|174|216211|44324|205369
513|29222|6939|64475
12637|57463|12735|15830|43352
6461|1299|35598|52091|206810|196638
6667|2603|21320|5408|47065|61574
21412|174|60068|216213|205884
20514|1299|35598|52091|206810|8274
328964|23764|1299|35598|52091|206810|39089
28917|6939|1299|35661|42612
139317|44324|32595|174|21826|269946|274117
6453|1299|29695|206557
30600|1299|34927|202532
202032|57463|12735|60707|206271
7594|174|46427|64289|44592|49581|211507
28917|6939|41720
29222|6939|48678|211804|208913
32590|1299|6855|39904|47767
21700|174|35598|52091|206810|35273
21320|6424|44592|49581|209693
28917|6939|1299|62597
12637|57463|12735|208130
53828|2914|12859|47065|61574
8283|6939|30893|9423
28917|6939|1299|30823
553|6939|42695
28917|6939|1299|20473|62311
20912|174|35598|52091|206810
1267|1299|20473|399970
202032|57463|14840|2716
55720|2914|1299|35598|52091|206810|48687
58308|6939|1299|44239
8220|1299|3257|20473|47065|61574
262427|174|35598|52091|206810|34786
553|8551|44709
137409|174|204548|215728
51184|1764|174|201814|209896
55222|174|6762|49666|58224|214805
207841|57463|12735|60707|206271
1299|6855|39904|202605
21232|15576|174|52468|271150
6461|174|35598|52091|206810|24881
58308|6939|3170|215066
28917|6939|1299|19332|270141
8426|6777|57463|12735|212549
139317|44324|32595|174|1289
34927|28917|215730|209693
4601|50869|6939|2852|197277
41327|6939|28370|28657
6461|1299|35598|52091|206810|213694
60068|1299|34927|202827
34854|1299|3356|28370|263535|268030
196621|6939|16652
8529|1299|174|13786|263047
139317|44324|32595|174|11172|265625
12859|37271|20473|47065|61574
58308|6939|6830|23520|272935|273948
6762|174|34927|202827
210937|1299|174|204548|215728
5413|1299|8551|20473|47065|61574
327960|174|35598|52091|48158
15605|57463|12735|197941
35600|57463|12735|15830|201079
6082|2914|30058|216211|44324|215172|214955|59449
40994|6939|16652
513|29222|6939|204310
50628|6453|174|37468|61568|266460|61625
50629|60299|41798|39824|58172|35168|58172
559|35598|52091|206810|24881|24697
4230|1299|8551|44709
12859|57463|12735|15830|47952
16552|1299|35598|52091|206810|202497
40994|23764|20485|35598|52091|206810|57164
58308|6939|1299|54082|64150|63293
8529|1299|174|20473|47065|61574
136557|174|35598|52091|206810|213694
3170|57463|12735|48737
59105|2518|2516|3257|28917|215730|209693
47147|1299|174|60068|216213|205884
20811|2914|1299|198949|35676
44324|32595|174|202521
58308|6939|9136|206236|207921
8660|1267|1299|6855|39904
4601|8298|25091|1299|20473|201423
6830|9002|12555|212247
58308|6939|6830|23520|52468|52242
48070|6939|2852|61110
264409|174|1299|6855|39904|47767
136557|174|3356|9002|8772|396416
971|174|52468|262393
12389|174|60068|205884
209|3356|174|13786|263047
852|1299|34927|202827
15576|57463|12735|15830|34296
3741|174|22381|267470|263047
12637|1299|60068|197103|212080
58308|6939|1299|49222
28917|6939|1299|3301|199215
8283|6939|29222
34927|1299|6453|60068|216213|205884
2734|57463|12735|202588
37271|174|1299|20473|399970
30600|1299|35598|52091|206810|196638
50629|174|60068|216213|205884
3356|174|210329|215728
48362|1299|3356|28370|53079
202297|23764|20485|35598|52091|206810|214218
34019|47160|174|204548|215728
4181|1299|56504|47674
1103|6830|1299|20473|47065|61574
31122|174|3130|47065|61574
12637|174|210329|215728
58308|6939|28370|52593
28917|6939|1299|199524|51191
12859|57463|12735|60707|206271
37739|3491|174|34927|202827
21700|174|35598|52091|206810|211101
139317|44324|32595|174|214206|18636
28917|6939|7018|399756
4601|6939|28917|204623
852|1299|35598|52091|206810|57164
18106|137409|62000|212815|52053
263237|174|1299|20473|399970
6424|6939|28917|6789
28917|6939|6830|23520|54082|263725|271981
20253|1299|9002|8772|396416
3170|6939|28917|39134|39561|197695|210550
553|9002|12555|48430
204092|6939|2852|210498
15576|57463|12735
139317|44324|32595|174|36792
559|57463|12735|47123|50055
34019|266493|61625
57111|41327|22356|28370|53079
17350|3356|1299|198949|35676
32590|1299|3356|28370|28657
32590|1299|7545|20473|47065|61574
199524|174|13786|263047|269680
28917|6939|1299|33089
6424|6939|25192
62167|174|22381|267470|263047
24961|1299|174|140227|44324|205369
2497|2603|21320|5408|47065|61574
215596|1299|2914|226|47065|61574
15605|57463|12735|208594|48814
174|35598|52091|206810|24881|24697
42541|57463|12735|206402
1280|1299|20473|201423
207841|7195|28189|266931|269250|271150
5405|62255|52091|206810|210063
41327|22356|28370|53079
50304|1299|3356|28370|267608
49028|1299|37468|60068|216213|205884
49544|1299|201814|209896
917|60068|174|3257|19318|209896
34927|1299|174|60068|216213|205884
196621|58115|209042
199524|1299|4230|2716
852|1299|201814|209896
34549|1299|12859|47065|61574
28917|6939|1299|36352|27176
3303|174|35598|52091|206810
29075|174|3356|28370|28657
34927|1299|56504|47674
41327|137409|48011|25184|49801|204533
15935|33891|216067|44244
12779|57463|12735|15830|48678
207841|20473|30893
50673|174|204548|215728
28917|6939|7018|62907
199524|174|140227|44324|205369
1299|6453|29208
207841|6939|28917|47438
20253|1299|23764|35168|212999
7713|174|13786|263047|267961
6423|20055|174|21320|5408|50148
210937|1299|174|37468|61568|266460|61625
28917|6939|1299|48237|35819|42943
6424|8551|44709
6830|3356|28370|263060
50877|5405|6939|42695|43101
25220|3320|174|37468|61568|266460|61625
6424|21320|5408|50148
42541|14840|2716
35280|1299|35598|52091|206810|56766
29222|6939|8194|12509
2497|1299|35598|52091|206810|39558
5405|22356|28370|268198
398465|3320|1299|60068|197103|212080
2914|174|35598|52091|206810|57164
6424|6939|2852|210367
30844|5511|2914|12859|47065|61574
32590|37100|1299|8551|44709
28917|6939|1299|33932
139317|44324|32595|174|399646|40776
58308|6939|1299|20326
553|6939|59689
7474|7473|6461|174|37468|61568|266460|61625
1299|6939|393682
16552|1299|60068|211571
6424|6939|28917|21453|41783
199938|1299|6855|39904|47767
28917|6939|15935|197451|201263
327727|174|35598|52091
4181|1299|60068|197103|212080
35426|215596|1299|6855|39904|202605
51184|1764|174|399697|39967|399697
139317|44324|32595|174|18001
4181|1299|3223|41327
559|57463|12735|15830|211686
28917|6939|1299|23520|264821|272807
48362|1299|37468|270551|263047
28917|6939|1299|52468|271795
207841|57463|12735|8517|211249
58308|6939|1299|45102
198385|6939|138997|216211|44324|215172|214955|59449
139317|44324|32595|174|207096
137409|174|399697|39967|399697
48070|1299|33891|216067|44244
58308|6939|1299|3308|42789
42541|1299|56504|47674
3320|1299|20473|399970
553|62255|52091|206810|202279
50629|57463|12735|42216
58308|6939|6830|23520|263238|274004
58308|6939|29222|41495
45049|6696|6939|138997|216211|44324|215172|214955
3130|174|35598|52091|206810|208435
48070|6939|29222|513|20940
139317|44324|32595|174|12843
202032|57463|12735|210021|211181|208293|212330|21245
6424|174|140227|44324|205369
36924|1299|35598|52091|206810|214268
8455|1299|17676|216211|44324|205369
41722|137409|62000|212815|52053
174|32595|44324
50629|57463|12735|205893
174|13786|263047|274841
398465|1299|6855|39904|199604
28917|6939|1299|60068|197103|395893
3130|174|35598|52091|206810|24881
53828|3257|1299|34927|202532
44324|32595|174|398439
7018|6939|59970
51088|2914|174|5538|8194|29345
34800|58057|50673|174|2914|20473|47065|61574
29504|39392|174|1299|20473|201423
216285|8280|6762|1299|6855|50698
8283|6939|39790
35600|50263|15935|197451|207167|201922
1257|174|22381|267470|263047|264389
139317|44324|32595|174|12337
57111|41327|44592|49581|209693
8283|2914|13786|263047|262578
58308|6939|1299|262206|18809
13786|6939|138997|216211|44324|215172|214955|59449
204092|6939|50989|50683
64475|3320|1299|17676|216211|44324|205369
34019|6830|60068|211571
2518|1299|35598|52091|206810|57164
50673|174|5538|8194|29345
35600|57463|12735|50875|34987
28917|6939|1299|20473|204463
39351|6830|60068|216213|205884
15576|57463|12735|60707|206271
136557|174|35598|52091|206810|214721
8426|6777|57463|12735|9215
31742|6939|138997|216211|44324|215172|214955|59449
35600|35598|52091|206810|35273
8426|6777|35598|52091|206810|214721|204108
62167|174|6453|4755|7768
29632|9002|3356|174|140227|44324|205369
12389|1299|10490|2722|12148|47065|61574
31510|174|3257|19318|201813
28917|6939|1299|54082|64150|63293
58308|6939|1299|32787
553|57463|12735|42216|62425
20514|1299|35598|52091|206810|24881|24697
20253|1299|174|20473|47065|61574
58057|34549|3257|1299|20473|201423
4764|1299|6855|39904|202605
34927|1299|35598|52091|59815|25299
44324|32595|174|44297
28917|20764|43298|48678|213865
3701|3356|1299|12859|47065|61574
6894|174|8551|20473|47065|61574
37271|174|60068|216213|205884
28917|6939|1299|398465|23511
48070|57463|12735|43391|209853
48070|13335|399532
13030|1299|174|14840|269288
37105|37662|174|22381|267470|263047
34927|174|2914|20473|47065|61574
6423|20055|1299|6855|39904|199604
42541|1299|20473|47065|61574
8455|1299|60068|197103|212080
1299|8943|200636
4601|50869|58299|209898|199553|208948
34854|1299|7195|20473|47065|61574
6423|20055|174|13786|263047|61826
8280|174|1299|8551|44709
12859|57463|12735|57043
559|57463|12735|60946
58308|6939|6830|23520|27717|267809
59414|6830|5511|49666|58224|214805
553|57463|12735|8517|207263
23367|1299|35598|52091|59815|25299
12779|9002|12555|48430
20612|8758|6424|44592|49581|211507
20130|23352|2914|174|60068|205884
1267|28917|215730|209693
28917|6939|7018|22787
20205|174|60068|205884
6423|20055|174|13786|263047|271068
21232|15576|57463|12735|15830|47952
3257|174|14840|269288
3741|174|1299|6855|50698
29479|50304|1299|60068|211571
34854|1299|3356|28370|268521
28917|6939|1299|18734|20940
8220|1299|35598|52091|206810|24881
58308|6939|9120
139317|44324|32595|174|53667|38230
50673|174|20473|47065|61574
21412|9002|21320|5408|47065|61574
198385|15576|57463|12735|60847
2734|3257|174|8551|20473|47065|61574
28917|6939|1299|20473|209300|24239
21232|15576|35598|52091|206810|48687
5405|62255|52091|206810|56766
8283|50263|201814|209896
3170|35598|25308|28917|204076
51873|6830|174|140227|44324|205369
41327|16164|36032
1299|6939|50989|50683
34019|6939|30893|205563
207841|57463|12735|15830|34296
28917|6939|6830|33915|207894
6453|6461|6424|44592|49581|209693
140627|1299|3356|28370
29075|174|52468|271150
49028|1299|6453|19318|209896
198385|15576|57463|12735|29399
40994|57463|12735|60707|216343
8529|28917|6768|59514|48693|213137
174|56630|209944
140627|1299|8551|44709
28917|6939|199081
28917|22356|28370|267608
12637|47065|61574
31510|174|22381|267470|263047
29504|15935|13335|400095
2734|13786|263047|262485
58308|6939|1299|1759|51188|3274
28917|20764|52091|206810|214268|196977
12637|57463|12735|212805
139317|44324|32595|174|205544
58308|6939|208453|52025|58052
12779|35598|52091|206810|39089
198385|15576|57463|12735|214593
28917|6939|1299|18734|270137
47147|1299|4637|10111|7720|44324|215172|214955|59449
58308|6939|1299|37425
24785|6830|3356|28370|263535|268030
8529|6453|174|11432|271150|272738
6908|1299|20473|47065|61574
32590|12956|1299|201814|209896
34854|1299|174|210|47065|61574
4601|50869|41051|209556
3214|1299|3920|206777
139317|44324|32595|174|54804
207841|57463|12735|211201
58308|6939|1299|52468|28461
5511|174|399697|39967|399697
207841|6939|200303
35600|57463|12735|203963
140627|1299|20473|399970
50877|5405|9498|20473|47065|61574
12779|57463|12735|202588
12637|6939|59689
2734|57463|12735|9000|7155
6777|57463|12735|212805
48070|57463|12735|47190
28917|6939|1299|23520|263238|271933
58308|6939|1299|17072|278
64475|62255|52091|206810|211692|31069
2734|27364|2914|174|21555
327983|37497|1299|6855|39904|199604
18106|33891|60068|211571
19151|9002|62000|212815|52053
28917|6939|1299|23520|264847|64150
51519|2603|21320|5408|47065|61574
35600|6939|2852|48091
39392|174|1299|20473|399970
58308|6939|1299|20473|205398
57381|50304|1299|6453|19318|201813
3130|174|35598|52091|206810|24881|24697
3170|4788|21351|60132
28917|6939|1299|20473|197730
47147|1299|56504|47674
6830|3356|13786|263047|271068
34854|6939|138997|216211|44324|215172|214955
23367|1299|3356|28370|28657
20080|2914|1299|8551|44709
35625|3257|28917|215730|209693
28917|6939|1299|23520|272935|267845|272083
49605|6762|174|60068|216213|205884
6667|174|140227|44324|205369
7474|3257|174|20473|47065|61574
35600|57463|12735|15830|47952
148968|7474|3257|174|3130|47065|61574
55222|1299|20473|399970
46450|1299|6461|394737
58308|6939|1299|58317
58308|6939|6830|23520
553|57463|12735|210021|211181|208293|212330|20940|16625
29222|6939|50629|207252|215147
35600|57463|12735|210021|211181|208293|212330|21245
132825|174|12956|212721
29691|1299|2914|226|47065|61574
22652|1299|3491|7162|13878|52468|60503|268746|61625
207841|6939|25192|26710
398465|4826|9002|21320|5408|47065|61574
34019|47160|174|52468|271150
553|57463|12735|51540|206991
49544|33891|44592|49581|209693
56655|1299|7195|28189|266931|269250|271150
8283|6939|2852|201648
327727|174|137409|62000|212815|52053
50304|1299|174|216211|211575
4601|50869|6939|25192|26710
28917|6939|29670
58308|6939|1299|15164
7500|2497|174|35598|52091|59815|25299
4601|50869|56381
48070|1299|12956|212721
20912|12637|57463|22356|52468|271150
29222|1299|35598|52091|206810
553|1299|6762|267470|263047
4637|1299|201814|209896
6667|6830|60068|216213|205884
16552|1299|34927|202827
40934|137409|62000|212815|52053
136557|174|3356|8551|44709
6730|6830|174|28189|266931|271615|273522|271150
44324|32595|174|53893
44393|401753|34872|8283|47065|61574
64475|6939|28917|48084|35816
15935|174|210329|215728
47147|1299|3356|28370|269016
29504|15935|174|6453|4755|7768
58308|6939|6830|23520|267823|270003|273131
12859|4657|38001|25192
25160|174|210|47065|61574
28917|6939|1299|9498|45609
28917|6939|7018|2386
59891|13030|1299|20473|47065|61574
398465|174|13786|263047|271068
61049|52025|212895|210320
37271|33891|44592|49581|209693
58308|6939|6830|33915|208240
58057|174|35598|52091|206810|56766
49028|1299|6939|30893|199580
19653|30600|174|20723|2852|202874
1299|174|20473|47065|61574
28917|6939|1299|3223|41378
16552|1299|35598|52091|206810|24881|24697
2734|57463|7713|174|56308
58308|6939|32097|64236
8455|1299|20473|399970
34927|60011|3356|1299|12859|47065|61574
34800|58057|50673|174|21320|5408|47065|61574
553|57463|12735|197941
28917|6939|1299|30823|49418|215590
1267|1299|6855|39904|202605
8455|1299|174|3130|47065|61574
49028|1299|37468|53062|266493|61625
263152|264409|174|6453|29208
2734|57463|12735|216385
4608|4826|33891|44592|49581|209693
32590|6453|174|60068|216213|205884
28917|6939|1299|20473|199285
20205|174|22381|267470|263047|264389
8426|3257|174|1916|47065|61574
32590|12956|1299|6855|39904|199604
60011|3356|1299|60068|216213|205884
12637|57463|12735|47123|199419
20253|1299|60068|216213|205884
7594|174|210|47065|61574
58308|6939|29670|60802
35280|2914|12859|47065|61574
210312|4601|50869|6939|29222|513|20940
3399|5511|174|3130|47065|61574
40994|174|35598|52091|206810|202279
28917|6939|1299|213929
29504|15935|174|28189|266931|271615|273522|271150
559|6663|3216|51032|41344|39707
210312|4601|50869|41051|201911
34927|1299|3491|216211|211575
60068|33891|216067|44244
37697|3491|6461|62000|212815|52053
1257|1299|22773|8119
28917|6939|1299|20473|54041
44324|32595|174|273264
559|35598|52091|206810|59815
28917|6939|1299|5617|62321
199938|1299|10490|2722|12148|47065|61574
6424|174|20723|2852|202874
174|13786|263047|267961
50629|13335|400095
7474|3257|174|22381|267470|263047|264389
6424|62255|52091|206810|202279
41666|20764|43298|48678|213865
28917|6939|1299|15659
44324|32595|174|1097
34549|1299|198949|35676
6720|1764|174|3130|47065|61574
28917|6939|1299|213802
28917|6939|56595|206324|21433
28917|6939|7018|398222
4764|1299|21351|60132
210312|4601|7195|20473|47065|61574
29222|6939|3170|213692
553|62255|52091|59815
35426|215596|174|13786|263047|269680
15547|3303|174|20473|47065|61574
394256|174|1299|8551|44709
49544|2914|1299|35598|52091|206810|196638
7500|2497|6461|62000|212815|52053
28917|8359|57304|15935|56360
36924|1299|35598|52091|206810|59867
37697|37497|1299|201814|209896
1280|1299|174|140227|44324|205369
16552|30844|33891|216067|44244
40994|6939|28917|204623
51519|39351|174|60068|205884
45049|6696|62000|212815|52053
22652|1299|3356|28370|263535
42473|1299|20473|47065|61574
202032|57463|12735|208594|202365
29222|6939|29208|198605
58308|6939|28917|50923
210312|4601|50869|6939|42695|52011
15562|2914|6424|44592|49581|211507
6082|174|35598|52091|206810|57164
47147|1299|6939|28370|264426
327727|174|6453|29208
20253|1299|6453|8283|214958
20514|1299|3356|28370|263963
28917|6939|29222|41495|206202
1299|6453|8283|214958
29222|6939|7018|6431
132825|174|6762|49666|58224|214805
971|174|28189|266931|269250|271150
25091|6453|174|20473|47065|61574
4601|50869|58299|41051
8283|2914|226|47065|61574
28917|6939|7018|29992
32590|1299|3356|16735|273514
140627|1299|3356|28370|267608
6057|174|3130|47065|61574
21232|15576|57463|12735|34476
327804|37271|33891|216067|44244
1273|174|21320|5408|47065|61574
35280|6453|174|10490|2722|12148|47065|61574
1764|174|5538|8194|29345
47147|1299|6424|44592|49581|209693
136557|174|3356|28370|28657
16552|1299|56504|47674
8943|33891|216067|44244
62000|6777|559
51519|39351|174|216211|211575
58308|6939|1299|20473|399970
4230|174|399697|39967|399697
262427|174|35598|52091|206810|48687
139317|44324|32595|174|27988|272879
58299|174|140227|44324|205369
4601|50869|215828
57695|917|60068|1299|25091|8298|4601|4492
44324|49581|209693
23352|2914|174|3130|47065|61574
398465|1299|3356|28370|263535|268030
29504|39392|33891|7195|20473|47065|61574
39122|174|21700|399914
50629|6939|138997|216211|44324|215172|214955|59449
34288|1299|6762|16735|273514
58308|6939|1299|59437
15576|174|52468|271150
559|14840|269288
58308|6939|5405|213162
25369|174|140227|44324|205369
328206|37739|3491|174|34927|202827
3257|3356|21320|5408|47065|61574
28917|6939|1299|398465
207841|6939|24796
32590|12956|1299|6855|39904|47767
327727|174|13786|263047|264923
12586|3257|1299|20473|201423
6424|174|35598|52091|206810|24881|24697
263237|174|216211|211575
205206|1299|8551|44709
15605|6762|174|20473|47065|61574
58308|6939|1299|3308|3573
198385|15576|57463|12735|8517|15843
8220|1299|6453|29208
205112|33891|216067|44244
553|6939|28917|6789|200702
56655|1299|3491|20473|47065|61574
44324|32595|18423|137409|6424
262427|174|399697|39967|399697
44324|32595|174|263237|266830|28120
139317|44324|32595|174|53667|200329
50629|6939|28370|263535
8283|33891|216067|44244
29222|6939|28917|48084|35816
46450|1299|20473|399970
3320|1299|7195|11432|271150
29222|6939|207767|214948
41666|57463|12735|205893
207841|57463|12735|43391|57844
58308|6939|15935|204860|203385
35600|23764|35168|212999
204092|30781|1299|198949|35676
28917|6939|1299|20473|215150
64475|6939|2852|197451
971|174|35598|52091|206810|8274
61049|6939|1299|20473|399970
58308|6939|6830|23520|262191|272020
12637|1299|20473|47065|61574
21700|3257|1299|34927|202532
6424|6939|24796|63293
196621|6939|28917
6830|6453|29208
34800|58057|50673|174|6461|394737
12779|8772|215536
58308|6939|41720|213709
57111|41327|6461|17378|8119
20932|174|140227|44324|205369
286|33891|216067|44244
28917|6939|1299|20473|137521
50629|57463|12735|51540
58308|6939|1299|52468|27814|13335
397131|60011|3356|174|1916|47065|61574
8455|1299|174|140227|44324|205369
20055|174|35598|52091|206810|34786
37468|2914|174|140227|44324|205369
28917|6939|1299|54113
210312|4601|50869|6939|30893|205563
12956|174|60068|216213|205884
28917|6939|1299|20473|44421
6424|6939|28370|28657
8283|6939|50989|48116
58308|6939|1299|18678|262589|272937
12956|9002|62000|212815|52053
971|174|13786|263047|267961
15605|6939|2852|197277
8220|1299|3356|28370|263963
40994|57463|41327|16004
148968|7474|7473|1299|7195|20473|47065|61574
25152|2914|1299|201814|209896
16552|1299|60068|216213|205884
28917|6939|1299|33425
8220|1299|174|204548|215728
58308|35598|52091|206810|48687
11845|30844|21320|5408|47065|61574
136557|174|28189|266931|269250|271150
199524|3356|1299|34927|202532
207841|6939|28917|39238|51408
57821|12586|3257|1299|20473|399970
136557|174|3356|28370|268521
6082|174|210329|215728
58308|6939|1299|1759|51164|20574
196621|58115|21263|203293
44324|32595|174|16349
263237|174|6453|60068|216213|205884
28917|6939|1299|201319
174|3356|28370|268521
44324|32595|174|13693
6777|57463|12735|15830|137922
18106|174|22381|267470|263047|264389
16552|1299|6762|49666|58224|214805
139317|44324|13335|400095
15576|57463|12735|43391
210312|4601|6939|28917|35539
25160|174|60068|216213|205884
174|22381|267470|263047
28917|6939|1299|13536|19704
44324|32595|174|25509
62167|174|210|47065|61574
7473|1299|35598|52091|206810|56766
4601|57463|12735|8517|1967
12637|6939|50989
7018|6939|2852|212876
35600|58453|30990|174|37100|328514|327859
44324|32595|174|16276
5713|174|216211|211575
58308|6939|1299|51290
327727|174|399697|39967|399697
50629|2603|21320|5408|50148
42541|62255|52091|206810|202279|213203
28917|6939|1299|12252|136907
58308|9002|917|214598
52025|1299|42303|51701|30893
15605|35598|52091|206810|56915
17639|174|210329|215728
28917|6939|1299|20473|198219
61218|29632|9002|21320|5408|47065|61574
209650|34927|174|210|47065|61574
210312|4601|50869|6939|200070
50629|57463|12735|15830|48678
35600|6939|30893|199580
28917|6939|1299|23520|265620
40994|174|22381|267470|263047|264389
12779|1680|44709
6894|174|13335|399532
12779|13335|400095
34019|37271|20473|47065|61574
328964|37468|3257|174|140227|44324|205369
577|1299|201814|209896
58308|59689|29075|1299|174|37468|61568|266460|61625
28917|6939|1299|39386|25019
29222|6939|15935|197451|201263
139317|44324|32595|174|205035
207841|6939|28370|28657
8426|6777|57463|12735|205893
56662|25091|12859|47065|61574
50628|1299|3257|28917|215730|209693
44324|32595|174|3360
36924|6762|174|3130|47065|61574
12859|1299|6762|16735|273514
398465|4826|15412|33891|216067|44244
7660|2516|1299|6424|44592|49581|211507
42473|1299|3356|1680|44709
9268|4764|1299|29695|206557|204503
6424|13786|263047|271068
6424|6939|30893|200690
29075|33891|216067|44244
58057|50673|174|1299|3920|206777
215596|62000|215551|30893
271253|174|35598|52091|206810|24881|24697
48919|174|3130|47065|61574
6423|20055|174|3356|28370|28657
28917|33891|216067|44244
58308|6939|28370|268198
8283|20764|52091|206810|56915
29222|6939|7018|32119
15576|57463|12735|8517|44639
327727|174|35598|25308|28917|204076
7018|3356|28283|268744|2716
6453|174|22381|267470|263047|264389
6830|3356|16735|2716
202032|6939|138997|216211|44324|215172|214955
57866|5511|174|37468|61568|266460|61625
58308|6939|50989|33837
31742|1299|60068|216213|205884
34927|52025|174|35598|52091|206810|56915
58308|6939|7018|3423|13979|10616
25220|1299|20473|399970
210312|4601|50869|215509
2734|57463|12735|42216|12599
4601|50869|41051|201423
64475|62255|52091|206810|214721
50629|57463|12735|15830
6830|1299|34927|202532
7018|3356|16735|2716
56655|1299|6461|394737
9044|33891|60068|211571
58308|6939|56595|202590|200280
58308|6939|1299|29838|62731
41327|1299|20473|47065|61574
52873|12956|1299|10490|2722|12148|47065|61574
28917|6939|1299|20473|51939
15623|1299|174|140227|44324|205369
139317|44324|32595|174|4261
58308|6939|1299|14080|263710
7018|1299|201814|209896
28917|43350|60503|268746|61625
3214|1299|3223|34224|12735
22652|1299|35598|52091|206810|59815|25299
29222|6939|60294
28917|6939|1299|23520|264773
8220|1299|3257|28917|215730|209693
15935|174|3356|1680|44709
28917|6939|1299|211393
34927|56655|1299|5511|60068|206406|210557
20205|174|1916|47065|61574
58308|59689|30781|1299|6855|39904|47767
4601|6939|28917|39153
3170|6461|6057|28283|268744|2716
58308|6939|1299|27947|272819
15623|3303|28917|215730|209693
21232|15576|57463|12735|212757
293|3356|3257|28917|215730|209693
64475|6939|25192
12779|57463|12735|51476
139317|44324|32595|174|54706
18106|28917|215730|209693
28917|8359|57304|15935|25238
38001|3491|3257|28917|215730|209693
48070|6939|28370|263535
3170|6939|28917|34784
41327|174|52468|262393
57777|8298|8283|3491|209810|207187|207242
139317|44324|32595|174|401029
6082|174|20473|47065|61574
132825|174|20723|2852|202874
20253|1299|3356|16735|2716
139317|44324|32595|174|11990|17217
1828|21320|5408|47065|61574
28917|6939|35826|205311
28917|6939|1299|197190
21700|174|22381|267470|263047
22652|1299|7545|20473|47065|61574
8426|6777|35598|52091|206810|48687
28917|6939|1299|20473|39792
52873|12956|1299|201814|209896
148968|7474|3257|174|210|47065|61574
12779|7195|28343|2716
20514|1299|21351|60132
15562|2914|174|20473|47065|61574
41666|57463|12735|15830|198417
32595|174|37468|61568|266460|61625
28917|6939|7018|20182
3170|6939|28370|268198
58308|6939|25400|15765|203673
6424|62255|52091|206810|213694
50629|20764|52091|206810|57460
6082|174|21320|5408|47065|61574
29222|6939|30893|204789
6461|1299|35598|52091|206810|48595
24482|44324|215172|214955|215956
44324|32595|174|53667
48070|1299|6855|39904
58299|22356|52468|271150
58308|6939|1299|208905|212644
196621|6939|28917|47914
34927|1299|60068|211571
12637|57463|12735|15830
12779|8772|396416
58308|6939|25400|31264
50304|6461|62000|212815|52053
10111|1299|20473|399970
8283|7195|11432|271150|272738
29222|6939|42695
6424|273522|271150
4181|1299|35598|52091|206810|39089
6830|6939|30893|200690
59890|60068|33891|212815|52053
20253|1299|3356|28370|263060
7018|1299|35598|52091|206810|56766
58308|6939|7018|26830
58308|6939|1299|17072|272336
4601|50869|52025|214420
28917|6939|1299|20473|153057|153171
852|1299|35598|52091|206810
7594|174|35598|25308|28917|9049|51017
262427|174|3491|20473|399970
48070|6939|50989|50683
210937|1299|174|216211|211575
204092|6939|60432
24516|174|3257|19318|201813
139317|44324|32595|174|395461
1299|6939|24796|63293
852|1299|35598|52091|206810|56766
19653|30600|174|140227|44324|205369
16347|1299|6762|60068|205884
29504|15935|174|1299|22773|8119
51519|39351|174|3356|60011|34927|208690
20764|174|3356|28370|28657
3214|1299|2914|226|47065|61574
58308|13335|5408
2734|57463|12735|8517|31689
214443|6939|28917|52191
328840|327727|174|35598|52091|206810|56766
9044|28917|215730|209693
35426|215596|1299|6855|39904
58308|6939|6830|33915|58083
327960|174|28189|266931|271615|273522|271150
4601|50869|6939|29222|41495|206202
8283|20764|52091|206810|59815
12779|6939|50989|48116
44324|32595|174|36236|6838
271253|6453|1299|6855|50698
62000|1031|266493|61625
204092|30781|1299|20473|47065|61574
29222|6939|7018|1999
35600|50263|21263|202526
40994|174|3130|47065|61574
44324|32595|174|53667|211233
559|35598|52091|206810|12773|47809|50780
32590|174|52468|262393
15562|2914|30058|216211|44324|215172|214955|59449
61218|29632|9002|1299|8551|20473|47065|61574
58308|6939|56595|215320
210937|6939|138997|216211|44324|215172|214955|59449
50877|5405|1299|20473|47065|61574
6667|1299|3920|206777
47147|9002|6424|44592|49581|209693
35600|6939|25192
4601|50869|34019|209090|211781
210312|4601|50869|215248
8283|56630|209944
28917|6939|200070
3356|174|399697|39967|399697
4601|50869|6939|25192|29067
917|60068|174|5538|8194|29345
59414|3303|28917|215730|209693
59891|13030|1299|174|20473|47065|61574
34927|1299|35598|52091|206810|213694
29140|174|3130|47065|61574
204092|6939|29222|41495
513|174|7545|20473|47065|61574
559|264409|61832|266460|61625
328206|37739|3491|1299|6424|44592|49581|211507
50304|1299|3257|20473|47065|61574
917|60068|1299|23764|35168|212999
23367|1299|174|60068|205884
4601|50869|41051|401315
196621|15576|174|20473|47065|61574
327960|174|35598|52091|206810|211101
513|29222|6939|207841|216198|18040
271253|6453|174|60068|205884
4826|1299|20473|47065|61574
2734|57463|12735|8517|211249
15605|35598|52091|206810|213694
132825|174|399697|39967|399697
132825|174|28189|266931|269250|271150
6424|6939|2852|212876
22652|174|204548|215728
58308|6939|1299|17639|153322
139317|44324|32595|174|36671
25152|2914|174|37468|61568|266460|61625
51185|33891|216067|44244
199524|1299|10490|2722|12148|47065|61574
58308|6939|48678|44547
28917|6939|3170|22665
32590|12956|174|399697|39967|399697
12859|6939|25192|29067
48070|57463|12735|51540
31742|1299|3257|28917|215730|209693
29222|6939|269688
7018|6939|28370|267608
48070|6939|28917|6789|203561
57111|41327|22356|28370|269016
6424|6762|1299|198949|35676
8283|20764|52091|206810|202279
29222|6939|21430
55720|2914|1299|6939|24796
4764|1299|35598|52091|206810|5598
23367|1299|22773|8119
64475|6939|28370|269016
35600|57463|12735|15830
28917|6939|62000|208226|202986
198249|199524|1299|199524
40994|57463|41327|204947
34019|6939|50989|48116
263237|174|1299|34927|202532
198249|13030|1299|174|3130|47065|61574
29222|6939|208453|214757
5405|13335|399532
198385|15576|57463|12735|9000|7155
51519|39351|174|3356|8119
3491|174|35598|52091|206810|211101
3491|174|201814|209896
3170|174|56630|209944
20253|1299|35598|52091|206810|196638
44324|32595|174|329082
198385|15576|57463|12735|8517|24614
64475|13335|399532
34854|1299|35598|52091|206810|56915
29222|6939|35133|50917|215318
57111|174|3356|60011|34927|208690
3320|3257|28917|215730|209693
18106|174|210|47065|61574
21700|137409|62000|212815|52053
139317|44324|32595|174|24992
207841|57463|12735|15830|211686
207841|6939|28917|48084|59833
45352|33891|44592|49581|209693
58308|6939|6830|23520|269804|269893
20764|174|3491|7162|13878|52468|60503|268746|61625
41095|28917|215730|209693
29222|174|52468|262393
6830|6939|30893|199580
48070|6939|138997|216211|44324|215172|214955|59449
7713|174|8551|20473|47065|61574
28917|6939|1299|11664|274012
327960|174|14840|269288
64475|3320|1299|20473|399970
206356|50629|50263|201814|209896
35710|137409|62000|212815|52053
202032|58115|21263|202526
262427|174|35598|52091|206810|39558
6939|216211|44324|215172|214955|59449
49544|3356|3257|28917|215730|209693
29222|6939|3170|201579
58057|50673|174|13786|263047
8283|2914|13786|263047|266089|52793
198385|15576|57463|12735|212757
199524|1299|35598|52091|206810|39558
12859|2603|21320|5408|50148
397131|60011|3356|174|60068|205884
37105|37662|174|22381|267470|263047|264389
58057|174|35598|52091|206810|57164
50629|20764|52091|206810|196638
50131|174|60068|205884
20612|8758|15576|174|52468|271150
58308|6939|1299|27947|264836|265762
28917|6939|1299|23520|263703|273069
44324|32595|174|16276|64476
48070|6939|28917|6789|48004
34854|1299|5511|60068|206406|210557
9268|4764|1299|23764|35168|212999
28917|6939|268624|262594|269603
327727|174|13786|263047|262813|265917
28917|6939|1299|52468|265684
58308|6939|6830|23520|64126|266734|273048
51873|6830|174|60068|205884
12779|57463|12735|29399
3130|174|3356|16735|273514
58299|6204|214941|174|29802
34927|56655|1299|6453|60068|216213|205884
57111|41327|7195|28189|266931|269250|271150
13830|971|174|6453|19318|201813
174|3356|16735|273514
6830|3356|28370|267608
6424|62255|52091|206810|59815
12779|57463|12735|8517|2592
15605|57463|12735|209007
9268|4764|1299|62081|198408
50628|6453|3257|28917|215730|209693
58308|6939|268624|262594|268117
16347|1299|8551|44709
4601|50869|6939|50989|33837
205206|1299|3356|28370|269016
58299|22356|28370|263535|268030
8218|6461|174|20473|47065|61574
6908|174|20723|2852|202874
174|7195|20473|47065|61574
210312|4601|50869|44324|211729
7473|1299|20473|47065|61574
42473|1299|35598|52091|206810|214721
57111|174|10490|2722|12148|47065|61574
4777|2497|174|22381|267470|263047|264389
35600|50263|15935|197451|210604
20055|174|35598|52091|206810|59867
553|1299|37468|53062|266493|61625
3701|174|35598|52091|206810|24881
48070|57463|12735|62095
42541|1299|174|20473|47065|61574
21232|15576|57463|12735|216385
35266|6424|44592|49581|209693
53828|2914|174|21320|5408|47065|61574
7473|1299|35598|52091|206810|213694
17639|174|37468|61568|266460|61625
559|6939|42695
40994|6939|28370|268521
20055|1299|6855|39904|199604
34927|52025|174|35598|52091|206810|24881|24697
64475|6939|30893|13214
327804|6939|138997|216211|44324|215172|214955|59449
44393|394256|174|3257|19318|201813
8283|6939|42695
20912|12637|1299|60068|216213|205884
6424|174|34927|202827
8220|1299|174|3130|47065|61574
30600|1299|35598|52091|206810|202279
553|1299|37468|270551|263047
58308|6939|1299|21738
2516|1299|12956|212721
58057|174|35598|52091|206810|59815|25299
44324|32595|174|53667|38230
16552|2914|1299|35598|52091|206810|24881|24697
37105|37468|1299|198949|35676
1299|6424|44592|49581|209693
12350|1299|3257|28917|215730|209693
41666|20764|52091|206810|34786
31510|174|6453|29208
3216|1273|174|52468|262393
28917|6939|1299|14265
64475|62255|52091|206810|24881|24697
44324|32595|174|207866
31742|1299|6461|394737
58299|62255|52091|206810|196638
39351|1299|3223|41327
35600|58453|30990|174|37100|327708|32860
59891|13030|1299|12956|212721
31742|1299|3257|20473|47065|61574
58308|6939|1299|14522
12969|1299|56630|209944
58308|4601|4492
139317|44324|32595|18423|137409|6461|174|35661|214508
210937|1299|56630|209944
6453|1299|20473|399970
196621|6939|28917|48084|35816
41327|37468|52468|262393
3701|174|34927|202827
34854|1299|174|13786|263047
21412|1299|60068|197103|212080
553|9002|30081|174|30081
21232|33891|44592|49581|209693
15605|203489|9002|41327|214169
210312|4601|6939|28917|24651|39900
8218|6461|174|13786|263047|271068
6777|57463|12735|29088
213151|41051|58299|28917|215730|209693
4181|1299|6424|44592|49581|209693
28917|6939|1299|199544
28917|6939|7018|36040
23764|1299|174|3130|47065|61574
39122|174|20723|2852|202874
20912|174|28189|266931|269250|271150
139317|44324|32595|174|55410|24023
3257|1299|12859|47065|61574
4777|2497|1299|8551|44709
29222|6939|49418|213887
29222|6939|62000|198831|207466
34927|60011|3356|21320|5408|47065|61574
204092|6939|39790
2516|1299|20473|399970
2734|13786|263047|269488
17350|3356|6461|6424|44592|49581|209693
15547|174|3356|268624|28370|28657
140627|2914|1299|198949|35676
12859|35598|52091|206810|59867
9002|6830|60068|216213|205884
59919|9002|3257|28917|215730|209693
398465|1299|42303|51701|30893
40994|57463|12735|43391|57844
28917|6939|1299|35415|205186
139317|44324|32595|174|202978
29222|1299|6424|44592|49581|209693
57866|6830|60068|216213|205884
14315|174|11432|271150
58308|6939|1299|20521
3130|174|10490|2722|12148|47065|61574
28917|6939|1299|20473|153185|153190
293|3356|174|20473|47065|61574
139317|44324|32595|174|19624
45049|6696|1299|8551|20473|47065|61574
327960|174|62000|212815|52053
3320|1299|35598|52091|206810|214721|204108
13030|1299|6453|1031|61568|266460|61625
58308|6939|1299|208328
28917|6939|1299|23520|270111
328137|6939|138997|216211|44324|215172|214955|59449
34927|1299|35598|52091|206810|210063
38880|6939|138997|216211|44324|215172|214955
15605|57463|12735|205757
553|6939|30893|13214
28917|6939|7018|397556
8283|6453|8551|44709
58057|34549|1299|201814|209896
398465|1299|3356|28370|263535
4181|1299|6855|39904|199604
139317|44324|32595|174|399646|55223
44324|32595|174|401958
148968|1299|60068|211571
17660|2914|12859|47065|61574
15547|174|22381|267470|263047
28917|6939|1299|23520|52468|272058
32590|1299|35598|52091|206810|210063
58308|6939|6830|23520|52228|263785
35426|215596|174|11432|271150
20912|174|201814|209896
1403|577|174|204548|215728
58308|6939|1299|132168
35600|35598|52091|206810|211101
58308|6939|6830|23520|14638|35892
58308|6939|1299|3301|29217
7018|3356|28370|267608
271253|174|35598|25308|28917|204076
553|1299|20473|47065|61574
58308|9002|8772|396416
559|57463|12735|205877
6424|1680|44709
6830|3491|209810|207187
34927|5405|1299|20473|47065|61574
136557|174|3257|21034
917|60068|33891|7195|20473|47065|61574
215596|1299|3356|28370|268198
271253|6453|174|60068|216213|205884
202032|8772|215536
58308|6939|1299|48448
1299|6939|2852|210498
398465|1299|4230|2716
327960|327782|37100|1299|20473|47065|61574
6424|9304|136897|174|3491|137969|132824
35280|6453|1299|20473|47065|61574
34549|1299|3223|34224|12735
35369|1764|174|20473|47065|61574
2518|2516|174|3130|47065|61574
28917|6939|1299|20473|153185|136725
513|21320|33891|44592|49581|209693
12637|1299|7195|11432|271150
2497|174|37468|61568|266460|61625
12637|1299|6855|39904|199604
34019|7195|20473|47065|61574
6424|28283|268744|2716
6424|16735|2716
47147|1299|3356|28370|263535
398465|6424|44592|49581|211507
12779|57463|12735|50875|34987
136557|174|6762|16735|273514
47957|3356|174|3130|47065|61574
29222|6939|197301|202361
207841|6939|138997|216211|44324|215172|214955
3701|11164|6461|8899|60294|33891|50673|43414|43995
35426|215596|1299|3257|19318|209896
35280|6453|174|37468|61568|266460|61625
28917|6939|29222|207688
48070|6939|28917|48084|59833
44324|32595|174|398343|400509
16347|1299|60068|216213|205884
35008|1299|60068|216213|205884
397131|6939|138997|216211|44324|215172|214955|59449
8426|6777|57463|12735|43391|57844
58308|6939|1299|20473|52025
204092|6939|59689
29169|174|140227|44324|205369
28917|6939|3170|211956
28917|6939|1299|205467
29222|6939|29670|213341
2027|47160|174|11432|271150
51873|6830|60068|211571
12586|3257|1299|34927|202532
210312|4601|50869|41051|211715
35600|6939|2852|202874
7018|1299|60068|197103|212080
58308|6939|7018|10934
44324|32595|174|7040
24516|3491|5405|8943|200636
55222|174|35598|52091|206810|56766
57381|50304|1299|6453|1031|61568|266460|61625
28917|6939|1299|14080|263710
3170|35598|25308|28917|9049|51017
21700|174|35598|52091|206810|56766
8758|8220|1299|20473|399970
3491|1299|35598|52091|206810|8274
58057|50673|174|60068|205884
35600|6939|28917|12668|197404
29222|6939|6830|33915|208240
20932|1299|6855|39904|47767
58308|6939|7018|11992|399599
47160|3257|28917|215730|209693
37497|3491|174|60068|205884
1103|20965|5408|47065|61574
1031|999|6453|174|5538|8194|29345
13030|21320|5408|47065|61574
2518|2914|6424|44592|49581|209693
15547|174|3257|19318|201813
4601|50869|213768|274348
47957|3356|1299|20473|201423
28917|6939|1299|20473|214569
207841|6939|29222|513|12654
12779|57463|12735|3188
2518|1299|35598|52091|206810|59815|25299
48185|1299|8551|20473|47065|61574
29222|6939|25400|50270
205206|1299|174|210329|215728
3214|6461|8899|60294|33891|50673|43414|49784
35426|215596|1299|3356|28370|268521
29691|1299|3356|16735|273514
31510|174|1299|198949|35676
207841|57463|12735|47190
1764|174|3130|47065|61574
4601|6939|28917|6789|200702
2500|7660|11537|20965|5408|47065|61574
35266|1299|8551|20473|47065|61574
50673|174|22381|267470|263047|264389
44324|32595|174|1299|25091|8298|4601
139317|44324|32595|174|210743
41666|57463|12735|8517|210690
21412|174|140227|44324|205369
57821|12586|3257|174|1916|47065|61574
6423|20055|174|35598|52091|206810|39558
35598|1299|3223|34224|12735
12779|6939|28370|52593
199524|1299|35598|52091|206810|211101
394256|174|8551|20473|47065|61574
1299|174|21320|5408|47065|61574
20514|1299|37468|270551|263047
30844|3257|1299|20473|47065|61574
13830|971|174|3356|28370|268521
513|174|1299|3920|206777
210312|4601|50869|59645|216355
12859|1299|201814|209896
15935|13335|400095
57111|41327|3223|34224|12735
210937|1299|6204|44592|49581|209693
5511|174|14840|269288
1267|1299|174|204548|215728
205206|1299|6762|49666|58224|214805
44324|32595|174|28546
1280|2914|174|21320|5408|47065|61574
34927|52025|174|201814|209896
39122|174|210329|215728
53828|2914|174|20723|2852|202874
29222|6939|208453|52025
46450|1299|174|204548|215728
6667|174|20473|47065|61574
35600|57463|12735|8517|2592
64289|174|3356|28370|28657
917|60068|1299|6424|44592|49581|209693
398465|1299|29049|49666|205647|49801|204533
60326|34927|174|216211|211575
28917|6939|1299|22773|20940
40994|13046|1299|3326|43009
60068|1299|198949|35676
44324|32595|174|397601
20205|174|3356|268624|28370|28657
44324|7720|10111|1299|20473|399970
58057|1836|33891|216067|44244
12859|1299|6453|4755|7768
34927|52025|174|204548|215728
12859|14840|2716
28917|6939|1299|397519
6830|3257|37468|270551|263047
917|3214|1299|3223|34224|12735
7018|1299|35598|52091|206810|210063
29691|1299|6855|39904
32590|6453|174|399697|39967|399697
41666|1031|61568|266460|61625
207841|61049|174|140227|44324|205369
58308|6939|15935|200844
18106|6424|44592|49581|209693
28917|6939|1299|23520|27717
42541|62255|52091|206810|34786|41875
2734|57463|12735|60707|206271
6461|174|22381|267470|263047|264389
1299|6461|137409|206216|215172|214955
6894|174|35598|52091|206810|5598
58308|6939|1299|56898
5413|1299|174|37468|61568|266460|61625
15605|35598|52091|206810|34786|34789|34786
50304|1299|174|13786|263047
3399|174|30844|21351|60132
20932|1299|60068|197103|212080
174|2914|20473|201423
12779|57463|12735|60946
58308|6939|6830|23520|272935|271808
140227|3491|3257|28917|215730|209693
35600|6939|28917|204623
132825|174|137409|62000|212815|52053
204092|6939|28917|39238|49392|9098
34854|1299|3257|28917|215730|209693
47692|3356|21320|5408|47065|61574
34854|1299|7195|28260|270548|52794|52659
64475|6939|2852|213152
6894|174|35598|52091|206810|214210
30600|1299|35598|52091|206810|211101
12859|1828|13789|30372|3356|174|393216
35598|174|52468|271150
28917|6939|1299|20473|38047
8529|1299|12859|47065|61574
132825|174|22381|267470|263047
28917|6939|28370|264426
58308|6939|15962
206356|50629|33891|60068|211571
29222|6939|6424|49941
28917|6939|1299|60068|35487
210312|4601|50869|58299|59645
34800|58057|50673|174|1916|47065|61574
7720|10111|1299|3920|206777
64475|6939|25192|29067
51786|15623|1299|60068|216213|205884
20253|1299|3491|22356|28370|28657
48362|1299|174|20473|47065|61574
41327|1299|198949|35676
20932|174|60068|216213|205884
17639|174|140227|44324|205369
7474|7473|1299|35598|52091|206810|48595
328206|37739|3491|1299|20473|399970
15605|57463|12735|43391|50941
23764|3356|174|3130|47065|61574
28917|8359|12389|25549|1299|203660
210312|4601|6939|28917|39238|49392
210312|4601|6939|28917
140627|1299|6453|19318|209896
49028|1299|174|140227|44324|205369
28917|6939|1299|43646
42473|1299|8551|20473|47065|61574
215596|174|216211|211575
196621|6939|28917|47438
852|174|22381|267470|263047|264389
49434|9002|1299|3223|34224|12735
207841|6939|28917|21453|201646
28917|6939|49418|198981
28917|6939|1299|398105
58308|6939|33891|62359
28917|6939|1299|23520|270068
6424|174|1299|34927|202532
8426|3257|174|5538|8194|29345
29691|6939|138997|216211|44324|215172|214955|59449
7500|2497|174|35598|52091|206810|48595
58308|6939|1299|52468|272930
12779|174|22381|267470|263047|264389
58308|6939|6830|23520|10269|265818
2152|3356|1299|22773|8119
20253|1299|6855|39904
8298|8283|3491|209810|207187|207242
207841|37468|61568|266460|61625
30781|5511|174|37468|61568|266460|61625
50304|6939|138997|216211|44324|215172|214955|59449
17350|2914|137409|62000|212815|52053
559|57463|12735|47123|199419
58308|6939|1299|396993|50224
20253|1299|6461|394737
28917|6939|197580
20932|174|210329|215728
34854|1299|20473|399970
34019|6939|2852|61110
35266|1299|35598|52091|206810|59867
328512|37100|1299|198949|35676
14907|1299|8551|20473|47065|61574
40994|57463|41327|203726
4601|50869|41051|205415
29222|6939|61618|268797
59919|12779|56630|209944
50629|1299|198949|35676
46450|1299|174|3130|47065|61574
44324|32595|174|394634
13830|971|174|13786|263047|267961
1221|4637|1299|201814|209896
58308|6939|6830|23520|263703|274160
204092|6939|28917|48084|35816
6730|6830|3356|8551|44709
42541|7195|11432|271150|272738
139317|44324|32595|174|398113
198385|15576|57463|12735|57844
40387|1299|3356|22381|267470|263047|264389
37721|174|137409|206216|215172|214955
8426|3257|1299|20473|399970
55720|6939|1299|201814|209896
3333|12859|3223|34224|12735
9900|23764|3356|174|1916|47065|61574
139317|44324|32595|174|397409
28917|6939|1299|20473|57848
6424|1299|60068|216213|205884
29504|15935|174|12956|212721
13830|971|174|35598|52091|206810|56915
50629|33891|60068|211571
6777|57463|12735|208594|48814
174|6453|4755|7768
14907|1299|6453|4755|7768
34549|6424|44592|49581|211507
7713|1299|8551|44709
8283|20764|29049|49666|205647|49801|204533
58308|6939|7018|15130
14907|2914|174|52468|271150
8758|3303|174|52468|271150
1299|35598|52091|206810|196638
28917|6939|1299|23520|52228|13335
35369|1764|174|204548|215728
28917|6939|1299|24429
42541|57463|12735|15830
8298|8283|3320|6855|39904|202605
48070|1299|3356|16735|273514
58299|62255|52091|206810|196767
35710|3320|1299|8551|44709
58308|6939|274610|274772
28917|6939|15935|200844
57111|41327|37468|270551|263047
1140|24785|6830|174|13786|263047|267425
28917|6939|1299|37662|329246
51184|47692|33891|20473|47065|61574
24961|3356|174|140227|44324|205369
50304|1299|174|37468|61568|266460|61625
4601|57463|12735|60707|206271
28917|6939|205479
34927|60011|3356|1299|60068|216213|205884
2497|174|21320|5408|47065|61574
266213|3356|6461|6424|44592|49581|209693
14537|52925|3356|1299|20473|47065|61574
28917|6939|1299|60068|26383
41666|57463|12735|51321
49028|1299|3257|20473|47065|61574
7018|2914|226|47065|61574
12307|29691|1299|174|20473|47065|61574
3170|6939|28370|263535
198385|15576|57463|12735|62095
21232|15576|35598|52091|206810|5598
52925|3356|3257|28917|215730|209693
58299|22356|28370|28657
57381|50304|1299|7545|20473|47065|61574
58308|6939|60294
52025|174|201814|209896
28917|6939|7018|14858
2497|174|34927|202827
29222|6939|29670|47496
50629|20764|52091|206810|8274
2914|174|32595|44324
31742|174|3356|28370|28657
52025|174|35598|52091|206810|56766
12637|57463|12735|62095
56655|1299|3356|20473|47065|61574
1140|24785|6830|3356|28370|28657
12859|57463|12735|43391|214449
7195|6424|44592|49581|211507
4777|2497|174|35598|52091|206810|214268
34549|174|399697|39967|399697
47147|3320|1299|8551|44709
174|3356|1680|44709
132825|174|35598|52091|206810|214268|197578
57695|917|60068|28917|215730|209693
3130|174|13786|263047|274841
58299|62255|52091|206810|5598
553|1299|3356|28370|268521
48185|1299|22773|8119
44324|32595|174|43766
50629|6939|50989|48116
28917|6939|1299|835|34927|25957
210312|4601|50869|41051|200306
917|60068|174|3257|20473|47065|61574
44324|32595|174|55655|64315
16552|3257|174|1916|47065|61574
199938|15943|28917|215730|209693
20205|174|204548|215728
50629|8551|20473|47065|61574
58308|6939|1299|8151|20940
57111|174|140227|44324|205369
139317|44324|32595|174|211083
17639|174|21700|399914
32590|12956|1299|6855|39904|202605
49432|48362|1299|3356|28370|53079
209650|34927|174|3130|47065|61574
20912|174|28283|268744|2716
12637|1299|10490|2722|12148|47065|61574
398465|174|13786|263047|267961
24785|6830|3491|216211|211575
327983|37497|3356|3257|28917|215730|209693
2516|1299|917|214598
37100|6939|138997|216211|44324|215172|214955|59449
47147|4637|10111|7720|44324|215172|214955|59449
49028|1299|6939|33924
3170|13335|399532
207841|57463|12735|50875
34927|1299|3356|28370|267556
4775|1273|174|20473|47065|61574
49788|1299|2914|226|47065|61574
12779|47065|61574
12859|35598|52091|206810|24881
58308|6939|5405|207137
204092|6939|28917
210312|4601|50869|6939|50989
64475|62255|52091|206810|12773|44884
58308|6939|1299|47583
12637|57463|12735|8517
59105|2518|1299|20473|47065|61574
28917|6939|1299|52468|271882
215596|174|210|47065|61574
139317|44324|32595|174|63430
57111|41327|22356|28370|263535
58299|262999|272466
15576|13335|399532
41327|2603|21320|5408|47065|61574
58308|6939|1299|52468|265632
12859|57463|12735|15830|198417
50629|57463|12735|43391|51540
13830|971|174|35598|52091|206810
174|1299|20473|201423
25160|174|10490|2722|12148|47065|61574
14537|174|204548|215728
6667|174|60068|205884
3257|174|13786|263047|271068
24516|3491|3257|28917|215730|209693
29504|39392|174|60068|216213|205884
198385|174|10490|2722|12148|47065|61574
30600|1299|35598|52091|206810|214721|204108
16347|1299|6453|60068|216213|205884
28917|6939|1299|21559|271945|269931|272027
12779|62255|52091|206810|214268
20514|1299|8943|200636
36924|1299|3356|13786|263047|267961
1103|2914|30058|216211|44324|215172|214955|59449
6424|1299|3920|206777
50629|57463|12735|15830|137922
132825|174|3491|7162|13878|52468|60503|268746|61625
207841|6424|44592|49581|209693
35280|1299|42303|51701|30893
28917|6939|1299|208905|212616
210937|1299|6855|39904|202605
8283|22356|28370|268198
34927|52025|174|56630|209944
398465|1299|6762|49666|58224|214805
40994|13335|400095
12389|1299|56630|209944
21232|15576|57463|12735|60707|206271
12779|174|13786|263047
34854|1299|3356|28370|269016
50629|13335|399532
328964|23764|1299|35598|52091|206810|213694
35008|1299|201814|209896
58308|6939|1299|54829
30600|1299|35598|52091|206810|57164
20205|1299|6762|16735|273514
64475|31133|12389|28917|8905|42132
4601|50869|214757|215956
24516|174|35598|52091|206810|214268|197578
6424|62255|52091|206810
3170|6939|393682
58057|1836|1299|6855|39904|47767
2914|174|37468|61568|266460|61625
207841|57463|12735|8517|5474
59689|30781|33891|44592|49581|209693
28917|6939|1299|39290
24516|174|35598|52091|206810|214268
58057|50673|174|210329|215728
12307|29691|1299|60068|197103|212080
199524|1299|3356|28370|263963
24516|174|60068|211571
174|13786|28343|2716
20932|1299|6453|19318|201813
132825|174|50509|51032|41344|39707
398465|174|13786|263047|269680
37239|37468|174|201814|209896
44324|32595|174|61098
12779|57463|12735|51321
58308|6939|30893|199580
30600|1299|35598|52091|206810|48595
14907|1299|12859|47065|61574
42541|62255|52091|206810|214218
35008|1299|4230|2716
49544|2914|174|20723|2852|202874
28917|6939|1299|14616
199524|47311|150249|212001|199762
28917|6939|1299|52468|271977
28917|6939|1299|23520|30689
35280|1299|35598|52091|206810
28917|3257|174|216211|211575
1221|4637|3356|21320|5408|47065|61574
34177|8455|8283|47065|61574
44324|32595|174|206262|57722
6424|174|35598|52091|206810|8274
28917|6939|6830|23520|64126|272980
30600|1299|6855|50698
6830|12956|212721
42541|31133|12389|28917|8905|42132
58299|62255|52091|206810|202279
1299|8551|20473|47065|61574
132337|174|60068|205884
58308|6939|3170|203363|212085
28917|6939|1299|198710
4601|50869|214757|198889
8283|6939|28370|270962
199524|1299|6424|44592|49581|209693
35008|1299|174|3130|47065|61574
37239|37468|6461|62000|212815|52053
8888|137409|174|8551|20473|47065|61574
20764|8359|28917|215730|209693
51519|39351|174|22381|267470|263047|264389
271253|174|35598|52091|206810|59867
213151|34549|1299|8551|44709
212483|8455|8283|47065|61574
37662|174|28189|266931|269250|271150
50304|1299|3491|22356|28370|28657
6762|1299|22773|8119
199524|6939|138997|216211|44324|215172|214955
60068|28917|215730|209693
198385|15576|57463|12735|48737
553|1299|6453|4755|7768
60326|34927|1299|60068|216213|205884
207841|57463|14840|2716
2497|174|13786|263047|269680
4764|1299|35598|52091|206810|214210
198385|174|204548|215728
15605|57463|12735|31704
215596|62000|6777|2852
51519|39351|174|13786|263047|267961
59414|6830|3257|19318|209896
8220|1299|60068|197103|212080
52873|12956|1299|12859|47065|61574
14315|2914|6424|44592|49581|211507
327960|174|37468|61568|266460|61625
6667|6461|6424|44592|49581|209693
3170|6939|42695|52011
1299|20473|30893
6730|6830|174|35598|52091|206810|56766
28917|6939|1299|20473|206081
327804|37271|3257|1299|20473|47065|61574
6730|6830|3356|8551|20473|47065|61574
2500|17676|1299|20473|47065|61574
28917|6939|1299|206610
15605|20764|43298|48678|213865
8283|20764|52091|206810|39089
11845|30844|174|3130|47065|61574
398465|1299|3356|28370|267608
207841|6939|28917|12668
3130|174|2914|20473|201423
15576|57463|12735|8517|31689
58308|6939|208453|200242
50629|6939|33924
199938|1299|6453|4755|7768
12637|8772|215536
199938|6424|44592|49581|209693
6424|62255|52091|206810|12773|44710
32590|7195|1299|198949|35676
204092|6939|30893|200690
39392|33891|266493|61625
58308|6939|50629|207252|215666
3320|6461|6424|44592|49581|209693
12350|1299|6453|1031|61568|266460|61625
29075|174|204548|215728
210312|4601|50869|41051|200372
35426|215596|1299|6939|393682
2518|2914|174|37468|61568|266460|61625
680|1299|35598|52091|206810
20055|174|35598|52091|206810|214268
30781|1299|8551|44709
2516|1299|10490|2722|12148|47065|61574
28917|6939|2852|204772
44324|32595|174|51561
44324|32595|174|44372
20205|1299|35598|52091|206810
29222|6939|28917|47438
29504|15935|6461|394737
6762|174|201814|209896
58308|6939|6830|23520|27717|274255
205206|33891|212815|52053
559|57463|12735|15830|34296
6777|35598|52091|206810|59867
64475|62255|52091|206810|202279|213203
39392|174|7545|20473|47065|61574
35600|50263|15935|197451
210312|4601|50869|41051|206633
34927|56655|1299|3356|16735|2716
28917|6939|1299|20473|17138
34288|1299|6453|29208
38001|2914|174|52468|271150
41666|31133|12389|28917|8905|42132|56779
34177|1299|3356|60011|34927|208690
40387|1299|3223|41327
16552|30844|8283|47065|61574
39122|1299|6939|28370|268198
8426|6424|44592|49581|209693
50628|1299|6939|28370|268521
15935|13335|399532
917|60068|174|1299|6855|39904|47767
6424|6939|50989|33837
140627|1299|35598|52091|206810|56915
6453|1299|198949|35676
42473|1299|201814|209896
20253|1299|6453|19318|201813
18106|174|201814|209896
38880|6939|1299|20473|214587
35426|215596|174|60068|205884
60326|34927|174|20473|47065|61574
3356|1299|6855|39904|202605
57111|174|1299|12859|47065|61574
35266|1299|6855|39904|199604
23367|1299|174|21320|5408|50148
58057|174|20473|47065|61574
58308|6939|29208|49262
41327|1299|20473|201423
29222|6939|28917|50009
58308|6939|28917|47759
40994|6939|196610|48927
8455|1299|6855|39904|202605
139317|44324|32595|174|272102|273011
139317|44324|32595|174|136493
58308|6939|33891|20940
64475|31133|35598|25308|28917|204076
513|174|3491|20473|47065|61574
28917|6939|1299|197690
205112|28917|215730|209693
35008|1299|23764|35168|212999
9900|23764|3356|3257|28917|215730|209693
199524|1299|7195|28343|2716
44324|32595|174|33154|398461
34800|29632|9002|3356|174|20473|47065|61574
4826|3257|174|20473|47065|61574
39351|1299|6855|39904|205968
29222|6939|50629|207160|207510
199524|6762|174|140227|44324|205369
21700|174|35598|52091|206810|214721
40994|6939|28917|47438
44324|32595|174|137409|7578
45049|6696|1299|174|20473|47065|61574
22652|174|11432|271150|272738
19653|30600|174|37468|61568|266460|61625
28917|6939|1299|52468|23031
12637|1299|17676|216211|44324|205369
42541|44592|49581|211507
398465|1299|3257|204548|215728
7018|6939|28370|28657
17350|3356|2914|12859|47065|61574
58308|6939|6830|23520|14813
44324|32595|174|3714|1657
1299|3356|13786|263047|262578
50629|20764|52091|206810|196638|42702
49432|48362|1299|3356|28370|263060
28917|6939|48678|211804|208913
22652|174|21320|5408|50148
328840|327727|174|35598|52091|206810|48595
32590|1299|3356|60011|34927|208690
271253|1299|174|13786|263047
35600|1828|12179|393398|3356|174|50131
5405|7195|20473|47065|61574
15605|6939|29222|207688
28917|6939|25400|3292|208202
29075|174|6453|29208
5392|3356|3257|28917|215730|209693
29222|6939|15962
6730|6830|44530|41327|198434
49028|1299|4230|52654|266493|61625
34927|52025|1299|21351|60132
328840|327727|174|35598|52091|206810|59867
8220|3491|174|35598|52091|206810|214721
52320|6461|21320|5408|47065|61574
58308|6939|1299|29802
28917|6939|1299|209578
58308|6939|42184|196932
327727|174|3356|3223|34224|12735
12637|6939|28370|268198
7018|1299|35598|52091|206810|59815|25299
57866|1299|35598|52091|206810|48687
28917|6939|1299|197205
12307|29691|1299|3356|16735|273514
21700|174|35598|52091|206810|210063
32590|1299|1680|20473|47065|61574
14537|2603|21320|5408|47065|61574
50629|6461|6057|28283|268744|2716
35426|215596|1299|20473|399970
64475|6461|210|47065|61574
60068|1299|3356|8119
917|60068|174|7311|835|394273
12779|57463|12735|208594|48814
216285|8280|6762|174|204548|215728
44324|32595|174|29802
15623|6830|60068|216213|205884
28917|6939|1299|20473|899
6424|6939|28917|12668|51883
35600|6939|28917|47914
44324|32595|174|27659
39351|174|140227|44324|205369
29222|6939|8194|51955
3170|60345|50629|3356|3223|44803
35600|57463|12735|3188
513|174|3356|16735|273514
48070|6939|28917|21453|41783
5405|7195|11432|271150|272738
40994|6939|28917
6424|28917|215730|209693
21412|174|216211|211575
42473|1299|3356|28370|263535|268030
13830|971|174|3356|16735|2716
207841|6939|207995
199938|1299|17676|216211|44324|205369
28917|6939|1299|25122
49028|1299|35598|52091|206810|5598
6908|174|5511|60068|206406|210557
206356|50629|1299|4637|20473|47065|61574
1299|13335|400095
28917|6939|1299|25759
52320|33891|216067|44244
12779|174|13786|263047|269680
15605|34927|202827
63927|1299|6855|39904|199604
14537|52925|3356|3257|28917|215730|209693
199524|1299|1680|20473|47065|61574
1403|577|1299|34927|202532
210312|4601|50869|34019|201281
2914|1299|10490|2722|12148|47065|61574
17660|2914|6424|44592|49581|211507
553|57463|12735|50875
40994|57463|41327
174|13786|263047|269680
37497|3356|3257|28917|215730|209693
2914|1299|35598|52091|206810|214721|204108
39122|1299|6939|28370|267608
12859|6461|210|47065|61574
8283|6762|60068|205884
49028|1299|174|60068|216213|205884
4777|2497|1299|198949|35676
16347|1299|6855|39904
12779|57463|12735|210021
44324|32595|174|2018|8094
12307|29691|6424|44592|49581|209693
11845|30844|174|140227|44324|205369
51873|6830|174|210|47065|61574
58308|6939|1299|5518|12578|208995
28917|6939|1299|7843|10796|26072
58308|6939|28370|28657
18106|21320|5408|47065|61574
58308|6939|6830|23520|11556|52336
9900|23764|1299|34927|202532
32590|1299|35598|52091|206810|214210
2500|2914|1299|35598|52091|206810|196638
58308|6939|1299|262206
513|21320|6424|44592|49581|209693
6762|174|11432|271150|272738
2734|20473|30893
28917|6939|1299|42313
8220|6453|174|21320|5408|50148
8218|6461|174|13786|263047|267425
139317|44324|32595|174|11029
28917|6939|1299|6696|25181
5405|1299|6855|39904|199604
52925|3356|174|5538|8194|29345
8283|57866|1299|10490|2722|12148|47065|61574
25220|3356|174|140227|44324|205369
20612|9044|1299|60068|197103|212080
34549|3257|174|20473|47065|61574
20205|1299|32787|202161
58308|6939|7018|3379
2497|1299|35598|52091|206810|211101
37739|3491|174|8551|20473|47065|61574
20253|1299|6762|267470|263047
12859|29632|215536
151326|174|3491|20473|399970
2497|1299|6855|39904|47767
151326|174|35598|52091|48158
1299|174|62000|212815|52053
58308|6939|47160|203062
34019|6939|2852|213152
52025|174|3356|16735|273514
19151|174|1299|6855|50698
1299|6939|28370|263060
7594|174|35598|52091|206810|39558
210937|1299|3257|28917|215730|209693
60068|37468|33891|216067|44244
28917|6939|28370|28657
9268|4764|1299|35598|52091|206810|8274
8220|1299|35598|52091|206810|39558
14630|1299|201814|209896
51088|2914|30058|216211|44324|215172|214955|59449
136557|174|35598|52091|206810|202497
20912|12637|1299|20473|201423
35600|1828|13789|30372|3356|174|393216
398465|3320|1299|198949|35676
1273|174|60068|216213|205884
20055|174|35598|52091|206810|48687
6894|6939|138997|216211|44324|215172|214955|59449
28917|6939|1299|23520|272935|267845|274105
48362|9002|3257|28917|215730|209693
7594|174|14840|2716
2027|47160|174|1916|47065|61574
22652|1299|35598|52091|206810|59815
21412|1299|56630|209944
35280|6453|1299|3920|206777
28917|8359|57304|48678|42216
16347|1299|3257|210329|215728
58308|6939|25192|20701
17350|3356|216211|44324|215172|214955|59449
20253|1299|7195|28189|266931|271615|273522|271150
34927|1299|6453|29208
327727|174|3356|8119
3130|174|1299|6939|24796|63293
45352|1299|3223|41327
58299|174|3130|47065|61574
1280|2914|174|37468|61568|266460|61625
35710|48200|6762|174|20473|47065|61574
51786|15623|6830|34927|202827
28917|6939|1299|44788
207841|28283|268744|2716
210312|4601|50869|215828|214079
37105|36994|3356|21320|5408|47065|61574
15576|35598|52091|206810|8274
20080|2914|3257|28917|215730|209693
28917|6939|6830|6730|213081|211535
12389|1299|2914|226|47065|61574
2734|57463|12735|206119
559|35598|52091|206810|202497
917|60068|1299|12859|47065|61574
2734|58453|30990|174|37100|36908|36909
205206|1299|3356|28370|263963
40994|23764|20485|35598|52091|206810|8274
174|1299|22773|8119
34800|58057|50673|12859|47065|61574
8220|1299|20473|47065|61574
199524|6762|1299|12859|47065|61574
58308|6939|6830|33915|200428
7018|3356|3216|51032|41344|39707
12859|57463|12735|209007
12637|35598|52091|206810|34786|41875
2518|1299|35598|52091|206810|48687
8220|1299|3356|28370|263535|268030
20055|174|35598|52091|206810|48595
50300|174|201814|209896
58308|6939|1299|8151|28403
55222|1299|22773|8119
58299|22356|28370|273514
139317|44324|32595|174|399893
58308|6939|48070|204208|47272|215574
971|174|3257|60068|206406|210557
20612|8758|9002|1299|8551|20473|47065|61574
28917|6939|1299|31898|41457
33891|60068|211571
59890|174|52468|271150
34019|47160|174|60068|205884
22652|1299|3356|28370|269016
20932|174|21700|399914
398465|174|3257|21034
49028|1299|3356|60011|34927|208690
207841|6939|24796|63293
20514|1299|3356|28370|263060
58308|6939|49418|206134
198385|15576|57463|12735|8517|206887
6423|20055|174|35598|52091|206810|5598
31742|1299|3356|28370|269016
559|57463|12735
1299|6939|50989|33837
28917|6939|1299|394611
328840|327727|174|13786|263047|262813
28917|6939|1299|23520|6639
58308|6939|553|34878|58069
28917|6939|1299|52000|209847|215540
57821|12586|3257|174|399697|39967|399697
198385|15576|57463|12735|209007
58308|6939|1299|53981
32590|1299|34927|202827
17350|2914|1299|35598|52091|206810|214721
57695|917|60068|174|3130|47065|61574
32590|1299|20473|399970
14907|3356|174|20473|47065|61574
48070|6424|44592|49581|209693
5405|6939|28370|263535
41666|8926|39279|25319|39279|1299|5606|50084
196621|6939|28917|25386
2497|174|1916|47065|61574
49028|1299|6939|200303
4601|50869|41051|201445
3491|174|35598|52091|206810|214721|204108
29222|6939|35133|50917|214677|212085
58308|6939|1299|16509
215596|1299|6762|16735|273514
16552|2914|1299|35598|52091|206810|39558
51786|15623|6830|60068|216213|205884
7660|2516|1299|34927|202532
2516|3257|28917|215730|209693
6830|1299|8551|44709
8283|20764|52091|206810|197643
559|57463|12735|43391|214449
34177|1299|3491|216211|211575
209|3356|174|137409|206216|215172|214955
139317|44324|32595|174|273264
21700|174|35598|52091|206810|214268|197578
28917|6939|1299|20473|60240
58308|6939|1299|398705
41327|137409|63473|200790
28917|6939|63290|40335
31742|6424|44592|49581|209693
553|20473|47065|61574
8283|12956|212721
6423|20055|174|35598|52091|206810|48687
398465|1299|32787|202161
204092|6939|28917|43714
7018|2914|20473|201423
46450|1299|174|210329|215728
198249|9002|34927|202827
35426|215596|174|52468|262393
139317|44324|32595|174|140577
51519|39351|174|13786|263047|52793
2027|47160|174|52468|271150
28917|6939|1299|31898
8220|1299|6461|210|47065|61574
20253|1299|6453|8283|207487|18607
207841|57463|12735|210021|211181|208293|212330|21245
199524|174|22381|267470|263047
28917|6939|1299|42473
553|57463|12735|15830|201584
553|174|3356|28370|28657
6730|2603|21320|5408|47065|61574
139317|44324|32595|174|329109|328297
24516|3491|5408|47065|61574
34927|52025|212895|210320
132825|174|201814|209896
50629|57463|12735|42216|51722|26383
20912|12637|1299|20473|47065|61574
2027|62000|212815|52053
51519|39351|174|6453|29208
36924|1299|35598|52091|206810|214721
60326|34927|174|1916|47065|61574
50673|174|13786|263047|267961
41666|57463|12735|51559|42846
20253|1299|35598|52091|44660
50629|57463|12735|60707|200334
12859|35598|52091|206810|211692|31069
42541|62255|52091|206810|213694
29222|6939|7018|62883
34019|29169|174|60068|205884
136557|174|32595|44324
37271|174|1299|198949|35676
1299|3356|28370|263535
58308|6939|6830|5089
20514|1299|35598|52091|206810
204092|16276|203019
7713|174|1299|198949|35676
28917|6939|1299|394923
6830|3257|22773|8119
198385|174|6453|19318|209896
17350|6453|1299|20473|47065|61574
23367|1299|35598|52091|206810|196638
58308|6939|7018|4466
18106|174|60068|205884
213241|9002|21320|5408|47065|61574
58308|6939|12735|15830|47952
6667|9002|62000|212815|52053
1403|577|1299|60068|216213|205884
28917|6939|1299|20473|136535
139317|44324|32595|174|3320
42541|1299|37468|270551|263047
28917|6939|1299|32787|20940
263237|174|3257|20473|47065|61574
8220|1299|35598|52091|206810|5598
21232|15576|57463|12735|201978|208425
199938|1299|37468|53062|266493|61625
41666|50263|62000|212815|52053
20130|23352|2914|12859|47065|61574
58511|1299|20473|47065|61574
8283|6939|196610|48927
4601|50869|41051|215153
19653|30600|174|21700|399914
49788|1299|3356|28370|263060
42541|62255|52091|206810|202279
42473|6461|62000|212815|52053
41327|6461|6424|44592|49581|209693
40994|6939|28917|39238|49392|9098
204092|6939|28370
4601|50869|6939|2852|202874
140627|1299|3356|28370|268198
28917|6939|7018|11992
1299|6939|30893|205563
3491|174|60068|197103|212080
20130|23352|2914|174|210|47065|61574
61218|29632|12859|47065|61574
44324|32595|174|201050
17350|2914|1299|35598|52091|206810|24881|24697
553|57463|12735|48737
680|2914|174|140227|44324|205369
50673|174|13786|263047
4764|1299|8551|44709
28917|6939|1299|22611
29222|6939|62000|208226
58308|6939|262365|263433|268967
6730|6830|174|140227|44324|205369
47147|1299|174|20473|47065|61574
23367|1299|4230|2716
12637|1299|3356|60011|34927|208690
24785|1299|20473|201423
48070|1299|174|1916|47065|61574
34927|1299|35598|52091|206810|196638
58308|6939|1299|22497
6696|1299|3257|28917|215730|209693
559|37468|52468|271150
6424|6939|28917|198297|51081
23367|1299|3356|28370|268521
4181|1299|6453|4755|7768
6424|6939|2852|61110
139317|44324|32595|174|43160
28917|6939|1299|210021
58308|29075|174|20473|47065|61574
2734|57463|12735|42216|62425|213570
6424|62255|52091|206810|214268|197578
199938|1299|12859|47065|61574
553|6939|2852|204772
17639|174|28189|266931|271615|273522|271150
35600|35598|52091|48158
20253|1299|37468|52468|262393
7018|1299|34927|202827
28917|6939|1299|396253
16552|3257|174|13786|263047
12859|1299|3356|28370
28917|6939|1299|52468|265632
553|6939|28917|6789
40387|1299|56630|209944
58308|6939|33891|42008|8925
29504|15935|6461|6057|28283|268744|2716
9044|1299|3356|60011|34927|208690
8220|1299|3356|8119
2734|16735|266931|271615|273522|271150
6082|174|3130|47065|61574
2734|9507|55884|4826|3257|174|62685
35598|174|3356|8119
35600|57463|12735|208594|202365
559|35598|52091|206810|8274
1299|174|32595|44324
8529|1299|3257|60068|206406|210557
12859|57463|12735|216385
12637|35598|52091|206810|202497
37468|1299|3223|41327
204092|34019|266493|61625
328840|327727|174|3356|8119
50629|57463|12735|8517|1967
58308|6939|63290|40335
6730|6830|9002|12555
139317|44324|32595|174|43872
11039|6461|1299|56630|209944
513|29222|6939|200995
4608|4826|1299|201814|209896
63927|1299|174|20473|47065|61574
198385|174|1299|3920|206777
328206|37739|3491|1299|3920|206777
48070|7195|11432|271150|272738
58308|6939|6830|23520|5639|27924
2734|57463|12735|211201
202365|50673|174|399697|39967|399697
14907|3356|174|60068|216213|205884
3741|174|13786|263047
202032|57463|12735|60847
209650|34927|1299|12956|212721
21700|174|35598|52091|44660
328206|37739|3491|1299|198949|35676
4601|50869|58299|207271
12969|1299|37468|53062|266493|61625
12779|57463|12735|50875
1299|20473|399970
12859|1299|6762|267470|263047
40387|1299|7195|28189|266931|269250|271150
16347|1299|174|13786|263047
50629|174|210329|215728
55222|1299|3223|41327
28917|6939|1299|28458|263167
12307|50869|50263|62000|212815|52053
140627|2914|1299|3920|206777
32653|3741|33891|60068|211571
48070|57463|12735|205877
32590|12956|174|210|47065|61574
398465|1299|3356|16735|2716
20253|1299|35598|52091|206810|208435
34927|60011|3356|174|13786|263047
174|35598|52091|206810|196638
5413|1299|20473|399970
132825|174|35598|52091|206810|5598
12859|1031|266493|61625
213151|34549|174|22381|267470|263047|264389
39392|1299|6453|1031|61568|266460|61625
28917|6939|7018|2685
1828|33891|216067|44244
8220|1299|174|140227|44324|205369
34019|6939|30893|200690
6461|174|13786|263047|269680
28917|6939|47160
41722|20485|174|52468|262393
17350|6453|1299|33891|216067|44244
3257|6461|62000|212815|52053
202032|57463|12735|9000
14537|13786|174|204548|215728
8283|3491|209810|207187|204943
34800|58057|28917|215730|209693
1273|174|13786|263047|271068
7660|2516|1299|29695|206557
15605|6939|28370|268521
48362|1299|3356|28370|263535
29222|6939|29670|59645
24785|6830|3356|60011|34927|208690
47160|6939|28370|264426
12637|6939|15372
35280|6453|174|60068|216213|205884
4608|7575|6461|1299|35598|52091|206810|59815|25299
28917|6939|1299|3223|5605
9268|4764|1299|5511|49666|58224|214805
2516|1299|201814|209896
48070|57463|12735|8517|5474
20485|1299|8551|44709
39122|1299|3223|34224|12735
132337|1299|60068|197103|212080
58308|6939|28917|201119
139317|44324|49581|209693
139317|44324|32595|174|53667|214660
34800|58057|50673|174|3257|22773|8119
4601|50869|58299|209898|199553|213081
4601|50869|41051|207076
58308|6939|7018|62907
28917|8359|57304|41720|58180
58308|6939|6830|23520|27717
42473|1299|6424|44592|49581|211507
32590|1299|8551|20473|47065|61574
28917|6939|1299|23520|263703|270026
6830|6939|28370|267608
12779|6939|50989|33837
398465|1299|35598|52091|206810|59815|25299
58308|35598|52091|206810|197643
44324|8298|4601|4492
35426|215596|62000|41441|203729
25220|1299|8551|44709
139317|44324|140227|3491|3257|28917|215730|209693
6830|174|8899
29479|9002|62000|212815|52053
215596|1299|60068|216213|205884
28917|6939|208731
41327|174|5538|8194|29345
139317|44324|32595|174|398885
44324|32595|174|198104
139317|44324|32595|174|21928
48070|6939|25192|29067
28917|6939|1299|60068|25645
12637|57463|12735|8517|2592
50877|5405|47065|61574
29222|6939|199399
5405|62255|52091|206810|24881
204092|6939|2852|204772
4230|174|20723|2852|202874
20912|174|204548|215728
49544|3356|1299|10490|2722|12148|47065|61574
28917|6939|8943|44671
29222|6939|6830
34800|58057|50673|174|20473|47065|61574
210312|4601|50869|41051|201957
23673|9900|23764|1299|20473|47065|61574
28917|6939|1299|42313|204816
202032|57463|12735|205893
7500|2516|3257|28917|215730|209693
271253|174|35598|52091|206810|39558
6830|3356|56630|209944
6424|6939|28917|8926|41221|207164
45049|6696|1299|3356|60011|34927|208690
11845|37468|28917|215730|209693
6777|57463|12735|48737
20253|1299|35598|52091|206810|214268
29691|1299|6453|29208
39122|174|13786|263047|267425
58308|6939|1299|6503
6830|174|13786|263047|268105
52320|12956|1299|20473|399970
6424|6939|42695|52011
50629|20764|52091|206810|214268
852|3491|5408|47065|61574
23367|1299|7195|20473|47065|61574
28917|6939|1299|208905|6810
198249|13030|1299|174|140227|44324|205369
49028|1299|6453|1031|61568|266460|61625
34549|1299|6855|39904
28917|6939|12637
398465|174|13786|263047
139317|44324|32595|174|17072|272336
48362|1299|6461|394737
29222|6939|39791|49101|211274
196621|6939|2852|212876
28917|6939|1299|20473|200202
58057|1836|5511|174|37468|61568|266460|61625
35598|174|21320|5408|50148
31122|174|13786|263047|267425
1299|6939|28370|268521
21412|1299|2914|226|47065|61574
35600|6939|25192|20701
1764|3257|28917|215730|209693
210312|4601|50869|52025|211358
6730|6830|174|28189|266931|269250|271150
34927|52025|174|35598|52091|206810|24881
58308|6939|61618|268797
8220|1299|3356|21320|5408|50148
28917|6939|31263|8822
917|60068|174|6453|29208
140627|1299|5511|49666|58224|214805
35710|48200|28917|215730|209693
38880|6762|174|3130|47065|61574
1764|174|10490|2722|12148|47065|61574
263237|174|3356|3223|34224|12735
8218|6461|1299|60068|216213|205884
398465|4826|33891|44592|49581|209693
2914|1299|6855|39904
45049|6696|1299|1680|20473|47065|61574
64475|6939|28917|6789|200702
8283|22356|28370|268521
5405|62255|52091|206810|57164
44324|32595|174|56718
51786|15623|1299|174|216211|211575
3170|7195|11432|271150|272738
25369|174|22381|267470|263047|264389
262427|174|6453|29208
51184|1764|174|3130|47065|61574
50304|1299|3356|28370|263963
559|6939|207995
34927|52025|174|35598|52091|206810|214721
28917|37468|52468|262393
37721|1299|3920|206777
23367|1299|52320|7738|262999|272466
49432|48362|1299|174|22381|267470|263047|264389
1764|1299|20473|47065|61574
3491|1299|35598|52091|206810|214268|197578
48070|6939|28917|39238|51408
28917|6939|28370|268521
58308|6939|8194|12509
1273|174|10490|2722|12148|47065|61574
58057|174|35598|52091|206810|214268
23764|3356|3257|28917|215730|209693
34854|1299|10490|2722|12148|47065|61574
136557|174|3257|19318|209896
196621|6939|28370
57695|917|60068|1299|6424|44592|49581|211507
32590|1299|35598|52091|206810|57164
34019|6939|2852|210367
6894|174|35598|52091|206810|48595
50877|5405|6939|25192
58308|6939|1299|21277|212692|208293|50597
3130|174|1299|32787|202161
28917|6939|1299|20473|395460
28917|6939|1299|23520|263238|272883
35600|137409|48011|25184|49801|204533
58308|6939|1299|265620|272344
50629|57463|12735|60707|206271
12779|57463|12735|15830|215555
1299|3356|13786|263047|269488
58308|6939|15962|50881
28917|6939|40994|203997
20932|8283|47065|61574
11845|37468|174|13786|263047
28917|6939|1299|20473|21629
6424|62255|52091|206810|214268
7713|174|1299|3920|206777
3170|37662|37204|23764|1299|16637|36974
12956|1299|34927|202532
263237|174|216211|44324|205369
28917|6939|1299|8551|11414
8218|28917|215730|209693
394256|174|201814|209896
51088|6461|6424|44592|49581|209693
31510|174|13786|263047|262578
37697|3491|174|62000|212815|52053
28917|6939|1299|20473|399866
15623|4455|62000|212815|52053
2914|174|35598|52091|206810
28917|6939|1299|20115|40264|14440
196621|6939|30893|199580
12779|4601|4492
513|29222|6939|49418|216127
3741|174|201814|209896
39351|1299|3356|60011|34927|208690
263237|174|20473|47065|61574
21232|15576|57463|12735|203963
15605|57463|12735|15830
398465|1299|35598|52091|206810|24881|24697
32590|174|32595|44324
6830|3356|13786|263047|262578
2734|7195|20473|47065|61574
58057|1836|174|210329|215728
35280|1299|35598|52091|206810|24881
174|3257|21034
25160|1299|20473|47065|61574
49544|2914|1299|35598|52091|206810|214721
1299|6762|16735|2716
59890|174|60068|205884
204092|13335|5408
28917|6939|1299|3223|196763
47147|1299|6204|44592|49581|209693
16552|1299|35598|52091|206810|48595
6894|174|13786|263047|268105
19653|30600|174|204548|215728
3130|174|20723|2852|202874
48185|1299|6762|267470|263047
41327|201376|199881
206356|50629|1680|20473|47065|61574
55222|1299|6855|39904|199604
20055|174|13786|263047|267961
5405|62255|52091|206810|48595
132825|174|13335|399532
40994|6461|6424|44592|49581|211507
971|174|1299|8551|44709
58308|6939|15935|197451
28917|6939|1299|13855|400528|395580
4601|50869|6939|2852|212876
553|9002|12555|212247
9268|4764|1299|34927|202827
4826|3356|216211|44324|215172|214955|199518
58299|4601|4492
58308|29075|1299|10490|2722|12148|47065|61574
28917|6939|1299|12252
37105|37662|174|3356|16735|2716
48919|174|3257|60068|206406|210557
29504|15935|174|7311|835|394273
14315|137409|62000|212815|52053
553|57463|12735|208594
139317|44324|32595|174|21826|269946|272993
8220|1299|174|210329|215728
19151|174|22381|267470|263047|264389
50629|57463|12735|8517|8466
553|7195|11432|271150|272738
58308|6939|5405|25291|41821
29504|15935|174|13786|28343|2716
209650|34927|9002|21320|5408|47065|61574
209|3356|1299|34927|202532
29222|6939|200462
271253|174|204548|215728
210937|1299|17676|216211|44324|205369
57381|50304|1299|174|210329|215728
20514|1299|35598|52091|206810|39089
6424|7195|11432|271150|272738
28917|6939|1299|5518
151326|174|35598|52091|206810|5598
8283|6939|42695|52011
216285|8280|6762|174|13786|263047|267961
40994|57463|12735|205757
559|1828|12179|393398|3356|174|50131
266213|3356|216211|44324|215172|214955|199518
29222|6939|28370|268198
36924|1299|8551|44709
12779|57463|12735|205877
28917|6939|7018|26153
48070|57463|12735|15830|43352
62000|56584|202673
49788|1299|6762|16735|273514
49434|9002|3257|28917|215730|209693
4601|6939|28917|50009
327960|174|201814|209896
28917|6939|1299|208398|215024
553|62255|52091|206810|59867
37697|37497|1299|6855|39904
28917|6939|1299|1759|51188
59689|29075|174|3257|21034
22652|1299|35598|52091|206810|56915
3491|1299|4230|2716
3170|6939|28917|39134
12307|29691|1299|12956|212721
22652|1299|3356|16735|273514
28917|6939|1299|56898
48070|6939|24796|63293
15576|174|210329|215728
8220|6453|1299|29695|206557|205190
58308|6939|1299|202276
40994|57463|12735|9121|12891
7018|6939|2852|197451
12779|6939|28370|264426
6423|20055|1299|35598|52091|206810|35273
58308|6939|6830|23520|52471
327960|327782|37100|174|3130|47065|61574
4777|2497|174|35598|52091|206810|214268|197578
29222|6939|32097|64236
58308|6939|7018|4185|13979|14298
12350|1299|12956|212721
48070|6939|39790
12637|6939|2852|212876
7018|3257|28917|215730|209693
204092|6939|196610
34854|1299|3491|7162|13878|52468|60503|268746|61625
57866|1299|6855|39904|47767
58308|6939|6830|23520|263703|271855
44324|32595|174|399646
3257|174|13786|263047|269488
17639|1299|198949|35676
196621|6939|2852|197451
24785|6830|3356|28370|263535
2516|1299|3920|206777
57111|41327|13786|263047|262578
40994|57463|41327|211661
8283|22356|28370|267556
6424|6939|29222|513|21449
29222|1299|22773|8119
196621|6939|30893|200690
53828|3257|1299|20473|47065|61574
15547|174|21320|5408|50148
271253|6453|174|10490|2722|12148|47065|61574
64475|6939|207995
559|57463|12735|8517|8678
2734|13786|263047|262578
44324|7720|10111|1299|20473|47065|61574
21700|174|3491|20473|47065|61574
17639|9304|33891|216067|44244
64475|264409|61832|266460|61625
44324|12859|47065|61574
50131|174|210|47065|61574
24516|174|35598|52091|206810|59867
32590|6453|3356|21320|5408|47065|61574
28917|6939|1299|207265
49028|6830|34927|202827
28917|6939|1299|32097|56971
40994|6939|28917|35539
1299|23764|35168|212999
29222|6939|274610|274772
6424|1828|13789|30372|3356|174|393216
31742|1299|35598|52091|206810|202497
15623|4455|33891|216067|44244
6830|3356|28343|2716
8218|6461|174|60068|197103|212080
20205|1299|6204|44592|49581|209693
28917|6939|1299|36352|399122
6777|35598|52091|206810|35273
64475|6939|24796
19653|30600|1299|10490|2722|12148|47065|61574
49028|1299|52320|7162|13878|52468|271150
6830|1299|3920|206777
52025|1299|6855|39904|47767
2734|57463|12735|205877
52025|3257|28917|215730|209693
38136|50131|36236|174|52468|271150
34927|56655|1299|2914|226|47065|61574
58308|6939|50698
44324|32595|174|262901|273630
50877|5405|62255|62379
28917|6939|1299|3301|43645
205206|1299|7195|28189|266931|271615|273522|271150
35369|1764|1299|174|37468|61568|266460|61625
327960|174|20723|2852|202874
6453|1299|20473|47065|61574
50300|174|11432|271150
49605|6762|174|5538|8194|29345
6830|13335|5408
56655|1299|37468|270551|263047
199524|3491|174|37468|61568|266460|61625
47160|174|28189|266931|269250|271150
6424|1299|6855|39904|47767
47147|1299|6939|28370|268521
49432|48362|1299|3356|28370|267556
139317|44324|32595|174|197071
44324|32595|174|53667|212237
29222|6939|208453|200242
58308|6939|28917|8926
207841|57463|12735|201978|208425
58308|6939|33891|197988
58308|6939|50629|207252|197634
174|62000|212815|52053
34288|174|60068|216213|205884
3701|174|35598|25308|28917|204076
6423|20055|174|35598|52091|206810|214268|197578
28917|6939|1299|20473|208884
204092|6939|28917|206011
328840|327727|174|20723|2852|202874
15605|57463|12735|47190
58308|6939|6830|60068|62651
17639|174|60068|216213|205884
35426|39801|5511|174|137409|206216|215172|214955
202365|50673|174|11432|271150
62167|174|12956|212721
58299|7195|28189|266931|269250|271150
48070|7195|28343|2716
58308|6939|6830|23520|262191|274247
6424|16735|52794|52659
14537|12859|47065|61574
58308|6939|1299|12293
44324|32595|174|17185
58308|6939|56595
210312|4601|50869|199310|207529
148968|1299|35598|52091|206810|214268
28917|6939|1299|7979
22652|174|2914|20473|47065|61574
553|32787|202161
41666|57463|12735|206119
49544|2914|1299|35598|52091|206810|57164
16552|37271|174|3356|28370|28657
12859|35598|52091|206810|12773|211692|196629
56987|1299|6855|39904
24961|47311|150249|153176
48185|6939|138997|216211|44324|215172|214955|59449
139317|44324|32595|174|206262|57722
28917|6939|25400|15765
58057|50673|174|20473|47065|61574
28917|6939|1299|20473|197992
17350|3356|1299|34927|202532
21320|9002|62000|212815|52053
132847|7474|7473|1299|34927|202827
199524|174|52468|262393
35369|1764|174|52468|271150
2734|13786|263047|271068
51184|47692|33891|8551|44709
34854|1299|35598|52091|206810|39089
139317|44324|32595|174|27747
20811|2914|174|5538|8194|29345
15605|35598|52091|206810|34786|41875
22652|174|140227|44324|205369
47147|1299|6939|28370|28657
44324|32595|174|136493
44393|394256|174|1299|20473|399970
3170|6461|137409|48011|25184|49801|204533
30781|12859|47065|61574
35280|6453|3257|28917|215730|209693
28917|6939|1299|47169
7474|7473|6461|28917|215730|209693
12859|13335|5408
60011|3356|1299|6855|50698
174|11432|271150
42473|1299|56630|209944
29504|39392|174|21700|399914
55222|174|201814|209896
58308|6939|1299|19693
58308|6939|63290
51873|6830|174|52468|271150
58299|62255|52091|206810|197960
58308|6939|50629|3624
3130|174|3257|9498|20473|47065|61574
28917|6939|49418|212701
47160|174|8551|20473|47065|61574
1299|6939|28370|264426
31510|174|13786|263047|269488
28917|6939|1299|23520|262202|3573
13830|971|174|35598|52091|206810|210063
38880|50263|62000|212815|52053
62167|137409|62000|212815|52053
44324|32595|174|61097
1299|3257|19318|209896
29222|6939|50629|215236
1299|4230|2716
1764|174|60068|205884
46450|1299|6855|39904
7594|174|35598|52091|206810|214721
41327|13786|263047|52793
44324|32595|174|43160
28917|6939|1299|10158
41327|6939|2852|210498
47147|1299|6939|2852|200874
3356|174|5538|8194|29345
28917|20764|52091|206810|50204
852|1299|35598|52091|206810|214721
30844|174|3130|47065|61574
12956|1299|10490|2722|12148|47065|61574
50877|5405|20473|47065|61574
199524|174|3356|8551|44709
210312|4601|50869|203704
36924|1299|20473|201423
28917|8359|12389|41556|31133|1299|47447|202656
199938|1299|6762|267470|263047
263237|174|6762|49666|58224|214805
174|20473|30893
15576|57463|12735|47190
8220|3491|174|35598|52091|206810|35273
210312|4601|50869|41051|212470
210937|137409|62000|212815|52053
28917|6939|1299|23520|52471
29504|6939|1299|20473|399970
207841|13335|399532
44324|32595|174|140627|17456|395400|23676
34288|1299|3356|28370|268198
1299|6453|8283|211840
19653|30600|1299|35598|52091|206810
15576|57463|12735|9215
6894|33891|60068|211571
41327|7195|20473|47065|61574
35426|215596|1299|3257|28917|215730|209693
12779|6939|200070
15605|57463|12735|208594
44324|32595|174|398343
4777|2497|1299|34927|202532
199524|1299|35598|52091|206810|48595
48070|1299|60068|197103|212080
44324|32595|174|18988|54904
21412|1299|10490|2722|12148|47065|61574
852|1299|35598|52091|206810|213694
139317|44324|32595|174|138538
148968|7474|7473|1299|34927|202532
559|59692|12555
34927|52025|174|12956|212721
8220|3491|174|35598|52091|206810|24881|24697
6830|3491|209810|207187|201265
8283|3491|209810|207187|206420
58308|6939|9136|213068
266213|3356|1299|34927|202532
44324|32595|174|22115
151326|174|14840|2716
3356|1299|32787|202161
971|174|3356|8119
8283|38930|174|210329|215728
62000|47498|214757|205941|202934
577|1299|12956|212721
58308|6939|1299|400475
6830|6939|28917|198297
559|57463|12735|8517|2592
3130|174|62000|212815|52053
20514|1299|3223|34224|12735
9268|4764|1299|8551|44709
28917|6939|1299|20473|132479|153033
6894|33891|216067|44244
6777|57463|12735|47190
57111|41327|13786|263047|264972
28917|6939|1299|32478
28917|6939|1299|23520|27889
553|9002|197589|174|6762|3269|198013
139317|44324|32595|174|53667|212237
199524|1299|8551|20473|47065|61574
28917|6939|1299|199753
680|1299|6855|39904|202605
8220|3491|174|35598|52091|206810|24881
58308|6939|1299|51834
58308|6939|1299|400513
140627|1299|3356|28370|263535|268030
58308|6939|1299|56655|210951
58308|6939|1299|20473|36268
49028|1299|35598|52091|206810|202497
210937|1299|6453|4755|7768
9044|1299|3920|206777
328840|327727|174|35598|52091|206810|213694
58308|6939|6830|23520|27884|265735
553|62255|52091|206810|12773|213694
139317|44324|32595|174|400812
198249|57463|12735|60707|216343
35600|30781|1299|6855|39904|47767
28917|6939|1299|9009|44239
202032|57463|12735|51540
14630|6424|44592|49581|209693
21412|1299|1680|20473|47065|61574
23367|1299|174|37468|61568|266460|61625
398465|1299|23764|35168|212999
31510|174|37468|270551|263047
20080|2914|1299|10490|2722|12148|47065|61574
28917|6939|1299|39572
206499|34549|1299|201814|209896
58308|23764|35168|212999
139317|44324|32595|174|3356|7195|52863|270956
553|6939|24796|63293
32590|1299|3356|8772|215536
4601|50869|52025|212895|205991
25152|2914|1299|8551|44709
25152|2914|174|20473|47065|61574
3491|1299|6424|44592|49581|211507
29222|6939|553|204680|208854
44324|32595|174|214206
4764|174|28189|266931|271615|273522|271150
58308|6939|7794|396917
140627|1299|35598|52091|206810|211101
210312|4601|50869|34019|212351
58308|6939|1299|46475
216285|8280|6762|174|13786|263047|267425
206356|50629|174|20473|47065|61574
21232|15576|57463|12735|208130
15547|174|60068|211571
199524|1299|3356|1680|44709
999|6453|174|20473|47065|61574
12859|6939|200303
58308|6939|1299|209847
59105|2518|2516|174|20473|47065|61574
20932|1299|21351|60132
6424|13335|399532
12637|6939|28917|6789|200702
28917|6939|1299|20115|397418
7474|3257|174|1916|47065|61574
34854|1299|35598|52091|206810|208435
34800|58057|50673|174|1299|3920|206777
35426|215596|1299|37468|53062|266493|61625
28917|6939|1299|60068|212786
6424|174|210329|215728
15623|174|1916|47065|61574
52320|1299|5511|49666|58224|214805
174|201814|209896
6830|3257|20473|399970
553|6939|28370|269016
1764|1299|198949|35676
21412|1299|33891|216067|44244
50673|174|1916|47065|61574
6777|47065|61574
207841|57463|12735|206119
58308|6939|6830|23520|52468|262179
58308|35598|52091|206810|12773|44710
8220|1299|8943|200636
51185|6762|174|37468|61568|266460|61625
51786|15623|174|210|47065|61574
12779|35598|52091|206810|208435
24785|6830|174|13786|263047|269488
20912|12637|8772|396416
49544|1299|174|20473|47065|61574
41666|57463|12735|15830|137922
58308|6939|6830|23520|265540
58308|6939|1299|29774|21538
28917|6939|1299|201902
58308|6939|6830|23520|272935|271804
20514|1299|13335|5408
210937|1299|6461|394737
199938|1299|20473|201423
174|13786|263047|262376
42541|137409|48011|25184|49801|204533
44393|394256|174|22381|267470|263047
28917|6939|1299|397774
12956|1299|29695|206557|205190
394256|174|7545|20473|47065|61574
34927|56655|1299|174|20473|47065|61574
28917|6939|56595|215320
44324|32595|174|22168
210312|4601|9002|34927|202827
174|206170|6939|5405|200019
44324|32595|174|140627|17456
14907|1299|3356|28370|263535
3130|174|3257|21034
12637|35598|52091|206810|24881|24697
559|14840|2716
8283|22356|28370|263963
34927|56655|1299|37468|270551|263047
44324|32595|174|273103|274237
64475|62255|52091|206810|5598
12637|57463|12735|201978|208425
32653|3741|33891|44592|49581|209693
62167|174|10490|2722|12148|47065|61574
35598|202984|28917|215730|209693
29075|1299|12956|212721
140627|1299|3356|28370|28657
62167|28917|215730|209693
1299|6453|60068|216213|205884
4601|50869|41051|209552
58308|6939|1299|15557
196621|6939|25192
1031|999|6453|174|3130|47065|61574
48070|57463|12735|8517|2592
199524|1299|35598|25308|28917|204076
6830|6939|2852|204772
3741|174|7311|835|394273
1273|174|137409|206216|215172|214955
51873|137409|62000|212815|52053
6424|174|35598|52091|206810|202497
59105|2518|1299|25091|8298|4601|4492
58308|35598|52091|206810|56766
2914|1299|198949|35676
210312|4601|50869|52025|135120
174|3491|20473|399970
553|56630|209944
50629|1299|8551|44709
2914|1299|60068|216213|205884
3170|6939|28917|24651|39900
40994|9002|12555|48430
327960|174|3257|60068|206406|210557
61568|174|210329|215728
34019|6939|30893|13214
48362|1299|12956|212721
41327|6939|2852|212876
196621|4601|4492
58308|35598|52091|206810|8274
5405|22356|28370|267556
12859|215551|30893|13214|35634
328964|23764|174|35598|52091|206810|211101
2497|174|204548|215728
20205|1299|20473|399970
48070|57463|12735|205757
58308|6939|1299|23520|262191
28917|6939|1299|9009|215427
58308|6939|7018|22241
50629|3356|3257|28917|215730|209693
205112|62000|212815|52053
20253|1299|174|13786|263047|262578
34019|29169|1299|20473|47065|61574
16552|37100|1299|20473|47065|61574
37100|174|3130|47065|61574
28917|6939|1299|62874|22400
56987|6762|174|37468|61568|266460|61625
12859|3223|41327
132337|8966|21320|5408|47065|61574
52025|174|35598|52091|206810|208435
6894|174|201814|209896
204092|6939|29222|207688
12956|1299|42303|51701|30893
6696|1299|174|216211|211575
5405|62255|52091|206810|5598
15576|57463|12735|8517|210690
12637|1299|3491|7162|13878|52468|60503|268746|61625
51185|6762|1299|6855|39904|199604
6908|1299|6855|39904|199604
35600|6939|28917|50045
199524|1299|6453|19318|201813
23764|3356|174|1916|47065|61574
8283|6939|30893|205563
12859|35598|52091|206810|202279
917|60068|174|1916|47065|61574
140627|1299|29695|206557
58308|6939|1299|24429
62167|3356|21320|5408|47065|61574
40994|57463|41327|200553
20811|52025|212895|210320
6730|6830|174|35598|52091|206810|39558
57111|174|2914|226|47065|61574
1267|1299|6453|29208
971|174|60068|211571
31742|1299|35598|52091|206810|213694
28917|6939|1299|15557|205461
28917|3257|174|3130|47065|61574
56655|1299|37468|53062|266493|61625
6830|9002|12555|3227
6424|20473|47065|61574
196621|8758|15576|174|210329|215728
2734|142111|152672|174|3257|63023
327727|174|62000|212815|52053
25220|33891|216067|44244
13030|1299|174|22381|267470|263047|264389
47147|1299|3356|28370|268521
15623|1299|5511|60068|206406|210557
58057|50673|174|3257|22773|8119
136557|174|1299|6939|24796
28917|6939|1299|52468|273883
52320|33891|44592|49581|209693
198249|57463|12735|15830|198417
6461|1299|34927|202532
28917|6939|1299|43519
4601|50869|41051|25538
28917|6461|32787|202161
21232|13030|28917|215730|209693
35008|1299|3491|7162|13878|52468|60503|268746|61625
6830|174|60068|205884
12779|212815|52053
28917|6939|35826|62815
49544|3356|174|20473|47065|61574
9268|4764|174|28189|266931|271615|273522|271150
31510|174|20473|47065|61574
35369|5405|6939|30893|205563
16552|2914|1299|35598|52091|206810|57164
35008|1299|60068|197103|212080
28917|6939|1299|1759
4181|1299|5511|49666|58224|214805
1280|1299|22773|8119
1273|174|20723|2852|202874
13830|971|174|13786|263047|262376
327960|174|1299|8551|44709
16552|1299|35598|52091|206810|214210
12779|28917|215730|209693
29222|6939|7018|16576
48919|9002|3257|28917|215730|209693
32097|28283|268744|2716
44393|394256|174|52468|262393
20912|12637|1299|7545|20473|47065|61574
1103|6830|6453|29208
20055|174|35598|52091|206810|202497
51873|6830|3257|21034
34288|174|204548|215728
199524|174|35598|52091|206810|211101
20912|12637|1299|3920|206777
202365|50673|33891|20473|47065|61574
47160|6939|54429
553|174|20473|47065|61574
6424|30844|21351|60132
58308|6939|1299|30823|49418|213877
293|3356|174|60068|205884
3356|174|3130|47065|61574
28917|6939|1299|203055
58308|6939|6830|23520|262148
58308|6939|1299|7483
207841|6939|28917|39238|49392
28917|6939|1299|20473|402087
202365|50673|174|22381|267470|263047|264389
3170|174|140227|44324|205369
12779|57463|12735|51559|42846
37271|3257|1299|198949|35676
58308|35598|52091|206810|196638|42702
28917|20764|52091|206810|59815
198385|15576|3356|21320|5408|47065|61574
12350|1299|5511|60068|206406|210557
59891|13030|21320|5408|47065|61574
28917|6939|1299|62913
7473|6461|28917|215730|209693
7474|3257|28917|215730|209693
21232|15576|35598|52091|48158
41327|22356|28370|28657
17350|2914|1299|35598|52091|206810|214268
37497|3491|174|34927|202827
559|57463|12735|205893
6730|6830|174|35598|52091|206810|202279
23352|2914|1299|60068|216213|205884
6830|6939|393682
58308|6939|32097
34019|37468|53062|266493|61625
999|6453|1299|201814|209896
398465|1299|35598|52091|206810|202497
11039|6461|28917|215730|209693
2497|174|35598|52091|206810|39089
2734|58453|30990|174|37100|36908
29222|6939|29208|196653
47147|3320|1299|3920|206777
6830|1299|6855|39904
20253|1299|7195|11432|271150|272738
28917|6939|1299|52468|263232
60068|1299|25091|8298|4601|4492
58308|6939|1299|49604
28917|6939|30893|199580
23764|1299|34927|202532
6830|3356|16735|52794|52659
48070|6939|2852|198500
7500|2497|174|35598|52091|206810|202497
38880|1299|6453|4755|7768
2734|57463|12735|51559|213252
35008|1299|6453|1031|61568|266460|61625
28917|6939|1299|11506
6424|6762|1299|6855|39904
271253|174|35598|52091|206810|214721|204108
12779|33891|44592|49581|209693
9044|1299|3223|41327
28917|6939|1299|46475
34854|1299|3257|20473|47065|61574
35280|6453|174|204548|215728
3170|6939|2852|201648
31742|1299|3356|28370|268198
4601|57463|12735|212805
7018|174|20473|47065|61574
12779|14840|2716
58308|6939|5405|25291
6830|3356|28370|263535
4181|1299|35598|52091|206810|59867
6830|6939|33924
2497|174|11432|271150
1299|3356|28370|263060
37721|174|21320|5408|47065|61574
971|174|35598|52091|206810|59815
29222|16276|203019
48070|6939|59689
28917|6939|1299|18734|265540
23367|1299|3356|28370|53079
28634|4230|1299|35598|52091|206810
3333|1257|1299|3920|206777
63927|1299|8551|44709
132847|1221|4637|3356|21320|5408|47065|61574
28917|6939|7018|30382
28917|6939|1299|20473|58093
1140|24785|6830|3356|60011|34927|208690
44324|32595|174|22908
12779|35598|52091|206810|213694
34927|56655|1299|17676|216211|44324|205369
20205|1299|29695|206557|204503
14907|1299|37468|270551|263047
58308|6939|1299|32270|27887
207841|57463|12735|47123|199419
553|4601|4492
35280|3356|174|140227|44324|205369
7018|6939|39790
34288|174|22381|267470|263047|264389
15576|35598|52091|44660
559|35598|52091|59815
3491|3257|28917|215730|209693
58308|6939|1299|13293
31510|174|138997|216211|44324|205369
7594|174|50509|51032|41344|39707
8220|1299|6855|39904|199604
35600|50263|21263|205844
64475|62255|52091|206810|39558
6830|1299|6424|44592|49581|209693
12859|35598|52091|206810|57982
6894|174|37468|53062|266493|61625
35600|50263|15935|197451|201263
50628|1299|20473|201423
3491|1299|35598|52091|206810|34786
136557|174|3356|28370
11164|6461|6424|44592|49581|211507
4601|50869|6939|28370|267608
25091|6461|4637|10111|7720|44324|215172|214955|59449
13830|971|174|35598|52091|206810|59815
28917|6939|1299|26073|205479
2734|57463|12735|51540|206991
58308|6939|1299|263821
34549|6461|62000|212815|52053
198249|264409|61832|266460|61625
3491|1299|32787|202161
55222|174|3257|19318|201813
1280|1299|34927|202827
28917|6939|1299|11889
58308|6939|52091
7594|174|35598|52091|206810|210063
2734|57463|12735|8517|210690
58308|35598|52091|206810|210063
23367|1299|3356|28370|263535
2516|174|21700|399914
6830|6939|28917|39153
57381|50304|1299|3257|20473|47065|61574
50629|57463|12735|8517|42626
28917|6939|48678|44547
199524|33891|60068|211571
6424|6939|2852|199711
29680|174|13786|263047|262578
37105|6939|138997|216211|44324|215172|214955|59449
4230|3257|28917|215730|209693
8426|6777|57463|12735|211682
34288|174|20473|47065|61574
28917|6939|1299|5504
28917|6204|214941|174|29802
7713|174|14840|269288
62167|174|210329|215728
4764|174|16276|203019
28917|6939|1299|20940|21342
58057|174|60068|197103|212080
2497|174|35598|52091|206810|59867
5511|174|11432|271150
58308|6939|1299|20473|47065
52873|12956|6830|60068|216213|205884
28917|6939|1299|265583
57111|174|60068|197103|212080
58308|6939|50989|50683
198385|15576|57463|12735|51559|213252
14537|13786|174|20723|2852|202874
58308|6939|1299|3249|43937
139317|44324|32595|174|327727
31510|174|13786|263047|271068
207841|57463|12735|206556
202297|13335|400095
28917|6939|1299|47583
48070|57463|12735|42216|62425
48070|6939|28370|268521
58308|6939|6830|8560
28917|6939|1299|8151|19373
28917|6939|1299|20521
205206|1299|174|60068|216213|205884
24785|6830|174|37468|61568|266460|61625
58308|6939|208453
4601|50869|6939|2852|61110
12637|35598|52091|206810|12773|44884
20205|174|210329|215728
58308|6939|6830|23520|27696|271971
34872|24961|21320|5408|47065|61574
44393|394256|174|60068|211571
35266|1299|35598|52091|206810|39558
60011|3356|1299|22773|8119
7575|6461|1299|35598|52091|206810|59815|25299
6424|6939|28917|12668
58308|6939|1299|213138|202169
139317|44324|32595|174|20546
12637|6939|196610
13786|174|204548|215728
12779|35598|52091|206810|39558
210312|4601|6939|28917|44812
207841|6939|28917|39134
58308|6939|3170|203589
31742|1299|35598|52091|206810|208435
49432|48362|2603|21320|5408|47065|61574
3170|6939|29222|204957
58308|6939|1299|393705
12859|1031|262999|272466
35426|215596|62000|6777|42541|205235|62113
29222|6939|49418|207957
4601|50869|34019|204092|202945
28917|6939|1299|8781
3170|6939|28917|28775
48070|6939|42695
49432|48362|1299|174|204548|215728
58308|6939|1299|395035
46450|1299|34927|202532
29222|6939|3170|59410
28917|6939|1299|23520|46650|399273
58308|6939|5405|207061
29140|2603|21320|5408|47065|61574
17639|1299|3920|206777
50304|1299|6453|19318|209896
3130|174|3257|60068|206406|210557
45049|6696|1299|3257|20473|47065|61574
34854|1299|35598|52091|206810|56766
7713|174|10490|2722|12148|47065|61574
45049|6696|1299|56630|209944
3170|6939|28370|268521
20514|1299|35598|52091|206810|210063
9268|4764|1299|35598|52091|206810|202279
29222|6939|50629|35675
2497|174|35598|52091|206810|59815
12859|57463|12735|8517
14315|2914|174|20473|47065|61574
15605|57463|12735|8517|8678
58308|6939|33891|47540
262427|174|35598|52091|206810|214210
28917|6939|1299|23520|267797
5413|1299|174|140227|44324|205369
34927|56655|1299|3491|20473|47065|61574
28917|6939|1299|205890
1299|3223|34224|12735
6424|37517|1299|6758|37649
34288|1299|3223|41327
15605|35598|52091|206810|196638|42702
20205|1299|35598|52091|206810|197643
32590|1299|174|22381|267470|263047|264389
5713|174|13786|263047
58308|6939|1299|34927
15576|3356|21320|5408|47065|61574
139317|44324|32595|174|46789
50673|174|12956|212721
2027|47160|174|11432|271150|272738
20514|1299|6855|39904
29504|15935|174|204548|215728
33891|44592|49581|209693
29222|6939|49418|213673
4601|50869|58299|209898|199553|211894
263237|174|3356|3223|41327
327960|174|35598|52091|206810|48595
137409|12859|47065|61574
28917|6939|1299|29838
8426|6777|57463|12735|60946
60068|174|56630|209944
2027|6696|1299|3920|206777
49028|1299|35598|52091|206810|211101
34800|29632|9002|3356|174|140227|44324|205369
7018|1299|35598|52091|206810|214268|196977
35280|1299|6855|39904|47767
11039|6461|1299|34927|202532
6830|6939|30893|9423
9268|4764|174|13786|263047
48070|13335|5408
139317|44324|32595|174|25467
12779|33891|60068|211571
56655|1299|8943|200636
8283|6939|2852|210367
28917|6939|7018|30614
148968|7474|3257|174|21320|5408|47065|61574
4601|50869|52025|205378
46450|1299|12956|212721
29222|6939|50629|207252|213579
28917|6939|1299|202045
64475|6939|54429
8426|6777|57463|12735|47123|24944
30600|174|35598|52091|206810|39558
8220|6453|3356|21320|5408|47065|61574
34800|58057|50673|174|1299|20473|47065|61574
34927|1299|34927|202827
1299|3356|28370|269016
20764|8359|1299|6855|39904|47767
6830|1299|35598|52091|206810|56766
20912|12637|1299|37468|60068|216213|205884
50304|1299|20473|47065|61574
28917|6939|1299|57811
3320|2914|6424|44592|49581|209693
24482|2603|21320|5408|47065|61574
6777|57463|12735|29399
328964|23764|1299|33891|216067|44244
29222|174|3130|47065|61574
6424|6939|29222|513|12654
35598|174|56630|209944
398465|6939|1299|20473|47065|61574
35600|6939|28917|6789|200702
14630|2914|1299|3920|206777
16552|1299|35598|52091|206810|39558
28917|22356|28370|268521
48070|61049|28917|215730|209693
4637|6461|174|37468|61568|266460|61625
12637|57463|12735|31704
49432|48362|1299|174|216211|211575
148968|1299|3257|60068|206406|210557
198385|15576|57463|12735|8517|213309
17350|6453|174|37468|61568|266460|61625
50629|57463|12735|203963
20514|1299|13335|399532
28917|6939|62000|208226|205563
28917|6939|1299|20473|209215
28917|6939|1299|16509|213151
132825|174|35598|52091|206810|202279
140627|1299|35598|52091|206810|48687
35710|3320|1299|198949|35676
8283|6939|28370|52593
45049|6696|1299|8551|44709
12956|1299|20473|399970
29691|1299|8551|20473|47065|61574
40994|57463|12735|42216|62425|213751
37697|3491|174|28189|266931|271615|273522|271150
398465|1299|35598|52091|206810|210063
3320|1299|13335|399532
40387|1299|6762|49666|58224|214805
37497|3491|174|3130|47065|61574
31510|174|22381|267470|263047|264389
139317|44324|32595|174
12859|1299|37468|270551|263047
13830|971|174|35598|52091|59815|25299
20764|174|2914|20473|47065|61574
34019|34927|202532
64475|6939|30893
39122|1299|6939|30893|13214|35634
4601|8298|25091|1299|3920|206777
34800|58057|50673|174|140227|44324|205369
58308|6939|268944
51088|8455|1299|60068|216213|205884
559|13335|5408
6908|174|204548|215728
28917|6939|1299|399672
5405|62255|52091|206810|197643
8426|6777|57463|12735|60707|216343
553|62255|52091|206810|12773|44710
12859|57463|12735|15830|201584
6830|6939|28917|47438
44324|32595|174|207234
28917|6939|1299|32798|16716
271253|1299|8551|44709
139317|44324|32595|174|20473|40138
4181|1299|21351|60132
198385|174|12956|212721
210312|4601|50869|6939|2852|48091
25220|1299|20473|201423
50673|174|11432|271150|272738
28917|6939|1299|20473|401566
58308|6939|1299|47768
58308|6939|1299|60051|208293|203214
34927|1299|3356|28370|263060
17350|2914|1299|6855|50698
7713|174|3356|60011|34927|208690
16347|1299|6453|19318|201813
8283|22356|28370|263535|268030
57381|50304|1299|3356|28370|263535|268030
58308|6939|42695|52011
44324|32595|174|36352
2497|174|35598|52091|206810|34786
7500|2497|174|52468|262393
28917|6939|1299|213281
58308|59689|30781|1299|8551|44709
13830|971|174|35598|52091|206810|202497
15605|56911|28917|215730|209693
210312|4601|50869|6939|28370|268198
2734|57463|12735|209007
28917|6939|31263|9026
24961|1299|20473|399970
28917|8359|57304|202032
4601|50869|214757|205941|202934
34854|1299|3491|20473|47065|61574
28917|6939|40994|204136
48185|1299|3257|19318|209896
2497|174|35598|52091|206810|214268|197578
4601|9002|46427|64289|44592|49581|209693
215596|174|13786|263047
29222|6939|15935
6424|62255|52091|206810|50204
8529|3356|174|140227|44324|205369
50629|6939|24796
6423|20055|1299|29695|206557|208835
35600|57463|12735|43391
28917|6939|1299|42303
198249|9498|20473|47065|61574
14315|174|7311|835|394273
199524|1299|35598|52091|206810|197643
58308|6939|1299|3301|207538
22652|174|13786|263047|271068
3320|3491|5408|47065|61574
28917|6939|1299|20253|999
35280|8966|28917|215730|209693
35426|215596|1299|3356|28370|267556
174|3257|20473|399970
23352|3257|5405|8943|200636
207841|57463|12735|60847
1299|174|21320|5408|50148
7018|1299|6855|39904|202605
34177|174|204548|215728
35369|5405|20473|47065|61574
210312|4601|50869|6939|59970
151326|174|35598|52091|206810|213694
58299|60345|50629|3356|3223|44803
327804|37271|174|20473|47065|61574
139317|44324|32595|174|51551|44971
6730|6830|3356|1680|44709
12779|6939|25192|29067
553|1299|8551|44709
971|174|3356|16735|273514
44324|32595|208223
58299|22356|28370|270962
58308|59689|29075|174|52468|271150
58308|6939|6830|23520|64126|273917
15605|6939|42695|52011
139317|44324|32595|174|19740|54380|400053
559|1680|44709
3399|5511|1299|198949|35676
42473|1299|3356|16735|2716
4764|1299|6855|39904
18779|174|210329|215728
57866|1299|35598|52091|206810|35273
139317|44324|32595|174|395506
31510|6939|138997|216211|44324|215172|214955|59449
58511|1299|198949|35676
3333|12859|34927|202532
44324|32595|174|202075
48070|6424|44592|49581|211507
28917|6939|1299|27947|267881
3130|174|52468|262393
8220|1299|3356|28370|268198
58308|6939|15935|56360
48070|25180|1299|198949|211049
40994|57463|12735|29088
50300|174|11432|271150|272738
28917|37468|53062|266493|61625
58308|6939|6830|23520|272935|267705|271916
12859|6461|23352|20473|47065|61574
57463|28917|215730|209693
12637|57463|12735|42216
30844|5511|1299|198949|35676
25160|1299|198949|35676
199524|1299|35598|52091|206810|214721|204108
204092|6939|30893|205563
1299|6939|2852|199711
58308|6939|204310
6762|174|204548|215728
58308|6939|7018|62883
32590|1299|3356|28370|267556
58308|6939|35133
286|1299|3920|206777
12307|29691|1299|56630|209944
148968|1299|35598|52091|206810
42473|1299|6762|49666|58224|214805
207841|57463|12735|51559|213252
20253|1299|12956|212721
37662|174|52468|271150
28917|20764|52091|206810|24881
58308|6939|5405|400731
28917|6939|1299|7843|22516|395500
32590|1299|3356|8119
58308|6939|29208|199350
6453|174|1916|47065|61574
36924|6762|174|11432|271150
24482|2914|1299|3920|206777
262427|174|35598|52091|206810|5598
57695|917|60068|28917|6768|59514|48693|213137
1031|6939|138997|216211|44324|215172|214955
4777|2516|6830|34927|202827
2734|57463|12735|43391|201178
44324|32595|174|4261
28917|6939|1299|52025|212895|54891
58308|6939|8899|42652
29075|1299|3356|28370|267556
6830|6939|28917|204623
7713|174|37468|61568|266460|61625
6696|1299|10490|2722|12148|47065|61574
49605|6762|1299|6855|39904
28917|6939|1299|32806
34177|1299|6453|19318|209896
207841|6939|28917|21453|48149
7018|174|140227|44324|205369
199524|174|137409|206216|215172|214955
207841|6939|30893|200690
20205|174|62000|212815|52053
29222|6939|553|212522|13335
49028|25091|8298|4601|4492
513|29222|6939|62553|214757
8298|25091|2603|21320|5408|47065|61574
29169|1299|20473|47065|61574
8426|6777|57463|12735|8517|8678
29222|6939|7018|3573
29222|6461|62000|212815|52053
58511|3257|174|210|47065|61574
23764|1299|20473|47065|61574
28917|6939|7018|7287|13965
4181|1299|198949|35676
205206|1299|3356|28370|267556
3399|5511|174|52468|262393
2734|25091|8298|4601|4492
6424|174|2914|20473|47065|61574
29075|1299|3356|28370|269016
139317|44324|32595|174|55655|64315
29075|1299|3356|28370|268521
21232|6939|138997|216211|44324|215172|214955
29222|6939|7018|397602
47147|1299|174|14840|269288
6830|174|13786|263047|269680
6424|37662|37204|23764|1299|16637|36974
4601|50869|6939|33924
12859|20473|47065|61574
20080|2914|3356|21320|5408|47065|61574
15547|174|22381|267470|263047|264389
6730|6830|1299|20473|47065|61574
8220|3491|174|35598|52091|206810|211101
28917|6939|1299|398788|44273
12779|6939|138997|216211|44324|215172|214955|59449
9268|4764|1299|35598|52091|206810|35273
513|29222|6939|9120
58299|21320|5408|50148
44324|32595|174|327727|328840
2734|57463|12735|8517|8466
1257|174|20473|47065|61574
20055|174|35598|52091|206810|214268|197578
28917|6939|7018|4196
28624|3356|21320|5408|47065|61574
4775|1273|174|210|47065|61574
58308|6939|1299|8473
58299|22356|28370|263535
139317|44324|32595|174|210801
999|6453|174|21320|5408|47065|61574
3170|174|210329|215728
6424|6939|50989|205966
49788|1299|3356|60011|34927|208690
20205|1299|8551|20473|47065|61574
204092|30781|1299|8551|44709
47147|1299|6939|30893|205563
35600|6939|28370|52593
7018|6939|30893
49028|1299|174|13786|263047|271068
44324|32595|174|21826
59689|30781|1299|6855|39904|202605
15605|41327|8551|44709
64475|57463|12735|8517
6730|6830|174|62000|212815|52053
57111|41327|22356|28370|273514
6424|52468|271150
58308|39801|29222|64515|64519|64520|64522|65500|207688
58308|6939|3170|210495
35008|1299|17676|216211|211575
34549|1299|17676|216211|44324|205369
29504|15935|174|8551|20473|47065|61574
5405|6939|25192|29067
34854|1299|174|60068|216213|205884
553|174|5538|8194|29345
210312|4601|50869|52025|214508
5405|37271|20473|47065|61574
971|174|34927|202827
28917|6939|1299|12189|400672
28917|6939|1299|36352|27176|215120
61049|174|216211|211575
49788|1299|3356|8119
51185|28917|6768|59514|48693|213137
34927|52025|174|35598|52091|44660
28917|6939|3170|205739
20912|6939|1299|20473|399970
22652|6939|138997|216211|44324|215172|214955|59449
16347|1299|3257|60068|206406|210557
327960|174|3356|28370|28657
12779|6939|29222|204957
29222|6939|25192|29067
7018|6461|137409|206216|215172|214955
12859|1299|3356|28370|267608
49028|1299|174|216211|211575
28917|6939|1299|208905|47956
139317|44324|32595|174|14051|400097
199524|174|35598|52091|206810|35273
34177|3356|1299|3920|206777
6424|6939|28917|20985
34927|1299|8551|20473|47065|61574
6830|6939|50989|48116
58308|6939|1299|20473|197992
58057|50673|174|399697|39967|399697
28917|6939|1299|25260
58308|6939|1299|4922
1299|6939|2852|201648
34927|174|6461|9498|20473|47065|61574
132825|2914|6424|44592|49581|209693
42295|33891|216067|44244
553|1299|17676|216211|44324|205369
2914|174|35598|52091|206810|213694
35266|1299|35598|52091|206810|202279
49028|1299|35598|52091|206810|208435
971|174|6453|19318|201813
28917|6939|1299|263744
49788|1299|6453|4755|7768
4764|1299|29695|206557|204503
58308|6939|6424|207990
1280|1299|3257|20473|47065|61574
41666|57463|12735|9000|7155
25220|6939|1299|20473|399970
15623|1299|3920|206777
5405|6939|30893|13214
41666|57463|12735|42216|51722|26383
2518|33891|216067|44244
7018|6939|28370|269016
58308|6939|1299|27947|52468
31742|1299|35598|52091|206810|59867
1299|35598|52091|206810|208435
15576|35598|52091|206810|214210
29222|6939|12779|207028
57381|50304|6461|62000|212815|52053
12779|57463|12735|42216|62425|197715
215596|174|13786|263047|267961
19653|30600|1299|20473|47065|61574
64475|6939|39790
28917|6939|1299|39386|24429
917|60068|174|11432|271150|272738
12307|29691|1299|198949|35676
553|62255|52091|206810|8274
20055|1299|16164|36032
29680|3257|1299|12859|47065|61574
57111|41327|19318|209896
28917|6461|394737
264479|6424|44592|49581|211507
20912|12637|1299|174|20473|47065|61574
9044|1299|3257|20473|47065|61574
15605|35598|52091|206810|214268
36924|1299|35598|52091|206810|196638
40994|57463|12735|15464
52320|6424|44592|49581|209693
1764|174|52468|271150
23367|1299|37468|53062|266493|61625
28917|6939|3170|212683
6424|174|46427|64289|44592|49581|211507
210312|4601|50869|215828|51202|215828
553|57463|12735|210021
29222|6939|202297
12637|6939|29222|513|20940
8529|1299|174|3130|47065|61574
29222|6939|2852|48091
23764|1299|35598|52091|206810|5598
28917|6939|1299|208905|199270
1403|577|174|60068|216213|205884
40994|6939|54429
398465|1299|6855|39904|47767
3320|1299|29695|206557|208835
41666|57463|12735|60707|216343
58308|6939|1299|52468|271948
207841|57463|12735|3188
3170|8529|328250|174|30990|37371
559|57463|12735|15830
2500|2914|1299|35598|52091|206810|59815|25299
40994|23764|20485|35598|52091|206810|56915
15576|35598|52091|206810|48595
41722|12389|1299|60068|216213|205884
29680|174|22381|267470|263047|264389
28917|6939|1299|20473|63538
48185|1299|6461|210|47065|61574
6424|6939|42695|43101
6461|174|35598|52091|206810
6424|6939|28917|52191
49028|1299|3356|28370|268521
34927|60011|3356|174|1916|47065|61574
139317|44324|32595|174|13999
58308|6939|15962|21433
6830|3356|28283|268744|2716
41327|6939|24796|63293
196621|6939|28370|267608
35008|1299|29695|206557
513|174|12956|212721
58308|6939|7018|19106
49028|1299|6939|2852|201648
7473|1299|7195|20473|47065|61574
29222|6939|263047|267961
35600|50263|15935|29504
3491|1299|12859|47065|61574
6424|174|35598|52091|206810|214210
9268|4764|1299|20473|399970
34927|52025|174|35598|52091|59815|25299
57111|41327|201376|199881
28917|6939|1299|20473|131662
15605|6939|2852|204772
58308|6939|1299|39351
50131|174|60068|216213|205884
4601|50869|52025|57851
48070|57463|12735|29088
58308|6939|50533
12859|32787|202161
8529|1299|3257|20473|47065|61574
58308|6939|1299|212765|211309
50304|1299|3356|28370|268521
513|174|3356|60011|34927|208690
28917|6939|30893|205563
23367|1299|6453|1031|61568|266460|61625
12637|174|20473|47065|61574
12637|1299|6453|8283|211840
999|6453|174|20723|2852|202874
28917|6939|1299|23520|54082|263725|274085
39122|174|210|47065|61574
3491|174|35598|52091|206810|39558
21700|174|35598|52091|206810|39089
140627|1299|6855|39904|202605
13830|971|174|35598|52091|206810|214210
327727|174|1299|22773|8119
6830|174|11432|271150
6830|6939|28370|270962
559|57463|12735|47190
6830|174|35598|52091|206810|202279
58308|6939|12735|8517
6057|174|210329|215728
6696|5511|174|52468|271150
28917|6939|15935|197451|202872
4601|50869|52025|401441
25091|3356|174|20473|47065|61574
6830|6939|54429
37662|1299|3223|41327
46450|1299|6855|39904|47767
9268|4764|1299|35598|52091|206810|197643
59105|2518|1299|35598|52091|206810|39558
4230|9002|62000|212815|52053
5405|6939|30893|205563
6461|174|60068|205884
35266|1299|6855|39904|47767
31742|1299|8551|44709
42473|1299|6939|28370|28657
34927|52025|32097|32787|202161
60326|50263|62000|212815|52053
16552|1299|35598|52091|206810|59815|25299
1273|174|13786|263047|269488
37100|1299|3920|206777
36924|1299|35598|52091|206810|48595
44324|32595|174|27258|399252
5713|174|60068|211571
213151|34549|3257|1299|20473|47065|61574
58308|6939|1299|12252
28917|6939|1299|23520|27717|269846
202032|57463|12735|51476
202032|57463|12735|208130
196621|6939|30893|9423
35600|6939|2852|199711
34288|1299|3356|28370|268521
58308|6939|1299|9009
58308|6939|6830|23520|64126|272971
3356|174|21700|399914
59689|29075|174|204548|215728
40994|1299|20473|47065|61574
12859|37468|53062|266493|61625
20205|1299|6453|19318|201813
28917|8359|57304|35168|197556|206026
35008|6939|138997|216211|44324|215172|214955|59449
6762|174|32595|44324
58308|6939|1299|39386|25019|39891
28917|6939|1299|23520|264813
23764|174|35598|52091|206810|214268|197578
55222|1299|29695|206557|204503
6830|1299|20473|201423
35426|215596|174|210329|215728
28917|6939|3170|213692
58308|6939|56630|209944
41666|57463|12735|15830|47952
47147|3320|1299|13335|399532
398465|174|13786|263047|269488
559|6939|28370|52593
9268|4764|1299|6855|39904|47767
58308|6939|33924|198890|57463|34772|35047|5414
62167|174|1299|20473|201423
6730|6830|13335|400095
42541|57463|12735|8517|8466
7474|7473|1299|3920|206777
3257|174|13786|263047|262578
48070|20473|47065|61574
57381|42708|33891|60068|211571
59105|2518|1299|35598|52091|206810|196638
210937|1299|174|21320|5408|47065|61574
6453|3320|33891|216067|44244
51786|15623|1299|8551|20473|47065|61574
28917|6939|1299|8240|206844
8426|6777|57463|12735|209007
139317|44324|32595|174|40344
15605|6939|28370|267556
58308|6939|6830|23520|262191|270088
209|3356|174|60068|205884
42541|1299|174|210329|215728
15576|57463|12735|15830|47952
199524|37100|1299|6855|39904
4601|50869|205154
36924|1299|35598|52091|206810|39558
132825|174|35598|52091|206810|202497
212483|28917|215730|209693
28917|6939|1299|208905|212644
28917|6939|6830|203446|214279
21700|174|60068|216213|205884
7713|174|34927|202827
28917|6768|59514|48693|213137
198385|174|60068|216213|205884
8283|2914|20473|201423
60068|33891|29632|59682
57381|42708|28917|6768|59514|48693|213137
35600|57463|12735|205757
58308|6939|1299|20473|212996
53828|2914|174|35598|52091|206810|59867
14630|6939|138997|216211|44324|215172|214955|59449
136557|174|3356|8119
199524|6762|1299|3920|206777
12637|35598|52091|206810|34786
50673|174|13786|263047|269488
14907|5405|61568|266460|61625
58308|6939|7018|25993
328840|327727|174|35598|52091|206810|211101
37239|37468|1299|6855|39904|202605
35008|1299|6453|4755|7768
1853|9002|62000|212815|52053
3491|1299|3223|41327
3491|174|60068|216213|205884
12779|35598|52091|206810|210063
4601|50869|6939|2852|199711
3320|6453|30058|216211|44324|215172|214955|59449
398465|1299|3356|28370|263060
58511|3257|28917|215730|209693
28917|6939|1299|7250
4181|1299|35598|52091|206810|214721|204108
42473|1299|12956|212721
210312|4601|50869|6939|207995
2914|174|35598|52091|206810|196638
6424|174|3356|9002|8772|396416
35008|1299|7195|20473|47065|61574
20055|174|13786|263047|271068
196621|58115|21263|202526
28917|20764|52091
28917|6939|1299|23033|27323
35598|1299|20473|399970
44324|32595|174|401029
34288|1299|6855|39904|202605
28917|6939|1299|52468|270049
44324|32595|174|55286|399122
28917|6939|1299|208905|13448
29222|6939|56595|209082
28917|6939|1299|23520|27694
35008|1299|56630|209944
58308|6939|15605
20205|1299|34927|202532
174|216211|211575
58308|6939|6830|23520|265590
29504|15935|174|3491|7162|13878|52468|60503|268746|61625
58308|6939|1299|60068|206150
23473|174|37468|61568|266460|61625
139317|44324|32595|174|33480
28917|6939|1299|23520|262191
44393|394256|174|1299|198949|35676
51873|6830|174|37468|61568|266460|61625
12859|1299|3257|19318|201813
8455|1299|174|20473|47065|61574
58308|6939|1299|50304
328964|23764|174|35598|52091|206810|202279
6720|1764|174|210329|215728
3320|6461|6424|44592|49581|211507
3170|6939|33924
971|174|3356|3223|41327
58308|6939|1299|58321
328840|327727|174|46427|64289|44592|49581|209693
327804|6939|138997|216211|44324|215172|214955
58308|6939|1299|14080|264718
263237|6939|138997|216211|44324|215172|214955
9044|174|22381|267470|263047|264389
3741|174|1299|8551|44709
60068|1299|6939|28370|263060
29075|1299|3223|34224|12735
58308|6939|12735|51559
28917|6939|1299|11664|263812
3356|174|11432|271150
215596|1299|3356|28370|268521
13237|1299|6453|29208
139317|44324|32595|174|395687
38880|1299|3491|7162|13878|52468|60503|268746|61625
6830|6939|2852|213152
207841|137409|33891|216067|44244
5405|62255|52091|206810|48687
2027|62000|1031|266493|61625
37697|3491|174|210329|215728
31742|1299|3257|19318|209896
50629|57463|12735|208594
35600|35598|52091|206810|12773|44710
1299|2914|13786|263047
2914|174|399697|39967|399697
58308|6939|6830|23520|264847|64150|272991
58308|35598|52091|206810|214210
52025|174|35598|52091|206810|213694
35266|1299|35598|52091|206810|59815|25299
174|6453|60068|216213|205884
44324|32595|174|13249
4601|50869|6939|2852|204772
49788|174|20473|47065|61574
215596|1299|60068|197103|212080
62000|6777|42541|205235|62113
58308|6939|7794
28917|6939|1299|52468|267790|273122
40994|57463|41327|202975
13830|971|174|12956|212721
34800|58057|50673|174|20723|2852|202874
48070|57463|12735|212757
29222|6939|28370
12637|57463|12735|43391|51540
32590|137409|12859|47065|61574
3170|6939|28917|21453|41783
215596|174|28189|266931|271615|273522|271150
7713|174|21320|5408|47065|61574
29222|1299|35598|52091|206810|214268
32590|137409|6461|21320|5408|47065|61574
2734|58453|30990|174|37100|327713|37298
60068|174|1299|6855|39904
2734|137409|62000|212815|52053
139317|44324|32595|174|211691
57777|8298|8283|3491|209810|207187|205345
6830|5511|60068|216213|205884
327727|174|13786|263047|274841
207841|6939|28917|52191
29222|6939|28917|197078
2497|1299|1680|20473|47065|61574
15605|6939|2852|199711
210312|4601|50869|34927|202532
6720|1764|1299|3920|206777
8426|6777|57463|12735|47123|50055
28917|6939|7018|1999
29222|6939|263047|264923
28917|6939|6830|33915|208240
41722|20485|1299|6855|39904|47767
49605|6762|1299|34927|202532
48070|6939|28917|34784
559|35598|52091|206810|39089
44393|394256|174|28189|266931|271615|273522|271150
4601|8298|25091|6830|60068|216213|205884
58308|6939|3170|212683
205206|1299|21351|60132
971|174|3356|1680|44709
41722|20485|174|399697|39967|399697
4601|8298|25091|6453|174|140227|44324|205369
34854|1299|3356|60011|34927|208690
30781|2914|174|3130|47065|61574
44324|32595|174|56898
39122|1299|6939|50989|48116
29222|6939|8899|42652|3573
132825|174|35598|25308|28917|204076
204092|6939|28917|39238|49392
41051|50263|201814|209896
4601|50869|213423
62167|174|216211|211575
136557|2914|3257|28917|215730|209693
29222|6939|47160
58308|6939|6830|23520|264821|272807
398465|174|13335|399532
6762|174|60068|197103|212080
2381|137409|62000|212815|52053
1280|2914|174|140227|44324|205369
4601|6939|28917|198297
202297|23764|20485|35598|52091|206810|214210
199938|1299|174|60068|216213|205884
20912|174|20723|2852|202874
210312|4601|50869|6939|15372
29222|6939|2852|212876
47692|33891|8551|44709
34549|52025|212895|210320
196621|6939|28917|197078
8280|6762|174|20473|47065|61574
3214|1299|60068|197103|212080
58308|39801|29222|41495
1299|6939|24796
29222|6939|21430|33943
139317|44324|32595|174|41564
35600|6939|28917|48084|199961
12637|6939|15372|203592
37739|3491|1299|3920|206777
28917|6939|3170|43851
50629|6461|62000|212815|52053
13830|971|174|3356|16735|273514
58308|6939|1299|35133|214809|205941
12779|57463|12735|206556
36924|1299|6855|50698
22652|3257|28917|215730|209693
34019|62255|52091|206810
3491|174|20473|47065|61574
139317|44324|32595|174|25509
210312|4601|6939|28917|6789|203561
3130|174|35598|52091|206810|214210
209650|34927|1299|6453|4755|7768
51519|39351|174|3130|47065|61574
58308|35598|52091|206810|196638
34854|1299|35598|52091|206810|214721
4764|1299|34927|202827
50877|5405|22356|28370|268521
58308|6939|207767|214948
328512|5713|174|60068|197103|212080
46450|6939|138997|216211|44324|215172|214955
2914|174|35598|52091|206810|48595
44324|32595|174|327727
29222|6939|7018|11992|399599
3491|174|35598|52091|206810|208435
58308|6939|6830|33915|29263
12586|3257|9002|62000|212815|52053
6830|16276|203019
39351|174|6453|29208
29504|15935|174|3356|3223|41327
25091|1299|3223|34224|12735
17639|137409|62000|212815|52053
50877|5405|6939|25192|29067
553|57463|12735|15830|47952
680|1299|174|37468|61568|266460|61625
3130|174|6453|29208
56655|1299|3257|20473|47065|61574
398465|4826|1299|35598|52091|206810
42541|1299|6762|16735|273514
58308|6939|1299|54082|263725|272916
24785|6830|3356|28370|263060
4637|10111|7720|44324|215172|214955
7660|11537|20965|5408|47065|61574
58308|6939|1299|61423
6762|174|56630|209944
44324|32595|174|42313|216325
327727|174|32787|202161
28917|6939|1299|140224
52025|174|22381|267470|263047
4181|1299|12859|47065|61574
42541|62255|52091|206810|59867
139317|44324|32595|174|13462
20080|2914|174|37468|61568|266460|61625
48070|137409|206216|215172|214955
29222|6939|208453|214639
196621|6939|2852|48091
57381|50304|1299|12956|212721
28917|6939|1299|20473|957
3170|15557|206865|3215|5511|174|199727|12645
58511|3257|174|60068|205884
28917|6939|3170|215066
8426|6939|138997|216211|44324|215172|214955
1299|8551|44709
3491|174|35598|52091|206810|214210
3333|12859|215551|30893
28917|6939|1299|906
34927|56655|1299|6762|267470|263047
6777|57463|12735|9215
202032|57463|12735|8517|2592
21232|15576|57463|12735|210021|211181|208293|212330|21245
55222|174|35598|52091|206810|35273
4601|264409|61832|266460|61625
47147|3320|1299|198949|35676
2500|2914|1299|35598|52091|206810
2516|6939|1299|20473|47065|61574
2497|174|60068|205884
40994|57463|12735|210021|211181|208293|212330|21245
207841|57463|12735|209007
59689|20473|47065|61574
6424|6939|28917|6789|201069|207979
58308|6939|1299|208905|212616
28917|6939|2852|202874
4601|6939|30893|205563
56655|2603|21320|5408|47065|61574
34854|1299|6762|267470|263047
1299|6939|28370|268198
7018|6939|28370|52593
29504|39392|174|60068|205884
2734|57463|12735|15830|137922
58308|6939|1299|52025|212895|210724
58308|6939|6830|23520|264821|273009
559|35598|52091|206810|50204
17350|6453|174|11432|271150|272738
4601|6939|28917|47759
58299|7195|20473|47065|61574
4777|2497|174|35598|52091|206810|214721|204108
8280|6762|174|8551|20473|47065|61574
20205|1299|6424|44592|49581|209693
15605|35598|52091|206810|35273
7018|174|210329|215728
9044|174|210|47065|61574
327727|174|6762|49666|58224|214805
132337|6939|138997|216211|44324|215172|214955|59449
59414|6830|174|399697|39967|399697
58308|6939|1299|212477|23061
12389|174|3130|47065|61574
1299|6461|394737
196621|58115|21263|30791
32590|137409|3356|1299|20473|47065|61574
7713|9002|3356|174|11432|271150|272738
28917|6939|1299|8151|20940
8283|3491|209810|207187
58308|6939|6830|23520|263703|272018
199524|1299|37468|53062|266493|61625
41095|6830|60068|211571
140627|1299|25091|8298|4601|4492
34854|34927|202532
55720|2914|1299|6855|39904|199604
207841|61049|28917|215730|209693
58308|6939|6830|23520|27665|28067
136557|174|37468|53062|266493|61625
44324|32595|174|395359
37497|1299|3491|7162|13878|52468|60503|268746|61625
28917|6939|268624|262594
6423|20055|1299|16164|36032
21412|1299|3223|34224|12735
202032|57463|12735|42216
41327|6939|30893
210312|4601|8298|25091|6453|174|20473|47065|61574
28917|6939|1299|23520|262202|52392
44324|32595|174|57974|266
28917|6939|1299|137
8220|1299|35598|52091|206810|48595
6461|1299|201814|209896
2734|142111|152672|174|3257|40676|40812
50629|56630|209944
41327|20473|47065|61574
999|6453|174|140227|44324|205369
49028|1299|7195|20473|47065|61574
12859|57463|12735|205893
2914|1299|35598|52091|206810|196638
55222|174|3356|1680|44709
25160|62000|212815|52053
140627|1299|35598|52091|206810|202279
577|174|3130|47065|61574
34927|52025|174|35598|52091|206810|202279
28917|6939|1299|20473|400478
38136|50131|174|210|47065|61574
50629|57463|12735|8517|206887
4601|57463|12735|60707|216343
28917|6939|1299|60068|396319
196621|9002|12555|48430
4775|1273|1299|20473|47065|61574
139317|44324|32595|174|395359
44393|212024|20473|174|140227|44324|205369
199524|1299|29695|206557|205190
29222|6939|9136|207592
3491|1299|3920|206777
13830|971|174|13786|263047|52793
5405|6939|2852|197277
20055|3257|33891|216067|44244
28917|6939|1299|20473|63910
12637|57463|12735|8517|211249
210937|6830|2914|268624|28370|28657
58057|50673|174|2914|20473|47065|61574
47957|3356|1299|198949|35676
7018|174|20723|2852|202874
58308|6939|1299|262206|28036
8888|137409|174|60068|216213|205884
204092|6939|28370|268198
47147|1299|174|22381|267470|263047|264389
57381|50304|1299|6855|50698
3130|174|1299|12859|47065|61574
64475|3320|174|37468|61568|266460|61625
3491|174|16276|203019
327983|37497|3491|1299|198949|35676
41666|37662|37204|23764|1299|174|37442|36986
12350|1299|3356|28370|53079
58308|6939|1299|20473|150788
6424|33891|44592|49581|209693
9268|4764|174|37468|61568|266460|61625
60068|33891|17676|216211|44324|205369
213241|9002|6830|60068|216213|205884
8283|6461|394737
48070|6939|28917|8926|41221|207164
51786|6939|138997|216211|44324|215172|214955
7594|174|7311|835|394273
32590|1299|35598|52091|206810|35273
28917|6939|1299|16906
2518|2516|174|20473|47065|61574
6777|35598|52091|206810|34786
28917|6939|1299|6855|204690
6730|6830|1299|6855|39904|202605
56911|33891|216067|44244
328964|23764|1299|35598|52091|206810|39558
1031|999|6453|174|37468|61568|266460|61625
60068|174|20473|47065|61574
29504|15935|33891|216067|44244
199524|137409|12859|47065|61574
59891|13030|1299|198949|35676
44324|32595|174|25645
35360|137409|62000|212815|52053
196621|58115|21263|205844
34019|137409|206216|215172|214955
12779|62255|52091|206810|34786
6830|6939|28370|269016
3170|41313|6821|1299|29208|205347
1140|24785|6830|3356|28370|267556
35600|6939|28917|6789
264409|174|6453|4755|7768
3320|1299|56630|209944
35600|6939|28370|263060
41327|1031|266493|61625
40994|57463|12735|208594
16552|1299|35598|52091|206810
7473|1299|34927|202827
139317|44324|32595|174|51847|61112
31742|1299|35598|52091|206810|214721|204108
6423|20055|174|35598|52091|206810|211101
58308|6939|50629|207252|215147|210796
58308|6939|1299|21777
22652|174|3356|1680|44709
39122|174|56630|209944
328206|37739|3491|174|37468|61568|266460|61625
29680|174|8551|20473|47065|61574
28917|6939|202297|210951
28917|6939|208453|52025|58052
58308|6939|1299|6424|47787
28917|6939|1299|20473|213901
58308|6939|1299|3301|199215
12637|6939|138997|216211|44324|215172|214955|59449
3320|1299|60068|216213|205884
2497|1299|198949|35676
50629|174|216211|211575
28917|6939|1299|52468
41327|22356|28370|61708
8220|1299|3356|8772|215536
328964|37468|174|20473|47065|61574
3491|5405|8943|200636
293|3356|174|140227|44324|205369
8220|1299|23764|35168|212999
58299|62255|52091|206810|208435
34927|56655|1299|3356|8119
15605|57463|12735|206556
58308|6939|42184|210035
28917|6939|32097|33387
139317|6939|1299|20473|399970
328964|23764|1299|174|3130|47065|61574
58299|37662|327708|37133|37100|174|37054|37035|327885
58308|6939|6830|203446|214279
58308|6939|1299|12337
28917|6939|1299|20473|136184
327804|37271|174|22381|267470|263047|264389
58308|6939|6830|23520|262191|269907
29691|1299|20473|399970
2497|1299|35598|52091|206810|39089
262427|174|50509|51032|41344|39707
25152|2914|1299|198949|35676
209|3356|1299|16276|203019
328840|327727|174|62000|212815|52053
29075|1299|60068|216213|205884
28917|6939|1299|28423
44324|32595|174|207498
57381|50304|2603|21320|5408|47065|61574
58308|6939|28917|206011
35600|6939|29222
34927|52025|174|35598|52091|206810|56766
28917|6939|6830|23520|272935
37739|3491|3257|28917|215730|209693
202032|199181|12637
263237|174|6461|394737
139317|44324|32595|174|35598|48108|208626
559|57463|12735|15830|48678
37468|174|210329|215728
38136|50131|36236|3257|1299|198949|35676
42473|1299|20473|201423
202365|50673|174|1299|20473|201423
559|35598|52091|206810|12773|213694
42473|1299|5511|60068|206406|210557
34854|1299|56630|209944
29222|6939|7018|399201
553|174|21320|5408|47065|61574
28917|6939|1299|8151|19373|22894
58308|6939|3170
16552|1299|174|3130|47065|61574
680|33891|216067|44244
6696|1299|174|37468|61568|266460|61625
20205|1299|60068|211571
37271|174|11432|271150
15935|174|216211|211575
12779|35598|52091|206810|35273
64475|6939|30893|204789
58308|6939|7018|15304
34177|1299|174|20473|47065|61574
29680|174|52468|271150
210312|4601|50869|41051|401315
4601|6939|28917|39238|49392|9098
15576|57463|12735|210021
31122|174|140227|44324|205369
199938|1299|174|216211|211575
34854|1299|42303|51701|30893
1299|6855|39904|205968
174|1299|6939|24796
22652|33891|60068|211571
31510|174|3257|19318|209896
34927|52025|137409|62000|212815|52053
210937|1299|6453|19318|201813
8283|13335|5408
2497|1299|34927|202532
3320|2914|6424|44592|49581|211507
31742|1299|35598|52091|206810|39558
28917|6939|263047|264389
48185|1299|3257|19318|201813
3491|1299|35598|52091|206810|59867
50131|174|1299|8551|44709
207841|6939|28917|198297|51081
3170|9304|136897|174|3491|137969|132824
3333|1257|174|140227|44324|205369
196621|6939|2852
58057|50673|8283|47065|61574
327960|174|3257|19318|201813
139317|44324|32595|174|11172|272318
29222|6939|7018|3486
58308|6939|6830|23520|52233|262238
577|174|13786|263047
29222|6939|15962|203933
6777|57463|12735|43391|214449
1836|1299|12859|47065|61574
204092|37468|53062|266493|61625
58308|6939|1299|208414
7018|1299|35598|52091|206810|8274
136557|174|35598|52091|206810|5598
2500|2914|174|3130|47065|61574
6777|57463|12735|15830|48678
62167|174|1299|198949|35676
917|60068|174|6453|4755|7768
58299|12859|47065|61574
48070|64049|174|55410|141549
34927|60011|3356|1299|22773|8119
29222|1299|33891|216067|44244
15623|1299|174|60068|216213|205884
62000|41441|210320
35600|52025|212895|210320
40994|57463|41327|211084
12969|1299|3356|28370|263963
4764|1299|6204|44592|49581|209693
64475|62255|52091|206810|57460
398465|6939|138997|216211|44324|215172|214955|59449
42541|14840|269288
48362|1299|3257|28917|215730|209693
286|3257|33891|216067|44244
58308|6939|1299|11019
148968|1299|6762|267470|263047
8220|1299|4230|2716
40994|6939|30893|204789
207841|6939|29222|204957
44324|32595|174|213035
11845|37468|1299|8551|44709
328840|327727|174|35598|25308|28917|204076
13830|971|174|13786|263047|262813
4601|9002|46427|64289|44592|49581|211507
28917|6939|7018|28469
12779|57463|12735|208594
58308|6939|1299|12488|52025
3170|8551|44709
29222|6939|207487|18607
8283|2914|13786|263047|267425
58308|6939|1299|30148
56655|1299|10490|2722|12148|47065|61574
8529|1299|174|216211|211575
24516|174|35598|52091|44660
151326|174|35598|52091
139317|44324|32595|174|30150
56655|1299|20473|399970
64475|6939|28370|268198
13030|33891|216067|44244
55222|174|35598|52091|206810|24881|24697
3257|174|140227|44324|205369
12859|2603|21320|5408|47065|61574
7018|6939|2852|202874
58308|6939|25400|200139
29632|9002|3356|174|3130|47065|61574
28917|6939|1299|12392
45049|6696|1299|6855|39904
28917|6939|1299|131429
12779|174|20473|47065|61574
2497|1299|3223|41327
58057|1836|174|13786|263047
327727|174|35598|52091|206810|48595
28917|6939|1299|52468|272936
3333|1257|1299|20473|47065|61574
28917|6939|274610|274772
14630|2914|174|3130|47065|61574
64475|57463|12735|42216|62425|197715
47147|1299|10490|2722|12148|47065|61574
8280|6762|174|210|47065|61574
31742|174|20473|47065|61574
47147|1299|6939|60432
31510|174|5511|49666|58224|214805
29222|6939|199081|209847|215540
58308|21351|60132
12637|1299|6424|44592|49581|211507
20912|12637|1299|37468|53062|266493|61625
139317|44324|32595|174|11172
2497|174|210329|215728
32590|1299|35598|52091|206810|208435
63927|137409|174|399697|39967|399697
12859|1299|5511|60068|206406|210557
49788|174|1916|47065|61574
271253|6453|1299|20473|47065|61574
49432|48362|1299|174|210329|215728
553|62255|52091|206810
13830|971|174|22381|267470|263047|264389
59689|30781|1299|8551|44709
207841|57463|12735|211682
29075|1299|6453|19318|209896
6423|20055|174|35598|52091|206810|214721|204108
196621|6939|28370|269016
58308|6939|5405|200651
137409|174|21320|5408|47065|61574
41327|6939|28370|268521
48070|6939|50989|205966
553|57463|12735|51476
40994|6939|28917|25386
41327|6939|30893|204789
199524|174|35598|52091|206810|208435
32590|1299|60068|216213|205884
35600|50263|21263|30791
136557|174|35598|52091|206810|48687
917|60068|3491|1299|6855|39904|202605
58057|50673|174|28283|268744|2716
40994|57463|12735|43391|201178
28917|6939|6830|23520|52468|273859
202032|57463|12735|43391|57844
44324|32595|174|1089
202032|57463|12735|8517|1967
32590|33891|60068|211571
45049|6696|1299|4230|2716
48919|35320|1299|198949|35676
58952|33891|44592|49581|209693
57777|8298|25091|6453|174|140227|44324|205369
48070|1299|3491|216211|211575
1299|35598|52091|59815|25299
29222|6939|268047
2027|47160|174|22381|267470|263047|264389
58299|31133|51032|41344|39707
28917|6939|1299|20473|206946
4777|2497|174|3130|47065|61574
140627|1299|35598|52091|206810|39089
49028|1299|174|37468|61568|266460|61625
15576|35598|52091|206810|24881
34019|49581|209693
47147|1299|35598|25308|28917|204076
51184|1764|174|20473|47065|61574
213151|41051|57463|12735|8517|12777
34854|1299|7195|28343|2716
28917|6939|1299|20473|150805
2152|6461|62000|212815|52053
12779|6939|2852
28917|6939|6830|23520|262191|273926
3170|6939|15372|203592
2497|174|20723|2852|202874
559|35598|52091|206810|24881
41666|37662|327708|37133|37100|174|37054|37035|327885
29222|6939|28917|47914
60068|174|62000|212815|52053
271253|174|35598|52091|206810
44324|32595|174|214206|18636
59105|2518|1299|34927|202827
58308|6939|1299|210892
210312|4601|57463|12735
8426|21320|5408|47065|61574
139317|44324|32595|174|63089
327727|174|35598|52091|206810|24881
6720|1764|1299|20473|47065|61574
28917|6939|1299|20473|36744
19151|2914|12859|47065|61574
44324|32595|174|35986
4181|1299|35598|52091|206810
210312|4601|50869|6939|2852
56911|174|13786|263047
58308|6939|1299|23487|27738
35600|58453|30990|174|37100|33765|327774
48070|57463|12735|8517|42626
58308|6939|1299|9929|17623
28917|6939|1299|20473|133555
32590|1299|33891|216067|44244
174|35598|52091|206810|202279
5405|61568|266460|61625
58308|9002|34927|202827
42541|56630|209944
2914|174|20723|2852|202874
198385|15576|57463|12735|8517
29222|6939|208453|213998
2914|1299|35598|52091|206810|214721
15605|35598|52091|44660
28917|6939|1299|20473|202184
3214|1299|198949|35676
6730|6830|33891|216067|44244
20932|1299|6453|1031|61568|266460|61625
29222|6939|42184|210035
174|35598|52091|206810|214268
204092|6939|28917|47914
35600|212815|52053
37105|37662|174|60068|211571
47147|1299|8551|20473|47065|61574
48070|6939|2852|212876
50628|1299|60068|197103|212080
16347|1299|6762|16735|273514
13030|1299|7195|28189|266931|271615|273522|271150
6777|57463|12735|212757
61568|174|20723|2852|202874
3170|174|201814|209896
60068|174|210|47065|61574
28917|6939|8194|206600
3701|11164|6461|6424|44592|49581|209693
328512|37100|1299|6855|39904|202605
51786|15623|1299|6453|19318|201813
44324|32595|174|209847|26383
58308|6939|1299|14041|194
12859|57463|12735|51540
3741|6461|62000|212815|52053
6830|6939|28917|47759
2500|2914|1299|35598|52091|206810|57164
20764|174|216211|211575
4601|8298|25091|1299|198949|35676
35426|215596|174|21320|5408|47065|61574
28917|6939|1299|48469
327960|174|34927|202827
12779|6939|2852|61110
553|1299|6939|393682
29680|174|399697|39967|399697
21700|174|22381|267470|263047|264389
559|57463|12735|51476
42541|6939|138997|216211|44324|215172|214955|59449
44324|32595|174|58453|9505|135062
35008|1299|4230|52654|266493|61625
513|174|14840|269288
6777|56630|209944
29222|6939|24796
205112|50629|6461|210|47065|61574
48070|57463|12735|15830|137922
1764|28917|215730|209693
29222|6939|3170
58308|6939|1299|400760
148968|6939|138997|216211|44324|215172|214955|59449
58308|6939|33891|39257
8220|1299|198949|35676
34927|60011|3356|174|60068|216213|205884
553|1299|198949|35676
40994|6939|28370|264426
58057|34549|1299|6855|39904
50629|215551|30893|205166
41722|20764|12859|47065|61574
34854|1299|35598|52091|206810|5598
32590|137409|174|8551|20473|47065|61574
48919|174|20473|47065|61574
63927|3257|174|20473|47065|61574
8426|3257|174|20473|47065|61574
49544|3356|1299|34927|202532
48070|16164|36032
553|1299|3356|28370
12637|20764|43298|48678|205463|213799
41327|14840|2716
327960|174|28283|268744|2716
136557|174|34927|202827
1828|1299|8551|44709
64475|49434|212815|52053
58308|6939|1299|36236
12350|34177|33891|216067|44244
12956|174|20473|47065|61574
9002|62000|212815|52053
55720|3491|174|34927|202827
151326|174|35598|52091|44660
6830|6939|50989|50683
59105|137409|62000|212815|52053
41666|57463|12735|8517|42626
34288|1299|2914|226|47065|61574
58308|6939|1299|60664
559|6939|50989|50683
140627|1299|35598|52091|206810|24881|24697
202365|50673|174|32787|202161
22652|1299|7195|28260|270548|52794|52659
58308|6939|1299|49206
39122|1299|6939|28370|263535
6667|1299|34927|202532
17639|174|14840|2716
58308|6939|5405
398465|1299|5511|49666|58224|214805
7018|174|60068|216213|205884
28917|20764|52091|206810|211101
21412|137409|62000|212815|52053
12956|1299|20473|201423
328840|327727|174|35598|52091|206810|210063
28917|6939|1299|13876|400097
32590|3257|174|20473|47065|61574
28917|6939|39791|49101
28917|6939|6830|23520|272935|267845|273224
6082|174|35598|52091|206810
1403|577|33891|44592|49581|209693
49432|48362|1299|8551|44709
6424|6939|58308
139317|44324|32595|174|7203
6894|174|35598|52091
35426|215596|174|11432|271150|272738
553|57463|12735|205893
16347|1299|12956|212721
29222|6939|29670|60729
13030|1299|174|60068|205884
5405|3216|51032|41344|39707
3170|13030|6775|5405|21245
32590|1299|20473|201423
28917|6939|1299|397522|44273
207841|57463|12735|8517|24922
5405|1299|6855|39904|47767
132825|174|35598|52091|206810|213694
12779|62255|52091|206810|211692|31069
199938|1299|201814|209896
29222|6939|56595|211879
2734|137409|48011|25184|49801|204533
51088|2914|174|140227|44324|205369
15605|35598|52091|206810|214268|196977
35266|1299|35598|52091|206810|213694
7594|174|216211|44324|205369
37721|174|20473|47065|61574
58308|6939|1299|28423
204092|34019|2603|21320|5408|47065|61574
12779|6939|2852|202874
28917|6939|6830|59776
1140|24785|1299|20473|201423
3333|1257|1299|20473|399970
58299|37468|60068|216213|205884
58308|6939|197301
34019|3216|1299|8402
35266|1299|35598|52091|206810|35273
28917|6939|25400|12929
58308|6939|42695
50629|20764|52091|206810|202279
12859|37468|60068|216213|205884
12637|35598|52091|206810|196638
140627|2914|174|52468|271150
35426|215596|62000|1031|266493|61625
58308|6939|35168|197556|206026
20253|1299|201814|209896
44324|32595|174|262287|28666|53231
3491|1299|35598|52091|206810|196638
57111|174|210|47065|61574
37721|1299|34927|202532
15605|35598|52091|206810|197960
25160|174|8551|20473|47065|61574
15576|174|216211|211575
559|6939|200303
4826|1299|60068|216213|205884
58308|6939|56595|209082
139317|44324|32595|174|263801
971|174|1299|6855|39904
12859|137409|206216|215172|214955|215956
28917|6939|7018|20074
28917|6939|1299|396122
28917|6939|1299|199150
41327|13786|263047|61826
34927|1299|3257|20473|47065|61574
136557|174|3491|7162|13878|52468|60503|268746|61625
2734|32098|28509|174|398465|399296
196621|8758|15576|174|52468|271150
553|57463|12735|43391|50941
58308|59689|30781|6424|44592|49581|209693
28917|6939|1299|52468|272930
44324|32595|174|17072|272336
8283|6939|2852|61110
207841|57463|12735|15830|198417
12637|35598|52091|206810|24881
6939|1299|6204|44592|49581|209693
6777|57463|12735|15464
41722|12389|1299|2914|226|47065|61574
38930|174|210329|215728
58057|174|201814|209896
58511|1299|3920|206777
29222|6939|40994|216321
139317|44324|32595|174|399646|205563
56655|1299|2914|226|47065|61574
60068|174|137409|62000|212815|52053
29222|6939|3170|205739
41722|12389|174|3130|47065|61574
11039|6461|6424|44592|49581|211507
32590|1299|35598|52091|206810|5598
35625|3257|174|140227|44324|205369
49544|18779|174|210329|215728
6830|44530|41327|213013
28917|6939|1299|23520|267708
60011|3356|21320|5408|47065|61574
210312|4601|50869|6939|30893
28917|6939|1299|15557
59105|2518|1299|174|37468|61568|266460|61625
15605|35598|52091|206810|59815
20205|1299|17676|216211|44324|205369
28917|6939|1299|23520|10269|265818
28917|6939|1299|43893|209454
4601|57463|12735
8220|33891|44592|49581|209693
29222|13335|400095
28917|6939|1299|3308|47527
44324|32595|174|53667|139791
28917|6939|7018|397994
210312|4601|50869|199310|210352
35600|6939|33924
45049|6696|1299|20473|399970
58308|6939|7018|401763
28917|6939|1299|46161
59105|2518|1299|6855|39904|47767
15605|6762|3356|21320|5408|47065|61574
6461|174|28189|266931|269250|271150
213151|41051|57463|12735|8517|2592
35008|1299|174|37468|61568|266460|61625
196621|6939|2852|201648
34019|62000|212815|52053
58308|6939|42184|49552
917|60068|1299|6939|28370|263060
31742|1299|35598|52091|206810|59815
264409|174|210329|215728
35600|6939|28917|47438
58057|174|46427|64289|44592|49581|209693
1140|24785|6830|174|1916|47065|61574
11039|6461|174|210329|215728
62000|6777|2852
5405|4601|4492
4601|6939|28917|43886
48070|13335|400095
41666|37662|37204|23764|1299|16637|36974
35600|6057|28283|268744|2716
6424|272713|263390|264054|272619
59105|2518|2516|174|210|47065|61574
58308|6939|1299|63473|209261
132825|174|35598|52091|44660
852|1299|35598|52091|206810|196638
34288|1299|6453|19318|201813
7500|2497|174|28283|268744|2716
28917|6939|1299|20473|212237
2734|18678|22381|267470|263047|264389
40994|6939|28917|48084|35816
24785|6830|3356|28370|267608
28917|6939|1299|20473|153185|153189
12637|35598|52091|206810|59815|25299
32590|7195|6424|44592|49581|209693
19151|174|5511|60068|206406|210557
6082|174|60068|216213|205884
23352|2914|174|21320|5408|47065|61574
12637|57463|12735|47123|50055
209|3356|174|5538|8194|29345
139317|44324|32595|174|395512
28917|6939|1299|23520|27665|14789
58308|6939|12735|208594
28917|6939|3170|214670
49544|1299|6855|50698
59919|137409|62000|212815|52053
44393|394256|174|2914|226|47065|61574
513|174|1299|20473|201423
58308|59689|30781|12859|47065|61574
36924|1299|35598|52091|206810|24881
327960|174|35598|52091|206810|35273
44324|32595|174|54804
1299|35598|52091|206810|34786
20080|2914|6424|44592|49581|211507
39122|1299|6939|54429
6830|3356|13786|263047|269488
19151|137409|62000|212815|52053
34288|1299|20473|201423
1299|56504|47674
35008|1299|32787|202161
559|35598|52091|206810|211692|31069
513|174|8551|20473|47065|61574
559|35598|52091|206810|34786|41875
132825|174|35598|52091|206810|8274
44324|32595|174|8452|24835
4777|2497|2914|12859|47065|61574
3170|37468|52468|271150
57111|41327|174|22381|267470|263047
199524|1299|13335|399532
852|174|3130|47065|61574
51519|39351|174|7545|20473|47065|61574
24961|1299|174|3130|47065|61574
50629|57463|12735|51559|213252
559|57463|12735|214593
3741|174|22381|267470|263047|264389
215596|62000|41441|210320
58308|6939|553|212522
1031|999|6453|174|21320|5408|47065|61574
8220|1299|2914|226|47065|61574
139317|44324|32595|174|204810
38880|174|201814|209896
58308|6939|29208|34222
12779|57463|12735|9121|12891
19653|30600|1299|35598|52091|206810|59867
7018|6461|62000|212815|52053
917|60068|1299|20473|399970
37239|37468|174|6453|29208
132825|174|35598|52091|206810|56766
28917|6939|1299|23520|15344
24961|21320|5408|47065|61574
57111|137409|62000|212815|52053
50629|57463|12735|8517|212167
3320|1299|35598|52091|206810|59867
210312|4601|50869|215828|215375
971|174|20723|2852|202874
328840|327727|174|32787|202161
48185|1299|60068|216213|205884
35600|30781|1299|3920|206777
199524|1299|60068|197103|212080
25152|2497|174|52468|271150
28917|6939|1299|20473|400550
57777|8298|25091|2603|21320|5408|47065|61574
28917|6939|268624|262594|268117
19653|30600|1299|35598|52091|206810|57164
40994|57463|12735|214593
58308|6939|1299|198785
7922|2914|6424|44592|49581|209693
44324|32595|174|205544
4601|50869|34019|212351
37271|174|1299|12859|47065|61574
51786|15623|1299|3491|20473|47065|61574
139317|44324|32595|174|213184
64475|6939|2852|197277
327727|174|12956|212721
5405|20473|47065|61574
56655|1299|6453|19318|201813
12859|57463|12735|51321
49432|48362|1299|3491|7162|13878|52468|60503|268746|61625
29222|6939|29208|215588
44324|32595|174|153773
49434|62000|212815|52053
28917|6939|1299|62904
2152|3356|1299|6855|39904
58308|6939|50533|205427
34800|58057|50673|33891|20473|47065|61574
2734|396356|262287|174|52468|262287
12859|57463|12735|206402
15605|35598|52091|206810|197643
210312|4601|57463|12735|29399
202032|16276|203019
199524|37100|28917|215730|209693
2497|1299|20473|399970
6696|1299|174|3130|47065|61574
28917|6939|1299|30823|49418|210546
139317|44324|32595|174|153773
28917|6939|1299|60068|400519
8283|3320|6855|39904|199604
6830|6939|24796
64475|37468|60068|216213|205884
28917|6939|1299|46887|400164
40387|1299|3223|34224|12735
174|3356|9002|12555|48430
28917|6939|1299|51057
8426|6777|57463|12735|42216|51722|26383
58308|6939|1299|3308|47527
35710|3320|1299|10490|2722|12148|47065|61574
1299|6762|16735|273514
28917|6939|1299|44180
21232|15576|57463|12735|48737
12637|57463|12735|47123
41666|57463|12735|47123|199419
44324|32595|174|204979
49434|5511|174|140227|44324|205369
35600|35598|52091|206810|24881
60068|174|21320|5408|47065|61574
12779|57463|12735|15830|198417
8220|1299|1680|20473|47065|61574
205206|1299|7195|28343|2716
44393|394256|174|1299|3920|206777
58308|6939|47160|213873
8298|25091|1299|20473|47065|61574
198249|13030|1299|174|60068|205884
20514|1299|6453|19318|201813
13030|1299|56504|47674
139317|44324|32595|174|20986
15576|57463|12735|15830|211686
8283|22356|28370
58308|6939|5405|5539
202365|50673|174|7311|835|394273
24516|174|35598|52091|206810|59815|25299
20811|2914|3356|21320|5408|47065|61574
60068|174|3257|19318|201813
12637|1299|6855|39904|205968
58308|6939|1299|62917
48070|1299|3356|28370|263535
25152|2914|12859|47065|61574
12779|39801|199881
48362|1299|3356|60011|34927|208690
202032|57463|12735|8517|9095
16552|1299|4230|52654|266493|61625
139317|44324|32595|174|13977|399353
58299|21320|5408|47065|61574
29504|15935|174|22381|267470|263047
3741|33891|60068|211571
198385|15576|57463|12735|15830
64475|3320|3491|5408|47065|61574
58952|137409|62000|212815|52053
35600|35598|52091|44660
174|35598|52091|206810|197643
29504|39392|174|3130|47065|61574
12779|57463|12735|15464
4601|50869|41051|215795
48070|6939|2852|210367
39351|174|20473|47065|61574
28917|6939|1299|8796|967
47147|1299|3216|51032|41344|39707
6777|57463|12735|15830|34296
13830|971|174|35598|52091|206810|59867
1299|3356|8119
58057|50673|174|20723|2852|202874
49605|6762|1299|198949|35676
3333|1257|174|3130|47065|61574
8426|6777|57463|12735|208130
58057|34549|1299|56630|209944
28917|6939|1299|20473|205618
4181|1299|29695|206557
58308|6939|215085
136557|174|35598|52091|206810|59815|25299
12779|174|13786|263047|268546
151326|174|210329|215728
48070|57463|12735|9121|12891
37721|174|37468|61568|266460|61625
271253|6453|174|14840|269288
28917|6939|1299|52468|273034
132847|1221|4637|1299|201814|209896
16552|1299|3491|216211|211575
58308|6939|1299|208905|199270
28917|6939|1299|20473|45275
6667|1299|10490|2722|12148|47065|61574
132825|174|21320|5408|50148
3399|5511|174|28189|266931|271615|273522|271150
52025|174|35598|52091|206810|34786
2734|9002|46427|64289|44592|49581|211507
28917|61568|266460|61625
3170|6204|214941|174|29802
1273|2914|12859|47065|61574
29222|6939|25400|15765|203673
48919|174|3257|19318|201813
8220|6453|1299|60068|216213|205884
28917|6939|268624|262594|269677
29222|6939|207841|216198|18040
7594|174|35598|52091
57821|12586|3257|33891|216067|44244
13030|1299|4230|2716
12969|1299|6855|50698
34288|1299|12956|212721
55222|174|35598|25308|28917|204076
35426|215596|1299|17676|216211|44324|205369
199524|1299|3356|28370|28657
28917|6939|1299|20473|214660
35008|1299|6461|137409|206216|215172|214955
23367|1299|60068|197103|212080
25091|1299|198949|35676
210937|6830|44530|41327|198434
20205|1299|37468|270551|263047
28917|6939|1299|21859|135377
50629|215551|30893|200690
6057|6424|44592|49581|209693
12637|1299|3920|206777
58299|3216|51032|41344|39707
59105|2518|1299|35598|52091|206810|202279
7018|13335|399532
48362|1299|6762|16735|2716
6424|62255|52091|206810|196767
28917|6939|1299|1759|51164|20574
35600|57463|12735|15830|203979
25220|33891|266493|61625
12956|174|13786|263047|262578
6696|62000|212815|52053
44324|32595|174|44222|215540
58308|6939|1299|40061
139317|44324|32595|174|329082
35710|6939|138997|216211|44324|215172|214955|59449
1403|577|1299|6762|49666|58224|214805
3216|137409|62000|212815|52053
37105|37468|174|60068|205884
58308|6939|6830|23520|272935|273937
6424|174|35598|52091|206810|39089
210312|4601|50869|6939|25192|20701
7018|1299|10490|2722|12148|47065|61574
4601|50869|6939|29222|513|20940
28917|6939|15935|201727
12779|6461|210|47065|61574
16552|1299|201814|209896
9268|4764|1299|35598|52091|206810|56915
58308|6939|1299|131429
58308|6939|1299|9929|17816
64475|62255|52091|206810|35273
328512|37100|1299|20473|47065|61574
210312|4601|9002|46427|64289|44592|49581|209693
35280|1299|3920|206777
48070|1299|3491|7162|13878|52468|60503|268746|61625
198385|174|3130|47065|61574
3491|174|28189|266931|269250|271150
3130|174|6453|4755|7768
38880|6939|138997|216211|44324|215172|214955|59449
58308|6939|56595|211879
3170|6939|29222|513|20940
553|6939|2852
398465|1299|35598|52091|206810|214268
3491|1299|56630|209944
52873|12956|3356|21320|5408|47065|61574
28917|6939|1299|13999
49788|1299|6424|44592|49581|211507
31510|174|3257|28917|215730|209693
28917|6939|15935|197451|201931
28917|6939|7018|4185
553|9498|20473|47065|61574
202365|50673|6453|1299|6855|39904|202605
48070|1299|174|22381|267470|263047|264389
28917|6939|24796
6777|57463|12735|201978|208425
210312|4601|50869|34019|212783
47147|1299|6939|30893|13214
21232|15576|57463|12735|206192
262427|174|35598|52091|206810|202497
20764|33891|216067|44244
210312|4601|8298|25091|1299|20473|201423
2734|9002|46427|64289|44592|49581|209693
6777|57463|12735|51321
7594|174|60068|197103|212080
44324|32595|174|139057
42541|62255|52091|59815|25299
50629|57463|12735|15830|211686
58308|6939|1299|835|34927|25957
559|35598|52091|206810|12773
559|57463|12735|34619
553|62255|52091|206810|50204
3320|1299|22773|8119
28917|6939|207767|214948
47311|150249|212001
2027|47160|3257|28917|215730|209693
553|6939|42695|43101
5713|174|12956|212721
12859|57463|12735|8517|44639
12637|6939|30893|205563
58308|6939|7018|397248
28917|6939|25400|200139
24482|50263|62000|212815|52053
44324|32595|174|13462
15605|57463|12735|205877
327727|174|6762|1680|44709
62000|47498|59645|211286
559|37271|20473|47065|61574
8455|1299|35598|52091|206810
34854|1299|35598|52091|206810|48595
24482|6453|174|20473|47065|61574
2518|1299|35598|52091|206810|196638
28917|6939|1299|25697
2914|3257|28917|215730|209693
44324|32595|174|207096
6730|6830|3356|16735|273514
58308|6939|6830|23520|264847|64150|13335
196621|15576|174|60068|205884
45352|1299|3257|28917|215730|209693
14537|174|10490|2722|12148|47065|61574
6830|6939|2852|212876
37468|1299|198949|35676
6730|6830|3356|28370|267608
136557|174|3356|8772|215536
58308|6939|1299|400400
50673|6453|1299|6855|39904|202605
21700|6939|138997|216211|44324|215172|214955|59449
28917|6939|1299|7195|266409|269179
327960|174|35598|52091|206810|59867
53828|3257|1299|3920|206777
8455|1299|7545|20473|47065|61574
38880|174|210329|215728
47160|174|11432|271150
28917|6939|1299|23520|265592
6777|57463|12735|9121|12891
61568|6762|1299|6855|39904|202605
52873|12956|3257|28917|215730|209693
12307|29691|13030|12859|47065|61574
1299|35598|52091|206810|48595
62167|174|20473|47065|61574
139317|6939|1299|20473|47065|61574
1836|1299|201814|209896
34854|1299|174|216211|211575
140627|2914|12859|47065|61574
58308|6939|1299|5617|200750
35008|1299|35598|52091|206810|5598
12637|35598|52091|206810|214268|196977
31742|174|20723|2852|202874
7018|3356|28370
28917|6939|1299|21976|40591
40387|23473|174|37468|61568|266460|61625
42473|1299|3356|28370|263535
50629|57463|12735|60707|216343
4601|50869|213768
17639|1299|6453|4755|7768
7713|1299|6855|39904|202605
559|9002|12555
28917|6939|1299|23520|14813
7594|174|35598|52091|206810|24881
206356|50629|264409|61832|266460|61625
8426|6777|57463|12735|8517|2592
6762|174|13786|263047|271068
34854|14840|2716
22652|1299|35598|52091|206810|214210
20253|1299|17676|216211|44324|205369
28917|6939|1299|214002
21700|174|35598|52091|206810|59815
139317|44324|32595|174|62005
204092|6939|29222|513|20940
29222|6939|8194|210213
5405|1299|20473|201423
206499|34549|137409|62000|212815|52053
28917|6939|1299|12189
44324|32595|174|2731|400488
3741|174|1299|6855|39904
13830|971|174|6453|29208
35369|1764|174|216211|211575
3320|1299|20473|201423
8758|6461|62000|212815|52053
5405|6939|28370|268198
44324|22356|52468|271150
41327|13786|263047|267961
3333|12859|47311|150249|153176
34019|6939|39790
207841|57463|12735|202588
24785|1299|198949|35676
28917|6939|48678|47951
553|62255|52091|206810|213694
6461|1299|35598|52091|206810|39558
31742|1299|6855|50698
7018|174|399697|39967|399697
28917|6939|1299|52468|274055
58057|50673|33891|34927|202532
20253|1299|34927|202532
198249|57463|12735
39122|1299|6453|4755|7768
38136|50131|36236|174|34927|202827
49788|174|13786|263047|268546
28917|6939|1299|20473|33309
8283|3320|6855|39904
4764|1299|35598|52091|206810|24881|24697
14630|6939|138997|216211|44324|215172|214955
5713|3491|174|37468|61568|266460|61625
5405|1299|20473|47065|61574
2027|47160|174|13786|263047|269680
559|6939|30893|13214
50304|1299|52320|7162|13878|52468|271150
28917|6939|1299|25773
31742|1299|12859|47065|61574
6730|6830|174|216211|211575
49028|1299|6939|2852|212876
15935|174|3356|28370|28657
31742|1299|35598|52091|206810|35273
20253|1299|35598|52091|206810|56915
28917|6939|1299|52468|271967
328840|327727|174|46475|57463|12735|203963
16552|1299|35598|52091|206810|56915
58308|6939|50629|207252|205941
3333|6830|60068|216213|205884
28917|6939|1299|395403
327727|174|3356|16735|273514
58308|6939|6830|23520|11139|397382
28917|6939|1299|400767
58308|6939|33891|51191
47957|28917|215730|209693
59891|13030|1299|6762|267470|263047
48362|1299|8551|44709
40994|57463|41327|198059
47147|3320|1299|37468|53062|266493|61625
35600|6939|28917|198297|51081
35600|50263|201814|209896
20514|1299|35598|52091|206810|59867
198249|52320|7162|13878|52468|271150
30844|174|5538|8194|29345
6762|174|11432|271150
20253|1299|20473|47065|61574
559|35598|52091|206810|213694
209|3356|174|20723|2852|202874
2497|1299|35598|52091|206810|213694
44324|32595|174|396278
64475|57463|12735|42216
40994|6939|28370
47147|1299|6762|267470|263047
1299|35598|52091|206810|48687
35600|50263|15935|208663
50763|28917|215730|209693
28917|6939|1299|9583|134928
40994|57463|12735|34476
58308|6939|1299|37468|270553
42541|62255|52091|48158
29222|6939|12735|13335
58308|6939|1299|42303
6720|1764|174|10490|2722|12148|47065|61574
49028|1299|3356|8119
42473|1299|6855|50698
51786|15623|1299|3257|20473|47065|61574
8426|6777|57463|12735|57043
25091|28917|6768|59514|48693|213137
4601|6939|28917|8926|41221|207164
12859|7195|11432|271150
47147|1299|6939|50989|48116
57111|174|52468|271150
55222|1299|25091|8298|4601|4492
6696|1299|12859|47065|61574
7594|174|35598|52091|206810|48687
209823|3356|174|140227|44324|205369
29222|6939|29670|213997
559|35598|52091|206810|59815|25299
328840|327727|174|35598|52091|206810|202497
1299|3356|28370|263963
41722|12389|1299|3920|206777
3491|174|11432|271150
48070|57463|12735|51559
215596|62000|6777|42541|205235|207727
21232|15576|57463|12735|211201
3701|174|60068|216213|205884
7713|174|1299|20473|47065|61574
20253|1299|34927|202827
327727|174|28189|266931|269250|271150
4777|2497|174|5538|8194|29345
5405|44592|49581|209693
1403|577|1299|8551|20473|47065|61574
29075|62000|212815|52053
6894|174|13335|5408
59919|12779|57463|12735|201978|208425
12859|1299|6855|39904|47767
6696|1299|7545|20473|47065|61574
28917|6939|1299|3301|206884
50300|174|3130|47065|61574
28917|6939|7794|396917
198249|8551|44709
1828|33891|44592|49581|209693
3356|1299|10490|2722|12148|47065|61574
6894|174|6453|29208
8283|6762|16735|266931|271615|273522|271150
28917|6939|7018|401202
3170|6461|137409|206216|215172|214955
3701|174|35598|52091|206810|39558
20253|1299|174|22381|267470|263047|264389
58308|6939|1299|263444
204092|6939|24796|63293
3333|1273|174|140227|44324|205369
207841|57463|12735|212757
15935|174|5511|49666|58224|214805
51088|2914|174|20473|47065|61574
28917|6939|1299|38077
58308|6939|7018|22600
8455|1299|174|37468|61568|266460|61625
37053|37100|174|140227|44324|205369
6453|174|20473|47065|61574
42541|62255|52091|206810|5598
3320|1299|60068|197103|212080
14537|33891|60068|211571
48070|6939|28917|44056|57629
151326|174|22381|267470|263047|264389
51088|6461|8899|60294|33891|50673|43414|43995
28917|6939|1299|6855|12767
3701|3356|1299|8551|44709
14537|174|20473|47065|61574
202032|57463|12735|9121|12891
60326|34927|6830|60068|216213|205884
971|174|35598|52091|206810|210063
34019|47160|174|60068|197103|212080
553|16276|203019
35008|1299|35598|52091|206810|214268|196977
49028|1299|3356|28370
34288|1299|198949|35676
36924|6762|174|5538|8194|29345
28917|6939|1299|21738|200242
139317|44324|32595|174|20545
44324|32595|174|20278
58299|7195|11432|271150|272738
16552|6453|174|28189|266931|269250|271150
199524|174|13786|263047|267961
12637|6939|30893|13214
40994|57463|41327|24796
198385|174|13786|263047
13237|1299|174|13786|263047
28917|6939|1299|1759|29422|207006
58308|6939|56595|43442
28917|6939|1299|14080|10620
28917|6939|1299|20473|25820
51519|39351|174|140227|44324|205369
63927|1299|60068|216213|205884
16552|1299|3356|28370|263060
35369|5405|266493|61625
34927|60011|3356|1299|201814|209896
37105|37662|174|3257|21034
21412|1299|6453|19318|201813
28917|2603|21320|5408|47065|61574
29222|6939|12735|57844
6424|6939|196610|48927
34019|29169|174|20473|47065|61574
262427|174|210329|215728
553|9002|12555
60326|34927|1299|10490|2722|12148|47065|61574
34800|58057|50673|33891|3223|41327
31510|33891|60068|211571
28917|6939|1299|393417
15576|57463|12735|47123
58057|1836|174|52468|271150
50629|57463|12735|206402
28917|6939|1299|6424|396931
7594|174|60068|216213|205884
20514|1299|174|13786|263047
57777|13335|5408
12637|6939|29222|41495
1299|6461|62000|212815|52053
48362|1299|174|60068|216213|205884
398465|1299|35598|52091|206810|202279
47147|1299|47232|20723|2852|202874
577|174|1916|47065|61574
1299|7195|28343|2716
202032|57463|12735|206556
58308|6939|1299|32723
28917|6939|1299|43578
1403|577|1299|12859|47065|61574
57111|41327|7195|28343|2716
58299|20764|43298|48678|213865
50877|5405|22356|28370|263963
28917|6939|1299|26073
32590|6453|2914|6424|44592|49581|209693
6730|6830|6762|267470|263047
2734|40511|6461|7018|27434
58308|6939|6830|23520|264663
20612|9044|1299|6453|19318|209896
35600|50263|15935|198284
29504|15935|174|3257|19318|201813
51519|39351|174|210329|215728
2497|1299|35598|52091|206810|214210
139317|44324|32595|174|204561
14907|1299|35598|52091|206810|24881
6423|20055|1299|3223|34224|12735
196621|58115|21263|212038
7018|6939|28370|263535
29222|6939|29208|48926
6082|174|14840|2716
5405|22356|28370|268521
32590|12956|2914|12859|47065|61574
5405|8772|396416
3170|57463|14840|269288
58308|6939|6830|23520|263785
28917|6939|1299|60068|206150
12637|35598|52091|206810|197643
47692|62000|212815|52053
8426|3257|174|13786|263047|268105
46450|1299|174|140227|44324|205369
57111|174|46427|64289|44592|49581|209693
32590|6453|174|140227|44324|205369
12586|3257|174|216211|211575
206499|52025|212895|210320
28917|6939|1299|23520|27665|270040
513|29222|6939|263047|267961
2734|16276|203019
58308|6939|1299|265780|269815
29222|6939|553|34878|58069
34019|35598|52091|48158
7660|2516|1299|12859|47065|61574
34019|50263|15935|198284
56655|1299|174|21700|399914
50628|3356|174|210|47065|61574
328840|327727|174|1299|20473|399970
6830|3356|21320|5408|50148
680|2914|174|20473|47065|61574
46450|1299|6855|50698
151326|174|3356|16735|2716
28917|6939|1299|8151|270205
3399|5511|174|140227|44324|205369
202365|50673|174|60068|216213|205884
199524|1299|3356|28370|263535
28917|6939|40994|212085
48070|57463|12735|8517|210690
513|174|1299|20473|47065|61574
42541|62255|52091|206810|208435
60068|33891|34927|202532
58308|6939|5405|43902
48070|1299|3356|20473|47065|61574
20205|174|52468|262393
999|6453|174|13786|263047|269488
42473|1299|6939|28370|268521
29222|6939|62000|198825
59414|13030|33891|44592|49581|209693
58308|6939|1299|62904
38001|3491|174|22381|267470|263047|264389
35008|1299|3491|20473|47065|61574
28917|6939|6830|23520|272401
28917|6939|6830|23520|52468|269934|274125
35600|35598|52091|206810|57164
39351|174|13786|263047
28917|6939|1299|14016|31942
12859|49581|211507
57695|917|60068|174|3356|8772|215536
20055|174|37468|61568|266460|61625
44324|32595|174|49532
44324|32595|174|46642
210312|4601|50869|204931
24516|174|56630|209944
3170|6939|2852
58308|6939|8899|42652|213928
44324|32595|174|25467
328206|37739|3491|174|1916|47065|61574
47147|1299|174|1916|47065|61574
1280|1299|20473|399970
1280|1299|174|3130|47065|61574
28917|6939|1299|30823|213250
328964|23764|3356|174|140227|44324|205369
210937|6830|174|52468|271150
210312|4601|50869|214757|59449
8283|3491|209810|207187|207198
204092|6939|2852|197277
39392|33891|7195|20473|47065|61574
58299|174|20473|47065|61574
6423|20055|174|35598|52091|206810|48595
29169|1299|8551|44709
139317|44324|32595|174|16601
132847|7474|7473|6461|174|37468|61568|266460|61625
58308|6939|1299|208905|47962
15623|4455|6424|44592|49581|211507
8283|38930|174|140227|44324|205369
28917|6939|1299|17639|153322
15576|3356|1299|20473|47065|61574
4601|50869|6939|28370|263535
12956|174|140227|44324|205369
55720|2914|174|210329|215728
28917|6939|1299|54528
19151|33891|44592|49581|209693
199524|174|21320|5408|50148
196621|9002|46427|64289|44592|49581|211507
262427|174|1299|8551|44709
57866|9002|62000|212815|52053
62167|174|6762|49666|58224|214805
49432|48362|1299|2914|226|47065|61574
3399|174|37468|53062|266493|61625
8283|6939|33924
58308|6939|35168|21299
23367|1299|8943|200636
8426|3257|174|13786|263047|267961
398465|1299|37468|270551|263047
210312|4601|50869|6939|29222|41495|206202
28917|6939|1299|20473|198510
210312|4601|50869|41051|209235
21700|3257|28917|215730|209693
29222|6939|8943|44671
6461|1299|56630|209944
28917|6939|7018|22839
6424|6939|28917|39238|49392|34567
59919|12779|62255|52091|206810|59815|25299
1299|3216|51032|41344|39707
49605|6762|174|210|47065|61574
28917|6939|1299|210892
58308|6939|1299|835|52025|210338
58308|6939|9136|206236|208183
35600|50263|15935|56747
210312|4601|50869|41051|215448
28917|6939|1299|26073|401698
47957|33891|216067|44244
6730|6830|174|399697|39967|399697
12637|174|140227|44324|205369
57777|8298|8283|3320|6855|39904|202605
4601|50869|41051|201911
28917|6939|1299|6128|54004|21835
205206|33891|14840|269288
28917|6939|1299|29169|209453
2516|174|3130|47065|61574
2734|57463|12735|210021
58308|6939|31263
7473|1299|35598|52091|206810|39558
199524|3356|3257|28917|215730|209693
29222|6939|7018|154126
28917|6939|1299|41564
3257|5405|8943|200636
8220|3491|174|35598|52091|206810|59815|25299
2027|47160|174|5538|8194|29345
35266|2914|174|5538|8194|29345
38136|50131|174|1916|47065|61574
327804|5713|174|3257|21034
31742|1299|6762|49666|58224|214805
15605|6939|50989|50683
1140|24785|6830|174|140227|44324|205369
15623|174|210329|215728
28917|6939|1299|20473|150184
21700|174|35598|52091|206810|5598
49788|1299|6453|1031|61568|266460|61625
20055|174|35598|52091|206810|5598
28917|6939|5405|400731
15692|2914|3356|21320|5408|47065|61574
29169|174|60068|205884
327727|174|1299|6939|24796
6461|174|56630|209944
202032|57463|12735|60946
2497|1299|22773|8119
50628|1299|56630|209944
398465|1299|6762|267470|263047
25369|174|52468|262393
2518|1299|35598|52091|206810|24881|24697
6424|267470|274610|269107
28917|6939|204310
58057|1836|174|204548|215728
51185|28917|215730|209693
6777|57463|12735|197941
28917|6939|6830|23520|272935|272908
207841|37468|60068|216213|205884
24482|44324|215172|214955|199518
32590|4637|3257|1299|3920|206777
29075|1299|7545|20473|47065|61574
34019|50263|15935|51744|212325|205026
12779|35598|52091|206810|24881|24697
15576|174|1916|47065|61574
20253|1299|174|140227|44324|205369
553|1299|3491|7162|13878|52468|60503|268746|61625
6424|6939|200303
139317|44324|32595|174|329344
3491|174|21700|399914
34854|1299|6424|44592|49581|211507
15605|41327|13786|263047
6453|1299|42303|51701|30893
15605|57463|12735|51559
29222|13335|5408
13237|1299|3356|8119
35426|215596|174|13786|263047|271068
41327|6939|60432
44324|32595|174|214043
50304|1299|174|140227|44324|205369
32590|6453|174|3130|47065|61574
327727|174|35598|52091|206810|48687
398465|7922|3257|28917|215730|209693
210312|4601|6939|28917|39238
28917|6939|7018|19645
6762|174|210329|215728
139317|44324|32595|174|53667|215472
4826|1299|3920|206777
553|1299|6762|16735|2716
4601|50869|6939|28370|269016
12637|35598|52091|206810|57164
58308|6939|1299|16509|14490
14907|6830|2914|268624|28370|28657
28917|6939|1299|206364
41051|57463|12735|29088
6908|174|5538|8194|29345
58308|35598|52091|206810|59815
4601|50869|6939|29222
34800|58057|50263|62000|212815|52053
8280|6762|174|37468|61568|266460|61625
14907|3356|216211|44324|215172|214955|59449
4601|50869|41051|209527
4601|50869|41051|209460
44324|32595|174|212250|208293|203217|14789
29504|15935|6830|34927|202827
44324|32595|174|8285|199152
136557|174|20723|2852|202874
136557|174|5459|200070
50629|57463|12735|51321
48362|1299|20473|201423
58308|6939|6830|23520|263238|265775
58308|6939|3170|205739
6423|20055|174|37468|61568|266460|61625
209|3356|6461|6424|44592|49581|209693
12637|57463|12735|8517|205782
44324|32595|174|27385
206499|34549|1299|3223|41327
327960|174|35598|52091|206810|214210
29222|6939|207841|216198
5405|8772|215536
35600|57463|12735|8517
42541|3216|51032|41344|39707
29222|6939|208453
3320|1299|35598|52091|206810|196638
12779|62255|52091|206810|8274
7594|174|216211|211575
37239|37468|1299|3223|34224|12735
58057|50673|33891|20473|47065|61574
136557|174|3257|60068|206406|210557
40994|174|14840|269288
47957|6830|60068|211571
198385|174|3257|60068|206406|210557
553|6939|30893|205563
29691|1299|3257|20473|47065|61574
28917|6939|1299|20326|35487|207662
49432|48362|1299|198949|35676
51873|24889|13030|28917|215730|209693
7018|1299|21351|60132
3170|57463|14840|2716
15935|174|8551|20473|47065|61574
210312|4601|50869|56381|209844
132847|7474|3257|1299|20473|201423
64475|6939|50989|48116
30600|174|204548|215728
58308|6939|1299|16509|200227
327727|174|6461|394737
52025|174|204548|215728
4601|50869|41051|200372
58308|6939|1299|23033|401988
44324|32595|174|11172|265625
207841|6939|28917|21453
29222|43531|1200
28917|6939|1299|23520|52253
49028|1299|6939|2852|210367
58308|6939|54429
34854|1299|35598|52091|206810|8274
6424|44592|49581|209693
8283|38930|174|20473|47065|61574
12969|1299|3356|28370|53079
207841|57463|12735|8517|212167
8298|25091|1299|3223|34224|12735
58308|35598|52091|206810|24881|24697
6777|57463|12735|9000
12859|6461|6057|28283|268744|2716
58308|6939|1299|18678|269986
12637|35598|52091|206810|39558
61568|174|21320|5408|50148
327727|174|46427|64289|44592|49581|209693
6424|13786|263047|262578
202365|50263|62000|212815|52053
22652|1299|6453|8283|213576
58299|62255|52091|206810|214218
8426|6777|57463|12735|216385
12859|35598|25308|28917|9049|51017
8220|1299|8551|20473|47065|61574
28917|6939|1299|23520|265561
35600|35625|3257|174|20473|47065|61574
44324|32595|174|11990|17217
28917|8359|57304|35168|197556
28917|6939|1299|31108
137409|174|8551|20473|47065|61574
29222|6939|48678|213407
553|6939|28917|198297|51081
64475|6939|30893|205563
1299|6939|2852|210367
24785|6830|174|60068|205884
7018|174|8899
40994|6939|30893|200690
139317|44324|7720|10111|1299|20473|399970
852|1299|35598|52091|206810|48595
204092|137409|48011|25184|49801|204533
198249|57463|12735|212805
28917|6939|1299|20473|148971
3170|6461|214565|64289|212895|210320
59414|13030|28917|215730|209693
15605|6939|25192
28917|6939|1299|20473|215223
139317|44324|32595|174|14148
20055|174|35598|52091|206810|39558
5413|2603|21320|5408|47065|61574
28917|6939|268944|271441
13030|3491|138997|216211|44324|215172|214955|59449
3701|174|210329|215728
6830|6461|210|47065|61574
21232|15576|57463|12735|15830
25091|5511|174|1916|47065|61574
17350|3356|174|20473|47065|61574
4764|1299|35598|52091|206810|208435
398465|1299|6453|19318|201813
16552|6453|174|50509|51032|41344|39707
8220|1299|42303|51701|30893
51184|1764|174|52468|271150
8218|6461|174|216211|211575
50763|6939|138997|216211|44324|215172|214955|59449
35280|1299|35598|52091|206810|39558
8220|1299|17676|216211|211575
42473|1299|7545|20473|47065|61574
8283|8298|4601|4492
58308|6939|48678|206030
553|174|210329|215728
213151|34549|174|3130|47065|61574
47147|1299|3491|20473|47065|61574
6667|6939|138997|216211|44324|215172|214955|59449
140627|1299|35598|52091|44660
23764|174|35598|52091|206810|48687
20932|1299|6762|49666|58224|214805
56655|1299|7545|20473|47065|61574
28917|6939|1299|11830
7594|174|35598|52091|44660
58299|62255|52091|206810|210063
7018|3356|28370|268198
12859|57463|12735|62095
2027|35280|6453|174|399697|39967|399697
49432|48362|1299|12956|212721
174|2914|20473|47065|61574
58308|6939|262485
48070|57463|12735|208594|48814
50629|20764|52091
971|174|3257|28917|215730|209693
64475|62255|52091|206810|12773|44710
28917|6939|1299|20473|213703
42473|1299|6939|2852|197277
31510|174|3130|47065|61574
35008|1299|3356|16735|273514
28917|6939|1299|52468|267787
6424|16735|273514
49028|1299|35598|52091|206810|214721
28917|6939|1299|6855|3573
12637|35598|52091|59815
4601|50869|58299|209898|199553
12969|1299|3356|28370|267608
35710|3320|1299|34927|202827
29691|1299|174|1916|47065|61574
13830|971|174|6453|19318|209896
139317|44324|32595|174|199297
204092|6939|2852|213152
852|1299|35598|52091|206810|24881|24697
40994|57463|12735|208594|48814
6696|1299|17676|216211|44324|205369
29691|1299|6453|19318|201813
49028|1299|6204|44592|49581|209693
971|174|35598|52091|206810|211101
7594|6939|138997|216211|44324|215172|214955|59449
8283|3491|209810|207187|201265
58057|174|13786|263047|268105
34800|58057|50673|174|210|47065|61574
20514|1299|6855|39904|199604
31122|174|13786|263047|269488
216285|8280|174|1299|8551|44709
1836|5511|174|37468|61568|266460|61625
12859|7195|20473|47065|61574
51873|6830|2914|226|47065|61574
513|29222|6939|207487|18607
852|1299|29695|206557|205190
2497|174|14840|269288
45352|174|37468|61568|266460|61625
49028|1299|3356|28370|263060
16552|1299|17676|216211|44324|205369
58308|6939|1299|20473|201235
132847|7474|7473|1299|20473|47065|61574
12859|215551|30893|200690
58308|6939|7018|6621|265705
11845|37468|174|11432|271150
41666|57463|12735|50875
47147|1299|60068|197103|212080
34019|6939|16652
64475|57463|12735|15830|137922
210937|1299|8551|20473|47065|61574
6423|20055|174|35598|52091|206810|202497
28917|6939|268624|53245
11845|30844|33891|216067|44244
35280|6453|174|210329|215728
20205|1299|7195|20473|47065|61574
20205|1299|34927|202827
58308|6939|1299|20473|214921
28917|6939|199095
2914|1299|35598|52091|206810|48687
41666|57463|12735|57043
210312|4601|50869|216375
3130|174|3356|28370
32590|1299|174|13786|263047
21412|1299|17676|216211|44324|205369
263152|174|20723|2852|202874
553|62255|52091|206810|208435
199524|1299|3223|34224|12735
210312|4601|6939|28917|21453|41783
58308|6939|1299|22773
34019|50263|15935|25238
44324|32595|174|20473|47065
3701|174|11432|271150
29222|6939|49418|198981
58308|6939|35168|48716
2734|3257|33891|216067|44244
47160|174|13786|263047|267425
28917|6939|1299|11172|28418
37721|1299|20473|47065|61574
28917|6939|1299|7393
28917|6939|1299|396993|15353
50300|33891|44592|49581|209693
327960|327782|37100|1299|3920|206777
140627|1299|35598|52091|206810|202497
58057|174|62000|212815|52053
12637|57463|12735|208594|202365
7018|1299|25091|8298|4601|4492
12859|57463|12735|15464
204092|6939|58308
2027|47160|174|13786|263047|267961
210312|4601|6939|28917|43714
207841|7195|28343|2716
327782|37100|1299|10490|2722|12148|47065|61574
5405|20764|43298|48678|205463|213799
58308|6939|6830|60068|212238
49788|1299|3356|28370|263535|268030
58308|6939|263047
49788|1299|3356|28370|267608
198385|174|52468|271150
41666|57463|12735|51559|213252
22355|5511|174|8551|20473|47065|61574
34927|52025|174|37468|61568|266460|61625
52025|174|3491|7162|13878|52468|60503|268746|61625
28634|4230|1299|6855|39904
4601|50869|57777
44324|32595|174|138538
213151|34927|1299|8551|20473|47065|61574
49028|1299|3257|28917|215730|209693
1836|33891|216067|44244
41327|264409|61832|266460|61625
28917|6939|1299|52468|269989
13830|971|174|35598|52091|206810|213694
28917|6939|1299|60068|197103|200371
13830|971|174|35598|52091|206810|202279
132825|174|5459|200070
6696|1299|174|20473|47065|61574
42541|62255|52091|206810|196638
204092|34019|8551|44709
7018|1299|917|214598
7594|174|60068|211571
62167|3356|1299|20473|47065|61574
7713|174|1916|47065|61574
28917|6939|1299|20473|398810
2497|174|35598|52091|206810|35273
58308|6939|1299|3308|201503
263152|174|2914|226|47065|61574
28917|6939|1299|397516|44273
6777|57463|12735|206192
559|57463|12735|31704
15547|174|3257|60068|206406|210557
29222|174|1916|47065|61574
6424|174|21320|5408|50148
28917|6939|1299|6855|29148
25152|2914|1299|35598|52091|206810
328840|327727|174|6762|1680|44709
49788|1299|6453|19318|209896
41327|6939|30893|205563
56655|1299|3356|16735|2716
20080|2914|1299|6855|39904|47767
35600|6939|2852|210367
136557|174|22381|267470|263047
58308|6939|33891|201011
44324|32595|174|210156
28917|6939|7018|401763
50877|5405|6939|2852|199711
48070|6939|28370|268198
58308|6939|25192|29067
210312|4601|50869|41051|215683
132337|1299|20473|47065|61574
202032|58115|21263|203293
60326|34872|24961|8283|47065|61574
204092|6939|2852|210367
394256|174|22381|267470|263047|264389
202032|6939|138997|216211|44324|215172|214955|59449
29222|6939|3170|210495
52025|32097|20473|399970
64475|62255|52091|206810|57982
15605|57463|12735|201978|208425
139317|44324|7720|10111|1299|3920|206777
7473|1299|35598|52091|206810|48687
44324|32595|174|272406
6424|62255|52091|48158
971|174|35598|52091|206810|39089
6720|1764|28917|215730|209693
47147|1299|174|60068|205884
2516|1299|37468|60068|216213|205884
50304|2603|21320|5408|47065|61574
64475|6939|50989
58308|6939|1299|21859|42969
7473|1299|3216|51032|41344|39707
39351|1299|10490|2722|12148|47065|61574
48070|57463|12735|205893
202365|50673|174|7195|20473|47065|61574
34800|58057|50673|174|28283|268744|2716
12779|21351|60132
139317|44324|32595|174|1916|47065|61574
4601|50869|6939|28370
28917|6939|1299|20473|62707
56655|1299|3223|34224|12735
210937|1299|60068|216213|205884
21232|15576|57463|12735|212549
852|1299|1680|20473|47065|61574
7473|1299|35598|52091|206810|48595
139317|44324|32595|174|15121
28917|6939|1299|20473|7365
174|6461|9498|20473|47065|61574
28917|6939|1299|52468|267756
34549|1299|8551|44709
6830|3491|138997|216211|44324|205369
199524|174|204548|215728
21412|174|20473|47065|61574
50629|57463|12735|42216|62425
63927|137409|174|21320|5408|47065|61574
28917|6939|1299|35908
7594|174|35598|52091|206810|214268|197578
41666|3216|35598|52091|48158
264479|6762|1299|6855|39904|202605
15605|57463|12735|42216
4637|33891|216067|44244
3741|174|20723|2852|202874
24516|174|12956|212721
49432|48362|1299|3356|28370|268198
52075|2914|1299|198949|35676
59890|174|10490|2722|12148|47065|61574
7594|174|28189|266931|271615|273522|271150
140627|1299|3356|28370|263963
28917|6939|1299|20473|201353
28917|6939|1299|20473|203913
57381|50304|1299|3920|206777
204092|62000|212815|52053
15605|56911|1299|6855|39904|202605
58308|6939|1299|20473|401637
264409|174|20473|47065|61574
20562|28917|215730|209693
7500|2497|174|35598|52091|206810|35273
12779|62255|52091|206810|213694
37739|3491|1299|6424|44592|49581|209693
28917|6939|6830|23520|272935|273948
15562|2914|1299|34927|202532
328840|327727|174|6762|49666|58224|214805
22652|1299|35598|52091|44660
6908|1299|6762|16735|273514
28917|6939|1299|6855|13036
42541|62255|52091|206810|211692|31069
35600|50263|15935|201727
21700|174|8551|20473|47065|61574
215596|174|28189|266931|269250|271150
6730|6830|174|3130|47065|61574
48070|57463|12735|206192
16552|2914|1299|35598|52091|206810|56766
6830|174|216211|211575
1140|24785|1299|6762|16735|273514
1299|6939|30893|200690
20612|9044|1299|2914|226|47065|61574
2914|1299|35598|52091|206810|56766
202365|50673|174|60068|197103|212080
20055|174|35598|52091|206810|59815
28917|6939|1299|39351
28917|6939|1299|20473|395522
207841|57463|12735|51559|42846
28917|37271|20473|47065|61574
49028|1299|174|3130|47065|61574
35008|1299|6453|19318|201813
58299|62255|52091|206810|12773|44710
34549|174|140227|44324|205369
28917|6939|1299|34628
8220|1299|3356|28370|269016
15576|8220|1299|174|37468|61568|266460|61625
2497|1299|20473|201423
28917|6939|35826
28917|6939|1299|23520|264821|274290
58308|6939|12735|201978|208425
28917|6939|1299|15830|400498
1031|28917|215730|209693
2516|174|20473|47065|61574
28917|6939|1299|11172
216211|44324|215172|214955|199518
15605|57463|12735|15830|201079
37105|36994|1273|174|140227|44324|205369
139317|44324|32595|174|396101
17660|6453|174|210329|215728
216285|8280|6762|1299|3920|206777
23367|1299|35598|52091|206810|39089
15605|35598|52091|206810|202279
139317|44324|32595|174|213035
22652|1299|29695|206557|204503
24961|3320|174|52468|271150
22652|1299|6424|44592|49581|209693
35426|215596|62000|6777|42541|205235|208327
47160|174|28189|266931|271615|273522|271150
2734|57463|12735|15830|201079
20764|174|20473|47065|61574
56655|1299|21351|60132
49028|1299|56630|209944
50629|57463|12735|8517|207263
12779|62255|52091|206810|211101
398465|174|137409|206216|215172|214955
4601|50869|214757|199183
28917|6939|1299|20473|269799
327983|37497|3491|174|210|47065|61574
58308|39801|29222|204957|199058
4601|6939|28917|21453|199933
559|3320|6855|39904
271253|1299|13335|399532
50629|57463|12735|9000
37239|37468|33891|44592|49581|209693
49028|1299|2914|226|47065|61574
28917|6939|1299|137|2597
29075|1299|3356|28370|263535
21232|13030|62000|212815|52053
2500|2914|1299|3920|206777
5413|1299|60068|197103|212080
50304|1299|3920|206777
44324|32595|174|197071
3399|174|210329|215728
35008|1299|3356|1680|44709
35426|215596|1299|3356|28370|263060
55222|174|35598|52091|206810|208435
327983|37497|3491|2914|6424|44592|49581|211507
398465|1299|6461|394737
29222|6939|15372|203592
12859|6939|54429
8888|6939|1299|20473|399970
202032|57463|12735
31742|1299|35598|52091|206810|56915
60068|174|3257|20473|47065|61574
263152|264409|174|204548|215728
52025|174|35598|52091|206810|24881|24697
29222|6939|7018|28469
42473|9002|3356|174|399697|39967|399697
49788|1299|6424|44592|49581|209693
6830|6939|28917|50009
58308|6939|7018|399611
50629|57463|12735|197941
202365|50673|174|12956|212721
4637|10111|7720|44324|215172|214955|59449
8283|20764|52091|206810|214721|204108
58308|6939|28917|44056
15605|6762|174|210|47065|61574
35426|39801|5511|174|37468|61568|266460|61625
132847|7474|7473|1299|35598|52091|206810|56766
6424|62255|52091|59815|25299
15605|35598|52091|206810|34786
35426|215596|174|140227|44324|205369
20932|1299|20473|399970
23673|6939|1299|20473|47065|61574
8283|6939|28370|264426
4601|50869|41051|211715
207841|57463|12735|43391|50941
2027|6696|1299|20473|201423
6730|6830|174|35598|52091|206810|214721|204108
20253|1299|174|13786|263047|269488
49432|48362|1299|3491|20473|47065|61574
139317|44324|32595|174|35916|21769
328840|327727|174|1299|25091|8298|4601|4492
58308|6939|1299|27947|272890
58308|6939|33891|12337
48362|1299|8551|20473|47065|61574
50673|174|399697|39967|399697
1140|24785|1299|20473|399970
28917|6939|1299|6400|271940
202365|50673|174|3491|20473|47065|61574
327960|327782|37100|1299|10490|2722|12148|47065|61574
25152|2914|6424|44592|49581|209693
25091|2603|21320|5408|47065|61574
199938|1299|6461|394737
20253|1299|3216|51032|41344|39707
41051|58299|22356|28370|268521
23764|174|35598|52091|206810|214268
37468|174|11432|271150|272738
174|35598|52091|206810|213694
139317|44324|32595|174|3356|7195|52863
12779|57463|12735|8517|206887
8660|1267|1299|6453|19318|209896
41327|174|60068|216213|205884
6057|6461|1299|198949|35676
210312|4601|50869|52025|216096
44324|32595|174|400702
58308|6939|30893|200690
6894|174|13786|263047|266089
60068|1299|21351|60132
50877|5405|7195|20473|47065|61574
40994|57463|12735|51559|213252
6696|5511|174|11432|271150|272738
139317|44324|32595|174|21859|62610
16552|1299|35598|52091|206810|202279
207841|6939|2852|200874
12637|35598|52091|206810|39089
7594|174|8551|20473|47065|61574
58308|6939|6830|23520|262191|27845
42473|1299|3356|28370|263963
50877|5405|22356|28370|267556
61218|6939|1299|201814|209896
12637|57463|12735|43391|44620
6777|35598|52091|206810|39558
6424|174|35598|52091|206810|35273
50304|1299|174|21700|399914
15605|35598|52091|206810|12773|44710
20912|12637|174|20473|47065|61574
398465|1299|12956|212721
44393|394256|174|1916|47065|61574
28917|6939|1299|20473|211224
4601|50869|6939|42695|43101
204092|6939|28917|6789
207841|6939|2852|197451
58308|6939|28370|269016
48919|174|3356|8119
210312|4601|50869|52112
397131|60011|3356|174|60068|216213|205884
48070|57463|12735|60946
45049|6696|1299|6762|16735|273514
12956|1299|56630|209944
58308|6939|1299|60068
7018|6453|60068|216213|205884
24785|6830|174|13786|263047|267961
207841|57463|12735|205757
4601|50869|214757|60900|215280
30600|174|20473|47065|61574
205206|1299|56504|47674
29691|1299|12956|212721
24516|174|5459|200070
52025|174|35598|52091|206810|57164
6424|2914|174|20473|47065|61574
44324|32595|174|205583
328840|327727|174|35598|52091|206810|202279
44324|32595|174|39063|29108
8283|6939|28370|268198
215596|1299|3491|20473|47065|61574
4764|1299|29695|206557
6730|6830|3356|60011|34927|208690
42541|1299|198949|35676
8220|1299|35598|52091|206810|59815
35266|1299|35598|52091|206810|57164
34854|1299|35598|52091|206810|59815|25299
40994|174|34927|202827
28917|6939|1299|211181
209650|34927|5405|1299|20473|47065|61574
13830|971|174|20723|2852|202874
24961|1299|8551|44709
15605|56911|1299|20473|399970
48362|1299|60068|216213|205884
41327|137409|206216|215172|214955
15605|57463|12735|8517|31689
4181|1299|35598|52091|206810|34786
3170|6939|2852|197277
63927|3257|28917|215730|209693
40994|57463|12735|60946
263152|264409|174|1299|20473|399970
15576|174|204548|215728
48070|6939|28917|52191
7575|2914|174|37468|61568|266460|61625
139317|44324|32595|174|60068|205884
41722|28917|215730|209693
58308|6939|1299|36137
58308|59689|29075|174|3257|21034
41327|6939|2852
6424|6939|25192|20701
4764|1299|35598|52091|206810|39558
3214|1299|6855|39904|202605
21232|15576|57463|12735|214593
29691|33891|60068|211571
6461|1299|35598|52091|206810|56766
23367|1299|35598|52091|206810|214721
32590|1299|35598|52091|206810|39089
6667|1299|6453|8283|200998
12779|35598|25308|28917|9049|51017
559|57463|12735|57844
2027|47160|174|28189|266931|269250|271150
198249|13030|6939|138997|216211|44324|215172|214955|59449
2914|30058|216211|44324|215172|214955|59449
28917|6939|1299|46261|49548
5511|1299|6855|39904
58308|6939|49418
553|62255|52091|206810|39089
28917|6939|1299|23520|273099
6424|31133|51032|41344|39707
49028|1299|6939|2852|210498
6424|174|35598|52091|206810|214268|197578
59105|2518|2516|174|3130|47065|61574
59890|174|1916|47065|61574
44324|32595|174|397903
28917|8359|57304|209693|206715
21232|15576|174|52468|262393
41051|57463|12735|15830
559|6830|60068|216213|205884
6461|174|399697|39967|399697
28917|6939|1299|31898|26954
151326|174|35598|52091|206810|59815|25299
6830|6939|28917|52191
35600|35598|52091|206810|12773|47809|50780
137409|207841|209735|44324|216299
12637|6939|2852|200874
58308|6939|1299|200217
4181|1299|35598|52091|206810|214721
12552|9002|62000|212815|52053
44324|32595|174|18001
398465|1299|35598|52091|206810|56915
3356|1299|20473|399970
58308|6939|6830|23520|272935|273948|274204
6777|35598|52091|206810|57164
28917|6939|48678|207582
28917|6939|1299|15164|22379
139317|44324|32595|174|46455|12056
3491|1299|35598|52091|206810|39558
31742|1299|3356|28370|268521
3491|174|14840|269288
58308|6939|32097|54203
12859|35598|52091|48158
8283|49581|209693
917|25369|174|216211|211575
47692|3356|174|3130|47065|61574
28917|22356|28370|268198
32590|1299|37468|270551|263047
52025|174|3356|16735|2716
6424|174|35598|52091|206810|213694
199938|1299|56630|209944
41666|57463|12735|60707
6830|3356|28370|267556
44393|394256|174|60068|197103|212080
35600|50263|21263|33814
553|57463|12735|15830|211686
28917|6939|7018|14381
15605|6939|25192|29067
209823|3356|21320|5408|47065|61574
52075|6762|174|5538|8194|29345
58308|6939|29670|60729
3320|1299|35598|52091|206810|24881|24697
58299|13335|400095
20514|1299|6453|1031|61568|266460|61625
209650|34927|1299|17676|216211|44324|205369
28917|6939|1299|60068|62651
12859|47311|150249|153176
31122|6424|44592|49581|209693
58308|6939|1299|36352|399502
49544|1299|34927|202532
34927|60011|3356|174|3130|47065|61574
8220|1299|174|21700|399914
398465|1299|29695|206557|208835
28917|6939|1299|20473|139686
42473|1299|20473|399970
44324|32595|174|28511
58308|6939|33891|211690
20253|1299|3223|34224|12735
44393|394256|174|21320|5408|50148
22652|33891|216067|44244
58308|6939|6830|23520|272935|274105|274027
139317|44324|32595|174|263157
209650|34927|174|204548|215728
42541|1299|6855|39904
64475|57463|12735|15830
2734|57463|12735|8517|8678
199524|1299|35598|52091|206810|48687
7720|10111|1299|12859|47065|61574
20205|174|210|47065|61574
12637|35598|52091|206810|56915
139317|44324|32595|174|22115
328840|327727|174|13786|263047|269680
21232|15576|57463|12735|15830|48678
971|174|6453|19318|209896
48070|6939|28917|48084
28917|6939|1299|22773|54706
28917|6939|1299|62917
5413|1299|3257|210329|215728
6830|6939|28917|201119
32590|1299|6461|394737
28917|6939|1299|20473|212279
58308|6939|1299|3223
2497|1299|35598|52091|206810|34786
15576|57463|12735|8517|211249
28917|6939|1299|20473|216225
58308|6939|1299|11492
34177|1299|3356|28370|263963
12859|57463|12735|51476
139317|44324|32595|174|28546
2497|1299|35598|52091|206810|59815
58057|174|6453|4755|7768
28917|6939|1299|158
2497|1299|35598|52091|206810
208972|62000|212815|52053
64475|62255|52091|206810|12773
209650|34927|1299|3223|41327
29680|174|35598|52091|206810|208435
207841|7195|11432|271150|272738
34019|3303|174|20473|47065|61574
58308|6939|1299|14080|3573
47692|6939|138997|216211|44324|215172|214955|59449
44324|32595|174|21433
8220|1299|3356|21320|5408|47065|61574
7720|10111|1299|20473|399970
28917|6939|1299|20473|142641
29222|6939|12735|51559
48185|1299|3257|60068|206406|210557
1299|7195|28189|266931|271615|273522|271150
44324|32595|174|21826|273155
199524|1299|6762|1680|44709
15576|57463|12735|8517|212167
58308|6939|1299|36352|399122
5413|1299|12956|212721
2497|174|21700|399914
29504|15935|174|35598|52091|206810|59867
151326|174|3257|28917|215730|209693
14630|6830|174|37468|61568|266460|61625
28917|6939|7018|4466
21412|174|204548|215728
50877|5405|6939|39790
2734|57463|7713|1299|56308
1299|3257|60068|206406|210557
6894|174|60068|205884
559|57463|12735|197941
24961|3320|1299|60068|197103|212080
38001|3491|174|201814|209896
210312|4601|50869|58299|209898|199553|211894
34019|6939|28370|264426
41666|20764|52091|206810|211692|31069
41327|37271|20473|47065|61574
7473|1299|35598|52091|206810|24881
199938|1299|174|3130|47065|61574
28917|6939|7018|2386|11873
57695|917|60068|1299|3223|41327
16552|1299|35598|52091|206810|48687
34019|6939|28370|269016
553|174|52468|271150
28917|6939|1299|20473|211158
3491|1299|35598|52091|206810|213694
210312|4601|50869|214757|204508|44908
28917|6939|1299|20473|62184
28917|6939|1299|14080|26611
559|6939|54429
14907|1299|35598|25308|28917|204076
2734|57463|12735|212805
57777|8298|33891|216067|44244
210937|1299|3223|41327
57111|174|1299|25091|8298|4601|4492
20253|1299|8551|20473|47065|61574
58308|6939|40994|216321
137409|174|20473|47065|61574
12637|57463|12735|42216|62425|213751
48070|57463|12735|8517|213309
58308|6939|29670|213341
41811|1273|33891|216067|44244
58308|6939|1299|18734|28548
28917|6939|1299|20473|398549|216321
12637|57463|12735|8517|8466
50629|8551|44709
205206|1299|3491|22356|28370|28657
34288|1299|3356|28370|263963
16552|1299|3356|28370|268198
28917|6939|1299|57811|201029
58308|6939|7018|3423
1764|1299|8551|44709
23367|1299|174|14840|269288
328512|5713|174|201814|209896
6730|6830|3257|21034
1403|577|1299|12956|212721
58308|6939|33891|49435
328206|37739|3491|174|5538|8194|29345
57866|1299|20473|399970
58308|6939|1299|8697|8376
6696|1299|20473|47065|61574
48070|1299|174|13786|263047
28917|6939|1299|21277|13335
3701|174|35598|52091|206810|213694
4601|50869|6939|29222|207688
64475|57463|12735|8517|1967
28917|6939|1299|8375
22652|1299|35598|52091|206810|214268|197578
3303|21320|5408|47065|61574
28917|6939|1299|23520|27665|263222
328840|327727|174|3356|3223|41327
3170|6939|2852|198500
42541|264409|61832|266460|61625
209823|3356|174|3130|47065|61574
12389|174|21320|5408|47065|61574
204092|6939|2852|199711
394256|174|1299|3920|206777
51786|15623|4455|6424|44592|49581|209693
20055|174|35598|52091|206810|210063
12637|174|204548|215728
12389|1299|3920|206777
140627|1299|6855|39904|47767
58308|6939|7018|11992
32590|6762|1299|12859|47065|61574
202032|57463|12735|8517|24614
140627|1299|4230|2716
16347|1299|6453|1031|61568|266460|61625
12779|35598|52091|206810|48687
4764|1299|35598|52091|44660
559|6939|50989|205966
29222|6939|49418|216127
28917|6939|1299|52468|269853
8298|28917|215730|209693
59414|13030|1299|3920|206777
559|6939|39790
29504|39392|33891|17676|216211|44324|205369
6424|62255|52091|206810|57460
6894|174|20723|2852|202874
35600|6939|29222|41495|206202
31742|1299|3356|8772|215536
50629|57463|12735|43391
58308|6939|29222|513|20940
57381|50304|6939|138997|216211|44324|215172|214955|59449
28917|6939|6830|60068|51191
28917|6939|1299|3301|199902
136557|174|3356|9002|12555
210312|4601|6939|28917|21453|201646
41327|6939|28370
41666|57463|12735|51559
58308|59689|29075|174|20473|47065|61574
4826|3257|174|3130|47065|61574
12859|57463|12735|8517|205782
28917|6939|1299|63139
28917|6939|1299|20115|23132|402037
35600|57463|12735|8517|205782
14907|1299|3356|16735|273514
28917|6939|1299|395359
28917|6939|1299|22611|23428
28917|6939|268624|263601
1828|6461|174|20473|47065|61574
7720|10111|1299|198949|35676
28917|6939|6830|59622
559|57463|12735|208130
12859|1299|16164|36032
199524|28917|215730|209693
48070|20473|30893
7018|6939|2852|213152
327804|37271|174|3356|28370|28657
1299|6939|2852|212876
12779|57463|12735|209007
47147|1299|6939|30893|199580
34854|1299|6424|44592|49581|209693
38880|3257|28917|215730|209693
38001|3491|174|11432|271150
17660|2914|174|140227|44324|205369
58308|6939|1299|7632|131728
58308|6939|1299|31242
398465|174|1916|47065|61574
28917|6939|1299|60068|197103|272768
28917|6939|1299|32097|26329
1273|174|13786|263047|262578
6762|174|13786|263047|269488
207841|6939|28917|28907
6894|174|13786|263047|266089|52793
35600|6939|28917|28775
44324|32595|174|56501
29504|15935|174|3257|19318|209896
2914|174|35598|52091|206810|59867
25369|174|210|47065|61574
210312|4601|6939|28917|21453|35271
44324|32595|174|272102|271816
55222|1299|29695|206557|208835
29680|174|35598|52091|206810|24881|24697
58308|6939|1299|39855
205206|1299|3356|28370|263535
49432|48362|1299|37468|270551|263047
6777|57463|12735|47123
28917|6939|1299|20473|27218
31742|1299|35598|52091|206810|57164
4601|50869|44324|216299
58308|6939|1299|15695
60068|5511|1299|20473|47065|61574
31742|1299|20473|201423
139317|44324|32595|174|394542|398765
44324|32595|174|32505
136557|174|60068|216213|205884
207841|57463|12735|197941
132337|1299|20473|201423
12637|6939|28370|267556
1140|24785|6830|3356|28370|269016
8298|8283|3491|209810|207187|202551
29504|15935|174|3356|16735|273514
53828|2914|174|35598|52091|206810|213694
58057|174|140227|44324|205369
44324|32595|174|25122
1031|999|6453|1299|201814|209896
207841|6939|50989|33837
58057|174|13786|263047
22652|174|3356|16735|273514
37697|37468|174|13786|263047
60068|1299|20473|399970
56911|1299|6855|39904|47767
3170|35598|52091|206810
6830|6939|16652
12779|20473|47065|61574
44324|32595|174|53667|216340
23367|1299|60068|211571
2734|3257|1299|34927|202532
327960|174|5459|200070
34549|174|1916|47065|61574
59891|13030|28917|215730|209693
13830|971|174|5459|200070
8660|1267|1299|8551|44709
3549|3356|9002|62000|212815|52053
44324|32595|174|399646|54591
45049|6696|1299|3356|8772|215536
41666|20764|52091|206810|196638
58308|6939|7018|14381
15605|57463|12735|60707|216343
196621|15576|57463|12735
12859|35598|52091|206810|8274
3701|174|5538|8194|29345
139317|44324|32595|174|12252
28917|6939|1299|52468|27814
198385|15576|57463|12735|15830|201584
28917|6939|1299|23520|46650|13335
6667|1299|201814|209896
28917|6939|1299|2518|2515|131971
28917|6939|1299|42313|207876
3216|33891|60068|211571
198385|174|7545|20473|47065|61574
32590|12956|1299|10490|2722|12148|47065|61574
174|3491|20473|47065|61574
49788|2603|21320|5408|47065|61574
57381|50304|1299|4230|2716
34800|29632|9002|3356|1299|20473|47065|61574
210312|4601|50869|41051|197885
34019|1680|20473|47065|61574
8283|12956|37468|270551|263047
28917|6939|1299|60664
58308|6939|7018|22787
48070|6939|28917
6830|3356|13786|263047|268105
553|6939|28370|264426
398465|174|62000|212815|52053
55222|174|3356|16735|273514
8283|6939|30893|13214
139317|44324|32595|174|206310
5413|1299|21351|60132
23673|9900|23764|3356|174|10490|2722|12148|47065|61574
29479|50304|1299|6855|39904|202605
3170|61049|34927|202827
174|137409|62000|212815|52053
6762|174|20473|47065|61574
48070|6939|28917|21453|35271
8220|1299|60068|211571
47147|6830|60068|211571
4181|1299|8551|44709
213151|34549|174|22381|267470|263047
57695|917|60068|1299|23764|35168|212999
49028|1299|35598|52091|206810|59815|25299
50673|174|3356|8119
15605|56911|1299|6855|39904|47767
37100|28917|215730|209693
42541|1299|3257|20473|47065|61574
28917|6939|52838
559|20764|43298|48678|213865
34854|1299|12956|212721
14907|1299|174|210329|215728
398465|174|37468|53062|266493|61625
29222|6939|3170|203363
328512|5713|174|22381|267470|263047|264389
553|6939|28917|39238
6424|6939|28917|43886
327960|174|137409|62000|212815|52053
40994|6939|28917|6789|200702
38001|3491|174|210329|215728
29222|6939|3170|49485
42541|62255|52091|206810|211101
31742|1299|17676|216211|44324|205369
29222|6939|42184|48352
12859|1299|6453|29208
2497|174|13786|263047|267961
216285|8280|6762|174|13786|263047
37662|174|6453|29208
7474|7473|1299|20473|399970
28917|6939|263047|271068
13030|1299|20473|47065|61574
210312|4601|9002|12555|48430
28917|6939|7018|397799
328964|37468|174|201814|209896
5413|1299|7545|20473|47065|61574
21700|174|6762|16735|273514
1103|6830|7195|20473|47065|61574
35600|35625|3257|28917|215730|209693
34019|6939|50989|205966
139317|44324|32595|174|206262
28917|6939|1299|52468|272032
28917|6939|7018|25687
58308|6939|50629|207160
58308|6939|50629|39138|20940
58511|1299|8551|20473|47065|61574
58308|6939|30893|13214
8283|2603|21320|5408|47065|61574
41327|4601|4492
55720|2914|1299|35598|52091|206810|214721|204108
7018|6939|60432
20253|1299|8943|200636
2518|1299|198949|35676
50628|1299|6762|60068|205884
58308|6939|1299|13855|400528|395580
38001|3491|174|20473|47065|61574
3701|174|37468|61568|266460|61625
28917|6939|1299|209255
553|1299|60068|216213|205884
6830|6939|28917|39238
28917|6939|1299|58065
28917|6939|49418|206134
2734|57463|12735|42216|51722
29075|6762|174|37468|61568|266460|61625
52873|12956|174|210329|215728
16552|2914|12859|47065|61574
136557|174|2914|226|47065|61574
42541|1299|6461|394737
12637|1299|6855|39904|202605
6730|6830|174|11432|271150
199524|1299|9002|8772|215536
8426|6777|57463|12735|15830|198417
207841|57463|12735|15830|47952
559|6939|28370|267556
58308|6939|35133|50917|214677
2734|37468|52468|271150
4775|1273|174|52468|271150
204092|6939|28370|267608
58308|6939|1299|13536|19704
49605|6762|1299|6855|39904|202605
4775|4637|33891|216067|44244
49432|48362|1299|20473|47065|61574
32590|1299|6855|39904
60011|3356|1299|6855|39904|199604
64475|6939|28370|263535
12586|3257|28917|215730|209693
139317|44324|32595|174|48260
8220|1299|35598|52091|206810|202497
28917|6939|1299|6400|272867
58308|6939|1299|14265
58308|6939|1299|16509|14618|60900
28917|6939|1299|23520|264821|273009
35600|50263|21263|41504
15605|57463|12735|57844
58308|6939|1299|265840
60011|3356|1299|6855|39904
34288|1299|60068|211571
9002|3257|28917|215730|209693
328964|3491|1299|8551|44709
20205|1299|3356|60011|34927|208690
35600|6939|42695|43101
21412|174|210329|215728
34019|6939|28370|268198
3320|1299|35598|52091|206810|214268
30844|174|20473|47065|61574
29222|6939|39791|49101|42422
47147|1299|6855|39904|47767
42473|1299|35598|52091|206810|59815|25299
28624|61568|137409|62000|212815|52053
17639|1299|8551|44709
64475|6939|28917|198297
199524|1299|35598|52091|206810|39089
15547|8220|1299|3920|206777
12859|1299|3491|7162|13878|52468|60503|268746|61625
28917|6939|40994|216321
35600|16276|203019
28917|6939|7018|32629
21232|15576|57463|12735|15830|43352
50304|1299|37468|270551|263047
5413|1299|20473|201423
2497|174|35598|52091|206810|214210
44324|32595|174|22381|270442
1828|1299|60068|216213|205884
577|174|140227|44324|205369
6908|2603|21320|5408|47065|61574
48070|1299|3356|28370|263060
35600|57463|12735|42216|62425|207835
34927|52025|174|35598|52091|206810|214721|204108
17660|2914|1299|20473|47065|61574
28917|6939|7018|6621|265705
8283|6774|36947|174|36891
207841|57463|12735|9215
12859|6939|29222|513|20940
13830|971|174|35598|52091|44660
2734|63270|1299|3356|36207
28917|6939|1299|23520|265540
1299|20473|47065|61574
4181|1299|35598|52091|206810|57164
559|57463|12735|62095
35280|1299|20473|47065|61574
48070|1299|3356|28370|28657
199524|174|1299|20473|47065|61574
8660|1267|1299|174|210329|215728
47147|1299|6939|30893|204789
58308|6939|35133|50917
199524|1299|6204|44592|49581|209693
198385|174|6453|19318|201813
25091|1299|20473|47065|61574
57111|41327|7195|28260|270548|52794|52659
34854|1299|35598|52091|206810|214721|204108
48070|57463|12735|15830
8220|3491|2914|6424|44592|49581|211507
64475|57463|12735|60707|206271
57821|12586|3257|1299|20473|201423
3170|3257|28917|215730|209693
2516|1299|12859|47065|61574
398465|174|5538|8194|29345
5405|1680|44709
50629|6461|17378|8119
15605|35598|52091|206810|5598
28917|13335|5408
199524|174|35598|52091|206810|34786
263237|174|60068|211571
34927|1299|3356|28370|263963
132337|174|210329|215728
132847|7474|3257|28917|215730|209693
12859|57463|12735|212805
199524|1299|16276|203019
210937|1299|6762|16735|2716
4601|50869|52025|53723
3214|137409|62000|212815|52053
59891|13030|1299|60068|216213|205884
28917|6939|1299|60051|208293|203214|51684
2152|3356|1299|6855|50698
7473|1299|35598|52091|206810|214721|204108
29691|1299|3223|41327
42473|1299|3491|20473|47065|61574
15576|57463|12735|211682
37105|37662|174|28189|266931|271615|273522|271150
199524|174|2914|226|47065|61574
37721|174|216211|211575
12779|57463|12735|47123
24785|1299|3920|206777
6830|6939|28917|43714
19653|30600|1299|33891|216067|44244
553|174|3130|47065|61574
57866|12859|47065|61574
6762|1299|20473|399970
15605|35598|52091|206810|214210
35710|3320|1299|17676|216211|44324|205369
4601|50869|52025|201676
49432|48362|1299|6204|44592|49581|209693
6894|174|13786|263047|271068
7500|2497|174|35598|52091|206810|39089
12779|6939|28370|263535
202032|57463|12735|43391|50941
60326|34927|1299|20473|201423
62167|174|1299|20473|47065|61574
34927|56655|1299|198949|35676
39351|174|13786|263047|266089
271253|6453|174|13786|263047|269680
207841|57463|12735|8517|207263
48200|28917|215730|209693
64475|44592|49581|209693
6424|37271|20473|47065|61574
28917|6939|35489
12859|9498|20473|47065|61574
5405|47065|61574
57111|41327|8551|44709
210312|4601|50869|34019|35600
28917|6939|1299|20473|30514
139317|44324|32595|174|26269
41666|57463|12735|205757
40994|57463|12735|60707
8529|1299|174|21700|399914
31510|174|3491|20473|47065|61574
139317|44324|32595|174|396949
210937|1299|3356|28370|263535|268030
3130|174|35598|52091|206810|59815
7594|174|35598|52091|206810|48595
58308|6939|1299|262223
196621|6939|28917|206011
28917|20764|52091|206810|8274
35426|215596|62000|47498|59645|211286
58057|174|35598|52091|206810|196638
31742|1299|35598|52091|206810|214210
58057|1836|3356|3257|28917|215730|209693
3320|174|399697|39967|399697
28917|6939|1299|30823|214138|215375|215849
199524|174|20473|47065|61574
204092|6939|15372
136557|174|35598|52091|206810|34786
50629|57463|12735|8517|9095
207841|6939|28917|21453|41783
12307|29691|1299|5511|60068|206406|210557
28917|6939|3170|201579
11039|6461|1299|35598|52091|206810|59815|25299
24785|6830|3356|28370|53079
8283|2914|13786|263047|266089
139317|44324|32595|174|399646|206042
64475|3320|6830|60068|211571
196621|6939|28917|39238|49392
48185|1299|174|60068|205884
210312|4601|50869|52025|214347
58057|6939|1299|20473|399970
6424|6939|28917|50009
49434|5511|174|11432|271150|272738
215596|1299|6762|16735|2716
58308|6939|1299|400164
213151|41051|58299|22356|28370|28657
47147|1299|3356|28370|267556
34019|50263|15935|56747
917|25369|174|140227|44324|205369
32590|1299|35598|52091|206810|24881|24697
13237|33891|44592|49581|209693
38880|6939|1299|20473|47065|61574
58308|6939|1299|3301|201087
59105|2518|1299|35598|52091|206810|57164
58308|20473|47065|61574
210312|4601|50869|41051|201445
553|57463|12735|57043
7713|33891|60068|211571
40994|174|11432|271150
35426|215596|62000|6777|209870
1403|577|174|60068|205884
12637|57463|12735|42216|51722|26383
12779|57463|12735|8517|12777
41666|31133|12389|28917|8905|42132
14537|138997|216211|44324|215172|214955|59449
13030|1299|3356|60011|34927|208690
51519|39351|174|60068|216213|205884
58308|6939|29208|198605
1273|174|13786|263047
28917|6939|1299|33647
29222|6939|208453|52025|58052
917|60068|33891|7195|28343|2716
6453|1299|3920|206777
210937|1299|3223|34224|12735
28917|6939|1299|20473|200625
204092|6939|28917|198297
64475|50629|3356|3257|28917|215730|209693
40994|57463|12735|203963
28917|6939|7018|1751
3170|174|60068|216213|205884
207841|6939|30893|199580
2518|1299|8551|20473|47065|61574
3130|174|35598|52091|59815|25299
12307|29691|1299|17676|216211|44324|205369
58299|50263|201814|209896
327727|174|35598|52091|206810|202279
207841|6939|28370
4601|6939|28917|198297|51081
58308|6939|6830|23520|272935|267846|273861
28917|215551|30893|205166
44324|32595|174|398399
48070|6939|393682
58308|6939|28370
28917|6939|1299|397522
264479|7195|3257|28917|215730|209693
210312|4601|50869|56381|208814
1299|7195|11432|271150|272738
6424|272713|263390
58308|6939|39791|49101|211274
4775|1273|1299|3920|206777
559|6939|28370|270962
50304|1299|3356|28370|263535|268030
23367|1299|3356|28370
6424|272713|263390|270896
174|1299|8551|44709
12586|3257|174|399697|39967|399697
58308|39801|29222|204957
28917|6939|1299|20473|209300
6908|1299|6855|39904|47767
6830|174|3130|47065|61574
23367|137409|62000|212815|52053
60068|174|11432|271150
58299|62255|52091|206810|12773|57005
40387|1299|3356|16735|2716
21700|174|35598|52091|206810|48595
58308|6939|1299|34927|213092
327727|174|13786|263047|266089
199524|1299|3356|16735|273514
6777|57463|12735|203963
7713|1299|6461|394737
198385|15576|57463|12735|15830|203979
24482|52025|212895|210320
139317|44324|32595|174|209532
174|6453|9498|20473|47065|61574
20612|9044|174|3130|47065|61574
58308|6939|215296
44393|394256|174|201814|209896
40994|57463|12735|206402
553|6939|2852|197451
202365|50673|174|21320|5408|47065|61574
4601|50869|52112
40994|6939|42695|43101
207841|6939|28917|8926|41221|207164
3170|20473|47065|61574
12637|1299|37468|53062|266493|61625
917|60068|5511|1299|198949|35676
2027|6696|1299|20473|47065|61574
28917|6204|208972|210538|6775|13030|4637|133398
50673|174|60068|197103|212080
207841|6939|28917
7713|174|3130|47065|61574
64475|29632|59682
31122|174|20473|47065|61574
28917|6939|48678|206030
20253|1299|3356|28370|263963
1140|137409|62000|212815|52053
55222|174|3491|7162|13878|52468|60503|268746|61625
60068|1299|23764|35168|212999
28917|6939|1299|20473|203521
132825|174|12389|49666|205647|49801|204533
7713|3257|28917|215730|209693
148968|1299|3356|16735|2716
7594|174|35598|52091|206810|214268
327804|37271|174|5538|8194|29345
553|1299|6204|44592|49581|209693
1764|174|11432|271150|272738
47147|1299|37468|53062|266493|61625
58308|6939|1299|265530
57777|8298|25091|6453|174|3130|47065|61574
48070|1299|1680|20473|47065|61574
207841|57463|12735|208594|48814
47692|33891|8943|200636
327727|174|14840|269288
31742|6424|44592|49581|211507
16347|1299|37468|270551|263047
50877|5405|6939|2852|200874
57866|5511|174|52468|271150
29075|174|13786|263047
48070|9304|136897|174|3491|137969|132824
49788|1299|3356|14840|269288
28917|6939|1299|15557|204426
28917|6939|1299|34628|34652
50629|57463|12735|50875|34987
29075|1299|3356|28370|268198
13786|137409|62000|212815|52053
2027|47160|174|28189|266931|271615|273522|271150
25091|5511|174|20473|47065|61574
513|29222|6939|15935|204860|203385
39122|1299|56630|209944
57381|50304|1299|7195|28260|270548|52794|52659
2734|37468|60068|216213|205884
198249|13030|1299|198949|35676
11845|37468|2914|174|140227|44324|205369
28917|6939|1299|208905|198256
12586|3257|5405|8943|200636
34854|1299|3356|28370|28657
42473|1299|6762|16735|273514
28917|6939|1299|5617|42598
210937|1299|37468|53062|266493|61625
30600|1299|35598|52091|206810|59815|25299
55222|174|34927|202827
327983|37497|1299|6855|39904
6424|62255|52091|59815
48070|6939|28917|39238
28917|6939|1299|38930|207843
49432|48362|1299|3356|28370|268521
4601|50869|41051|215004
28917|6939|1299|11279
48070|6939|28917|24651
35600|6939|50989|33837
12969|1299|174|14840|269288
12969|1299|3491|22356|28370|28657
6424|6939|28917|44056
971|174|35598|52091|206810|214721
28917|6939|1299|20473|201726
20253|1299|60068|197103|212080
12969|137409|62000|212815|52053
58308|6939|3170|205479
971|174|5511|49666|58224|214805
216285|8280|6762|1299|198949|35676
3491|174|14840|2716
30844|174|13786|263047|268546
28917|20910|13194|174|60068|210906
50628|1299|174|20473|47065|61574
202365|50673|174|1299|20473|399970
58057|50673|174|1299|198949|35676
15576|57463|12735|51559
1140|6830|60068|216213|205884
20514|1299|35598|52091|44660
6830|1299|60068|197103|212080
12969|1299|201814|209896
15605|57463|12735|43391|201178
57111|174|60068|205884
4601|52320|7162|13878|52468|271150
3130|174|1299|6855|39904
136557|174|35598|52091|206810|48595
513|29222|6939|268944|271441
58308|6939|1299|212175
35008|1299|6762|49666|58224|214805
174|3356|28370
3491|174|35598|52091|206810|210063
328206|37739|3491|174|140227|44324|205369
25160|174|20473|47065|61574
12859|57463|12735|43391
34927|1299|3920|206777
6424|174|35598|52091|206810|34786
204092|6939|28917|21453|48149
34927|1299|3356|21320|5408|47065|61574
174|35598|52091|206810|8274
28917|22356|28370|61708
4764|1299|35598|52091|206810|56915
58308|59689|30781|33891|44592|49581|209693
36994|1273|174|3130|47065|61574
28917|6939|1299|205809
151326|174|201814|209896
263237|174|210329|215728
328512|5713|174|13786|263047
28917|6939|1299|29838|62731
559|35598|52091|206810|214268
49544|3356|1299|6855|50698
199938|1299|3920|206777
2734|13786|263047|262485|271315
58308|6939|50629|207252
44324|32595|174|398947|27884
328206|6939|138997|216211|44324|215172|214955|59449
61218|29632|9002|3356|174|140227|44324|205369
58308|59689|29075|174|140227|44324|205369
12779|57463|12735|8517|15843
41666|56630|209944
1299|3356|28370|28657
6424|6939|28917|48610|57712
31742|1299|3356|28370|263060
58308|6939|6830|23520|27665|27789|274008
44324|32595|174|42313|212766
2518|1299|174|37468|61568|266460|61625
5413|1299|3257|28917|215730|209693
42541|1299|7545|20473|47065|61574
210312|4601|6939|28917|50923
55222|1299|6855|39904|47767
204092|6939|28917|21453|201646
48919|174|60068|205884
34800|58057|50673|174|3356|60011|34927|208690
7473|1299|6424|44592|49581|211507
6453|174|140227|44324|205369
198249|9002|46427|64289|44592|49581|209693
4601|50869|41051|207852
32590|12956|1299|6855|39904
210312|4601|57463|12735|208594
42473|1299|6939|28370|267556
4601|50869|215248
209650|34927|1299|20473|201423
3170|6461|17378|8119
48919|174|22381|267470|263047|264389
32590|1299|35598|52091|206810|34786
139317|44324|32595|174|4058
28917|6939|1299|54082|263725|264773
1403|577|1299|34927|202827
58308|6939|6830|23520|263703|269946
10111|1299|60068|216213|205884
34854|14840|269288
50877|5405|22356|28370|268198
5405|62255|52091|206810|8274
132825|174|35598|52091|206810|24881|24697
139317|44324|32595|174|53667|14956
49544|3356|174|140227|44324|205369
57381|50304|1299|3491|22356|28370|28657
58308|6939|1299|3301|204847
58057|174|35598|52091|206810|202279
139317|44324|32595|174|36236|6838
64475|62255|52091|206810|196767
48185|1299|17676|216211|44324|205369
1299|34927|202827
2734|13786|263047|267425
8283|2914|13786|263047|267334
204092|6939|393682
16552|6453|174|37468|61568|266460|61625
20912|12637|174|3130|47065|61574
210937|1299|8551|44709
7018|6939|2852|201648
4777|2497|1299|20473|201423
2518|1299|6855|50698
58308|6939|1299|43893|209454
8283|6939|28370|263535
37239|37468|174|399697|39967|399697
6830|6939|28917|44056
60068|174|1916|47065|61574
1299|37468|270551|263047
3491|1299|35598|52091|206810|39089
42473|1299|6939|28370|263060
139317|44324|32595|174|5719
4826|1299|60068|211571
199524|174|32787|202161
12969|1299|174|22381|267470|263047|264389
49028|6830|60068|216213|205884
58308|6939|1299|56655|212085
7594|174|35598|52091|206810|59815
174|1299|6939|24796|63293
139317|44324|32595|174|212250|208293|203217
210937|1299|3356|28370|263060
20205|1299|3356|8119
20932|1299|3491|7162|13878|52468|60503|268746|61625
58308|6939|40994|215472
559|6939|30893|205563
31742|174|216211|211575
140627|1299|6855|39904|199604
29222|6939|48070|204208|47272|214848
35600|35598|52091|206810|59815|25299
3257|1299|6939|24796
199524|174|210329|215728
58308|6939|1299|26073
51786|15623|4455|33891|216067|44244
41327|3356|174|20473|47065|61574
139317|44324|32595|174|57974
12859|18678|22381|28343|2716
202365|50673|174|3356|8119
42541|20473|47065|61574
35598|174|6461|394737
42541|7195|28189|266931|269250|271150
199524|1299|6453|4755|7768
44324|32595|174|37288
174|35598|52091|206810|59815|25299
32590|37100|174|3130|47065|61574
12859|1299|1680|20473|47065|61574
3701|174|35598|52091|206810|59815|25299
8455|3356|174|399697|39967|399697
13786|174|6461|394737
28917|6939|1299|6503|6621|265515
6082|174|35598|52091|206810|202279
8298|25091|6830|60068|216213|205884
14907|6939|138997|216211|44324|215172|214955|59449
20205|1299|20473|201423
210312|4601|50869|6939|28370|267556
6461|4637|10111|7720|44324|215172|214955|59449
15605|35598|52091|206810|208435
34177|1299|3356|28370|53079
34927|174|52468|271150
12859|6939|29222|41495|206202
15935|174|3257|21034
28917|6939|1299|142132
58308|6939|1299|19679
58308|6939|1299|6128|54004|21835
34019|32787|202161
49028|1299|174|210329|215728
12779|57463|12735|42216|62425
28917|6939|1299|6400|273157
58308|6939|50629|207252|202119
17660|6453|174|28189|266931|269250|271150
213151|41051|57463|12735|206402
210312|4601|50869|34019|204186
20485|28917|215730|209693
174|35598|52091|206810|24881
58308|35598|52091|206810|208435
34800|58057|50673|174|3130|47065|61574
132825|174|3356|16735|273514
328964|37468|2914|174|32595|44324
6730|6830|60068|216213|205884
28917|6939|1299|10396|30526
28917|6939|1299|36236
62000|6777|559|200233
135895|6939|138997|216211|44324|215172|214955|59449
6830|6939|28917
3491|174|35598|52091|206810|214268|197578
20514|1299|35598|52091|206810|57164
34927|52025|174|35598|52091|206810|214268|197578
49028|1299|10490|2722|12148|47065|61574
8426|6777|57463|12735|202588
35600|6939|28370|270962
3491|1299|20473|399970
44324|32595|174|399275
4764|1299|35598|52091|206810|56766
48070|1299|3223|41327
6830|6762|16735|273514
32590|1299|29695|206557
12956|1299|8551|44709
58299|22356|28370|53079
8426|6777|35598|52091|206810|214721
553|57463|12735|31704
58308|6939|7018|22056
209650|34927|1299|6855|39904|47767
1299|35598|52091|206810|214721
6730|6830|3356|28370|268521
58299|62255|52091|206810|213694
21412|174|52468|271150
41327|13335|399532
210312|4601|57463|12735|212805
40994|9002|8772|396416
1140|12859|47065|61574
42473|6939|138997|216211|44324|215172|214955|59449
151326|174|28189|266931|269250|271150
15935|13335|5408
553|9002|9507|55884|4826|3257|174|62685
48070|6939|50989|33837
8426|6777|57463|12735|15464
1140|24785|6830|3356|28370|263060
4601|6939|28917|24651
37105|37468|174|11432|271150|272738
59890|174|204548|215728
35426|215596|174|14840|269288
4181|1299|35598|52091|206810|56915
210312|4601|50869|211024
62167|174|1299|20473|399970
32590|1299|6855|39904|199604
207841|6939|28917|35539
58308|6939|1299|11172
24516|174|35598|52091|48158
198385|15576|57463|12735|208594
34019|6939|25192
553|9002|34927|202827
48919|174|140227|44324|205369
6730|6830|9002|12555|210259
29504|15935|13335|399532
216285|8280|6762|174|22381|267470|263047|264389
7018|3356|13786|263047|267425
202365|50673|174|10490|2722|12148|47065|61574
1299|3257|210329|215728
35369|5405|6939|28370|52593
35426|215596|174|210|47065|61574
2027|49434|28917|215730|209693
139317|44324|32595|174|210|47065|61574
55222|1299|35598|52091|206810|35273
6830|6939|39790
132825|174|35598|52091|206810|59815
8283|6939|30893|199580
6057|174|60068|197103|212080
40994|23764|20485|35598|52091|206810|24881|24697
46450|1299|12859|47065|61574
23367|1299|6855|39904|199604
28917|6939|1299|34170|138915|140666
42541|1299|3257|19318|209896
28917|6939|1299|23033|401988
8218|62000|212815|52053
29169|174|52468|271150
132847|6939|138997|216211|44324|215172|214955|59449
34927|1299|8551|44709
48070|16276|203019
48185|2914|174|140227|44324|205369
58308|6939|32097|11867
25091|1299|8551|44709
15935|174|13786|263047
42541|13335|400095
41722|20485|1299|6855|39904|199604
2516|174|140227|44324|205369
12637|57463|12735|3188
44324|32595|174|19982
140627|1299|6855|39904
6777|57463|12735|206402
36236|174|52468|271150
49605|6762|3356|21320|5408|47065|61574
60011|3356|174|1916|47065|61574
16552|1299|174|140227|44324|205369
8283|3491|60068|206406|210557
15605|35598|52091|206810|24881|24697
12779|57463|12735|8517
41327|6939|39790
4601|50869|199310|211695
328206|37739|3491|1299|20473|201423
5405|22356|28370|263060
680|1299|3920|206777
6424|62255|52091|206810|210063
39351|174|13786|263047|269680
28917|6939|7018|6621|265591
8426|6777|47065|61574
31742|1299|6855|39904
327960|174|35598|52091|206810|214268
9002|3356|174|52468|271150
204092|6939|25192|29067
44324|32595|174|26269
23764|1299|35598|52091|206810|213694
553|6461|23352|20473|47065|61574
28917|6939|1299|198949|48851
48185|1299|174|37468|61568|266460|61625
58308|6939|15962|203933
58308|6939|1299|2586|209842
12859|22356|28370|264426
8283|20764|52091|206810|35273
28917|6939|1299|20473|54874
4777|2497|3257|28917|215730|209693
34019|39801|199881
553|3320|174|37468|61568|266460|61625
327983|37497|3491|1299|3920|206777
14907|1299|3356|28370|28657
12779|57463|12735|47123|24944
34177|1299|174|3130|47065|61574
31742|1299|1680|20473|47065|61574
28917|6939|1299|23520|27745
28917|6939|1299|210021|14789
48070|57463|12735|15830|201584
14907|1299|35598|52091|206810|24881|24697
207841|6939|28917|204623
58308|6939|3170|57782
58308|6939|2852|61110
139317|44324|32595|174|53893
61568|28917|6768|59514|48693|213137
12859|35598|52091|206810|196638|42702
8283|3491|7162|13878|52468|60503|268746|61625
59105|2518|1299|34927|202532
29222|6939|1200
3303|174|399697|39967|399697
49028|1299|6939|2852|200874
8280|6762|1299|20473|47065|61574
6453|1299|8551|20473|47065|61574
2914|1299|6939|24796
205206|1299|3356|28370|268198
139317|44324|32595|174|209847|26383
12779|137409|48011|25184|49801|204533
12859|1299|174|216211|211575
327804|37271|3257|1299|198949|35676
553|1299|201814|209896
23764|3356|1299|12859|47065|61574
28634|4230|3257|28917|215730|209693
37239|6939|1299|20473|399970
62167|174|60068|211571
12859|35598|52091|206810|12773|213694
9002|1299|8551|44709
61568|6762|1299|8551|44709
8298|25091|6453|174|20473|47065|61574
41327|13786|263047|269680
49028|1299|174|13786|263047|268105
8283|2914|21351|60132
58308|6939|7018|6621|265591
28917|8359|57304|215638|213798
58308|6939|33924
58299|215172|214955|215956
3491|174|10490|2722|12148|47065|61574
5413|1299|25091|8298|4601|4492
1273|174|13786|263047|268105
132847|7474|3257|174|22381|267470|263047|264389
6830|174|140227|44324|205369
151326|174|35598|52091|206810|214721|204108
28917|6939|6830|23520|52468|52242
21232|15576|57463|12735|42216|62425|213751
25220|33891|19318|209896
48362|1299|174|22381|267470|263047|264389
3170|6939|25192|26710
34019|29169|174|1916|47065|61574
7018|1299|35598|52091|206810|214268|197578
553|57463|12735|43391|44620
7018|3356|28370|268521
12779|13335|5408
49544|1299|6453|29208
1031|12859|47065|61574
4764|174|14840|269288
9268|4764|1299|35598|52091|206810|214268
15605|35598|52091|206810
34927|1299|3223|34224|12735
57866|1299|20473|47065|61574
12779|62255|52091|206810|56766
19151|174|21320|5408|50148
13830|971|174|3356|3223|34224|12735
139317|44324|32595|174|36667
199524|1299|3257|19318|209896
41051|58299|22356|28370|53079
49673|3216|9002|62000|212815|52053
25091|5511|174|140227|44324|205369
15547|3303|28917|215730|209693
30844|50263|62000|212815|52053
174|35598|52091|206810|214721
58308|6939|1299|20473
60068|174|140227|44324|205369
327782|37100|1299|3920|206777
199524|5511|174|37468|61568|266460|61625
57777|9002|8772|396416
44324|32595|174|395687
1031|999|6453|1299|6855|39904
139317|44324|32595|174|18501
8660|1267|1299|6855|39904|47767
44324|32595|174|42228
34927|1299|37468|53062|266493|61625
28917|6939|1299|20473|209220
23352|2914|174|37468|61568|266460|61625
48185|1299|174|3130|47065|61574
2518|2914|6424|44592|49581|211507
49544|3356|174|52468|271150
15935|6461|23352|20473|47065|61574
204092|6939|28917|9110
48070|1299|3491|20473|47065|61574
18106|6424|44592|49581|211507
202032|57463|12735|62095
8283|6939|2852|200874
209650|34927|1299|20473|399970
44324|32595|174|20473
553|62255|52091|206810|214268|196977
52925|3356|1299|6855|39904|47767
29222|1299|34927|202532
204092|6939|28917|34784
35600|50263|21263|56984
50629|6939|42695|52011
42708|33891|60068|211571
58511|1299|174|20473|47065|61574
31510|174|7311|835|394273
7018|1299|35598|52091|206810|57164
398465|1299|3223|34224|12735
210312|4601|50869|52025|208755
6762|3356|21320|5408|47065|61574
6777|57463|12735|51559|42846
19653|30600|1299|35598|52091|206810|202279
139317|44324|32595|174|53667|54218
58308|6939|25400|12929
28917|6939|49418|215590
41666|57463|12735|15830|211686
58308|6939|1299|4226|401734
38001|3491|174|37468|61568|266460|61625
48919|174|7545|20473|47065|61574
49028|1299|29049|49666|205647|49801|204533
6730|6830|33891|44592|49581|209693
3170|6461|210|47065|61574
3130|174|35598|52091|206810|211101
29680|174|11432|271150|272738
40994|174|11432|271150|272738
63927|137409|62000|212815|52025|212895|210320
2734|57463|12735|8517|2592
139317|44324|32595|174|20473
553|62255|52091|44660
28917|6939|1299|20473|213891
6424|6939|50989|50683
50304|1299|3356|28370|263535
151326|174|3257|21034
6830|174|35598|52091|206810|213694
51519|39351|6830|60068|211571
20912|12637|137409|206216|215172|214955
6830|6939|28917|28775
25220|2603|21320|5408|47065|61574
23367|1299|35598|52091|206810|24881|24697
58299|62255|52091|206810|211692|31069
4601|50869|44324|199018
58511|1299|20473|399970
58308|6939|33891|207436|203228
37662|174|3356|16735|273514
553|6939|50989
49028|1299|60068|216213|205884
9268|4764|1299|35598|52091|206810|5598
210312|4601|57463|12735|8517|1967
29222|6939|2852
28917|6939|1299|15113
6830|9002|197068
42541|16276|203019
199524|1299|12859|47065|61574
55222|174|137409|62000|212815|52053
58308|6939|262365
29222|6939|29208|205400
35600|50263|15935|51744|212325|205026
13030|1299|174|20473|47065|61574
35600|50263|15935|204860|201931
50877|5405|6461|210|47065|61574
48070|1299|37468|270551|263047
28917|6939|1299|30823|211138
29222|6939|39791|49101
13830|971|174|3491|7162|13878|52468|60503|268746|61625
58308|6939|1299|52025|212895|54891
3170|6939|28917|52191
28917|20764|52091|206810|59815|25299
6730|6830|9002|12555|200624
12389|174|52468|271150
12859|57463|12735|9121|12891
12637|57463|12735|8517|1967
6424|6939|28370|267556
262427|174|35598|52091|206810|214268|196977
202032|57463|12735|8517
58299|49581|215026|214079
50673|174|3491|20473|47065|61574
207841|61049|2914|1299|198949|35676
50628|1299|6939|28370|263060
398465|1299|35598|52091|206810|8274
6730|6830|174|28283|268744|2716
3130|2497|174|35598|52091|206810|202279
34549|1299|10490|2722|12148|47065|61574
58308|6939|1299|18678|263210
199524|174|35598|52091|206810
28917|6939|1299|265780
47147|3320|174|399697|39967|399697
6939|138997|216211|44324|215172|214955|59449
44393|394256|174|28189|266931|269250|271150
1299|3356|60011|34927|208690
30781|1299|20473|201423
59414|6830|174|52468|271150
553|34927|202532
204092|56630|209944
35600|57463|12735|8517|24922
132825|174|35598|52091
8426|6424|44592|49581|211507
41666|57463|12735|8517|8466
35600|6939|28370
38930|174|20473|47065|61574
58308|9002|197068
4777|2497|174|35598|52091|206810|214210
58057|50673|174|2914|226|47065|61574
28917|6939|1299|208905|210625
49788|1299|6453|19318|201813
31742|1299|35598|52091|206810|8274
139317|44324|32595|174|52341
50628|1299|174|1916|47065|61574
210312|4601|50869|41051|213286
286|1299|20473|47065|61574
8529|1299|12956|212721
12859|35598|52091|206810|5598
28917|6939|1299|21559|271945|269931|271968|271989
151326|174|46475|57463|12735|203963
57695|917|60068|174|3356|60011|34927|208690
15605|57463|12735|8517|206887
8426|6777|35598|52091|206810|211692|31069
12637|35598|52091|206810|196638|42702
44324|32595|174|47674
50629|1299|6855|39904|205968
12637|2914|6424|44592|49581|209693
199938|1299|3356|28370|268198
2914|1299|6855|39904|47767
263237|174|2914|20473|47065|61574
31742|174|21320|5408|47065|61574
513|29222|6939|15935
28917|6939|1299|28428
4601|50869|58299|209114|206072
199524|174|35598|52091|206810|24881
917|3214|1299|60068|197103|212080
49028|1299|35598|52091|206810|59867
6894|174|35598|52091|206810
63927|3257|174|60068|205884
50629|57463|12735|43391|214449
58308|6939|33891|198570
29222|6939|31263|206207
2497|1299|6855|39904
47160|174|210329|215728
32590|33891|44592|49581|209693
7500|2497|174|35598|52091|206810|196638
59891|13030|1299|8551|44709
6894|174|35598|52091|206810|59815
20205|1299|6424|44592|49581|211507
58308|6939|7018|397568
14907|21320|5408|47065|61574
577|1299|6855|50698
49028|1299|6939|28370
8455|33891|44592|49581|209693
3333|1257|28917|215730|209693
17350|6453|1299|6855|39904|199604
28917|6939|1299|18734|28545
20764|174|201814|209896
50629|20764|52091|206810|39558
3170|6939|28917|21453|48149
42473|1299|35598|52091|206810|24881
37053|6939|138997|216211|44324|215172|214955|59449
327727|174|20723|2852|202874
24516|174|7311|835|394273
3130|174|35598|52091|206810|214721
15605|6939|30893|13214|35634
58308|6939|6830|23520|22724
2734|21700|399914
58308|6939|7018|13965
28917|6939|1299|3249|31605
44324|32595|174|54502
999|6453|174|60068|216213|205884
6830|1299|4230|2716
47957|6939|138997|216211|44324|215172|214955|59449
44324|32595|174|53667|200329
4601|50869|216375
28917|6939|263047
513|29222|6939|208453
48070|212175|174|212175
4764|174|52468|262393
48919|174|30844|21351|60132
42708|33891|216067|44244
58308|6939|6830|23520|262191|272153
6424|1299|198949|35676
1403|577|6830|60068|216213|205884
50629|12859|47065|61574
327960|174|210329|215728
3130|174|13786|263047|52793
58308|6939|1299|60068|216213|215427
12859|6939|25192
8529|1299|174|1916|47065|61574
58308|6939|208453|52025
28917|20764|52091|206810|202279
34854|1299|3356|8772|215536
3701|174|35598|52091|206810|59867
58299|34549|1299|3920|206777
266213|3356|174|20723|2852|202874
58308|6939|50629|207252|214999
210937|6830|3257|21034
1299|35598|52091|206810|35273
6696|1299|6855|39904|199604
139317|44324|32595|174|21277|39216
12859|57463|12735|47123|199419
3170|174|20723|2852|202874
12637|57463|12735|60707
3491|1299|35598|52091|206810|5598
50629|57463|12735|60946
559|35598|52091|206810|196638|42702
577|1299|1680|20473|47065|61574
216285|8280|6762|174|10490|2722|12148|47065|61574
28917|6939|56595|43442
8280|6762|174|140227|44324|205369
216285|8280|6762|174|20723|2852|202874
139317|44324|32595|174|35399
6908|2914|3257|28917|215730|209693
12637|57463|12735|205757
6830|174|28189|266931|271615|273522|271150
58308|6939|1299|3249|200425
52025|174|35598|52091|206810
51519|39351|174|13786|263047|269680
151326|137409|62000|212815|52025|212895|210320
210312|4601|50869|57777
29504|15935|174|52468|271150
28917|6939|196621
6424|174|60068|216213|205884
49028|1299|60068|197103|212080
7473|1299|2914|226|47065|61574
49544|2914|174|11432|271150
20130|23352|2914|1299|60068|216213|205884
198249|13030|21320|5408|47065|61574
210312|4601|50869|199310
971|174|210329|215728
398465|1299|33891|216067|44244
34927|174|60068|216213|205884
139317|44324|32595|174|26057
7594|174|35598|52091|206810|57164
198249|57463|12735|8517
12307|29691|1299|6762|16735|273514
24785|6830|174|11432|271150
58308|6939|7018|7287|13965
47147|1299|6939|2852
28624|61568|174|210|47065|61574
3170|6939|28917|20985
29680|174|35598|52091|206810|8274
207841|61049|174|60068|216213|205884
48070|6939|28370|28657
20514|1299|3356|28370|53079
12637|57463|12735|15830|198417
28917|6939|1299|30823|49418|207957
13237|1299|3356|28370
213151|34549|174|1916|47065|61574
6424|2914|174|140227|44324|205369
553|6939|16652
3170|174|12956|212721
202365|50673|174|13786|263047|269488
3130|174|35598|52091|206810
553|6939|59970
57695|917|60068|174|6461|394737
58308|6939|1299|54082|263725|264773
28917|6939|1299|23520|272942|269893
35600|6939|60432
210312|4601|50869|214508
49432|48362|1299|6762|267470|263047
49432|48362|1299|174|60068|216213|205884
6894|174|35598|52091|206810|208435
7500|2497|174|14840|269288
28917|6939|1299|8796
139317|44324|32595|174|21320|5408|47065|61574
44324|32595|174|212318
139317|44324|32595|174|13977|400848
6453|174|21700|399914
48070|1299|6762|267470|263047
23367|1299|34927|202827
28917|6939|1299|60068|197103|272905
8220|1299|20473|399970
28917|6939|1299|20473|212270
57866|5511|174|52468|262393
29222|6939|32097|33387
3130|174|13786|263047|267425
57381|50304|1299|174|216211|211575
553|57463|12735|211682
212815|52025|212895|210320
6082|2914|1299|6855|50698
64475|6939|29222|41495
35426|215596|174|13786|263047|267961
207841|137409|62000|212815|52053
513|29222|6939|202585|215842
1257|174|140227|44324|205369
58308|6939|6830|23520|265620
210937|1299|10490|2722|12148|47065|61574
553|6939|2852|210498
11845|37468|1299|3920|206777
202365|50673|174|13786|263047|267425
48070|37468|61568|266460|61625
20912|12637|34927|202827
553|6939|33924
139317|44324|32595|174|13190
9900|23764|1299|198949|35676
51184|1764|174|216211|211575
12779|6939|30893|204789
58511|1299|60068|216213|205884
210312|4601|50869|60900
3170|6939|28917|39153
196621|6939|28917|50045
2734|2914|1299|35598|52091|206810
6423|20055|174|13786|263047|269680
4601|50869|215828|215849
2734|57463|12735|15830|203979
263152|53013|6762|1299|198949|35676
8283|6939|207995
40994|6939|28917|47914
6908|174|3257|28917|215730|209693
44324|32595|174|208905
50877|5405|6939|30893
58308|6939|1299|55410|38266
35426|215596|62000|215551|30893
6461|174|21700|399914
58308|6939|48678|213407
29222|174|60068|216213|205884
20253|1299|35598|52091|206810|211101
139317|44324|32595|174|398980
3170|37468|61568|266460|61625
58299|8926|1299|3320
852|1299|29695|206557|208835
3170|6939|2852|213152
216285|8280|6762|174|3130|47065|61574
28917|6939|7018|22317
23352|2914|174|20473|47065|61574
15623|174|20473|47065|61574
28917|6939|7018|16711
48185|1299|201814|209896
44324|32595|174|398156
28917|6939|1299|6503|22894
48070|6939|30893|204789
29680|174|35598|52091|206810|210063
41722|20764|174|201814|209896
7018|6939|393682
29140|286|1299|3920|206777
20514|1299|174|204548|215728
41666|8926|1299|3320
4601|50869|6939|30893
4181|1299|25091|8298|4601|4492
210312|4601|50869|6939|25192|29067
15605|6939|28370
1299|6939|60432
2497|174|35598|52091|206810|39558
16552|1299|20473|201423
58308|6939|1299|26073|401698
852|6939|138997|216211|44324|215172|214955|59449
139317|44324|32595|174|201896
553|13335|5408
12859|28917|215730|209693
15605|57463|12735|206192
64475|57463|12735|29399
6424|174|35598|52091|206810|211101
34854|1299|3356|28370|267556
210937|1299|13335|399532
28917|6939|1299|32097|33387
8220|6453|1299|16276|203019
19653|3356|3257|28917|215730|209693
58308|6939|1299|20473|401778
328512|5713|174|204548|215728
202032|57463|12735|15830|215555
2027|62000|41441|210320
6830|4637|20473|47065|61574
6424|174|35598|52091|206810|196638
4601|50869|6939|2852|200874
199938|1299|3356|28370
2497|1299|35598|52091|206810|214268|197578
1103|3257|174|20473|47065|61574
47147|6461|6424|44592|49581|209693
51088|8455|1299|34927|202532
1299|6939|30893|13214|35634
44324|32595|174|399893
3170|174|22381|267470|263047
174|34927|202827
264409|174|399697|39967|399697
28917|6939|1299|20473|400644
5413|1299|174|3130|47065|61574
34019|6939|50989|33837
32097|25091|8298|4601|4492
6424|6939|28917|50923
32590|1299|25091|8298|4601|4492
28917|6939|1299|20473|139589
42473|1299|3223|41327
14907|1299|60068|216213|205884
6453|174|28189|266931|269250|271150
140627|2914|1299|20473|47065|61574
327960|327782|5511|174|11432|271150
42473|1299|35598|52091|206810|24881|24697
5405|6939|2852|210367
8220|6453|1299|29695|206557|208835
971|174|5459|200070
7018|174|11432|271150
48070|57463|12735|203963
58308|6939|28917|48084|35816
58308|6939|33891|48918|43722
14907|1299|3920|206777
20912|12637|1299|6424|44592|49581|211507
50131|36236|174|34927|202827
35008|1299|3257|28917|215730|209693
215596|1299|1680|20473|47065|61574
3399|5511|1299|34927|202532
35600|13335|400095
28917|14840|269288
58308|6939|6830|23520|263238|273195
4601|50869|56381|209844
3130|174|35598|52091|206810|39558
8220|1299|9002|8772|396416
327782|5511|174|11432|271150
328964|23764|1299|34927|202827
58308|6939|1299|8796|967
210312|4601|50869|41051|212510
42541|29632|59682
199524|1299|35598|52091|206810|34786
6894|174|35598|52091|206810|34786
49434|6939|138997|216211|44324|215172|214955|59449
205206|1299|3356|28370
2914|3257|5405|8943|200636
15605|41327|13786|263047|268105
2734|22356|28370|267608
6696|1299|6855|39904|205968
29075|1299|3920|206777
4777|2516|6830|60068|211571
12859|1299|3257|19318|209896
30600|1299|6855|39904
28917|6939|1299|6400|274192
139317|44324|32595|174|42313|216325
263237|174|3257|28917|215730|209693
58308|6939|268624|263601
210312|4601|50869|52025|202986
1267|1299|5511|60068|206406|210557
44324|32595|174|53667|199340
20253|1299|3356|60011|34927|208690
50877|5405|1299|8551|44709
140627|1299|35598|52091|206810|48595
263152|174|210|47065|61574
6830|2914|20473|399970
262427|1031|137409|62000|212815|52053
327727|174|35598|52091|59815|25299
6720|1764|1299|8551|44709
45352|1299|60068|211571
59414|6830|174|35598|52091|206810
49028|1299|6939|30893|205563
25369|174|11432|271150
19151|174|1299|6855|39904|47767
29140|286|33891|216067|44244
41722|20764|174|210329|215728
39122|1299|6939|2852|199711
2027|47160|174|13786|263047|269488
2027|47160|6939|24796|63293
139317|44324|32595|174|26801
58308|6939|41720|215146
24785|6830|6453|60068|216213|205884
3130|174|13335|399532
6762|174|399697|39967|399697
34019|47160|174|140227|44324|205369
23367|1299|35598|52091|206810|214268
62000|212815|52025|212895|210320
39122|1299|6762|49666|58224|214805
28917|6939|1299|30823|213520
58308|6939|1299|43578
35280|1299|35598|52091|206810|213694
58308|6939|1299|3301|198476
29222|6939|47160|203062
28917|6939|1299|13335|395747
16552|1299|12859|47065|61574
23764|1299|35598|52091|206810|56766
6667|174|13786|263047
328840|327727|174|137409|62000|212815|52053
12637|57463|12735|15830|211686
37100|1299|10490|2722|12148|47065|61574
204092|6939|28370|263060
50629|57463|12735|51559
15547|174|3356|8119
6667|1299|60068|197103|212080
40994|6939|28917|50923
42541|57463|12735|29088
28917|8359|57304|15935|203550
15605|56911|1299|6855|39904|199604
28917|6939|1299|206264
41095|50263|62000|212815|52053
34927|1299|174|22381|267470|263047|264389
1764|174|20473|47065|61574
31742|174|140227|44324|205369
57111|41327|13786|263047|262813|265917
3491|174|204548|215728
20253|1299|35598|52091|206810|59815
57111|174|1299|198949|35676
44324|32595|174|16509
7195|137409|62000|212815|52053
37105|37468|28917|215730|209693
22652|1299|7195|28343|2716
132825|174|35598|52091|206810|196638
4181|1299|6855|39904
6424|62255|52091|206810|196638|42702
4777|2497|174|35598|52091|206810|211101
28917|6939|1299|20473|44446
42541|9002|12555
31742|1299|6855|39904|47767
38136|50131|174|60068|197103|212080
34927|56655|1299|174|1916|47065|61574
553|6939|60432
5405|28917|215730|209693
137409|6424|44592|49581|211507
1299|12859|47065|61574
44324|32595|174|44222
34019|6939|59970
58308|6939|1299|35908
207841|6939|29222|513|20940
28917|6939|1299|20473|203943
58308|6939|1299|37662|329246
58308|6939|41720
394256|174|210|47065|61574
51786|15623|1299|8551|44709
50673|33891|20473|47065|61574
58308|6939|268047
58308|6939|25400|3292|208202
293|6453|30058|216211|44324|215172|214955|59449
12637|6939|42695|43101
12859|6939|42695|43101
35600|6939|28917|12668
196621|6939|30893|13214|35634
398465|1299|34927|202827
14907|1299|35598|52091|206810|213694
29222|6939|47674
29222|6939|42184|196932
28917|6939|25192|20701
139317|44324|32595|174|401958
328840|327727|174|3257|21034
28917|6939|1299|23520|52233
12779|6939|16652
8888|137409|62000|212815|52053
207841|20764|43298|48678|213865
12859|7195|28189|266931|271615|273522|271150
57695|917|60068|174|21320|5408|50148
8426|6777|57463|12735|60847
34019|6939|15372|203592
198385|174|8551|20473|47065|61574
198249|57463|12735|208594
34927|1299|33891|216067|44244
48070|6939|28917|6789|201069|207979
5405|32787|202161
58308|6939|39791|57728
58308|6939|1299|48469
35008|1299|6453|19318|209896
39122|1299|8551|20473|47065|61574
35280|2914|30058|216211|44324|215172|214955|59449
7594|174|204548|215728
39351|174|13786|263047|271068
207841|6939|30893|9423
207841|57463|12735|29088
8283|6939|28370|267556
50629|6939|28370|264426
553|1299|6855|39904
4601|50869|6939|2852|210367
35426|215596|1299|3356|28370|28657
16347|1299|6453|4755|7768
2516|1299|34927|202532
12859|6939|50989
35008|1299|4637|20473|47065|61574
40994|9002|917|214598
132847|7474|137409|62000|212815|52025|212895|210320
58308|6939|6830|23520|52253|13335
40994|174|35598|52091|206810|214721
198249|6424|44592|49581|209693
34927|52025|174|35598|52091|206810|214210
6696|1299|6855|50698
139317|44324|32595|174|6424|47787|203020
58308|6939|33891|206564
263237|174|1299|3920|206777
28917|6939|7018|25996
34927|1299|3356|60011|34927|208690
6424|6939|28370|269016
31742|1299|6453|4755|7768
12307|29691|1299|174|204548|215728
6424|34927|202532
58308|6939|31263|206207
58308|6939|1299|23379|267700|269965|266815
20253|1299|29695|206557|208835
271253|1299|6855|39904|199604
58308|6939|1299|52468|273883
205206|33891|28917|215730|209693
35600|58453|30990|174|3356|36994|36908
3257|33891|216067|44244
40994|57463|12735|201978|208425
1280|1299|174|20473|47065|61574
4601|50869|200242
28917|6939|1299|23520|262148
29222|6939|7018|22241
34927|52025|174|13786|263047
60068|174|21320|5408|50148
50304|1299|6855|39904|47767
139317|44324|32595|174|58453|9505|135062
328512|5713|174|8551|20473|47065|61574
132337|4766|8455|8283|47065|61574
58308|6939|62193
47147|1299|3257|19318|201813
3320|1299|10490|2722|12148|47065|61574
15935|174|35598|52091|206810|56766
41811|6461|62000|212815|52053
34927|56655|1299|174|60068|205884
14315|6453|1299|198949|35676
34288|1299|174|37468|61568|266460|61625
49605|137409|62000|212815|52053
28917|6939|7018|400393
6730|6830|174|13786|263047|262578
48070|1299|3356|28370|269016
12859|35598|52091|206810|214721|204108
12637|6939|28370|263535
12956|174|210329|215728
47957|3356|1299|10490|2722|12148|47065|61574
58308|6939|3170|399275
2497|1299|35598|52091|206810|24881|24697
35426|215596|1299|3356|28370|53079
64475|62255|52091|59815|25299
52320|174|140227|44324|205369
210312|4601|50869|6939|2852|201648
139317|44324|32595|174|51110
1299|4637|20473|47065|61574
28917|6939|1299|25400
20205|1299|6762|267470|263047
209|3356|174|20473|47065|61574
327960|174|35598|52091|206810|24881
44324|32595|18423|137409|4637|6461|1299|16509
1103|6830|174|11432|271150|272738
39392|33891|264409|61832|266460|61625
58308|6939|5405|41981
58057|50673|174|10490|2722|12148|47065|61574
31122|174|8551|20473|47065|61574
58308|6939|1299|9141
8455|6830|60068|216213|205884
210312|4601|50869|34019|209090|205690
16552|2914|1299|35598|52091|206810
24961|1299|10490|2722|12148|47065|61574
32590|1299|3216|51032|41344|39707
32653|3741|174|1299|6855|39904
14537|174|60068|205884
6830|6939|28917|39238|49392|9098
7500|2497|174|35598|52091|206810|5598
136557|174|35598|52091|206810|39558
196621|15576|3356|1299|3920|206777
12956|2914|12859|47065|61574
1299|3356|1680|44709
51873|6830|3257|20473|47065|61574
8220|3491|1299|3920|206777
20253|1299|6762|16735|273514
44324|32595|174|6621|265705
32590|33891|216067|44244
2497|174|210|47065|61574
12779|57463|12735|206119
14537|52925|3356|1299|3920|206777
34288|174|3356|28370|28657
28917|6939|1299|45204|13335
20612|9044|174|52468|271150
198385|15576|174|60068|197103|212080
58308|6939|1299|52468|272034
44324|32595|174|215656
513|29222|6939|61618|267443
513|29222|6939|61618|267216
20514|1299|7195|28189|266931|269250|271150
7018|1299|35598|52091|206810|24881
12350|34177|62000|212815|52053
64475|62255|52091|206810|12773|213694
559|57463|12735|210021
15605|137409|62000|212815|52053
6777|57463|12735|57043
59414|6830|174|52468|262393
32590|1299|3356|28370|263535
42541|62255|52091|206810|12773|213694
398465|4826|3257|174|20473|47065|61574
58057|34549|174|399697|39967|399697
23367|1299|174|13786|263047
39120|28917|215730|209693
29632|9002|3257|28917|215730|209693
8283|57866|1299|3920|206777
207841|6939|28917|44056
15623|1299|3257|20473|47065|61574
207841|61049|3257|28917|215730|209693
58308|6939|50989|48116
6461|174|35598|52091|206810|39558
15605|57463|12735|8517|12777
29691|1299|174|140227|44324|205369
5413|1299|174|60068|205884
6730|6830|174|10490|2722|12148|47065|61574
3491|138997|216211|44324|215172|214955|59449
3130|174|7195|20473|47065|61574
41666|57463|12735|201978|208425
35426|215596|1299|7195|28343|2716
6730|6830|1299|3920|206777
12779|16276|203019
139317|44324|32595|18423|137409|6461|1299|9498|18229|132215
1299|35598|52091|206810|59815
207841|7195|20473|47065|61574
394256|174|1916|47065|61574
51185|6762|1299|22773|8119
21412|1299|21351|60132
47147|1299|13335|400095
14907|6830|174|140227|44324|205369
42473|1299|6453|8283|211321
1836|174|13786|263047
28917|6939|48070|204208|47272|214848
48070|57463|12735|8517|1967
3130|174|3257|19318|209896
28917|6939|1299|39892
58308|6939|3170|201579
52873|12956|174|204548|215728
50131|36236|3257|1299|198949|35676
3701|3356|1299|20473|399970
44324|32595|174|6461|2000
22652|174|3130|47065|61574
12859|6939|29222
28917|6939|1299|62874|50495
4777|137409|62000|212815|52053
28917|6939|1299|23520|263703|274160
7018|1299|35598|52091|206810|59867
6730|6830|3257|19318|201813
12637|6939|28917
57866|1299|35598|52091|206810|59815|25299
1299|6855|39904|47767
40387|1299|37468|270551|263047
199524|174|35598|52091|206810|39089
12779|7195|11432|271150|272738
4777|2497|2914|174|20473|47065|61574
58308|6939|6830|23520|273189
11845|37468|1299|6855|39904|202605
34927|56655|1299|37468|53062|266493|61625
6830|174|37468|61568|266460|61625
58299|14840|2716
12859|57463|12735|42216|62425
398465|174|11432|271150|272738
57695|917|60068|174|34927|202827
6894|174|35598|52091|206810|214721|204108
328206|37739|3491|1299|12859|47065|61574
35600|6939|30893
35266|2914|174|20723|2852|202874
23367|1299|6855|39904|47767
58308|6939|49418|213877
50629|57463|12735|47123|50055
47692|33891|12859|47065|61574
41327|29632|215536
28917|6939|1299|23033|204957
35426|215596|1299|8551|44709
59689|29075|174|210329|215728
13830|971|174|13786|263047|268105
52320|1299|6855|39904
35600|57463|12735|206119
1031|999|6453|174|28189|266931|269250|271150
6082|2914|3257|28917|215730|209693
44324|32595|174|30103
151326|174|5511|49666|58224|214805
12859|35598|52091|206810|57460
12956|174|21700|399914
6461|1299|35598|52091|206810|202279
12389|1299|174|37468|61568|266460|61625
23367|1299|7195|28343|2716
31742|1299|20473|47065|61574
136557|174|10490|2722|12148|47065|61574
198385|15576|56630|209944
59414|13030|1299|20473|47065|61574
210312|4601|6939|28917|8926|200019|48753
44324|32595|174|32473
55720|2914|1299|6855|50698
198385|174|60068|205884
28917|6939|1299|206924|204318
328964|37468|174|60068|205884
37271|6461|6424|44592|49581|211507
58308|6939|1299|63270|397301
29504|15935|174|60068|216213|205884
15605|57463|12735|211682
15547|62000|212815|52053
42473|1299|174|3130|47065|61574
12859|57463|12735|8517|1967
6453|30058|216211|44324|215172|214955|59449
13030|1299|174|210329|215728
148968|7474|3257|174|5538|8194|29345
6424|33891|60068|211571
52025|1299|29695|206557|204503
139317|44324|32595|174|30919
58308|6939|6830|23520|262191|271809
199524|47311|150249|212001|215379
42541|62255|52091|206810|12773
3257|174|3130|47065|61574
64475|6939|2852
15605|6939|28370|269016
50877|5405|3257|28917|215730|209693
28917|6939|1299|26375
50877|5405|6939|2852|210498
2734|57463|12735|42216|62425|213751
28917|6939|1299|271
213151|34927|1299|60068|197103|212080
206499|34549|3257|28917|215730|209693
40387|1299|12956|212721
16552|1299|3356|16735|2716
6667|28917|215730|209693
28917|6939|1299|835|52025|214223
50629|3356|216211|44324|215172|214955|59449
3257|174|32595|44324
58308|6939|1299|270179
44324|32595|174|60239
8283|20764|43298|48678|205463|213799
41327|34927|202532
20205|1299|12859|47065|61574
24785|6830|3356|28370|267556
50628|1299|17676|216211|44324|205369
20612|9044|2914|174|140227|44324|205369
58308|59689|30781|33891|60068|211571
58299|62255|52091|206810|59815
398465|1299|3356|28370|267556
6423|20055|174|35598|52091|206810|59867
58308|6939|33891|202245|212509|212290
24785|6830|174|52468|271150
11039|6461|1299|8551|44709
35008|1299|3356|8772|215536
28917|6939|1299|7713
139317|44324|209022|52025
4637|3257|1299|198949|35676
28917|6939|1299|21351|2199
12637|6939|29222|204957
49028|1299|35598|52091|206810|35273
327804|37271|174|3130|47065|61574
28634|4230|1299|8551|44709
151326|174|35598|52091|59815|25299
513|29222|6939|12735|8517
50629|57463|14840|269288
6461|33891|216067|44244
6777|57463|12735|15830|201584
140627|1299|6855|50698
44324|32595|174|3320
64475|57463|12735
58308|6939|7018|395742
15576|174|3130|47065|61574
136557|174|140227|44324|205369
52873|12956|1299|33891|216067|44244
2518|1299|35598|52091|206810|59867
13786|3356|174|3130|47065|61574
28917|6939|1299|60068|400799
28917|6939|1299|199124
198385|15576|8220|33891|44592|49581|209693
14907|1299|201814|209896
132825|174|16276|203019
33891|7195|20473|47065|61574
4637|3257|28917|215730|209693
3320|1299|3216|51032|41344|39707
4764|1299|3223|34224|12735
28917|6939|1299|20473|205810
35369|1764|1299|8551|44709
50877|5405|1299|198949|35676
12637|6939|28370
16552|1299|5511|49666|58224|214805
29222|6939|6424|39384
28917|6939|60294
57111|41327|22356|28370|267608
3701|174|35598|52091|206810|35273
35625|5511|1299|12859|47065|61574
20205|1299|6453|29208
1221|7474|137409|62000|212815|52053
2734|32098|28509|174|3356|28554
29222|6939|35168|48716
22652|1299|17676|216211|211575
917|60068|1299|25091|8298|4601|4492
8426|3257|1299|198949|35676
12350|1299|6855|39904|202605
5405|49581|211507
263152|174|21700|399914
205112|50629|174|210329|215728
31510|174|1299|20473|47065|61574
52075|6424|44592|49581|209693
2734|13786|263047
40387|1299|6453|19318|209896
202032|57463|12735|209007
1140|24785|1299|10490|2722|12148|47065|61574
22652|1299|6762|267470|263047
24889|6424|44592|49581|209693
6720|1764|5405|266493|61625
14907|1299|35598|52091|206810
29632|9002|6939|138997|216211|44324|215172|214955|59449
207841|61049|174|8551|20473|47065|61574
59414|13030|21320|5408|47065|61574
28917|6939|7018|18439
559|16276|203019
58308|6939|263047|267425
2734|9002|8772|215536
20514|1299|35598|52091|206810|211101
23367|1299|3356|16735|2716
4601|6939|28917|39238
266213|3356|3257|28917|215730|209693
196621|6939|2852|197277
35598|1299|3223|41327
37680|41327|24796|12779|197000
17350|2914|174|140227|44324|205369
64475|62255|52091|206810|202279
49028|1299|6939|2852|61110
139317|44324|32595|174|53667|199343
55720|6939|1299|6461|62000|212815|52053
6424|7195|28189|266931|269250|271150
14537|174|5538|8194|29345
6830|5511|60068|206406|210557
55720|2914|1299|35598|52091|206810|24881
34927|1299|174|140227|44324|205369
41051|58299|61568|266460|61625
28917|6939|1299|14080|274030
64475|6939|59970
2497|1299|35598|52091|206810|8274
23367|1299|8551|44709
37271|3356|1299|12859|47065|61574
327727|174|13786|263047|61826
16552|3257|174|3130|47065|61574
917|60068|33891|3223|34224|12735
50304|1299|3356|28370
49028|1299|174|32595|44324
328512|5713|33891|216067|44244
1103|6830|174|8551|20473|47065|61574
2497|174|8551|20473|47065|61574
132847|7474|7473|1299|3216|51032|41344|39707
58308|6939|6830|23520|52286|264764|273041
6057|174|201814|209896
202365|50673|174|20723|2852|202874
44324|32595|174|46265
22652|1299|35598|52091|206810|39558
3130|174|35598|52091|44660
206356|50629|13335|5408
3130|174|46427|64289|44592|49581|209693
202365|50673|174|28189|266931|269250|271150
139317|44324|32595|174|399646
58299|62255|52091|206810|48595
14907|5405|47065|61574
6777|35598|52091|206810|56766
58308|6939|1299|48299
4601|6939|28917|39238|51408
21700|174|21320|5408|50148
47160|6461|174|37468|61568|266460|61625
139317|44324|32595|174|53667|142597
58308|6939|8194|51955
21700|3257|1299|3920|206777
58308|20473|30893
327983|6939|1299|20473|399970
209650|34927|1299|60068|216213|205884
44324|32595|174|53667|202776
47147|1299|34927|202532
59105|2518|1299|35598|52091|206810|214721|204108
852|174|14840|269288
24516|174|35598|52091|206810|24881
148968|1299|5511|49666|58224|214805
58308|6939|48070|204208|47272|214223
20764|174|6453|29208
49028|1299|174|20473|47065|61574
2914|1299|33891|216067|44244
17350|2914|1299|3920|206777
58308|6939|29670
8529|1299|37468|270551|263047
8283|3491|20473|399970
204092|6939|24796
6830|3356|3223|34224|12735
48919|174|10490|2722|12148|47065|61574
40387|1299|35598|52091|206810
12350|1299|3356|28370|269016
327960|174|6453|29208
398465|1299|35598|52091|206810|56766
1836|1299|20473|201423
15576|35598|52091|206810|214721|204108
9044|1299|60068|197103|212080
29222|6939|29670|207510
28917|6939|1299|2280
57111|41327|174|22381|267470|263047|264389
20253|1299|3356|28370
4230|33891|44592|49581|209693
6730|6830|3356|28370
1031|6461|62000|212815|52053
20514|1299|35598|52091|206810|56766
20253|1299|56504|47674
4601|50869|41051|215683
40994|57463|12735|47123
50629|6461|23352|20473|47065|61574
210312|4601|50869|52025|52210
58308|6939|1299|16552
139317|44324|32595|174|27988|271949
8220|6453|174|28189|266931|271615|273522|271150
51873|6830|174|1916|47065|61574
32590|1299|35598|52091|206810|24881
15605|57463|12735|15830|137922
34019|47160|174|22381|267470|263047|264389
35280|1299|35598|52091|206810|48595
264409|174|6453|19318|209896
34019|7195|28189|266931|271615|273522|271150
53828|2914|174|60068|216213|205884
42473|1299|198949|35676
58308|6939|1299|5617|214666
28917|6939|1299|44176
559|35598|52091|206810|56766
29075|1299|20473|201423
29222|6939|62000|208226|202986
34927|1299|35598|52091|206810|214721
8220|1299|35598|52091|206810|211101
1140|6830|60068|211571
4601|50869|6939|25192
262427|174|7311|835|394273
7720|10111|1299|60068|216213|205884
58308|35598|52091|206810|213694
6730|6830|44530|41327|213013
29222|6939|3170|215323
6894|3257|174|20473|47065|61574
57381|50304|1299|4637|20473|47065|61574
58308|6939|1299|16276
2734|57463|12735|8517|12777
139317|44324|32595|174|263237|266830|28120
198385|15576|57463|12735|211201
398465|1299|25091|8298|4601|4492
174|7545|20473|47065|61574
14630|6939|1299|20473|399970
35008|1299|20473|47065|61574
1103|6830|5511|60068|216213|205884
7018|3257|21034
6830|6939|207995
14907|1299|35598|52091|206810|56766
6424|62255|52091|206810|5598
210312|4601|50869|52025|214420
6461|1299|21351|60132
40994|57463|41327|213338
8280|6762|174|210329|215728
44324|32595|174|55003
20253|1299|3356|8119
577|1299|20473|47065|61574
559|57463|12735|212549
31510|174|1299|20473|399970
50877|5405|6939|28370|267556
7018|3257|20473|47065|61574
28917|6939|1299|11830|271891
6424|6939|25192|29067
51786|15623|1299|17676|216211|44324|205369
327804|37271|174|28189|266931|269250|271150
6696|1299|6461|394737
42473|1299|60068|216213|205884
4775|1273|174|37468|61568|266460|61625
58308|6939|50629|207252|207196
28917|6939|40994|198510
58308|6939|6830|23520|64126|274068
35600|50263|21263|216282
6894|3257|1299|20473|47065|61574
34927|56655|1299|174|3130|47065|61574
28917|6939|41720|198747
12859|35598|52091|44660
12637|57463|12735|8517|207263
32590|12956|174|210329|215728
12637|57463|12735|15830|34296
21232|15576|57463|12735|197941
51519|39351|174|1916|47065|61574
44324|7720|10111|1299|12859|47065|61574
28917|6939|1299|20473|401815
29680|174|20473|47065|61574
6424|174|35598|52091|206810|59815|25299
20514|1299|3356|28370|263535
12956|174|5538|8194|29345
6423|20055|174|35598|52091|206810|59815
215596|1299|3223|41327
48070|57463|12735|50875|34987
328840|327727|174|3257|28917|215730|209693
16552|3257|174|216211|211575
6423|20055|1299|20473|399970
40994|6939|29222|513|20940
263237|174|10490|2722|12148|47065|61574
1280|2914|6424|44592|49581|209693
34854|1299|35598|52091|206810|39558
50877|5405|1299|20473|201423
398465|1299|3491|7162|13878|52468|60503|268746|61625
999|6453|174|22381|267470|263047|264389
22652|174|210|47065|61574
51088|8455|1299|10490|2722|12148|47065|61574
151326|174|35598|52091|206810|202279
34800|58057|6939|1299|20473|399970
28917|6939|1299|40185
6894|3257|1299|3920|206777
35600|35598|52091|206810|214268|196977
271253|6453|6461|6424|44592|49581|209693
199524|174|20723|2852|202874
21232|15576|35598|52091|206810|214268
12779|57463|12735|9000|7155
31510|174|3356|3223|34224|12735
53828|2914|174|35598|52091|206810|48687
1031|999|6453|174|13786|263047|271068
41327|6939|2852|200874
20080|2914|1299|35598|52091|206810|39558
29222|6939|553|204310
8220|1299|35598|52091|206810|48687
215596|174|52468|262393
8426|6777|57463|12735|47123|199419
35008|1299|3356|8119
8426|6777|35598|52091|206810|12773|44884
35600|57463|12735|42216|62425|213751
271253|1299|60068|211571
48070|28283|268744|2716
25160|2603|21320|5408|47065|61574
29075|1299|198949|35676
29222|6939|41327
12859|1299|6453|8283|211840
28917|6939|1299|20473|4138
57866|28917|215730|209693
50629|57463|12735|15464
1031|999|6453|174|13786|263047|267961
7474|7473|1299|35598|52091|206810|202279
49434|9002|1299|198949|35676
31742|1299|60068|197103|212080
15935|174|35598|52091|206810|48687
12779|62000|212815|52053
6894|174|13786|263047|267961
57777|8298|25091|6453|174|399697|39967|399697
9002|3257|33891|216067|44244
50629|20764|52091|59815
4601|6939|28917|6789|201069|207979
48070|1299|17676|216211|44324|205369
8218|33891|216067|44244
50629|6461|52320|7162|13878|52468|271150
40994|174|5538|8194|29345
22652|174|3356|28370|268521
6830|6939|28917|48084
12637|35598|52091|206810|214210
23367|1299|56630|209944
8220|3491|174|35598|52091|206810|213694
7473|1299|35598|52091|206810|214721
4601|50869|6939|42695|52011
139317|44324|32595|174|13249
2914|1299|35598|52091|206810|211101
328964|23764|1299|201814|209896
7594|174|35598|52091|206810|211101
57866|1299|35598|52091|206810|39558
553|6424|44592|49581|211507
22652|1299|6453|60068|216213|205884
971|174|35598|52091|206810|214721|204108
553|6939|28370|267556
7500|2497|174|35598|52091|206810|214210
42473|1299|35598|25308|28917|204076
209|3356|174|16276|203019
37271|174|210329|215728
215596|1299|3356|28370|53079
52873|12956|1299|198949|35676
41666|57463|12735|43391|209853
12779|57463|12735|15830|137922
40994|57463|12735|212757
202365|50673|174|13786|263047|271068
12969|1299|8943|200636
5405|62255|52091|206810|59867
41327|6939|30893|13214|35634
1299|7195|28260|270548|52794|52659
212483|62000|212815|52053
5405|22356|28370
58057|174|35598|52091|206810|39558
46450|33891|44592|49581|209693
24785|6830|3356|28370|268198
49028|1299|6939|28370|263060
59689|30781|33891|60068|211571
327804|37271|174|204548|215728
16552|1299|3356|28370|263535|268030
20932|174|216211|211575
28917|6939|1299|42201
28917|6939|1299|20473|394335
328840|327727|174|35598|52091|206810|197643
24516|174|37468|53062|266493|61625
28917|6939|1299|262206|52262
553|6939|28370|28657
553|1299|3257|20473|47065|61574
58308|6939|5405|60169
31742|1299|3356|28370|263535|268030
28917|6939|1299|23520|22933
210312|4601|50869|207907
35426|33891|60068|211571
140627|1299|35598|52091|206810|34786
29222|1299|60068|197103|212080
327983|37497|3491|174|37468|61568|266460|61625
28917|6939|1299|20712
28917|6939|1299|60068|206216
42473|1299|56504|47674
1299|3356|28370|263535|268030
28917|6939|7018|394102
51185|6762|1299|6855|50698
34177|1299|3356|28370|28657
28917|6939|1299|23520|27665|263222|274045
6730|6830|3356|3216|51032|41344|39707
58308|6939|1299|55285
4601|50869|6939|28370|267556
35600|35625|3257|174|140227|44324|205369
28917|6939|1299|21351|394485
140627|1299|35598|52091|206810|208435
13830|971|174|52468|262393
5405|6939|2852|197451
917|60068|174|216211|44324|205369
148968|7474|7473|1299|20473|399970
29222|6939|31263|9026
44324|32595|174|395506
22652|1299|35598|52091|206810|48595
6777|57463|12735|60707|206271
28917|6939|1299|52468|264836
48070|57463|12735|209007
51088|8455|3356|174|140227|44324|205369
20055|174|35598|52091|206810
47147|1299|174|3130|47065|61574
1280|1299|35598|52091|206810|214268|197578
35600|50263|15935|51744|212325
58308|6939|6830|23520|11139|14694
3549|3356|1299|20473|399970
29140|174|52468|271150
4601|6939|28917|47478
29222|6939|2852|213152
2734|9002|34927|202827
40994|57463|41327|15605
48070|57463|12735|43391|57844
15605|35598|52091|206810|12773|211692|196629
49028|1299|174|13786|263047|262578
52025|174|35598|52091|206810|39558
28917|6939|1299|201216
207841|6939|28917|197078
206356|50629|1299|198949|35676
15605|57463|12735|51559|42846
8220|3491|174|35598|52091|206810|59867
209650|34927|174|22381|267470|263047|264389
6667|1299|60068|216213|205884
28917|6939|50989|205966
51873|6830|1299|20473|201423
174|3257|20473|47065|61574
8529|3356|216211|44324|215172|214955|59449
12859|1299|174|210329|215728
13030|1299|34927|202532
4601|8298|8283|2914|20473|47065|61574
58308|59689|29075|174|204548|215728
30600|1299|6855|39904|47767
559|57463|12735|201978|208425
210937|1299|34927|202827
37105|37662|1299|20473|399970
4601|50869|215172|201371
62167|174|3491|20473|47065|61574
1140|24785|6830|174|52468|271150
8298|25091|1299|20473|201423
28917|6939|1299|8151|272297
553|1299|20473|201423
15605|35598|52091|206810|59815|25299
28917|6939|1299|198949|12625|15814
44324|32595|174|16637|36974
216285|8280|6762|174|11432|271150|272738
6057|174|34927|202827
7018|1299|35598|52091|206810|39558
2734|2914|174|37468|61568|266460|61625
3399|5511|174|14840|269288
35369|5405|29632|215536
57821|12586|3257|1299|12859|47065|61574
8283|3320|6855|39904|47767
6424|13786|263047|268546
3170|6939|28917|43886
50131|36236|2914|6424|44592|49581|211507
47147|3320|1299|60068|216213|205884
32595|174|60068|205884
29222|6939|29208|209847|26383
28917|6939|1299|20473|199465
24482|2914|1299|10490|2722|12148|47065|61574
58308|6939|1299|264788
12637|8772|396416
36924|6762|174|37468|61568|266460|61625
5413|1299|6453|1031|61568|266460|61625
6830|6453|60068|216213|205884
46450|1299|20473|47065|61574
41722|12389|174|60068|216213|205884
37271|33891|60068|211571
4601|6939|28917|21453|201646
12859|57463|12735|212549
8220|1299|6453|8283|211840
9900|23764|3356|1299|12859|47065|61574
37662|174|22381|267470|263047
28917|6939|2852|198500
35280|1299|6855|39904
9304|33891|216067|44244
139317|44324|32595|174|3714
28917|6939|1299|14722
48070|57463|12735|31704
198385|15576|57463|12735|15830|215555
35426|215596|62000|6777|20326
680|1299|8551|44709
34019|35598|52091|44660
58308|6939|6830|23520|263248
41051|57463|12735|206402
28917|6939|6830|33915|58083
263237|174|3257|60068|206406|210557
15576|57463|12735|214593
553|57463|12735|34476
28917|6939|1299|43893
17660|2914|3257|28917|215730|209693
50629|6939|207995
8283|20764|52091|59815|25299
199524|12859|47065|61574
58308|6939|208453|214757
6453|1299|1680|20473|47065|61574
52320|174|210329|215728
34927|137409|62000|212815|52053
20253|1299|35598|52091|206810|57164
32590|174|140227|44324|205369
4601|6939|28917|24651|39900
6777|57463|12735|211201
28917|6939|6830|33915|61351
132825|174|37468|61568|266460|61625
205206|1299|60068|211571
20965|5408|47065|61574
28917|6939|6830|23520|52286|264764|273897
204092|6939|28917|24651
12859|6939|42695|52011
34288|1299|3356|28370|263535
34854|13335|5408
12779|62255|52091|206810|56915
1267|1299|12956|212721
559|57463|12735|60707
1764|174|210|47065|61574
35600|35598|52091|206810|8274
11039|6461|1299|8551|20473|47065|61574
2734|3257|174|60068|205884
58308|6939|263047|269680
48919|174|210|47065|61574
139317|44324|32595|174|397496
2734|18678|22381|267470|263047
48070|6939|15372
4601|6939|28917|39238|49392
51786|15623|1299|6762|49666|58224|214805
35600|6939|28917|43714
41666|20764|52091|206810|214721|204108
40994|57463|12735|50875
12779|6939|24796|63293
3491|1299|10490|2722|12148|47065|61574
1299|3356|14840|269288
31510|174|3356|8119
21232|15576|57463|12735|34619
2734|3257|174|201814|209896
59890|174|60068|197103|212080
2027|47160|6939|25192
53828|2914|6424|44592|49581|211507
20764|174|3491|20473|47065|61574
37468|1299|20473|47065|61574
271253|174|35598|52091|206810|24881
4777|2497|174|13786|263047|262578
58308|6939|6830|23520|262191|273221
36924|1299|35598|52091|206810|24881|24697
16552|2914|1299|35598|52091|206810|35273
2734|142111|152672|174|3356|10753
28917|6939|7018|398837
48070|6939|28917|39134|39561|197695
34019|6939|42695|43101
20764|137409|62000|212815|52053
398465|174|3356|28370|28657
28917|6939|1299|12337
28917|8359|57304|41720|208229
139317|44324|32595|174|197071|214677|211011
6830|7195|28189|266931|269250|271150
50673|174|3257|60068|206406|210557
8455|1299|35598|52091|206810|214721|204108
50877|5405|6939|28370|268198
136557|174|35598|52091|206810|208435
58308|6939|1299|1759
58308|6939|32097|33387
48070|1299|35598|52091|206810
327960|174|3356|3223|34224|12735
28624|61568|174|201814|209896
13830|971|174|35598|52091|206810|59815|25299
28917|6939|1299|4226|401734
28917|6939|1299|198949|16365
1280|1299|35598|52091|206810|197643
28917|6939|61618|267216
139317|44324|32595|174|53667|147071
28917|6939|7018
215596|174|204548|215728
6424|174|210|47065|61574
44324|32595|174|398885
132337|1299|3920|206777
205206|1299|6453|29208
34927|1299|37468|270551|263047
4181|1299|35598|52091|206810|210063
25160|174|201814|209896
25220|33891|19318|201813
207841|6939|28917|47759
6667|174|3130|47065|61574
4601|50869|215828|59449
47147|1299|3356|16735|273514
202365|50673|174|3257|20473|47065|61574
41666|20764|52091|206810|202497
28917|6939|1299|34164
553|1299|6461|394737
47311|150249|212001|200160
6830|6939|30893|204789
48185|1299|3920|206777
198385|15576|57463|12735|203963
58299|1680|20473|47065|61574
917|60068|33891|6461|394737
7018|1299|35598|52091|206810|214210
58308|6939|7018|16793
7018|1299|29695|206557|208835
34927|56655|1299|6453|29208
28917|6939|1299|42615
17639|1299|8551|20473|47065|61574
44324|32595|174|399646|205563
139317|44324|32595|174|39537
20130|23352|3257|174|22381|267470|263047|264389
34927|1299|3356|28370
28917|6939|1299|32270|265547
151326|174|35598|52091|206810|59867
40994|57463|12735|47123|24944
12969|1299|3356|1680|44709
12637|57463|12735|60847
55720|2914|1299|35598|52091|206810|59815|25299
2518|1299|201814|209896
40994|6939|138997|216211|44324|215172|214955|59449
2518|1299|35598|52091|206810|214721
6423|20055|174|13786|263047|264972
58308|6939|1299|201216
28917|8359|57304|209693|207567
8283|6762|60068|216213|205884
4601|50869|215296
15605|6939|30893|13214
4601|50869|60900
34854|13335|399532
51519|39351|1299|198949|35676
15605|6939|2852|212876
199524|174|35598|52091|206810|214721
12779|3257|28917|215730|209693
64475|62255|52091|48158
24961|1299|21351|60132
6830|6939|59689
40994|6939|138997|216211|44324|215172|214955
136557|174|35598|52091|206810|59867
34927|56655|1299|10490|2722|12148|47065|61574
20514|1299|7195|28343|2716
20253|1299|3356|28370|263535|268030
1273|1299|34927|202532
266213|3356|174|60068|216213|205884
50304|1299|8551|44709
5405|6939|25192|26710
5511|174|140227|44324|205369
28917|6939|1299|23520|46650|20940
2734|57463|12735|42216|206119
58308|6939|208453|210667
6908|174|3257|21034
1299|13335|399532
20253|1299|21351|60132
13830|971|174|35598|25308|28917|204076
6082|2914|1299|25091|8298|4601|4492
64475|62255|52091|206810|208435
196621|6939|28917|48084|199961
29680|174|35598|52091|206810|48687
198385|15576|57463|12735|15830|48678
58308|6939|50629|211664
37497|137409|62000|212815|52053
553|57463|12735|47123|24944
397131|60011|3356|1299|6424|44592|49581|209693
39392|33891|17676|216211|44324|205369
199524|1299|3216|51032|41344|39707
205112|50629|1299|20473|399970
29691|1299|174|60068|216213|205884
39392|33891|34927|202532
52025|174|35598|52091|206810|202279
15576|57463|12735|8517|24614
553|6939|2852|201648
34927|56655|1299|174|216211|211575
41327|174|22381|267470|263047|264389
132825|174|35598|52091|206810|56915
28917|6939|1299|20473|214871
553|6774|36947|174|36891
28917|6939|1299|208414
4601|50869|214757
1140|24785|6830|3356|28370|268521
58308|6939|1299|13335
151326|174|6461|394737
32590|1299|6855|50698
6830|6939|2852|201648
23673|9900|23764|1299|34927|202532
174|35598|52091|206810|34786
59689|29075|174|20473|47065|61574
29504|15935|174|3257|21034
174|37468|270551|263047
209823|62000|212815|52053
41327|6461|23352|20473|47065|61574
44324|32595|174|400810
29222|6939|207995
44393|394256|174|6453|29208
41327|13335|5408
29075|1299|6453|19318|201813
28917|6939|1299|21277|210767
41327|22356|28370|268521
44324|32595|174|53667|142597
58308|6939|6830|23520|52253
58308|6939|200070
199524|174|13786|263047|268105
139317|44324|32595|174|7296
3549|3356|1299|8551|44709
196621|15576|174|11432|271150|272738
12637|57463|12735|48737
20130|6939|138997|216211|44324|215172|214955|59449
513|29222|6939|49418|206134
58308|6939|6830|58299|211286
3399|5511|174|13786|263047|269680
8426|6777|57463|12735|206192
49028|1299|6939|2852|197277
205206|1299|4230|2716
207841|6939|2852|210498
8280|6762|174|60068|197103|212080
2518|1299|34927|202827
6830|6939|2852|199711
50629|57463|12735|9121|12891
2914|2603|21320|5408|47065|61574
44324|32595|174|992
207841|6939|29222
207841|61049|2914|1299|3920|206777
34019|6939|25192|26710
28917|6939|1299|20473|150788
58308|6939|1299|205890
28917|6939|28370|267608
328320|6939|138997|216211|44324|215172|214955|59449
6453|1299|33891|216067|44244
2500|2914|1299|35598|52091|206810|214721|204108
58308|6939|202297
198385|6939|138997|216211|44324|215172|214955
50629|1031|266493|61625
39351|174|37468|270551|263047
553|62255|52091|206810|197643
28917|6939|273556
28917|6939|1299|212477|207847
49605|6762|1299|3920|206777
2734|57463|12735|43391|44620
37271|174|28189|266931|271615|273522|271150
6424|6939|28917|39134|39561|197695
57866|1299|201814|209896
207841|6939|28917|25386
29222|1299|6855|39904|47767
15547|3303|174|3130|47065|61574
48070|57463|12735|15830|34296
28917|6939|1299|46475|54286
44324|32595|174|57933
34854|1299|35598|52091|44660
50131|174|7195|20473|47065|61574
28917|20910|58269|9002|1299|20473|210668
38136|50131|174|7195|20473|47065|61574
50304|1299|6855|50698
58308|6939|6830|23520|263703|269928
44324|32595|174|27988|271949
4601|50869|212934
58299|7195|28189|266931|271615|273522|271150
57695|917|60068|1299|33891|216067|44244
4601|8298|51088|8455|1299|8551|20473|47065|61574
210312|4601|50869|200242
58308|6939|50533|33808
29222|6939|35133|57706
41666|57463|12735|15830|48678
41327|174|11432|271150
57111|41327|28917|215730|209693
50628|33891|44592|49581|209693
139317|44324|32595|174|273103|274237
6424|6939|393682
41051|58299|56630|209944
34288|1299|6855|39904|47767
8426|3257|174|60068|216213|205884
59689|30781|1299|3920|206777
7713|33891|216067|44244
8529|1299|6855|39904
29222|6939|49418|206134
12637|6939|24796|63293
39351|174|12956|212721
34019|3303|174|399697|39967|399697
23367|1299|6057|28283|268744|2716
45049|6696|1299|10490|2722|12148|47065|61574
206356|50629|37468|53062|266493|61625
56655|1299|6762|49666|58224|214805
8283|44592|49581|209693
32590|1299|56630|209944
12859|35598|52091|206810|34786
12779|174|13786|263047|267961
13830|971|174|37468|270551|263047
58308|6939|1299|12189
58308|6939|1299|2518|2515|131971
20932|174|13786|263047
44324|32595|174|61407
3214|1299|10490|2722|12148|47065|61574
34019|39801|60983
215596|1299|6855|39904|199604
328206|37739|3491|174|10490|2722|12148|47065|61574
48362|1299|6453|4755|7768
6082|174|35598|52091|206810|214721
7018|3356|21320|5408|50148
328206|37739|3491|5408|47065|61574
1299|56630|209944
6461|6424|44592|49581|209693
35426|215596|1299|20473|201423
328840|327727|174|21320|5408|50148
12859|57463|12735|8517|12777
12637|6939|50989|48116
29222|6939|28917|39153
7018|3356|13786|263047|262578
28917|6939|1299|23520|267853
28917|8359|31500|39279|25319|39279|1299|5606|50084
52873|12956|174|210|47065|61574
10111|7720|44324|215172|214955
34177|174|60068|216213|205884
37105|37662|174|28189|266931|269250|271150
58308|6939|56595|206324
20932|1299|3491|20473|47065|61574
48185|3356|174|210|47065|61574
3214|1299|7545|20473|47065|61574
47147|1299|6453|29208
47147|9002|1299|198949|35676
8426|6777|56630|209944
47147|3320|1299|8551|20473|47065|61574
513|29222|6939|200712
35710|3320|174|37468|61568|266460|61625
139317|44324|32595|174|19750
31122|6453|1299|20473|399970
20055|174|35598|52091|206810|211101
199938|1299|3356|28370|263535
1299|6939|50989|48116
28917|6939|7018|22617
28917|6939|1299|58321
4601|50869|204464|214420
35008|1299|7195|28283|268744|2716
140627|1299|21351|60132
41666|20764|52091|206810|39558
2497|174|35598|52091|59815|25299
8283|6939|200070
28917|6939|1299|20473|51191
28917|6939|1299|20473|62406
19653|137409|62000|212815|52053
35625|5511|174|52468|271150
50629|57463|12735|50875
29691|8758|3303|174|52468|271150
4601|50869|41051|215562
34019|6939|24796
204092|49451|34019|41863
36924|1299|20473|47065|61574
20912|174|52468|271150
29222|6939|25400|49278
8283|20764|52091|206810|211692|31069
34019|16276|203019
6057|62000|212815|52053
28624|61568|28917|215730|209693
1299|4230|52654|266493|61625
49028|1299|3257|60068|206406|210557
29222|6939|40994|212085
8220|1299|6453|1031|61568|266460|61625
15605|57463|12735|43391|214449
50629|6939|2852|61110
4777|2497|174|34927|202827
41327|19318|209896
15935|174|13786|263047|268546
28917|6939|1299|14016
6082|2914|1299|20473|47065|61574
41666|20764|52091
5413|1299|6453|8283|207487|18607
44324|32595|174|30021
51873|6830|174|20473|47065|61574
206356|50629|33891|216067|44244
58308|6939|28370|270962
41666|57463|12735|48737
9002|1299|198949|35676
210312|4601|50869|215296
8283|6461|32787|202161
8529|1299|1680|20473|47065|61574
4601|50869|207907
57695|917|60068|174|21320|5408|47065|61574
15935|174|52468|262393
2497|1299|917|214598
41666|33891|216067|44244
216285|8280|6762|174|8551|20473|47065|61574
58308|6939|1299|54696
35600|6939|28917|48084|35816
35266|1299|60068|216213|205884
6894|174|5538|8194|29345
12637|57463|12735|8517|8678
57111|41327|22356|28370|61708
15576|57463|12735|8517|15843
56987|174|21320|5408|50148
28917|6939|1299|23520|262191|264835
199524|1299|9002|62000|212815|52053
3130|174|399697|39967|399697
16552|2914|174|11432|271150|272738
6453|3257|28917|215730|209693
199524|1299|6855|39904|202605
15605|57463|12735|205893
29504|15935|174|35598|52091|206810|202279
52025|174|28189|266931|269250|271150
34854|1299|3356|28370
35008|1299|174|20473|47065|61574
10111|1299|20473|47065|61574
3130|174|13786|263047|264982
29222|6939|28917|25386
7594|174|10490|2722|12148|47065|61574
210312|4601|50869|34019|34958
34854|1299|3920|206777
58057|1836|1299|8551|44709
19151|174|20723|2852|202874
140627|2914|174|140227|44324|205369
12350|1299|3356|16735|273514
35008|1299|3356|21320|5408|47065|61574
12779|34927|202827
58308|6939|39791|49101|49244
35600|57463|12735|15830|34296
34927|33891|216067|44244
199524|1299|6461|62000|212815|52053
52075|2914|12859|47065|61574
47147|1299|6939|2852|212876
36924|1299|174|37468|61568|266460|61625
3170|6939|28917|25386
174|35598|52091|206810|214268|196977
44324|32595|174|14178|272300
209|3356|3257|28917|215730|209693
266213|3356|174|20473|47065|61574
40994|57463|12735|206192
58308|6939|1299|52468|269989
3130|174|3356|8772|215536
38136|50131|36236|2914|6424|44592|49581|211507
3333|1257|1299|198949|35676
29222|6939|12779|44652
1403|577|1299|10490|2722|12148|47065|61574
2734|57463|12735|31704
215596|1299|4230|2716
6894|174|210|47065|61574
28917|6939|48070|204208|47272|215574
60326|34927|1299|20473|47065|61574
15605|6939|200303
553|7195|28260|270548|52794|52659
39122|1299|6855|39904
8529|1299|56504|47674
328512|60171|174|52468|271150
206356|50629|1299|20473|47065|61574
3701|11164|6461|8899|60294|33891|50673|43414|49784
4775|6453|1299|201814|209896
34854|1299|7195|28189|266931|269250|271150
48070|57463|12735|8517|44639
38136|50131|36236|2914|6424|44592|49581|209693
917|60068|174|3356|60011|34927|208690
39120|174|12956|212721
12779|62255|52091|206810|48595
38855|44324|215172|214955
21700|174|35598|52091|206810|56915
42541|62255|52091|206810|12773|47809|59478
8529|1299|34927|202827
8529|1299|6762|16735|273514
16552|37271|174|28189|266931|271615|273522|271150
35600|35625|3356|21320|5408|47065|61574
9268|4764|1299|60068|211571
35008|1299|6762|16735|273514
20253|1299|35598|52091|59815|25299
559|13335|399532
6939|6830|60068|216213|205884
60011|3356|1299|3920|206777
207841|6939|30893
48070|57463|12735|15830|201079
12637|57463|12735|9121|12891
210312|4601|50869|214757|212470
1140|24785|6830|174|37468|61568|266460|61625
12779|174|201814|209896
11039|6461|1299|35598|52091|206810|39558
58511|3257|174|13786|263047
29222|6939|29208|210631
49434|28917|215730|209693
559|3320|6855|39904|47767
55222|174|35598|52091|206810|214721
37662|1299|8551|44709
1299|6939|2852|200874
210312|4601|50869|52025|208915
14907|1299|60068|211571
57777|8298|25091|1299|198949|35676
20612|9044|1299|5511|60068|206406|210557
39351|174|3356|8119
48362|6939|138997|216211|44324|215172|214955|59449
1299|21351|60132
15547|3303|174|60068|205884
15547|174|204548|215728
48070|57463|12735|9000
12859|57463|12735|42216|62425|197715
12859|57463|12735|206556
4777|2497|174|13786|263047|264972
58308|6939|1299|270122|270111
58308|6939|1299|58065
4601|50869|52025|210985
59890|60068|1299|198949|35676
29222|6939|28917|12668
553|62255|52091|206810|39558
64475|6939|28370|264426
34927|60011|3356|174|20723|2852|202874
37721|174|8551|20473|47065|61574
3170|6774|36947|174|36891
15623|174|13786|263047
20764|2603|21320|5408|47065|61574
3491|1299|35598|52091|206810|214721
44324|32595|174|35041
20514|1299|12956|212721
37739|3491|174|60068|197103|212080
58308|6939|31263|8822
8888|137409|6424|44592|49581|211507
398465|1299|22773|8119
48919|174|6461|394737
398465|174|3130|47065|61574
7594|174|14840|269288
48070|1299|2914|226|47065|61574
20514|1299|35598|52091|206810|39558
37468|1299|3920|206777
5405|6939|2852|210498
209650|34927|1299|10490|2722|12148|47065|61574
199524|1299|6855|39904|47767
999|6453|174|3130|47065|61574
4601|50869|41051|206633
139317|44324|32595|174|31775
34927|56655|1299|20473|399970
44324|32595|174|53667|199343
4608|137409|62000|212815|52053
15605|6939|28370|264426
207841|6939|25192|20701
57381|50304|1299|6453|60068|216213|205884
9268|4764|1299|35598|52091|206810|48595
12956|1299|6855|39904
1828|6461|174|5538|8194|29345
39122|1299|6939|28370|28657
6082|174|35598|52091|206810|211101
31742|1299|35598|52091|206810|211101
5405|3257|28917|215730|209693
204092|50263|15935|201727
3130|174|13335|5408
11039|6461|1299|3920|206777
14537|52925|3356|1299|6855|39904|47767
210312|4601|8298|25091|1299|3920|206777
34927|1299|35598|52091|206810|24881
40994|57463|12735|47123|199419
64475|62255|52091|44660
1257|174|3130|47065|61574
34927|60011|3356|1299|20473|47065|61574
39351|1299|17676|216211|44324|205369
14537|52925|3356|174|20473|47065|61574
4601|8298|25091|6453|174|20473|47065|61574
198249|13030|1299|174|20473|47065|61574
29222|6939|196610
8283|22356|28370|263535
35710|3320|1299|20473|201423
2497|174|140227|44324|205369
4601|50869|199177
40994|57463|12735|210021
31742|1299|6204|44592|49581|209693
28917|6939|1299|6855|50881
52320|1299|6855|39904|47767
8220|6453|1299|8551|20473|47065|61574
35600|35625|5511|174|37468|61568|266460|61625
58308|6939|7018|54495
328964|37468|174|399697|39967|399697
40994|174|35598|52091|206810|214721|204108
58308|6939|29208
12779|62255|52091|206810|24881
205112|12859|47065|61574
20253|1299|174|37468|61568|266460|61625
58308|6939|1299|400940
37271|174|20473|47065|61574
398465|174|20473|47065|61574
44324|32595|174|1613
48070|57463|12735|212805
41051|57463|12735|8517|12777
23764|1299|198949|35676
41666|37468|53062|266493|61625
28917|6939|1299|262206|28036
40994|57463|41327|206732
553|6939|138997|216211|44324|215172|214955|59449
35426|215596|174|13786|263047
17350|2914|1299|198949|35676
31122|8455|8283|47065|61574
210312|4601|50869|41051|205563
14907|1299|174|21700|399914
29222|6939|553|60824
6082|174|52468|271150
3491|174|35598|52091|206810|8274
29222|6939|198101
35280|137409|62000|212815|52053
8220|1299|35598|52091|206810|56915
139317|44324|32595|174|20473|47065|61574
51185|6762|1299|6855|39904
58308|6939|35826|62815
207841|6939|28917|24651
29222|6939|41720|198747
20485|174|52468|271150
58308|6939|1299|37119|13335
6830|1299|42303|51701|30893
16347|1299|4230|2716
34927|1299|6762|267470|263047
29222|6939|7018|401623
23367|1299|3223|41327
28917|6939|1299|21351|2472
7018|3356|28370|263963
6908|6461|8899|60294|33891|50673|43414|49784
139317|44324|32595|18423|137409|6461|1299|16509
37497|3491|174|10490|2722|12148|47065|61574
196621|6939|196610
2497|1299|6424|44592|49581|211507
917|60068|1299|20473|201423
58308|35598|52091|206810|34786|41875
199524|1299|35598|52091|206810|24881|24697
34927|60011|3356|1299|10490|2722|12148|47065|61574
35600|35598|52091|206810|56766
262427|174|6453|4755|7768
6424|2914|174|5538|8194|29345
23673|9900|23764|1299|198949|35676
7594|174|20723|2852|202874
1299|6855|39904|199604
12307|29691|1299|60068|216213|205884
58308|6939|48678|209737
28917|6939|1299|21351
8283|50509|51032|41344|39707
1299|3257|20473|47065|61574
20912|12637|1299|34927|202532
7018|1299|29695|206557
1140|24785|6830|174|13786|263047|262578
28917|6939|1299|44522
139317|44324|32595|174|43853
52873|12956|1299|6855|50698
4601|50869|215172|214955|59449
37053|37100|1299|20473|47065|61574
20514|1299|37468|52468|271150
22652|1299|6453|8283|207487|18607
28917|6939|1299|399077
37100|1299|201814|209896
8220|3491|174|34927|202827
4775|1273|174|11432|271150|272738
29222|6939|51826
58308|6939|1299|9829
12779|57463|12735|15830|34296
50877|5405|22356|28370|53079
139317|44324|32595|174|13580
17350|6453|1299|16276|203019
3491|174|35598|52091|206810|56915
5413|1299|6762|267470|263047
12779|174|3130|47065|61574
21700|174|140227|44324|205369
5713|174|20473|47065|61574
32590|1299|12956|212721
6424|174|35598|52091|59815|25299
56911|1299|6855|39904|202605
9268|4764|1299|35598|52091|206810|214268|197578
39351|174|13786|263047|267961
199524|174|32595|44324
28917|6939|1299|20473|212996
40994|57463|12735|216385
8220|6453|174|14840|269288
58308|6939|1299|14754
58308|6939|5405|48031|136258
8220|6453|174|11432|271150
1299|35598|25308|28917|204076
24785|1299|8551|44709
58308|6939|553|212522|63293
398465|7922|2914|6424|44592|49581|209693
7018|1299|35598|52091|206810|24881|24697
24516|174|35598|52091|206810|213694
57381|50304|1299|174|1916|47065|61574
57111|174|6453|4755|20473|47065|61574
3356|174|20723|2852|202874
49544|1299|3920|206777
3356|3257|28917|215730|209693
13030|1299|6453|4755|7768
398465|1299|174|21320|5408|50148
44324|32595|174
5413|1299|6453|8283|215737
37239|37468|174|204548|215728
48070|1299|8551|20473|47065|61574
8220|1299|174|37468|61568|266460|61625
49028|1299|35598|52091|206810|214268|196977
44324|32595|174|397168
2914|1299|35598|52091|206810|59867
28917|20764|52091|206810|197960
3170|6939|28917|9110
559|6461|23352|20473|47065|61574
204092|34019|3223|41327
42541|1299|3223|41327
52025|174|37468|270551|263047
58308|6939|1299|6855|204690
3399|5511|174|13786|263047|267425
210312|4601|50869|41051|212888
513|29222|6939|61618|269288
204092|34019|2603|21320|5408|50148
58299|174|216211|211575
20205|1299|23764|35168|212999
58308|6939|61618|267443
28917|6939|1299|23520|27884|272009
7713|174|210|47065|61574
34927|174|1916|47065|61574
7594|174|28283|268744|2716
577|3491|5408|47065|61574
50629|13030|6775|5405|21245
15605|41327|13786|263047|267961
29222|6939|208453|60900
50629|57463|12735|47123|199419
2497|174|35598|52091|206810|214268
196621|6939|196610|48927
6461|1299|60068|197103|212080
6730|6830|174|201814|209896
28917|6939|1299|7393|393582
7500|2516|174|13786|263047
28917|6939|1299|134521
58308|6939|1299|18734|28477
39122|174|3257|9498|20473|47065|61574
59890|60068|33891|216067|44244
205112|50629|6939|24796|63293
41722|20764|174|12956|212721
198385|15576|57463|12735|31704
210312|4601|6939|28917|21453|199933
58308|6939|8194|201547
210312|4601|50869|13335|399532
28917|6939|1299|262210
24516|174|35598|52091|206810|39089
29680|174|35598|52091|44660
35008|1299|2914|226|47065|61574
12779|57463|12735|8517|5474
327727|174|35598|52091|206810|59867
64475|9498|20473|47065|61574
210312|4601|9002|8772|215536
10111|1299|198949|35676
28917|6939|1299|14080|3573
41327|44592|49581|209693
210312|4601|6939|28917|39238|51408
64475|3320|1299|10490|2722|12148|47065|61574
4601|50869|41051|212184
19151|2914|3257|28917|215730|209693
262427|174|35598|52091|206810|208435
34927|1299|35598|52091|206810|214268|197578
8280|6762|174|56630|209944
29222|6939|49418
139317|44324|32595|174|15695
263237|174|46427|64289|44592|49581|209693
58308|6939|5405|9182|31348
6424|174|2914|12859|47065|61574
12637|6939|2852|48091
44324|32595|174|48260
29680|174|35598|52091|206810|59815
20253|1299|29695|206557
28917|6939|1299|16733
58308|6939|7018|22617
917|6939|138997|216211|44324|215172|214955
51088|2914|174|3130|47065|61574
49544|137409|62000|212815|52053
6730|6830|2914|20473|47065|61574
139317|44324|32595|174|28999
24516|174|3356|16735|2716
44324|32595|174|30919
28917|6939|7018|21433
28917|201054|198408
215596|1299|7545|20473|47065|61574
6830|13335|399532
35710|6939|138997|216211|44324|215172|214955
22652|1299|3356|28370|267556
3130|174|13786|263047|262578
12859|6939|42695
7018|1299|35598|52091|44660
28917|6939|1299|201035
20130|23352|2914|1299|20473|47065|61574
34177|1299|6453|1031|61568|266460|61625
29222|6939|3170|212683
139317|44324|32595|174|17072|272286
25160|174|399697|39967|399697
29222|32787|202161
22652|1299|6855|39904|202605
37697|37497|1299|6855|39904|199604
8426|3257|174|140227|44324|205369
15623|174|21320|5408|47065|61574
39120|62000|212815|52053
3170|25180|1299|17676|3258
28917|8359|57304|208437
58308|6939|1299|199544
15576|57463|12735|34476
29222|6939|28917|198297
28917|6939|1299|7545|55328
28917|6939|274610
3130|174|1299|22773|8119
28917|6939|1299|14754|52356
12859|1299|3356|60011|34927|208690
1299|35598|52091|206810
20514|1299|5511|60068|206406|210557
3214|1299|3491|20473|47065|61574
206499|34549|1299|6855|39904|47767
39351|1299|3223|34224|12735
1280|1299|12859|47065|61574
48070|6939|30893|199580
58308|6939|6830|23520|272935|267845|272083
44393|394256|174|20473|47065|61574
2914|174|11432|271150|272738
28917|6939|1299|20473|138564
28917|6939|1299|22439
1299|6939|30893
328840|327727|174|3356|28370|268521
22652|1299|35598|52091|206810|210063
198385|15576|57463|12735|15830|34296
20514|1299|7195|28189|266931|271615|273522|271150
58308|6939|5405|208208
57695|917|60068|174|1916|47065|61574
4601|50869|41051|205563
28917|6939|1299|14080|273083
327960|174|6762|49666|58224|214805
328206|37739|3491|1299|34927|202532
21232|13030|1299|6762|267470|263047
39122|1299|20473|201423
4601|50869|6939|2852|210498
41327|174|13786|263047
12779|57463|12735|210021|211181|208293|212330|21245
28917|6939|1299|21859|139057
12859|57463|12735|48737
28917|6939|3170|57782
56655|1299|8551|44709
553|57463|12735|60707|216343
3491|174|28189|266931|271615|273522|271150
58308|6939|1299|210333
34927|1299|35598|52091|206810|59867
58308|6939|6830|23520|267708
398465|174|13335|400095
29222|6939|12735|212805
42541|31133|51032|41344|39707
47147|1299|174|13786|263047
28917|6939|1299|60284
50877|5405|56630|209944
15547|174|3257|19318|209896
49028|35280|6453|174|11432|271150|272738
64475|6939|2852|48091
28917|6939|1299|395954
49432|48362|1299|6461|394737
6830|6453|19318|201813
1299|35598|52091|206810|214210
21232|13030|1299|4230|2716
50629|20764|52091|206810|5598
35369|1764|174|60068|216213|205884
174|12956|212721
12586|3257|1299|12859|47065|61574
205112|50629|6939|24796
40994|174|28189|266931|271615|273522|271150
6424|174|8551|20473|47065|61574
28917|6939|1299|265780|273827
8220|3491|174|20723|2852|202874
202032|57463|12735|8517|15843
199524|1299|35598|52091|206810|214268
7018|3491|216211|211575
49544|1299|6461|394737
28917|6939|1299|36236|399827
51786|15623|1299|12956|212721
52873|12956|1299|20473|399970
328964|23764|174|35598|52091|206810|35273
23367|1299|33891|216067|44244
199524|33891|216067|44244
64475|32787|202161
48070|6939|16652
53828|2914|1299|35598|52091|206810|35273
216285|8280|5408|47065|61574
58308|6939|33891|206231
31510|174|1299|20473|201423
55222|174|35598|52091|206810|202279
199524|1299|6855|50698
17350|2914|1299|35598|52091|206810|35273
6424|272713|263390|269273
4601|50869|6939|2852|197451
28917|6939|1299|23520|263703|273208
28917|6939|1299|18616
16552|1299|6461|210|47065|61574
22652|1299|3223|34224|12735
19653|30600|1299|6855|39904|199604
20514|1299|3356|16735|273514
398465|174|22381|267470|263047|264389
28917|6939|1299|20473|400181
42708|28917|6768|59514|48693|213137
50300|3356|21320|5408|47065|61574
8426|6777|57463|12735|9000|7155
205206|1299|3356|28370|263060
23367|1299|5511|49666|58224|214805
32590|5511|174|37468|61568|266460|61625
553|57463|12735
52025|32097|4230|2716
34800|58057|50673|174|28189|266931|269250|271150
57111|41327|13786|263047|268105
53828|2914|174|201814|209896
28917|6939|1299|265540
58308|6939|28370|273514
139317|44324|32595|174|57974|198963
139317|44324|32595|174|397301
14907|1299|3356|28370|267556
28917|6939|1299|29551|35042
262427|174|35598|52091|206810|56915
44324|32595|18423|137409|4637|1299|174|53667|199340
46450|1299|3920|206777
28917|8359|57304|48707
9002|1299|201814|209896
30600|1299|6855|39904|202605
210312|4601|6939|28917|21453|48149
41666|57463|12735|15830|201584
1103|6830|3356|16735|2716
57111|174|6453|9498|20473|47065|61574
21412|6939|138997|216211|44324|215172|214955
29222|6939|7018|15130
36924|1299|35598|52091|206810|202279
55720|3491|6461|62000|212815|52053
44324|32595|174|3356|7195|52863|270956
49028|1299|3356|28370|267556
35280|6453|174|210|47065|61574
44324|32595|174|19406
37271|174|6453|29208
215596|174|14840|269288
35280|3356|21320|5408|47065|61574
35320|1299|3223|34224|12735
11039|6461|1299|1680|20473|47065|61574
58308|6939|50629|44700
40994|23764|20485|35598|52091|206810|57460
19653|30600|1299|35598|52091|206810|213694
34854|1299|34927|202827
37271|3257|1299|20473|399970
6424|4601|4492
28917|6939|208453|52025
199938|1299|8551|20473|47065|61574
29222|6939|7794|396917
6424|1031|262999|272466
29504|39392|33891|1680|20473|47065|61574
132847|7474|7473|1299|35598|52091|206810|24881|24697
6461|174|35598|52091|206810|59867
8426|3257|174|60068|205884
6777|57463|12735|60707
28917|6939|1299|20473|153185|153331
8220|1299|3491|22356|28370|28657
28917|6939|1299|15164
50629|49434|212815|52053
51519|39351|174|13786|263047|268105
35600|6939|39790
174|3356|8772|215536
39392|33891|28917|215730|209693
328137|6939|138997|216211|44324|215172|214955
39351|174|22381|267470|263047|264389
40994|57463|12735|42216
57111|41327|13786|263047|267961
48919|35320|1299|3920|206777
327960|174|16276|203019
8455|3356|174|216211|211575
34854|1299|35598|52091|206810|48687
64475|6939|29222|41495|206202
196621|58115|21263|41504
28917|6939|1299|54082|263725|272916
328840|327727|174|6453|19318|209896
39122|1299|6939|28370|263060
14315|174|20723|2852|202874
3491|1299|35598|52091|206810|59815
8455|1299|35598|52091|206810|56766
8220|1299|35598|52091|206810|56766
210312|4601|8298|28917|215730|209693
34800|58057|50673|174|60068|216213|205884
513|174|28189|266931|271615|273522|271150
210312|4601|50869|6939|30893|204789
28917|8359|57304|200449
12637|57463|12735|8517|210690
210312|4601|50869|34019|200162
44324|32595|174|18501
210312|4601|50869|215172|215619
45352|1299|12956|212721
9044|174|11432|271150|272738
57381|50304|1299|174|37468|61568|266460|61625
23673|9900|23764|3356|1299|20473|47065|61574
28917|6939|1299|8151|272327
52075|2914|1299|20473|47065|61574
64475|57463|12735|208594
29140|286|1299|20473|47065|61574
41051|58299|22356|28370|61708
12637|6939|30893|199580
31122|174|60068|205884
12307|29691|1299|20473|399970
28917|6939|29222|41495
55222|174|3257|60068|206406|210557
196621|6939|28917|48084|59833
174|1916|47065|61574
42541|1299|20473|399970
34854|6939|138997|216211|44324|215172|214955|59449
50629|57463|12735|15830|203979
50629|44592|49581|211507
58308|6939|9136|208395
58308|6939|7018|22241|400745
44324|32595|174|204413
28917|6939|1299|3301|8464
49788|12552|9002|62000|212815|52053
28917|6939|1299|2589
58057|174|37468|270551|263047
12969|1299|6855|39904|205968
28917|6939|1299|208893
32590|1299|35598|52091|206810|202279
57381|50304|1299|20473|47065|61574
210312|4601|50869|6939|28370|28657
12389|174|210|47065|61574
198385|6939|1299|20473|399970
14907|1299|60068|197103|212080
44324|32595|174|395866
25160|1299|6939|24796
33891|13786|263047|269680
1273|1299|20473|201423
40387|1299|35598|52091|44660
49788|1299|34927|202827
34854|1299|8551|44709
6424|62255|52091|206810|214721|204108
49028|1299|6762|16735|273514
58308|6939|7018|7764
6908|174|11432|271150|272738
60011|3356|174|140227|44324|205369
199524|174|35598|52091|44660
45352|174|3257|60068|206406|210557
22652|1299|3356|28370|53079
1299|35598|52091|206810|24881
12350|1299|3356|28370|268198
57111|174|138997|216211|44324|205369
139317|44324|32595|174|26988
132847|7474|7473|1299|35598|52091|206810|213694
553|1299|3356|28370|263060
20205|1299|3223|41327
215596|1299|3356|28370|263535|268030
47692|3356|1299|6855|39904|199604
204092|6939|28917|204623
28917|6939|1299|23520|263714
12779|6939|2852|199711
174|13786|263047|268546
28917|6939|1299|213291
34019|6939|28370
264479|6762|1299|29695|206557|205190
202297|13335|5408
29222|6939|62000|208226|205778
49605|6762|174|3130|47065|61574
4601|37271|20473|47065|61574
11039|6461|174|20473|47065|61574
29222|6939|9136|206236
12307|29691|33891|60068|211571
553|57463|12735|206402
64475|6939|60432
28917|6939|1299|61423
6423|20055|174|201814|209896
28917|6939|1299|40785
58308|6939|1299|20473|399264
8455|1299|12859|47065|61574
8283|6939|30893
28917|6939|7018|36519
37468|174|5538|8194|29345
15605|35598|52091|206810|12773|44884
577|174|60068|216213|205884
34177|3356|1299|10490|2722|12148|47065|61574
52025|1299|29695|206557|208835
6461|174|13786|263047|267961
5405|6939|2852
47147|1299|174|21320|5408|47065|61574
2497|174|35598|52091|206810|208435
553|14840|269288
28917|6939|1299|20473|211437
21232|15576|35598|52091|206810|214721
58308|35598|52091|206810|214721|204108
59414|13030|62000|212815|52053
29680|174|13786|263047
917|60068|3491|1299|6855|39904|199604
34549|1299|3223|41327
34288|1299|3356|28370
5405|22356|28370|263535
60011|3356|174|13786|263047
23764|1299|60068|211571
28917|6939|47160|203500
6830|174|210329|215728
15935|33891|44592|49581|209693
6777|35598|52091|206810|214268|196977
15605|35598|52091|206810|48595
58057|1836|1299|198949|35676
25091|3356|174|216211|211575
44324|32595|174|62005
45049|6696|1299|37468|53062|266493|61625
35426|215596|62000|47498|215172|201371
271253|174|35598|52091|206810|48687
48185|1299|6855|39904
3356|1299|198949|35676
205206|1299|6855|39904|202605
12637|20764|202984|35598|25308|28917|204076
41327|33891|60068|211571
29222|6939|61618|267216
3491|1299|35598|52091|206810|208435
328206|37739|3491|174|3130|47065|61574
50629|57463|12735|15830|215555
58308|6939|6830|31079
44324|32595|174|401847
50877|5405|6939|42695
22652|1299|35598|52091|206810|208435
139317|44324|32595|174|398343|400509
8283|7195|20473|47065|61574
16552|3257|28917|215730|209693
513|29222|6939|268624|262594|268117
6830|1299|35598|52091|206810|202279
29222|6939|39791|49101|51449
28917|6939|1299|40824
271253|1299|37468|270551|263047
7018|1299|35598|52091|206810|211101
28917|6939|9120
56911|1299|6855|39904
58057|34549|1299|17676|216211|44324|205369
22652|1299|2914|226|47065|61574
58308|6939|3170|213692
28917|6939|7018|10439
852|33891|216067|44244
17639|174|20473|47065|61574
12779|6939|24796
6777|57463|12735
139317|44324|32595|174|19982
44324|32595|174|33811
44324|32595|174|398636
58308|6939|1299|394611
34927|60011|3356|174|60068|205884
28917|6939|6830|33915|9143|12315
207841|57463|12735|8517|12777
2734|57463|12735|211682
12859|57463|12735|8517|2592
4601|6939|28917|34784
57381|50304|1299|3356|8119
50673|174|13786|263047|271068
58299|62255|52091|206810|24881|24697
4601|6939|28917|12668
60068|1299|3223|34224|12735
28917|6939|6830|23520|263238|274004
6908|174|6453|29208
3170|7195|28260|270548|52794|52659
207841|6939|28917|50009
327960|327782|37100|174|216211|211575
12779|6939|39790
28917|6939|1299|23520|27884
7018|1299|35598|52091|206810|214721
57695|917|60068|1299|34927|202532
49544|2914|1299|35598|52091|206810
35369|1764|174|210|47065|61574
16552|1299|3216|51032|41344|39707
12859|35598|52091|206810|56766
40994|57463|41327|213013
917|25369|174|11432|271150|272738
8220|1299|8551|44709
41722|12389|1299|20473|47065|61574
6423|20055|174|12389|60299|41798|39824|58172|35168|58172
58308|6939|1299|33932
44324|32595|174|394542|398765
58057|34549|3257|1299|20473|399970
11845|30844|174|216211|211575
139317|44324|32595|174|37649
6424|6762|1299|6855|50698
32097|32787|202161
57821|12586|3257|3356|21320|5408|47065|61574
6424|6939|28917|24651
12859|57463|12735|47190
8529|33891|216067|44244
139317|44324|32595|174|8285|199152
1280|2914|137409|62000|212815|52053
31510|174|1299|6855|39904
2516|3356|216211|44324|215172|214955|59449
58308|6939|1299|8375
35600|35598|52091|206810|197643
13237|1299|6855|39904|47767
139317|44324|32595|18423|137409|6461|174|21700|26520
34019|6939|200070
47692|33891|28917|215730|209693
34019|29169|174|3130|47065|61574
398465|7922|1299|198949|35676
28917|6939|62000|198053
199524|174|3257|21034
20253|1299|6855|39904|47767
12779|174|216211|211575
3216|9002|62000|212815|52053
210312|4601|6939|28917|39134|39561|197695|210550
59105|2518|1299|35598|52091|206810|59815|25299
25369|1299|42303|51701|30893
35280|1299|35598|52091|206810|35273
4181|1299|35598|52091|206810|24881
28917|6939|1299|906|212336
4775|1273|174|60068|197103|212080
58308|6939|1299|5504
49028|1299|3356|16735|273514
28917|6939|1299|27947|52468
34854|1299|6855|39904|47767
553|1299|12956|212721
1764|5405|266493|61625
8283|2914|62240|205479
58308|6939|6830|23520|272935|267845|64120
205206|1299|3356|16735|273514
58308|6939|1299|20940
29691|137409|62000|212815|52053
58308|6939|6830|23520|272935|274105
15605|6939|29222|513|20940
20253|1299|35598|25308|28917|204076
47147|1299|3356|8772|215536
6762|1299|60068|216213|205884
34927|1299|35598|52091|206810|39089
139317|44324|32595|174|2860|215446
48070|1299|174|210329|215728
12859|6830|60068|216213|205884
34549|3257|1299|20473|201423
34854|1299|3356|28370|263060
2734|57463|12735|212757
210312|4601|50869|6939|2852|210367
3320|1299|29695|206557|204503
204092|29632|215536
174|35598|52091|206810|214268|197578
14907|1299|35598|52091|206810|196638
44324|209022|52025
51519|39351|1299|3223|34224|12735
34177|174|37468|53062|266493|61625
28917|6461|62000|212815|52053
1299|35598|52091|206810|214721|204108
15692|2914|137409|62000|212815|52053
28917|6939|1299|60068|395092
398465|174|216211|44324|205369
8220|3491|2914|6424|44592|49581|209693
55222|1299|3223|34224|12735
57381|50304|1299|3223|34224|12735
6894|174|138997|216211|44324|205369
1299|3257|19318|201813
29222|6939|199081|209847|26383
2734|13786|263047|267334
58299|49434|212815|52053
553|1299|3356|28370|263535
5413|1299|6855|39904|202605
327727|174|35598|52091|48158
204092|34019|61568|266460|61625
32590|1299|3356|28370|53079
136557|174|11432|271150
34019|50263|15935|215806
262427|174|60068|211571
61568|174|210|47065|61574
7500|2497|174|20723|2852|202874
13237|1299|3356|16735|273514
4601|6939|28917|39134|39561|197695|210550
57866|1299|35598|52091|206810|59867
58308|29075|2603|21320|5408|47065|61574
28917|20485|49505|50340|1299|30633
57111|174|56630|209944
42541|62255|52091|206810|59815
55222|1299|21351|60132
41327|6939|28370|263060
38136|50131|174|1299|34927|202532
6730|6830|3257|20473|47065|61574
6453|174|10490|2722|12148|47065|61574
2518|1299|34927|202532
42541|1299|6855|39904|47767
28917|6939|1299|271938
37100|174|20473|47065|61574
40994|57463|12735|62095
3333|1257|174|20473|47065|61574
16552|6453|174|60068|205884
6730|6830|1299|6855|39904|199604
58308|6939|39791|198002
210312|4601|50869|6939|60432
139317|44324|32595|174|51561
6730|6830|3257|37468|270551|263047
8455|1299|6855|39904|47767
64475|6939|29222
15605|57463|12735|8517|2592
17350|2914|1299|35598|52091|206810|48595
4764|1299|20473|399970
28917|6939|1299|20473|211968
44324|32595|174|3130|47065|61574
58308|6939|1299|21738|200242
20253|1299|174|60068|205884
20764|174|6453|4755|7768
61568|28917|215730|209693
198385|15576|57463|12735|8517|48811
45049|6696|5511|174|11432|271150|272738
39122|174|60068|205884
28917|6939|61618|268492
6453|1299|20473|201423
49434|5511|174|5538|8194|29345
32590|137409|6461|1299|3920|206777
29222|6939|268944
198249|57463|12735|8517|5474
35426|215596|1299|3356|28370|263535
3214|1299|6762|267470|263047
13237|1299|3356|28370|268521
210937|1299|20473|47065|61574
139317|44324|32595|174|40727
57866|1299|60068|197103|212080
48070|6461|28917|215730|209693
2914|174|35598|52091|206810|39558
328840|327727|174|35598|52091|206810|24881
205112|50629|174|13786|263047
210312|4601|50869|41051|17160
29222|6939|7018|22056
23352|2914|1299|1680|20473|47065|61574
34927|1299|25091|8298|4601|4492
15935|6461|17378|8119
49028|1299|6939|30893
6730|6830|174|35598|52091|206810
151326|174|3356|28370|268521
58308|6939|7018|154126
28917|6939|1299|23520|272935|267845
35710|3320|1299|20473|399970
3399|5511|1299|20473|201423
37105|36994|1273|174|3130|47065|61574
199524|174|1299|198949|35676
56655|1299|8551|20473|47065|61574
58308|6939|7018|394102
49788|1299|3356|28370|53079
12779|35598|52091|206810|59867
151326|174|56630|209944
15605|35598|52091|206810|57460
2734|58453|30990|174|30844|328895
12637|57463|12735|29088
41327|174|52468|271150
293|20965|5408|47065|61574
327804|37271|2603|21320|5408|47065|61574
210937|1299|6762|49666|58224|214805
6730|6830|174|210|47065|61574
12637|1299|174|22381|267470|263047|264389
196621|6939|28917|43714
199524|1299|35598|52091|206810|56915
20514|1299|35598|52091|206810|213694
58308|6939|33891|203380
58308|6939|1299|396253
35600|6939|28370|267556
6830|6939|50989
20764|174|1299|198949|35676
39122|174|13786|263047|271068
6830|3356|8772|215536
28917|6939|1299|55410|38266
28917|6939|1299|20473|399840
58308|6939|33891|200735
57777|8298|8283|3491|209810|207187|204943
5713|174|8551|20473|47065|61574
3170|2603|21320|5408|47065|61574
8426|3257|174|13786|263047|267425
8220|1299|35598|52091|206810|214268|196977
3130|174|3356|28370|268521
29222|6939|56595
44324|32595|174|7195
553|9002|4657|132132|1299|6939|46997|10241|131259
202032|57463|12735|8517|213309
8888|137409|6461|1299|3920|206777
7018|3356|23764|35168|212999
213241|6939|138997|216211|44324|215172|214955|59449
3130|174|46475|57463|12735|203963
17660|2914|174|5538|8194|29345
196621|6939|28917|39153
3257|174|1916|47065|61574
28917|6939|1299|6424|203020
49544|1299|6453|4755|7768
1299|6939|50989|205966
28917|6939|15935|197451
32590|1299|35598|52091|206810|214268
37468|2914|174|32595|44324
21700|174|46427|64289|44592|49581|209693
139317|44324|32595|174|57974|62661
34927|6424|44592|49581|211507
29222|6939|7018|399611
8899|60294|33891|50673|43414|43995
15935|174|37468|53062|266493|61625
139317|44324|12859|47065|61574
58308|6939|1299|15830|3819
28917|6939|1299|8551|21859
49544|2914|1299|35598|52091|206810|48687
49432|48362|1299|3356|8119
58308|6939|1299|9929
35600|6939|42695|52011
24785|1299|6762|16735|273514
198385|15576|57463|12735|34476
37697|3491|174|16276|203019
61218|6939|1299|174|62000|212815|52053
139317|44324|32595|174|19382
29222|6939|28917|39238
207841|61049|12859|47065|61574
2027|47160|6939|28370|28657
48070|57463|12735|210021|211181|208293|212330|21245
49432|48362|1299|6453|29208
8280|6762|174|21700|399914
34927|56655|1299|8551|44709
20253|1299|35598|52091|206810|214721
29222|6939|49418|215590
210312|4601|50869|214757|199183
55222|174|35598|52091|206810|8274
28917|6939|1299|13876
215596|1299|17676|216211|44324|205369
28917|6939|30893|200690
64475|6939|29222|513|20940
204092|50263|15935|51744|212325|206468
19653|30600|1299|6855|50698
35600|57463|12735|42216|210099
12969|1299|3356|28370|263060
3333|1257|1299|8551|44709
215596|62000|56584|202673
917|60068|174|20723|2852|202874
44324|32595|174|39537
49544|33891|216067|44244
25091|5511|174|5538|8194|29345
16552|2914|1299|35598|52091|206810|213694
553|57463|12735|42216|62425|197715
58308|6939|1299|9583|200449
132825|174|22381|267470|263047|264389
29222|6939|3170|43851
35600|58453|30990|174|37100|328895
51873|6830|174|10490|2722|12148|47065|61574
34019|6461|210|47065|61574
6830|1299|35598|52091|206810|57164
48070|33763|37204|23764|1299|174|37442|36986
22652|1299|6855|39904
34927|1299|35598|52091|206810|24881|24697
327727|174|35598|52091|206810|214721|204108
14315|6453|3356|21320|5408|47065|61574
14907|1299|34927|202532
21412|1299|37468|270551|263047
56655|1299|174|37468|61568|266460|61625
196621|6939|42695|52011
23367|1299|3356|28370|267556
553|57463|12735|8517|5474
16552|137409|62000|212815|52053
29222|6939|553|212522|63293
35600|35598|52091|206810|214721
7473|1299|20473|399970
196621|6939|59970
198249|57463|12735|60707
327782|37100|28917|215730|209693
28917|6939|7018|396912
12637|35598|52091|206810|48595
28917|6939|6830|23520|263703|269901
28624|61568|28917|6768|59514|48693|213137
20205|1299|3356|16735|2716
6424|6939|138997|216211|44324|215172|214955
35600|50263|15935|197451|34222
48070|57463|12735
6424|6939|28917|201119
15547|3303|21320|5408|47065|61574
209650|34927|1299|3257|60068|206406|210557
8220|6453|1299|29695|206557|204503
2497|174|3130|47065|61574
28917|6939|7018|32031
1280|1299|8551|20473|47065|61574
4601|50869|52025|209477
3399|5511|1299|20473|47065|61574
328840|327727|174|13786|263047|264982
136557|174|35598|52091|206810|57164
58308|6939|1299|56655
5405|37468|53062|266493|61625
6894|174|35598|52091|206810|57164
207841|57463|12735|8517|42626
12859|35598|52091|206810|48687
38880|174|204548|215728
35600|57463|12735|31704
513|29222|6939|39791|49101|51449
135895|137409|33891|60068|211571
52925|3356|1299|3920|206777
5405|6939|2852|202874
50877|52025|212895|210320
6424|6939|28917|35539
29479|50304|47311|150249|153176
58308|6939|6830|23520|27889
12637|57463|12735|208594|48814
57111|41327|6461|394737
210937|1299|3491|20473|47065|61574
4601|50869|34019|25057
2734|57463|12735|15830|47952
49788|1299|37468|53062|266493|61625
15623|174|2914|20473|47065|61574
28917|6939|1299|23520|264847|64150|272991
24482|6424|44592|49581|211507
215596|1299|3356|8119
6424|6762|1299|6855|39904|47767
49788|1299|20473|47065|61574
48070|7195|28189|266931|269250|271150
852|1299|20473|47065|61574
139317|44324|32595|174|62810
140627|1299|201814|209896
199524|174|35598|52091|206810|59867
2914|1299|20473|47065|61574
35600|57463|12735|47190
50629|57463|12735|209007
29222|6939|56595|205885
64475|6939|30893|13214|35634
2497|174|60068|211571
48070|57463|22356|52468|271150
20485|174|399697|39967|399697
35710|3320|6830|34927|202827
271253|174|34927|202827
6830|174|35598|52091|206810|211101
12350|1299|3491|7162|13878|52468|60503|268746|61625
42541|62255|52091|206810|59815|25299
37468|174|6453|4755|7768
6720|1764|174|140227|44324|205369
28917|6939|49418|213887
196621|6939|28370|52593
328840|327727|174|13786|263047|264972
55720|3491|174|35598|52091|206810|197643
58308|6939|12735
52025|174|5511|49666|58224|214805
50304|1299|3257|28917|215730|209693
559|35598|52091|206810|57164
44324|32595|174|394814
553|1299|12859|47065|61574
327727|174|35598|52091|206810|34786
18106|174|37468|61568|266460|61625
15605|6939|30893|199580
34019|50263|15935|204860|201931
32590|1299|3491|20473|47065|61574
62000|1680|44709
31742|1299|3257|60068|206406|210557
20612|9044|174|60068|205884
28917|6939|196945
29504|15935|174|3257|25091|8298|4601|4492
1299|16276|203019
51185|6762|174|20723|2852|202874
50629|1299|4637|20473|47065|61574
20514|1299|174|22381|267470|263047|264389
44324|32595|174|22359
47147|1299|6939|50989|50683
64475|6939|16652
199524|137409|6461|28917|215730|209693
23367|1299|35598|52091|206810|59867
15605|41327|6939|28370|28657
213241|9002|3356|174|140227|44324|205369
13030|1299|174|13786|263047
6830|1299|35598|52091|206810|196638
59890|174|140227|44324|205369
58308|35598|52091|206810|57460
4181|1299|3920|206777
28917|6939|1299|20473|142438
4601|50869|215172|215619
328964|23764|137409|62000|212815|52053
52025|174|3356|8119
44324|32595|174|394584
29680|174|28189|266931|271615|273522|271150
2500|2914|1299|35598|52091|206810|35273
553|9002|19551|1299|19551
6908|6461|62000|212815|52053
25220|1299|21351|60132
29222|6939|35133|50917
199524|137409|62000|212815|52053
44324|32595|174|199391
49544|2914|3257|28917|215730|209693
58308|20764|29049|49666|205647|49801|204533
35008|1299|174|140227|44324|205369
58057|50673|174|60068|211571
37105|37662|174|6453|29208
271253|174|35598|52091|206810|196638
210312|4601|50869|13335|400095
271253|3356|1299|6855|39904|199604
1299|35598|52091|206810|24881|24697
35600|50263|15935|197451|204860
4601|50869|205369
32590|1299|174|3130|47065|61574
20932|1299|6762|267470|263047
28917|6939|268047
32590|1299|174|20473|47065|61574
6461|174|3130|47065|61574
41327|12859|47065|61574
8455|1299|35598|52091|206810|48595
6424|174|35598|52091|206810|214721
12637|57463|12735|211201
553|174|22381|267470|263047|264389
29222|6939|200070
5405|62255|52091|44660
199524|3356|1299|6855|39904
58308|35598|52091|206810|12773
6730|6830|3356|28370|263535|268030
36924|1299|174|21320|5408|50148
4601|50869|58299|209114|202545
50673|174|7545|20473|47065|61574
32590|6939|138997|216211|44324|215172|214955|59449
328206|37739|3491|174|56630|209944
1103|137409|62000|212815|52053
1140|24785|20562|28917|215730|209693
28917|6939|1299|14754|263812
6894|174|35598|52091|48158
13830|971|174|35598|52091|206810|214721
28917|3257|1299|198949|35676
51088|28917|215730|209693
28917|6939|1299|265780|269815
23367|1299|35598|52091|206810|34786
559|20965|5408|47065|61574
29680|174|60068|216213|205884
199524|1299|35598|52091|206810|59815|25299
58308|6939|48070|60894
196621|6939|28370|263535
13830|971|174|21320|5408|50148
6453|174|20723|2852|202874
28917|6939|1299|15830|7342
28917|6939|1299|36192
50763|137409|62000|212815|52053
58308|6939|5405|213425
28917|6939|1299|397515
58308|6939|1299|9929|4808
40994|57463|12735|3188
3701|6939|138997|216211|44324|215172|214955|59449
3130|174|60068|216213|205884
4601|50869|34019
28917|6939|1299|20473|210025
35280|6453|174|20473|47065|61574
24482|138997|216211|44324|215172|214955|199518
12637|13335|5408
34927|174|204548|215728
28917|8359|57304|35168|21299
58308|6939|30893|204789
207841|6939|2852
15605|8298|4601|4492
205206|1299|7195|28283|268744|2716
20205|1299|2914|226|47065|61574
12779|9002|12555
210312|4601|50869|52025|205649
34927|52025|174|14840|269288
41666|57463|12735|214593
29222|6939|215085|207682
14907|2914|174|37468|61568|266460|61625
4764|1299|60068|211571
15547|174|56630|209944
37497|3491|2914|6424|44592|49581|209693
215596|1299|34927|202532
210312|4601|9002|8772|396416
56655|1299|7195|28283|268744|2716
266213|3356|9002|62000|212815|52053
210312|4601|6939|28917|43886
58308|6939|1299|44654
49434|5511|174|3130|47065|61574
34019|6939|42695
328964|3491|138997|216211|44324|215172|214955
42473|1299|60068|211571
50304|1299|3356|28370|263060
28917|6939|1299|23520|272935|271808
12637|6939|59970
559|52320|7738|262999|272466
29222|6939|39791|49101|49244
29222|6939|7018|3423
20080|2914|1299|35598|52091|206810|35273
50629|57463|12735|205757
28917|6939|62553|214757
28917|6939|1299|60068|399244
29691|1299|174|210|47065|61574
58308|6939|1299|29119
53828|2914|174|37468|61568|266460|61625
513|29222|6939|49418|213673
210312|4601|50869|204003
16552|1299|6855|39904
58308|6939|1299|396993|208812
7018|3356|8772|215536
263152|174|60068|205884
327960|174|3356|8119
29222|6939|2852|201648
8220|1299|33891|216067|44244
7018|6939|30893|200690
49028|1299|35598|52091|206810|56766
47692|3356|174|210|47065|61574
6730|6830|174|35598|52091|206810|59867
3130|174|37468|61568|266460|61625
328964|23764|1299|35598|52091|206810|5598
56655|12859|47065|61574
29680|174|35598|52091|206810|214268
4601|50869|6939|28370|263060
35008|1299|12859|47065|61574
263152|174|216211|44324|205369
151326|174|35598|52091|206810
50629|20764|52091|206810|57164
25152|2914|1299|35598|52091|206810|211101
22652|1299|198949|35676
1299|10490|2722|12148|47065|61574
47957|3356|174|140227|44324|205369
35280|6453|1299|34927|202532
202032|58115|21263|205844
50629|57463|12735|205877
6777|57463|12735|205877
1140|24785|1299|60068|197103|212080
49028|1299|34927|202532
215596|62000|6777|42541|205235
23673|9900|23764|3356|174|1916|47065|61574
5511|174|52468|262393
15605|6939|29222|41495|206202
35600|6939|28370|268521
513|29222|6939|49418|207957
210312|4601|50869|41051|215153
6057|174|60068|211571
49788|1299|3356|16735|273514
58308|6939|1299|46887|400164
48070|6939|28917|9110
210312|4601|50869|6939|196610|48927
41327|174|10490|2722|12148|47065|61574
58308|6939|1299|211181
4777|2497|174|35598|52091|206810|24881|24697
20253|1299|6453|8283|200998
41327|6939|25192
58308|35598|52091|206810|5598
44324|32595|174|213527
2516|6830|60068|211571
55222|174|35598|52091|206810
28917|6939|1299|52468|273966
4775|1273|1299|20473|399970
174|2914|20473|399970
50673|174|1299|3920|206777
2516|1299|174|20473|47065|61574
9002|1299|56504|47674
6894|174|3130|47065|61574
264479|6762|1299|29695|206557
35369|1764|174|52468|262393
5405|62255|52091|206810|214210
3130|174|35598|52091|206810|210063
47147|1299|6939|393682
16552|1299|34927|202532
917|25369|21320|5408|47065|61574
139317|44324|32595|174|201902
198249|13030|1299|3356|60011|34927|208690
196621|6939|28917|39238
12779|8551|20473|47065|61574
215596|62000|56584|206033
1764|174|21700|399914
58308|59689|29075|1299|20473|47065|61574
28917|6939|1299|13443
174|13786|263047|268105
264409|174|1299|20473|399970
50628|6453|174|140227|44324|205369
13830|971|174|6461|394737
8283|28917|215730|209693
34927|56655|1299|6762|49666|58224|214805
6720|1764|5405|61568|266460|61625
3170|6939|2852|204772
57821|12586|3257|174|210|47065|61574
4601|50869|6939|16652
4826|1299|8551|44709
139317|44324|32595|174|1613
20253|1299|16164|36032
44324|32595|174|13190
20080|2914|1299|35598|52091|206810|57164
58308|6939|6830|23520|52228|64124
16552|1299|3356|1680|44709
58308|6939|50629|35675
29479|50304|1299|3223|41327
37497|1299|8551|44709
25160|2914|3257|28917|215730|209693
140627|1299|35598|52091|206810|214721|204108
28917|6939|1299|52468|23031|23246
13830|971|174|35598|52091|48158
41666|57463|12735|60847
139317|44324|32595|174|396278
2497|174|35598|52091|206810|210063
31510|174|210|47065|61574
174|204548|215728
4826|9002|6424|44592|49581|209693
9268|4764|1299|3223|41327
57866|1299|198949|35676
4181|1299|35598|52091|206810|202497
6830|3491|209810|207187|207198
46450|1299|201814|209896
29169|174|216211|211575
2734|57463|12735|208594
20912|174|35598|52091|206810|59815|25299
29222|6939|15935|56360
58057|174|13786|263047|271068
56987|174|52468|271150
553|57463|12735|8517|15843
29504|15935|174|20473|47065|61574
42541|62255|62379
6720|1764|1299|198949|35676
8220|1299|174|1916|47065|61574
35600|6939|2852
12779|6939|207995
23367|1299|6762|267470|263047
49788|12552|12859|47065|61574
41666|57463|12735|42216|62425|213751
49605|6939|138997|216211|44324|215172|214955
513|174|2914|20473|47065|61574
44324|32595|174|53667|401727
19653|30600|1299|35598|52091|206810|214268
16347|1299|6855|39904|47767
49028|1299|35598|52091|206810|48687
42541|62255|52091|206810|48687
49544|1299|6855|39904
23367|1299|17676|216211|44324|205369
262427|174|35598|52091|206810|35273
196621|58115|21263
12779|57463|12735|51559|213252
4601|50869|13335|399532
41327|6939|25192|26710
132825|174|3257|28917|215730|209693
328512|6939|1299|20473|399970
29222|6939|62553|214757
45049|6696|1299|6855|39904|205968
199524|1299|6939|393682
20932|174|1916|47065|61574
37662|174|6453|4755|7768
48070|1299|5511|60068|206406|210557
38136|50131|36236|3257|1299|3920|206777
28917|6939|2852|210498
6777|57463|12735|57844
14907|1299|3356|28370|263535|268030
6667|1299|6453|8283|213576
6461|1299|35598|52091|206810
135895|6939|1299|20473|47065|61574
20912|12637|1299|60068|197103|212080
3257|174|20723|2852|202874
4777|2516|3257|28917|215730|209693
58308|6939|33891|60068|212238
50628|6453|174|3130|47065|61574
202365|50673|174|138997|216211|44324|205369
44324|32595|174|53667|215502
21700|174|35598|52091|206810|24881|24697
210312|4601|50869|6939|28370|52593
52075|6939|138997|216211|44324|215172|214955|59449
50877|5405|1299|60068|197103|212080
50304|1299|37468|53062|266493|61625
34177|2603|21320|5408|47065|61574
64475|6939|2852|210498
2497|174|28283|268744|2716
2500|2914|1299|198949|35676
48070|1299|3356|1680|44709
136557|174|35598|52091|59815|25299
45352|1299|6855|39904
59105|2518|2914|174|20473|47065|61574
216285|8280|6762|174|5538|8194|29345
151326|174|50509|51032|41344|39707
34177|1299|6453|19318|201813
60068|174|3356|8772|215536
21232|15576|35598|52091|206810|56915
48362|2603|21320|5408|47065|61574
204092|6939|28917|12668
28917|6939|1299|213138
50304|1299|3491|20473|47065|61574
3399|174|201814|209896
38001|3491|174|28189|266931|269250|271150
327727|174|35598|52091|206810|196638
202032|57463|12735|43391|51540
210312|4601|50869|58299|206478
196621|8758|8220|1299|20473|399970
20811|2914|12859|47065|61574
6424|174|35598|25308|28917|204076
4777|2497|174|35598|52091|206810|202497
49544|2914|1299|35598|52091|206810|202279
57381|42708|33891|216067|44244
58308|6939|1299|17018|53698
3320|1299|3920|206777
44324|32595|174|2901
139317|44324|32595|174|32440|40189
7594|174|35598|52091|206810|34786
41666|57463|12735|62095
210312|4601|50869|34019|12654
206499|34549|1299|3223|34224|12735
35266|1299|35598|52091|206810
199938|1299|3356|28370|263535|268030
29075|174|13786|263047|269488
151326|174|35598|52091|206810|196638
28917|6939|1299|30823|213887|215826
3170|174|138997|216211|44324|205369
6730|6830|3356|64289|44592|49581|211507
50628|1299|174|37468|61568|266460|61625
205206|1299|198949|35676
29222|6939|50629|207160
42473|1299|35598|52091|206810|211101
58308|6939|1299|61327
28917|6939|1299|23520|267823
58308|6939|1299|3249
44324|32595|174|266445
44324|32595|174|29802|401880
23367|1299|37468|52468|271150
36236|2914|6424|44592|49581|209693
22652|1299|3920|206777
51786|15623|174|22381|267470|263047|264389
3320|1299|20473|47065|61574
553|57463|12735|206192
58308|6939|1299|32270|265547
28917|6939|7018|32119
196621|6939|50989|205966
58057|50673|174|210|47065|61574
34927|52025|174|6453|29208
207841|6939|2852|199711
6424|37468|60068|216213|205884
6830|9002|12555|44676
198385|15576|57463|12735|51559
3216|1299|3223|41327
33891|56630|209944
58308|6939|207487|18607
61049|174|8551|20473|47065|61574
30600|174|3130|47065|61574
45049|6696|1299|174|21320|5408|47065|61574
3130|174|3257|20473|47065|61574
34019|6939|2852|197451
28917|6939|1299|60068
6423|20055|174|13786|263047
3130|174|13786|263047|267961
64475|14840|269288
44324|32595|174|270068
25152|2497|1299|3920|206777
398465|174|21320|5408|47065|61574
35426|215596|1299|3216|51032|41344|39707
58308|6939|7018|4473|13979|8076
28917|6939|1299|23520|52468|262179
44324|32595|174|201984
213151|34549|1299|198949|35676
41666|57463|12735|34619
34927|52025|174|3356|28370|268521
1280|1299|201814|209896
8283|22356|28370|269016
29504|39392|174|1299|20473|47065|61574
2914|1299|35598|52091|206810|48595
28917|6939|1299|23379|267700|269965|266815
28917|8359|57304|209693
15547|33891|44592|49581|209693
34854|1299|20473|201423
58308|6939|1299|6758|33874
20932|1299|20473|47065|61574
34854|1299|174|140227|44324|205369
20253|1299|29695|206557|205190
1031|999|6453|1299|198949|35676
58308|6939|6830|33915|9143|12315
15935|174|35598|52091|206810|48595
57381|50304|1299|3356|16735|2716
28917|6939|6830|23520|64126|273198
48070|6939|28917|50009
513|25091|28917|215730|209693
7594|174|35598|52091|206810|59815|25299
210312|4601|50869|34019|211868
3491|174|13335|399532
12779|57463|12735|8517|8456
6424|6939|28917|47438
328964|23764|1299|174|140227|44324|205369
198385|29075|28917|215730|209693
3170|60068|206406|210557
34927|1299|6762|16735|273514
20055|1299|6855|39904|202605
28917|6939|47160|203698|206967
6696|1299|6855|39904
58308|6939|50629|207252|216079
206356|50629|1299|20473|399970
132337|1299|3223|41327
28917|6939|1299|54696
12307|29691|1299|6453|19318|201813
47147|1299|6939|28370|268198
28917|6939|62000|198831|215784
174|21320|5408|50148
34288|1299|20473|47065|61574
56987|33891|216067|44244
7018|6939|30893|13214
7720|10111|1299|20473|47065|61574
50629|3356|174|20473|47065|61574
28917|6939|1299|263821
12779|174|13786|263047|262578
64475|50629|174|3130|47065|61574
42473|1299|3356|28370|28657
29222|6939|268944|271441
9002|1299|1680|20473|47065|61574
58308|6939|42184
47147|1299|6855|39904|202605
6730|6830|174|35598|52091|206810|59815|25299
6082|2914|1299|3920|206777
57381|50304|1299|6855|39904|205968
14630|2914|174|20473|47065|61574
210312|4601|50869|41051|215004
15605|57463|12735|9215
34019|29169|174|8551|20473|47065|61574
57381|50304|1299|174|60068|205884
3130|174|13786|263047|264972
48070|37662|37204|23764|1299|16637|36974
8455|1299|174|60068|205884
58308|6939|1299|1759|51188
20253|1299|3257|20473|47065|61574
38136|50131|36236|174|140227|44324|205369
28917|6939|1299|399814
28917|6939|1299|20473|212529
29222|6939|42184|196731
19151|33891|216067|44244
15605|12637|13335|5408
17350|2914|174|5538|8194|29345
48070|57463|12735|15830|47952
15605|35598|52091|206810|214721|204108
35266|1299|201814|209896
1299|37468|52468|271150
852|174|20723|2852|202874
5405|208210|214508
8426|6777|57463|12735|15830|201584
5413|1299|1680|20473|47065|61574
23367|1299|42303|51701|30893
48362|1299|174|210329|215728
50673|12859|47065|61574
199524|1299|35598|52091|59815|25299
55720|2914|1299|35598|52091|206810|211101
8283|6939|60432
58308|6939|6830|23520|263238|272966
12779|62255|52091|206810|24881|24697
41666|57463|12735|197941
210312|4601|50869|6939|50989|48116
204092|30781|3356|174|20473|47065|61574
34854|1299|37468|60068|216213|205884
271253|3356|1299|6855|39904
51519|39351|1299|4637|20473|47065|61574
553|6939|28917|48084|59833
48070|1299|3223|34224|12735
23764|174|35598|52091|206810|48595
2500|2914|174|210329|215728
559|33891|44592|49581|209693
23367|1299|3356|60011|34927|208690
139317|44324|32595|174|33059
28917|6939|1299|6855|2571
9044|174|3130|47065|61574
34177|33891|44592|49581|209693
61568|6762|1299|6855|39904|47767
8220|1299|35598|52091|206810|35273
151326|174|3356|8119
20764|6939|138997|216211|44324|215172|214955|59449
28917|6939|1299|395423
48070|7195|20473|47065|61574
15605|6939|2852|210498
58299|264409|61832|266460|61625
35710|3320|1299|3920|206777
58308|6939|1299|197308
204092|6939|28917|44812
48070|6939|28917|6789|200702
12859|57463|12735|9000
15935|174|204548|215728
37662|174|21320|5408|50148
28917|6939|53764
8283|6762|53062|266493|61625
23764|3356|174|20473|47065|61574
1273|174|20473|47065|61574
28917|6939|1299|21859|149042
50629|20764|52091|206810|202497
271253|6453|174|20723|2852|202874
4764|1299|5511|49666|58224|214805
680|1299|198949|35676
28917|41095|55685|1299|7713|141630
52025|1299|21351|60132
28917|6939|7018|19106
917|60068|174|3356|8772|215536
58308|6939|29670|213997
50629|57463|12735|47190
15935|174|3491|7162|13878|52468|60503|268746|61625
28917|6939|1299|20473|208679
64475|20764|43298|48678|213865
7473|1299|198949|35676
28917|6939|1299|4213
34177|1299|2914|226|47065|61574
207841|6939|28370|267608
553|57463|12735|202588
29222|174|399697|39967|399697
196621|58115|21263|206970
4181|1299|20473|399970
12307|29691|1299|7545|20473|47065|61574
50629|6939|2852|213152
53828|3257|33891|216067|44244
6424|6939|28917|50045
553|62255|52091|59815|25299
49028|1299|35598|52091|206810|213694
6730|6830|3356|64289|44592|49581|209693
6908|6461|6424|44592|49581|211507
36924|1299|35598|52091|206810|48687
213151|41051|58299|61568|266460|61625
58308|6939|49418|216127
34927|1299|35598|52091|206810|208435
1299|6939|28370|263535
59414|6830|6204|44592|49581|209693
6424|1299|6855|39904
49028|32787|202161
328206|37739|3491|1299|20473|47065|61574
327727|174|28283|268744|2716
3130|174|1299|6855|50698
398465|3320|1299|1680|20473|47065|61574
8758|15576|174|210329|215728
34927|1299|174|20473|47065|61574
13786|174|56630|209944
42541|1299|174|140227|44324|205369
20932|1299|6855|39904|199604
28917|6939|39791|57728
12637|6939|25192|26710
31742|1299|35598|52091|206810|48595
42541|62255|52091|206810|56766
8220|1299|12859|47065|61574
3170|7195|28189|266931|269250|271150
3214|1299|174|216211|211575
202365|50673|174|13786|263047|262578
28917|6939|7018|3423
174|60068|205884
174|399697|39967|399697
202032|57463|12735|8517|8466
52873|12956|1299|34927|202532
2500|2914|1299|35598|52091|206810|39558
8426|6777|57463|12735|210021|211181|208293|212330|21245
3320|1299|35598|52091|206810|214721
15605|35598|52091|206810|48687
6424|20473|30893
199938|6939|138997|216211|44324|215172|214955|59449
34549|3257|28917|215730|209693
559|57463|12735|211682
50673|174|28189|266931|271615|273522|271150
51873|6830|1299|20473|399970
12859|56630|209944
58308|6939|1299|52468
28917|6939|1299|11172|265586
48070|57463|12735|47123
11845|6939|138997|216211|44324|215172|214955|59449
8283|2914|13786|263047|262485|266327
29680|174|3130|47065|61574
2516|1299|198949|35676
394256|174|6453|4755|7768
29222|13335|399532
41722|20485|28917|215730|209693
19653|30600|1299|22773|8119
559|57463|12735|43391|57844
59890|174|216211|211575
1299|35598|52091|206810|39089
58308|6939|1299|201902
50629|174|1916|47065|61574
210312|4601|50869|41051|209460
15605|20473|30893
3701|137409|62000|212815|52053
28917|6939|1299|15830
20932|1299|17676|216211|44324|205369
4601|6939|28917
58308|6939|6830|23520|262191|273078
139317|44324|32595|174|21826|271909
34800|58057|50673|174|60068|197103|212080
42541|62255|52091|206810|214721|204108
50877|6762|174|3130|47065|61574
513|29222|39801|199881
39351|174|13786|263047|266089|52793
58308|6939|1299|33425
28917|6939|208453
4764|1299|35598|52091|59815|25299
6830|6939|28370|267556
198249|14840|269288
39122|1299|3223|41327
50673|174|2914|20473|47065|61574
23673|3491|174|28189|266931|269250|271150
28624|61568|174|204548|215728
1280|1299|35598|52091|206810|214268
29222|6939|200995
58308|6939|198101
38136|50131|36236|3257|28917|215730|209693
44324|32595|174|401780
8283|20764|52091|206810|50204
58308|6939|1299|36236|11878
4601|6939|28917|50045
398465|1299|35598|52091|206810|196638
999|6453|174|8551|20473|47065|61574
6424|1031|266493|61625
20205|1299|6461|62000|212815|52053
205206|1299|37468|270551|263047
42541|62255|52091|206810|12773|47809|50780
12859|14840|269288
28917|6939|1299|20473|401870
28917|6939|50989|48116
139317|44324|32595|174|394584
28917|6939|1299|20473|20277
49028|1299|3223|41327
29140|6424|44592|49581|211507
58308|6939|7018|4185
58308|6939|1299|396362
49028|1299|4230|2716
4601|50869|52025|214508
58308|6939|1299|1759|29422|207006
28917|6939|1299|42615|398338
32590|174|22381|267470|263047|264389
28917|6939|1299|131429|396986
28917|6939|1299|20473|132479|152930
22652|137409|62000|212815|52053
28917|6939|1299|20473|46464
3257|1299|6855|39904|47767
58308|6939|1299|198818
6830|6939|28917|9110
34927|60011|3356|1299|6855|39904|199604
12779|6939|2852|213152
48070|57463|12735|57844
50304|1299|3356|28370|268198
2027|47160|174|13786|263047|267425
42473|1299|35598|52091|206810|214721|204108
64475|57463|12735|57844
59689|30781|1299|20473|201423
58308|6939|6830|23520|27694
25369|6424|44592|49581|211507
3320|174|52468|271150
327960|174|35598|52091|44660
12350|1299|3356|28370|263060
38930|174|3130|47065|61574
24516|174|35598|52091|206810|211101
16552|1299|35598|52091|206810|214268|197578
7474|7473|1299|3356|60011|34927|208690
20514|1299|3356|1680|44709
205206|1299|52320|7162|13878|52468|271150
21232|15576|57463|12735|3188
58308|6939|1299|210937|11930
28917|6939|1299|20473|216173
58308|6939|6830|23520|11139
151326|174|3491|7162|13878|52468|60503|268746|61625
58952|137409|62000|212815|52025|212895|210320
28917|6939|1299|265620|270111
148968|1299|6453|19318|201813
58308|35598|52091|59815
6730|6830|174|35598|52091|206810|48687
47147|1299|6453|19318|201813
58308|6939|6830|23520|52286|264764
19151|33891|60068|211571
46450|33891|60068|211571
577|6461|6424|44592|49581|209693
5405|62255|52091|206810|202497
41722|52025|212895|210320
34288|1299|6855|39904
44324|32595|174|33182
35600|9002|34927|202827
3356|9002|62000|212815|52053
140627|1299|3356|28370|263060
28917|6939|1299|60068|197103|197703
513|29222|6939|12735
12859|57463|12735|15830|137922
12956|174|28189|266931|269250|271150
3130|174|13335|400095
2518|1299|35598|52091|206810|48595
41051|58299|22356|28370|263535|268030
327804|37271|28917|215730|209693
28624|61568|174|20723|2852|202874
209|3356|174|10490|2722|12148|47065|61574
28917|6939|1299|3223|211428
15935|174|35598|52091|206810|202279
207841|6939|25192|29067
7575|6461|28917|215730|209693
55222|174|3257|19318|209896
55222|1299|3356|28370
28917|6939|1299|399868
20514|1299|35598|52091|206810|214268
4777|2497|174|14840|269288
28917|20764|52091|206810|56915
8283|12956|10429|22381|267470|263047|264389
136557|174|5538|8194|29345
6830|3356|21320|5408|47065|61574
37497|3491|1299|198949|35676
151326|174|35598|25308|28917|204076
139317|44324|32595|174|395301
29504|15935|174|3356|3223|34224|12735
3356|2914|6424|44592|49581|209693
8426|6777|57463|12735|15830|48678
3356|1299|6855|39904|199604
48070|6939|28370|270962
6830|174|13786|263047|267425
209823|6830|60068|216213|205884
8218|6461|174|3130|47065|61574
44324|32595|174|396026
28917|6939|1299|12252|64120
29222|6939|553
6730|6830|3257|19318|209896
8455|6830|60068|211571
6730|6830|32787|202161
4826|3257|28917|215730|209693
15623|1299|17676|216211|44324|205369
58308|6939|49418|213893
58057|174|210|47065|61574
12779|57463|12735|211201
47147|2914|174|399697|39967|399697
3130|174|3356|3223|41327
58308|6939|1299|20473|201242
2497|1299|34927|202827
60326|34927|174|140227|44324|205369
13830|971|174|35598|52091|206810|48595
50877|5405|6939|2852|48091
12637|1299|3257|28917|215730|209693
28917|6939|1299|17072
34854|1299|174|60068|205884
64475|62255|52091|206810|210063
1299|9002|8772|396416
202032|57463|12735|57844
9268|4764|1299|6461|394737
19151|2914|1299|6855|39904|202605
23352|3257|174|22381|267470|263047|264389
35369|5405|61568|266460|61625
12859|57463|12735|206192
23367|1299|60068|216213|205884
32590|1299|6424|44592|49581|211507
202032|57463|12735|34619
196621|6939|33924|198890|57463|34772|35047|5414
1280|2914|174|204548|215728
28917|20764|52091|206810|39558
20253|137409|62000|212815|52053
58299|22356|28370|267556
58057|174|1299|8551|44709
12637|35598|25308|28917|9049|51017
36236|2914|6424|44592|49581|211507
35600|57463|12735|8517|5474
29680|174|140227|44324|205369
263237|137409|62000|212815|52053
14907|3356|21320|5408|47065|61574
12956|1299|29695|206557|204503
1299|3356|28370|53079
44324|32595|18423|137409|6461|174|21700|26520
204092|50263|15935|51744|212325|205026
15605|57463|12735|15464
216285|8280|6762|1299|20473|47065|61574
559|1828|12179|393398|3356|1299|23033|27323
199524|1299|3356|28370|263060
204092|6939|28370|268521
577|174|210329|215728
13830|971|174|35598|52091|206810|214268
35600|35598|52091|206810|196767
2516|174|13786|263047
41095|33891|44592|49581|209693
59919|12779|21351|60132
23367|1299|23764|35168|212999
28624|61568|174|140227|44324|205369
12586|3257|1299|20473|399970
44324|32595|174|44222|209847
64475|62255|52091|206810|48687
263237|174|3356|8772|215536
28917|6939|1299|6855|35096
199524|1299|3356|28370|268521
35426|215596|1299|20473|47065|61574
50629|9002|8772|215536
42541|52320|7162|13878|52468|271150
52925|3356|1299|198949|35676
207841|6939|28917|206011
6424|1299|8551|20473|47065|61574
210312|4601|50869|214420
16552|1299|3356|28370|263535
204092|37468|60068|216213|205884
34854|1299|174|20473|47065|61574
215596|62000|41441|207113|329421
210312|4601|50869|58299
35280|3356|174|20473|47065|61574
3356|174|140227|44324|205369
19151|174|5511|49666|58224|214805
210937|6939|138997|216211|44324|215172|214955
6830|6939|2852|202874
266213|3356|1299|20473|47065|61574
210312|4601|6939|28917|39134|39561|197695
64475|6939|30893|199580
202297|23764|20485|35598|52091|206810|197960
58299|37662|37204|23764|1299|16637|36974
28917|6939|1299|210937|62599
917|60068|33891|8298|4601|4492
49788|12552|33891|216067|44244
12969|1299|4230|2716
6424|266460|61625
210312|4601|57463|12735|60707|216343
34927|1299|3356|28370|268521
140627|1299|35598|52091|206810|24881
58299|62255|52091|206810|56766
50629|57463|12735|201978|208425
17350|2914|6424|44592|49581|211507
63927|6424|44592|49581|211507
20205|174|28189|266931|271615|273522|271150
44324|32595|174|397650
3130|174|37468|270551|263047
34854|1299|3356|28370|263535
271253|6453|174|21700|399914
35600|57463|12735|42216|214447
29222|6939|553|204680|202539
971|174|35598|52091|206810|48595
60326|34927|1299|3920|206777
35008|1299|6453|60068|216213|205884
5405|6939|2852|212876
139317|44324|32595|174|20473|47065
12779|6939|393682
2914|1299|35598|52091|206810|214268
44324|32595|174|21826|269946|274117
58308|6939|207995
58308|6939|6830|23520|264821|274290
210312|4601|50869|214757|204508
24785|1299|20473|399970
50629|57463|12735|206556
15562|2914|1299|198949|35676
1299|6453|8283|215737
6082|174|35598|52091|206810|196638
139317|44324|32595|174|54579|394778
139317|44324|32595|174|208414
58308|6939|1299|3249|31605
4601|50869|214757|199518
4766|8455|8283|47065|61574
5405|6939|30893|13214|35634
28917|6939|1299|16880
4777|2516|33891|216067|44244
174|3356|60011|34927|208690
58308|6939|50629|207252|197469
28917|6939|1299|18734|265605
58308|6939|1299|202045
1299|3257|21700|399914
20253|1299|7195|28189|266931|269250|271150
34177|1299|3356|28370|268521
264409|174|6461|394737
1299|3356|28370|267608
328964|37468|174|210329|215728
34927|1299|6855|39904
210312|4601|50869|52025|212895|206290
559|6939|50989|33837
4181|1299|20473|47065|61574
24516|174|3356|28370|28657
196621|6939|2852|204772
6894|174|210329|215728
60068|174|6453|29208
58511|6939|138997|216211|44324|215172|214955|59449
58308|6939|6830|23520|54082|263725|271981
35600|57463|12735|43391|51540
6424|6939|28917|8491
12969|33891|44592|49581|209693
20514|1299|35598|52091|206810|214268|196977
8220|6939|138997|216211|44324|215172|214955|59449
12350|1299|3356|16735|2716
48919|174|3257|20473|399970
917|25369|6424|44592|49581|209693
58308|13335|400095
42473|1299|35598|52091|206810|196638
2027|62000|47498|208453
398465|1299|35598|52091|44660
174|3257|28917|215730|209693
4181|1299|2914|226|47065|61574
917|60068|174|11432|271150
39351|174|22381|267470|263047
6424|174|201814|209896
35600|6939|2852|210498
6730|6830|174|210329|215728
28917|3257|1299|20473|47065|61574
553|6939|42695|52011
148968|1299|4230|2716
12637|174|21320|5408|47065|61574
58308|6939|9136|206236
139317|44324|32595|174|18907
49028|13335|5408
15605|57463|12735|47123|24944
132825|174|35598|52091|206810|214210
58057|174|2914|20473|47065|61574
7922|1299|3920|206777
553|57463|12735|15830|215555
8298|25091|1299|10490|2722|12148|47065|61574
328512|5713|174|138997|216211|44324|205369
210937|1299|5511|60068|206406|210557
577|1299|8551|44709
58308|6939|7018|22715
29222|6939|29670|205740
28917|6939|1299|23520|262202
398465|2914|174|20723|2852|202874
29222|6939|12735
199524|6762|174|3130|47065|61574
210312|4601|50869|34019|209090
28917|6939|1299|12488
215596|62000|56584|207529
58308|35598|52091|48158
4601|50869|58299|34924
12350|1299|3356|28370|263535|268030
58308|6939|207841|216198
42473|1299|35598|52091|206810|59867
20514|1299|6453|4755|7768
4601|50869|34019|205816
12637|8298|4601|4492
196621|6939|200303
1257|1299|8551|44709
20055|174|13786|263047|61826
28917|6939|1299|212318
23367|1299|6855|50698
553|57463|12735|60707
21700|174|35598|52091|206810|34786
559|32787|202161
3130|174|13786|263047|268105
35266|2914|12859|47065|61574
44324|32595|174|62810
29222|9002|12555
14315|6939|138997|216211|44324|215172|214955|59449
58511|3257|174|5538|8194|29345
263237|174|3356|60011|34927|208690
29222|6939|29670|213674
3356|216211|44324|215172|214955|59449
58308|6939|1299|265583
12779|6939|28370|263060
207841|57463|12735|60946
9268|4764|1299|35598|52091|44660
12779|9498|20473|47065|61574
207841|57463|12735|208130
51786|15623|1299|6762|267470|263047
8426|6777|35598|52091|206810|213694
40994|57463|12735|60707|200334
12637|57463|12735|15830|201079
264479|7195|137409|62000|212815|52053
2497|1299|12859|47065|61574
6461|174|13786|263047|269488
41327|6461|7473|38001|25192
48185|1299|3257|20473|47065|61574
35426|215596|1299|56630|209944
16552|3257|1299|20473|399970
35008|1299|174|21700|399914
148968|7474|7473|1299|6424|44592|49581|211507
4601|50869|6939|15372
20253|1299|174|210|47065|61574
8220|6453|174|20473|47065|61574
28917|6939|1299|13335
57821|12586|3257|174|20473|47065|61574
20932|174|3356|28370|28657
6777|35598|52091|206810|24881
58057|34549|174|3130|47065|61574
28917|6939|1299|30823|213887
53828|2914|174|35598|52091|206810
3170|9304|136237|174|137995
28917|6939|1299|6855|12344
7660|2516|3356|216211|44324|215172|214955|59449
29222|6939|208453|214365
44324|32595|174|53667|399266
48070|6939|28917|20985
209650|34927|1299|2914|226|47065|61574
34927|1299|3356|28370|53079
35600|1828|12179|393398|3356|1299|23033|50131
50629|6939|50989
60503|6939|138997|216211|44324|215172|214955
199524|1299|34927|202827
2516|174|210|47065|61574
46450|33891|216067|44244
513|174|2914|226|47065|61574
57381|50304|1299|3223|41327
196621|6939|25192|29067
29680|174|13786|263047|267425
1257|28917|215730|209693
58308|6939|6830|23520|262202|263713
6730|6830|174|21700|399914
12779|31133|12389|28917|8905|42132|56779
50877|5405|6939|59689
35600|6939|50989|205966
49028|1299|174|22381|267470|263047|264389
205206|1299|60068|216213|205884
6730|6830|174|60068|205884
4601|50869|41051|207529
58308|6939|1299|25148
29504|39392|174|7545|20473|47065|61574
58308|6939|1299|52468|273966
29222|6939|56595|202590|200280
40994|6939|28370|52593
29479|50304|1299|8551|44709
2734|3257|1299|3920|206777
48185|3356|174|140227|44324|205369
6908|174|6453|19318|209896
6082|2914|1299|6855|39904|47767
2027|47160|174|60068|205884
29222|6939|2852|200874
7594|174|5538|8194|29345
7594|174|20473|47065|61574
207841|57463|12735|51476
553|6939|200070
55222|174|35598|52091|206810|202497
15623|1299|60068|216213|205884
50304|1299|3356|60011|34927|208690
207841|57463|12735|8517|2592
8218|6939|138997|216211|44324|215172|214955|59449
64475|6939|28917|6789
148968|7474|7473|6461|28917|215730|209693
17676|1299|20473|47065|61574
2516|174|1916|47065|61574
3170|6939|28917|8491
58308|6939|203059
12859|57463|12735|42216
1299|7545|20473|47065|61574
58057|1836|1299|3920|206777
42473|1299|35598|52091|206810|213694
21232|15576|57463|12735|8517|8678
35280|6453|174|21700|399914
23367|1299|35598|52091|206810|210063
210312|4601|50869|212123
35600|57463|12735|42216|62425|216018
58308|6939|5405|59745
2497|1299|35598|52091|206810|214268|196977
23764|1299|35598|52091|206810|59867
53828|3257|1299|198949|35676
559|57463|12735|60847
207841|6939|29222|207688
28917|6939|1299|32374
58308|6939|1299|199524
28917|6939|1299|43927
28917|33891|60068|211571
15605|57463|12735|8517|24922
196621|6939|28917|50009
3130|174|32595|44324
3130|174|13786|263047|262813|265917
34019|212815|52053
12859|215551|30893|199580
553|57463|12735|62095
25091|8283|47065|61574
205206|1299|174|204548|215728
20612|9044|1299|174|204548|215728
971|174|13786|263047|264982
28624|61568|174|20473|47065|61574
41327|13786|263047|262578
204092|30781|12859|47065|61574
12969|1299|6762|49666|58224|214805
28917|22356|28370|28657
58308|6939|15372|203592
28917|6939|263047|269680
210312|4601|50869|41051|198209
21700|174|35598|52091|206810|24881
204092|30781|3356|174|216211|211575
215596|174|5538|8194|29345
58299|34549|1299|8551|44709
22652|1299|6453|8283|214958
48070|6939|28917|21453|199933
58308|6939|50629|207252|215147|213413
4181|1299|6424|44592|49581|211507
29075|2603|21320|5408|47065|61574
20080|2914|1299|35598|52091|206810|213694
16552|1299|37468|53062|266493|61625
47160|174|22381|267470|263047|264389
151326|174|35598|52091|206810|8274
47957|3356|21320|5408|47065|61574
28917|6939|7018|32673
46450|1299|198949|35676
35426|215596|174|20473|47065|61574
24516|174|3356|8119
136557|137409|62000|212815|52053
263152|53013|6762|3257|28917|215730|209693
21232|13030|1299|201814|209896
13830|971|174|35598|52091|206810|214268|197578
5413|1299|3257|20473|47065|61574
28917|6939|1299|211826
56655|1299|174|60068|205884
6720|1764|174|216211|211575
215596|1299|20473|47065|61574
58308|6939|1299|20473|63538
8283|6939|25192|20701
50877|5405|6939|2852|204772
28917|6939|1299|40061
15623|174|56630|209944
5405|29632|215536
24516|3491|2914|6424|44592|49581|209693
50877|5405|14840|269288
42541|1299|3257|28917|215730|209693
37239|37468|174|13786|263047
20253|1299|37468|53062|266493|61625
50629|57463|12735|8517|24922
6424|6939|30893|205563
55720|2914|137409|62000|212815|52053
22652|1299|20473|201423
4601|50869|52025|211358
6730|6830|3356|28370|263535
28917|6939|1299|23520|273157
4601|50869|52025|213982
4601|7195|11432|271150|272738
199524|1299|3491|20473|47065|61574
12637|35598|52091|206810|59815
28917|6939|1299|20473|61126
28917|8359|57304|203786
58308|6939|7018|35980
49432|48362|1299|3257|20473|47065|61574
58308|6939|1299|6696|25181
29222|6939|207767
64475|62255|52091|206810|214218
44324|32595|174|13819
12350|1299|3356|28370
34854|1299|174|21320|5408|50148
210312|4601|7195|11432|271150|272738
47160|174|13786|263047|262578
15576|57463|12735|208594|202365
8280|6762|174|11432|271150|272738
16552|1299|3223|34224|12735
42473|1299|35598|52091|206810|56766
6730|6830|2914|226|47065|61574
328840|327727|174|13786|263047|268546
29222|6939|41720|212467
38880|2914|6424|44592|49581|209693
210312|4601|14840|269288
20130|23352|3257|174|399697|39967|399697
12859|215551|30893|204789
14907|1299|174|210|47065|61574
553|9002|197068
553|57463|12735|211201
33891|17676|216211|44324|205369
49028|1299|35598|52091|206810|8274
4601|6939|28917|48084|199961
58308|6939|271150
215596|174|140227|44324|205369
28917|6939|1299|23520|264821
34854|6939|1299|20473|399970
4601|50869|199310|215502
58308|6939|7018|398222
28917|6939|1299|20473|25048
15623|1299|6453|22356|28370|28657
48070|15412|45903|3491|1299|45896|55313
139317|44324|32595|174|394634
52320|6939|138997|216211|44324|215172|214955|59449
50629|20764|52091|206810|48687
139317|44324|32595|174|53667|206042
35600|57463|12735|29399
11164|6461|6424|44592|49581|209693
204092|6939|28917|20985
52075|6762|174|37468|61568|266460|61625
138997|216211|44324|215172|214955
40994|57463|12735|51476
1828|6461|174|1916|47065|61574
58057|174|13786|263047|262578
34854|1299|20473|47065|61574
6830|3257|19318|201813
34854|1299|201814|209896
22652|1299|8551|20473|47065|61574
15605|57463|12735|9121|12891
7660|2516|1299|8551|20473|47065|61574
19653|30600|1299|35598|52091|206810|196638
60068|33891|212815|52053
2027|6696|1299|198949|35676
917|60068|174|137409|62000|212815|52053
44324|32595|174|205847
135895|137409|174|204548|215728
40994|57463|41327|200497
199524|47311|150249|212001|199376
15605|57463|12735|47123|199419
35426|215596|1299|7195|20473|47065|61574
40994|6939|50989|33837
15576|174|60068|197103|212080
50629|6939|2852|210498
3130|174|35598|25308|28917|204076
20253|1299|174|204548|215728
46450|1299|6855|39904|199604
58308|6939|199095
40994|23764|35168|212999
50673|174|2914|226|47065|61574
12859|57463|12735|212757
328840|327727|174|35598|25308|28917|9049|51017
28917|6939|1299|20473|211431
12859|1299|3356|28370|267556
1299|174|13786|263047|269488
34927|52025|137409|48011|25184|49801|204533
209|3356|174|210|47065|61574
28917|6939|1299|23520|5639
58308|6939|1299|3301|25252
32590|1299|174|1916|47065|61574
132825|174|3356|1680|44709
8529|1299|174|140227|44324|205369
47147|1299|201814|209896
28917|6939|47160|214390
39122|1299|37468|270551|263047
2734|57463|12735|42216
204092|30781|3356|174|140227|44324|205369
64475|62255|52091|206810|50204
45352|1299|3216|51032|41344|39707
28917|6939|1299|13767|13951
29222|6939|62000
56987|1299|20473|399970
20055|174|13786|263047|268546
44324|32595|174|57974|198963
398465|174|11432|271150
9044|174|1916|47065|61574
58308|6939|33891|50696
207841|6939|42695|43101
1273|174|210|47065|61574
3170|174|5538|8194|29345
34288|174|210329|215728
8283|6939|25192|26710
6830|6939|28370
49028|35280|6453|30058|216211|44324|215172|214955|59449
42541|1299|17676|216211|44324|205369
52025|174|35598|52091|206810|214210
3170|6461|8899|60294|33891|50673|43414|43995
151326|174|28283|268744|2716
35426|215596|62000|56584|207529
559|6939|30893|13214|35634
4764|1299|35598|52091|206810|48595
22652|1299|6453|8283|211840
7594|174|52468|262393
49028|1299|17676|216211|44324|205369
58308|6939|1299|6400
148968|1299|3223|34224|12735
52320|6461|28917|215730|209693
22652|1299|3356|28370
174|2914|12859|47065|61574
58308|6939|6830|23520|27745
35710|6939|1299|20473|399970
58308|6939|2852|197451
44324|32595|174|31404
35600|6939|28370|267608
328964|23764|1299|35598|52091|206810|35273
34177|1299|3257|20473|47065|61574
6696|1299|6855|39904|202605
7594|174|37468|53062|266493|61625
30600|1299|33891|216067|44244
28917|6939|1299|20473|207649
58057|174|6762|16735|273514
20514|1299|37468|52468|262393
28917|6939|1299|54600
28917|6939|1299|12025|402106
139317|44324|32595|174|16276|64476
198249|57463|12735|42216|51722|26383
14630|2914|174|140227|44324|205369
35008|1299|35598|52091|206810|214268|197578
58308|6939|47160|203500|206398
52925|3356|1299|6855|39904|199604
58308|6939|6830|23520|262191|273849
49544|3356|174|3130|47065|61574
28917|6939|6830|23520|64126|274130
49544|2914|1299|35598|52091|206810|213694
5713|174|22381|267470|263047|264389
8220|1299|35598|52091|206810|59815|25299
41666|57463|12735|29399
44324|32595|174|17267
58057|50673|33891|216067|44244
12637|57463|12735|202588
34177|1299|3491|7162|13878|52468|60503|268746|61625
56987|12859|47065|61574
48070|57463|12735|9215
139317|44324|32595|174|3714|1657
12779|28283|268744|2716
29222|6939|21430|203376
6461|174|13786|263047|271068
4764|174|37468|61568|266460|61625
2734|20303|1299|3356|395584|14397
28917|6939|7018|6621
16552|2914|1299|35598|52091|206810|59867
48070|6939|28370|267556
7018|174|1916|47065|61574
199524|174|11432|271150|272738
12389|1299|20473|47065|61574
139317|44324|32595|174|47787
48070|1299|6453|19318|209896
8283|20764|52091|59815
58308|6939|21430|203376
20080|2914|1299|6855|50698
2027|47160|174|210|47065|61574
35600|6939|29222|207688
139317|44324|32595|174|53667|44421
12779|6939|2852|197277
196621|9002|197068
2497|1299|35598|52091|206810|59815|25299
215596|1299|12956|212721
6461|1299|4230|2716
513|21320|6424|44592|49581|211507
328840|327727|174|1299|8551|44709
215596|62000|28917|215730|209693
9268|4764|1299|35598|52091|206810|214721|204108
210312|4601|50869|215172|214955
174|13786|263047|262813|265917
6830|6939|28370|263535
44324|32595|174|54579|394778
12637|57463|12735|15830|48678
7018|3356|28370|263535
8660|1267|50263|62000|212815|52053
21700|174|35598|52091|206810|214210
6830|1299|201814|209896
58308|6939|32097|22295|206042
263237|174|2914|226|47065|61574
48070|57463|12735|8517|212167
64475|6939|15372
139317|44324|32595|18423|137409|6461|174|53667|202256
49544|28917|215730|209693
28917|6939|1299|16509|14618|54981
23367|1299|12956|212721
8426|6777|35598|52091|206810|59815|25299
553|1299|21351|60132
58308|6939|9136|211479|216351
139317|44324|32595|174|33811
48070|57463|12735|206402
62167|174|138997|216211|44324|205369
32590|12956|1299|8551|44709
12389|1299|198949|35676
25152|2497|174|37468|61568|266460|61625
2734|47787|6424|207990
49544|2914|1299|35598|52091|206810|59867
42473|6424|44592|49581|211507
6453|174|11432|271150|272738
52320|1299|8551|44709
59919|12779|174|52468|271150
20932|1299|37468|270551|263047
8529|2603|21320|5408|47065|61574
3491|174|35598|52091|206810|214268
401753|34872|8283|47065|61574
58308|6939|6830|23520|263714
6730|6830|174|8899
559|6939|24796|63293
136557|174|6453|29208
41327|6939|15372|203592
327960|174|3257|22773|8119
7018|3356|16735|266931|271615|273522|271150
59891|13030|1299|174|210329|215728
15605|57463|12735|202588
202297|23764|20485|35598|52091|206810|202279|213203
207841|6939|200070
136557|174|35598|52091|206810|196638
12969|1299|3356|28370
60068|174|204548|215728
12859|13335|399532
28917|6939|7018|397568
41666|1031|266493|61625
139317|44324|32595|174|30317
2734|57463|12735|201978|208425
28917|6939|1299|20473|200268
15605|57463|12735|208594|202365
6830|6939|200303
199938|1299|3491|7162|13878|52468|60503|268746|61625
1299|174|216211|211575
58308|6939|1299|2586|202635
50673|174|1299|20473|47065|61574
553|62255|52091|206810|214721|204108
12956|174|11432|271150
6730|6830|174|22381|267470|263047|264389
35266|6424|44592|49581|211507
210312|4601|50869|41051|215006
15623|1299|3491|20473|47065|61574
60011|3356|174|60068|216213|205884
19151|174|60068|197103|212080
3170|6939|28370|267608
559|35598|52091|59815|25299
11039|6461|1299|35598|52091|206810|214721
328840|327727|174|35598|52091|206810|59815|25299
58308|6939|6830|23520|11139|397529
28917|6939|1299|23520|267823|270003|273131
6423|20055|174|35598|52091|44660
56655|1299|20473|47065|61574
6423|20055|1299|21351|60132
210312|4601|50869|6939|2852|199711
47692|3356|174|140227|44324|205369
6908|174|60068|205884
42473|1299|3356|28370|268198
32590|1299|35598|52091|206810|213694
971|174|13786|263047|268546
29222|6939|31263|8822
7594|174|16276|203019
29169|174|3130|47065|61574
6082|2914|6424|44592|49581|211507
40994|57463|12735|15830|198417
202365|50673|174|3257|60068|206406|210557
12859|57463|12735|8517|8678
47147|1299|21351|60132
2734|57463|12735|8517|213309
328840|327727|174|35598|52091|206810|214268|196977
21412|1299|3257|28917|215730|209693
13030|1299|6453|29208
139317|44324|32595|174|33154|398461
20055|174|13786|263047
3320|1299|35598|52091|206810|48595
34019|50263|15935
210312|4601|50869|6939|2852|202874
35600|6939|28917|9110
196621|6939|50989|33837
20130|23352|2914|174|21320|5408|47065|61574
39122|174|13786|263047|267961
15576|57463|12735|51559|42846
28917|6939|1299|6922|10399
8280|6762|174|201814|209896
37239|37468|174|12956|212721
36924|6762|174|1916|47065|61574
64475|62255|52091|206810|196638|42702
50877|6762|174|11432|271150
271253|3356|3257|28917|215730|209693
34927|1299|4637|20473|47065|61574
207841|6939|28917|39238|49392|9098
28917|6939|207841|216198|18040
64475|6939|25192|20701
5392|137409|62000|212815|52053
12779|62255|52091|206810|39558
199524|3356|1299|6855|39904|202605
47147|6461|62000|212815|52053
971|174|6453|4755|7768
12779|6939|29222|207688
3491|1299|35598|52091|206810|24881
196621|6939|25192|20701
559|20764|202984|35598|25308|28917|204076
6830|3356|28370|53079
64475|62255|52091|206810|12773|57005
28917|6939|1299|52468|269955
55222|174|35598|52091|206810|48595
198385|174|2914|226|47065|61574
8220|3491|174|20473|47065|61574
206356|50629|20473|47065|61574
137409|62000|212815|52025|212895|210320
28917|6939|1299|23520|64126|265695|63293
39122|1299|6453|29208
28624|3356|1299|6855|39904|202605
58308|6939|5405|202656
58308|6939|7018|2386|30313
52025|174|35598|52091|206810|39089
50300|174|210|47065|61574
139317|44324|32595|174|55644
6830|6453|56630|209944
37662|174|210329|215728
40994|6939|59689
49028|1299|6939|28370|28657
6730|6830|9002|62000|212815|52053
34549|2603|21320|5408|47065|61574
29222|6939|25400|200139
6830|3356|28370|268198
6908|174|201814|209896
207841|57463|12735|15830|201584
57111|41327|7195|28189|266931|271615|273522|271150
34019|28283|268744|2716
6730|6830|174|1916|47065|61574
21700|174|35598|52091|206810|59867
34927|52025|32097|28283|268744|2716
204092|13335|400095
58057|174|60068|205884
60068|5511|1299|3920|206777
6696|1299|3920|206777
4601|50869|204003
31510|174|140227|44324|205369
210937|1299|174|60068|205884
47147|1299|5511|60068|206406|210557
9268|4764|1299|56504|47674
398465|1299|5511|60068|206406|210557
6424|1031|61568|266460|61625
58308|6939|35133|57706
29222|6939|50698
58308|6939|7018|25687
37739|3491|1299|34927|202532
50628|1299|3257|204548|215728
6424|6939|28370|268198
53828|6939|138997|216211|44324|215172|214955|59449
58308|6939|1299|58453|9808|2010
132337|1299|3223|34224|12735
16552|1299|6855|39904|47767
31510|174|201814|209896
553|6939|29222|207688
1836|174|52468|271150
50673|174|1299|198949|35676
41666|57463|12735|205877
8283|6939|2852|198500
29075|1299|3356|28370|28657
19151|174|1299|6855|39904
9002|1299|3920|206777
37271|3257|1299|20473|201423
12779|57463|12735|60707|200334
28917|57724|12555
2027|62000|57463|12735
7594|174|35598|52091|206810|5598
28917|6939|1299|20473|46407
6424|6939|28917|48084|199961
34019|50263|15935|198143
28917|6939|1299|7342
3130|174|2914|20473|47065|61574
559|6939|393682
15605|6939|29222|204957
12859|57463|12735|203963
6424|6939|28370|270962
40387|1299|29695|206557|204503
35710|3320|1299|201814|209896
139317|44324|32595|174|132839
58057|50673|174|60068|197103|212080
44324|32595|174|26057
28917|6939|1299|11179
28917|6939|1299|47887
49432|48362|6939|138997|216211|44324|215172|214955
16552|3257|174|60068|205884
553|137409|48011|25184|49801|204533
199524|174|210|47065|61574
58057|50673|174|28189|266931|271615|273522|271150
15605|41327|19318|201813
59414|13030|1299|198949|35676
29222|6939|28917|198297|51081
37100|33891|216067|44244
44324|32595|174|36667
28917|6939|1299|20473|207618
206499|34549|1299|37468|270551|263047
21700|3257|1299|198949|35676
15576|57463|12735|15830|215555
4601|50869|6939|28370|270962
6424|47065|61574
199524|174|56630|209944
5413|1299|4230|2716
29680|174|13786|263047|267961
132337|174|20473|47065|61574
57695|917|60068|174|399697|39967|399697
48070|1299|20473|399970
1299|6939|2852
4601|50869|6939|30893|9423
58057|174|21700|399914
328964|23764|1299|35598|52091|206810|56766
559|57463|12735|57043
12779|6939|2852|210367
32590|1299|3356|28370|263060
55222|174|35598|52091|44660
6830|6939|25192|29067
58308|6939|1299|5617|42598
29504|39392|1299|6453|1031|61568|266460|61625
44324|32595|174|12189
6424|9002|12555|48430
64475|62255|52091|206810|197643
139317|44324|32595|174|42366
210312|4601|50869|215172|214955|199518
6830|3356|28370|263963
23764|174|35598|52091|206810|202279
16347|1299|174|37468|61568|266460|61625
28917|6939|263047|268105
19653|30600|1299|35598|52091|206810|59815|25299
4181|137409|62000|212815|52053
680|6461|62000|212815|52053
12956|174|210|47065|61574
971|174|13786|263047|274841
2734|57463|12735|29088
34927|56655|12859|47065|61574
20612|9044|1299|6453|19318|201813
1280|1299|8943|200636
7500|2497|174|35598|52091|206810|214268|196977
210312|4601|50869|52025|207118
139317|44324|32595|174|203623
852|1299|29695|206557|204503
15605|137409|63473|200790
2734|57463|12735|51476
210312|4601|50869|6939|28917
196621|15576|174|11432|271150
41327|174|140227|44324|205369
4601|50869|6939|28370|268198
199524|1299|5511|49666|58224|214805
6762|1299|42303|51701|30893
35710|3320|1299|60068|216213|205884
51088|3257|5405|8943|200636
210312|4601|50869|52025|214451
271253|1299|35598|52091|206810
15623|1299|6762|49666|58224|214805
8283|6939|50989
394256|174|37468|61568|266460|61625
7473|1299|35598|52091|206810|35273
210312|4601|50869|34019|204092|208567
17350|2914|1299|35598|52091|206810|39558
44324|32595|174|397423
28917|6939|1299|30823|49418|216127
44324|32595|174|394110
12779|57463|12735|205893
6424|8529|328250|174|30990|37371
59414|6830|6453|4755|7768
15605|31133|12389|28917|8905|42132
9268|4764|137409|62000|212815|52053
28917|6939|1299|23520|262191|27845
2518|1299|35598|52091|206810|202279
3170|6461|55081|59678|216096
28917|6939|2852|210367
139317|44324|32595|174|21826|273155
210312|4601|57463|12735|48737
4764|1299|35598|52091|206810
29222|6939|12735|15830|137922
31742|1299|10490|2722|12148|47065|61574
58308|6939|6830|23520|27696
9268|4764|1299|3223|34224|12735
35600|1828|12179|393398|3356|1299|23033|27323
136557|174|210|47065|61574
198385|15576|57463|12735|15830|137922
44324|32595|174|18907
15576|35598|52091|206810|214268|197578
207841|57463|12735|47123|50055
15605|57463|12735|43391|57844
28917|6939|1299|52025|54681
6762|174|13786|263047|267961
37497|6939|138997|216211|44324|215172|214955|59449
47147|1299|7195|11432|271150
31510|174|12956|212721
58308|29075|1299|20473|47065|61574
28917|20764|52091|206810|12773|211692|196629
58308|6939|1299|54994
29222|6939|8943
3491|1299|35598|52091|206810|35273
31122|6461|28917|215730|209693
56655|1299|37468|60068|216213|205884
199524|174|13786|263047|269488
1403|577|1299|25091|8298|4601|4492
28917|6461|6057|28283|268744|2716
44324|32595|174|213184
8426|6777|57463|12735|60707|206271
8283|16276|203019
209823|25091|1299|198949|35676
213241|9002|1299|3920|206777
31742|1299|37468|53062|266493|61625
204092|6939|30893|13214|35634
917|60068|1299|6855|39904|202605
21412|6939|138997|216211|44324|215172|214955|59449
18106|33891|44592|49581|209693
42541|1299|3257|19318|201813
215596|1299|3356|28370|263535
3170|33891|216067|44244
132337|174|60068|211571
28917|6939|1299|52468|271923
46450|1299|174|20473|47065|61574
20080|2914|1299|6855|39904|202605
58308|6939|2852|201648
35426|215596|1299|37468|270551|263047
6830|3356|28370
8283|6939|393682
34019|3303|174|52468|271150
53013|6762|1299|198949|35676
44324|32595|174|53667|147071
12552|33891|44592|49581|209693
6423|20055|174|35598|52091|206810|39089
35600|6939|28370|264426
271253|6453|174|28189|266931|271615|273522|271150
8298|25091|1299|3223|41327
20253|1299|35598|52091|206810|59815|25299
4181|1299|2914|1916|47065|61574
58308|6939|1299|197205
55720|2914|1299|35598|52091|206810|214268
199938|1299|6855|39904
8220|3491|174|201814|209896
328840|327727|174|35598|52091|206810|208435
917|60068|1299|198949|35676
31510|174|30844|21351|60132
42473|1299|2914|226|47065|61574
971|174|1299|6855|39904|47767
35280|1299|35598|52091|206810|57164
6424|13335|400095
56655|1299|174|20473|47065|61574
202032|58115|21263|41504
58299|6830|60068|211571
35280|3356|174|399697|39967|399697
28917|6939|25400|198309
58057|50673|174|12956|212721
13830|971|174|13786|28343|2716
29680|174|35598|52091|206810|214210
20253|1299|7195|20473|47065|61574
174|3257|22773|8119
38001|3491|1299|198949|35676
1299|22773|8119
24482|2914|1299|20473|47065|61574
328840|327727|174|204548|215728
4455|6424|44592|49581|209693
20932|1299|6855|39904|202605
12779|6939|42695|43101
6908|1299|3920|206777
398465|174|204548|215728
15605|57463|12735|216385
15576|35598|52091|206810|5598
1299|35598|52091|206810|39558
202032|57463|34927|202827
28917|20764|52091|206810|210063
4601|50869|52025|207118
132825|174|56630|209944
210312|4601|8298|25091|6453|174|3130|47065|61574
8283|20764|52091|206810|211101
28917|6939|1299|19332
41666|57463|12735|9121|12891
28917|6939|7018|6621|28613
327804|37271|174|6453|29208
7474|7473|6461|174|20473|47065|61574
5405|56630|209944
28917|6939|1299|11172|270217
12779|57463|12735|8517|24614
29222|6939|29208|60218
28917|6939|1299|9141
20253|1299|35598|52091|206810|59867
5405|6939|33924
38001|3491|174|204548|215728
17350|2914|174|210329|215728
40994|6939|29222|207688
34927|52025|174|35598|52091|206810|211101
59689|29075|174|216211|211575
28917|6939|1299|63473|209261
29222|6939|204310
132825|174|1299|8551|44709
58299|62255|52091|206810|197643
210312|4601|50869|52025|210985
207841|6939|28917|44056|57629
42541|1299|6762|267470|263047
48070|57463|12735|15830|211686
29222|6939|12735|205893
7500|2497|174|35598|52091|206810|56915
58308|6939|56595|205885
7018|6762|16735|273514
50300|3257|1299|198949|35676
44393|394256|174|37468|53062|266493|61625
58299|32787|202161
34019|6939|2852|197277
271253|174|46475|57463|12735|203963
20253|1299|12859|47065|61574
59891|13030|62000|212815|52053
31510|174|3356|60011|34927|208690
148968|1299|174|210329|215728
174|50509|51032|41344|39707
12637|6939|2852|199711
1031|999|6453|174|140227|44324|205369
553|57463|12735|15830|203979
28917|6939|48678|212598
48362|1764|5405|266493|61625
398465|174|34927|202827
50629|9002|8772|396416
199524|174|35598|52091|206810|214268
28917|6939|1299|835|52025|215760
210937|1299|12956|212721
12969|1299|174|204548|215728
35710|3320|33891|44592|49581|209693
6830|6939|28917|50045
37271|174|11432|271150|272738
22652|1299|20473|399970
206356|50629|12859|47065|61574
13786|174|1299|6855|50698
210312|4601|57463|12735|42216|51722|26383
28917|6939|1299|9299|10139|17796
216285|8280|6762|1299|8551|44709
39122|1299|20473|47065|61574
207841|6939|54429
8455|1299|4230|2716
29222|6939|29670|211939
199524|174|35598|52091|206810|210063
209|3356|1299|198949|35676
6730|6830|13335|399532
58308|6939|1299|7342
8283|2914|16164|36032
48070|57463|12735|216385
34927|1299|35598|52091|206810|59815
35008|1299|6461|62000|212815|52053
7474|3257|174|5538|8194|29345
58308|6939|1299|28852
38136|50131|174|20473|47065|61574
394256|174|60068|205884
5405|22356|28370|263963
680|2914|174|3130|47065|61574
35600|57463|12735|34476
28917|6939|7018|4185|13979|14298
28917|6939|1299|37119|13335
50763|8943|33891|216067|44244
51184|47692|33891|28917|215730|209693
7474|7473|1299|6424|44592|49581|209693
4777|2497|174|11432|271150|272738
139317|44324|32595|174|60239
207841|37468|53062|266493|61625
553|57463|12735|15830|34296
22652|1299|29695|206557
49605|6762|1299|20473|47065|61574
137409|174|210329|215728
17350|2914|1299|35598|52091|206810|24881
14907|1299|20473|399970
15547|174|6453|4755|7768
210312|4601|50869|215828|59449
34177|3356|1299|20473|399970
62000|47498|212934
327983|37497|1299|60068|211571
50877|5405|28283|268744|2716
47147|1299|198949|35676
6424|174|35598|52091|206810|48687
6894|174|12389|49666|205647|49801|204533
16552|2914|1299|35598|52091|206810|214721|204108
3130|174|13786|263047|271068
29075|1299|3257|60068|206406|210557
28917|8359|57304|15935|215806
20253|1299|7545|20473|47065|61574
513|29222|6939|215085|207682
2516|33891|216067|44244
2518|1299|35598|52091|206810|24881
1280|1299|174|37468|61568|266460|61625
58308|6939|1299|26375
35426|215596|1299|3223|41327
971|174|13786|263047|271068
24516|174|35598|52091|206810
35710|3320|1299|7195|20473|47065|61574
35600|35598|52091|206810|48687
41327|20764|43298|48678|205463|213799
28917|6939|39791|49101|42422
210312|4601|6939|28917|9110
139317|44324|32595|174|14
34288|1299|3356|16735|2716
34927|56655|1299|6762|16735|273514
57111|174|20473|47065|61574
44324|32595|174|265612
328840|327727|174|35598|52091|206810|5598
42473|1299|37468|53062|266493|61625
52025|174|35598|52091|206810|35273
37468|3257|174|140227|44324|205369
20514|1299|174|14840|269288
28917|6939|1299|18734
559|57463|12735|42216
35600|4601|4492
58308|6939|1299|199524|51191
48070|1299|3356|28370|263535|268030
23367|1299|35598|52091|206810|59815|25299
64475|8551|44709
28917|8359|57304|15935|51968
21412|1299|8551|20473|47065|61574
5405|6939|2852|61110
44324|32595|174|17072|272286
57111|41327|34927|202827
6423|20055|174|35598|52091|206810|59815|25299
16552|3257|174|140227|44324|205369
6894|174|10490|2722|12148|47065|61574
6424|6939|59970
40994|57463|12735|212549
12637|57463|12735|203963
559|35598|52091|206810|5598
22652|174|20723|2852|202874
51088|6461|8899|60294|33891|50673|43414|49784
29504|15935|174|37468|53062|266493|61625
210312|4601|50869|58299|209807
28917|6939|208453|213998
12779|7195|11432|271150
207841|6939|2852|197277
58308|6939|205614
16552|6453|174|204548|215728
213151|34927|1299|20473|201423
49544|3356|174|11432|271150
12779|3257|1299|3920|206777
34927|60011|3356|3257|28917|215730|209693
6830|3257|20473|47065|61574
327727|174|6453|19318|209896
57695|917|60068|174|5538|8194|29345
29222|6939|50629|207252
139317|44324|32595|174|20940
20253|1299|174|13786|263047
398465|1299|3257|210329|215728
58308|6939|33891|48918
3257|1299|6939|24796|63293
210312|4601|50869|41051|201377
207841|57463|12735|9121|12891
210312|4601|50869|213768|274348
210312|4601|50869|34019|204092
64475|3320|1299|8551|20473|47065|61574
1403|577|6461|6424|44592|49581|209693
47147|3320|1299|17676|216211|44324|205369
6777|57463|12735|60946
3130|174|13786|263047|264923
553|2603|8674|1299|21859|24406
5511|1299|20473|201423
50304|1299|1680|20473|47065|61574
6730|6830|3257|28917|215730|209693
28917|6939|1299|23520|272935|267846
28917|6939|1299|52025|212895|210724
28917|6939|1299|15692
58308|6939|33891|15945
3399|5511|174|11432|271150
6830|174|60068|216213|205884
58057|174|13786|263047|269680
28917|6939|1299|16509|14618
31742|1299|8551|20473|47065|61574
20514|1299|6204|44592|49581|209693
12859|35598|52091|206810|208435
28917|6939|1299|8657|3243|13335
15562|2914|1299|201814|209896
64475|137409|206216|215172|214955
210937|1299|201814|209896
40387|1299|6855|39904|47767
60011|3356|1299|198949|35676
47147|1299|7195|20473|47065|61574
51519|39351|174|13786|263047
34288|1299|6453|4755|7768
47160|6939|28370|28657
6461|174|8551|20473|47065|61574
34927|52025|174|35598|52091|206810|5598
41327|22356|28370|263535|268030
20080|2914|1299|3920|206777
28917|12859|47065|61574
41327|6461|214565|64289|212895|210320
29680|174|35598|52091|206810|211101
15547|174|28189|266931|271615|273522|271150
24961|174|56630|209944
140627|1299|35598|52091|206810|213694
6762|174|13786|263047
58299|174|22381|267470|263047|264389
41327|22356|28370|263060
136557|174|60068|205884
49544|33891|60068|211571
9900|23764|3356|174|3130|47065|61574
48070|57463|7713|1299|56308
577|174|60068|205884
4601|50869|52025|212895|205336
44324|32595|174|33480
50877|5405|6939|30893|199580
35600|57463|12735|8517|9095
139317|44324|32595|174|60068|216213|205884
31510|174|1299|3920|206777
2027|47160|6939|28370|270962
35710|3320|2914|6424|44592|49581|209693
513|29222|6939|39791|47493
398465|1299|60068|211571
139317|44324|32595|174|198104
50877|5405|6939|16652
6762|1299|29695|206557
14537|13786|174|35598|52091|206810
42541|57463|12735|51476
8283|6939|15372|203592
32590|1299|35598|52091|206810|202497
50629|20764|52091|206810|214268|197578
41666|20764|52091|206810|57164
36924|1299|60068|197103|212080
8283|6939|28370|267608
398465|3320|1299|17676|216211|44324|205369
13830|971|174|1299|6855|39904|47767
50673|174|37468|270551|263047
12859|6939|25192|20701
30781|1299|6855|39904|47767
2914|174|35598|52091|206810|35273
12779|6939|29222|41495|206202
44324|13335|400095
207841|6939|28370|268198
327983|37497|1299|20473|399970
8529|1299|10490|2722|12148|47065|61574
215596|1299|3356|28370
32590|6453|174|20723|2852|202874
21700|3257|1299|20473|47065|61574
58308|6939|7018|398837
199938|1299|3356|16735|2716
3320|1299|37468|270551|263047
4230|1299|35598|52091|206810
28917|6939|1299|60068|216213|200216
51786|15623|1299|3920|206777
13830|971|174|13786|263047|267425
58308|6939|33891|61438|214517
62000|56584|207529
513|29222|6939|274610
50629|33891|44592|49581|209693
139317|44324|32595|174|2731|400488
12859|1299|12956|212721
37497|1299|6855|39904|202605
28917|6939|1299|20473|202986
6830|6453|44592|49581|209693
15576|57463|12735|29399
6730|6830|6453|29208
23352|2914|174|8551|20473|47065|61574
58308|6939|12735|15830|198417
37100|1299|198949|35676
327960|174|37468|53062|266493|61625
41666|20764|52091|206810
16552|2914|174|11432|271150
1031|999|6453|174|60068|216213|205884
28917|6939|1299|17676|4725|17509
8455|1299|35598|52091|206810|211101
12779|57463|12735|8517|211249
4601|50869|52025|212895|212196
23367|1299|174|140227|44324|205369
513|29222|6939|49418|213877
15605|41327|13786|263047|271068
62000|28917|215730|209693
2516|1299|6424|44592|49581|209693
4601|50869|52025|208915
5405|9498|20473|47065|61574
559|35598|52091|206810|59867
263237|174|34927|202827
29222|6939|52927|267933
39122|174|216211|211575
7500|2516|137409|62000|212815|52053
58308|6939|29208|48926
37680|137409|62000|212815|52053
41666|57463|12735|8517|8456
136557|174|35598|52091|206810|214268|197578
58308|6939|1299|29535|210075
6830|6453|4755|7768
21232|15576|57463|12735|60946
1828|1299|8551|20473|47065|61574
58057|6939|138997|216211|44324|215172|214955|59449
20811|2914|1299|20473|47065|61574
58299|62255|25308|28917|9049|51017
40994|57463|41327|62093
44324|32595|174|4134|140329
6424|6939|28917|21453
58308|6939|7018|396169
4764|1299|56504|47674
28917|6939|7018|26305
139317|44324|32595|174|12189
8220|1299|6453|19318|209896
64475|6939|24796|63293
49605|6762|1299|6855|39904|47767
28917|6939|1299|60068|197103|198234
198249|57463|12735|42216
29075|12859|47065|61574
34854|1299|6461|394737
6424|13786|263047|272569|271133
7018|174|13786|263047
398465|174|52468|262393
32595|174|20473|47065|61574
139317|44324|32595|174|398636
15935|174|52468|271150
207841|57463|12735|15830|215555
999|6453|174|28189|266931|269250|271150
41327|22356|28370
33891|8551|44709
8283|3491|20473|47065|61574
41666|1680|44709
25160|2914|12859|47065|61574
50629|57463|12735
15692|2914|12859|47065|61574
45352|174|56630|209944
58308|6939|1299|3249|216408
3130|174|28189|266931|271615|273522|271150
553|57463|12735|60707|206271
553|6939|50989|205966
35266|1299|3216|51032|41344|39707
49432|48362|1299|10490|2722|12148|47065|61574
139317|44324|32595|174|207498
7713|174|2914|226|47065|61574
20253|1299|35598|52091|206810|24881
57866|1299|8551|20473|47065|61574
61049|12859|47065|61574
57381|50304|1299|6453|29208
40994|32787|202161
199524|174|37468|61568|266460|61625
35600|35598|52091|206810|59867
28917|6939|1299|36352|399275
11039|6461|1299|35598|52091|206810|35273
24482|33891|44592|49581|209693
971|174|35598|52091|206810|59815|25299
49028|1299|35598|52091|206810|39558
2734|57463|12735|9215
15576|57463|12735|211201
58308|6939|29208|209847
4601|57463|12735|8517
29680|3257|1299|3920|206777
13030|1299|174|204548|215728
29691|33891|216067|44244
56987|174|22381|267470|263047|264389
37053|37100|2603|21320|5408|47065|61574
23764|174|35598|52091|206810|35273
38136|50131|174|37468|53062|266493|61625
12859|57463|14840|269288
59105|2518|1299|8551|44709
35710|3320|1299|52320|7162|13878|52468|271150
48070|57463|12735|8517|8466
31510|174|13786|263047|269680
29222|6939|553|34878
50304|1299|174|60068|205884
6424|6939|28917|39238|51408
210312|4601|6939|28917|6789
9002|3356|174|140227|44324|205369
5511|2914|12859|47065|61574
198385|15576|57463|12735|15830|211686
44324|32595|174|1916|11242
16552|1299|3356|16735|273514
58308|6939|207767
3130|174|5459|200070
553|62255|52091|206810|202279|213203
139317|44324|32595|174|208765
60011|3356|1299|6855|39904|202605
34927|62000|212815|52053
139317|44324|32595|174|395723
271253|1299|6855|39904
50629|20764|52091|206810|59815|25299
58308|6939|1299|6758|33874|14789
29222|6939|50629|59645
8220|1299|6453|8283|207487|18607
5413|1299|6453|29208
139317|44324|32595|174|204413
553|1299|6762|16735|273514
263237|174|1299|198949|35676
48362|1299|10490|2722|12148|47065|61574
7018|1299|56630|209944
41666|20764|52091|206810|208435
210937|1299|174|140227|44324|205369
6730|6830|3356|28370|263060
36924|1299|35598|52091|206810|56766
12779|3257|1299|20473|47065|61574
5405|33891|216067|44244
210312|4601|9002|12555
23673|9900|23764|3356|174|20473|47065|61574
28917|6939|1299|5617|200750
50673|174|210329|215728
196621|15576|8220|1299|174|37468|61568|266460|61625
58308|6057|28283|268744|2716
205206|1299|3356|8119
30844|6939|138997|216211|44324|215172|214955|59449
44324|32595|174|13977|401455
45049|6696|1299|174|3130|47065|61574
12586|3257|174|140227|44324|205369
5405|49434|212815|52053
21232|13030|1299|6453|29208
55720|6939|1299|6204|44592|49581|209693
58308|6939|15576
35600|57463|12735|205893
50629|57463|12735|48737
17639|174|14840|269288
4601|50869|41051|201377
328512|5713|174|210329|215728
35598|174|13786|263047|269488
31510|33891|44592|49581|209693
28917|6939|1299|25400|49082
6453|174|21320|5408|50148
12859|57463|12735|50875
35600|50263|21263|212038
37468|174|204548|215728
35600|57463|12735|208130
1299|3356|216211|211575
205206|33891|13786|263047
16347|1299|56630|209944
4764|1299|35598|52091|206810|59867
16552|37100|6762|174|37468|61568|266460|61625
28917|22356|52468|271150
8283|20764|52091|206810|59867
5511|1299|198949|35676
6908|1299|34927|202532
8455|1299|6453|29208
28917|6939|40994|205563
210312|4601|50869|6939|25192
30781|3356|174|20473|47065|61574
7594|3356|1299|3920|206777
31510|174|3491|7162|13878|52468|60503|268746|61625
49432|48362|1299|3356|28370|263535
328840|327727|174|210329|215728
50673|174|13786|263047|269680
28917|6939|1299|3301|198476
58308|6939|1299|21080
39351|1299|2914|226|47065|61574
20612|9044|1299|3356|60011|34927|208690
398465|3320|1299|25091|8298|4601|4492
327782|5511|174|8551|20473|47065|61574
58308|6939|1299|60068|133944
35280|1299|35598|52091|206810|214721
28917|6939|6830|23520|262191|274248
7500|2497|174|35598|52091|206810|59867
64475|62255|52091|206810|57164
8218|6461|1299|20473|47065|61574
198249|9002|917|214598
28917|6939|1299|20473|211743
1273|174|14840|269288
199938|1299|6453|29208
12350|34177|174|210329|215728
34854|1299|6855|39904|199604
59891|13030|1299|3920|206777
58308|35598|52091|206810|59815|25299
199524|174|62000|212815|52053
28917|6939|1299|20473|210387
14630|2914|1299|198949|35676
24516|3491|1299|198949|35676
58308|6939|33891|202245|212509
199524|1299|3356|28370|263535|268030
4181|1299|35598|52091|206810|48595
3701|11164|6461|6424|44592|49581|211507
44324|32595|174|61568|52901
28917|6939|1299|23520|272935|274105
4601|50869|41051|209235
12859|8298|4601|4492
35600|50263|15935|203550
3130|174|3356|3223|34224|12735
42473|1299|174|204548|215728
8220|6453|1299|1680|20473|47065|61574
8660|1267|1299|56630|209944
48070|6939|28917|39134|39561|197695|210550
4608|4826|1299|8551|44709
50628|6453|174|13786|263047
136557|137409|62000|212815|52025|212895|210320
139317|44324|32595|174|137409|7578
3130|174|6453|60068|216213|205884
12779|6939|2852|210498
60326|34872|24961|1299|174|37468|61568|266460|61625
42541|31133|12389|28917|8905|42132|56779
6777|57463|12735|8517
28917|6939|1299|7843|11426|26450
34019|37468|60068|216213|205884
28917|6939|1299|62044
51519|39351|174|3257|19318|201813
4601|50869|41051|213422
28917|6939|1299|1280
57111|41327|13786|263047|267425
199524|1299|6453|8283|214958
37053|37100|33891|60068|211571
577|1299|198949|35676
28917|6939|1299|14080|269902
202032|57463|14840|269288
14630|2914|12859|47065|61574
12637|35598|52091|206810|202279
41811|1273|3257|28917|215730|209693
34800|58057|50673|174|1299|20473|399970
14630|1299|6855|39904|202605
2734|1828|13789|30372|3356|174|393216
196621|6939|28917|52191
328840|327727|174|35598|52091|206810|8274
6730|6830|12956|212721
6894|174|60068|197103|212080
23352|2914|12859|47065|61574
210312|4601|50869|214757|205941
34927|1299|6424|44592|49581|209693
7500|2497|174|399697|39967|399697
44324|32595|174|205035
58308|6939|268624|61823
12859|35598|52091|206810|214268|197578
21412|1299|20473|47065|61574
6696|1299|174|210|47065|61574
264409|174|7311|835|394273
44324|7720|10111|1299|198949|35676
28917|6939|1299|14754|263824
58308|6939|6830|23520|10269
4601|50869|52025|215212
42541|62255|52091|206810|50204
58299|62255|52091|206810|12773|211692|196629
8283|6453|19318|209896
210312|4601|50869|44324|199018
20205|174|28283|268744|2716
59689|30781|1299|6855|39904|47767
271253|174|35598|52091|206810|211101
47147|1299|6855|50698
37105|37662|1299|3223|34224|12735
9268|4764|1299|35598|52091|206810|59815
6830|6939|30893|13214
4601|57463|12735|29399
58308|6939|1299|271
24482|62000|212815|52053
174|6453|19318|201813
28917|6939|1299|48620
15605|56911|1299|22773|8119
148968|1299|8551|44709
58308|6939|33891|211417
680|2914|3257|28917|215730|209693
4775|1273|1299|2914|226|47065|61574
52873|12956|174|140227|44324|205369
28917|6939|1299|63473
917|60068|33891|44592|49581|209693
7500|2497|174|35598|52091|206810|39558
58308|6939|263047|268105
4764|1299|6762|49666|58224|214805
4601|50869|214675
30844|174|201814|209896
6453|1299|29695|206557|205190
917|25369|174|11432|271150
2516|137409|62000|212815|52053
1299|35598|52091|206810|214268|197578
15547|174|52468|262393
34854|1299|7195|28189|266931|271615|273522|271150
28917|6939|7018|30232
2734|57463|12735|47123|50055
42473|1299|35598|52091|206810|57164
44324|32595|174|394855
57381|50304|1299|3491|20473|47065|61574
13830|971|174|13786|263047|271068
34927|1299|174|21320|5408|50148
49788|174|204548|215728
20080|2914|1299|35598|52091|206810|48595
50877|5405|6939|28370|267608
35426|215596|1299|3920|206777
50629|6939|28370|267608
210312|4601|50869|6939|54429
58308|6939|2852|210367
196621|15576|174|52468|271150
29222|6939|35826
34019|47160|174|52468|262393
57866|1299|35598|52091|206810|24881
2497|174|60068|216213|205884
2497|1299|35598|52091|206810|202279
3170|6939|196610|48927
28917|201814|209896
29222|6939|2852|204772
139317|44324|32595|174|54002
14907|33891|216067|44244
328840|327727|174|13786|263047|267961
19151|2914|1299|34927|202532
6424|8772|215536
40994|6939|28917|48084|199961
20612|9044|1299|60068|216213|205884
29222|6939|25400|25225
3257|174|210|47065|61574
31742|1299|35598|52091|206810|5598
8283|20764|52091|206810|208435
8455|1299|35598|52091|206810|8274
28917|6939|1299|23520|267797|263765
6830|3356|13786|263047|267961
13830|971|174|13786|263047|264982
58057|174|35598|52091|206810|24881|24697
28917|6939|1299|1759|51188|3274
29222|6939|196610|48927
42541|62255|52091|206810|196767
15935|6830|34927|202827
17350|3356|9002|62000|212815|52053
35426|215596|62000|28917|215730|209693
58308|6939|1299|22442
577|174|20473|47065|61574
8283|6939|33924|198890|57463|34772|35047|5414
3320|1299|917|214598
513|29222|6939|35168|21299
8283|20764|52091|206810|214721
4764|1299|3223|41327
58511|3257|174|140227|44324|205369
58308|6939|6830|23520|263703|269901
44324|32595|174|41427|209847|26383
204092|6939|207995
6777|57463|12735|15830|47952
31122|174|13786|263047
50877|5405|12859|47065|61574
140627|2914|1299|34927|202532
29222|6939|3170|205479
37053|37100|9002|62000|212815|52053
50300|174|20473|47065|61574
29222|6939|12735|42216|51722|26383
8283|6762|1680|44709
199524|1299|6453|19318|209896
31742|1299|37468|270551|263047
15605|6939|25192|26710
28917|6939|1299|3301|25252
51184|1764|1299|3920|206777
31122|174|13786|263047|271068
28917|6939|1299|23520|64126|266734|273048
6730|6830|13335|5408
210312|4601|50869|34019|35600|39432
271253|1299|42303|51701|30893
132847|7474|7473|1299|35598|52091|206810|35273
39351|174|13786|263047|267425
28917|6939|1299|20473|61387
28917|6939|1299|8523
48070|57463|12735|201978|208425
17350|2914|1299|35598|52091|206810|211101
207841|6939|15372|203592
8220|6453|1299|34927|202532
7922|1299|198949|35676
1140|24785|6830|2914|226|47065|61574
5405|6939|2852|213152
49028|1299|8551|44709
20514|1299|22773|8119
58308|6939|7018|394896
57821|12586|3257|174|201814|209896
58308|6939|7018|1999
6894|2603|21320|5408|47065|61574
263152|137409|62000|212815|52053
50131|174|20473|47065|61574
2734|22356|28370|53079
29222|6939|6424
39122|1299|6762|267470|263047
50263|62000|212815|52053
8220|1299|6453|19318|201813
24785|6830|174|1916|47065|61574
29222|6939|50989|205966
32590|1299|35598|52091|206810|48595
34927|56655|1299|8551|20473|47065|61574
50629|57463|12735|206119
44324|7720|10111|1299|8551|20473|47065|61574
2734|64200|7018|1299|25540
58308|6939|8194
19653|3356|21320|5408|47065|61574
559|57463|12735|9000
48070|57463|12735|43391|50941
328840|327727|174|60068|211571
17639|1299|20473|47065|61574
139317|44324|32595|174|216471
6424|14840|269288
49544|2914|1299|35598|52091|206810|24881
52075|137409|62000|212815|52053
28917|6939|30893|9423
30600|1299|201814|209896
1299|174|14840|269288
1299|174|22381|267470|263047|264389
42473|1299|3356|28370|263060
20932|1299|8551|44709
35600|58453|30990|174|37100|327713|37298
57695|917|60068|1299|198949|35676
58299|62255|52091|206810|214268|196977
20764|174|56630|209944
35598|174|3356|28370|28657
28917|6939|1299|20473|139216
39122|1299|6855|39904|47767
29222|6939|15935|198284
328840|327727|174|35598|52091|206810|214721
51786|15623|1299|20473|201423
30600|1299|20473|47065|61574
29504|39392|33891|28917|215730|209693
32590|37100|1299|3920|206777
41666|57463|12735|3188
52025|1299|6855|39904|199604
29222|1299|60068|211571
140627|1299|29695|206557|204503
49028|1299|3223|34224|12735
58308|6939|1299|58317|48448
24516|174|35598|25308|28917|204076
58299|13030|1299|20473|47065|61574
174|13786|263047|267425
34019|3303|174|140227|44324|205369
199938|1299|174|210329|215728
12859|6939|24796
62000|212815|52053
28917|6939|200462|215163
58308|6939|12735|13335
210312|4601|264409|61832|266460|61625
28917|6939|198101
47160|62000|6777|20326
57866|6830|174|3130|47065|61574
1140|24785|6830|3491|20473|47065|61574
35600|35598|52091|206810|34786|41875
41327|1299|20473|399970
327727|174|35598|25308|28917|9049|51017
7474|7473|1299|35598|52091|206810|48687
58308|6939|205081
4601|50869|34019|204092
13830|971|174|3356|8119
35600|57463|12735|42216|51722
271253|1299|12956|212721
56655|1299|6453|29208
3701|3356|3257|28917|215730|209693
7720|44324|215172|214955|59449
35266|3257|28917|215730|209693
559|57463|12735|15830|215555
52320|1299|60068|216213|205884
328206|37739|3491|174|8551|20473|47065|61574
29222|6939|50533|205321
12350|34177|174|204548|215728
17660|2914|174|11432|271150
204092|34019|3223|34224|12735
852|33891|44592|49581|209693
28917|6939|1299|20473|398338
4601|50869|58299|212691
29222|6939|28917|47759
49432|48362|1299|3356|28370
202032|58115|21263|216282
202032|8298|4601|4492
15935|174|6453|29208
6830|44530|41327|198434
41666|8298|4601|4492
41327|22356|28370|267556
58299|44592|49581|209693
132825|174|14840|2716
47957|44530|6830|60068|216213|205884
198385|15576|57463|12735|47123
2497|174|35598|52091|206810
198249|7195|20473|47065|61574
8426|6777|57463|12735|34476
58057|34549|1299|198949|35676
48070|57463|12735|15830|48678
139317|44324|32595|174|53667|213891
58308|6939|52927|267933
20912|12637|1299|8551|20473|47065|61574
57381|50304|1299|3356|28370
8283|2914|13786|263047|52793
58308|35598|52091
202032|58115|21263|212038
16552|1299|35598|52091|206810|208435
3130|174|35598|52091|206810|196638
25160|174|22381|267470|263047
6830|1299|35598|52091|206810|214268
174|13335|5408
44393|394256|174|8551|20473|47065|61574
553|57463|12735|47190
28917|22356|28370|267556
58308|6939|6830|23520|52286
49544|3356|1299|8551|44709
5405|6461|210|47065|61574
16552|2914|1299|35598|52091|206810|196638
31122|2603|21320|5408|47065|61574
49788|1299|37468|270551|263047
60068|174|3356|60011|34927|208690
2027|47160|174|13786|263047|262578
15605|35598|52091|206810|211101
328964|3491|2914|6424|44592|49581|211507
58308|6939|1299|44949
210312|4601|50869|44324|198304
58308|6939|1299|20473|25820
39122|1299|6939|50989
34019|6939|24796|63293
28917|6939|208453|214757
215596|174|13786|263047|271068
49788|1299|12956|212721
1280|2914|174|399697|39967|399697
47147|9002|3356|174|3130|47065|61574
15576|35598|52091|206810|39558
42541|62255|52091|206810|12773|211692|196629
34288|1299|6453|19318|209896
34927|1299|35598|52091|206810|211101
12307|29691|1299|6453|19318|209896
4601|57463|12735|42216|51722|26383
8455|1299|6855|39904
49544|3356|1299|3920|206777
199524|3356|174|399697|39967|399697
58308|6939|6830|23520|54082
917|60068|33891|216067|44244
12779|52320|7738|262999|272466
48070|57463|12735|57043
28917|49434|212815|52053
5413|1299|3920|206777
58308|6939|29208|60266
38136|50131|174|60068|216213|205884
29222|6939|25400
7713|174|52468|271150
34288|174|140227|44324|205369
7018|1299|12555|210827
23673|3491|174|37468|61568|266460|61625
4601|50869|44324|139299
14907|1299|35598|52091|206810|59867
20205|1299|3920|206777
12779|6939|2852|200874
34927|52025|174|3491|7162|13878|52468|60503|268746|61625
28917|6939|1299|23520|263824
30781|1299|60068|197103|212080
12859|6939|29222|207688
6894|174|35598|25308|28917|9049|51017
2734|137409|63473|200790
29222|9002|197068
21700|174|1916|47065|61574
28917|6939|1299|20473|395648
209|3356|174|201814|209896
35008|1299|8551|44709
37697|37497|1299|6855|39904|47767
7594|174|210329|215728
3356|174|52468|271150
30600|1299|22773|8119
28917|6939|3170|203363
44324|32595|174|21859|62610
1103|6830|3356|60011|34927|208690
15605|41327|201376|199881
6830|9002|8772|396416
28917|6939|1299|23520|263703|272018
1299|35598|52091|206810|8274
6696|2914|3257|28917|215730|209693
21700|174|60068|205884
132825|174|35598|52091|206810|59815|25299
20764|174|3130|47065|61574
39392|174|1299|198949|35676
58308|6939|6830|23520|272935|267862
32590|4637|3257|28917|215730|209693
29222|6939|9120
7594|174|5459|200070
28917|6939|1299|62874|203020
139317|44324|32595|174|400701
2027|62000|56584|207529
28917|6939|41720|212467
204092|198507|47160|205669
23352|2914|174|210|47065|61574
553|57463|12735|51559
58057|28917|215730|209693
139317|44324|32595|174|401636
35426|215596|174|204548|215728
3399|174|56630|209944
15562|2914|12859|47065|61574
263152|264409|174|1299|6855|39904|47767
20612|9044|174|11432|271150|272738
271253|1299|201814|209896
58308|59689|30781|1299|198949|35676
5511|174|1916|47065|61574
8529|1299|174|37468|61568|266460|61625
45049|6696|1299|6855|39904|199604
205206|1299|29695|206557|205190
5413|1299|3491|20473|47065|61574
49432|48362|1299|60068|197103|212080
39351|1299|3257|20473|47065|61574
7500|2497|174|35598|52091|206810|210063
328964|23764|1299|35598|52091|206810|214721|204108
40994|57463|12735|212805
28917|6939|1299|3223|202673
28917|3257|174|1916|47065|61574
328206|37739|3491|174|60068|216213|205884
58299|37468|53062|266493|61625
205206|2603|21320|5408|47065|61574
15605|6939|2852|213152
2497|174|52468|271150
14907|6453|174|37468|61568|266460|61625
62000|6777|42541|207727
28716|1299|56504|47674
398465|1299|3356|28370|53079
198385|15576|57463|12735|42216|62425|213751
34927|52025|1299|29695|206557|204503
34927|1299|3257|28917|215730|209693
6939|1299|6461|62000|212815|52053
29680|174|35598|52091|206810|214268|197578
22652|1299|6453|29208
139317|44324|32595|174|1089
28634|4230|1299|29695|206557
44324|32595|174|55022
5405|62255|52091|206810|196638|42702
34019|6939|393682
210312|4601|50869|41051|216339
28917|6939|1299|9009|208414
41666|57463|12735|216385
28917|6939|1299|208328
398465|1299|3356|28370|263963
139317|44324|32595|174|202075
58308|6939|1299|41897
4601|50869|34019|212783
15935|174|3257|19318|201813
29222|6939|15605
50628|33891|60068|211571
57695|917|60068|1299|34927|202827
204092|30781|1299|3920|206777
50877|6762|174|399697|39967|399697
139317|44324|32595|174|9166
56655|1299|3491|7162|13878|52468|60503|268746|61625
53828|2914|174|35598|52091|206810|48595
52025|174|35598|52091|206810|56915
8283|6939|16652
553|29632|215536
12969|1299|6855|39904|199604
12779|57463|12735|8517|1967
199524|37100|1299|8551|44709
58308|6939|5405|199710
8426|6777|57463|12735|15830|215555
41327|24796|12779|197000
41327|6939|2852|201648
210937|1299|174|210|47065|61574
12969|33891|60068|211571
29691|1299|3356|8119
23367|1299|35598|52091|206810|211101
44324|32595|174|17056
44393|394256|174|7545|20473|47065|61574
35369|5405|9498|20473|47065|61574
28917|6939|1299|20326
3491|1299|20473|201423
51519|39351|174|3257|19318|209896
45352|1299|35598|25308|28917|204076
34549|3257|1299|20473|399970
20205|1299|7545|20473|47065|61574
328840|327727|174|35598|52091|206810
50304|47311|150249|153176
553|1299|3356|28370|267608
44324|32595|174|60497
210312|4601|50869|213768|205634
6424|6939|28917|21453|48149
327960|327782|37100|1299|198949|35676
44324|32595|174|21826|269946|272993
58308|6939|1299|39029
209823|3356|174|216211|211575
28917|6939|1299|20473|203145
6424|13786|263047|264972
58057|174|10490|2722|12148|47065|61574
58308|6939|1299|14080
57777|8298|8283|3491|209810|207187|202551
14315|6453|1299|6855|39904|199604
6424|174|3356|28370|28657
28917|6204|44592|49581|209693
2734|57463|12735|42216|214447
58308|6939|64475
48070|6939|28917|25386
6424|62255|52091|206810|197643
52320|1299|2914|20473|47065|61574
328840|327727|174|13786|263047|264923
34019|47160|174|216211|211575
28917|6939|1299|20473|401155
12859|215551|30893|205563
59890|174|21700|399914
64475|62255|52091|206810|211101
553|6939|2852|197277
28917|6939|1299|205958
199524|1299|3356|16735|2716
35600|44592|49581|211507
6894|174|17378|8119
2734|57463|12735|8517|24614
34927|52025|174|35598|52091|206810|59815|25299
49673|6939|138997|216211|44324|215172|214955|59449
7594|174|56630|209944
64475|6939|28370|267608
35600|6939|196610
2497|1299|21351|60132
13786|3356|1299|3920|206777
12859|57463|12735|15830|201079
327960|174|12956|212721
55720|3491|174|20723|2852|202874
19151|174|204548|215728
13830|971|174|35598|52091|206810|39558
50300|174|60068|205884
51088|8455|1299|198949|35676
34288|1299|3356|8119
40994|6939|393682
328512|37100|1299|8551|44709
33891|13786|263047|269488
6424|6939|28917|25386
12637|35598|52091|206810|214721|204108
28917|6939|1299|20473|201243
41327|6939|16652
7018|6939|24796|63293
37105|37662|33891|216067|44244
61568|6762|1299|6855|39904
12859|35598|52091|206810|12773|57005
8283|2914|13786|263047|268105
999|6453|1299|20473|399970
50877|5405|6939|2852
553|62255|52091|206810|214268
2518|1299|6855|39904
6424|174|35598|52091|206810|210063
12637|1299|34927|202532
2516|1299|8551|20473|47065|61574
577|1299|34927|202827
58308|6939|1299|52468|271822
139317|44324|32595|174|140627|17456
199524|174|22381|267470|263047|264389
2152|3356|1299|201814|209896
12637|35598|52091
28917|6939|49418|216127
28917|6939|1299|137366|137363
37697|3491|174|34927|202827
1299|6453|8283|200998
7018|1299|20473|47065|61574
1103|33891|216067|44244
5405|62255|52091|206810|202279
5405|62255|52091|206810|213694
40994|174|35598|52091|206810
19653|30600|1299|6855|39904|202605
139317|44324|32595|174|13335
58308|6939|263047|271068
44393|58057|28917|215730|209693
559|7195|28189|266931|269250|271150
1140|24785|6830|174|11432|271150|272738
207841|6939|28917|28775
51519|39351|174|3356|16735|2716
28917|6939|1299|7545|133612
6730|6830|174|11432|271150|272738
58308|6939|33891|39257|209846
28917|6939|1299|19679
28917|6939|1299|20473|151230
15576|57463|12735|8517|48811
28917|6939|1299|29066|199491
52025|137409|48011|25184|49801|204533
32590|4637|3257|1299|198949|35676
39351|28917|215730|209693
41327|174|11432|271150|272738
3214|6461|8899|60294|33891|50673|43414|43995
20205|1299|3257|20473|47065|61574
57111|41327|22356|28370|263963
198249|58115|209042
327727|174|5511|60068|206406|210557
58308|6939|1299|12709
48362|1299|3356|28370|263535|268030
12779|62255|52091|206810|214268|196977
12969|1299|3216|51032|41344|39707
50673|28917|215730|209693
25160|137409|62000|212815|52053
49028|1299|174|13786|263047|267425
28917|6939|1299|54509
139317|44324|32595|174|39063|29108
202365|50673|33891|34927|202532
12779|62255|52091|206810|208435
64475|6939|28917|198297|51081
28917|6939|1299|3249|207568
139317|44324|8298|4601|4492
58308|6939|6424|49941
40994|6939|28370|28657
64475|3320|1299|60068|216213|205884
1140|24785|6830|174|20473|47065|61574
2734|16735|60503|268746|61625
58308|6939|3170|206924
6423|20055|1299|8551|44709
60171|174|52468|271150
3399|174|5538|8194|29345
5405|6939|2852|48091
28917|6939|7018|394896
36994|1273|1299|20473|47065|61574
139317|44324|57463|12735|51559
44393|394256|174|204548|215728
6082|174|37468|61568|266460|61625
32590|1299|3491|7162|13878|52468|60503|268746|61625
15576|57463|12735|8517|8456
28917|6939|1299|23520|11139|399915
174|35598|52091|206810|48687
6830|174|35598|52091|206810
28917|6939|56595|211879
28917|6939|7018|22056
271253|6453|174|13786|263047
41051|57463|12735|8517|8466
12859|137409|206216|215172|214955
34019|50263|15935|203550
205206|33891|262999|272466
199524|137409|6424|44592|49581|209693
34019|29169|174|52468|271150
28917|6939|1299|32270|27887
3170|174|1299|20473|47065|61574
28917|8359|57304|199081
210312|4601|50869|6939|2852|204772
50629|6939|30893
12779|31133|12389|28917|8905|42132
8455|137409|62000|212815|52053
64475|6939|42695|43101
58308|6939|1299|19551
28917|6939|1299|209635
28917|6939|1299|8551|13335
16552|37100|9002|62000|212815|52053
13237|5405|28917|215730|209693
12637|1299|201814|209896
58308|6939|29670|212520
2518|2516|174|140227|44324|205369
28917|6939|1299|199508|215629
17350|2914|3257|28917|215730|209693
16552|6453|9002|62000|212815|52053
51519|39351|174|13786|263047|264972
58308|6939|50629|207252|214033
29222|6939|268624
19653|30600|1299|42303|51701|30893
8283|20764|52091|206810|210063
28917|6939|1299|394353
3491|174|34927|202827
6667|1299|6453|8283|207487|18607
210937|1299|56504|47674
28917|6939|1299|23487
328840|327727|174|5459|200070
553|62255|52091|206810|34786|34789|34786
58308|6939|6830|23520|263703|270026
559|57463|12735|15830|198417
35426|215596|174|5538|8194|29345
132337|174|37468|53062|266493|61625
328840|327727|174|13335|399532
8283|20764|52091|206810|214268
29222|6939|54429
39122|1299|20473|399970
28917|6939|15935|198143
32590|1299|7195|20473|47065|61574
50304|1299|7545|20473|47065|61574
3170|6939|24796|63293
29680|174|13786|263047|269680
4601|50869|6939|58308
6830|174|32595|44324
20205|174|20473|47065|61574
6730|6830|9002|12555|44676
199524|174|3491|7162|13878|52468|60503|268746|61625
12350|1299|6453|29208
60068|5511|1299|198949|35676
513|174|60068|205884
29222|6939|12779|204664
140627|1299|6204|44592|49581|209693
16552|1299|35598|52091|206810|8274
52025|174|56630|209944
35280|6453|174|140227|44324|205369
40994|57463|41327|201847
16552|1299|174|22381|267470|263047|264389
29680|174|35598|52091|206810|214721
28917|6939|1299|52468|271933
32590|1299|37468|53062|266493|61625
14907|1299|35598|52091|206810|48687
328840|327727|174|13786|263047|262578
45049|6696|1299|3920|206777
51786|15623|1299|6453|22356|28370|28657
28917|6939|52838|268086
28917|6939|1299|20473|18750
12779|32787|202161
51088|6461|62000|212815|52053
39122|1299|6939|30893
25152|6939|1299|20473|47065|61574
58308|6939|5405|213425|20802
37468|28917|215730|209693
199938|1299|3356|28370|263963
13786|3356|21320|5408|47065|61574
6424|62255|52091|206810|214210
8529|6453|174|11432|271150
58308|6939|33891|33988
12779|35598|52091|206810|214268
35600|6939|2852|197277
174|1299|6855|39904
553|6939|2852|213152
58308|6939|1299|37680|328596
58299|174|138997|216211|44324|205369
29504|15935|174|201814|209896
59891|13030|33891|44592|49581|209693
205206|1299|6461|394737
48070|6939|2852|199711
58308|6939|6830|23520|262202|3573
28917|6939|1299|32913
35600|57463|12735|42216|62425
6423|20055|3257|33891|216067|44244
58308|6939|5405|213425|33832
50877|5405|6939|33924
35600|57463|22356|52468|271150
15576|57463|12735|51559|213252
59105|2518|1299|35598|52091|206810|59867
34019|29169|174|399697|39967|399697
58308|6939|1299|20473|44354
20253|1299|174|3130|47065|61574
6730|6830|3356|28370|267556
199524|174|35598|52091|206810|48595
2734|57463|12735|208594|202365
4601|50869|52025|35100
40994|6939|28917|197078
28917|6939|1299|20473|396088
58308|6939|1299|262206|27742
44324|32595|174|53667|54218
28917|6939|6830|33915|209390
1280|1299|174|204548|215728
58308|6939|1299|3301|34576
29222|6939|28917|201119
48185|1299|10490|2722|12148|47065|61574
31742|1299|35598|52091|206810|56766
44324|32595|174|273298
28917|6939|60432
28917|6939|1299|52468|264841
21700|174|14840|269288
48919|174|1299|20473|47065|61574
22652|1299|6855|39904|47767
3170|6939|59970
59414|6830|3356|1680|44709
29504|15935|174|210329|215728
4601|50869|215172|214955|215956
8218|6461|174|13786|263047|269488
58308|6939|6830|23520|54082|263725|274085
204092|6939|2852|48091
327804|37271|33891|60068|211571
210312|4601|50869|214329
58308|6939|7018|7743
3170|57463|7713|174|56308
40994|6939|15372|203592
34854|1299|6461|62000|212815|52053
58308|6939|6830|6730|213081|211535
41327|56630|209944
327960|174|21320|5408|50148
513|25091|8283|47065|61574
32590|12956|174|204548|215728
4777|2497|174|35598|52091|206810|48687
58308|6939|15935|197451|201263
20253|1299|35598|52091|206810|39089
49544|1299|10490|2722|12148|47065|61574
7018|1299|6855|50698
553|57463|12735|212805
6830|6939|2852|210498
139317|44324|32595|174|394611
29222|6939|263047|271068
12637|6939|28370|28657
327983|37497|3491|174|34927|202827
15692|2914|174|20723|2852|202874
47692|3356|174|20473|47065|61574
21412|1299|3491|7162|13878|52468|60503|268746|61625
5405|52320|7162|13878|52468|271150
20932|174|3130|47065|61574
50628|1299|8551|20473|47065|61574
8455|1299|56504|47674
210312|4601|50869|41051|212834
210312|4601|50869|6939|29222
5413|1299|6453|60068|216213|205884
24516|174|3257|25091|8298|4601|4492
37271|3257|28917|215730|209693
6424|6939|28917|24651|39900
41327|22356|28370|263963
40994|57463|41327|215687
29222|6939|50533
20912|12637|8298|4601|4492
8426|6777|57463|12735|208594|202365
16347|1299|198949|35676
2734|57463|12735|206556
15605|57463|12735|15830|203979
3320|174|37468|61568|266460|61625
28624|61568|37468|28917|215730|209693
48070|57463|12735|211201
53828|2914|174|35598|52091|206810|202279
29680|174|62000|212815|52053
263152|264409|174|6453|19318|209896
559|57463|12735|43391|51540
16347|1299|3257|28917|215730|209693
3170|6939|42695|43101
58308|6939|1299|6424|47787|203020
3257|174|21320|5408|47065|61574
151326|174|35598|52091|206810|39089
58308|6939|6830|23520|46650|13335
559|6939|28917|6789|48004
29222|6939|28917
6696|1299|6762|16735|273514
151326|174|35598|52091|206810|56915
139317|44324|32595|174|2901
28917|6939|1299|16509|200227
215596|62000|1680|44709
58308|59689|29075|174|60068|205884
58057|174|11432|271150
6830|3356|28370|263535|268030
12779|57463|12735|8517|42626
213151|41051|58299|33891|216067|44244
28917|6939|1299|141039|209854
25160|6424|44592|49581|211507
207841|6939|42695|52011
42473|1299|17676|216211|44324|205369
44324|32595|18423|137409|6461|1299|4637|1221|16509
5413|3356|174|20723|2852|202874
6424|7195|11432|271150
6423|20055|174|13786|263047|267425
19653|30600|1299|35598|52091|206810|214721|204108
6453|1299|34927|202532
202297|23764|20485|35598|52091|206810|24881|24697
12637|57463|22356|52468|271150
23764|3356|21320|5408|47065|61574
48070|6939|28917|43714
56911|1299|6855|39904|199604
327960|174|35598|52091|206810|208435
40994|174|35598|52091|206810|59867
31510|174|5538|8194|29345
4637|3257|174|3130|47065|61574
6423|20055|174|35598|52091|206810|208435
50304|33891|216067|44244
8426|28917|215730|209693
3491|174|35598|52091|206810|59867
42541|1299|174|13786|263047
29222|6939|48678|207582
20514|1299|33891|216067|44244
12956|174|13786|263047
8426|6777|57463|12735|47123
2027|62000|47498|59645|211286
29222|6939|47160|210979
58308|6939|6830|23520|52468|273859
57111|174|21320|5408|47065|61574
34927|1299|35598|52091|206810|48687
8283|2914|1916|47065|61574
58057|174|13786|263047|267425
12637|35598|52091|206810|213694
8758|9002|1299|198949|35676
398465|1299|35598|52091|59815|25299
398465|1299|174|14840|269288
2518|2516|174|210|47065|61574
28917|6939|1299|30823|215540
28792|3257|28917|215730|209693
2497|1299|35598|52091|206810|35273
4181|1299|35598|52091|206810|214268
8426|6777|35598|52091|206810|57164
2734|63270|1299|15164|62725
58308|6939|1299|208905|198256
553|9002|12555|48876
20811|6939|138997|216211|44324|215172|214955|59449
57111|174|3491|20473|47065|61574
4601|50869|6939|30893|13214
58308|6939|1299|20473|401896|201640
6830|174|14840|2716
8426|6777|57463|12735|15830|43352
971|174|13786|263047|262376
559|31500|39279|25319|39279|1299|5606|50084
28917|6939|1299|28852
207841|57463|12735|8517|206887
553|57463|12735|43391
209650|34927|1299|37468|270551|263047
47160|6939|24796
44324|32595|174|209847
58308|6939|1299|207265
58057|34549|1299|37468|270551|263047
33891|62000|212815|52053
4777|2497|1299|3920|206777
327960|174|35598|52091|206810|56766
58308|6939|1299|213929
49028|1299|35598|52091|206810|202279
29222|6939|7018|26305
44324|32595|174|35598|48108|208626
139317|44324|32595|174|14178|272300
34019|29632|59682
14537|137409|62000|212815|52053
2734|57463|12735|47123
397131|60011|3356|1299|3920|206777
25091|3356|174|5538|8194|29345
48070|6939|2852|201648
33891|7195|28343|2716
20055|174|13786|263047|266089|52793
3320|1299|198949|35676
3491|1299|35598|52091|206810|202497
38880|6762|174|20473|47065|61574
28917|8359|57304|41720|21429
4775|137409|62000|212815|52053
12637|1299|6855|50698
4181|1299|2914|13786|263047
6730|6830|174|35598|52091|206810|197643
12859|35598|52091|206810|59815
61568|174|60068|216213|205884
327960|174|35598|52091|206810|196638
14907|5405|12859|47065|61574
58308|6939|1299|209551
6730|6830|174|13786|263047|268105
47147|1299|6939|2852|197451
58308|6939|1299|208905|210625
42473|1299|3356|8119
34927|52025|174|22381|267470|263047|264389
198385|174|138997|216211|44324|205369
22652|1299|6424|44592|49581|211507
139317|44324|32595|174|53587|22552
44324|32595|174|397161
8220|3491|174|35598|52091|206810|48595
1299|6939|2852|197451
15605|57463|12735|9121|34478
210312|4601|50869|58299|207271
62167|174|37468|270551|263047
6461|1299|60068|211571
263152|264409|174|399697|39967|399697
6762|1299|8551|44709
50300|6424|44592|49581|211507
8283|6939|59970
17660|2914|1299|6855|50698
29140|286|1299|198949|35676
6830|2914|60068|216213|205884
3170|6939|42695
327960|174|35598|52091|206810|34786
35426|215596|62000|6777|42541|205235|207727
44324|32595|174|140577
49544|1299|60068|216213|205884
8455|1299|60068|216213|205884
57381|50304|1299|174|20473|47065|61574
199524|1299|35598|52091|206810|59815
39122|174|3130|47065|61574
44324|32595|174|30150
58057|50673|174|60068|216213|205884
132847|7474|7473|1299|35598|52091|206810|59815|25299
12859|3216|51032|41344|39707
58299|1680|44709
327727|174|3257|21034
20612|8758|3303|21320|5408|47065|61574
44324|32595|174|29727
15605|57463|12735|57043
2734|16735|2716
41666|57463|12735|206556
2734|58453|30990|174|37100|327708|327795|328676
6777|57463|12735|208130
29222|6939|29208|62083
15605|35598|52091|206810|214268|197578
8220|1299|35598|52091|206810|210063
553|1299|10490|2722|12148|47065|61574
3333|33891|216067|44244
199524|3356|9002|62000|212815|52053
21232|15576|57463|12735|47190
51873|6830|2914|20473|47065|61574
2497|174|60068|197103|212080
35426|215596|62000|6777|559|196722
48070|1299|3356|28370|267556
20514|1299|35598|52091|206810|5598
3356|1299|16276|203019
6082|137409|62000|212815|52025|212895|210320
24961|28917|6768|59514|48693|213137
28917|6939|49418|213877
137409|6461|28917|215730|209693
266213|3356|1299|6855|39904|202605
3130|174|35598|52091|206810|5598
58057|50263|62000|212815|52053
29222|6939|62000|198831|210013
13030|1299|174|3130|47065|61574
12956|1299|25091|8298|4601|4492
553|6939|28370|268198
28917|6939|29222|513|20940
20514|1299|35598|52091|206810|48595
202365|50673|33891|3223|41327
28917|6939|24796|63293
199938|1299|37468|270551|263047
199524|174|35598|52091|206810|196638
398465|6939|1299|20473|214587
19653|30600|1299|35598|52091|206810|197643
20514|1299|9002|62000|212815|52053
58308|6939|1299|34628|34652
3399|174|37468|270551|263047
41327|6939|2852|197451
58308|6939|61618|267320
13237|1299|8551|44709
41666|57463|12735|15830|215555
49028|1299|20473|201423
139317|44324|32595|174|398734
205206|1299|7195|11432|271150
5511|174|216211|211575
148968|1299|21351|60132
58308|6939|1299|52468|264668|267684
58308|6939|31319
35360|28917|215730|209693
12637|57463|12735|211682
204092|30781|1299|20473|399970
58308|6939|1299|39567
32590|7195|33891|216067|44244
44324|32595|174|205148
29691|1299|37468|60068|216213|205884
39392|174|1916|47065|61574
20253|1299|35598|52091|206810|213694
37199|6939|138997|216211|44324|215172|214955
28917|6939|6830|23520|64126|265721|273901
47147|1299|6939|50989
210312|4601|50869|52025|210957
31510|174|210329|215728
2734|57463|12735|43391|214449
12779|35598|52091|48158
41666|14840|269288
136557|174|52468|271150
50629|57463|12735|208130
215596|62000|215551|30893|13214|35634
6830|174|13786|263047|271068
6423|20055|174|13786|263047|266089|52793
199938|1299|2914|226|47065|61574
148968|7474|7473|6461|174|20473|47065|61574
209|3356|1299|20473|399970
20130|23352|2914|174|8551|20473|47065|61574
44393|64073|137409|62000|212815|52053
29222|6939|29208|60266
29222|6939|47160|214390
553|6939|28917|39238|49392
28917|6939|1299|20473|396476
50131|174|1299|34927|202532
47160|174|3130|47065|61574
1280|1299|3223|34224|12735
210312|4601|50869|34019|209090|211781
58308|215955|5405|6762|15557|206865
50628|1299|3257|60068|206406|210557
59105|2518|1299|35598|52091|206810|56766
58308|6939|1299|23520|14638
3170|6461|62000|212815|52053
37468|6461|62000|212815|52053
6762|1299|20473|47065|61574
58308|6939|6830|23520|272935|267845|274123
41666|20764|52091|59815|25299
39122|174|60068|216213|205884
139317|44324|32595|174|53471
50673|174|1299|20473|399970
40994|6939|28917|48084|59833
6423|20055|174|20723|2852|202874
20912|174|52468|262393
4826|1299|8551|20473|47065|61574
553|57463|12735|47123
23367|1299|6453|29208
398465|1299|35598|52091|206810|208435
999|6453|174|13786|263047|271068
28917|6939|8943
553|57463|12735|214593
196621|15576|174|60068|216213|205884
34872|24961|1299|20473|47065|61574
6424|6939|50989
210937|1299|174|210329|215728
58308|6939|1299|32934
23367|1299|6424|44592|49581|209693
29222|6939|25192
14907|1299|35598|52091|206810|35273
28917|6939|1299|60068|197103|270475
8283|2914|37271|20473|47065|61574
58308|6939|33891|204560
2734|13335|399532
24516|174|35598|52091|206810|202279
34927|56655|1299|174|204548|215728
1280|1299|20473|47065|61574
6830|174|35598|52091|206810|196638
24516|174|21320|5408|50148
136557|174|14840|269288
4601|50869|6939|30893|205563
20253|1299|3356|28370|267608
28917|6939|1299|400760
199524|174|21320|5408|47065|61574
15547|6424|44592|49581|211507
28917|6939|1299|47768
56655|1299|7195|28189|266931|271615|273522|271150
44324|32595|174|267613|13335
59890|60068|1299|3920|206777
24961|174|204548|215728
34927|60011|3356|1299|6855|50698
210312|4601|50869|213768|214161
4826|1299|20473|399970
6453|174|210329|215728
559|6939|30893|204789
12637|57463|12735|43391|201178
37271|3257|1299|20473|47065|61574
20080|2914|1299|35598|52091|206810|24881|24697
12779|35598|52091|59815|25299
24785|6830|2914|226|47065|61574
23673|9900|23764|3356|174|3130|47065|61574
12859|35598|52091|206810|12773
6461|174|35598|52091|206810|56766
8660|1267|33891|216067|44244
14907|5405|20473|47065|61574
328840|327727|174|6453|19318|201813
58308|6939|3170|22665
12859|57463|12735|29088
13237|1299|6855|39904
132847|7474|7473|1299|3920|206777
1836|1299|21351|60132
28917|6939|1299|58453|9808|2010
58308|6939|1299|20940|21342
20055|174|35598|52091|206810|214210
58299|174|10490|2722|12148|47065|61574
12307|29691|1299|6855|39904
4601|50869|59645
23367|1299|17676|216211|211575
51184|1764|1299|20473|47065|61574
57777|8298|25091|1299|3223|41327
2734|13786|263047|266089
8283|1031|266493|61625
64475|6939|29222|204957
3491|174|35598|52091|206810|48595
3701|174|11432|271150|272738
38001|3491|174|8551|20473|47065|61574
60326|34872|24961|1299|8551|44709
57111|41327|174|204548|215728
9370|2497|174|52468|271150
6424|6939|28917|47478
52025|174|35598|52091|206810|196638
6730|6830|6204|44592|49581|209693
204092|50263|15935|51744
40994|6939|28917|9110
35008|1299|7195|28189|266931|271615|273522|271150
15605|56911|33891|216067|44244
58308|6939|1299|30823|49418|216127
34177|3356|1299|20473|47065|61574
35600|58453|30990|174|30844|328895
40994|57463|12735|42216|51722|26383
37100|174|140227|44324|205369
2734|9304|136897|174|1299|36137
293|2914|12859|47065|61574
6777|57463|12735|42216|62425|213751
15547|174|6453|29208
6082|174|14840|269288
46450|1299|22773|8119
64475|62255|52091|206810|214268
139317|44324|32595|174|140627|17456|395400|23676
9002|3356|1299|20473|47065|61574
3491|1299|8551|44709
210312|4601|50869|58299|41051|49867
29222|6939|8899|42652
3257|174|201814|209896
7474|7473|1299|2914|226|47065|61574
553|62255|52091|206810|12773|47809|50780
58299|137409|48011|25184|49801|204533
8426|6777|57463|12735|29399
51088|8455|1299|6855|39904|47767
58308|6939|1299|11019|29789
35008|1299|3356|21320|5408|50148
12956|1299|22773|8119
28917|6939|1299|22604
2500|2914|3257|28917|215730|209693
29222|6939|35133|200223
28917|6939|56595|207067
34854|1299|35598|52091|206810
47147|1299|6939|2852|61110
35600|9002|8772|396416
4181|1299|35598|52091|206810|59815|25299
7594|174|21320|5408|47065|61574
57111|174|60068|216213|205884
35266|1299|35598|52091|206810|24881
57695|917|60068|1299|6424|44592|49581|209693
3333|1273|174|37468|61568|266460|61625
7018|6939|30893|13214|35634
12307|29691|1299|6453|4755|7768
60068|174|20723|2852|202874
5405|6939|30893
5405|6939|42695
29222|6939|35133
271253|174|35598|52091|206810|214268
42473|1299|1680|20473|47065|61574
42541|62255|52091|206810|197643
59891|13030|12859|47065|61574
7018|3356|16735|273514
52025|1299|35598|52091|206810|35273
999|6453|1299|198949|35676
29680|174|20723|2852|202874
58308|6939|1299
917|60068|174|7195|20473|47065|61574
57866|6830|174|60068|205884
28917|6939|1299|22442
139317|44324|32595|174|22150
58308|6939|1299|37662|329629|30844
28917|6939|1299|52468|273177
199938|1299|7545|20473|47065|61574
58308|6939|8899|42652|3573
28917|6939|1299|60068|397032
8426|6777|57463|12735|9121|12891
28917|6939|50989|50683
60068|1299|9002|8772|396416
3491|174|35598|52091|206810|202279
49028|1299|33891|216067|44244
48362|1299|5511|60068|206406|210557
4601|50869|52025|214749
28917|6939|1299|401026
4601|50869|6939|196610|48927
327960|174|3356|28370|268521
23367|1299|3356|28370|263963
44324|32595|174|16601
20253|1299|35598|52091|206810|8274
3491|174|35598|52091|206810|5598
23367|1299|3356|16735|273514
2734|142111|152672|174|6461|7385
4601|50869|208453
2497|174|201814|209896
8283|34927|202532
15576|57463|12735|34619
48070|57463|12735|8517|205782
2027|62000|56584|202673
1299|3356|13786|263047|268105
12859|35598|52091|206810|196638
139317|44324|32595|174|22908
29680|174|137409|206216|215172|214955
58308|6939|7018|400005
20080|2914|1299|198949|35676
204092|6939|28917|44056|57629
917|60068|174|34927|202827
1280|1299|3491|7162|13878|52468|60503|268746|61625
2734|57463|12735|57844
50628|6830|60068|216213|205884
60068|1299|20473|201423
16552|1299|6461|394737
58308|6939|8194|210213
21700|174|35598|52091|206810|59815|25299
29075|1299|174|37468|61568|266460|61625
513|29222|6939|49418|215590
3130|174|13786|263047|61826
9044|1299|6453|4755|7768
29222|6939|263047
58308|6939|1299|5377
49788|12552|33891|60068|211571
199524|47311|150249|212001
4764|1299|35598|52091|206810|39089
8283|6939|2852|213152
58308|6939|5405|198913
5405|62255|52091|206810|34786
40994|6939|28917|48084
35426|215596|62000|6777|42541|205235
28917|6939|2852|201648
8426|6777|57463|12735|51559|213252
58308|35598|52091|206810|24881
6730|6830|174|13786|263047|269488
3170|6939|28917|44056|57629
971|174|35598|25308|28917|9049|51017
11845|30844|3257|28917|215730|209693
49028|31564|174|35665|200906
37271|6461|62000|212815|52053
14907|33891|44592|49581|209693
48185|6461|62000|212815|52053
140627|1299|35598|52091|206810|214268
12637|6939|2852|201648
28917|6939|59689
56655|1299|1680|20473|47065|61574
1299|917|214598
12637|6939|28917|6789|201069|207979
6830|6939|2852|210367
35426|215596|174|216211|211575
58308|6939|1299|46261|46978
62000|6777|209870
50877|5405|6461|394737
64475|9002|12555|48430
207841|57463|12735|212805
28917|6939|1299|401909|393336
8283|20764|52091|206810|57164
28917|6939|7018|3486
328840|327727|174|3491|7162|13878|52468|60503|268746|61625
42473|9002|6424|44592|49581|209693
8220|1299|35598|52091|206810|213694
1299|174|140227|44324|205369
57866|1299|35598|52091|206810|24881|24697
28917|6939|1299|25899|399575
59689|29075|174|60068|205884
5405|1299|198949|35676
16347|1299|22773|8119
50304|1299|3356|28370|269016
58308|6939|29222|207688
132847|7474|7473|1299|35598|52091|206810|59867
199524|174|3257|19318|209896
50304|1299|6453|1031|61568|266460|61625
206356|50629|3356|174|20473|47065|61574
39351|1299|6453|19318|209896
6777|57463|12735|211682
327960|174|1299|6855|39904|47767
139317|44324|32595|174|3130|47065|61574
202032|57463|12735|8517|206887
6894|3257|1299|20473|201423
12859|3223|34224|12735
64475|62255|52091|206810|214210
3491|1299|20473|47065|61574
28634|4230|33891|216067|44244
29680|174|13786|263047|268105
59414|13030|1299|8551|44709
39122|174|13786|263047|269680
12779|174|13786|263047|269488
34854|1299|52320|7738|262999|272466
29222|6939|30893|200690
57111|174|1299|34927|202532
58299|62255|52091|206810|211101
34854|1299|1680|20473|47065|61574
28917|6939|49418|213893
51873|6830|174|60068|216213|205884
559|6939|16652
328840|327727|174|28189|266931|271615|273522|271150
40994|6939|30893|13214
58308|6939|1299|36352|27176
58308|6939|35133|200223
139317|44324|32595|174|53366
209|3356|1299|20473|47065|61574
4601|50869|214420
37497|1299|6855|39904|47767
44324|32595|174|266593
28917|6939|1299|23520|264821|271982
29222|6939|47787|203020|208414
12779|174|10490|2722|12148|47065|61574
58299|14840|269288
6894|174|35598|52091|206810|39558
328840|327727|174|22381|267470|263047
4777|2497|174|35598|52091|206810|35273
58308|35598|52091|206810|59867
36924|1299|34927|202532
31742|1299|3920|206777
3130|174|11432|271150
199524|1299|35598|52091|206810|5598
34927|1299|3491|22356|28370|28657
29222|6939|3170|215066
3491|174|35598|52091|206810|213694
7474|7473|6939|1299|20473|47065|61574
8283|20764|52091|206810|197960
64475|57463|12735|212805
37100|1299|6855|39904|47767
35426|215596|1299|3356|28370|268198
57111|41327|13786|263047|269680
207841|57463|12735|60707|216343
37271|174|20723|2852|202874
49544|1299|6762|60068|205884
28917|6939|1299|20473|153185|152922
28917|6939|1299|21859|63473|209261
6908|1299|6855|50698
1299|7195|20473|47065|61574
40994|3257|33891|216067|44244
58308|6939|6830|23520|263703|273069
28917|6939|1299|3301|201087
58308|6939|40994
11845|30844|33891|44592|49581|209693
44393|394256|174|37468|61568|266460|61625
28917|6939|1299|20473|46170
28917|6939|1299|23520|52238
44324|32595|174|63293
852|1299|3920|206777
12779|6939|15372
29222|6939|8899|42652|213928
57118|8283|47065|61574
24516|174|6453|4755|7768
28917|6939|1299|20473|153057|153168
2027|62000|1031|61568|266460|61625
132825|174|3257|21034
6908|174|210329|215728
34854|1299|22773|8119
12859|7195|28343|2716
20612|9044|1299|20473|399970
48070|6939|30893|13214
8220|3491|174|1916|47065|61574
7594|174|35598|52091|206810|214721|204108
58308|6939|1299|208905|206446|35793
20253|1299|3257|60068|206406|210557
24961|8283|47065|61574
271253|174|16276|203019
45049|6696|1299|6855|39904|202605
48919|33891|216067|44244
16552|1299|35598|52091|59815|25299
31742|1299|3356|28370|53079
47147|1299|8551|44709
8220|1299|4637|20473|47065|61574
52025|174|3356|28370|268521
6461|1299|8551|44709
58308|6939|6830|60284
513|29222|6939|269688
37271|174|52468|262393
50629|6939|28370|263060
28917|6939|1299|27947|52257
15605|6762|1299|198949|35676
210312|4601|50869|215172|211575
58057|174|28189|266931|269250|271150
44324|32595|174|6424|47787|203020
139317|44324|32595|174|53667|215832
15576|57463|12735|205893
35598|174|3257|21034
210937|1299|37468|270551|263047
48070|57463|12735|51476
3130|174|50509|51032|41344|39707
206356|205112|62000|212815|52053
22652|1299|35598|52091|206810|214721
20205|174|21700|399914
58308|6939|6830|23520|272935|267845
132337|174|201814|209896
6830|6939|30893|205563
680|20965|5408|47065|61574
55720|2914|1299|35598|52091|206810|57164
2027|62000|47498|215172|201371
1299|6939|2852|197277
8758|3303|21320|5408|47065|61574
58308|6939|1299|201035
7018|3356|13786|263047|267961
852|1299|8551|44709
2500|2914|1299|20473|47065|61574
42541|1299|60068|216213|205884
8359|1299|6855|39904|47767
47147|1299|3356|60011|34927|208690
174|60068|216213|205884
1031|999|6453|174|20723|2852|202874
58308|6939|1299|11664
60068|28917|6768|59514|48693|213137
3399|5511|174|37468|61568|266460|61625
58308|6939|1299|206924|204318
207841|6939|28917|50045
2497|174|5538|8194|29345
139317|44324|32595|174|2149
28917|6939|1299|20473|206824
3214|1299|174|20473|47065|61574
4777|2497|174|35598|52091|206810|202279
13786|174|1299|8551|44709
52863|6939|138997|216211|44324|215172|214955|59449
15605|57463|7713|1299|56308
41666|20764|52091|206810|57460
9268|4764|1299|6204|44592|49581|209693
49605|6762|174|399697|39967|399697
215596|1299|56630|209944
6082|174|10490|2722|12148|47065|61574
15623|1299|6453|19318|201813
28917|6939|1299|62874
29222|6939|12859
4775|1273|174|1916|47065|61574
37468|174|11432|271150
7500|2497|1299|8551|44709
6762|1299|34927|202532
40994|6939|50989
35266|1299|35598|52091|206810|196638
1140|24785|1299|8551|44709
327804|37271|174|60068|205884
5405|6939|54429
48070|57463|12735|29399
513|29222|6939|49418|213893
23367|1299|198949|35676
553|62255|52091|206810|56766
28917|6939|1299|398104
44324|32595|174|45250
3491|6461|6424|44592|49581|209693
4601|50869|44324|198304|204518
28917|6939|1299|394161
58308|59689|30781|1299|6855|39904
20253|1299|35598|52091|206810|24881|24697
4601|50869|214675|208790
34927|56655|1299|3920|206777
28917|6939|1299|264788
47147|1299|6855|39904|205968
57695|917|60068|1299|6939|28370|263060
7922|2914|12859|47065|61574
4601|50869|52025|210338
58308|6939|553|204680|202329
39351|1299|20473|47065|61574
209650|34927|1299|6461|394737
36924|6762|174|399697|39967|399697
8758|6424|44592|49581|209693
210312|4601|50869|52025|401441
34019|4601|4492
1267|1299|56504|47674
12779|62255|52091|206810|59867
41666|20764|52091|206810|196767
28917|34927|202827
50304|1299|3356|8119
20514|1299|6762|267470|263047
35369|1764|174|210329|215728
1299|201814|209896
22652|63018|174|210329|215728
6730|6830|174|35598|52091|206810|48595
50304|8455|8283|47065|61574
139317|44324|32595|174|273298
58308|6939|6830|23520|11139|399915
8298|8283|3491|209810|207187|205345
3214|28917|215730|209693
3257|174|137409|206216|215172|214955
6762|1299|12859|47065|61574
20485|1299|6855|39904
3491|174|56630|209944
151326|174|12956|212721
2914|1299|35598|52091|206810|24881|24697
25220|33891|28917|215730|209693
62167|174|3130|47065|61574
58057|174|3130|47065|61574
41327|6461|17378|8119
28917|6939|1299|199540
58057|1836|1299|20473|47065|61574
58308|6939|33891|196819
7018|6939|2852|200874
57777|32787|202161
23367|1299|3356|28370|263060
28917|6939|1299|20473|197626
559|57463|12735|51559
60503|6939|6830|60068|216213|205884
47147|1299|12956|212721
553|57463|12735|9215
553|60345|50629|3356|3223|44803
58057|174|6453|19318|201813
23367|1299|20473|47065|61574
139317|44324|32595|174|209847|215540
35600|58453|30990|174|37100|36908
1836|1299|6855|39904
28917|6939|1299|23520|262191|262245
37739|3491|174|20473|47065|61574
8283|57866|1299|8551|20473|47065|61574
28917|6939|1299|23520|262191|270088
12637|57463|12735|15464
44324|32595|174|3266
8455|1299|6453|1031|61568|266460|61625
852|1299|35598|52091|206810|48687
51184|47692|3356|21320|5408|47065|61574
29222|6939|205005
25220|3356|174|210|47065|61574
51088|8455|1299|6855|39904
8283|6762|52468|262393
139317|44324|32595|174|21433
205206|1299|3223|34224|12735
31122|6939|138997|216211|44324|215172|214955|59449
52873|12956|1299|6855|39904|47767
6667|12859|47065|61574
58299|22356|28370
47160|174|13786|263047|269488
8426|6777|57463|12735|208594
34800|58057|6939|138997|216211|44324|215172|214955
328840|327727|174|1299|22773|8119
35600|6939|54429
44324|32595|174|55286
58511|12859|47065|61574
263152|174|60068|216213|205884
30600|1299|198949|35676
48185|1299|198949|35676
6696|1299|174|140227|44324|205369
6777|57463|12735|50875
20912|12637|20473|47065|61574
4777|2497|174|35598|52091|206810|59815|25299
199524|1299|42303|51701|30893
328840|327727|174|3356|16735|273514
6461|174|201814|209896
42473|1299|35598|52091|206810|48595
199524|1299|29695|206557|204503
41327|1299|3920|206777
64475|44592|49581|211507
553|57463|12735|43391|51540
24516|174|3356|28370|268521
48070|6939|28917|198297|51081
28917|6939|1299|27947|272890
57381|50304|1299|20473|399970
49788|1299|60068|216213|205884
328964|23764|1299|35598|52091|206810|202279
327727|174|35598|52091|206810|210063
13237|1299|3356|28370|28657
553|57463|12735|203963
3257|174|13786|263047
3320|1299|60068|211571
6453|174|13786|263047|267961
35600|50263|15935|51744
12859|1299|6855|39904|202605
49028|1299|6855|50698
559|20473|47065|61574
40994|6939|28917|12668
47160|6939|25192
50629|57463|12735|8517|15843
57381|50304|1299|22773|8119
137409|33891|60068|211571
209|3356|1299|22773|8119
31742|1299|6762|16735|273514
14315|6453|1299|20473|47065|61574
33891|28917|215730|209693
327960|174|35598|52091|206810|56915
209823|47311|150249|153176
263152|264409|174|3257|60068|206406|210557
58299|215172|214955|199518
48070|6461|21320|5408|47065|61574
57111|41327|13786|263047|264923
58299|62255|52091|206810|12773|47809|50780
5713|137409|62000|212815|52053
52025|174|52468|271150
139317|44324|32595|174|54994
58308|6939|1299|262206|52262
41666|57463|12735|43391
23367|1299|3356|8119
29222|6939|197301
30600|1299|35598|52091|206810|59867
577|1299|12859|47065|61574
41666|57463|12735|202588
39122|1299|60068|197103|212080
42541|47065|61574
2518|1299|35598|52091|206810|56766
57866|1299|10490|2722|12148|47065|61574
58308|6939|1299|14080|26611
15605|6939|29222|41495
31510|174|3356|3223|41327
35280|3356|3257|28917|215730|209693
13786|174|35598|52091|206810
34177|1299|6453|4755|7768
64475|16276|203019
42473|1299|6453|8283|214958
29479|28917|215730|209693
6423|20055|174|13786|263047|52793
215596|174|3356|28370|28657
19151|174|12956|212721
29680|174|13786|263047|271068
36924|1299|6855|39904|47767
202032|57463|12735|8517|211249
28917|6939|1299|29551|202701|200486
50628|1299|20473|399970
19151|174|6453|19318|209896
31742|1299|3216|51032|41344|39707
41327|6939|2852|204772
7713|174|1299|12859|47065|61574
2734|13786|263047|262813
1140|24785|1299|20473|47065|61574
61292|6939|138997|216211|44324|215172|214955|59449
513|29222|6939|263047
6461|1299|35598|52091|206810|57164
139317|44324|32595|174|398748
139317|44324|32595|174|6621
42541|137409|62000|212815|52053
35598|174|12956|212721
40994|174|60068|205884
40994|57463|12735|47123|50055
210937|1299|174|3130|47065|61574
6730|6830|9002|12555|198070
16552|1299|3356|28370|268521
58308|6939|1299|52468|272032
16552|1299|35598|52091|206810|59815
34288|174|52468|271150
398465|174|56630|209944
3130|174|35598|52091|206810|214268|196977
15576|57463|12735|51540
49028|1299|174|204548|215728
50629|57463|12735|212757
28917|6939|1299|200107
28917|6939|1299|44654
60011|3356|174|20723|2852|202874
57695|917|60068|1299|20473|399970
35266|2914|174|3130|47065|61574
12637|174|12389|60299|41798|39824|58172|35168|58172
28917|6939|199081|209847|26383
5511|174|13786|263047|267425
206356|50629|174|210329|215728
207841|37468|52468|262393
58308|59689|29075|12859|47065|61574
58308|6939|33891|61438
5511|3257|28917|215730|209693
12779|57463|12735|43391|50941
2497|1299|60068|216213|205884
7500|2497|174|37468|61568|266460|61625
55222|174|35598|52091|206810|39089
23764|1299|35598|52091|206810|208435
263237|174|35598|52091|206810
7018|6939|2852|48091
6830|3257|49666|205647|49801|204533
1273|174|60068|205884
13030|1299|6453|8283|211840
28634|4230|1299|21351|60132
35008|1299|174|210329|215728
58057|50673|174|3356|60011|34927|208690
34800|58057|50673|174|12956|212721
196621|6939|25192|26710
215596|1299|7195|20473|47065|61574
397131|60011|3356|1299|201814|209896
6453|3356|21320|5408|47065|61574
6424|174|3130|47065|61574
58299|22356|28370|267608
53828|2914|174|35598|52091|206810|57164
42473|1299|6453|4755|7768
44324|32595|174|8452|24835|36935
58308|6939|1299|58321|43758
3130|174|2914|226|47065|61574
31510|6424|44592|49581|211507
917|25369|174|52468|262393
215596|174|52468|271150
135895|137409|174|210329|215728
271253|174|210329|215728
10111|1299|60068|197103|212080
29222|174|21700|399914
28917|6939|1299|20473|213007
20205|1299|60068|197103|212080
25160|1299|3920|206777
15935|174|28189|266931|269250|271150
48362|1299|3356|28370|263060
559|6461|394737
12637|1299|8551|20473|47065|61574
47147|3320|33891|216067|44244
20514|1299|60068|211571
32590|37100|2603|21320|5408|47065|61574
20912|12637|56630|209944
2497|174|137409|206216|215172|214955
2500|2914|6424|44592|49581|211507
28917|6939|1299|7632|150923
58308|6939|1299|63473|201801
20055|174|13786|263047|262578
60068|174|3257|19318|209896
553|1299|7545|20473|47065|61574
50629|57463|12735|60847
8218|6461|174|28189|266931|271615|273522|271150
52873|12956|1299|6855|39904|199604
12859|1828|12179|393398|3356|1299|23033|27323
12637|35598|52091|206810|211692|31069
5413|1299|6453|8283|213576
5413|1299|174|1916|47065|61574
12779|2603|21320|5408|47065|61574
20514|1299|35598|52091|206810|208435
202365|6939|138997|216211|44324|215172|214955
210312|4601|8298|8283|3491|216211|211575
64475|47147|1299|6762|16735|273514
12969|1299|6453|1031|61568|266460|61625
35600|6939|200070
12779|35598|52091|206810|202279
207841|6939|28917|47478
35426|215596|1299|3257|19318|201813
6830|174|14840|269288
62167|3356|1299|3920|206777
6461|1299|20473|47065|61574
327727|174|1299|20473|399970
57695|917|60068|174|20473|47065|61574
17350|6453|174|210|47065|61574
3170|6939|28917|21453
397131|60011|3356|21320|5408|47065|61574
8283|38930|174|204548|215728
6424|6939|28917|48084|35816
174|12389|49666|205647|49801|204533
34177|3356|1299|198949|35676
41327|6939|50989|48116
213151|41051|58299|22356|28370|268198
28917|6939|1299|201589
202032|58115|21263|34125
8888|137409|174|20473|47065|61574
20514|1299|6855|39904|202605
28917|6939|1299|14522|52458
199524|6762|1299|20473|47065|61574
29222|6939|61618
139317|44324|7720|10111|1299|8551|44709
48070|6939|30893|200690
132825|174|35598|52091|206810|208435
31510|174|60068|205884
28917|6939|1299|60068|197103|262160
3257|1299|6855|39904
6830|6939|28370|268521
40994|6461|62000|212815|52053
139317|44324|32595|174|399275
34177|174|56630|209944
28917|6939|1299|20473|33760
198385|174|1916|47065|61574
44324|32595|174|44166
6777|57463|12735|15830|198417
2518|1299|60068|216213|205884
58308|6939|1299|11279
6894|174|35598|52091|206810|24881
58308|6939|21430|199220
4601|50869|6939|30893|200690
2734|57463|12735|60847
58308|6939|1299|20473|150184
14537|3356|1299|6855|39904|47767
271253|6453|174|32595|44324
50300|3257|28917|215730|209693
28917|215551|30893|13214|35634
1257|1299|20473|47065|61574
34019|6939|60432
34019|6939|200303
8426|3257|174|3130|47065|61574
8660|1267|1299|12956|212721
9900|23764|1299|20473|47065|61574
50131|36236|174|140227|44324|205369
5405|1299|17676|216211|44324|205369
44324|32595|174|9166
3170|174|10490|2722|12148|47065|61574
51873|6830|174|60068|197103|212080
48070|57463|12735|42216|62425|213751
58308|6939|1299|8151
5405|62255|52091|206810|208435
36924|6762|174|11432|271150|272738
48185|6939|138997|216211|44324|215172|214955
21412|6424|44592|49581|209693
28917|6939|1299|198949
9044|174|60068|216213|205884
58308|6939|1299|44522
3257|174|8551|20473|47065|61574
1299|6939|200303
50304|1299|4637|20473|47065|61574
28917|6939|1299|20473|203873
6894|6939|138997|216211|44324|215172|214955
58308|6939|6830|23520|272935|267845|274105
8220|1299|35598|52091|59815|25299
6696|1299|3356|60011|34927|208690
7713|1299|174|37468|61568|266460|61625
3491|2914|6424|44592|49581|209693
28917|6939|1299|20473|18470
139317|44324|32595|174|52580
216285|8280|6762|174|11432|271150
28917|6939|268624
17660|2914|1299|34927|202532
17639|174|60068|205884
50673|174|20723|2852|202874
174|35598|52091|59815|25299
4181|1299|60068|211571
12307|29691|33891|44592|49581|209693
44324|32595|174|18640
13030|1299|3491|22356|28370|28657
210312|4601|50869|44324|139299
58308|6939|29670|47496
34019|50263|201814|209896
28917|6939|1299|1759|205250
34927|52025|1299|29695|206557|208835
34177|33891|60068|211571
4601|50869|205848
3170|20764|43298|48678|205463|213799
28917|6939|1299|398446
58308|6939|274610
24785|6830|174|13786|263047
6461|174|35598|52091|206810|48595
199524|137409|62000|212815|52025|212895|210320
5713|174|204548|215728
24482|6424|44592|49581|209693
8426|6777|35598|52091|206810|202279
24961|6461|62000|212815|52053
58308|6939|200462|215163
50629|57463|12735|62095
136557|174|3356|16735|2716
45049|6696|1299|17676|216211|44324|205369
3701|174|35598|52091|206810|48687
58308|6939|7018|395568
35426|215596|1299|6855|39904|199604
264479|6762|1299|201814|209896
1299|174|1916|47065|61574
971|174|22381|267470|263047
16552|1299|6424|44592|49581|211507
4601|50869|6939|2852|213152
57695|917|60068|1299|17676|216211|211575
41666|57463|12735|8517|207263
15576|57463|12735|8517|9095
28917|6939|196610|48927
6461|1299|8551|20473|47065|61574
2914|6424|44592|49581|209693
8426|6777|57463|12735|34619
34549|174|22381|267470|263047|264389
207841|6939|28917|198297
7720|10111|1299|8551|44709
205206|1299|7195|28260|270548|52794|52659
28917|6939|1299|6758|33874|14789
28917|6939|47160|213873
139317|44324|32595|174|201050
20055|3257|28917|215730|209693
28917|6939|1299|15695
28917|6939|1299|20473|215168
64475|6939|50989|33837
553|62255|52091|206810|24881|24697
28917|6939|1299|23520|264821|270098
328840|327727|174|52468|271150
28917|6939|1299|25400|49082|204224
58308|6939|1299|43893
44324|32595|174|14522
8283|6939|29222|41495|206202
15576|174|140227|44324|205369
28917|6939|1299|52468|265863
58299|174|8551|20473|47065|61574
971|174|35598|52091|48158
6730|6830|60068|211571
15576|8220|33891|44592|49581|209693
42541|1299|6453|1031|61568|266460|61625
57111|41327|1680|44709
559|57463|12735|29399
40994|13335|399532
37468|174|60068|205884
3170|6461|8899|60294|33891|50673|43414|49784
40994|6939|50989|48116
139317|44324|32595|174|13977|401455
20055|174|35598|52091|206810|213694
42541|62255|52091|206810|214210
44324|32595|174|60068|216213|205884
64475|62255|52091|206810|24881
20080|2914|6424|44592|49581|209693
34288|28917|6768|59514|48693|213137
35710|3320|1299|34927|202532
139317|44324|32595|174|3356|3549|28598
28917|6939|1299|18678|267807
553|57463|12735|8517|42626
139317|44324|32595|174|212081
6424|6762|1299|8551|44709
28917|6939|1299|60610|201471
210312|4601|50869|214770
51088|12859|47065|61574
28917|6939|1299|20473|140731
34800|29632|8455|8283|47065|61574
29222|6939|48678|212598
34927|60011|3356|1299|34927|202532
2500|2914|1299|35598|52091|206810|59867
62167|174|28283|268744|2716
271253|6453|174|140227|44324|205369
328964|23764|3356|21320|5408|47065|61574
4601|50869|215828|215375
29691|1299|6762|16735|273514
44324|32595|18423|137409|6461|1299|9498|18229|132215
58308|6939|25400|25225
35008|1299|37468|270551|263047
20932|1299|6855|39904
4601|50869|207303
398465|1299|35598|52091|206810|39089
29222|6939|263047|264389
34927|1299|6461|394737
58308|6939|28917|198297
6762|1299|34927|202827
28917|6939|1299|52025|1003|215207|63477
1299|2914|226|47065|61574
29075|174|22381|267470|263047|264389
7195|174|60068|197103|212080
196621|6939|30893|204789
59890|174|201814|209896
7594|174|35598|52091|59815|25299
12637|57463|12735|205893
1403|577|174|37468|61568|266460|61625
44324|32595|174|53667|215472
4764|1299|35598|25308|28917|204076
62167|33891|216067|44244
2914|1299|8551|44709
16552|1299|7195|28189|266931|269250|271150
50673|174|5459|200070
58057|34549|2603|21320|5408|47065|61574
15623|1299|6762|267470|263047
58308|6939|6830|23520|264847|64150
52873|12956|1299|8551|44709
1299|33891|216067|44244
8359|1299|20473|399970
4601|6939|28917|21453|48149
45352|174|21320|5408|50148
22652|1299|35598|52091|206810
30844|174|399697|39967|399697
327782|37100|1299|198949|35676
24961|1299|37468|270551|263047
23367|1299|34927|202532
58308|6939|56595|202590
139317|44324|32595|174|11172|273278
58308|6939|35168|197556
401753|34872|24961|28917|6768|59514|48693|213137
44324|32595|174|263812|208414
4181|1299|35598|52091|206810|214210
39122|1299|3356|60011|34927|208690
263152|264409|174|7311|835|394273
31122|174|13786|263047|262578
12859|31133|51032|41344|39707
35008|1299|34927|202532
198249|37271|20473|47065|61574
31510|174|5511|60068|206406|210557
6057|174|21320|5408|50148
6461|28917|215730|209693
35600|50263|15935|200844
49605|6762|3257|28917|215730|209693
64475|3320|1299|8551|44709
28917|6939|62000|198825|214029
30844|33891|44592|49581|209693
202032|57463|12735|47190
12637|30844|21351|60132
2734|16735|273514
210312|4601|50869|6939|15372|203592
6082|174|8551|20473|47065|61574
58308|6939|1299|393417
49788|1299|198949|35676
64475|50629|174|140227|44324|205369
12637|20473|30893
3170|6939|2852|200874
24785|20562|28917|215730|209693
62167|174|22381|267470|263047|264389
35600|35625|33891|216067|44244
3170|16276|203019
6830|6939|28917|48084|199961
41327|6939|28370|264426
64475|6939|25192|26710
63927|6424|44592|49581|209693
6424|62255|52091|206810|24881|24697
262427|174|35598|52091|206810|59815|25299
8426|6777|57463|12735|43391|214449
15605|57463|12735|34619
44324|32595|174|54270
210937|1299|3356|60011|34927|208690
40994|57463|12735|8517|2592
40994|1299|3920|206777
8220|1299|6453|8283|200998
4777|2497|174|35598|52091|206810|214268|196977
199524|1299|3356|28370|53079
28917|6939|1299|23520|272935|267862
13237|1299|6453|4755|7768
29504|15935|174|3356|1680|44709
6730|6830|174|13786|263047|267961
28917|6939|3170|214199
148968|7474|3257|174|1916|47065|61574
12859|22356|28370|267608
12859|35598|52091|206810|35273
577|1299|8551|20473|47065|61574
2914|1299|34927|202532
3257|1299|20473|399970
29222|6939|50629|207252|202119
16552|2914|1299|35598|52091|206810|59815|25299
30600|1299|35598|52091|206810|56766
38001|33891|44592|49581|209693
15605|57463|12735|8517|44639
7018|1299|35598|52091|206810|214268
20514|1299|3356|28370|268521
28917|6939|7018|16576
34019|50263|15935|51744|212325
58308|6939|1299|212318
39122|174|204548|215728
40994|6939|28917|206011
58308|6939|29208|210631
58308|6939|1299|34164
58308|6939|31263|9026
49028|1299|35598|52091|206810|39089
49028|35280|6453|174|399697|39967|399697
56655|1299|7195|20473|47065|61574
49673|3216|33891|60068|211571
37271|3257|1299|12859|47065|61574
49028|1299|35598|52091|44660
2734|3257|1299|198949|35676
20514|1299|4230|2716
6461|1299|1680|20473|47065|61574
47160|6939|28370|270962
263152|264409|174|6453|19318|201813
207841|57463|12735|15830
13830|971|174|35598|52091|206810|196638
6777|57463|12735|50875|34987
328964|23764|1299|35598|52091|206810|59867
49432|48362|1299|3356|28370|263535|268030
9044|1299|60068|216213|205884
271253|174|20723|2852|202874
41327|6939|2852|197277
58308|6939|50629
28917|6939|1299|23520|265539
917|60068|174|10490|2722|12148|47065|61574
30600|174|399697|39967|399697
17639|174|399697|39967|399697
204092|6939|28917|48084|59833
559|6939|50989|48116
202365|50673|174|210|47065|61574
28917|20764|52091|59815
32590|1299|35598|52091|206810|39558
58308|6939|6830|23520|272935|267705
28917|6939|1299|19332|273286
8426|6777|57463|12735|15830|203979
3214|6453|174|13786|263047
29680|174|35598|52091|206810|35273
28917|6939|1299|6206|15020
204092|6939|15372|203592
58057|50673|174|32787|202161
271253|1299|6855|50698
58308|6939|1299|199540
139317|44324|32595|174|36065
50628|1299|20473|47065|61574
28917|6939|1299|939
28917|6939|1299|263444
58308|6939|12555
41327|174|22381|267470|263047
8283|6939|15372
4777|2497|1299|20473|47065|61574
215596|174|1916|47065|61574
12779|174|60068|216213|205884
37239|37468|174|6762|49666|58224|214805
38001|3491|1299|3920|206777
213151|41051|58299|22356|28370|263535|268030
60326|34927|174|3130|47065|61574
202365|50673|174|2914|20473|47065|61574
50629|57463|12735|51476
58308|6939|1299|33549
140627|1299|35598|52091|59815|25299
3303|33891|216067|44244
2497|174|35598|52091|206810|213694
28917|6939|42695|43101
8283|6939|2852|197451
328964|3491|138997|216211|44324|215172|214955|59449
28917|6939|1299|23520|28545|28509
33891|6461|394737
28917|6939|1299|23520|46198
41666|6939|138997|216211|44324|215172|214955|59449
207841|6939|28917|39238
151326|174|35598|52091|206810|59815
139317|44324|32595|174|61407
35600|6939|28917|6789|48004
6762|174|137409|206216|215172|214955
139317|44324|32595|174|214206
29222|6939|35826|62815
50629|57463|12735|8517|205782
328840|327727|174|35598|52091|206810|196638
20253|1299|35598|52091|206810|48595
139317|44324|32595|174|12222
5413|1299|2914|226|47065|61574
7018|6461|394737
1273|174|60068|197103|212080
37271|174|216211|211575
23673|3356|3257|28917|215730|209693
132825|174|34927|202827
139317|44324|32595|174|29727
12779|57463|12735|208594|202365
6730|6830|1299|6424|44592|49581|209693
2734|16735|53062|266493|61625
36924|1299|35598|52091|206810
4775|6453|3257|28917|215730|209693
3170|44592|49581|209693
58308|6939|50629|207252|215576
58308|6939|263047|264389
38001|6939|138997|216211|44324|215172|214955|59449
44324|32595|174|53471
37497|37236|15022|6939|1299|20473|399970
7500|2497|174|35598|52091|206810|208435
1299|6939|28370|267608
44324|32595|174|203099
44324|32595|174|202978
37105|37468|174|20473|47065|61574
16347|1299|3491|22356|28370|28657
12859|1299|3356|28370|53079
9900|23764|1299|12859|47065|61574
57111|41327|61568|266460|61625
57111|41327|13786|263047|267334
1031|999|6453|174|13786|263047|269488
34927|1299|35598|52091|206810|34786
57381|50304|1299|174|140227|44324|205369
4601|50869|6939|59970
199524|174|137409|62000|212815|52053
34927|1299|174|13786|263047
20764|174|1916|47065|61574
59689|29075|174|52468|262393
45049|6696|1299|8943|200636
199524|3356|21320|5408|47065|61574
41722|12389|174|21320|5408|47065|61574
207841|6939|28917|48084|199961
8455|6424|44592|49581|209693
48070|6939|28917|206011
394256|174|52468|271150
24961|1299|174|20473|47065|61574
57381|50304|1299|6855|39904
6730|6830|1299|6855|39904|47767
35600|6939|29222|204957
35369|5405|47065|61574
44393|394256|174|6453|4755|7768
12859|6939|393682
52873|12956|174|3130|47065|61574
28917|6939|7018|19065
58057|174|35598|52091|206810|59867
24961|1299|3920|206777
13237|1299|3356|28370|53079
58057|174|3257|28917|215730|209693
56662|8283|47065|61574
2734|23470|7922|174|17497
262427|174|35598|52091|206810|48595
136557|174|35598|52091|206810|211101
29691|13030|28917|215730|209693
41666|37468|60068|216213|205884
139317|44324|32595|174|16509
971|174|35598|52091|206810|214210
15576|57463|12735|205877
8220|1299|3356|28370|53079
48070|6939|42695|52011
553|20764|43298|48678|213865
23673|6939|138997|216211|44324|215172|214955
12779|62255|52091|206810|202497
23764|1299|8551|20473|47065|61574
39122|137409|62000|212815|52053
50304|1299|3356|20473|47065|61574
553|6939|28917|198297
3130|174|1299|20473|47065|61574
327804|37271|9002|62000|212815|52053
58308|6939|6830|59776
58308|6939|5405|147049
45352|1299|6855|39904|202605
47957|3356|174|20473|47065|61574
14907|1299|6461|394737
5405|6939|2852|204772
553|57463|12735|208130
35426|215596|174|60068|216213|205884
198249|34927|202532
44324|32595|174|209312
28917|20764|52091|206810|211692|31069
4601|9498|20473|47065|61574
6830|6939|28370|264426
28917|6939|8943|43915
6424|6939|29222|513|20940
28917|6939|1299|20115|22677|397019
51786|15623|1299|6453|4755|7768
6908|174|14840|2716
204092|6939|29222|41495|206202
327727|174|13786|263047|268105
151326|174|3356|28370|28657
58308|6939|1299|835|52025|50224
11537|20965|5408|47065|61574
28917|6939|1299|20473|206885
35008|1299|12956|212721
58308|6939|1299|12025|402106
47147|1299|6939|28370|263060
7018|6461|210|47065|61574
49544|2914|174|204548|215728
8283|6939|28370
29222|6939|7018|11992|35892
209650|34927|1299|198949|35676
28917|6939|6830|23520|272935|267845|274123
394256|174|52468|262393
7018|1299|6424|44592|49581|211507
9268|4764|1299|35598|52091|206810|34786
8426|6777|57463|12735|57844
24516|174|210329|215728
28917|6939|1299|23520|52286|264764
44324|32595|174|46789
210937|1299|174|20473|47065|61574
15605|6939|2852|197451
6424|62255|52091|206810|34786
210937|1299|3356|28370|268198
12779|33891|216067|44244
48070|57463|12735|47123|24944
28917|6939|33924|198890|57463|34772|35047|5414
139317|44324|32595|174|19406
64475|6939|42695
4601|50869|215828|51202|215828
139317|44324|32595|174|22359
5413|1299|6453|8283|214958
6424|7195|20473|47065|61574
7474|7473|1299|198949|35676
28917|6939|3170|203589
8426|6777|35598|52091|206810|59867
28917|6939|1299|49206
22652|1299|6855|50698
44324|32595|174|17451
206356|50629|34927|202532
6830|3257|8551|44709
2518|2914|174|52468|271150
62000|41441|203729
49544|2914|6424|44592|49581|209693
39351|174|6453|4755|7768
2152|3356|3257|28917|215730|209693
51088|8455|1299|8551|20473|47065|61574
8283|20764|52091|206810|196638
12859|57463|12735|210021
28917|6939|1299|20473|153185|149510
559|35598|52091|206810|12773|47809|59478
207841|57463|12735|62095
196621|6939|138997|216211|44324|215172|214955|59449
32590|137409|174|60068|216213|205884
20514|1299|174|62000|212815|52053
8426|3257|1299|20473|47065|61574
23764|1299|3920|206777
13786|174|20723|2852|202874
60068|174|5538|8194|29345
35710|48200|6762|174|140227|44324|205369
12350|1299|6453|19318|201813
44324|32595|174|263167
16552|1299|3356|8119
52025|174|35598|52091|206810|5598
4764|1299|35598|52091|206810|202497
34927|52025|174|35598|52091|206810|8274
210937|6830|174|37468|61568|266460|61625
41095|33891|216067|44244
28917|6939|1299|6855|56973
58308|6939|6424|39384
58299|62255|52091|206810|214721
21232|15576|35598|52091|206810|214721|204108
41327|9002|197068
50629|57463|12735|43391|44620
4601|50869|6939|28370|264426
40387|1299|174|210329|215728
3214|1299|3356|60011|34927|208690
58308|6939|60432
35600|13237|196714|5405|199284|15725|49885
293|3356|1299|201814|209896
12637|1299|174|20473|47065|61574
50629|57463|12735|43391|50941
513|20965|5408|47065|61574
5413|6461|6424|44592|49581|209693
37105|37662|1299|8551|44709
32653|3741|6461|62000|212815|52053
8758|6424|44592|49581|211507
262427|174|35598|52091|206810|57164
50304|1299|6762|267470|263047
58308|6939|1299|52468|271977
971|174|35598|52091|44660
40994|1299|198949|35676
328964|37468|174|8551|20473|47065|61574
3170|13335|400095
328964|23764|1299|8551|20473|47065|61574
136557|174|35598|52091|206810|197643
4181|1299|6461|394737
553|62255|52091|206810|59815|25299
61049|2603|21320|5408|47065|61574
139317|44324|32595|174|6461|2000
139317|44324|32595|174|17056
38001|9002|6424|44592|49581|209693
28917|25091|8298|4601|4492
6830|2914|13786|263047
263237|174|6453|4755|7768
36236|174|37468|61568|266460|61625
6424|13786|263047|269680
559|57463|12735|15830|137922
21700|174|6453|4755|7768
4826|1299|201814|209896
42541|7195|11432|271150
206356|50629|6461|23352|20473|47065|61574
41327|13335|400095
29222|6939|7018|396973
28917|6939|1299|207137
7474|7473|1299|35598|52091|206810|196638
3701|174|35598|52091|206810|202279
28917|6939|63290
196621|6939|28917|9110
63927|137409|12859|47065|61574
4601|50869|34019|203432
12956|174|60068|205884
12779|6461|394737
15576|57463|12735|197941
52025|174|35598|52091|206810|48687
29680|174|52468|262393
5413|1299|174|20473|47065|61574
4230|1299|6855|39904
33891|13786|263047|267425
58308|6939|30893|13214|35634
41327|31133|51032|41344|39707
2497|1299|6855|50698
35426|215596|62000|6777|42541
202032|57463|12735|212757
6894|174|35598|52091|206810|202497
24482|137409|62000|212815|52025|212895|210320
12637|57463|12735|15830|137922
28917|6939|268944
37468|3257|174|3130|47065|61574
204092|6939|28917|50045
136557|174|7311|835|394273
21232|15576|35598|52091|206810|8274
199938|1299|3356|16735|273514
20253|1299|35598|52091|206810|214721|204108
37739|3491|174|5538|8194|29345
196621|6939|24796
51873|6830|3356|60011|34927|208690
28917|6939|1299|60068|197103|264846
9268|4764|1299|59692|12555
44324|32595|174|208414
50628|3356|21320|5408|47065|61574
15605|57463|12735|8517|212167
136557|174|3356|60011|34927|208690
34854|1299|7545|20473|47065|61574
20764|174|1299|20473|399970
48185|1299|60068|197103|212080
12637|1299|20473|399970
58308|6939|1299|14178|21433
917|60068|1299|20473|47065|61574
8283|2914|37468|60068|216213|205884
917|25369|174|52468|271150
34177|62000|212815|52053
62167|174|7545|20473|47065|61574
44324|32595|174|40092
29680|174|35598|52091|206810|213694
58308|6939|25400|198309
2518|33891|44592|49581|209693
12859|1299|3356|28370|269016
37271|174|1299|20473|47065|61574
3491|1299|35598|52091|206810|57164
5511|174|3130|47065|61574
398465|174|210|47065|61574
28917|6939|1299|60068|204903
20514|1299|16276|203019
50629|174|3130|47065|61574
28917|6939|1299|20473|60601
22652|174|28189|266931|271615|273522|271150
29691|1299|5511|60068|206406|210557
60068|33891|917|214598
31742|174|60068|216213|205884
4826|33891|44592|49581|209693
28917|14840|2716
207841|6939|2852|213152
58308|6939|48678|211804|208913
198385|15576|57463|12735|210021|211181|208293|212330|21245
204092|6939|25192
4601|50869|41051|215980
58308|6939|1299|52423
3170|6939|24796
47692|33891|60068|211571
1403|577|174|3130|47065|61574
13237|5405|61568|266460|61625
1257|1299|10490|2722|12148|47065|61574
3214|1299|20473|399970
58308|6939|61618
2497|1299|35598|52091|206810|202497
139317|44324|32595|174|398156
64475|37468|53062|266493|61625
29222|6939|28917|50045
55222|174|35598|52091|206810|214210
29222|6939|29208|209135
3214|1299|174|1916|47065|61574
28917|6939|1299|11019|30361
28917|6939|1299|20473|1024
40994|57463|12735|211201
29691|1299|3920|206777
6453|174|37468|61568|266460|61625
47147|3320|1299|20473|399970
8298|8283|3491|209810|207187|206420
139317|44324|32595|174|44222|209847
34800|58057|50673|174|28189|266931|271615|273522|271150
139317|44324|32595|174|61098
25091|5511|174|399697|39967|399697
6830|12956|21351|60132
29222|1299|34927|202827
15562|2914|3356|21320|5408|47065|61574
6423|20055|174|35598|52091|206810|56766
38855|44324|215172|214955|199518
28917|6939|1299|23033|50131
139317|44324|32595|174|53667|401727
1299|34927|202532
4775|6453|174|21320|5408|50148
41666|57463|12735|60946
20253|1299|35598|52091|206810|56766
37105|37468|174|11432|271150
6696|1299|8551|20473|47065|61574
4455|62000|212815|52053
17639|174|3356|28370|28657
58308|6939|7018|400393
12637|6939|2852|210367
50629|57463|12735|31704
29222|6939|32097|54203
207841|6939|29222|41495|206202
58308|6939|1299|52468|271933
42473|1299|3257|20473|47065|61574
58308|6939|1299|3301|56736
57111|41327|22356|28370|268521
210937|1299|2914|226|47065|61574
2734|57463|12735|9121|34478
7018|1299|35598|52091|206810|196638
37662|174|3356|16735|2716
202032|57463|12735|205757
198385|174|3257|28917|215730|209693
20205|1299|3356|8772|215536
577|1299|20473|201423
58308|6939|5405|206583
559|57463|12735|206556
8283|2914|13786|263047|264982
28917|6939|1299|20473|33309|26679
1299|6057|28283|268744|2716
59689|30781|1299|198949|35676
48185|1299|12956|212721
34177|3356|1299|12859|47065|61574
13830|971|174|37468|61568|266460|61625
5405|6830|60068|216213|205884
210312|4601|50869|41051|212164
202365|50673|174|204548|215728
28917|6939|1299|20473|153185
39351|174|3130|47065|61574
34177|1299|3491|20473|47065|61574
28917|6939|25400|15765|203673
60011|3356|3257|28917|215730|209693
140627|6939|138997|216211|44324|215172|214955
132825|174|3356|28370|268521
40994|6939|28370|270962
35600|57463|12735|43391|209853
58308|6939|9136|207943
35600|35598|52091|206810|12773|57005
50877|5405|6939|24796|63293
5405|62255|52091|206810|39089
139317|44324|32595|174|55003
8220|1299|3356|60011|34927|208690
28917|6939|1299|399486|198831|212844
174|35598|52091|206810|211101
398465|3320|1299|60068|216213|205884
140627|2914|174|20473|47065|61574
28917|6939|1299|20473|202002
48070|20764|43298|48678|213865
28917|6939|7018|397650
328840|327727|174|1299|6855|39904|47767
45049|6696|1299|56504|47674
8888|137409|12859|47065|61574
37053|37100|174|5538|8194|29345
553|57463|12735|29088
207841|57463|12735|8517|15843
199524|174|35598|52091|206810|57164
199524|6762|3257|28917|215730|209693
19653|30600|1299|35598|52091|206810|48595
31742|1299|3356|1680|44709
58511|3491|174|37468|61568|266460|61625
59414|6830|3257|60068|206406|210557
12859|35598|52091|206810|57164
327727|174|3356|28370|268521
513|174|3257|21034
28917|8359|57304|209693|213702
20253|1299|3356|28370|268198
198385|15576|57463|12735|208130
57866|6830|60068|211571
2734|57463|12735|42216|62425|207835
20612|9044|1299|20473|201423
47311|150249|212001|205018
6424|199829|205369
202365|50673|174|3130|47065|61574
24516|3491|1299|20473|47065|61574
49028|1299|198949|35676
264479|6762|1299|6855|39904|199604
559|25180|1299|198949|211049
58308|6939|1299|209578
61049|174|60068|205884
58057|174|2914|226|47065|61574
35008|1299|917|214598
12779|57463|12735|29088
6894|3257|28917|215730|209693
25152|2497|174|210|47065|61574
50304|1299|3356|16735|2716
6830|32787|202161
1828|1299|60068|197103|212080
21320|6424|44592|49581|211507
11039|6461|6424|44592|49581|209693
262427|174|62000|212815|52053
207841|6939|50989|205966
34800|58057|50673|174|13786|263047
51185|6762|1299|201814|209896
6057|8455|8283|47065|61574
58308|6939|1299|20473|203913
28917|6939|40994
15576|57463|12735|62095
58308|6939|6830|23520|273221
57821|12586|3257|1299|20473|47065|61574
7018|174|37468|61568|266460|61625
8220|1299|29695|206557|205190
31742|1299|7545|20473|47065|61574
6696|1299|4230|2716
28917|6939|1299|14525
327727|174|13786|263047|52793
151326|174|34927|202827
28917|6939|47787|203020|208414
210937|1299|3356|28370|28657
35008|1299|33891|216067|44244
8434|2119|3356|174|399697|39967|399697
48070|1299|6453|29208
29691|1299|198949|35676
44324|32595|174|329344
21700|174|35598|52091|206810|208435
28917|6939|1299|198949|25773
553|137409|206216|215172|214955
6720|1764|174|52468|262393
28917|6939|1299|52468|273832
3741|174|13786|263047|268546
20932|1299|8551|20473|47065|61574
2500|2914|174|37468|61568|266460|61625
47311|150249|212001|199762
58299|62255|52091|206810|59815|25299
139317|44324|32595|174|8304
58308|6939|1299|201589
48070|34927|202532
44324|32595|174|396073
12956|1299|60068|216213|205884
39122|1299|201814|209896
44324|32595|174|395723
50869|50263|62000|212815|52053
44324|32595|174|201902
12859|35598|52091|206810|213694
6453|174|5538|8194|29345
25369|1299|20473|47065|61574
55222|174|3356|28370|268521
29222|6939|35826|205311
28917|6939|1299|19009|26889
37739|3491|1299|25091|8298|4601|4492
271253|174|35598|52091|206810|214721
29222|6939|553|204680|202329
210312|4601|50869|6939|25192|26710
6696|1299|16164|36032
8220|1299|5511|49666|58224|214805
50628|1299|198949|35676
35600|50263|15935|25238
327960|174|6453|4755|7768
29222|6939|7018|21433
6830|174|21320|5408|47065|61574
12779|20473|30893
59414|3303|174|3130|47065|61574
3214|1299|20473|201423
6730|6830|174|138997|216211|44324|205369
207841|57463|12735|34619
553|6939|2852|210367
34927|60011|3356|174|140227|44324|205369
328512|5713|174|3257|21034
16552|2914|137409|62000|212815|52053
32590|1299|8551|44709
44324|32595|174|141163
204092|6939|50989|48116
20932|1299|6453|4755|7768
44324|32595|174|51551|44971
139317|44324|32595|174|44222|210374
34177|174|60068|205884
202032|57463|12735|197941
47147|1299|3491|7162|13878|52468|60503|268746|61625
999|6453|174|10490|2722|12148|47065|61574
12637|6939|30893|200690
4181|1299|3356|14840|269288
12969|1299|174|210329|215728
58308|6939|199081|209847|26383
28917|6939|32097|22295|206042
35008|1299|35598|52091|206810|211101
917|60068|174|3130|47065|61574
39801|5511|174|140227|44324|205369
202032|57463|12735|212549
29691|1299|21351|60132
202297|23764|20485|35598|52091|206810|57460
6424|6939|207995
23367|1299|20473|399970
6830|6939|196610
28917|6939|1299|52468|271822
7594|174|46427|64289|44592|49581|209693
139317|44324|32595|18423|137409|4637|6461|1299|16509|21664
58308|6939|40994|205563
35280|1299|35598|52091|206810|48687
917|60068|33891|29632|59682
1280|1299|174|210329|215728
29222|6939|7018|16711
41666|57463|12735|206192
50877|5405|28917|215730|209693
40994|13030|6775|5405|21245
196621|6939|28917|28775
8426|6777|57463|12735|15830
2734|57463|12735|43391
49028|1299|6939|28370|268521
135895|137409|28917|215730|209693
40994|57463|41327|60530
6720|1764|174|204548|215728
23352|2914|1299|34927|202532
139317|44324|32595|174|394110
5713|8455|8283|47065|61574
139317|44324|32595|174|43766
29222|174|210329|215728
136557|174|35598|52091|206810|214721|204108
28917|6939|1299|21559|271945|269931|272015
4601|6939|28917|20985
2734|57463|12735|15830|201584
50877|5405|1299|6855|39904|199604
2734|6939|138997|216211|44324|215172|214955|59449
37239|37468|174|6453|4755|7768
210312|4601|50869|6939|59689
14537|3356|1299|198949|35676
24516|174|20723|2852|202874
28917|6939|1299|398104|44273
58057|34549|174|216211|211575
2497|174|35598|52091|206810|196638
34927|52025|174|3356|16735|2716
28917|6939|1299|20473|214732
58308|6939|1299|25400
14907|2914|3257|28917|215730|209693
1299|16164|36032
553|57463|12735|8517|24922
199524|174|14840|2716
198385|15576|57463|12735|60707
205112|50629|33891|60068|211571
9930|1299|33891|216067|44244
35426|215596|1299|6762|267470|263047
42541|1680|20473|47065|61574
8426|6777|57463|12735|208594|48814
4775|1273|174|10490|2722|12148|47065|61574
20612|9044|174|20473|47065|61574
139317|44324|32595|174|141163
41666|57463|12735|211201
398465|1299|29695|206557
1299|3491|7162|13878|52468|60503|268746|61625
553|6939|28917|48084|199961
48070|6939|28917|28907
8283|6939|138997|216211|44324|215172|214955
30600|1299|8551|44709
196621|8758|6424|44592|49581|209693
7500|2516|6830|34927|202827
58308|6939|6830|33915|207894
49788|1299|56630|209944
202032|58115|21263|206970
32590|1299|35598|52091|206810|56766
6667|1299|198949|35676
34927|1299|17676|216211|44324|205369
34019|50263|15935|51744|212325|206468
52025|174|14840|269288
20080|2914|1299|35598|52091|206810|59815|25299
44324|32595|18423|137409|174|1299|4637|20473|40138
23367|1299|35598|52091|44660
58308|6939|1299|44176
34927|56655|1299|4637|20473|47065|61574
22652|1299|6855|39904|199604
58308|6939|42184|215756
215596|1299|7195|28343|2716
9268|4764|1299|29695|206557|208835
49544|3356|174|5538|8194|29345
12637|137409|206216|215172|214955
4777|2497|174|35598|52091|206810|208435
210312|4601|50869|41051|209556
28917|6939|7018|396169
28917|6939|262365|263433|268967
20055|174|35598|52091|206810|8274
174|3356|28370|28657
44324|32595|174|50144
28917|6939|1299|23520|272012
58057|174|6453|19318|209896
262427|174|35598|52091|206810|24881|24697
47147|1299|20473|47065|61574
58308|6939|1299|3223|48254
6696|1299|20473|201423
6830|1299|21351|60132
5413|1299|22773|8119
50304|1299|22773|8119
28917|13335|400095
57111|41327|33891|216067|44244
12859|35598|52091
28917|6939|1299|3308|201503
29504|15935|174|13786|263047
58308|6939|1299|19750
34927|6830|60068|216213|205884
139317|44324|32595|174|18640
3257|174|22381|267470|263047|264389
28917|6939|1299|52423|274239
398465|4826|137409|62000|212815|52053
35426|50263|62000|212815|52053
559|57463|12735|43391|44620
34927|28917|6768|59514|48693|213137
210312|4601|9002|46427|64289|44592|49581|211507
28917|6939|1299|23316
24785|6830|174|13786|263047|269680
5405|6939|2852|199711
58308|6939|1299|203532
4777|2497|174|35598|52091|206810|59815
28917|6939|2852
30600|1299|35598|52091|206810|48687
12389|1299|20473|201423
1273|1299|8551|44709
1299|3356|20473|47065|61574
205206|1299|37468|52468|262393
17660|6453|174|20723|2852|202874
6830|33891|44592|49581|209693
56987|174|13786|263047
58308|6939|6830|23520|262191|273926
58308|6939|7018|401291
577|33891|216067|44244
34177|1299|3356|28370|263535|268030
44324|32595|18423|137409|6461|174|53667|199340
210312|4601|50869|6939|29222|207688
971|174|3356|3223|34224|12735
2914|1299|35598|52091|206810|24881
20080|2914|12859|47065|61574
58308|6939|1299|212477|49592
2734|57463|12735|212549
19653|30600|1299|35598|52091|206810|48687
4826|1299|35598|52091|206810
34927|56655|1299|25091|8298|4601|4492
28917|6939|1299|23520|263703|274022
31742|174|22381|267470|263047|264389
35600|57463|12735|42216|51722|26383
31742|1299|35598|52091|206810|210063
553|6939|58308
199524|1299|6762|16735|273514
48070|57463|12735|206119
44324|32595|174|50131
12637|1299|7195|20473|47065|61574
15935|174|37468|270551|263047
6830|1299|22773|8119
327727|174|3257|28917|215730|209693
50304|1299|3223|34224|12735
30844|6424|44592|49581|209693
53828|2914|174|35598|52091|206810|214721|204108
2500|2914|174|11432|271150
210312|4601|8298|25091|2603|21320|5408|47065|61574
5713|174|201814|209896
9268|4764|1299|6762|49666|58224|214805
23367|1299|174|3130|47065|61574
199524|1299|12956|212721
58511|1299|6855|39904|202605
199524|1299|37468|270551|263047
6667|1299|2914|226|47065|61574
37662|174|204548|215728
3491|138997|216211|44324|215172|214955
1299|7195|11432|271150
58308|6939|9136|211479
58308|6939|33891|201962
20612|6939|138997|216211|44324|215172|214955|59449
34927|1299|3257|19318|209896
41666|20764|52091|206810|59815|25299
213151|41051|58299|22356|28370|269016
4455|33891|216067|44244
34800|58057|50673|33891|34927|202532
262427|174|35598|52091|59815|25299
3491|5408|47065|61574
6720|33891|216067|44244
3491|174|5538|8194|29345
20612|9044|1299|20473|47065|61574
29222|6939|28370|270962
35280|1299|6855|50698
204092|6939|200070
5713|12859|47065|61574
58057|174|5538|8194|29345
198385|15576|57463|12735|205877
29222|6939|29208|56717
8283|6939|2852|204772
12637|57463|12735|51540
148968|7474|3257|174|20473|47065|61574
6424|262287|22356|49418|216127
50673|174|60068|211571
12637|57463|12735|206402
6696|1299|174|60068|205884
42541|57463|12735|3188
34927|1299|3356|8119
20932|1299|20473|201423
210312|4601|6939|28917|44056|57629
206356|50629|174|60068|216213|205884
58308|6939|1299|6424
3170|6939|28370|52593
28917|20764|52091|206810|202497
202365|28917|215730|209693
58308|35598|52091|206810|35273
32590|174|52468|271150
207841|30844|21351|60132
39122|1299|8551|44709
6762|174|210|47065|61574
2027|49434|33891|216067|44244
49432|48362|1299|6762|16735|2716
20205|1299|6453|4755|7768
6894|174|50509|51032|41344|39707
63927|1299|174|60068|205884
559|35598|52091|206810|12773|44884
20055|1299|20473|399970
25091|3356|174|140227|44324|205369
17639|174|35598|52091|206810
22652|1299|6453|8283|211321
34927|60011|3356|1299|198949|35676
23367|1299|35598|52091|206810|56766
327804|37271|174|1916|47065|61574
44393|58057|6939|138997|216211|44324|215172|214955|59449
29075|1299|3223|41327
40387|1299|6855|39904
48070|39326|1299|4213|64260
58308|6939|200462|213579
9900|23764|3356|1299|20473|399970
12779|57463|12735|15830|47952
53828|2914|6424|44592|49581|209693
2497|1299|35598|52091|206810|57164
52025|32097|25091|8298|4601|4492
29222|6939|199081|209847
59414|6830|174|210329|215728
2027|62000|56584|213605
20055|174|35598|52091|206810|59815|25299
58308|6939|7018|396922
34854|1299|37468|270551|263047
35008|1299|6424|44592|49581|209693
40994|57463|12735|15830|34296
139317|44324|32595|174|12310|44679|201308
4775|1273|174|60068|205884
47692|3356|174|216211|211575
559|37468|53062|266493|61625
7660|2516|174|21700|399914
51519|39351|28917|215730|209693
917|60068|5511|1299|3920|206777
12859|57463|12735|208594
28917|6939|263047|267425
553|1828|12179|393398|3356|1299|23033|27323
28917|6939|1299|29774|21538
12779|6939|50989
209|3356|174|60068|216213|205884
9268|4764|1299|35598|52091|206810|59867
210312|4601|50869|52025|53723
7018|1299|29695|206557|204503
271253|6453|174|13786|263047|267425
210312|4601|50869|41051|215980
213151|41051|58299|21320|5408|47065|61574
6894|174|1299|198949|35676
60068|174|1299|6855|39904|47767
57866|1299|22773|8119
58308|6939|40994|204136
34927|1299|6453|1031|61568|266460|61625
328964|37468|174|5538|8194|29345
15547|8455|8283|47065|61574
6830|1299|35598|52091|206810|24881|24697
8283|6461|62000|212815|52053
12637|137409|48011|25184|49801|204533
42473|1299|35598|52091|206810|214268
213151|41051|58299|174|60068|205884
58308|6939|1299|52468|23031
15605|35598|52091|206810|202497
50629|57463|12735|3188
35426|215596|62000|56584|202673
6762|1299|6855|39904|202605
37721|28917|215730|209693
39122|1299|33891|216067|44244
39122|1299|198949|35676
34019|201376|199881
262427|174|35598|52091|206810|59867
58308|6939|1299|207023
58057|1836|9002|62000|212815|52053
35426|215596|1299|6762|16735|273514
19653|30600|174|60068|205884
40994|57463|12735|206119
210312|4601|50869|6939|196610
6720|33891|60068|211571
3356|21320|5408|47065|61574
35369|8218|33891|216067|44244
7594|174|35598|52091|206810|214210
6908|174|11432|271150
34800|58057|50673|174|210329|215728
328964|37468|2914|174|140227|44324|205369
202032|57463|22356|52468|271150
58308|6939|6830|23520|27884
50628|6453|174|20473|47065|61574
50628|1299|3257|20473|47065|61574
140627|1299|3356|28370|267556
12779|57463|12735|60707|216343
32590|3257|28917|215730|209693
3170|6939|28917|44812
1031|999|6453|174|20473|47065|61574
35369|6939|138997|216211|44324|215172|214955|59449
9268|4764|1299|35598|25308|28917|204076
57111|41327|215551|30893|13214|35634
852|174|37468|61568|266460|61625
58308|6939|1299|55410
58308|6939|1299|63270
2734|57463|12735|43391|57844
398465|1299|20473|399970
29075|174|56630|209944
40994|16276|203019
12779|35598|52091|206810|211692|31069
58308|6939|1299|20473|57848
28917|6939|262365|267933
49028|1299|35598|52091|206810|56915
263237|174|1299|25091|8298|4601|4492
139317|44324|401538|393577|213801
28917|6939|1299|20473|36710
3491|1299|35598|52091|206810|24881|24697
139317|44324|32595|174|42228
13030|1299|7195|11432|271150
58308|6939|1299|8764
24482|2914|1299|8551|44709
917|60068|1299|6939|393682
209|3356|1299|6855|50698
2914|174|35598|52091|206810|24881|24697
3130|174|35598|52091|206810|39089
12779|57463|12735|197941
139317|44324|32595|174|4134|140329
44324|32595|174|3356|9009
29222|6939|7018|32673
559|35598|52091|48158
17350|6453|174|3130|47065|61574
28917|6939|1299|23520|262931
139317|44324|32595|174|32934
559|57463|12735|208594
44324|32595|174|32336
58299|7195|28343|2716
32590|137409|174|60068|205884
57111|174|3130|47065|61574
199524|1299|35598|52091|206810|196638
3130|174|14840|269288
4601|50869|6939|28917
16552|1299|35598|52091|206810|35273
39122|1299|6939|2852|212876
6424|174|35598|52091|206810|5598
58308|6939|1299|11179
204092|44592|49581|209693
4826|1299|198949|35676
202032|57463|12735|8517|8456
29691|33891|44592|49581|209693
55222|1299|3356|28370|263060
12637|57463|12735|9121|34478
48070|6939|28917|8491
174|37468|61568|266460|61625
148968|7474|7473|6461|174|37468|61568|266460|61625
58308|6939|12859
32590|1299|35598|52091|206810|214721
9268|4764|1299|3257|28917|215730|209693
6762|1299|6855|39904|199604
50628|1299|56504|47674
7018|6939|28370|264426
14315|2914|174|5538|8194|29345
21232|15576|57463|12735|29399
36924|1299|34927|202827
139317|44324|32595|174|399646|200329
3549|3356|1299|32787|202161
41327|6939|50989
8660|1267|33891|44592|49581|209693
327727|174|35598|52091|206810|35273
139317|44324|32595|174|53667|215502
41666|14840|2716
3701|3356|1299|6855|39904|47767
20514|1299|35598|52091|206810|59815
8220|6453|174|60068|216213|205884
12859|1299|3356|28370|268521
12956|1299|60068|197103|212080
2914|174|210329|215728
58057|34549|1299|10490|2722|12148|47065|61574
20205|1299|12956|212721
1299|29695|206557|208835
29222|6939|28917|39238|49392|9098
35600|6939|2852|61110
7018|6939|30893|205563
6908|174|6453|4755|7768
58299|174|399697|39967|399697
132337|1299|3257|20473|47065|61574
34927|1299|20473|201423
5405|6939|59689
34854|1299|35598|52091|206810|57164
28917|25180|1299|198949|211049
28917|6939|1299|60068|133944
28917|6939|1299|14593
58308|6939|9136|207592
8426|6777|57463|12735|206556
215596|1299|3356|28370|28657
215596|1299|6855|39904|47767
5413|1299|3223|34224|12735
21700|3257|33891|216067|44244
29504|15935|174|216211|211575
852|6461|62000|212815|52053
58057|174|21320|5408|50148
34800|58057|50673|6453|1299|6855|39904|202605
29222|6939|42184|8454
20932|1299|201814|209896
37271|6939|138997|216211|44324|215172|214955|59449
28634|4230|174|20723|2852|202874
204092|34019|47160|62000|6777|20326
2734|57463|12735|42216|62425
139317|44324|32595|174|32505|46689
271253|6453|1299|20473|399970
559|6939|28370|264426
58308|6939|271150|272738
28917|6939|1299|60068|197103|400883
139317|44324|32595|174|216302
48185|2914|3257|28917|215730|209693
6894|6424|44592|49581|211507
58308|6939|6830|23520|263703|274022
210312|4601|6939|28917|8926|41221|207164
28917|6939|47160|203500|206398
28917|6939|1299|21859|62610
44324|32595|174|37468|61568|266460|61625
205112|50629|174|204548|215728
51873|6830|174|52468|262393
199524|1299|35598|52091|206810|214268|197578
20205|1299|17676|216211|211575
20253|1299|33891|216067|44244
136557|174|12956|212721
58308|6939|6830|23520|272935|263730
28917|6939|6830|23520|64126|273917
28917|6939|1299|30823|198983
971|174|35598|52091|206810|56766
28624|61568|174|10490|2722|12148|47065|61574
40994|1299|34927|202532
2914|174|201814|209896
6424|6939|29222|513
3356|174|60068|205884
6424|6939|15372
20080|2914|1299|35598|52091|206810|56766
1299|3356|13786|263047
6720|1764|1299|174|37468|61568|266460|61625
199524|1299|59692|12555
50629|57463|12735|15830|47952
12637|57463|12735|8517|24614
132337|174|210|47065|61574
207841|6939|28917|6789|48004
15605|57463|12735|47123
48919|174|3356|28370|28657
49434|9002|1299|3920|206777
40994|57463|12735|15830|48678
58308|6939|39791|49101
20932|1299|3257|28917|215730|209693
58308|6939|50629|215236
3130|174|60068|211571
513|174|1299|20473|399970
12637|57463|12735|57844
47147|1299|7545|20473|47065|61574
17350|6453|1299|60068|216213|205884
1828|1299|3920|206777
13237|1299|20473|399970
28917|6939|1299|20940|63949
28917|6939|1299|23520|263785
12779|57463|12735|15830|203979
28917|6939|1299|20473|399970
6082|174|35598|52091|206810|39558
5405|6939|30893|199580
48185|1299|174|140227|44324|205369
35600|57463|12735|42216
34800|58057|50673|33891|216067|44244
7195|174|204548|215728
50629|57463|12735|47123|24944
28917|6939|30893|204789
971|174|35598|52091|206810|35273
28917|6939|1299|46261|46978
6057|174|20473|47065|61574
198249|57463|12735|48737
57381|50304|1299|174|13786|263047
58308|6939|49418|207957
4777|2497|174|35598|52091|206810
28917|6939|1299|52468|272883
8218|6461|1299|198949|35676
59105|2518|2516|174|140227|44324|205369
7500|2516|1299|12956|212721
6424|62255|52091|206810|35273
8455|21320|5408|47065|61574
6461|174|13786|263047|267425
20253|1299|174|21320|5408|50148
28917|6939|1299|7545|153364
50673|174|210|47065|61574
398465|137409|62000|212815|52053
45049|6696|1299|20473|201423
20055|174|35598|52091|206810|24881|24697
35625|3356|21320|5408|47065|61574
7660|2516|1299|198949|35676
4601|50869|41051|212470
58308|6939|48678|212598
2497|174|35598|52091|206810|214721
13237|1299|3356|28370|263535
17639|3491|3257|28917|215730|209693
28917|6939|7018|4473
6894|174|35598|52091|206810|48687
132825|174|35598|52091|206810
397131|60011|3356|1299|20473|399970
6777|57463|12735|47123|50055
6424|6939|28917|12739
196621|6939|30893
215596|174|60068|216213|205884
553|7195|28189|266931|269250|271150
28917|6939|1299|20473|214921
12637|1299|6855|39904|47767
328840|327727|174|35598|52091
263152|174|20473|47065|61574
6424|174|35598|52091|206810|56766
42473|1299|3491|216211|211575
210312|4601|50869|34019|202945|210960
44324|32595|174|395348
199524|3356|1299|6855|39904|47767
58308|6939|1299|49788|212514|214909
12859|35598|52091|206810|197960
39122|174|20473|47065|61574
30600|174|140227|44324|205369
42541|1299|6855|39904|202605
28917|6939|1299|265620|272344
29222|6939|7018|397248
28917|6939|1299|52580
23367|1299|25091|8298|4601|4492
41327|6939|24796
50673|33891|3223|34224|12735
55222|174|35598|52091|206810|59815
15547|174|1299|20473|399970
12637|57463|12735|8517|42626
1299|6939|30893|199580
34927|52025|174|35598|52091|206810|57164
37739|3491|1299|6424|44592|49581|211507
6762|2914|12859|47065|61574
33891|6424|44592|49581|209693
206356|50629|215551|30893|13214|35634
58308|6939|1299|12876
210312|4601|50869|58299|48971|208200
42473|1299|3356|20473|47065|61574
7660|2516|3257|28917|215730|209693
44324|32595|174|398113
48070|57463|12735|8517|24922
20932|1299|6461|394737
23367|1299|37468|52468|262393
35600|6939|28917|47759
15935|174|201814|209896
14907|5511|174|52468|262393
28917|6939|7018|20057|64011
48070|1299|3356|28370|267608
553|6939|28370|270962
1299|35598|52091|206810|59815|25299
151326|174|35598|52091|206810|214210
29504|15935|174|1299|20473|399970
34288|1299|3356|28370|267556
28917|6939|208453|210667
29680|174|13786|263047|268546
264479|6762|1299|8551|44709
14315|6453|1299|12859|47065|61574
266213|3356|1299|201814|209896
8455|1299|8551|20473|47065|61574
40994|57463|12735|42216|62425
28917|6939|1299|212477
29222|6939|393682
19151|174|6461|394737
20932|21320|5408|47065|61574
39351|6830|60068|211571
3491|174|35598|52091|206810|59815
262427|174|6461|394737
49544|1299|6855|39904|202605
35266|1299|3920|206777
29222|6939|35600|61025
5405|266493|61625
46450|2914|174|37468|61568|266460|61625
49544|2603|21320|5408|47065|61574
513|29222|6939|263047|262578
20253|1299|3920|206777
29222|6939|32097|11867
20253|1299|3356|28370|269016
28917|6939|1299|4229|21859|396986
50629|57463|12735|42216|62425|213751
28917|6939|1299|20473|215848
18106|2914|1299|3920|206777
328840|327727|174|3356|16735|2716
21700|174|52468|271150
553|62255|52091|206810|59815
28917|6939|1299|27563|396141
41327|21351|60132
23352|2914|1299|20473|47065|61574
34019|6696|1299|3920|206777
207841|6939|25192
16552|1299|3223|41327
140627|1299|35598|52091|206810|214268|197578
44324|32595|174|35598|204490|206306
14907|137409|62000|212815|52053
5713|174|60068|216213|205884
210312|4601|50869|215828|204464
40994|57463|12735
51873|24889|13030|21320|5408|47065|61574
53828|2914|1299|6855|39904|202605
29680|174|35598|52091|206810
58057|1836|1299|6855|39904
58308|6939|7018|32119
22652|1299|20473|47065|61574
58057|174|35598|52091|206810|214721|204108
210312|4601|50869|52025|57851
50629|20764|52091|206810|50204
139317|44324|32595|18423|137409|6461|174|53667|199340
1299|6453|4755|7768
198385|174|2914|20473|47065|61574
139317|44324|32595|174|24429
22652|1299|3356|28370|263535|268030
2734|58453|30990|174|37662|328514
207841|6939|28370|270962
28917|6939|1299|20473|216301
210312|4601|20473|47065|61574
210312|4601|50869|213768|204768
12637|57463|12735|206119
48070|6939|2852|202874
33891|13786|263047|267961
42473|1299|174|22381|267470|263047|264389
559|3320|6855|39904|202605
28917|6939|6830|5089
28917|6939|1299|23520|52228|64124
2734|47787|6424|203020
210312|4601|50869|6939|2852|212876
48919|174|204548|215728
34019|13335|400095
56655|1299|22773|8119
57111|41327|50263|201814|209896
139317|44324|32595|174|53667|205398
14630|6424|44592|49581|211507
2734|13786|263047|264923
917|60068|33891|212815|52053
262427|174|35598|52091|206810|196638
28917|20485|12389|60299|41798|39824|58172|35168|58172
21412|6939|1299|20473|399970
553|6939|25192|29067
205206|6939|138997|216211|44324|215172|214955|59449
139317|44324|32595|174|57225
44324|32595|174|22361|400097
49788|1299|34927|202532
263152|264409|174|210329|215728
28917|6939|1299|6855|208414
15562|2914|3257|28917|215730|209693
6424|6663|3216|51032|41344|39707
58308|6939|1299|136468
3170|2914|12859|47065|61574
28917|6939|1299|23520|262178
58308|6939|6830|23520|264821|270098
64475|28283|268744|2716
4601|50869|6939|2852
58308|6939|1299|35133|214809|205941|211281
35008|1299|52320|7162|13878|52468|271150
24516|174|3356|1680|44709
12969|1299|6453|19318|201813
4601|50869|6939|25192|20701
47147|3320|6453|30058|216211|44324|215172|214955|59449
48070|9304|136237|174|137995
1140|24785|6830|3356|28370|53079
28917|6939|1299|31242
44324|32595|174|393681
2152|3356|1299|6855|39904|47767
4601|50869|199310|215172
12859|6939|24796|63293
3356|1299|6855|50698
35426|215596|1299|3356|28370
42541|37468|53062|266493|61625
44324|32595|174|14960|19551
3333|12859|215551|30893|13214|35634
19151|2914|174|20473|47065|61574
62000|6777|559|196722
12779|3257|1299|6855|39904
29222|6939|41720
44324|32595|174|35916|21769
13030|1299|3356|16735|2716
29222|6939|202297|210951
35600|58453|30990|174|37100|328436
32590|9002|62000|212815|52053
42541|62255|52091|206810|24881|24697
28917|6939|1299|400304
852|1299|35598|52091|206810|35273
12859|57463|12735|43391|50941
8220|6453|174|60068|205884
58308|6939|33891|204419
58308|6939|1299|206364
37239|37468|1299|6855|39904
57866|1299|6855|39904
16552|1299|56630|209944
216285|8280|6762|174|216211|211575
3701|174|35598|52091|206810|24881|24697
1299|20473|201423
28917|6939|1299|22773
64475|20764|43298|48678|205463|213799
210312|4601|50869|41051|203852
4764|1299|35598|52091|206810|214268
17350|2914|1299|35598|52091|206810|202279
15605|57463|12735|8517|211249
2734|57463|12735|43391|209853
2516|3356|21320|5408|47065|61574
216285|8280|6762|174|210|47065|61574
198249|20473|47065|61574
58308|6939|1299|51167
48185|21320|5408|47065|61574
6424|62255|52091|206810|202497
15562|2914|174|140227|44324|205369
38880|2914|6424|44592|49581|211507
39392|174|21700|399914
210312|4601|50869|52025
19653|30600|174|3130|47065|61574
23764|3356|174|140227|44324|205369
58308|6939|7018|18439
34927|1299|35598|52091|44660
58308|6939|1299|205184
52320|1299|3920|206777
58308|6939|1299|208905|208666
34927|52025|174|35598|52091|206810
3356|2914|6424|44592|49581|211507
34927|174|216211|211575
262427|174|3257|21034
8426|33891|216067|44244
58299|266493|61625
63927|137409|174|5538|8194|29345
327727|174|35598|52091|206810|213694
12637|6939|393682
35008|1299|20473|201423
59919|12779|39801|199881
58308|6939|3170|215323
136557|174|35598|52091|206810|8274
15935|174|56630|209944
328964|23764|174|35598|52091|206810|214268|197578
204092|20485|49505|50340|1299|30633
50628|1299|1680|20473|47065|61574
199938|1299|174|204548|215728
4777|2497|2914|6424|44592|49581|209693
4601|50869|199310|207314
8426|6777|57463|12735|60707
40994|57463|12735|209007
216285|8280|6762|1299|42303|51701|30893
271253|6453|174|11432|271150|272738
38001|3491|174|5538|8194|29345
2497|174|13786|263047
50673|8283|47065|61574
34854|1299|21351|60132
210312|4601|50869|52025|200775
58308|6939|59970
3170|6939|25192|20701
8283|6461|9498|20473|47065|61574
8298|8283|3491|209810|207187|205044
12637|57463|12735|15830|215555
50629|20764|52091|206810|214268|196977
209650|34927|1299|6855|39904
58308|6939|29222
42473|1299|6855|39904|202605
20514|1299|35598|52091|206810|214721
35266|1299|20473|47065|61574
35266|2914|174|140227|44324|205369
34549|137409|62000|212815|52053
20130|23352|2914|174|20473|47065|61574
1280|1299|35598|52091|206810|211101
57111|41327|174|56630|209944
22652|1299|60068|216213|205884
12637|57463|12735|212549
327983|37497|3491|2914|6424|44592|49581|209693
58308|6939|6830|23520|52228
37662|1299|3223|34224|12735
327960|174|3257|21034
12859|57463|12735|208594|202365
40994|21320|5408|50148
4601|50869|52025|209552
35600|57463|12735|15830|137922
28917|6939|6830|34549|213045
29075|1299|3356|28370|263060
48070|6939|28917|47759
28917|6939|1299|20473|208505
20253|1299|5511|49666|58224|214805
21700|174|2914|60068|216213|205884
58057|174|1916|47065|61574
139317|44324|32595|208223
207841|57463|12735|47123|24944
28917|6939|29222
8283|6939|30893|200690
58308|6939|29208|62083
40994|6939|28917|50045
50877|5405|6939|2852|197277
35426|215596|1299|3257|20473|47065|61574
35008|1299|7195|28189|266931|269250|271150
215596|62000|6777|209870
7474|7473|1299|35598|52091|206810|57164
44324|32595|174|41625
59414|6830|6453|29208
3130|174|3491|20473|47065|61574
16552|1299|20473|399970
39122|1299|12956|212721
2734|142111|152672|174|3257|40676|397423|400402|62564
29222|6939|50989|33837
28917|6939|1299|29802|205749
16552|1299|6424|44592|49581|209693
10111|1299|3920|206777
8660|1267|33891|60068|211571
215596|174|13786|263047|269680
20055|174|35598|52091|206810|35273
41327|13786|263047|268105
38001|3491|1299|20473|47065|61574
58308|6939|1299|20253|999
6667|1299|6453|8283|215737
44393|394256|174|210|47065|61574
12956|1299|33891|216067|44244
9900|23764|8455|8283|47065|61574
852|1299|35598|52091|206810|214721|204108
15605|57463|12735|8517|1967
52320|174|204548|215728
8220|1299|3356|28370|263060
47147|1299|174|204548|215728
327727|174|21320|5408|50148
25160|1299|6855|39904|199604
132825|174|3257|19318|201813
52320|1299|56630|209944
34927|56655|1299|7195|28260|270548|52794|52659
8283|6939|2852|48091
6777|57463|12735|34619
210312|4601|50869|34019|51306
57381|50304|1299|2914|226|47065|61574
29222|6939|200303
62167|174|60068|205884
28917|6939|1299|20940|36183
12859|57463|12735|205877
513|174|1299|8551|44709
3320|1299|7195|11432|271150|272738
8426|6777|35598|52091|206810|48595
8455|1299|6855|50698
58308|6939|1299|42313
49788|12552|28917|215730|209693
12859|57463|12735|214593
40387|1299|6453|29208
1267|1299|6453|19318|209896
44393|394256|174|60068|205884
199524|174|13786|263047
210937|1299|3356|28370|53079
215596|1299|3920|206777
12779|62255|52091|206810
37721|174|56630|209944
4601|6939|28917|8926|200019|48753
58308|6939|3170|212806
50877|137409|62000|212815|52053
398465|3320|3491|5408|47065|61574
9268|4764|1299|35598|52091|206810|196638
2497|174|35598|52091|206810|214268|196977
286|3257|28917|215730|209693
28917|20764|52091|206810|24881|24697
34927|52025|1299|35598|52091|206810|35273
3320|6830|60068|211571
4601|50869|215509
44324|32595|174|206795
29222|6939|12779
196621|33891|44592|49581|209693
52873|12956|174|399697|39967|399697
205206|1299|29695|206557
4601|50869|41051|203226
6057|6461|1299|20473|47065|61574
3170|37468|52468|262393
13830|971|174|35598|52091|206810|57164
34854|34927|202827
8220|1299|6453|60068|216213|205884
263152|174|8551|20473|47065|61574
20080|2914|174|210329|215728
28917|6939|15576|60311
209650|34927|1299|60068|211571
6082|174|201814|209896
139317|44324|32595|174|212148
19151|2914|1299|6855|39904|47767
207841|6939|30893|205563
41051|58299|266493|61625
207841|57463|12735|47123
271253|6453|1299|3920|206777
3170|9304|136237|174|137995|136237
1267|50263|52025|212895|210320
207841|6939|2852|204772
32590|1299|3356|28370|268521
37468|174|56630|209944
553|6939|25192|20701
199524|1299|3920|206777
45049|6696|1299|6855|39904|47767
20514|1299|20473|399970
12307|29691|1299|20473|201423
205206|1299|6453|1031|61568|266460|61625
29222|6939|30893|205563
7713|174|3356|8772|215536
2027|62000|6777|20326
58308|6939|1299|201319
52025|174|35598|52091|206810|214268
58308|6939|29208|60275
23367|1299|2914|226|47065|61574
28917|6939|1299|17293
6424|62255|62379
35320|1299|3920|206777
140627|6939|138997|216211|44324|215172|214955|59449
1299|35598|52091|206810|56915
199524|1299|4230|52654|266493|61625
52025|174|21320|5408|50148
6830|174|1916|47065|61574
398465|1299|35598|52091|206810|214210
210312|4601|57463|12735|15830|47952
7500|2516|6830|60068|211571
58308|6939|1299|60068|216213|200216
3741|33891|216067|44244
12859|22356|28370|268198
49432|48362|1299|60068|211571
12307|29691|1299|3356|60011|34927|208690
327727|174|22381|267470|263047|264389
58057|34549|6424|44592|49581|211507
42541|62255|52091|206810|24881
20205|1299|3491|7162|13878|52468|60503|268746|61625
327960|174|46475|57463|12735|203963
40994|57463|12735|51559
28917|6939|7018|14654
139317|44324|32595|174|27951|274100
48070|6939|2852|213152
28917|6939|7018|154126
40994|6939|30893
52025|174|35598|52091|206810|214721|204108
1140|24785|6830|3257|20473|47065|61574
58057|34549|174|140227|44324|205369
29222|6939|29208|20708
202297|23764|20485|35598|52091|206810|196638|42702
55222|174|22381|267470|263047|264389
24785|6830|174|5538|8194|29345
13237|1299|3491|7162|13878|52468|60503|268746|61625
559|33891|216067|44244
28917|6939|1299|20473|48231
263152|174|56630|209944
12859|8551|44709
29222|6939|29208|44770
58299|62255|52091|59815
6423|20055|174|35598|52091|206810|202279
7018|1299|8551|20473|47065|61574
34927|1299|3356|28370|267608
34549|174|5538|8194|29345
17660|2914|6424|44592|49581|209693
44324|32595|174|13977|400848
4601|6939|28917|6789|48004
207841|6939|28917|12668|197404
39122|1299|6939|2852|48091
39122|12859|47065|61574
198385|15576|57463|12735|206192
12779|6939|25192|20701
49028|1299|12859|47065|61574
139317|44324|32595|174|17185|25645
3303|9002|62000|212815|52053
29222|6939|6424|134450
6894|174|37468|270551|263047
50131|36236|3257|1299|3920|206777
44324|32595|174|267784
9268|4764|1299|6855|39904
199524|1299|20473|399970
24516|174|3356|16735|273514
31510|174|8551|20473|47065|61574
213151|41051|50263|201814|209896
39351|174|13786|263047|264972
15605|57463|12735|50875|34987
24961|1299|20473|201423
34019|47160|62000|47498|215172|201371
9044|1299|8551|44709
6830|174|60068|197103|212080
58057|174|137409|206216|215172|214955
44324|32595|174|3356|3549|28598
20130|23352|2914|1299|34927|202532
139317|44324|32595|174|41625
31742|1299|35598|52091|206810|24881
12859|35598|52091|206810|39558
174|52468|262393
9900|23764|3356|174|20473|47065|61574
3170|6939|28917|6789
44324|32595|174|200584
202365|50673|174|1916|47065|61574
213241|9002|1299|8551|20473|47065|61574
28917|6939|1299|23520|270200
28917|6939|1299|32097|22295|205563
37271|28917|215730|209693
6830|6204|44592|49581|209693
46450|1299|6855|39904|202605
7713|174|1299|20473|399970
12779|57463|12735|212549
58308|6939|5405|39614
6830|1299|6424|44592|49581|211507
553|62255|52091|206810|5598
328964|23764|174|35598|52091|206810|48687
44324|32595|174|27951|274100
64475|6939|28370
46450|1299|17676|216211|211575
20205|1299|60068|216213|205884
7594|174|34927|202827
327727|174|35598|52091|44660
55222|174|6453|4755|7768
40387|1299|56504|47674
44324|32595|174|398843|401431
41666|49581|209693
24961|3320|174|399697|39967|399697
215596|1299|3356|60011|34927|208690
398465|1299|3257|60068|206406|210557
199524|1299|35598|52091|206810|24881
28917|6939|1299|20473|38008
56987|1299|37468|270551|263047
20932|1299|6762|16735|273514
28917|6939|7018|400072
262427|174|35598|52091|206810
47147|1299|56630|209944
58308|6939|1299|20473|211321
50304|1299|201814|209896
52075|2914|1299|3920|206777
199524|1299|35598|52091|206810|35273
58308|6939|1299|36692
40994|23764|20485|35598|52091|206810|214210
2734|137409|206216|215172|214955
28917|6939|1299|18734|28545|28556
19151|174|7545|20473|47065|61574
210312|4601|50869|41051|204406
139317|44324|32595|174|399544
50629|57463|12735|8517|44639
28917|6939|1299|14080|264718
3170|7195|28189|266931|271615|273522|271150
35426|215596|1299|2914|226|47065|61574
15605|6939|2852|201648
28917|6939|1299|20473|206290
559|56630|209944
58308|6939|15935|201727
6777|57463|12735|43391
12859|57463|12735|8517|210690
50304|1299|7195|20473|47065|61574
174|35598|52091|206810|39558
139317|44324|32595|174|91
328964|37468|174|13786|263047
15605|56911|174|13786|263047
2734|57463|12735|208594|48814
196621|8758|9002|1299|198949|35676
34927|1299|35598|52091|206810|56915
151326|174|35598|52091|206810|24881|24697
41666|20764|52091|206810|214268|197578
971|174|35598|52091|206810
6424|6762|3257|28917|215730|209693
132825|174|3257|19318|209896
6082|2914|1299|198949|35676
263152|174|137409|206216|215172|214955
29222|6939|42184|215756
34927|1299|20473|47065|61574
7594|174|35598|25308|28917|204076
23367|1299|12859|47065|61574
35600|35598|52091|59815|25299
31742|174|204548|215728
28917|6939|1299|3249|43937
199938|1299|174|21320|5408|47065|61574
58308|6939|1299|20473|215150
3320|33891|44592|49581|209693
1280|1299|198949|35676
56662|34549|174|3130|47065|61574
58308|6939|7018|22729
32590|12956|1299|20473|47065|61574
12779|264409|61832|266460|61625
210312|4601|50869|215828|201269|203534
31742|1299|35598|52091|206810|34786
4601|50869|215828|214079
6777|57463|12735|51559|213252
34854|1299|174|62000|212815|52053
41327|6939|15372
4764|1299|35598|52091|206810|214268|197578
136557|174|35598|25308|28917|204076
36236|174|34927|202827
328964|3491|6461|62000|212815|52053
12552|28917|215730|209693
9044|1299|174|204548|215728
4601|50869|6939|28370|52593
15576|35598|52091|206810|202279
1299|13335|5408
50629|57463|12735|51540|206991
28917|6939|1299|23520|22724
8529|6453|174|140227|44324|205369
28917|6939|1299|208905|206446|35793
58057|174|3257|20473|47065|61574
12859|1299|3356|28370|263060
41327|13786|263047|264972
38855|6939|216211|44324|215172|214955|59449
202297|23764|20485|35598|52091|206810|8274
3170|6939|2852|48091
50304|1299|6855|39904
15576|35598|52091|206810|35273
50629|20764|52091|206810|210063
29222|6939|6424|203020
4777|2497|174|35598|52091|206810|39089
57821|12586|3257|174|13786|263047
20514|1299|6453|19318|209896
37468|174|13786|263047
59105|2518|1299|6855|39904
58308|6939|5405|12337
17660|2914|1299|6855|39904|202605
210312|4601|50869|34019|25057
48070|57463|12735|8517|8456
6424|8772|396416
47147|1299|6762|16735|273514
12956|174|3130|47065|61574
35369|8218|28917|215730|209693
58057|174|60068|216213|205884
3170|6939|2852|202874
8218|6461|174|5538|8194|29345
44324|32595|174|50297
17660|2914|174|11432|271150|272738
58308|6939|6424|208277
216285|8280|6762|174|60068|216213|205884
34927|52025|174|35598|52091|206810|208435
139317|44324|32595|174|11240
559|6939|28370|267608
49432|48362|1299|6762|16735|273514
271253|174|35598|52091|206810|197643
21700|174|35598|52091|206810|196638
57111|41327|174|210329|215728
7594|174|35598|52091|206810|202497
7594|174|201814|209896
20080|2914|1299|201814|209896
29222|6939|553|203703
6830|1299|35598|52091|206810|24881
263152|174|3356|60011|34927|208690
3170|6939|28917|21453|199933
34927|1299|12956|212721
28917|6939|1299|33522
12637|6939|28370|263060
12779|6939|30893
12779|62255|52091|206810|35273
205206|1299|3356|28370|268521
8218|6461|1299|8551|44709
4777|2516|1299|12956|212721
174|13786|263047
47147|1299|3920|206777
136557|174|216211|211575
31742|137409|62000|212815|52053
29222|6939|7018|36040
7018|1299|29695|206557|205190
8455|1299|3223|41327
47147|3320|1299|13335|400095
48070|1299|20473|47065|61574
50629|20764|52091|206810|34786
20253|6939|138997|216211|44324|215172|214955|59449
49028|1299|6939|28370|267608
40994|57463|41327|197825
3130|174|204548|215728
41327|6939|30893|199580
50629|57463|12735|47123
8426|6777|57463|12735|9000
39392|174|60068|205884
12859|57463|12735|211682
4601|50869|214757|59449
29075|1299|3356|60011|34927|208690
29222|6939|28917|9110
148968|7474|3257|174|140227|44324|205369
207841|61049|174|216211|211575
58308|6939|1299|20473|398549
29632|9002|21320|5408|47065|61574
50304|1299|7195|28189|266931|269250|271150
8283|2914|13786|263047|262485
22652|174|20473|47065|61574
8283|3320|6855|50698
132825|174|14840|269288
35369|28917|215730|209693
3257|1299|34927|202532
50629|6461|210|47065|61574
29222|33891|44592|49581|209693
917|25369|174|210|47065|61574
44324|7720|10111|1299|8551|44709
327727|174|1299|8551|44709
34854|1299|16276|203019
553|1299|6855|39904|47767
58308|6939|6830|23520|270200
559|37468|52468|262393
25369|174|11432|271150|272738
17350|2914|174|399697|39967|399697
209|3356|174|3130|47065|61574
8220|1299|10490|2722|12148|47065|61574
49028|1299|21351|60132
28917|8359|57304|15935|198143
35426|215596|62000|56584|213605
4230|1299|29695|206557|204503
207841|7195|28189|266931|271615|273522|271150
42473|1299|35598|52091|206810|48687
202032|57463|12735|15464
210312|4601|6939|28917|12668|197404
398465|1299|3223|41327
38001|2914|6424|44592|49581|209693
209650|34927|1299|8551|44709
7474|7473|1299|34927|202827
9268|4764|1299|29695|206557
58308|6939|12735|15830
6830|3356|16735|273514
58308|6939|7018|32673
29222|6939|7018|29992
139317|44324|32595|174|270126|270215
199524|1299|6453|8283|213576
1280|1299|6453|4755|7768
50629|6939|28370|268198
58308|6939|42695|43101
60011|3356|1299|34927|202532
20253|1299|6453|1031|61568|266460|61625
28917|6939|1299|20473|397244
20253|1299|29695|206557|204503
49434|5511|174|11432|271150
34927|52025|174|28189|266931|269250|271150
559|6939|58308
17660|2914|30058|216211|44324|215172|214955|59449
35266|3257|33891|216067|44244
12859|57463|12735|51559
47147|9002|3257|28917|215730|209693
49544|2914|6424|44592|49581|211507
2027|47160|174|13786|263047|271068
199524|1299|6762|16735|2716
35008|1299|29049|49666|205647|49801|204533
199524|174|6461|394737
64475|6939|50989|205966
41327|174|1916|47065|61574
198385|15576|57463|12735|3188
20764|174|60068|205884
28917|6939|1299|63270
48185|3356|174|3130|47065|61574
328840|327727|174|35598|52091|206810|214268|197578
12637|13335|400095
44324|32595|174|984
60068|33891|7195|20473|47065|61574
216285|8280|6762|174|60068|197103|212080
199524|174|35598|52091|59815|25299
12859|57463|12735|34619
32590|6453|174|60068|205884
151326|174|20723|2852|202874
15576|57463|12735|60847
7018|3356|16735|52794|52659
28917|6939|1299|198279|35444
50877|5405|3216|51032|41344|39707
58308|6939|212635
140627|1299|3223|34224|12735
58308|6939|1299|20473|208884
44393|394256|174|6461|394737
7195|6424|44592|49581|209693
213151|6424|44592|49581|209693
44324|32595|174|61506
35600|50263|15935|204860|203299
35598|50263|62000|212815|52053
6830|6939|25192|20701
29222|6939|2852|197451
64475|62255|52091|206810|214268|196977
44324|32595|174|39572
28917|6939|1299|20473|7492
140627|1299|60068|211571
58308|6939|1299|265620|270145
202032|57463|12735|15830|43352
12859|1299|6855|39904
13237|1299|3356|28370|268198
58308|6939|1299|20473|206586
13830|971|174|13786|263047|268546
12859|57463|12735|42216|51722|26383
204092|6939|28917|198297|51081
58308|6939|7018|64230
41666|57463|12735|208130
1299|2914|20473|47065|61574
28917|6939|1299|51834
12779|6939|33924
174|46427|64289|44592|49581|211507
28917|6939|15935|204860|203385
37497|3491|174|8551|20473|47065|61574
29222|6939|7018|397650
44324|32595|174|15235
8283|20764|52091|206810|214268|197578
58057|174|13786|263047|61826
25091|3356|174|399697|39967|399697
37721|174|140227|44324|205369
17350|6453|3356|21320|5408|47065|61574
60068|174|10490|2722|12148|47065|61574
15605|6939|30893|205563
58308|6939|28917|47914
8283|3491|209810|207187|205345
20253|1299|6453|29208
34019|6461|23352|20473|47065|61574
7018|1299|4230|2716
58308|6939|1299|52468|23031|23246
216285|8280|6762|174|34927|202827
139317|44324|14840|269288
14907|1299|3356|60011|34927|208690
62000|6777|5405|213642|329263
6730|6830|3356|28370|269016
12389|174|20473|47065|61574
29169|174|1916|47065|61574
174|17378|8119
58308|6939|1299|198218
553|6939|200303
58308|6939|29670|213674
20080|2914|1299|20473|47065|61574
262427|174|35598|52091|206810|214721|204108
29691|1299|37468|270551|263047
140627|2914|174|210329|215728
12969|1299|3356|28370|263535|268030
9268|4764|174|16276|203019
44324|32595|174|13977|399353
199524|174|35598|52091
41666|1680|20473|47065|61574
199524|174|5538|8194|29345
215596|62000|56584|213605
39122|174|5538|8194|29345
29504|15935|6461|17378|8119
11039|6461|1299|34927|202827
12637|57463|12735|205877
132825|174|35598|52091|206810|197643
32590|137409|62000|212815|52053
1299|174|137409|206216|215172|214955
2027|47160|6939|54429
58308|6939|1299|134521
398465|174|21320|5408|50148
58308|6939|1299|32097|33387
51519|39351|174|3257|20473|47065|61574
50877|5405|6939|30893|13214|35634
202365|50673|174|52468|262393
42541|28283|268744|2716
28917|6939|1299|20473|201489
3399|6461|62000|212815|52053
51786|15623|174|210329|215728
39351|174|60068|205884
6777|35598|52091|206810|211692|31069
3320|1299|35598|52091|206810|59815|25299
7922|2914|6424|44592|49581|211507
12779|62255|52091|206810|214268|197578
5405|31133|51032|41344|39707
196621|9002|917|214598
140627|1299|35598|52091|206810|5598
13830|971|174|3356|3223|41327
40994|6939|50989|205966
58308|6939|1299|60068|917
48070|6939|28917|21453
44324|32595|174|212250|208293|203217|59588
25160|174|216211|211575
58308|6939|6830|23520|262191|274039
58308|6939|33891|61098
553|57463|12735|8517|211249
553|62255|52091|206810|214210
42708|28917|215730|209693
6461|174|34927|202827
210312|4601|6939|28917|39238|49392|9098
28917|6939|1299|52468|264668|267684
3320|1299|35598|52091|206810
50304|12859|47065|61574
35600|57463|12735|15830|48678
23764|1299|201814|209896
49544|6830|60068|211571
41666|206813|9136|1299|20473|206946
6830|1299|35598|52091|206810|211101
6830|174|204548|215728
58308|6939|25400|15765
21700|174|20473|47065|61574
28917|6939|1299|20473|213116
52873|12956|9002|62000|212815|52053
48070|6939|30893|13214|35634
58308|6939|7018|4196
148968|1299|3257|28917|215730|209693
34019|29169|174|140227|44324|205369
28917|6939|200303
28917|6939|1299|58317|48448
23367|3257|174|399697|39967|399697
2734|22356|28370|267556
50629|57463|12735|8517
58308|6939|6830|199524|51191
210312|4601|6939|28917|6789|201069|207979
55222|174|13786|263047
12779|57463|12735|31704
210312|4601|50869|34019|35600|61025
140627|1299|35598|52091|206810|196638
59105|9370|2497|174|52468|271150
48185|33891|44592|49581|209693
49788|1299|3356|28370|268198
202032|58115|21263|33814
3170|6939|2852|61110
39351|174|3491|20473|47065|61574
44324|32595|174|21859
6730|6830|3356|28370|28657
20253|1299|4230|2716
42541|1299|174|3130|47065|61574
50673|174|10490|2722|12148|47065|61574
58308|6939|1299|210015
34927|1299|6424|44592|49581|211507
12637|6939|50989|50683
35008|1299|174|60068|205884
6830|6939|30893|13214|35634
39122|174|2914|20473|47065|61574
6424|62255|52091|206810|196638
11039|6461|1299|60068|211571
52075|33891|44592|49581|209693
196621|6939|50989|50683
29222|6939|8283|57984
6423|20055|1299|29695|206557
139317|44324|32595|174|42313|212986
398465|174|13786|263047|267425
64475|12859|47065|61574
51786|15623|1299|5511|60068|206406|210557
28917|20764|52091|206810|57460
44393|394256|174|60068|216213|205884
139317|44324|32595|174|17267
48362|1299|6453|29208
132847|7474|7473|6939|1299|20473|47065|61574
58308|6939|1299|199508
29075|174|60068|205884
8283|20764|43298|48678|213865
42541|1299|201814|209896
174|6762|49666|58224|214805
34019|33891|216067|44244
35008|1299|35598|52091|206810|197643
29222|6939|7018|15084
199524|174|35598|52091|206810|56915
6453|1299|16276|203019
28917|6939|1299|20473|210932
139317|44324|32595|174|21859
42541|1299|20473|201423
12637|1299|16164|36032
204092|50263|15935|203550
198385|6424|44592|49581|209693
50304|1299|6453|60068|216213|205884
852|174|140227|44324|205369
8283|2914|20473|399970
16347|1299|6453|29208
58308|29075|28917|215730|209693
8529|1299|3491|7162|13878|52468|60503|268746|61625
2497|174|13786|263047|271068
1403|577|33891|216067|44244
12779|3257|1299|6855|39904|47767
61218|29632|9002|3356|1299|20473|47065|61574
12779|57463|12735|47123|50055
174|14840|2716
55222|174|21320|5408|50148
58308|6939|7018|397799
58057|34549|1299|3920|206777
58308|6939|1299|18678
198385|15576|57463|12735|15830|47952
6424|6939|28917|39238|49392|9098
44324|32595|174|401429
28917|6939|6830|23520|265561|270173
38001|3491|174|20723|2852|202874
48070|57463|12735|8517|12777
41666|57463|12735|206402
3701|174|35598|52091|206810|214721
58308|35598|52091|206810|214268|196977
5413|6939|138997|216211|44324|215172|214955|59449
49544|2914|174|20473|47065|61574
7018|174|60068|205884
6423|20055|174|35598|52091|206810|213694
51786|15623|174|1916|47065|61574
29140|174|140227|44324|205369
29140|2914|1299|201814|209896
8426|6777|57463|12735|3188
6830|9002|12555|210259
28917|6939|25192|26710
52025|32097|28283|268744|2716
28917|6939|1299|20115
140627|2914|3356|21320|5408|47065|61574
15623|4455|33891|44592|49581|209693
44324|32595|174|35399
139317|44324|32595|174|206049
58308|6939|1299|60068|51191
4601|6939|28917|35539
9044|1299|56630|209944
174|60068|197103|212080
3399|2603|21320|5408|47065|61574
917|60068|174|56630|209944
40994|6939|30893|199580
29222|6939|62000|198831|215784
41327|34927|202827
24482|138997|216211|44324|215172|214955|59449
559|57463|12735|210021|211181|208293|212330|21245
28917|6939|1299|5617|214666
15605|6762|174|3130|47065|61574
6939|1299|174|62000|212815|52053
29222|1299|174|37468|61568|266460|61625
559|31133|51032|41344|39707
34019|47160|174|1916|47065|61574
50304|1299|6855|39904|199604
41666|57463|12735|8517|9095
6830|137409|206216|215172|214955
21320|33891|60068|211571
32590|37100|1299|6855|39904
13786|22356|33891|216067|44244
21232|15576|57463|12735|205893
5413|1299|6453|8283|211321
8298|51088|8455|1299|8551|20473|47065|61574
8220|1299|174|20473|47065|61574
35008|1299|29695|206557|208835
37271|174|3356|28370|28657
28917|6939|1299|23520|27884|273054
210312|4601|50869|52025|203704
39122|1299|6939|28370|267556
28917|22356|28370|273514
21700|174|35598|52091|206810|48687
327804|37271|3257|1299|3920|206777
559|6939|28917|6789|200702
28917|6939|1299|23520|272935|267705
50629|264409|61832|266460|61625
14907|1299|12956|212721
35426|215596|174|28189|266931|269250|271150
50877|5405|6939|25192|26710
50629|215551|30893|199580
7713|174|20473|47065|61574
58308|6939|1299|62597
50628|6453|174|204548|215728
12637|35598|52091|44660
44324|32595|174|263801
58308|6939|7018|54097
28917|6939|47160|205669
971|174|30844|21351|60132
47147|1299|6939|2852|48091
215596|1299|8551|20473|47065|61574
8220|1299|35598|52091|206810|196638
2734|1031|266493|61625
60068|174|6453|4755|7768
29222|6939|42184|43397
139317|44324|32595|174|208905
6667|174|11432|271150
28917|6939|1299|21738
44324|32595|174|395461
29479|50304|1299|6855|39904|47767
139317|44324|32595|174|46265
209823|25091|8283|47065|61574
29222|6939|15935|201727
132847|137409|62000|212815|52053
6424|6939|28917|48084|59833
8220|3491|174|35598|52091|206810|57164
28917|6939|1299|20473|201235
50629|57463|12735|34476
15576|56630|209944
207841|6939|196610
215596|1299|20473|201423
58308|6939|1299|20473|198510
139317|44324|32595|174|7040
1299|6939|33924
6830|174|20723|2852|202874
202365|50673|174|60068|205884
4181|1299|35598|52091|206810|35273
207841|6939|28917|8491
513|29222|6939|207841|216198
210312|4601|50869|6939|30893|200690
202032|57463|12735|8517|24922
15605|35598|52091|206810|12773|47809|59478
58308|6939|40994|198510
58308|6939|1299|57811|201029
971|174|35598|52091|206810|57164
57381|50304|1299|7195|28343|2716
9268|4764|174|14840|269288
29222|6939|24796|63293
398465|7922|1299|20473|47065|61574
2500|2914|1299|35598|52091|206810|56766
48070|57463|12735|9121|34478
132337|1299|8551|20473|47065|61574
48185|1299|56504|47674
199938|1299|8551|44709
44324|32595|174|16921
50629|57463|12735|212805
1764|174|11432|271150
35710|3320|1299|1680|20473|47065|61574
3491|1299|6855|39904
28917|6939|1299|8375|214019
48362|1299|174|216211|211575
12779|6939|30893|199580
57866|1299|35598|52091|206810|196638
327804|37271|174|210329|215728
6730|6830|9002|12555|210827
52873|12956|1299|35598|52091|206810
37053|37100|174|216211|211575
8283|20764|202984|35598|25308|28917|9049|51017
34019|9498|20473|47065|61574
8283|57866|28917|215730|209693
198385|15576|57463|12735|8517|211249
29222|6939|47787|203020
16347|1299|6762|267470|263047
6461|174|35598|52091|206810|59815|25299
553|57463|12735|8517|1967
7018|174|204548|215728
1299|6939|28370|52593
12586|3257|33891|216067|44244
28917|6939|202297
37100|174|5538|8194|29345
33891|8943|200636
64475|4601|4492
29680|174|34927|202827
327727|174|35598|52091|206810|8274
34019|29169|174|216211|211575
398465|174|13786|263047|268105
46450|3356|216211|44324|215172|214955|59449
8220|6453|1299|29695|206557
51519|39351|1299|3920|206777
28917|6939|39791|49101|51449
553|29632|59682
139317|44324|32595|174|265612
216285|8280|6762|174|210329|215728
2734|57463|12735|8517|48811
28917|6939|1299|6855|49117
58308|6939|1299|211826
12307|29691|1299|8551|20473|47065|61574
139317|44324|32595|174|262287|28666|53231
35280|2914|174|20473|47065|61574
4777|2497|174|35598|52091|206810|213694
58299|62255|52091|206810|12773|213694
4601|6939|28917|48084|59833
28917|6939|15935
3701|174|140227|44324|205369
13030|1299|6453|19318|209896
50629|174|20473|47065|61574
28917|6939|1299|18734|28477
28917|6939|7018|22715
680|1299|6855|39904|47767
513|29222|6939|49418|198981
328512|37100|1299|3920|206777
8529|33891|60068|211571
58308|6939|7018|399756
1403|577|1299|198949|35676
209650|34927|1299|201814|209896
215596|1299|3223|34224|12735
58308|6939|6424
8220|1299|6424|44592|49581|211507
28917|6939|1299|20473|199682
15605|57463|12735|60946
34927|52025|174|60068|211571
28917|6939|1299|20473|134666
7018|6939|54429
12859|22356|28370|270962
6424|6939|30893|199580
61568|174|10490|2722|12148|47065|61574
5405|6939|24796
262427|174|35598|52091|206810|8274
6424|199434|1299|3356|263238
136557|174|201814|209896
3130|174|17378|8119
2734|22356|28370|263060
5405|62255|52091|206810|214721
174|1299|6855|39904|47767
57866|1299|4230|2716
20764|8359|1299|8551|44709
32653|3741|33891|216067|44244
48070|1299|20473|201423
394256|174|22381|267470|263047
22652|1299|6453|4755|7768
35600|35598|52091|206810|211692|31069
1280|1299|3356|8772|215536
398465|1299|174|22381|267470|263047|264389
151326|174|3356|3223|41327
13030|1299|10490|2722|12148|47065|61574
28917|6939|1299|29636
36924|1299|22773|8119
49028|1299|35598|52091|206810|214268
35600|30781|1299|198949|35676
44324|32595|174|397409
327727|174|13786|263047
139317|44324|32595|174|210477
8283|20764|52091|206810|196638|42702
271253|6453|174|11432|271150
1403|577|174|210329|215728
12637|6939|29222|207688
28917|6939|1299|20473|25848
58308|6939|1299|54600
199524|174|35598|52091|206810|213694
20055|1299|29695|206557
263237|174|1299|8551|44709
58308|6939|6830|23520|52228|13335
199524|47311|150249|212001|200160
6082|2914|1299|6855|39904
58308|6939|1299|40185
6830|3491|209810|207187|204943
35600|57463|12735|208594
13830|971|174|1299|6855|39904
57381|50304|1299|7195|28189|266931|269250|271150
12956|1299|35598|52091|206810
37497|3491|3257|28917|215730|209693
28917|6939|1299|8151|278
3491|1299|35598|52091|44660
12956|174|20723|2852|202874
51184|28917|215730|209693
20612|9044|1299|3356|8119
5405|6939|15372|203592
58308|6939|1200
209823|28917|215730|209693
12956|174|13786|263047|267961
58299|56630|209944
58308|6939|7018|986
140627|1299|35598|52091|206810|214721
58057|1836|1299|20473|201423
21232|15576|57463|12735|208594|202365
24482|47311|150249|153176
58057|50673|174|28189|266931|269250|271150
31742|1299|3356|28370|28657
36924|1299|17676|216211|44324|205369
12586|3257|174|13786|263047
6424|1299|8551|44709
12779|35598|52091|44660
29222|6939|7018|11992
6894|174|35598|52091|206810|24881|24697
7660|2516|1299|3920|206777
3303|174|52468|271150
210312|4601|50869|41051|207529
204092|6939|138997|216211|44324|215172|214955|59449
58308|6939|1299|62913
40994|57463|41327|200553|213844
207841|57463|12735|206192
37239|37468|1299|3223|41327
28917|6939|1299|34927
28917|6939|1299|213205
35426|33891|216067|44244
15605|57463|12735|8517|207263
202365|50673|174|2914|226|47065|61574
12350|1299|3356|28370|267608
25091|6453|174|140227|44324|205369
9044|174|11432|271150
6424|37468|53062|266493|61625
48070|57463|12735|8517|8678
12779|174|13786|263047|268105
35600|35598|52091|206810|213694
394256|174|6461|394737
50877|5405|1299|6855|39904
56655|1299|12956|212721
139317|44324|32595|174|45557
24482|137409|62000|212815|52053
1299|6939|54429
207841|6939|28370|264426
5405|6939|16652
22652|174|5538|8194|29345
6777|57463|12735|47123|199419
1299|29695|206557|204503
19151|174|46427|64289|44592|49581|209693
15605|57463|12735|8517|213309
34019|47160|6461|174|37468|61568|266460|61625
23367|1299|6461|210|47065|61574
37271|174|52468|271150
148968|1299|6453|4755|7768
57866|6830|174|11432|271150
8220|1299|3356|28370|267556
1836|6424|44592|49581|209693
48070|6939|58308
28917|6939|1299|20473|13696
553|9002|9304|136897|174|3491|137969|132824
35598|174|37468|270551|263047
137409|6461|21320|5408|47065|61574
28917|6939|1299|21859|63473|55223
3303|28917|215730|209693
48070|41313|6821|1299|29208|205347
6730|6830|3356|16735|52794|52659
50628|1299|7545|20473|47065|61574
139317|44324|32595|174|18678|273114
37105|37662|174|210329|215728
513|174|1299|198949|35676
55720|2914|1299|6855|39904|202605
49028|6830|60068|211571
39122|1299|6939|2852|197451
196621|58115|21263|34125
8220|3491|174|3130|47065|61574
49434|33891|216067|44244
328964|3491|1299|20473|47065|61574
6461|174|35598|52091|206810|211101
23673|9900|23764|8455|8283|47065|61574
15605|57463|12735|60707
210312|4601|50869|6939|30893|13214
37100|33891|60068|211571
52320|137409|62000|212815|52053
4601|50869|34019|200162
28917|6939|1299|23520|11139|14694
6453|1299|12859|47065|61574
6830|174|11432|271150|272738
12350|1299|6855|39904
48070|57463|12735|8517|24614
3491|6461|62000|212815|52053
34927|174|140227|44324|205369
199524|1299|3356|8772|215536
48070|1299|3356|8119
15935|174|3356|3223|41327
29222|6939|7018|62907
216285|8280|6762|174|13786|263047|271068
999|6453|174|37468|61568|266460|61625
1299|3356|21320|5408|47065|61574
207841|6939|58308
34927|1299|3257|60068|206406|210557
207841|6939|2852|212876
57111|41327|13786|263047
559|6939|30893|200690
28917|6939|1299|20473|153185|153187
34927|56655|1299|7195|20473|47065|61574
398465|3320|1299|20473|399970
5511|1299|3920|206777
207841|6939|60432
6696|5511|174|11432|271150
4601|7195|20473|47065|61574
139317|44324|32595|18423|137409|174|1299|20473|40138
49544|3356|1299|198949|35676
51786|15623|1299|60068|197103|212080
4777|2497|174|35598|52091|206810|24881
204092|50263|15935|204860|201931
41327|13786|263047|271068
8426|6777|57463|12735|210021
14907|1299|32787|202161
2497|1299|35598|52091|206810|214721|204108
15623|174|3257|21034
6894|174|13786|263047|262813|265917
139317|44324|7720|10111|1299|60068|216213|205884
28917|6939|1299|20473|215527
28917|6939|1299|31915
4601|50869|6939|29222|204957
15562|2914|137409|62000|212815|52053
327727|174|3356|28370|28657
37105|37662|174|201814|209896
34927|56655|1299|3356|22381|267470|263047|264389
12859|1299|6762|49666|58224|214805
139317|44324|32595|174|397026
4601|50869|52025|210957
174|35598|52091|206810|56766
49544|2914|174|37468|61568|266460|61625
12637|6939|2852|213152
28917|6939|1299|32097|22295|40776
15576|35598|52091|206810|59867
28917|6939|1299|6855|47749
16347|3356|174|399697|39967|399697
33891|37468|270551|263047
207841|57463|12735|206402
202032|57463|12735|8517|210690
4826|137409|62000|212815|52025|212895|210320
6424|137409|206216|215172|214955
513|29222|6939|61618|268364
553|20764|202984|35598|25308|28917|204076
2734|57463|12735|62095
2734|57463|12735|42216|210099
34019|6696|1299|20473|47065|61574
3130|174|28283|268744|2716
23764|3356|174|60068|216213|205884
31510|174|1299|8551|44709
29222|6939|553|204680
199524|174|52468|271150
20253|1299|6453|4755|7768
139317|44324|32595|174|2018|8094
28917|6939|1299|3249|206714
2914|1299|3920|206777
1299|6939|196610|48927
8660|1267|28917|215730|209693
139317|44324|32595|174|22360
3491|1299|35598|52091|206810|214268|196977
24961|6830|60068|216213|205884
50628|1299|12859|47065|61574
12859|29632|59682
210312|4601|50869|214675|208790
56911|1299|20473|399970
210937|1299|6855|39904|47767
7018|1299|198949|35676
207841|57463|12735|8517|210690
50629|6461|137409|63473|200790
6424|6762|1299|6855|39904|199604
12350|1299|6453|22356|28370|28657
45352|137409|62000|212815|52053
55222|1299|3356|28370|267608
1299|3356|13786|263047|269680
49544|2914|1299|35598|52091|206810|35273
394256|174|21320|5408|50148
58308|6939|1299|265540
32590|37100|1299|10490|2722|12148|47065|61574
204092|6939|25192|20701
58308|35598|52091|206810|56915
58308|6939|15935|197451|202872
28917|6939|1299|20473|399976
58057|34549|1299|6855|39904|47767
29504|15935|6461|23352|20473|47065|61574
16552|1299|33891|216067|44244
34019|50263|15935|200844
140627|1299|6461|394737
64475|62255|62379
1299|60068|216213|205884
58308|6939|1299|21277|13335
1267|33891|44592|49581|209693
6830|6939|28917|20985
37721|174|3130|47065|61574
21412|1299|6762|267470|263047
49788|174|13786|263047
139317|44324|32595|174|44891
37105|37662|174|204548|215728
1299|3356|13786|263047|267961
6894|174|35598|52091|206810|214268|197578
45352|1299|3223|34224|12735
328840|327727|174|16276|203019
196621|58115|21263|33814
58057|1836|1299|12859|47065|61574
51519|39351|174|3491|20473|47065|61574
8283|20764|52091|206810|5598
50304|1299|3356|22381|267470|263047|264389
174|3356|9002|8772|396416
12859|1299|8943|200636
11845|37468|174|8551|20473|47065|61574
6424|137409|62000|212815|52053
2497|174|11432|271150|272738
31742|174|60068|205884
139317|44324|32595|174|206312
34927|1299|60068|216213|205884
328840|327727|174|12956|212721
328840|327727|174|13786|263047|267425
34288|1299|60068|216213|205884
6461|174|37468|61568|266460|61625
29222|6939|48678|206030
12637|6939|2852
139317|44324|32595|174|394449
29222|6939|12735|8517
394256|174|1299|198949|35676
15605|6939|2852|210367
28917|6939|1299|20473|17290
21232|15576|57463|12735|211682
215596|174|20473|47065|61574
14907|1299|10490|2722|12148|47065|61574
33891|1299|201814|209896
29222|6939|39791
29222|6939|30893|199580
48185|1299|6855|50698
6424|6939|28370|263535
35008|1299|6204|44592|49581|209693
8298|8283|3491|209810|207187|207198
215596|62000|6777|42541|207727
31742|174|3257|21034
35008|1299|3920|206777
58308|6939|6830|23520|267797|263765
58299|62255|52091|206810|8274
210312|4601|50869|214675
32590|4637|3257|5405|8943|200636
139317|44324|32595|174|26558
17350|6453|1299|6855|39904|47767
132847|7474|3257|174|3130|47065|61574
8220|1299|6453|4755|7768
48919|174|60068|197103|212080
207841|6939|2852|202874
2027|47160|174|13786|263047|268105
52873|12956|1299|3920|206777
3130|174|1299|6939|24796
58308|6939|1299|1759|29422
29691|1299|174|20473|47065|61574
29222|6939|7018|7287
58308|6939|6424|134450
28917|6939|1299|23520|265590
199524|1299|3257|19318|201813
9268|4764|1299|35598|52091|206810|210063
132847|7474|7473|1299|35598|52091|206810|202279
32590|1299|35598|52091|206810|59867
59891|6939|138997|216211|44324|215172|214955|59449
4601|50869|58299|209185
139317|44324|32595|174|263812|208414
328206|37739|3491|1299|6424|44592|49581|209693
215596|1299|20473|399970
40994|57463|41327|205032
25091|3356|174|13786|263047
41327|6939|2852|61110
41327|174|3130|47065|61574
20811|2914|174|3130|47065|61574
11039|6461|174|204548|215728
34927|1299|917|214598
20764|174|140227|44324|205369
58308|6939|7018|399201
15605|57463|12735
209650|34927|1299|6453|29208
28917|6939|30893
58308|6939|1299|52468|272936
136557|174|35598|52091|206810|35273
4764|1299|35598|52091|206810|213694
9268|4764|1299|35598|52091|206810
8283|22356|28370|53079
205206|33891|266493|61625
202032|57463|12735|206192
57111|41327|6461|6057|28283|268744|2716
28917|6939|2852|199711
559|13237|196714|199284|33891|3356|34984
41666|20764|52091|59815
50628|6453|174|11432|271150|272738
8298|8283|2914|20473|47065|61574
20932|1299|6453|29208
6730|6830|12859|47065|61574
5713|174|10490|2722|12148|47065|61574
3741|174|6762|49666|58224|214805
327983|37497|174|204548|215728
31510|137409|62000|212815|52053
48070|6939|28917|39153
34177|33891|216067|44244
16347|1299|6855|39904|202605
3170|2603|21320|5408|50148
50131|174|21320|5408|47065|61574
44324|32595|174|53667|214660
4764|1299|23764|35168|212999
37105|37468|174|5538|8194|29345
917|60068|28917|6768|59514|48693|213137
28917|20910|13194|9002|6830
34177|1299|3356|28370|263060
204092|6939|28917|39134
210312|4601|50869|41051|207076
4777|2497|174|35598|52091|206810|57164
2500|137409|62000|212815|52053
14537|3356|1299|6855|39904
41327|22356|28370|263535
12779|6939|28370|270962
3170|6939|28917|50009
140627|1299|12956|212721
25220|3356|174|20473|47065|61574
28917|6939|1299|20473|44754
52025|174|35598|52091|206810|24881
12859|34927|202532
46450|1299|174|210|47065|61574
58299|20485|49505|50340|1299|30633
47147|1299|6939|50989|33837
1140|24785|6830|174|13786|263047|268105
34927|56655|1299|3257|28917|215730|209693
207841|57463|12735|8517
13786|2914|12859|47065|61574
32590|1299|198949|35676
33891|266493|61625
28917|6939|1299|20473|397546
271253|6453|30058|216211|44324|215172|214955|59449
50877|5405|1299|6855|39904|47767
35600|6939|28917|20985
398465|1299|3356|28370|268198
59414|13030|33891|216067|44244
15605|57463|12735|8517|210690
58308|6939|1299|15164|22379
1031|999|6453|1299|6855|39904|47767
6082|174|35598|52091|206810|24881|24697
3333|1257|174|204548|215728
1764|174|201814|209896
6762|1299|37468|270551|263047
31742|1299|35598|52091|206810|214268|197578
6830|174|35598|52091|206810|59815|25299
264479|6762|1299|20473|399970
34019|50263|15935|51744
206356|50629|1299|6855|39904|47767
6461|1299|35598|52091|206810|59815|25299
37739|3491|174|60068|205884
41722|12389|174|2914|20473|47065|61574
28917|6939|7018|399611
60068|174|7195|20473|47065|61574
59414|6830|3257|19318|201813
12779|174|5538|8194|29345
34177|1299|6453|60068|216213|205884
31742|1299|35598|52091|206810|24881|24697
37271|137409|62000|212815|52053
210312|4601|50869|199310|207314
12859|57463|12735|43391|51540
17350|3356|174|20723|2852|202874
327960|174|35598|52091|206810|210063
34927|1299|6762|49666|58224|214805
48070|57463|12735|8517|31689
41327|174|8551|20473|47065|61574
51873|6830|3356|53062|266493|61625
41327|6939|28370|52593
44324|32595|174|53667|205398
41327|7311|835|394273
44324|32595|174|272102|273011
51185|6762|1299|33891|216067|44244
56655|1299|25091|8298|4601|4492
59890|60068|33891|12859|47065|61574
8455|1299|198949|35676
51786|15623|174|56630|209944
42541|62255|52091|206810|48595
971|174|13786|263047|266089
57866|1299|42303|51701|30893
58308|6939|3170|203363
28917|6939|1299|208905|212616|215283
917|60068|1299|34927|202827
29680|174|11432|271150
151326|174|35598|52091|206810|214268
34019|6939|2852|200874
25160|1299|6855|39904|202605
6424|1299|1680|20473|47065|61574
47160|174|204548|215728
204092|34019|14840|269288
28917|6939|1299|20473|153057|153172
35369|8218|33891|60068|211571
210312|4601|8298|25091|1299|10490|2722|12148|47065|61574
204092|50263|15935|215806
48185|1299|6453|29208
210312|4601|50869|51087
148968|1299|12956|212721
39351|1299|12956|212721
12779|6939|28370|28657
30844|3257|28917|215730|209693
327804|37271|174|140227|44324|205369
6424|62255|52091|206810|12773|211692|196629
210312|4601|50869|52025|209477
6830|6939|59970
40994|57463|12735|208130
47147|1299|3356|28370
29504|39392|33891|21320|5408|47065|61574
6424|64049|174|55410|141549
57381|50304|1299|17676|216211|44324|205369
7018|6453|49666|205647|49801|204533
37271|3257|1299|34927|202532
204092|34019|28283|268744|2716
207841|6939|28917|48084|35816
20253|1299|4637|20473|47065|61574
34927|1299|35598|52091|206810|56766
12779|6939|42695
34019|13335|5408
28917|6939|1299|18734|16960
6424|13335|5408
23367|1299|35598|52091|206810|214721|204108
58308|6939|33891|204243
3214|6939|138997|216211|44324|215172|214955|59449
29222|6939|29208|60275
12637|6939|25192|20701
1267|33891|216067|44244
58308|6939|1299|20473|35085
20514|1299|35598|52091|206810|59815|25299
35280|1299|35598|52091|206810|211101
3491|1299|3223|34224|12735
15692|2914|3257|28917|215730|209693
44324|32595|174|62628
3130|174|3356|28370|28657
50131|174|60068|197103|212080
20205|1299|3356|16735|273514
3170|6939|28917|6789|48004
14315|174|16276|203019
31122|174|13786|263047|269680
3216|1299|6855|39904
28917|6939|1299|27947|273040
44324|32595|174|1299|20473|40138
210312|4601|50869|58299|209898|211894
51786|15623|1299|6453|19318|209896
3741|174|35598|52091
28917|6939|1299|13293
22652|1299|35598|52091|206810|211101
199524|1299|35598|52091|206810|202497
32590|37100|174|216211|211575
29504|15935|174|3356|16735|2716
28917|6939|1299|262206|18809|13335
28917|6939|1299|14586
148968|1299|3216|51032|41344|39707
35600|6939|2852|200874
25091|33891|60068|211571
3130|174|21320|5408|47065|61574
28917|6939|2852|61110
15935|6461|6057|28283|268744|2716
6830|6939|25192
20932|1299|198949|35676
58308|6939|48678|207582
8966|21320|5408|47065|61574
397131|60011|3356|1299|34927|202532
215596|1299|3356|28370|267556
57111|174|1299|20473|399970
41327|13786|263047|267334
20130|23352|2914|1299|3920|206777
28917|6939|1299|4922
58308|6939|1299|13767|13951
29222|6939|7794
28917|6939|1299|23520|262191|273221
34854|1299|6453|19318|209896
2497|174|35598|52091|206810|59815|25299
57821|12586|3257|9002|62000|212815|52053
3170|32787|202161
58308|6939|7018|36610
8220|1299|5511|60068|206406|210557
8426|6777|57463|12735|47190
22652|1299|35598|52091|206810|202279
207841|13335|5408
58308|6939|1299|206264
35280|1299|35598|52091|206810|59867
9268|4764|174|28189|266931|269250|271150
15576|57463|12735|15830|201079
28917|6939|1299|20473|212279|212425
41666|57463|12735|9215
58308|6939|6830|23520|64126|273924
47147|1299|17676|216211|44324|205369
49028|1299|174|60068|205884
58308|6939|1299|397709
15576|57463|12735|8517|213309
7018|6939|2852|61110
6777|57463|12735|51559
29222|9002|34927|202827
25160|174|32595|44324
58299|62255|52091
12779|57463|12735|51540|206991
38001|3491|174|35598|52091|206810
4601|6939|28917|50923
25369|6424|44592|49581|209693
3130|174|13786|263047|269488
44324|32595|174|22439
6777|35598|52091|206810|196638
59891|13030|33891|216067|44244
58308|6939|6830|23520|262178
4764|1299|35598|52091|206810|59815|25299
4637|3356|21320|5408|47065|61574
28917|6939|1299|17018|53698
3491|174|35598|52091|206810|24881
6730|6830|6453|4755|7768
215596|1299|3356|28370|263060
174|13786|263047|262813
6830|1299|35598|52091|206810|39558
20205|174|28189|266931|269250|271150
5405|62255|62379
7473|1299|35598|52091|206810|57164
29222|6939|15962|50881
29222|6939|25192|26710
6730|6830|1299|8551|44709
58308|6939|1299|42615|398338
58308|6939|29208|62102
7474|3257|174|399697|39967|399697
8283|49581|211507
55222|174|28189|266931|271615|273522|271150
29222|6939|61618|268364
1299|35598|52091|206810|197643
58308|6939|1299|21859
206356|50629|13335|399532
29075|6424|44592|49581|211507
58308|6939|208453|205163
17350|3356|3257|28917|215730|209693
15576|35598|52091|206810|39089
971|174|13786|263047|262578
40994|57463|41327|2593
3170|6939|28917|204623
45352|4657|33891|216067|44244
58308|6939|28370|263535
49432|48362|1299|33891|216067|44244
8426|6777|57463|12735|203963
50304|1299|3491|7162|13878|52468|60503|268746|61625
42541|1299|8551|44709
33891|13786|263047|271068
56987|1299|6855|39904|47767
40994|57463|12735|51540
15547|8220|1299|198949|35676
7018|1299|60068|216213|205884
28917|6939|1299|13293|12346
327983|6939|138997|216211|44324|215172|214955
210937|1299|60068|197103|212080
28917|6939|7018|395500
29222|6939|15935|200844
35600|35598|52091|206810|12773|211692|196629
29222|6939|28917|8926
2497|1299|6855|39904|199604
210312|4601|50869|214757
58511|33891|216067|44244
19151|174|7311|835|394273
28917|6939|7018|397248
199524|1299|3356|28370|267608
513|6730|6830|174|37468|61568|266460|61625
35598|174|6453|4755|7768
207841|6939|28917|43886
207841|57463|12735|15830|201079
30600|174|52468|271150
58308|6939|200995
47147|1299|6939|28370|267608
12779|6939|15372|203592
47692|33891|266493|61625
29222|6939|56630|209944
559|6939|28370|268198
6461|1299|35598|52091|206810|24881|24697
4601|8298|28917|215730|209693
199938|1299|60068|211571
262427|174|35598|52091|206810|213694
63927|1299|6453|29208
513|174|138997|216211|44324|205369
32590|12956|1299|3920|206777
64475|6939|28370|268521
3549|3356|1299|6855|39904
202032|57463|12735|57043
39122|1299|3356|8119
15605|57463|12735|3188
47147|1299|20473|201423
8220|1299|3920|206777
32590|1299|201814|209896
12859|57463|12735|208594|48814
58308|6939|196610|48927
1257|1299|198949|35676
50629|16276|203019
29504|15935|13335|5408
216285|8280|6762|1299|34927|202532
28917|6939|1299|8151
58308|6939|199399
29222|6939|28370|267556
55720|2914|1299|35598|52091|206810|196638
44324|215172|214955|59449
29222|6939|28917|48084|199961
15605|6762|1299|3920|206777
198249|13030|1299|60068|216213|205884
204092|6939|28917|21453|41783
8529|6939|138997|216211|44324|215172|214955|59449
139317|44324|32595|174|53667|201517
8220|1299|21351|60132
32590|5511|174|1916|47065|61574
397131|60011|3356|1299|22773|8119
58308|6939|553|34878
28917|6939|1299|52468|264851
3741|174|3257|28917|215730|209693
59689|29075|174|140227|44324|205369
44324|32595|174|32934
3303|174|20473|47065|61574
20612|8758|6424|44592|49581|209693
202365|50673|174|13786|263047|268105
4777|2497|174|140227|44324|205369
271253|1299|21351|60132
37497|3491|1299|20473|47065|61574
58308|35598|52091|206810|12773|52213
139317|44324|32595|174|6621|265705
41722|20764|174|3356|28370|28657
44324|32595|174|1299|16509|21664
34872|24961|28917|6768|59514|48693|213137
6830|2914|226|47065|61574
52320|174|20473|47065|61574
44324|32595|174|36027
17350|2914|1299|35598|52091|206810|56766
398465|1299|6453|4755|7768
34019|47160|174|20473|47065|61574
12779|6939|29222|513|20940
7594|3356|1299|20473|47065|61574
8283|37662|37204|23764|1299|16637|36974
20764|174|13786|263047|268105
28917|6939|1299|20473|55207
3491|1299|35598|52091|206810|56766
52025|174|28189|266931|271615|273522|271150
398465|1299|35598|52091|206810
6424|174|20473|47065|61574
58308|6939|1299|939
24785|6830|174|13786|263047|267425
56987|1299|6855|39904|199604
38136|50131|174|8551|20473|47065|61574
8220|1299|17676|216211|44324|205369
132847|7474|7473|1299|198949|35676
6730|6830|3356|28370|268198
8220|1299|60068|216213|205884
28917|20764|52091|206810|59867
196621|6939|15372
8283|37662|37204|23764|1299|174|37442|36986
28917|6939|1299|32787
137409|174|60068|216213|205884
3399|5511|174|210|47065|61574
559|57463|12735|34476
6762|174|216211|211575
32590|6424|44592|49581|211507
20912|3257|28917|215730|209693
6461|174|28189|266931|271615|273522|271150
199524|6453|174|37468|61568|266460|61625
58299|33891|216067|44244
50629|57463|12735|8517|31689
64475|57463|12735|60707
12859|57463|12735|9000|7155
3320|1299|42303|51701|30893
12350|1299|6855|39904|47767
41666|20764|52091|206810|214210
20253|1299|174|14840|269288
21412|1299|5511|60068|206406|210557
47692|33891|20473|47065|61574
12779|35598|52091|206810|56766
58308|6939|35826|205311
48919|174|1299|20473|399970
327983|37497|1299|6855|39904|202605
204092|6939|28370|52593
2734|57463|12735|15830|211686
207841|57463|12735|31704
4601|50869|44324|211729
34854|1299|37468|53062|266493|61625
139317|44324|32595|174|33544|22729
34288|62000|212815|52053
58057|174|22381|267470|263047
44324|32595|174|26988
8283|37662|327708|37133|37100|174|37054|37035|327885
21700|3257|1299|20473|399970
57381|50304|12859|47065|61574
198385|15576|57463|12735|8517|9095
328512|37100|1299|6855|39904|47767
55720|2914|1299|6855|39904|47767
45049|6696|1299|12859|47065|61574
29222|6939|7018
15605|57463|12735|50875
15605|47065|61574
40994|57463|12735|57043
41327|6939|28370|267608
139317|44324|32595|174|36352
398465|1299|35598|52091|206810|214721
4601|50869|13335|400095
28917|6939|25400
28917|6939|1299|38930
28917|37468|60068|216213|205884
207841|6939|28917|47914
204092|34019|3303|174|140227|44324|205369
37662|9002|62000|212815|52053
3130|174|52468|271150
24482|44324|215172|214955|59449
44324|32595|18423|137409|6461|174|35661|214508
2734|16735|52794|52659
271253|1299|33891|216067|44244
3701|3356|1299|6855|39904
37105|36994|1273|1299|20473|47065|61574
917|25369|6424|44592|49581|211507
327960|6939|138997|216211|44324|215172|214955
64475|57463|12735|42216|51722|26383
15605|57463|12735|42216|62425|213751
198385|15576|57463|12735|8517|44639
210312|4601|50869|52025|205378
52075|33891|60068|211571
6423|20055|1299|29695|206557|204503
8220|1299|35598|52091|206810|214210
47147|1299|16276|203019
41666|57463|12735|29088
28917|6939|215782
35600|57463|12735|51559|42846
8283|3491|138997|216211|44324|205369
58308|6939|202585|215842
34177|1299|6762|16735|273514
44324|32595|174|26801
140627|1299|35598|52091|206810|35273
57111|41327|21351|60132
199524|1299|7195|20473|47065|61574
28917|6939|1299|60068|917
199524|174|3257|8551|44709
202032|57463|12735|43391|209853
29222|6939|28917|44812
139317|44324|32595|174|55286
5405|6939|2852|200874
49028|1299|174|21700|399914
41666|20764|52091|206810|24881
21232|15576|57463|12735|43391
12637|57463|12735|9000|7155
48070|57463|12735|47123|199419
136557|174|21320|5408|47065|61574
58308|6939|1299|21277|210767
513|25091|28917|6768|59514|48693|213137
39351|1299|37468|270551|263047
21232|15576|57463|12735|205877
3491|1299|60068|216213|205884
28917|6939|1299|20473|142130
58308|6939|7018|26305
34019|6939|28370|28657
8283|20764|52091|206810|24881
40387|1299|34927|202827
20055|174|21320|5408|50148
58308|6939|1299|34164|21342
12779|6939|30893|200690
44324|32595|174|397026
50263|52025|212895|210320
132825|174|35598|52091|206810|214268
28917|6939|39791
28917|6939|1299|11049
917|60068|174|210|47065|61574
51088|8455|28917|215730|209693
34927|52025|174|3356|16735|273514
24785|6830|3356|28370
327960|327782|37100|1299|6939|51202|60742
12859|1299|3356|28370|28657
6424|62255|52091|206810|59815|25299
59105|2518|2516|174|60068|205884
28917|6939|1299|20473|214772
20130|23352|2914|1299|198949|35676
20514|1299|3356|16735|2716
5413|1299|6855|39904
206499|34549|1299|33891|216067|44244
7018|3356|216211|44324|205369
3170|8551|20473|47065|61574
3216|1273|174|37468|61568|266460|61625
44324|32595|174|30567
2027|47160|6939|28370|269016
64475|3320|1299|20473|201423
24889|6424|44592|49581|211507
50673|174|60068|216213|205884
58308|6939|553|42873
2500|216211|44324|215172|214955|59449
17350|6453|174|11432|271150
58308|6939|47160|203500|203352
37468|33891|216067|44244
1299|3920|206777
20612|9044|174|60068|216213|205884
12637|1299|60068|216213|205884
51088|8455|1299|6855|50698
51184|1764|174|210|47065|61574
513|174|3257|28917|215730|209693
60011|3356|1299|20473|47065|61574
28917|6939|1299|30823|214138|215375
7018|1299|59692|12555
44324|7720|10111|1299|60068|216213|205884
12859|57463|12735|8517|211249
328964|23764|174|35598|52091|44660
37468|33891|60068|211571
24516|174|35598|52091|206810|39558
207841|52025|212895|210320
50877|5405|22356|28370|263060
58057|50673|174|3257|20473|47065|61574
559|62255|62379
12779|57463|12735
28917|6939|1299|26673
553|57463|12735|8517|24614
44324|32595|174|201896
12637|6939|50989|205966
31742|174|13786|263047
50628|3356|174|20473|47065|61574
24516|174|35598|52091|206810|56766
31742|1299|3491|7162|13878|52468|60503|268746|61625
139317|44324|32595|174|53667|209864
51185|6762|174|201814|209896
41666|57463|12735|208594|202365
6424|6939|33924|198890|57463|34772|35047|5414
202032|58115|21263|30791
57866|1299|3920|206777
3257|174|20473|47065|61574
204092|34019|20473|47065|61574
196621|8758|15576|56630|209944
8426|6777|57463|12735|51559|42846
35426|215596|62000|6777|559
55222|1299|23764|35168|212999
35280|6453|174|399697|39967|399697
49788|1299|3356|28370|267556
44324|32595|174|209847|215540
4601|50869|34019|207910
37271|174|60068|205884
16552|30844|21320|5408|47065|61574
50673|174|3257|22773|8119
207841|6939|2852|61110
327983|37497|1299|201814|209896
44324|32595|174|7497
28917|6939|1299|41528
852|174|60068|216213|205884
6424|62255|52091|206810|48595
58308|6939|1299|44788
15576|174|11432|271150|272738
28917|6939|1299|212175
3130|174|1299|6855|39904|199604
28917|6939|271150
3130|174|13786|28343|2716
52320|1299|3356|8119
44324|32595|174|48266
209650|34927|1299|3257|19318|209896
41327|37468|270551|263047
8899|60294|33891|50673|43414|49784
28917|6939|1299|203660
37053|37100|33891|216067|44244
553|6939|30893|200690
41051|58299|22356|28370|28657
12637|35598|52091|206810|48687
28917|6939|1299|21859|63473
29222|6939|3170|212806
12859|1828|12179|393398|3356|174|50131
32590|1299|6424|44592|49581|209693
18106|174|204548|215728
28917|6939|1299|60068|398991
139317|44324|32595|174|9457
37739|3491|174|37468|61568|266460|61625
45049|6696|1299|42303|51701|30893
513|174|52468|271150
20055|1299|29695|206557|204503
4764|1299|35598|52091|206810|48687
139317|44324|32595|174|61097
28917|6939|1299|52468|273127
213151|34927|1299|20473|47065|61574
3214|1299|174|60068|205884
60068|33891|6424|44592|49581|209693
34177|6424|44592|49581|211507
174|13786|263047|266089
553|1299|1680|20473|47065|61574
196621|9002|8772|215536
58057|174|35598|52091|206810|48595
199524|1299|198949|35676
29222|6939|274610
3257|1299|201814|209896
29222|6939|215085
48070|57463|12735|50875
50629|57463|12735|210021
58308|6939|1299|270126
34927|1299|8943|200636
34800|58057|50673|8283|47065|61574
3701|174|35598|52091|206810|48595
59105|2518|1299|35598|52091|206810
44324|32595|174|393770
12779|35598|52091|206810
1299|3356|21320|5408|50148
28917|6939|1299|25899|25905
6894|174|13786|263047|269680
42541|62255|52091|206810|12773|44710
1267|50263|62000|212815|52053
1140|24785|6830|174|13786|263047|267961
15935|174|35598|52091|206810|59867
58308|6939|7018|397650
29691|1299|174|3130|47065|61574
58308|6939|1299|32270|265619
1273|174|5538|8194|29345
28917|6939|1299|14754
16552|37100|1299|3920|206777
35008|1299|17676|216211|44324|205369
11845|30844|33891|60068|211571
29222|6939|205081
7473|1299|35598|52091|206810|59815|25299
48070|6939|28917|198297
58308|9002|12555
35600|35598|52091|206810|214268|197578
28917|6939|1299|20473|214514
25369|21320|5408|47065|61574
199938|6424|44592|49581|211507
198249|13030|1299|3920|206777
29504|39392|33891|34927|202532
16347|1299|35598|25308|28917|204076
23764|174|35598|52091|44660
1299|62081|198408
196621|6939|50989|48116
49432|48362|1299|7545|20473|47065|61574
34854|1299|174|37468|61568|266460|61625
210312|4601|50869|6939|28370|264426
49788|1299|16276|203019
28917|6939|1299|20473|22665
139317|44324|32595|174|198725
3549|3356|174|20723|2852|202874
3356|1299|6855|39904
271253|6453|174|13786|263047|271068
28917|6939|25400|25225
132847|7474|3257|174|20473|47065|61574
21412|174|60068|205884
45049|6696|1299|7195|20473|47065|61574
6894|174|1299|20473|399970
204092|6939|28917|21453
21700|174|35598|52091|206810|214268
48070|57463|12735|8517|207263
1140|24785|6830|174|5538|8194|29345
198385|15576|57463|12735|43391
1299|174|21700|399914
34019|30781|1299|198949|35676
35600|20473|47065|61574
12637|57463|12735|34619
15605|57463|12735|15830|43352
210312|4601|50869|6939|28370|263535
22652|1299|35598|52091|206810|202497
20205|1299|33891|216067|44244
60326|12859|47065|61574
29222|6939|47536|213370
15935|174|12956|212721
8280|6762|174|1916|47065|61574
15935|174|1299|8551|44709
6830|33891|216067|44244
28917|6939|1299|202276
39351|174|216211|211575
12859|57463|12735|8517|8466
139317|44324|32595|174|29802|401880
20764|174|1299|20473|47065|61574
7500|2516|33891|216067|44244
28917|6939|6830|23520|64126|272980|274084
30844|6424|44592|49581|211507
50877|6762|3356|21320|5408|47065|61574
4601|50869|41051|212037
28917|6939|1299|59437
58308|6939|1299|265620|270111
2497|1299|35598|52091|206810|210063
60068|174|399697|39967|399697
34800|58057|50673|174|2914|226|47065|61574
4601|50869|215828|201541
6830|3356|22381|267470|263047|264389
37662|174|12956|212721
6762|174|21700|399914
41666|57463|12735|9121|34478
29222|6939|39790
8280|137409|62000|212815|52053
28917|6939|1299|20473|153185|153186
41051|58299|174|60068|216213|205884
28917|6939|1299|36137
151326|174|35598|52091|206810|34786
29075|6424|44592|49581|209693
20932|1299|3223|34224|12735
1267|1299|174|13786|263047
40994|3257|28917|215730|209693
44324|32595|174|3714
50629|1031|262999|272466
7018|6939|59689
51184|1764|174|210329|215728
12779|9002|34927|202827
20253|1299|52320|7738|262999|272466
58308|6939|33891|209040
31122|174|5538|8194|29345
58308|6939|268624|262594|269677
32590|12956|174|3130|47065|61574
553|1299|3920|206777
327804|37271|3257|28917|215730|209693
6667|1299|20473|47065|61574
8455|1299|12956|212721
58308|6939|6830|23520|272935|267845|273224
12637|1299|3216|51032|41344|39707
4764|1299|35598|52091|206810|211101
58308|6939|47787|203020
4775|1273|174|21700|399914
35008|1299|3223|41327
202032|57463|12735|208594|48814
140627|1299|35598|52091|206810|59815
49788|1299|1680|20473|47065|61574
202365|50673|174|13786|263047
58308|6939|1299|23487
6424|6939|25192|26710
140627|1299|3257|28917|215730|209693
209823|28917|6768|59514|48693|213137
1273|174|216211|211575
1828|1299|198949|35676
20514|1299|3356|28370|267556
2027|47160|174|140227|44324|205369
971|174|204548|215728
41666|20764|52091|206810|59815
29222|6939|7018|25996
7018|1299|6855|39904|47767
12956|3356|21320|5408|47065|61574
20080|2914|1299|34927|202532
21700|174|2914|20473|47065|61574
49028|1299|6939|54429
50304|1299|52320|7738|262999|272466
58308|6939|6830|23520|22933
3170|6939|28917|198297
46450|1299|3257|60068|206406|210557
12969|1299|5511|60068|206406|210557
58308|6939|1299|5518|51894
3491|174|35598|52091|206810|39089
28917|6939|1299|20473|214242
58308|6939|1299|1759|205250
28917|6939|28370|267556
20205|1299|6453|60068|216213|205884
6696|1299|198949|35676
198249|57463|12735|42216|62425|197715
37105|37662|174|6453|4755|7768
21232|15576|57463|12735|31704
57111|41327|7311|835|394273
20055|174|13786|263047|264972
132825|174|35598|52091|206810|210063
35600|50263|21263|24766
40994|57463|41327|206737
6830|174|22381|267470|263047|264389
22652|1299|3356|28370|263060
15605|35598|52091|206810|39558
28917|6939|1299|52025|202753|204902
2734|22356|28370|263535
2734|63270|174|3356|36207
1764|174|210329|215728
28917|6939|1299|54082|263725|274023
28917|6939|1299|4637|1221
12779|57463|12735|57844
29222|6939|553|5501
4181|1299|6855|39904|47767
40994|57463|12735|51559|42846
12637|57463|12735|43391
20612|9044|1299|174|210329|215728
58308|6939|1299|200107
13786|174|6453|29208
9268|4764|1299|35598|52091|206810|214210
15605|57463|12735|47123|50055
35600|6939|50989
3701|174|60068|211571
148968|1299|23764|35168|212999
14907|1299|174|204548|215728
58308|6939|1299|15113
8283|6939|200303
140627|1299|6453|29208
139317|44324|32595|174|394542|20432
5405|62255|52091|206810
61218|29632|8455|8283|47065|61574
3216|1299|201814|209896
139317|44324|32595|174|400702
394256|174|28189|266931|271615|273522|271150
328137|6939|1299|20473|399970
202032|57463|12735|205877
139317|44324|32595|18423|137409|6461|1299|25091|8298|4601
28917|6939|1299|60051|208293|203214
41666|57463|12735|8517|24922
44324|32595|174|40344
12779|62255|52091|59815|25299
17660|2914|1299|10490|2722|12148|47065|61574
42541|62255|52091|206810|57460
6424|21320|5408|47065|61574
41327|174|204548|215728
207841|57463|14840|269288
210312|4601|50869|41051|208487
139317|44324|32595|174|199391
917|60068|1299|17676|216211|211575
64475|62255|52091|206810|8274
28917|6939|1299|44656
28917|6939|1299|20473|211721
31510|174|1916|47065|61574
9002|3356|174|399697|39967|399697
3170|8926|174|3320
1299|47232|20723|2852|202874
4601|50869|52025|205649
50304|1299|21351|60132
207841|61049|6939|1299|20473|399970
209650|34927|174|140227|44324|205369
40994|57463|12735|43391|50941
327727|174|7311|835|394273
11039|6461|1299|35598|52091|206810|48595
57381|50304|1299|6453|4755|7768
29504|28917|215730|209693
24785|6830|3356|28370|269016
327960|174|35598|52091|59815|25299
38001|3491|174|11432|271150|272738
8426|6777|57463|12735|51476
207841|6939|28917|39134|39561|197695
35600|32787|202161
8455|6424|44592|49581|211507
6830|174|35598|52091|206810|59867
559|7195|28189|266931|271615|273522|271150
45352|1299|6855|39904|199604
8283|2914|13786|263047|274841
41327|8551|44709
6762|1299|201814|209896
38136|50131|174|1299|8551|44709
48070|137409|48011|25184|49801|204533
28917|6939|39790
1299|7195|28283|268744|2716
16552|6939|138997|216211|44324|215172|214955|59449
34019|47160|174|210329|215728
6830|174|5538|8194|29345
15605|57463|12735|206119
199938|1299|33891|216067|44244
58308|6939|1299|22773|20940
50629|20764|52091|206810|197960
327727|174|35598|52091|206810|214268|196977
35600|6939|28917|12668|51883
12779|6939|50989|50683
28792|137409|62000|212815|52053
12956|1299|6855|39904|199604
44324|32595|174|31775
28917|6939|1299|131429|13335
44324|32595|174|57492
12956|1299|20473|47065|61574
47147|1299|174|216211|211575
136557|174|399697|39967|399697
8283|2914|3223|34224|12735
34854|1299|6855|39904|202605
13030|1299|60068|216213|205884
6830|3491|209810|207187|207242
8660|1267|1299|5511|60068|206406|210557
210312|4601|50869|52025|212895|205991
8426|6777|57463|12735|197941
136557|174|35598|52091|206810|24881
34854|3214|6830|2914|268624|28370|28657
3333|6830|60068|211571
1764|1299|3920|206777
64475|62255|52091|206810|196638
48362|1299|1680|20473|47065|61574
48070|6939|28370|267608
58511|1299|20473|201423
3170|6939|28370|269016
28917|6939|1299|52468|269838
11039|6461|174|13786|263047
6830|3356|8551|20473|47065|61574
1299|29695|206557|205190
5405|6939|30893|200690
2734|57463|12735|57043
38855|44324|215172|214955|215956
44324|32595|174|132839
28917|6939|1299|9299|10139
18106|174|399697|39967|399697
3549|3356|174|204548|215728
3130|174|35598|52091|206810|59867
7473|6939|1299|20473|47065|61574
3170|25180|174|41327|206173
3491|174|210329|215728
8455|3356|216211|44324|215172|214955|59449
58057|50673|6453|1299|6855|39904|202605
50877|5405|6939|28370|263535
8283|35598|52091|48158
37497|3491|174|140227|44324|205369
15605|6939|28917
198385|15576|57463|12735|8517|12777
34288|174|399697|39967|399697
29680|174|13786|263047|269488
6423|20055|174|35598|52091|59815|25299
49432|48362|1299|6453|4755|7768
6730|6830|174|13786|263047
15605|41327|37468|270551|263047
6908|1299|198949|35676
28917|6939|1299|20473|396015
6830|3491|209810|207187|207198|206429
202032|57463|12735|206119
47147|1299|13335|399532
47147|1299|6939|28370|263535
398465|1299|35598|52091|206810|48687
12637|6939|24796
24516|174|204548|215728
47692|33891|37468|270551|263047
42541|20764|43298|48678|213865
3320|174|52468|262393
58308|6939|29670|208135
58057|174|8551|20473|47065|61574
34927|174|7311|835|394273
29222|1299|20473|47065|61574
34927|1299|6855|39904|199604
12859|6939|207995
202365|50673|174|3257|22773|8119
44324|32595|174|22612
58308|6939|61618|267216
35369|5405|6939|28370|267608
553|57463|12735|9121|34478
16552|37271|174|11432|271150|272738
60068|174|216211|211575
64475|3320|1299|198949|35676
59890|60068|33891|34927|202532
57381|50304|1299|6453|19318|209896
12637|35598|52091|206810|57460
48070|57463|12735|214593
44324|32595|174|13335|395747
40994|57463|41327|41827
3170|6939|16652
34019|3223|41327
327983|6939|138997|216211|44324|215172|214955|59449
4764|1299|35598|52091|206810|34786
4601|50869|6939|30893|204789
28917|6939|1299|6424|47787|203020
6777|57463|12735|9121|34478
207841|57463|12735|8517|8456
35280|6453|174|60068|205884
139317|44324|32595|174|16843
58308|6939|1299|20473|201726
58057|174|60068|211571
12859|7195|11432|271150|272738
7018|1299|20473|399970
58308|6939|1299|4229
50629|6939|2852|197277
28917|6939|1299|36086
204092|6939|28370|269016
44324|32595|174|400701
6424|174|10490|2722|12148|47065|61574
58308|6939|1299|30823|215730
28917|6939|1299|4538
13786|3356|174|20473|47065|61574
12637|137409|62000|212815|52053
398465|1299|3257|28917|215730|209693
328964|37468|174|11432|271150
52025|174|6453|29208
16552|1299|35598|52091|206810|213694
12586|3257|174|201814|209896
199524|1299|2914|226|47065|61574
58308|6939|1299|262206|27773
7594|174|35598|52091|206810|197643
2497|1299|25091|8298|4601|4492
15605|6939|28370|268198
513|174|28189|266931|269250|271150
559|57463|12735|15464
58308|6939|1299|54103
29222|6939|56595|215742
151326|174|35598|52091|206810|214721
2914|174|21320|5408|47065|61574
28917|6939|1299|23520|52233|262238
58308|6939|6830|23520|46650
48070|6939|60432
58057|1836|33891|60068|211571
132847|7474|7473|1299|35598|52091|206810|24881
28634|28220|7195|33891|44592|49581|209693
13830|971|174|13786|263047
1403|577|174|13786|263047
47147|1299|3356|28370|268198
559|57463|12735|48737
34927|56655|1299|174|37468|61568|266460|61625
139317|44324|7720|10111|1299|60068|197103|212080
15562|2914|174|3130|47065|61574
553|57463|12735|201978|208425
34019|62255|52091
52320|6424|44592|49581|211507
28917|6939|1299|14041|194
20055|174|35598|52091|59815|25299
8220|1299|6453|8283|213576
28917|6939|1299|3249|200425
15576|35598|52091|206810
6082|174|22381|267470|263047|264389
2734|57463|12735|8517|15843
28634|4230|1299|34927|202827
20253|1299|6855|39904|202605
6830|1299|20473|47065|61574
6424|33891|216067|44244
917|60068|174|21320|5408|47065|61574
58057|50673|174|1299|20473|201423
29680|3257|1299|20473|399970
58308|6939|1299|60068|396319
6730|6830|174|52468|271150
58308|6939|1299|52468|273832
28917|6939|1299|4229
6424|6461|28917|215730|209693
48919|174|3356|16735|273514
32590|1299|3356|28370|269016
328964|3491|1299|34927|202532
48070|6939|29222|207688
28917|8359|57304|12735
31122|6453|1299|198949|35676
4601|50869|58299|209807
271253|6453|174|21320|5408|47065|61574
198249|13030|1299|20473|47065|61574
6667|1299|25091|8298|4601|4492
28917|6939|56595|58148
553|1299|6453|29208
41666|57463|12735|8517|2592
58308|6939|1299|17072
4601|50869|59645|216355
56655|1299|174|204548|215728
47692|3356|1299|198949|35676
139317|44324|32595|174|6405
2734|57463|12735|9121|12891
58308|6939|12637
20514|1299|35598|52091|206810|197643
2734|13786|263047|267961
8220|1299|29695|206557|208835
17660|33891|44592|49581|209693
7018|6939|200303
59891|13030|1299|3356|60011|34927|208690
559|6939|28917|6789
29691|1299|6453|19318|209896
62167|6939|138997|216211|44324|215172|214955|59449
1273|174|34927|202827
28917|6939|1299|36236|64114
28917|6939|1299|20473|396500
216285|8280|6762|174|20473|47065|61574
7473|33891|216067|44244
50304|1299|60068|216213|205884
4764|174|28189|266931|269250|271150
35600|13335|5408
9268|4764|1299|35598|52091|206810|214721
20764|174|210|47065|61574
50673|174|216211|211575
49028|1273|16019|59970
11039|6461|174|140227|44324|205369
210312|4601|50869|6939|29222|204957
135895|6939|1299|20473|214587
58299|62255|52091|206810|214268
12307|29691|1299|56504|47674
48070|137409|62000|212815|52053
29075|174|60068|216213|205884
29680|174|35598|52091|206810|48595
35266|1299|8551|44709
36924|6762|3356|21320|5408|47065|61574
2497|1299|6855|39904|202605
139317|44324|32595|174|212318
39122|174|13786|263047|262578
12350|1299|8551|44709
12779|6939|42695|52011
1103|6830|174|60068|205884
40994|6939|28370|268198
25152|2497|174|60068|216213|205884
4601|50869|6939|30893|13214|35634
58308|6939|197580
64475|7195|11432|271150|272738
28917|6939|1299|56911
28917|6939|1299|1759|51164|210167
210312|4601|50869|6939|50989|33837
28917|6939|1299|29264
4777|2497|174|35598|52091|206810|39558
6423|20055|3257|28917|215730|209693
44324|32595|174|20473|40138
7018|3356|13786|263047|271068
5405|1680|20473|47065|61574
20514|1299|32787|202161
24516|174|35598|52091|206810|210063
58308|6939|6830|23520|262191|264647
28917|6939|1299|20473|205398
44324|32595|174|60068|205884
559|6939|42695|43101
20485|1299|6855|39904|199604
59414|6830|174|28283|268744|2716
28917|6939|1299|20473|49867
37100|1299|60068|216213|205884
6461|174|60068|216213|205884
8298|12859|47065|61574
7018|6939|2852|210498
25091|6453|174|3130|47065|61574
42473|1299|6939|2852|201648
49028|1299|201814|209896
12969|1299|6453|4755|7768
20253|1299|3356|28370|28657
3399|174|204548|215728
40994|57463|12735|42216|62425|197715
12637|57463|12735|60707|200334
204092|6939|28917|6789|203561
199524|3356|1299|201814|209896
24961|3356|174|60068|216213|205884
8280|6762|174|20723|2852|202874
48070|6939|29222|41495|206202
5405|12859|47065|61574
28917|6939|1299|20473|402185
148968|137409|62000|212815|52053
24889|13030|28917|215730|209693
28917|6939|1299|29551
32590|1299|10490|2722|12148|47065|61574
196621|15576|56630|209944
48919|174|3491|20473|47065|61574
47147|3320|1299|1680|20473|47065|61574
58308|6939|28917|6789
55222|1299|7195|28260|270548|52794|52659
16552|3257|1299|20473|47065|61574
6424|1299|201814|209896
41327|20764|43298|48678|213865
44324|32595|174|53667|201517
31742|1299|3356|16735|273514
4777|2497|174|35598|52091|206810|8274
2734|52320|7162|13878|52468|271150
49028|1299|3356|28370|269016
21412|174|1916|47065|61574
28917|6939|7018|11992|399599
559|35598|52091|206810|34786
4601|50869|6939|28370|268521
58308|6939|1299|207415
3130|174|3257|19318|201813
202032|57463|12735|3188
2734|57463|12735|208130
7018|6939|28370|267556
3130|174|35598|52091
7500|2516|1299|201814|209896
28917|6939|1299|11664
971|174|35598|52091|206810|48687
28917|6939|138997|216211|44324|215172|214955|59449
6424|174|35598|52091|48158
3130|174|14840|2716
28917|6939|262365
4601|50869|41051|212977
15547|174|52468|271150
3491|174|35598|52091|206810|35273
41327|174|20473|47065|61574
4764|1299|6461|394737
8283|6453|56630|209944
28917|6939|1299|30823|208236
3356|1299|201814|209896
34927|1299|3356|28370|263535|268030
41722|12389|174|1916|47065|61574
35625|33891|216067|44244
4181|3491|138997|216211|44324|215172|214955|59449
20205|1299|29695|206557|208835
398465|1299|35598|52091|206810|5598
48070|1299|8551|44709
28917|6939|1299|20473|19879
12859|35598|52091|206810|39089
3491|174|35598|52091|206810|202497
29222|6939|29208
42541|62255|52091|206810|34786|34789|34786
397131|60011|3356|174|3130|47065|61574
139317|44324|32595|174|16349
20764|174|210329|215728
553|1299|3356|28370|269016
199524|174|21700|399914
6453|174|3130|47065|61574
28917|6939|1299|22497
1140|24785|6830|3356|28370|263535
12552|33891|60068|211571
139317|44324|32595|174|44222|215540
6424|62255|52091|206810|208435
1257|174|204548|215728
132825|174|35598|52091|59815|25299
34854|1299|6762|49666|58224|214805
202032|57463|12735|60707|200334
28917|6939|1299|198949|395831
31742|1299|3356|28370|263535
34019|6939|2852|48091
17350|2914|1299|35598|52091|206810|48687
7474|7473|33891|216067|44244
210312|4601|6939|28917|39238|49392|34567
58308|6939|1299|835|215212
58308|6939|7018|30614
39392|174|20473|47065|61574
139317|44324|32595|174|29802
328964|23764|1299|35598|52091|206810|208435
4777|2497|174|11432|271150
271253|6453|174|8551|20473|47065|61574
28917|8298|4601|4492
13830|971|174|14840|269288
58308|6939|1299|3301|50273
12637|1299|6855|39904
35280|1299|35598|52091|206810|59815|25299
2914|3356|21320|5408|47065|61574
12859|57463|12735|8517|48811
52025|174|35598|52091|206810|214268|197578
7594|174|28189|266931|269250|271150
34927|56655|1299|7195|28283|268744|2716
60326|34927|1299|198949|35676
327983|37497|3491|174|60068|216213|205884
139317|44324|32595|174|327727|329010
24961|6939|138997|216211|44324|215172|214955|59449
58308|6939|6830|23520|265561
4777|2497|174|35598|52091|206810|48595
42473|1299|6204|44592|49581|209693
6762|1299|33891|216067|44244
64475|52320|7738|262999|272466
42473|1299|3356|60011|34927|208690
50877|5405|6939|58308
6424|174|35598|52091|206810
21700|174|35598|52091|206810|202497
58308|6939|6830|23520|27665|263222|274045
58308|6939|3170|215453
28917|6939|1299|8151|28563
513|29222|6939|8943|43915
15605|57463|12735|43391
6424|20764|52091
12779|57463|12735|43391|209853
16552|1299|3356|28370|267608
34927|1299|7545|20473|47065|61574
35600|6939|28917|44812
58308|59689|30781|5511|174|37468|61568|266460|61625
198385|15576|57463|12735|15830|43352
48070|6939|28917|39134
41722|20764|174|204548|215728
553|57463|12735|60847
23367|1299|6453|4755|7768
6830|1299|8551|20473|47065|61574
28917|6939|61618
58308|6939|6830|23520|52468
852|6461|6424|44592|49581|209693
20055|174|13786|263047|52793
58308|6939|7018|2386|11873
20080|2914|1299|6855|39904|199604
15935|174|22381|267470|263047
57866|5511|174|20723|2852|202874
3216|1299|8551|44709
11039|6461|174|3130|47065|61574
328964|3491|1299|198949|35676
58308|6939|7018|46677
28917|6939|1299|398788
19151|174|6762|1680|44709
2497|174|56630|209944
59891|13030|1299|3356|8119
7594|174|37468|270551|263047
6667|33891|44592|49581|209693
28917|6939|1299|23520|263703|269928
136557|174|210329|215728
28917|6939|1299|20473|40574
9268|4764|137409|62000|212815|52025|212895|210320
40994|57463|12735|15830|137922
17350|3356|174|140227|44324|205369
398465|4826|1299|20473|399970
12859|35598|52091|206810|24881|24697
6424|62255|52091|206810|39089
202032|57463|12735|51559|42846
12859|57463|12735|9121|34478
7713|174|7195|20473|47065|61574
328206|37739|3491|174|210|47065|61574
40994|9002|34927|202827
32590|6424|44592|49581|209693
198385|15576|57463|12735|42216
35008|1299|3356|22381|267470|263047|264389
2500|2914|174|204548|215728
44324|32595|174|209532
513|174|1299|34927|202532
3130|174|3356|9002|8772|396416
58308|6939|199081
50877|5405|62255|52091|206810
37721|62000|212815|52053
210312|4601|6939|28917|204623
50877|5405|6830|60068|216213|205884
139317|44324|32595|174|35986|30612
58308|6939|202297|200299
28917|6939|1299|25899|396872
3320|3491|138997|216211|44324|215172|214955|59449
12779|57463|12735|216385
6830|174|35598|52091|206810|197643
3356|174|10490|2722|12148|47065|61574
30600|1299|35598|52091|206810|24881
28917|6939|1299|54829
58057|50673|174|3491|20473|47065|61574
6424|6939|28370|52593
29222|6939|25400|15765
7018|1299|35598|52091|206810|35273
29691|1299|20473|47065|61574
21700|174|35598|52091|206810|8274
35600|35598|52091|206810|196638
35266|1299|35598|52091|206810|214721|204108
1299|174|37468|61568|266460|61625
12637|35598|52091|206810|12773|211692|196629
12859|22356|28370|273514
207841|57463|12735|203963
34854|1299|12859|47065|61574
36924|1299|10490|2722|12148|47065|61574
139317|44324|32595|174|32505|397370|6936
28917|6939|1299|14469
3701|174|35598|52091|206810|56766
34927|60011|3356|1299|6855|39904|47767
58057|50673|174|216211|211575
9268|4764|174|28283|268744|2716
31742|1299|35598|52091|206810|214268
39351|174|60068|197103|212080
44324|32595|174|49121|274000
139317|44324|32595|174|25122
42541|62255|52091|206810|56915
28917|6939|1299|394977
42473|1299|174|37468|61568|266460|61625
28917|6939|1299|16509|14618|60900
44324|32595|174|52580
3399|33891|216067|44244
29222|6939|61618|267320
29222|6939|553|212522|20940
12779|6939|25192
2027|47160|6939|28370|264426
35008|1299|6461|210|47065|61574
49432|48362|1299|3356|60011|34927|208690
6424|37517|1299|174|37309
1403|577|6461|62000|212815|52053
22652|1299|34927|202827
8218|6461|174|1916|47065|61574
58308|6939|5405|49910
12389|1299|60068|216213|205884
2734|57463|12735|60707|200334
55222|174|60068|211571
553|174|216211|211575
29075|1299|3356|8119
60326|28917|215730|209693
34549|174|216211|211575
559|35598|52091|206810
57777|13335|399532
48185|33891|216067|44244
28917|6939|1299|52468|266728
59689|29075|28917|215730|209693
139317|44324|32595|174|214273
37271|174|7545|20473|47065|61574
35426|215596|62000|6777|42541|207727
58308|6939|1299|14080|274030
52320|1299|60068|197103|212080
60068|3491|1299|6855|39904|202605
5413|1299|56504|47674
23367|1299|201814|209896
58308|6939|1299|3301|212632
44324|57463|12735|51559
58299|22356|28370|61708
328964|3491|3257|28917|215730|209693
50629|8298|4601|4492
12956|1299|201814|209896
199524|1299|6855|39904|199604
58308|6939|553|204680|208974
37697|37497|1299|8551|44709
9268|4764|174|22381|267470|263047|264389
35266|1299|35598|52091|206810|48595
8220|1299|34927|202532
2734|22356|28370|28657
49544|21320|5408|47065|61574
58308|6939|1299|52468|273877
40994|6939|42695
4764|174|28283|268744|2716
6830|174|28283|268744|2716
35600|57463|12735|42216|62425|213570
202032|57463|12735|15830|201584
4601|57463|12735|15830|137922
13830|971|174|204548|215728
28917|6939|1299|18734|28548
22652|1299|59692|12555
1273|174|37468|61568|266460|61625
139317|44324|32595|174|39572
28917|6939|1299|20473|131667
47957|3356|174|5538|8194|29345
58308|59689|20473|47065|61574
28917|6939|263047|264923
199524|1299|6453|8283|211321
263152|174|2914|20473|399970
55222|174|35598|52091|206810|24881
28917|6939|1299|3308|42789
5511|174|52468|271150
35600|50263|15935|56360
64475|1680|44709
199524|1299|29695|206557
137409|6424|44592|49581|209693
34927|1299|3491|7162|13878|52468|60503|268746|61625
7018|1299|35598|52091|206810|56915
34927|1299|35598|52091|206810|48595
16552|1299|3356|28370
577|6830|60068|216213|205884
139317|44324|32595|174|42313|212766
198385|15576|57463|12735
327727|174|35598|52091|206810|56915
7594|174|35598|52091|206810|24881|24697
7713|174|13786|263047|262578
6696|1299|34927|202532
327983|37497|1299|8551|44709
20932|1299|10490|2722|12148|47065|61574
209650|34927|1299|20473|47065|61574
559|57463|12735|209007
56662|34549|174|140227|44324|205369
6453|174|13786|263047
58308|6939|28917|12668|51883
39122|1299|10490|2722|12148|47065|61574
50628|33891|216067|44244
49605|6762|174|20723|2852|202874
28917|6939|1299|58317
58308|6939|42184|196731
198249|57463|12735|15830
8220|1299|35598|52091|206810|59867
58308|6939|7018|397556
852|3257|28917|215730|209693
210312|4601|50869|6939|2852|213152
58308|6939|6830|23520|262191
139317|44324|32595|174|397423
1299|32787|202161
6696|1299|7195|20473|47065|61574
328840|327727|174|35598|52091|206810|56915
20205|174|21320|5408|50148
2734|142111|152672|174|3491|4229|21859|154049
28917|6939|1299|51290
48362|1299|3920|206777
42473|1299|174|20473|47065|61574
42541|9498|20473|47065|61574
28917|6939|50698
60011|3356|1299|201814|209896
21232|15576|57463|12735|15830|203979
3333|2603|21320|5408|47065|61574
28917|6939|3170|205479
2518|1299|6855|39904|199604
213151|41051|58299|266493|61625
210312|4601|50869|6939|16652
132825|174|35598|52091|206810|59867
199938|1299|174|60068|205884
49028|1299|6939|2852|48091
58308|6939|1299|3301|2799
44324|32595|174|394542|20432
4181|1299|35598|52091|59815|25299
32590|1299|6855|39904|202605
50629|1299|60068|197103|212080
3170|174|204548|215728
6424|6939|42695
59890|60068|33891|6424|44592|49581|209693
35600|6939|30893|204789
559|137409|62000|212815|52053
1299|174|3130|47065|61574
2734|7311|835|394273
38880|8283|47065|61574
577|1299|3920|206777
12779|57463|12735|15830|201079
174|12389|60299|41798|39824|58172|35168|58172
8220|3491|174|10490|2722|12148|47065|61574
34854|1299|174|1916|47065|61574
42473|1299|6453|1031|61568|266460|61625
41327|174|60068|197103|212080
174|13786|263047|61826
1299|5511|49666|58224|214805
2497|1299|35598|52091|206810|24881
57381|50304|1299|3356|16735|273514
20253|1299|174|1916|47065|61574
7500|2497|174|35598|52091|44660
58308|6939|6830|23520|267713
50877|5405|1299|17676|216211|44324|205369
7713|1299|6855|39904
32590|6453|174|20473|47065|61574
397131|60011|3356|1299|60068|216213|205884
15623|174|204548|215728
49432|48362|1299|1680|20473|47065|61574
28917|6939|1299|20473|11613
35280|3356|174|5538|8194|29345
58308|6939|8943|43915
44324|32595|174|22381
8888|137409|33891|60068|211571
210312|4601|6939|28917|50009
12637|1299|198949|35676
24961|1299|6855|39904|47767
3170|35598|52091|48158
1140|24785|6830|3356|28370
64475|62255|25308|28917|9049|51017
199524|174|35598|52091|206810|214210
34019|35598|52091
49432|48362|1299|60068|216213|205884
1031|28917|6768|59514|48693|213137
12859|35598|52091|206810|210063
199524|174|60068|197103|212080
32590|174|20473|47065|61574
6424|28343|2716
58299|174|60068|205884
34854|8298|4601|4492
971|174|35598|52091|206810|34786
29691|1299|7545|20473|47065|61574
34854|1299|35598|52091|206810|59815
48070|6939|28370|52593
58308|6939|1299|16509|14618
58308|6939|7018|22216
12859|57463|12735|8517|24614
39392|174|2914|226|47065|61574
58308|6939|1299|5617|62321
44324|32595|174|33544
39351|174|2914|226|47065|61574
3170|1680|44709
20055|174|35598|52091|206810|39089
29222|6939|15935|197451|202872
139317|44324|32595|174|53667|202256
58057|174|13786|263047|267961
41327|215551|30893|13214|35634
34927|1299|3356|8772|215536
6762|174|5538|8194|29345
58308|212815|52053
8426|6777|57463|12735|205877
42473|1299|3356|28370|53079
209650|34927|174|210329|215728
12637|6939|30893|13214|35634
262427|174|204548|215728
34927|6939|138997|216211|44324|215172|214955
40994|57463|12735|15830
44324|32595|174|14148
34019|8218|21320|5408|47065|61574
559|57463|12735|51540
35600|57463|12735|43391|44620
28917|6939|1299|32723
12859|49581|209693
327960|174|3356|16735|273514
29504|15935|174|60068|197103|212080
13030|1299|3257|19318|201813
28917|6939|1299|20473|208914
20764|33891|60068|211571
40994|57463|12735|9215
21412|1299|20473|399970
42541|1299|174|60068|216213|205884
29222|6939|25400|31264
41666|57463|12735|8517|24614
55720|2914|1299|35598|52091|206810|202279
210312|4601|8298|25091|6453|174|140227|44324|205369
202032|57463|12735|210021
41666|57463|12735|212805
31742|1299|3356|28370|263963
15605|57463|12735|8517|15843
20514|1299|6762|49666|58224|214805
5405|62255|52091|206810|59815|25299
209650|34927|1299|8551|20473|47065|61574
29222|6939|197580
60068|174|7311|835|394273
28917|6939|1299|399912
35266|2914|174|20473|47065|61574
17350|2914|1299|35598|52091|206810|59867
9268|4764|1299|16164|36032
1299|37468|60068|216213|205884
52863|6939|138997|216211|44324|215172|214955
58308|6939|29208|205400
2914|174|140227|44324|205369
50673|174|21320|5408|47065|61574
48070|57463|12735|9000|7155
16552|37100|1299|198949|35676
58308|6939|28917|48084
29222|6939|2852|61110
7500|2497|174|35598|52091|206810|214721
139317|44324|32595|174|46642
58057|50673|174|6461|394737
58308|6939|28917|48084|199961
14537|3356|1299|20473|47065|61574
174|2914|60068|216213|205884
20055|1299|35598|52091|206810|35273
8426|6777|57463|12735|51321
6730|6830|3257|20473|399970
24482|33891|60068|211571
12637|35598|52091|206810|12773|52213
559|34927|202827
198385|15576|174|3130|47065|61574
202365|50673|174|60068|211571
40387|1299|6453|19318|201813
28917|6939|28370|263060
20055|174|12389|60299|41798|39824|58172|35168|58172
40994|57463|12735|211682
29222|6939|3170|215453
58308|6939|6830|23520|272942
44324|32595|174|21277|39216
21232|15576|57463|12735
29222|6939|262485|272707
58299|62255|52091|206810|24881
20253|1299|20473|399970
23367|1299|52320|7162|13878|52468|271150
48070|20764|202984|35598|25308|28917|9049|51017
38136|50131|174|21320|5408|47065|61574
58308|6939|1299|3301|8464
13830|971|174|35598|52091|206810|8274
28917|6939|1299|20473|397493
8220|1299|6855|50698
57111|41327|6461|7473|33891|20940|16625
32590|1299|35598|52091|206810|59815
50877|5405|6939|28370|269016
47160|62000|47498|215172|201371
28917|6939|62000|198831|210699
6424|6939|54429
15562|2914|6424|44592|49581|209693
64475|62255|52091|206810|34786
29680|174|210|47065|61574
20514|1299|174|210329|215728
19151|174|201814|209896
28917|6939|1299|30600|22379
49028|1299|20473|47065|61574
41666|20764|52091|44660
139317|44324|32595|174|13819
6423|20055|174|13786|263047|268105
139317|44324|32595|174|14960|19551
213151|41051|58299|22356|28370|53079
42473|1299|35598|52091|206810|202279
8220|3491|174|35598|52091|206810|202279
40387|1299|201814|209896
28917|6939|1299|46261
58308|6939|200303
44324|32595|174|42366|212799
132337|33891|216067|44244
28917|6939|6830|33915|200428
132825|174|35598|52091|206810|48687
35266|1299|35598|52091|206810|56766
20205|1299|25091|8298|4601|4492
210312|4601|50869|44324|198304|204518
28917|6939|1299|23520|263703|272951
44393|394256|174|3257|20473|47065|61574
51184|1764|174|140227|44324|205369
6894|174|35598|52091|206810|56766
148968|1299|3356|8119
44324|32595|174|399646|55223
47311|150249|212001|199376
23352|3257|28917|215730|209693
328512|37100|28917|215730|209693
553|174|60068|216213|205884
41327|37468|60068|216213|205884
204092|6939|30893|13214
48362|1299|60068|197103|212080
35008|1299|21351|60132
15576|57463|12735|42216
2734|13786|263047|264972
12859|57463|12735|3188
5405|6939|28370|267608
3320|6830|34927|202827
28917|6939|1299|20473|401060
35600|57463|12735|42216|12599
47147|1299|2914|226|47065|61574
35426|215596|62000|6777|2852
202032|57463|12735|60707
64475|6939|2852|201648
28917|6939|1299|23520|264663
34177|1299|3491|22356|28370|28657
23764|3356|174|10490|2722|12148|47065|61574
40994|174|35598|52091|206810|48687
12779|57463|12735|42216
57381|50304|1299|10490|2722|12148|47065|61574
31510|174|6461|394737
7713|174|1299|25091|8298|4601|4492
44393|394256|174|52468|271150
50629|57463|12735|208594|202365
29680|8220|1299|3491|22356|28370|28657
23367|1299|29695|206557|205190
18106|174|60068|216213|205884
263237|174|6453|19318|201813
14907|1299|7195|20473|47065|61574
971|174|22381|267470|263047|264389
4764|137409|62000|212815|52025|212895|210320
21320|5408|47065|61574
59689|30781|1299|20473|399970
12859|33891|60068|211571
3170|6939|25192
31742|1299|198949|35676
59414|6830|34927|202827
31742|174|210|47065|61574
58308|6939|41073
12859|1031|61568|266460|61625
20514|1299|35598|52091|59815|25299
28917|6939|1299|60068|200325
139317|44324|32595|174|205148
39351|1299|3356|16735|2716
58308|6939|1299|31242|49787
42473|1299|174|60068|205884
42541|2603|21320|5408|47065|61574
202032|57463|12735|51559|213252
286|3257|5405|8943|200636
6730|6830|174|204548|215728
55720|2914|1299|201814|209896
32590|1299|60068|197103|212080
28917|6939|1299|19332|270165
3320|1299|8551|44709
20055|174|35598|52091|44660
29479|50304|1299|22773|8119
21700|174|35598|52091|206810
20055|174|35598|52091|206810|208435
25160|1299|6855|39904|205968
20514|1299|35598|52091|206810|34786
28917|6939|28370|263535
58308|6939|6830|23520|263703|273208
50628|6453|174|5538|8194|29345
48070|6939|25192
917|60068|1299|3356|8119
23352|2914|1299|3920|206777
6908|2914|6424|44592|49581|209693
4230|1299|21351|60132
8220|1299|201814|209896
35600|6939|28917|39153
204092|6939|28370|263535
971|174|13786|263047|267425
61568|174|3130|47065|61574
12779|35598|52091|206810|5598
24516|174|35598|52091|206810|196638
58299|137409|63473|200790
199524|1299|3356|60011|34927|208690
139317|44324|22356|52468|271150
48070|1299|3920|206777
4777|2497|1299|42303|51701|30893
3214|6939|1299|20473|399970
8283|57866|1299|20473|47065|61574
58057|34549|3257|1299|20473|47065|61574
35600|6939|28917|206011
52025|174|35598|52091|59815|25299
58308|6939|1299|39783
58308|6939|8899|42652|44569
58308|6939|1299|29544
24516|174|6453|29208
41666|57463|12735|42216
553|62255|52091|206810|197960
48070|6939|196610
52025|174|35598|52091|44660
202032|6939|1299|20473|399970
44393|394256|174|1299|8551|44709
210312|4601|50869|52025|209552
29691|1299|174|216211|211575
8529|1299|3223|41327
5713|174|60068|197103|212080
49028|1299|35598|52091|206810|210063
4601|50869|199310|207529
58308|6939|6830|23520|263703|269820
28917|6939|1299|6855|200828
328840|327727|174|35598|52091|206810|214210
64475|6204|208972|210538|6775|13030|4637|133398
28917|6939|263047|267961
3491|174|140227|44324|205369
57777|8298|8283|3491|209810|207187|206420
917|25369|174|399697|39967|399697
6696|1299|56630|209944
2734|142111|152672|174|3257|6205|197450
61049|2914|1299|20473|47065|61574
21232|15576|35598|52091|206810|56766
139317|44324|32595|174|28511
20932|174|210|47065|61574
58308|6939|1299|9141|43681
7018|3356|13786|263047|269680
44324|32595|174|399646|40776
29691|1299|60068|197103|212080
59890|60068|1299|20473|47065|61574
198249|13030|1299|10490|2722|12148|47065|61574
58308|6939|6830|23520|264821
48362|1299|6762|267470|263047
50629|20764|52091|206810|214721
35598|174|28189|266931|271615|273522|271150
56655|1299|174|210329|215728
2734|4800|174|7632|9905|139455
25091|1299|174|13786|263047
28917|6939|30893|13214
57695|917|60068|1299|12859|47065|61574
58308|6939|1299|11414
58308|6939|6830|23520|46650|401400
8426|6777|35598|52091|206810|39558
28917|6939|138997|216211|44324|215172|214955
7018|6939|30893|204789
55222|174|3356|28370|28657
12859|35598|52091|206810|12773|47809|50780
58308|6939|1299|20473|210659
58057|34549|1299|6855|39904|202605
4775|1273|174|8551|20473|47065|61574
6894|174|56630|209944
6424|62255|52091|206810|214721
6830|174|13786|263047
264479|6762|1299|42303|51701|30893
30600|174|37468|61568|266460|61625
37662|174|52468|262393
4601|50869|41051|212834
210312|4601|50869|6939|28370|270962
28917|6939|1299|3223|58744
22652|1299|34927|202532
6830|6939|28917|48084|59833
19653|30600|1299|35598|52091|206810|214721
553|57463|12735|8517|206887
34019|30781|1299|20473|47065|61574
29691|1299|3223|34224|12735
44324|32595|174|27951
28917|6939|207995
206356|50629|1299|21351|60132
28917|6939|1299|3308
12389|1299|60068|197103|212080
2914|174|20473|47065|61574
28917|6939|1299|20473|199695
9044|1299|3356|8119
47160|174|13786|263047|269680
15576|35598|52091|206810|56766
58308|6939|7018|46488
199524|174|138997|216211|44324|205369
59105|59103|2907|20965|5408|47065|61574
12859|57463|12735|8517|207263
328206|6939|138997|216211|44324|215172|214955
58308|6939|6830|23520|52468|269934|274125
28917|6939|1299|3301|29217
207841|6939|28370|267556
49788|1299|8551|44709
2497|174|35598|52091|44660
58511|8455|8283|47065|61574
34019|6939|25192|20701
28917|6939|1299|49604
44324|32595|174|206310
58057|174|22381|267470|263047|264389
14537|13786|174|210329|215728
327960|174|204548|215728
64475|56630|209944
6424|264409|61832|266460|61625
56987|174|204548|215728
20764|28917|215730|209693
2497|1299|35598|52091|206810|214721
14907|1299|6855|50698
58308|6939|7018|4473
1103|28917|215730|209693
29222|6939|12637|202448
12859|44592|49581|209693
7500|2497|174|35598|52091|206810|214268|197578
2518|2516|174|60068|205884
58308|6939|208453|52025|212895
41051|58299|22356|28370|269016
49544|2914|1299|35598|52091|206810|48595
34927|52025|174|22381|267470|263047
4181|1299|3223|34224|12735
6424|6939|2852|197451
6424|37517|1299|174|37649
23764|137409|62000|212815|52053
28917|6939|1299|20473|215311
14907|5405|14840|269288
12859|1299|198949|35676
8283|20764|52091|44660
216285|8280|137409|62000|212815|52053
58308|32787|202161
49432|48362|1299|3356|28370|263963
28917|6939|1299|62874|204646
50628|1299|6939|54429
12956|1299|1680|20473|47065|61574
4601|50869|34019|34958
39351|1299|20473|201423
174|35598|52091|206810
202032|57463|12735|214593
50304|1299|7195|28189|266931|271615|273522|271150
196621|6939|2852|199711
58308|35598|52091|206810|202497
49028|1299|3356|28370|263535|268030
6730|6830|3356|56630|209944
49434|5511|174|52468|271150
48070|57463|12735|8517|9095
394256|174|37468|53062|266493|61625
20055|174|34927|202827
56911|28917|215730|209693
50300|9002|62000|212815|52053
6894|174|35598|52091|206810|59815|25299
20764|174|1299|3920|206777
22652|174|28189|266931|269250|271150
41327|13786|263047|269488
210312|4601|8551|44709
28917|6939|1299|18678
20205|1299|20473|47065|61574
34019|44592|49581|209693
28917|6939|1299|18678|269986
15605|6939|50989|205966
199524|33891|44592|49581|209693
29680|174|35598|52091|206810|202497
41722|12389|174|52468|271150
47147|1299|20473|399970
22652|174|3356|8119
9268|4764|1299|35598|52091|206810|208435
50628|1299|3920|206777
12859|35598|52091|206810|48595
327727|174|5459|200070
34019|56630|209944
5405|6939|30893|204789
553|57463|12735|60946
999|6453|1299|3920|206777
12779|57463|12735|201978|208425
58308|6939|2852|197277
8280|6762|174|13786|263047|267425
139317|44324|32595|174|30021
204092|6939|29222
35360|6424|44592|49581|211507
58308|6939|29222|204957
58308|6939|1299|31242|198050
12307|29691|1299|3223|34224|12735
48362|1299|2914|226|47065|61574
139317|44324|32595|174|205583
55222|1299|3356|28370|263535
28917|6939|1299|52468|271785
2734|57463|12735|15830|34296
327960|174|35598|52091|206810|24881|24697
36924|1299|6204|44592|49581|209693
58308|6939|6830|23520|262191|274248
34927|52025|174|35598|52091|206810|39089
52320|1299|2914|226|47065|61574
58308|6939|6830|23520|6503|28469
31742|1299|35598|52091|206810|59815|25299
53828|137409|62000|212815|52053
28917|6939|29222|204957
209650|34927|174|1916|47065|61574
14315|174|1299|8551|44709
6894|174|13786|263047|262578
59919|52025|212895|210320
196621|6939|15372|203592
28917|6939|1299|37425
6830|3356|28370|268521
6762|174|8551|20473|47065|61574
48070|57463|12735|48737
4601|50869|41051|212121
12779|57463|12735|43391
327804|37271|174|201814|209896
12859|1299|17676|216211|44324|205369
48919|174|3356|16735|2716
13830|971|174|35598|52091|206810|56766
139317|44324|32595|174|401486
132337|1299|3356|8119
196621|6939|28917|204623
44324|32595|174|21320|5408|47065|61574
12779|57463|12735|206192
32590|174|60068|216213|205884
4777|2497|174|28283|268744|2716
4601|6939|28917|21453|35271
8220|1299|16164|36032
1103|6830|174|28189|266931|271615|273522|271150
28917|6939|28370|273514
34927|1299|3216|51032|41344|39707
28917|6939|1299|63473|18909
47160|174|3356|28370|28657
3170|6939|2852|199711
6762|1299|6855|39904
44324|32595|174|212551
64475|7195|28189|266931|271615|273522|271150
198385|174|60068|211571
50629|57463|12735|57043
199524|174|35598|52091|206810|59815
132825|174|204548|215728
3130|174|8551|20473|47065|61574
398465|1299|6453|1031|61568|266460|61625
12859|57463|12735|8517|15843
29222|6939|9136|34219
199524|1299|3356|8119
174|22381|267470|263047|264389
9268|4764|1299|35598|52091|206810|39089
21232|15576|57463|12735|9215
5405|1299|20473|399970
2734|57463|12735|3188
28634|4230|33891|44592|49581|209693
29222|6939|200462|213579
199524|1299|174|37468|61568|266460|61625
21232|15576|57463|12735|9000|7155
35008|1299|37468|60068|216213|205884
41722|20485|174|52468|271150
13237|33891|60068|211571
41666|57463|12735|8517|48811
3170|6939|29222|41495|206202
58308|6939|6830|23520|267853
12956|174|52468|271150
199524|174|13786|263047|262578
20205|1299|6453|19318|209896
35600|35598|52091|206810|5598
4601|50869|52025|214347
40994|174|20473|47065|61574
34927|174|60068|205884
36924|1299|35598|52091|206810|214721|204108
34177|1299|3356|28370|263535
2734|13786|263047|262813|265917
2734|13786|263047|52793
50629|6461|9498|20473|47065|61574
271253|6453|174|21320|5408|50148
60011|3356|174|20473|47065|61574
28917|6939|1299|52468|274063
3216|1299|174|204548|215728
24785|6830|3356|28370|28657
39120|174|204548|215728
58308|6939|1299|34927|210667|204375
58308|6939|21430
49028|1299|174|13786|263047|269680
3170|6939|15372
32097|20473|399970
59890|60068|33891|20473|47065|61574
7018|32787|202161
58308|6939|1299|208905|47956
12859|57463|12735|210021|211181|208293|212330|21245
6424|13786|263047
58308|6939|12637|60087
52925|3356|1299|20473|47065|61574
271253|6453|1299|34927|202532
35600|6939|25192|26710
202365|50673|174|1299|20473|47065|61574
44324|32595|174|16637|36974|20940
148968|1299|6453|19318|209896
207841|6939|28917|50923
60068|1299|34927|202532
12637|16276|203019
8283|14840|2716
58308|6939|1299|16509|8987
215596|1299|3257|19318|201813
971|174|35598|52091|206810|196638
57111|174|6762|16735|273514
34927|1299|20473|399970
28917|6939|1299|7843|11351|7828
29222|6939|9136|206236|208183
328840|327727|174|50509|51032|41344|39707
6939|1299|201814|209896
37497|1299|20473|399970
28917|6939|1299|23520|262191|273078
139317|44324|32595|174|22168
12859|16276|203019
22652|1299|6762|49666|58224|214805
34927|1299|3356|28370|268198
51786|6939|138997|216211|44324|215172|214955|59449
207841|57463|12735
47147|1299|7195|28343|2716
58308|6939|7018|16576
55222|174|35598|52091|206810|57164
31742|1299|3257|19318|201813
5713|174|60068|205884
327727|174|56630|209944
12779|14840|269288
20205|174|60068|216213|205884
139317|44324|32595|174|203099
41666|20764|52091|206810|48687
6082|174|35598|52091|206810|56766
56911|1299|22773|8119
22652|1299|3356|28370|267608
58308|6939|1299|43519
58308|6939|1299|60068|216213
328512|37100|1299|6855|39904
2497|174|35598|52091|206810|202279
35369|1764|1299|3920|206777
57111|41327|13786|263047|271068
35600|6939|2852|204772
6830|174|35598|52091|206810|35273
205206|1299|12956|212721
55222|174|3257|21034
58308|6939|49418|213887
139317|44324|32595|174|56501
15623|1299|174|216211|211575
15692|2914|6424|44592|49581|211507
15576|35598|52091|206810|214721
205206|1299|174|22381|267470|263047|264389
48070|6939|28917|197078
21232|15576|57463|12735|208594
21700|174|210|47065|61574
8426|6777|57463|12735|62095
44324|32595|174|48266|61112
28917|6939|1299|9141|211742
34854|1299|35598|52091|206810|210063
139317|44324|32595|174|44222
12779|174|13786|263047|52793
199938|1299|1680|20473|47065|61574
6461|174|14840|269288
51786|15623|3303|28917|215730|209693
6057|174|60068|216213|205884
55222|174|28283|268744|2716
204092|37662|327708|37133|37100|174|37054|37035|327885
14907|1299|13335|400095
202032|57463|12735|47123
35280|1299|35598|52091|206810|214721|204108
28917|6939|7018|46677
2518|1299|20473|47065|61574
4601|50869|52025|200775
12779|35598|52091|206810|59815
47147|1299|174|13786|263047|262578
16552|1299|3356|60011|34927|208690
917|60068|174|62000|212815|52053
6424|6939|28917|204623
210312|4601|50869|6939|2852|210498
29222|6939|28917|204623
28917|6939|1299|20473|210659
29691|1299|174|60068|205884
46450|1299|6762|60068|205884
28917|6939|1299|147049
34927|56655|1299|52320|7162|13878|52468|271150
139317|44324|32595|174|992
29222|6939|199081
11039|6461|1299|35598|52091|206810|57164
196621|6939|24796|63293
44324|32595|174|209589
28917|6939|1299|20473|132479|153034
42541|62255|52091|206810|214268
2497|1299|35598|52091|206810|56766
7594|3356|2914|6424|44592|49581|211507
34927|6939|138997|216211|44324|215172|214955|59449
58308|6939|7018|14858
12637|6939|2852|197451
15605|57463|12735|15830|201584
28917|6939|1299|208905|61102|60068|62651
999|6453|174|13786|263047|267961
51873|6830|174|8551|20473|47065|61574
58057|174|35598|52091|206810|24881
14315|6453|1299|3920|206777
4601|50869|199310|202335
37236|15022|6939|1299|20473|399970
7500|2497|174|35598|52091|206810|214721|204108
38001|3491|174|60068|205884
12779|57463|12735|8517|207263
51519|39351|174|13786|263047|271068
35426|215596|1299|34927|202532
210312|4601|50869|41051|215777
58299|20764|43298|48678|205463|213799
58308|6939|1299|20473|211158
28917|6939|1299|52468|266894
14537|174|210329|215728
12956|1299|3920|206777
210312|4601|50869|205848
28917|6939|1299|20473|135646
28917|6939|1299|20473|207748
55222|1299|6855|39904|202605
34177|6424|44592|49581|209693
29504|6461|6424|44592|49581|211507
136557|174|3356|28370|267608
58308|6939|1299|52468|273034
136557|174|3356|3223|41327
21232|15576|57463|12735|15830|215555
3130|174|35598|52091|206810|214268
8888|137409|6461|1299|198949|35676
210312|4601|50869|59645|211286
40994|6939|28917|12668|197404
37468|1299|6855|39904|202605
6424|9498|20473|47065|61574
139317|44324|32595|174|43160|201121
1031|8455|8283|47065|61574
8220|1299|6204|44592|49581|209693
4181|1299|20473|201423
34288|1299|3356|28370|263535|268030
4775|1273|1299|198949|35676
48919|9002|1299|3223|34224|12735
398465|4826|1299|198949|35676
11039|6461|1299|35598|52091|206810|24881
32590|4637|3257|1299|34927|202532
28917|6939|28370|270962
56987|174|399697|39967|399697
15605|6939|207995
207841|6939|2852|198500
21232|15576|35598|52091|206810|39089
12350|1299|6453|4755|7768
327960|6939|138997|216211|44324|215172|214955|59449
50629|215551|30893|205563
139317|44324|32595|174|27385
57866|6830|3257|20473|47065|61574
198385|15576|57463|12735|47190
398465|1299|56630|209944
4777|2497|174|21320|5408|47065|61574
41327|6461|16276|203019
513|29222|6939|263047|267425
31122|174|13786|263047|268105
9268|4764|1299|35598|52091|206810|211101
44324|32595|174|36436
58308|6939|28370|264426
12859|35598|52091|206810|59815|25299
1299|174|204548|215728
199524|1299|35598|52091|44660
6424|174|3356|8772|215536
50131|36236|2914|12859|47065|61574
12637|57463|14840|269288
8426|3257|1299|20473|201423
20612|9044|1299|3920|206777
28917|6939|1299|9009|215294
34854|1299|35598|52091|206810|211101
28917|6939|1299|63473|58057
37271|6461|6424|44592|49581|209693
48070|6939|54429
13237|1299|3356|28370|267556
6423|20055|174|35598|52091|206810|214268
28917|6939|1299|48299
58299|28283|268744|2716
4601|50869|41051|212488
44324|32595|174|199297
3320|1299|13335|400095
35369|8218|21320|5408|47065|61574
48362|1299|7545|20473|47065|61574
31510|174|13786|263047|268105
25091|6453|174|5538|8194|29345
58057|50673|174|3130|47065|61574
25152|2497|174|34927|202827
42473|1299|6453|19318|209896
28917|6939|205081
15605|57463|12735|8517|42626
8283|6939|2852|202874
58308|6939|1299|8796
51873|24889|6424|44592|49581|211507
28917|6939|1299|60068|197103|203748
398465|174|21700|399914
35600|6939|2852|198500
58308|29075|6424|44592|49581|209693
264479|6762|1299|6855|39904
553|62255|52091|206810|196767
32653|30844|3257|28917|215730|209693
59890|174|52468|262393
513|174|56630|209944
971|174|35598|52091|206810|5598
46450|1299|8551|44709
58057|174|32595|44324
7500|2497|174|62000|212815|52053
12779|57463|12735|15830|201584
28917|6939|1299|208905|47962
7713|174|11432|271150|272738
58308|6939|1299|20473|33309
28917|6939|1299|54994
49788|1299|3356|28370
50673|174|140227|44324|205369
6830|2914|268624|28370|28657
47147|1299|6939|2852|210498
327782|37100|174|216211|211575
139317|44324|32595|174|36236
42541|1299|3257|60068|206406|210557
34927|60011|3356|174|20473|47065|61574
6762|1299|29695|206557|204503
56655|1299|6453|60068|216213|205884
48362|1299|201814|209896
397131|60011|3356|1299|12859|47065|61574
7474|3257|174|21320|5408|47065|61574
51184|1764|1299|198949|35676
12779|56630|209944
57111|41327|6461|52320|7738|262999|272466
327782|37100|1299|20473|47065|61574
15605|12637|47065|61574
41666|57463|12735
48070|57463|12735|60707|206271
44324|32595|174|208765
5405|1299|174|37468|61568|266460|61625
202032|57463|12735|8517|8678
6777|57463|12735|15830|43352
44324|32595|174|26277
210312|4601|50869|214757|198889
28917|6939|1299|23520|27884|262146
52320|174|3130|47065|61574
262427|174|35598|52091|206810|210063
42473|1299|6453|8283|213576
23367|1299|174|20473|47065|61574
57111|41327|13786|263047|262813
20055|174|35598|52091|206810|214721|204108
28917|6939|7018|10934
28917|6939|1299|6503
48185|1299|20473|399970
14537|13786|3356|174|140227|44324|205369
40994|57463|41327|203847
148968|1299|201814|209896
41722|12389|1299|198949|35676
553|62255|52091|206810|56915
16552|6939|138997|216211|44324|215172|214955
50304|1299|6453|29208
263152|53013|6762|1299|3920|206777
55222|174|13786|263047|264923
215596|174|13786|263047|262578
199524|1299|35598|52091|206810|202279
18106|174|140227|44324|205369
35266|2914|6424|44592|49581|209693
37468|174|12956|212721
34800|58057|50673|174|52468|262393
25152|2914|137409|62000|212815|52053
58308|6939|29670|59645
34927|1299|174|3130|47065|61574
28917|6939|1299|20473|204844
56655|1299|6762|16735|273514
34288|174|3130|47065|61574
50629|57463|12735|34619
7713|174|56630|209944
48070|6939|28917|50045
58308|6939|25400|49278
553|7195|28343|2716
28624|3356|1299|198949|35676
132825|174|3356|16735|2716
216285|8280|6762|174|13786|263047|269488
28917|6939|1299|20473|35085
12779|62255|52091|48158
263152|174|140227|44324|205369
57695|137409|62000|212815|52053
6453|30058|216211|44324|215172|214955
7018|1299|35598|52091|206810|59815
12859|1299|20473|201423
139317|44324|32595|174|53667|139791
136557|174|35598|52091|206810|202279
12859|57463|12735|51559|213252
12779|62255|52091|206810|214721
49605|6762|174|11432|271150
6777|57463|12735|216385
39392|174|1299|20473|201423
35600|6939|50989|50683
136557|174|35598|52091|206810
12637|35598|52091|206810|5598
207841|6939|28917|21453|199933
28917|6939|1299|273299
2497|2914|174|20473|47065|61574
34927|1299|3491|20473|47065|61574
28917|6939|1299|20473|395332
6777|57463|12735|60707|216343
1031|999|6453|1299|6855|50698
198249|13030|28917|215730|209693
559|6939|50989
7018|3356|3223|34224|12735
20080|2914|1299|35598|52091|206810|196638
44324|32595|174|47787
139317|44324|32595|174|139057
12969|1299|3356|28370|263535
25152|2497|1299|20473|47065|61574
28917|266493|61625
209650|34927|174|216211|211575
25220|1299|20473|47065|61574
58308|6939|6830|23520|274183
2734|64200|7018|1299|8990
207841|6939|33924
50877|5405|22356|28370|267608
28917|6939|1299|5617|42673
32590|4637|1299|201814|209896
34288|1299|3356|28370|53079
58308|6939|553|204680|202539
577|3257|28917|215730|209693
56655|1299|6453|4755|7768
28917|6939|1299|29066
47147|1299|12859|47065|61574
20514|1299|201814|209896
327960|174|35598|52091|206810|59815|25299
680|3356|174|140227|44324|205369
12637|35598|52091|206810|50204
28917|6939|1299|52468|262234
20080|2914|1299|6855|39904
559|57463|12735|15830|203979
28917|6939|1299|23520|272935|267845|64120
559|35598|52091|206810|48687
202365|50673|174|1299|198949|35676
40994|57463|12735|15830|43352
6830|6939|28917|44056|57629
8529|1299|17676|216211|44324|205369
327983|37497|137409|62000|212815|52053
57695|917|60068|1299|6939|393682
28917|6939|1299|20473|27345|23077
49605|6762|1299|6855|39904|199604
58299|62255|52091|206810
327983|37497|174|13786|263047
60068|33891|56630|209944
11845|30844|174|5538|8194|29345
41666|57463|12735|50875|34987
58308|6939|28370|267556
15576|57463|12735|8517|42626
328512|6939|138997|216211|44324|215172|214955|59449
44324|32595|174|12222
553|57463|12735|216385
44324|32595|174|3573
199524|1299|23764|35168|212999
19151|2914|1299|20473|47065|61574
21232|15576|57463|12735|51540|206991
32590|1299|35598|52091|206810|214721|204108
15623|174|60068|205884
44324|32595|174|211691
51185|6939|138997|216211|44324|215172|214955|59449
6777|57463|12735|15830
44324|32595|174|397496
139317|44324|32595|174|395748
7713|1299|6855|39904|47767
23673|3356|174|210329|215728
28917|6939|1299|54994|140591
58308|6939|1299|203660
328964|37468|174|204548|215728
34288|174|60068|205884
394256|174|12956|212721
4777|2497|174|35598|52091|206810|214721
2734|57463|12735|15830|48678
50629|57463|14840|2716
327727|174|17378|8119
58308|6939|1299|60068|62651
139317|44324|32595|174|47674
58308|6939|7018|401623
6830|6939|196610|48927
262427|174|35598|52091|206810|59815
8426|6777|57463|12735|8517
49028|1299|20473|30893
58308|6939|1299|14522|52458
4181|1299|35598|52091|206810|24881|24697
50673|174|6461|394737
49028|13335|400095
36924|1299|35598|52091|206810|57164
8426|6777|57463|12735
34927|1299|3356|1680|44709
398465|6424|44592|49581|209693
6908|2914|12859|47065|61574
1403|6939|138997|216211|44324|215172|214955|59449
327727|174|13786|263047|264972
49544|1299|174|37468|61568|266460|61625
25160|174|204548|215728
58308|6939|1299|30823|213520
3170|60068|211571
13830|971|174|35598|52091|206810|211101
139317|44324|32595|174|57974|401452
207841|57463|12735|51540
3701|174|13786|263047
199524|137409|28917|215730|209693
553|6939|30893
37497|3491|174|60068|197103|212080
553|57463|12735|9000|7155
60011|3356|1299|6855|39904|47767
20253|1299|3356|28370|268521
21232|15576|56630|209944
207841|57463|12735|51321
7473|1299|3920|206777
12859|57463|12735|8517|212167
29222|1299|20473|201423
12969|1299|3356|28370|268198
28917|6939|1299|20473|207615
29075|1299|3356|28370|267608
41666|57463|12735|43391|201178
19151|174|20473|47065|61574
58308|6939|7018|11992|35892
132847|7474|3257|174|1916|47065|61574
41722|20485|174|3257|21034
3399|5511|174|13786|263047|271068
2734|57463|12735|8517|205782
28917|6939|1299|3301|212632
4601|50869|41051|204406
8218|21320|5408|47065|61574
196621|8758|15576|174|204548|215728
139317|44324|32595|174|3266
51873|6830|1299|198949|35676
215596|174|13786|263047|269488
2734|57463|12735|15830
328964|23764|3356|3257|28917|215730|209693
55222|174|52468|271150
199524|1299|17676|216211|211575
60011|3356|1299|6424|44592|49581|209693
199524|174|35598|52091|206810|197643
559|6424|44592|49581|209693
58308|6939|5405|21245
59105|2518|2914|12859|47065|61574
210312|4601|50869|6939|2852|198500
58308|6939|29670|57024
3214|1299|1680|20473|47065|61574
60068|33891|12859|47065|61574
58308|6939|1299|20473|16840
553|31133|51032|41344|39707
28917|6939|1299|202196
14630|6830|3356|16735|273514
28917|6939|269688
8218|6461|174|13786|263047|262578
35598|174|60068|211571
35280|6453|174|20723|2852|202874
39351|1299|20473|399970
971|174|13786|263047|268105
34800|58057|50673|33891|3223|34224|12735
28917|6939|7018|35980
13786|174|60068|211571
28917|6939|1299|20473|60819
49028|6461|16276|203019
136557|174|22381|267470|263047|264389
34019|59692|12555
199524|1299|9002|8772|396416
262427|174|35598|52091|206810|24881
14537|3356|3257|28917|215730|209693
42473|9002|3257|28917|215730|209693
3170|25091|8298|4601|4492
20932|174|3257|21034
8426|3257|1299|6855|39904|47767
139317|44324|32595|174|32505
39122|1299|6939|2852|197277
40994|57463|41327|201722
3130|174|35598|52091|206810|34786
42473|1299|3223|34224|12735
58308|6939|6830|23520|6639
286|28917|215730|209693
8888|137409|174|60068|205884
1273|174|11432|271150|272738
34854|1299|35598|52091|59815|25299
35598|33891|216067|44244
58308|6939|1299|41564
58308|6939|6830|23520|52238
48185|1299|20473|47065|61574
34549|6424|44592|49581|209693
44324|32595|174|20135
42473|1299|174|14840|269288
42473|1299|6855|39904|199604
12859|35598|52091|206810|211101
6830|3356|3223|41327
28917|6939|1299|213138|202169
28792|3257|33891|216067|44244
559|35598|52091|206810|208435
58308|6939|5405|214895
35426|215596|62000|56584|206033
57821|12586|3257|174|216211|211575
44324|32595|174|57801
28917|6939|1299|20473|208022
328512|5713|174|216211|211575
58308|6939|215085|207682
4601|50869|214757|208790
8426|6777|35598|52091|206810|56766
28917|6939|7018|64230
12859|57463|12735|15830|48678
9900|23764|3356|1299|20473|47065|61574
20932|1299|3257|20473|47065|61574
8280|6762|174|5538|8194|29345
19151|174|8551|20473|47065|61574
56987|1299|3223|34224|12735
44324|32595|174|20545
58308|6939|15935|197451|201931
6730|6830|174|37468|61568|266460|61625
58308|6939|1299|20473|202986
58308|6939|1299|54082|263725|274023
327727|174|12389|49666|205647|49801|204533
41327|6461|52320|7738|262999|272466
31742|1299|6762|267470|263047
14907|1299|6424|44592|49581|209693
34927|52025|1299|6855|39904
8283|6939|138997|216211|44324|215172|214955|59449
58308|6939|1299|25400|49082
6461|1299|35598|52091|206810|35273
5405|62255|52091|206810|35273
40994|174|28189|266931|269250|271150
58308|6939|196621
8283|6762|267470|263047
29504|39392|33891|4637|20473|47065|61574
28917|6939|1299|20473|153185|153333
553|6939|30893|13214|35634
35600|50263|15935
29075|174|3257|21034
204092|6939|2852|200874
48070|1299|3356|16735|2716
398465|1299|8551|44709
12779|57463|12735|8517|9095
37053|37100|28917|215730|209693
50673|174|3130|47065|61574
6777|57463|12735|202588
28917|6939|1299|21859|42969
19151|174|14840|2716
7594|174|21320|5408|50148
57381|50304|1299|3356|28370|263535
202365|50673|174|5459|200070
31742|1299|60068|211571
5405|6939|24796|63293
1221|4637|33891|216067|44244
13830|971|174|3356|1680|44709
559|6939|28370|269016
58308|6939|1299|198611
6894|174|35598|52091|206810|210063
20253|1299|198949|35676
58308|6939|1299|396986
6461|21320|5408|47065|61574
199524|1299|6424|44592|49581|211507
47147|1299|6762|49666|58224|214805
24785|1299|10490|2722|12148|47065|61574
22652|1299|6453|8283|200998
58308|6939|33891|51839
20253|1299|174|13786|263047|267961
6720|1764|174|210|47065|61574
44324|32595|174|270120
7594|3356|1299|34927|202532
209|3356|1299|6855|39904
398465|1299|21351|60132
34927|52025|174|35598|52091|206810|59815
6461|1299|917|214598
327804|37271|174|1299|20473|47065|61574
8455|1299|34927|202532
202032|137409|62000|212815|52053
44324|32595|174|210743
44324|32595|174|33544|22729
49432|48362|1299|8551|20473|47065|61574
16552|1299|7195|20473|47065|61574
553|1299|13335|400095
37100|9002|62000|212815|52053
4601|50869|52025|135120
4601|50869|41051|212510
20253|1299|35598|52091|206810|214210
3320|174|20723|2852|202874
58057|50673|174|140227|44324|205369
14315|6453|1299|201814|209896
44324|32595|174|13999|273269
12637|57463|12735|212757
20514|1299|3356|28370|263535|268030
39122|174|13786|263047
40994|57463|14840|269288
58308|6939|1299|199508|49866
40994|57463|12735|60707|206271
35280|1299|201814|209896
2497|174|35598|52091|206810|48687
44324|32595|174|44788
47692|33891|7311|835|394273
4230|1299|201814|209896
202297|47232|174|6453|29208
7500|2497|174|35598|52091|206810|48687
34177|174|210329|215728
6424|13786|263047|266089
263237|174|13335|5408
36236|3257|1299|3920|206777
35600|30781|2914|174|3130|47065|61574
20253|1299|174|21320|5408|47065|61574
6908|174|3130|47065|61574
328840|327727|174|22381|267470|263047|264389
8220|1299|6855|39904|47767
29222|174|20473|47065|61574
271253|6453|174|13786|263047|267961
25091|6453|174|399697|39967|399697
1031|999|6453|1299|20473|399970
28917|6939|62000|208226
58308|6939|1299|20473|215507
28917|6939|1299|36352|40092
57111|174|3257|28917|215730|209693
7018|1299|1680|20473|47065|61574
50629|20764|29049|49666|205647|49801|204533
6424|6939|28917|47914
20764|174|3257|20473|47065|61574
28917|6939|1299|8781|42298|214178
24516|174|35598|52091|206810|8274
6830|174|62000|212815|52053
29222|6939|59970
15576|57463|12735|15830|203979
47957|3356|174|210|47065|61574
49673|28917|215730|209693
15605|6939|42695|43101
32590|137409|6461|1299|198949|35676
139317|44324|32595|174|27951
34800|58057|50673|174|3356|8119
25091|1299|3920|206777
28917|6939|1299|24909
28917|6939|1299|53981
21412|1299|198949|35676
6424|212175|174|212175
28917|6939|1299|20473|49688
58308|6939|1299|11172|270217
37697|3491|3257|28917|215730|209693
6730|6830|174|13786|263047|269680
41327|266493|61625
37468|33891|44592|49581|209693
6453|174|11432|271150
3170|6939|138997|216211|44324|215172|214955|59449
2027|47160|174|60068|216213|205884
327960|174|35598|52091|206810
12859|264409|61832|266460|61625
198385|15576|57463|12735|208594|202365
1273|174|52468|271150
29222|6939|35489
21700|3257|1299|12859|47065|61574
28917|6939|25192|29067
45049|6696|5511|174|11432|271150
44324|32595|174|3257|835|52025|214223
34854|1299|35598|52091|206810|35273
28917|20764|52091|44660
28917|6939|1299|20473|208393
51786|15623|174|3130|47065|61574
151326|137409|62000|212815|52053
6424|6939|28917
49544|1299|174|140227|44324|205369
34927|1299|3257|210329|215728
28917|6939|1299|270126|270215
15605|20764|202984|35598|25308|28917|204076
6830|6939|2852|197451
2914|174|11432|271150
3333|1257|174|210329|215728
17639|174|204548|215728
3130|174|28189|266931|269250|271150
3491|1299|35598|52091|206810|214268
21700|174|20723|2852|202874
29222|58115|21263
12637|1299|7195|11432|271150|272738
8426|6777|35598|52091|206810|24881|24697
7500|2497|174|35598|52091|206810|8274
210937|1299|174|1916|47065|61574
513|29222|6939|29670
3170|20764|43298|48678|213865
2734|135069|19551|4648|1299|19551
29504|15935|6461|210|47065|61574
29075|1299|20473|47065|61574
6424|174|204548|215728
28917|6939|1299|198611
42541|52320|7738|262999|272466
62167|12859|47065|61574
2500|2914|1299|35598|52091|206810|214721
28917|6939|262485|272707
132337|1299|8551|44709
3170|6939|2852|212876
29504|6461|6424|44592|49581|209693
212483|12859|47065|61574
21412|6424|44592|49581|211507
199524|1299|7545|20473|47065|61574
58308|6939|1299|30823|49418|215590
50629|1299|10490|2722|12148|47065|61574
28917|6939|1299|23520|273871
35598|174|52468|262393
204092|6939|16652
35008|1299|8551|20473|47065|61574
3170|6939|54429
1299|1680|20473|47065|61574
4181|1299|6453|29208
47692|3356|1299|3920|206777
6762|174|22381|267470|263047|264389
209650|34927|1299|3491|20473|47065|61574
14907|1299|8551|44709
12859|15557|206865|3215|5511|174|199727|12645
559|62255|52091|206810
139317|44324|32595|174|8452|24835
19151|2914|1299|6855|39904|199604
29222|6939|15372
2497|1299|3920|206777
20205|1299|198949|35676
44324|32595|174|22850|64112|394353
4181|1299|174|140227|44324|205369
49432|48362|1299|174|1916|47065|61574
35600|6939|24796
6453|174|50509|51032|41344|39707
58308|6939|6830|23520|46650|399273
398465|174|210329|215728
28917|6939|1299|20473|39617
199938|1299|3223|41327
58057|1836|1299|201814|209896
49028|1299|37468|52468|271150
210312|4601|50869|58299|209898|199553|208948
4777|2497|174|13786|263047|269680
29680|174|35598|52091|206810|56915
34927|174|37468|61568|266460|61625
19151|2914|1299|3920|206777
971|174|12956|212721
28917|6939|1299|396993
58308|6939|6830|23520|64126|265695|273867
39122|174|140227|44324|205369
553|57463|12735|51540
35426|215596|174|13786|263047|262578
34019|3303|174|3130|47065|61574
7018|12956|212721
40994|6939|28917|39153
28917|6939|7018|4473|13979|2576
44324|32595|174|7195|272872
3130|174|7311|835|394273
4601|50869|215828|201269|203534
58308|6939|35133|50917|209094
39122|1299|6939|2852|201648
210312|4601|50869|6939|30893|9423
4601|6939|28917|47914
51786|15623|1299|20473|47065|61574
58308|6939|6830|23520|263238|272883
7594|174|35598|52091|206810|56915
8455|1299|20473|47065|61574
132825|174|6453|29208
48070|57463|12735|202588
20612|9044|174|22381|267470|263047|264389
58308|6939|47787|203020|208414
139317|44324|32595|174|36027
16552|1299|35598|52091|206810|211101
35280|6453|174|11432|271150|272738
29479|50304|1299|6855|50698
2734|58453|30990|174|37100|328895
16552|1299|3356|8772|215536
210312|4601|50869|6939|58308
24516|174|35598|52091|206810|208435
14907|1299|6855|39904
42541|57463|12735|8517|2592
213151|41051|57463|12735|8517|8466
210312|4601|50869|207303
58308|6939|6830|23520|262191|264653
35266|1299|198949|35676
3701|3356|1299|6855|50698
15605|137409|206216|215172|214955|215956
50629|1299|20473|47065|61574
3491|1299|35598|52091|206810|56915
58057|174|12956|212721
16552|2914|1299|35598|52091|206810|24881
29504|15935|174|37468|270551|263047
24516|174|35598|52091|206810|57164
50629|20764|52091|206810|59867
6696|1299|3356|8772|215536
34927|174|210|47065|61574
139317|44324|32595|174|11805
4601|9002|12555
4181|1299|1680|20473|47065|61574
202032|57463|12735|15830|137922
38001|9002|21320|5408|47065|61574
12969|1299|6461|394737
5511|1299|6855|39904|47767
29504|15935|174|28189|266931|269250|271150
30600|1299|35598|52091|206810|213694
9044|174|52468|271150
16552|1299|29695|206557|205190
44324|32595|174|32505|62917
327983|37497|3491|174|3130|47065|61574
58308|6939|1299|20473|213891
39351|62000|212815|52053
34927|1299|35598|52091|206810|39558
917|60068|33891|917|214598
42541|31133|35598|25308|28917|204076
28917|6939|1299|30600|26793
204092|30781|3356|174|3130|47065|61574
61049|28917|215730|209693
52025|1299|8551|44709
210312|4601|57463|12735|15830|198417
2027|62000|47498|214757|205941|202934
24516|174|14840|2716
24482|33891|216067|44244
49432|48362|1299|174|60068|205884
48362|1299|174|210|47065|61574
31742|1299|25091|8298|4601|4492
64475|14840|2716
8220|1299|35598|52091|206810|57164
3170|8220|6768|59514|48693|213137
207841|6939|28917|12739
15605|57463|12735|206402
41327|174|56630|209944
5413|1299|35598|52091|206810
6830|2914|3223|34224|12735
58308|6939|6830|33915|209390
50877|5405|6939|28370|28657
6461|174|35598|52091|206810|202279
394256|174|3356|8119
139317|44324|32595|174|42313|207502
199938|1299|60068|197103|212080
2734|9002|197068
58308|35598|52091|206810|39558
41051|58299|21320|5408|47065|61574
5713|174|3257|21034
47160|174|216211|211575
12779|57463|12735|212757
4230|1299|6855|39904|47767
57111|174|1299|20473|47065|61574
6830|6939|30893
8280|6762|3257|28917|215730|209693
3130|174|30844|21351|60132
6830|174|35598|52091|206810|214721|204108
209|3356|1299|12859|47065|61574
40994|57463|41327|57264
64475|3320|1299|201814|209896
1103|3257|174|140227|44324|205369
7713|1299|201814|209896
59414|6830|174|22381|267470|263047|264389
28917|6939|56595|209082
132825|174|35598|52091|206810|24881
7594|174|35598|52091|48158
327960|174|3257|28917|215730|209693
132337|1299|3356|60011|34927|208690
44324|32595|174|13999
140627|1299|35598|25308|28917|204076
199524|174|3356|28370|28657
210312|4601|6939|28917|28775
55222|174|35598|52091|206810|210063
62167|174|13786|263047
2734|57463|12735|34619
28624|61568|174|60068|216213|205884
8283|20764|52091|206810|24881|24697
174|20473|47065|61574
20080|2914|174|20723|2852|202874
44324|32595|174|32244|201682
199524|174|399697|39967|399697
174|35598|52091|48158
62000|56584|213605
29222|1299|60068|216213|205884
58308|6939|39791|49101|51449
2734|20473|47065|61574
32590|5511|174|140227|44324|205369
327727|174|1299|6855|39904|47767
132847|7474|7473|1299|35598|52091|206810|214721|204108
29222|174|52468|271150
3130|174|35598|52091|206810|197643
3491|1299|6855|39904|202605
47692|33891|1299|201814|209896
4826|137409|62000|212815|52053
28917|6939|1299|132168
14907|1299|6453|29208
58057|174|13786|263047|269488
132847|7474|7473|1299|35598|52091|206810|48595
553|6939|29222
50300|174|20723|2852|202874
58308|6939|1299|26211
2914|137409|62000|212815|52053
7500|2497|174|35598|52091|206810|214268
2518|1299|35598|52091|206810|214721|204108
58308|6939|6830
5405|1299|60068|197103|212080
50629|6939|28370|267556
12779|62255|52091|206810|210063
7500|2497|174|35598|52091|206810|56766
210937|1299|1680|20473|47065|61574
8283|3491|216211|211575
207841|6204|208972|210538|6775|13030|4637|133398
15605|35598|52091|206810|8274
40994|57463|12735|15830|211686
48070|57463|12735|51559|213252
28917|6939|6830|23520|64126|273220
28917|6939|1299|32934
50629|20764|52091|206810|196767
8426|6777|35598|52091|206810|35273
48919|174|37468|270551|263047
2734|57463|12735|203963
12637|6939|25192|29067
199938|1299|3257|19318|209896
51786|15623|1299|6453|29208
5511|174|137409|206216|215172|214955
6730|6830|3356|53062|266493|61625
58308|6939|6830|23520|64126|272980|274084
2914|174|35598|52091|206810|214721|204108
44324|32595|174|398980
58308|6939|50629|207252|215147
2734|57463|12735|8517
25160|41327|24796|12779|197000
8220|1299|29695|206557
6057|6461|1299|3920|206777
202984|6762|174|37468|61568|266460|61625
20485|1299|6855|39904|47767
6762|1299|20473|201423
12637|6939|39790
15605|41327|19318|209896
2516|1299|2914|226|47065|61574
28917|6939|7018|7287
41666|20764|52091|206810|202279
9268|4764|1299|6855|39904|199604
204092|50263|15935|25238
139317|44324|32595|174|46974
61568|137409|62000|212815|52053
58308|6939|208453|213998
151326|174|3257|60068|206406|210557
20205|1299|29049|49666|205647|49801|204533
6461|8899|60294|33891|50673|43414|49784
42541|49434|212815|52053
28917|6939|1299|5605
21700|174|35598|52091|206810|202279
16347|1299|6855|39904|199604
18106|174|210329|215728
205206|33891|13786|263047|271068
34927|1299|3356|16735|273514
20811|2914|6424|44592|49581|211507
16552|6424|44592|49581|209693
20205|1299|6461|394737
34854|1299|35598|52091|206810|214268
5511|1299|20473|399970
15576|57463|12735|15464
42541|1299|3491|20473|47065|61574
47147|1299|6939|30893
2914|1299|25091|8298|4601|4492
39351|174|138997|216211|44324|205369
199524|62000|212815|52053
55222|174|35598|52091|206810|48687
1299|3356|16735|2716
41327|7195|28189|266931|271615|273522|271150
15605|57463|12735|8517|9095
28917|6939|1299|262206|18809|26105|264843
58308|35598|52091|206810|211692|31069
48362|1299|3257|20473|47065|61574
205206|1299|174|60068|205884
59689|30781|1299|6855|39904|199604
1403|577|1299|6855|50698
34019|6939|2852|210498
58308|6939|61618|268364
55720|3491|174|28189|266931|271615|273522|271150
28917|6939|1299|23520|27717|267809
57695|917|60068|1299|21351|60132
23367|1299|7195|28189|266931|269250|271150
58308|6939|1299|30823|49418|207957
33891|3223|41327
29222|6939|28370|267608
174|35598|52091|206810|59815
210312|4601|50869|6939|28370|267608
12859|215551|30893
48070|6939|28917|35539
28917|6939|1299|394102|400326
216285|8280|6762|174|13786|263047|269680
8220|6453|174|11432|271150|272738
328512|6939|138997|216211|44324|215172|214955
7660|2516|1299|174|20473|47065|61574
40994|57463|12735|50875|34987
20514|1299|35598|52091|206810|56915
6057|6461|28917|215730|209693
58308|6939|1299|46261|49548
37497|1299|33891|216067|44244
58308|6939|1299|39648
1031|999|6453|1299|20473|47065|61574
42541|1680|44709
286|3257|9002|62000|212815|52053
6830|174|35598|52091|206810|214268
12637|35598|52091|206810|210063
44324|32595|174|4538
199524|1299|3356|28370
38880|4826|1299|3920|206777
6730|6830|9002|12555|48430
28917|6939|1299|20473|204291
22652|174|13786|263047|267961
327727|174|35598|52091|206810|39089
553|1299|6453|19318|201813
50300|174|140227|44324|205369
34800|58057|50673|174|60068|211571
9268|4764|1299|8943|200636
47147|1299|3356|8119
28917|7195|20473|47065|61574
51519|39351|1299|20473|47065|61574
12779|37271|20473|47065|61574
34927|60011|3356|1299|8551|44709
32590|1299|35598|52091|206810
1403|577|174|20723|2852|202874
12779|57463|12735|47123|199419
20912|12637|1299|3356|60011|34927|208690
16552|2914|1299|35598|52091|206810|48687
41666|57463|12735|15464
12859|57463|12735|42216|62425|213751
58308|6939|56595|58148
20612|9044|174|1916|47065|61574
139317|44324|32595|18423|137409|6461|1299|4637|1221|16509
40994|174|52468|271150
206356|50629|8551|44709
8220|6453|2914|12859|47065|61574
199524|174|35598|52091|206810|39558
48185|1299|3491|216211|211575
13830|971|174|13786|263047|269680
37662|174|399697|39967|399697
44324|32595|174|216371
48070|6939|28917|43886
1299|6762|267470|263047
57381|50304|1299|3356|20473|47065|61574
327960|174|7311|835|394273
209650|34927|1299|3257|19318|201813
139317|44324|32595|174|212250|208293|203217|54994
202365|50673|174|11432|271150|272738
34927|56655|1299|37468|60068|216213|205884
45049|6696|1299|174|37468|61568|266460|61625
199524|1299|35598|52091|206810|214721
40387|1299|29695|206557|208835
6830|3356|13786|263047|267425
35426|215596|1299|6453|4755|7768
47147|1299|174|37468|61568|266460|61625
58308|6939|1299|52468|273190
917|60068|174|140227|44324|205369
1299|37468|52468|262393
210312|4601|50869|213376
48070|6939|2852|48091
24516|174|3257|8551|44709
139317|44324|32595|174|9146
196621|6939|39790
58308|6939|1299|9583|54113
7594|137409|62000|212815|52025|212895|210320
28917|6939|1299|20473|13717
28917|6939|6830|23520|64126|265721|271942|273121
41666|20485|35598|52091|206810
202032|57463|12735|15830|201079
35625|3257|174|20473|47065|61574
8283|6939|29222|204957
58308|6939|1299|136106|45305|141607
553|57463|12735|8517|2592
25220|3356|174|60068|216213|205884
17350|6453|9002|62000|212815|52053
50877|5405|6939|54429
210937|1299|3257|20473|47065|61574
210312|4601|6939|28917|39153
14907|1299|42303|51701|30893
59414|6830|174|8899
37497|3491|174|60068|216213|205884
28917|6939|1299|20473|152612|216198
6830|1299|3216|51032|41344|39707
174|3356|16735|2716
28917|6939|1299|19551
30600|1299|42303|51701|30893
4901|11537|20965|5408|47065|61574
56655|1299|17676|216211|44324|205369
28917|6939|1299|14016|402062
48070|6939|28917|21453|201646
57111|41327|22356|28370
553|1299|8551|20473|47065|61574
58308|6939|7018|396973
34854|1299|35598|52091|206810|34786
37721|1299|6424|44592|49581|209693
327960|327782|37100|28917|215730|209693
28917|6939|1299|23487|27738
44393|394256|174|3356|60011|34927|208690
58308|6939|1299|36352
6830|3356|60011|34927|208690
31510|174|3356|16735|2716
328512|5713|174|3130|47065|61574
34288|1299|20473|399970
6830|3257|56630|209944
199524|174|35598|52091|206810|8274
60068|33891|20473|47065|61574
39122|1299|6939|28370|268521
58308|6939|6830|23520|272969
58308|6939|6830|23520|263238|271933
44324|32595|174|40727
6830|6939|28370|268198
50629|44592|49581|209693
6777|57463|12735|8517|8678
28917|6939|1299|3308|3573
207841|57463|12735|43391
271253|3356|9002|62000|212815|52053
8218|6461|174|22381|267470|263047|264389
207841|16276|203019
35600|35598|52091|206810|34786
64475|6939|2852|204772
58057|50673|174|3257|60068|206406|210557
8220|1299|174|60068|205884
210312|4601|50869|214757|215956
6830|3257|204548|215728
30600|174|210329|215728
44324|32595|174|394611
44324|32595|174|53587|22552
45352|1299|201814|209896
34927|56655|1299|3223|41327
36924|1299|201814|209896
6894|174|7545|20473|47065|61574
28917|6939|1299|23520|263238|273195
4601|50869|44324|198304
50629|20764|52091|44660
15576|57463|12735|57844
5413|1299|6855|39904|199604
9900|23764|1299|3920|206777
12859|1680|44709
37239|37468|1299|6855|39904|47767
32590|1299|35598|52091|206810|211101
28917|6939|1299|30404
210312|4601|6939|28917|24651
8888|137409|6461|21320|5408|47065|61574
971|174|7311|835|394273
207841|6939|28917|48610
28917|6939|6424|203020
20253|1299|7195|28260|270548|52794|52659
48919|174|34927|202827
207841|6939|30893|13214
34177|1299|6762|267470|263047
58308|6939|6830|23520|64126|274168
3214|1299|174|140227|44324|205369
139317|44324|32595|174|399646|54591
44324|32595|174|62833
28917|6939|1299|20473|147048
207841|57463|12735|212549
327983|37497|3491|174|140227|44324|205369
23367|1299|174|21320|5408|47065|61574
28917|6939|1299|39572|209929
151326|174|35598|52091|206810|39558
205206|1299|29695|206557|208835
58299|206813|9136|1299|20473|206946
327960|327782|5511|174|52468|271150
210312|4601|50869|215172|203168
2500|2914|1299|34927|202532
59689|29075|1299|20473|47065|61574
48362|1299|6204|44592|49581|209693
28917|6939|1299|23520|10269|264640
34019|6939|28370|270962
45049|6696|1299|3257|28917|215730|209693
64475|62255|52091|206810|197960
58308|6939|39791|47493
7018|6939|30893|199580
51185|6762|1299|6855|39904|47767
139317|44324|32595|174|17497
28917|6939|1299|53991
6423|20055|174|35598|52091|206810|214210
2914|1299|6855|39904|202605
3130|174|35598|52091|206810|213694
31742|1299|3356|28370|267556
139317|44324|32595|174|62833
34927|52025|174|28189|266931|271615|273522|271150
58308|6939|1299|27947|13335
139317|44324|32595|174|18988|54904
398465|1299|4230|52654|266493|61625
37739|3491|1299|6855|50698
35426|215596|1299|6461|394737
29222|1299|21351|60132
199524|1299|20473|201423
46450|3257|28917|215730|209693
12969|33891|216067|44244
34177|3356|1299|6855|39904|47767
48362|1299|6762|16735|273514
16347|1299|20473|399970
38880|6762|174|21320|5408|47065|61574
34854|1299|37468|52468|262393
64475|6939|28917|48084|59833
40387|1299|3356|8119
49028|1299|3920|206777
12350|1299|174|13786|263047
50629|1031|61568|266460|61625
559|8551|44709
41327|6939|2852|48091
136557|174|50509|51032|41344|39707
210312|4601|50869|6939|30893|199580
28917|6939|1299|44273
48185|1299|6453|1031|61568|266460|61625
4601|50869|199310|199073
204092|34019|47065|61574
5405|1299|8551|20473|47065|61574
559|57463|12735|9000|7155
59689|30781|1299|10490|2722|12148|47065|61574
48070|1299|3356|28370|53079
44324|32595|174|396101
28917|6939|1299|53449
20055|1299|8551|44709
48185|1299|6762|49666|58224|214805
327727|174|3356|16735|2716
15605|8772|396416
8529|52025|212895|210320
6730|6830|174|14840|2716
42473|1299|6453|60068|216213|205884
35008|1299|198949|35676
48070|57463|12735|15830|215555
55222|174|56630|209944
16347|1299|56504|47674
198249|58115|21263|41504
49788|1299|60068|197103|212080
24961|1299|6855|39904
16552|37100|1299|201814|209896
21700|174|34927|202827
61218|29632|9002|3356|174|20473|47065|61574
9044|1299|6453|19318|201813
37053|37100|1299|201814|209896
328964|23764|174|35598|52091|206810|48595
57777|8298|8283|3491|209810|207187|207198
4181|1299|52320|7738|262999|272466
2734|13786|263047|262485|266327
293|2914|6424|44592|49581|209693
34854|1299|37468|52468|271150
30600|1299|35598|52091|206810|214268
61218|29632|9002|1299|3920|206777
8283|6939|2852|199711
5413|1299|20473|47065|61574
29222|6939|7018|22241|400745
328964|37468|1299|20473|47065|61574
6830|1299|6855|39904|202605
148968|7474|3257|1299|20473|201423
39122|174|3257|21034
42541|62255|52091|44660
3257|1299|3920|206777
210312|4601|6939|28917|47914
148968|1299|174|22381|267470|263047|264389
35008|1299|3223|34224|12735
553|62255|52091|206810|12773|47809|59478
35369|1764|174|5538|8194|29345
56655|1299|7195|28260|270548|52794|52659
57381|50304|1299|7195|28189|266931|271615|273522|271150
139317|44324|32595|174|62902
15576|35598|52091|206810|48687
60068|33891|7195|28343|2716
263237|174|201814|209896
28917|6939|1299|20473|153185|137436
50877|5405|22356|28370|269016
9268|4764|1299|25091|8298|4601|4492
196621|6939|207995
40994|57463|41327|200887
3130|174|21700|399914
199938|1299|20473|399970
210312|4601|50869|54148
44324|32595|174|21928
559|6939|138997|216211|44324|215172|214955|59449
58308|6939|263047|262578
12956|1299|6855|50698
559|35598|52091|206810|12773|211692|196629
50131|174|37468|53062|266493|61625
139317|44324|32595|174|6424|47787
6667|3491|138997|216211|44324|215172|214955|59449
553|57463|12735|51559|42846
22652|1299|35598|52091|206810|214721|204108
29504|39392|174|20473|47065|61574
62167|174|3491|7162|13878|52468|60503|268746|61625
20253|1299|35598|52091|206810|35273
2734|57463|12735|34476
917|25369|1299|21351|60132
35426|39801|5511|174|140227|44324|205369
2734|13786|263047|262376
57866|1299|3216|51032|41344|39707
51786|15623|1299|7545|20473|47065|61574
559|35598|52091|206810|196638
7713|174|13786|263047|268105
1267|6762|174|37468|61568|266460|61625
136557|174|3356|9002|12555|48430
3356|6830|60068|216213|205884
1273|33891|216067|44244
29222|6939|63290
132337|6939|1299|20473|47065|61574
4608|4826|1299|35598|52091|206810
32653|3741|174|22381|267470|263047|264389
207841|6939|28917|34784
41327|13786|263047|264923
28917|6939|6830|23520|27717|274255
135895|4826|1299|8551|44709
4601|50869|52025|208755
58308|6939|6830|23520|10269|264640
57381|50304|1299|201814|209896
4601|6939|28917|39238|49392|34567
28917|6939|21430
37053|6939|138997|216211|44324|215172|214955
205112|50629|6461|394737
209|3356|174|399697|39967|399697
202032|57463|12735|47123|50055
28917|6939|1299|835|52025|203069
139317|44324|32595|174|59402
34927|1299|35598|52091|206810|214721|204108
55720|2914|1299|35598|52091|206810|214721
8220|1299|35598|52091|206810|8274
16552|1299|35598|52091|206810|196638
28917|6939|1299|52468|27814|13335
8220|137409|62000|212815|52053
58057|174|35598|52091|206810|35273
58308|6939|1299|20940|36183
58308|6939|1299|7632|9905
50304|1299|6855|39904|202605
12350|1299|37468|270551|263047
29222|58115|209042
2497|174|35598|52091|206810|214721|204108
59890|60068|33891|62000|212815|52053
15935|174|3356|28370|268521
7474|7473|1299|35598|52091|206810|213694
48919|174|138997|216211|44324|205369
3491|174|35598|52091|206810|59815|25299
42541|7195|28260|270548|52794|52659
58057|174|52468|271150
50304|1299|7195|28260|270548|52794|52659
6461|1299|35598|52091|206810|59867
262427|1031|28917|215730|209693
553|1299|20473|399970
60068|174|6461|394737
32590|4637|6461|174|37468|61568|266460|61625
12859|57463|12735|29399
13830|971|174|3257|21034
48070|7195|28260|270548|52794|52659
29222|6939|29208|62102
204092|6939|29222|204957
29504|15935|174|3356|28370|28657
40994|6939|58308
12859|1299|10490|2722|12148|47065|61574
28917|6939|1299|8151|270219
58308|6939|9136|3573
39351|174|3257|60068|206406|210557
14907|1299|34927|202827
44324|32595|174|51110
56655|1299|56630|209944
3399|3257|174|13786|263047
50629|6939|28370|28657
17350|3356|1299|201814|209896
21232|15576|35598|52091|206810|213694
44324|32595|174|61081
28917|6939|1299|20473|62766
41327|174|7545|20473|47065|61574
51519|39351|1299|20473|201423
15547|174|1299|8551|44709
23352|3257|174|201814|209896
394256|174|210329|215728
30781|1299|6855|39904
6894|174|13786|263047|61826
6830|6461|394737
56655|1299|37468|52468|262393
6667|1299|6453|8283|211321
3170|6461|6424|44592|49581|209693
11845|37468|174|11432|271150|272738
50763|6939|1299|20473|399970
12637|6939|28917|6789|48004
58308|6939|1299|25759
6908|174|8551|20473|47065|61574
394256|174|3257|19318|201813
8529|1299|198949|35676
28917|6939|6830|23520|64126|274068
48362|1299|6453|19318|201813
7018|1299|35598|52091|206810|34786
48070|37468|53062|266493|61625
58299|49581|209693
35600|9002|8772|215536
328840|327727|174|13786|263047|271068
202365|50673|174|140227|44324|205369
553|57463|12735|9000
59689|30781|6424|44592|49581|209693
199524|1299|35598|52091|206810|8274
140627|1299|3257|60068|206406|210557
15623|4455|6424|44592|49581|209693
205112|50629|20473|47065|61574
13030|33891|44592|49581|209693
23352|2914|174|140227|44324|205369
44324|32595|174|32505|54785
132825|174|6453|4755|7768
213151|41051|57463|12735|15830
58308|6939|6830|23520|262191|262245
50629|6939|2852|201648
12637|1299|22773|8119
52320|1299|20473|47065|61574
212483|28917|6768|59514|48693|213137
12637|6939|42695|52011
58308|6939|6830|204210
207841|6939|28917|6789
58057|174|56630|209944
9900|23764|3356|174|60068|216213|205884
207841|6939|28370|263535
4601|50869|213768|204768
32590|174|3130|47065|61574
6830|1299|35598|52091|206810|48687
64475|31133|12389|28917|8905|42132|56779
7018|1299|35598|52091|206810|39089
28917|6939|1299|23379|10617
28917|6939|1299|397516
6461|174|35598|52091|206810|213694
42541|62255|52091|59815
4601|50869|214757|214818
7713|174|3257|28917|215730|209693
50304|1299|174|204548|215728
6830|6939|28917|198297|51081
559|52320|7162|13878|52468|271150
29479|50304|1299|21351|60132
6777|57463|12735|42216
28917|6939|47160|203062
40994|6939|30893|13214|35634
553|57463|12735|15830
1280|1299|3257|19318|209896
61049|3257|28917|215730|209693
206356|50629|174|13786|263047
8218|6461|174|13786|263047|269680
50877|5405|6939|207995
15605|6762|174|60068|216213|205884
23673|33891|44592|49581|209693
1764|174|399697|39967|399697
40994|23764|20485|35598|52091|206810|202279|213203
14537|13786|22356|28917|215730|209693
16552|3257|174|22381|267470|263047|264389
22652|1299|60068|197103|212080
398465|174|399697|39967|399697
38001|137409|62000|212815|52053
58308|6939|35133|210558
2734|57463|12735|205893
553|6939|29222|41495
4601|50869|211024
25152|2914|1299|34927|202532
44324|215172|214955|215956
198385|174|210329|215728
6453|2914|6424|44592|49581|209693
210312|4601|50869|52025|215212
58308|6939|6830|23520|263703
28917|6939|1299|52468|269805
50877|5405|6939|2852|201648
28917|6939|3170
55720|2914|174|37468|61568|266460|61625
199524|174|3257|20473|47065|61574
553|62255|52091|206810|35273
1280|1299|37468|60068|216213|205884
139317|44324|32595|174|49532
139317|44324|32595|174|35598|204490|215330
49432|48362|1299|56504|47674
174|6453|29208
327727|174|1299|6855|39904
8280|6762|174|13786|263047|271068
210312|4601|50869|41051|212037
7018|6939|50989
8426|6777|57463|12735|50875
196621|15576|174|140227|44324|205369
58308|6939|1299|33749
50877|5405|6939|24796
61049|2914|1299|198949|35676
47147|3320|1299|12859|47065|61574
28917|9498|20473|47065|61574
327983|37497|3491|5408|47065|61574
40387|1299|8551|44709
293|2914|6424|44592|49581|211507
19151|174|50509|51032|41344|39707
58308|29075|174|22381|267470|263047|264389
14537|33891|44592|49581|209693
20253|1299|3257|28917|215730|209693
6908|174|10490|2722|12148|47065|61574
58308|6939|1299|20473|208914
35369|5405|56630|209944
7018|3356|13786|263047
3130|174|13786|263047|268546
6762|1299|6855|50698
44324|32595|174|402062|400164
8298|25091|6453|174|3130|47065|61574
40994|57463|12735|205877
559|57463|12735|42216|62425|213751
7018|6939|196610|48927
2734|57463|12735|43391|50941
52075|6762|174|3130|47065|61574
8529|1299|2914|226|47065|61574
262427|174|21320|5408|50148
327960|174|12389|49666|205647|49801|204533
20253|1299|3356|16735|273514
48070|6939|2852
17350|2914|1299|35598|52091|206810|57164
37271|174|28189|266931|269250|271150
37721|1299|198949|35676
28917|6939|1299|23520|52468
39122|1299|6939|28370|264426
32590|1299|60068|211571
50628|1299|60068|216213|205884
4601|50869|6939|393682
20253|1299|3356|28370|263535
14907|1299|33891|216067|44244
199938|1299|12956|212721
46450|1299|6453|29208
23367|1299|35598|52091|206810
293|3356|1299|34927|202532
48070|57463|12735|42216|62425|197715
3170|6939|28917|21453|201646
3320|1299|52320|7162|13878|52468|271150
199938|1299|3257|60068|206406|210557
11039|6461|1299|60068|216213|205884
44324|32595|174|1289
7713|174|1299|34927|202532
16552|1299|3356|28370|267556
29222|6939|52838|268086
39351|174|3356|16735|2716
215596|62000|47498|215172|201371
559|35598|52091|206810|214268|197578
58308|35598|52091|206810|39089
33891|3223|34224|12735
28917|6939|6830|23520|262191|272020
60068|174|34927|202827
19151|174|206170|6939|5405|200019
8283|6453|19318|201813
12779|7195|28260|270548|52794|52659
3170|6939|28917|43714
24516|174|35598|52091|206810|48687
50629|1299|20473|201423
6830|3257|28917|215730|209693
20514|1299|23764|35168|212999
28917|6939|1299|48152
49544|1299|6855|39904|47767
42541|8551|44709
6696|1299|1680|20473|47065|61574
28917|6939|1299|3301|56736
29222|6939|50989
199524|1299|6762|49666|58224|214805
58308|6939|49418|212701
2914|1299|35598|52091|206810|59815|25299
971|174|35598|52091|206810|24881
50629|57463|12735|29399
34927|56655|1299|6453|4755|7768
48070|1299|174|140227|44324|205369
58308|6939|1299|6424|396931
7594|3356|1299|8551|44709
196621|9002|34927|202827
64475|6939|42695|52011
34854|1299|35598|52091|206810|214268|197578
12859|35598|52091|206810|214268|196977
7594|174|1916|47065|61574
2734|57463|12735|50875|34987
29504|15935|33891|60068|211571
20612|9044|33891|60068|211571
8455|1299|8551|44709
12956|174|13786|263047|269488
29222|6939|16652
35600|57463|12735
59105|2518|1299|35598|52091|206810|213694
49028|1299|35598|52091|206810|214721|204108
49028|1299|35598|52091|206810|34786
139317|44324|32595|18423|137409|6424
40994|57463|12735|8517
207841|57463|12735|9121|34478
8283|14840|269288
14907|1299|3356|28370|263060
58308|6939|35133|50917|215318
49788|174|216211|211575
559|35598|52091|206810|211101
47147|1299|6939|200303
6908|6939|138997|216211|44324|215172|214955|59449
8220|3491|174|35598|52091|206810|56766
7594|174|30844|21351|60132
58308|6939|6830|23520|263238|52274
140627|1299|3356|28370|269016
25091|1299|60068|216213|205884
28917|6939|1299|835|215212
132847|7474|3257|174|140227|44324|205369
16347|62000|212815|52053
210312|4601|8298|25091|6830|60068|216213|205884
28917|6939|3170|399275
7594|174|7195|20473|47065|61574
209650|34927|1299|174|60068|205884
205206|1299|174|13786|263047|267961
209650|34927|1299|3223|34224|12735
50629|57463|12735|8517|211249
139317|44324|32595|174|15235
50877|5405|1299|3920|206777
12779|34927|202532
6424|6939|2852|200874
12637|57463|12735|8517|24922
34019|47160|174|60068|216213|205884
58057|174|7545|20473|47065|61574
204092|6939|28917|50009
6424|62255|52091|206810|214268|196977
28917|20764|52091|59815|25299
28917|3257|1299|3920|206777
3130|174|6762|16735|273514
21232|15576|174|210329|215728
58308|6939|6830|23520|262931
12637|6939|2852|61110
263152|174|1299|20473|47065|61574
52320|33891|60068|211571
199524|1299|6762|267470|263047
34927|52025|174|35598|52091|206810|48595
12637|6939|2852|210498
48362|1299|3356|28370|263963
198385|174|1299|198949|35676
58308|6939|1299|37680|328365
4181|1299|35598|52091|206810|213694
198385|174|6453|29208
327960|174|35598|52091|206810|39558
58299|62255|52091|206810|59867
210312|4601|8298|8283|2914|20473|47065|61574
61218|6939|1299|6461|62000|212815|52053
971|174|35598|52091|206810|202279
3130|174|20473|47065|61574
20612|9044|174|11432|271150
28917|6939|1299|20326|35487|208768
28917|6939|1299|49915
36924|1299|3920|206777
29504|15935|174|35598|52091|206810|48687
9002|1299|60068|216213|205884
41666|29632|215536
58308|6939|47160|207225
6830|174|201814|209896
15605|57463|12735|203963
327727|174|52468|262393
2734|3257|1299|20473|47065|61574
24516|174|30844|21351|60132
15605|41327|13786|263047|267425
6057|174|21700|399914
174|3356|28370|267608
16552|3257|174|60068|216213|205884
6720|1764|174|21700|399914
16552|4637|3257|28917|215730|209693
40994|6939|196610
4775|6424|44592|49581|209693
12779|57463|12735|8517|8678
48362|1299|3491|20473|47065|61574
41666|49434|212815|52053
34019|2603|21320|5408|50148
263152|264409|174|1299|8551|44709
140627|1299|6453|19318|201813
3491|174|35598|52091|206810|34786
60326|34927|1299|174|60068|205884
215596|1299|6461|394737
28917|6939|1299|396993|208812
28917|6939|1299|19332|272322
3130|174|35598|52091|206810|59815|25299
28917|6939|1299|60068|401710
139317|44324|32595|174|135377
41327|28917|215730|209693
6830|1299|35598|52091|206810|213694
3130|174|3356|60011|34927|208690
1140|24785|6830|174|13786|263047
7474|7473|1299|7195|20473|47065|61574
48070|57463|12735|208594|202365
52320|174|60068|205884
29222|6939|64475
15623|1299|6453|19318|209896
37239|37468|174|56630|209944
34019|31564|174|35665|200906
3214|1299|174|3130|47065|61574
210312|4601|50869|6939|28370
15605|35598|52091|206810|12773|213694
16552|1299|35598|52091|206810|59867
271253|1299|6855|39904|47767
50629|6461|7473|38001|25192
6894|174|137409|62000|212815|52053
29222|6939|12555|48430
34854|1299|2914|226|47065|61574
4775|1273|3257|28917|215730|209693
44324|32595|174|36792
16552|2914|174|20723|2852|202874
48919|174|1299|20473|201423
44324|32595|174|198507
29222|6939|8194|206600
15623|1299|20473|399970
48070|57463|12735|60707
58308|6939|1299|395403
55720|3491|174|16276|203019
58308|6939|6830|23520|273099
7018|174|52468|271150
16347|1299|34927|202827
44324|14840|269288
4601|50869|52025|214451
263152|174|1299|8551|44709
47147|1299|174|210329|215728
28917|6939|1299|15133
28917|6939|33924
35426|215596|1299|3356|28370|263963
28917|6939|1299|7483
327960|327782|37100|174|140227|44324|205369
13786|174|3257|28917|215730|209693
49028|1299|3356|28370|263535
49028|1299|3491|20473|47065|61574
44324|32595|174|36352|136258
58308|6939|28917
210312|4601|50869|215172|214955|59449
6830|6762|267470|263047
7594|174|3130|47065|61574
28917|6939|1299|6855|196861
28917|6939|61618|268364
204092|6939|2852|201648
58308|6939|5405|48031
28917|6939|1299|20144
34800|58057|50673|174|204548|215728
28917|6939|7018|395568
14907|5405|6461|210|47065|61574
12956|1299|198949|35676
23367|1299|10490|2722|12148|47065|61574
4601|50869|34019|12654
50629|1299|8943|200636
32653|3741|174|210329|215728
198249|9002|197068
58299|137409|62000|212815|52053
207841|20473|47065|61574
41327|7195|28260|270548|52794|52659
6424|2914|174|3130|47065|61574
6424|6939|2852|202874
24785|1299|20473|47065|61574
16552|6453|174|3130|47065|61574
51786|15623|1299|1680|20473|47065|61574
42473|1299|6855|39904
57777|8298|8283|3491|216211|211575
58299|174|60068|197103|212080
1031|999|6453|1299|6855|39904|202605
28917|6939|1299|20473|205152
47957|3356|1299|3920|206777
28917|6939|1299|60068|201207|212238
32653|3741|174|14840|269288
58308|6939|6830|33915
44324|32595|174|20473|47065|61574
917|60068|1299|3920|206777
553|57463|12735|42216|62425|213751
25091|3356|174|1916|47065|61574
28917|6939|1299|20473|211843
50877|5405|20764|43298|48678|213865
8426|6777|57463|12735|43391|201178
6423|20055|174|35598|52091|206810|35273
6461|1299|35598|52091|206810|214721|204108
680|1299|6453|8283|211840
28917|6939|1299|20473|51044
51184|1764|5405|61568|266460|61625
327983|37497|3491|1299|20473|47065|61574
206499|34549|174|399697|39967|399697
45352|174|399697|39967|399697
12637|12578|58269|9002|1299|20473|210668
58308|6939|1299|9141|211742
60011|3356|1299|8551|44709
29222|6939|35133|50917|209094
30844|174|216211|211575
12859|57463|12735|8517|206887
204092|3216|51032|41344|39707
264409|174|6453|19318|201813
34549|174|22381|267470|263047
28917|6939|6830|23520|27665|27789|274008
34288|1299|8551|20473|47065|61574
12307|29691|1299|3920|206777
16552|6453|174|28189|266931|271615|273522|271150
41666|57463|12735|8517|5474
205206|1299|3356|28370|53079
28917|6939|1299|32097|399646
15605|6939|28370|270962
22652|1299|2914|20473|47065|61574
174|1299|20473|47065|61574
553|1299|3356|28370|267556
971|174|21320|5408|50148
204092|6939|28917|12739
58308|6939|33891|20546
28917|6939|1299|32097|401132
59105|2518|1299|35598|52091|206810|35273
207841|20764|202984|35598|25308|28917|204076
5413|1299|17676|216211|44324|205369
14907|1299|35598|52091|206810|57164
58308|6939|12735|15830|137922
215596|174|21320|5408|47065|61574
327983|37497|3491|174|60068|197103|212080
28917|6939|1299|207023
16552|1299|37468|270551|263047
58308|6939|12555|48430
57866|6830|174|20473|47065|61574
6424|6939|28917|9110
34927|56655|1299|3223|34224|12735
4181|1299|8943|200636
15605|35598|52091|206810|214721
210312|4601|50869|213768
3130|174|13786|263047|266089
5413|1299|198949|35676
44324|32595|174|15121
29222|6939|7018|35980
6830|137409|63473|200790
4601|8298|25091|2603|21320|5408|47065|61574
20130|23352|3257|28917|215730|209693
58308|6939|3170|965
132825|174|35598|52091|206810|214268|196977
6908|174|22381|267470|263047|264389
42541|37271|20473|47065|61574
51786|15623|4455|33891|44592|49581|209693
5405|16276|203019
42541|13335|5408
398465|174|140227|44324|205369
57381|50304|1299|3356|28370|268521
1299|35598|52091|206810|57164
7474|3257|1299|20473|47065|61574
58308|6939|1299|9146
49788|174|3130|47065|61574
5405|6939|28370
559|6939|30893
5413|1299|3491|216211|211575
6057|174|216211|44324|205369
57381|50304|1299|174|204548|215728
28917|3257|174|20473|47065|61574
52320|1299|3356|60011|34927|208690
3320|1299|25091|8298|4601|4492
12969|1299|6762|267470|263047
28917|6939|6830|23520|52468|274006
34019|20473|47065|61574
7474|7473|1299|35598|52091|206810|24881|24697
37271|174|1916|47065|61574
4601|6939|28917|12668|197404
59689|30781|12859|47065|61574
328840|327727|174|13786|28343|2716
20485|174|3257|21034
12637|57463|12735|60707|216343
3399|5511|174|13786|263047|262578
58308|6939|39791|49101|42422
6082|2914|1299|6855|39904|202605
1299|174|13786|263047|262578
5392|3356|1299|22773|8119
38001|3491|174|210|47065|61574
29504|39392|33891|266493|61625
14537|52925|3356|1299|6855|39904|199604
2734|57463|12735|8517|24922
398465|3320|1299|3920|206777
29680|174|35598|52091|206810|197643
8888|137409|28917|215730|209693
29691|1299|1680|20473|47065|61574
15605|57463|12735|51559|213252
3170|6939|2852|210367
29691|1299|6855|39904|47767
4601|20473|47065|61574
207841|57463|12735|216385
40387|1299|3257|28917|215730|209693
2734|57463|12735|42216|34296
8529|6453|174|399697|39967|399697
148968|1299|174|21320|5408|50148
41327|22356|28370|267608
2516|1299|34927|202827
148968|1299|6453|29208
4764|1299|3257|60068|206406|210557
8220|3491|174|399697|39967|399697
28917|6939|1299|3223|48254
12859|35598|52091|206810|196767
3491|1299|1680|20473|47065|61574
49028|1299|8551|20473|47065|61574
210937|1299|6453|19318|209896
28917|6939|1299|395730
6777|35598|52091|206810|48687
139317|44324|32595|174|201984
28917|6939|1299|20115|20001
210312|4601|6939|28917|34784
37468|1299|8551|44709
24516|3491|1299|34927|202532
35008|1299|2914|1916|47065|61574
55222|174|210329|215728
5413|1299|3257|19318|201813
271253|1299|3223|41327
1031|999|6453|174|8551|20473|47065|61574
28917|6939|1299|34170|138915
28917|6939|1299|20473|201242
35600|9002|12555|48430
174|35598|52091|206810|57164
12779|57463|12735|60707|206271
64475|57463|12735|15830|198417
48070|6939|28917|8926|200019|48753
196621|8758|6461|62000|212815|52053
46450|1299|6453|4755|7768
34177|3356|1299|8551|44709
47147|1299|9002|8772|396416
35266|6939|138997|216211|44324|215172|214955|59449
16552|1299|3356|28370|263963
64475|7195|28189|266931|269250|271150
28917|6939|1299|60068|197103|207877
58308|6939|1299|53449
16552|1299|35598|52091|206810|57164
29222|6939|42184
553|62255|52091|206810|57164
28917|6939|1299|8926
20130|23352|2914|174|140227|44324|205369
140627|2914|174|399697|39967|399697
28917|6939|1299|37680|328365
13830|971|174|35598|52091|206810|34786
34288|1299|3356|16735|273514
48362|1299|60068|211571
53828|2914|1299|6855|39904
50628|6453|174|210329|215728
8426|6777|57463|12735|211201
35600|35625|5511|174|52468|271150
24961|1299|198949|35676
8280|5408|47065|61574
41327|6461|210|47065|61574
57866|1299|35598|52091|206810|214721
58308|6939|1299|28428
205206|1299|29695|206557|204503
64475|6461|394737
12637|13335|399532
21412|1299|3491|20473|47065|61574
58308|6939|1299|23511
23367|1299|3920|206777
210937|1299|13335|5408
210312|4601|50869|205154
28917|6939|1299|20473|63183
29222|6939|30893|13214
44324|32595|174|394449
57111|41327|13786|263047|266089|52793
33891|7311|835|394273
50629|57463|12735|43391|201178
4601|50869|212123
47147|1299|6939|196610|48927
271253|1299|3491|7162|13878|52468|60503|268746|61625
8220|3491|174|35598|52091|206810|196638
2497|174|62000|212815|52053
50877|5405|6939|2852|61110
35369|1764|174|60068|205884
198385|174|22381|267470|263047|264389
44324|32595|174|399544
16347|1299|6855|50698
4601|50869|214329
553|6939|28370|52593
1764|174|52468|262393
39122|1299|60068|211571
559|35598|25308|28917|9049|51017
20253|1299|2914|20473|47065|61574
47311|150249|153176
151326|174|35598|52091|206810|214268|196977
140627|1299|3356|28370|53079
58308|6939|7018|396912
174|35598|52091|206810|56915
41666|6939|138997|216211|44324|215172|214955
48070|57463|12735|51321
28917|8359|57304|41720|202704
12779|57463|12735|43391|201178
4777|2497|174|35598|52091|59815|25299
28917|6939|1299|400940
50629|20764|52091|206810|39089
11039|6461|1299|35598|52091|206810|196638
210312|4601|50869|44324|216299
39122|1299|7195|28343|2716
3491|2914|12859|47065|61574
12637|57463|12735|51540|206991
49434|9002|21320|5408|47065|61574
45049|6696|5511|174|52468|271150
35600|35598|52091|206810|214268
50629|6939|2852|200874
13830|971|174|13786|263047|266089|52793
28917|6939|1299|60068|212508
23673|9900|23764|3356|174|60068|216213|205884
2500|2914|1299|35598|52091|206810|24881|24697
17660|2914|3356|21320|5408|47065|61574
12956|174|28189|266931|271615|273522|271150
28917|6939|8194|201547
58057|50673|174|5459|200070
3214|52025|212895|210320
28917|6939|31263|206207
198385|15576|57463|12735|8517|24922
327727|174|3356|3223|41327
34927|52025|174|6453|4755|7768
28917|6939|62000|207879
266213|3356|1299|3920|206777
210312|4601|50869|215828|215849
29222|6939|49418|213877
202032|58115|21263|56984
28917|6939|1299|29774
35426|215596|1299|1680|20473|47065|61574
202032|57463|12735|212805
8220|3491|174|35598|52091|206810|39558
199524|1299|35598|52091|206810|210063
8426|3257|1299|12859|47065|61574
37497|3491|174|20473|47065|61574
3257|1299|20473|201423
28917|6939|1299|20473|400817
559|6939|28370|268521
34854|1299|35598|52091|206810|24881|24697
13030|1299|3356|8119
35600|6939|16652
6424|62255|52091|206810|39558
12859|6461|394737
35600|57463|12735|8517|207263
29222|6939|7018|19106
50304|1299|3356|28370|28657
52025|174|52468|262393
35008|1299|3257|20473|47065|61574
2734|57463|12735|15464
12637|35598|52091|206810|214268|197578
47147|6830|60068|216213|205884
140627|1299|3356|28370|268521
139317|44324|32595|174|197071|202135
25152|2497|174|3130|47065|61574
42473|1299|174|216211|211575
13030|1299|3920|206777
210312|4601|50869|6939|30893|13214|35634
1140|24785|1299|3920|206777
57866|1299|35598|52091|206810|48595
28917|6939|1299|20473|393368
24516|3491|1299|3920|206777
917|60068|1299|33891|216067|44244
50629|50263|201814|209896
4181|1299|29695|206557|208835
12859|7195|28260|270548|52794|52659
6777|35598|52091|206810|213694
23367|1299|7545|20473|47065|61574
28917|6939|1299|20473|151202
12779|57463|12735|42216|51722|26383
7018|6939|28370|268198
58308|6939|6830|23520|272935|271943
1140|24785|6830|3356|28370|263535|268030
58308|59689|30781|1299|20473|47065|61574
7018|3356|28343|2716
28917|6939|7018|401291
51873|9002|3257|28917|215730|209693
3333|1103|28917|215730|209693
148968|7474|7473|6939|1299|20473|47065|61574
5413|1299|6762|16735|273514
3399|5511|174|13786|263047|267961
42541|2603|21320|5408|50148
49028|1299|35598|52091|206810|214210
37739|3491|174|1916|47065|61574
3170|6939|28370|264426
28917|6939|1299|20773|44273
28917|6939|1299|52468|271948
15576|57463|12735|212549
174|13786|263047|269488
40994|57463|12735|208594|202365
25091|1299|3223|41327
12779|6939|2852|204772
37053|37100|1299|8551|44709
15547|174|12956|212721
204092|6939|30893|204789
28917|6939|1299|9009
56655|1299|3356|8772|215536
139317|44324|32595|174|206795
58057|34549|137409|62000|212815|52053
8220|1299|6453|8283|215737
559|6939|25192|26710
139317|44324|32595|174|53667|211233
553|6424|44592|49581|209693
28917|6939|1299|60068|51191
28917|6939|1299|52468|272097
29222|6939|3170|214199
553|57463|12735|43391|214449
50629|20764|52091|206810|35273
49028|1299|6939|30893|13214|35634
50629|57463|12735|8517|2592
62000|47498|215172|201371
3257|1299|8551|20473|47065|61574
12859|1299|174|20473|47065|61574
328840|327727|174|35598|52091|206810|24881|24697
28917|6939|41720|58180
12859|20764|43298|48678|205463|213799
13786|3356|174|5538|8194|29345
57111|174|21700|399914
34927|56655|1299|60068|197103|212080
52320|1299|198949|35676
40387|1299|25091|8298|4601|4492
6453|1299|6855|50698
58308|6939|28917|52191
8283|6762|1680|20473|47065|61574
58308|6939|1299|39290
553|6939|28917|48084
58308|6939|1299|43646
6424|174|56630|209944
6424|6939|28917|28907
28917|6939|1299|23520|52228
577|6461|6424|44592|49581|211507
34927|1299|3356|16735|2716
19151|174|60068|205884
16552|1299|3920|206777
28917|6939|1299|20473|137256
58057|174|204548|215728
44324|32595|174|6914
36924|6762|174|140227|44324|205369
35600|35598|52091|206810|202279|213203
6777|57463|12735|15830|201079
210312|4601|6939|28917|6789|48004
39122|174|22381|267470|263047|264389
28917|6939|7018|396922
327983|37497|3491|1299|34927|202532
15935|174|3257|25091|8298|4601|4492
52025|174|35598|52091|206810|210063
917|60068|1299|21351|60132
398465|1299|56504|47674
8283|2914|3223|41327
7500|2497|174|35598|52091|206810|59815|25299
1299|59692|12555
29222|6939|47160|213873
37053|37662|174|52468|271150
210312|4601|50869|199310|211695
204092|6939|33924
58308|6939|7018|29992
44393|58057|50673|12859|47065|61574
9002|6424|44592|49581|209693
204092|6939|42695|52011
37468|1299|3223|34224|12735
44324|32595|174|400529
28917|6939|62000
12637|6939|28370|269016
58308|6939|6830|23520|267823|270003
37271|174|2914|226|47065|61574
22652|1299|3356|28370|263963
14907|1299|3356|28370|268198
31742|1299|3223|41327
207841|6939|16652
51519|39351|174|204548|215728
398465|1299|35598|52091|206810|24881
51873|6830|174|3130|47065|61574
15605|57463|12735|48737
136557|174|46427|64289|44592|49581|209693
210312|4601|50869|41051|212184
6424|6939|30893
12637|57463|12735|8517|12777
29632|8455|8283|47065|61574
16552|37271|174|11432|271150
198385|15576|57463|12735|197941
28917|6939|61618|269288
44324|32595|174|44891
40994|57463|12735|15830|201584
38880|174|37468|61568|266460|61625
25152|2497|174|8551|20473|47065|61574
62167|174|2914|20473|47065|61574
17350|2914|1299|201814|209896
198385|15576|57463|12735|8517|8678
5413|1299|174|13786|263047
52025|137409|62000|212815|52053
48200|1273|174|3130|47065|61574
47147|1299|6939|54429
5405|22356|28370|269016
48070|1299|6855|39904|199604
42473|1299|3356|28370|269016
205206|33891|19318|209896
48070|6939|2852|204772
559|57463|12735|15830|201584
12779|6939|30893|13214
559|35598|52091|206810|197643
6830|137409|48011|25184|49801|204533
12637|6939|28370|267608
12637|57463|12735|210021|211181|208293|212330|21245
35600|35598|52091|206810|12773|44884
49028|1299|37468|52468|262393
12859|22356|28370|267556
205206|33891|19318|201813
6461|1299|3920|206777
47147|3320|1299|10490|2722|12148|47065|61574
28917|6939|1299|20473|150785
34177|1299|3356|28370|269016
20514|1299|3356|28370|267608
999|6453|1299|20473|47065|61574
3303|174|3130|47065|61574
28917|6939|1299|23520|272935|28053
28917|6939|1299|21623
6830|6939|2852
58308|6939|33891|38938
4601|57463|12735|208594
6830|1299|25091|8298|4601|4492
34927|1299|52320|7738|262999|272466
9268|4764|1299|35598|52091|206810|214268|196977
5413|1299|6762|49666|58224|214805
58308|6939|7018|401202
4601|50869|214757|205941|23507
52075|2914|3257|28917|215730|209693
6424|44592|49581|211507
34872|8283|47065|61574
28917|6939|1299|198218
34927|56655|1299|3356|20473|47065|61574
39122|1299|3491|20473|47065|61574
49028|1299|6939|28370|267556
34854|1299|3356|28370|268198
327727|174|35598|52091|206810|202497
28917|6939|1299|52468|270068
210312|4601|50869|204464|214420
3356|174|210|47065|61574
205206|1299|7195|28189|266931|269250|271150
58057|174|14840|269288
28917|6939|1299|46475|142036
12859|57463|12735|15830|215555
58308|6939|7018|20074
199524|174|8551|20473|47065|61574
17639|174|201814|209896
139317|44324|32595|174|57801
14907|3356|174|20723|2852|202874
327960|174|35598|52091|206810|197643
1403|577|1299|20473|47065|61574
1299|6939|30893|13214
42541|1299|174|60068|205884
29222|6939|208453|210667
42541|62255|52091|206810|12773|57005
15623|1299|20473|201423
12307|29691|1299|3257|20473|47065|61574
137409|33891|216067|44244
28917|6939|1299|20473|212034
36924|1299|198949|35676
196621|6939|28917|39238|49392|9098
8298|8283|3491|209810|207187|207198|206429
4181|1299|174|20473|47065|61574
58308|6939|138997|216211|44324|215172|214955
8298|8283|3491|209810|207187
19151|174|3130|47065|61574
48070|6939|2852|210498
6461|1299|35598|52091|206810|214721
58057|174|35598|52091|206810|211101
29680|174|1916|47065|61574
41327|13786|263047|266089
6453|174|60068|205884
23367|1299|37468|60068|216213|205884
23367|1299|35598|52091|206810|214268|196977
1140|24785|6830|174|13786|263047|271068
29222|6939|7018|11483
42541|62255|52091|206810|12773|44884
553|57463|12735|15830|201079
15576|174|210|47065|61574
48070|1299|3356|28370|263963
4826|15412|33891|216067|44244
28917|6939|7018|2386|30313
4601|50869|34019|204092|208567
15605|57463|12735|51321
17660|2914|174|37468|61568|266460|61625
28917|6939|1299|29119
7500|2497|174|52468|271150
34019|6939|42695|52011
20612|9044|1299|174|37468|61568|266460|61625
263237|174|60068|216213|205884
2734|58453|30990|174|37100|328514|327859
33891|19318|209896
32590|1299|35598|52091|206810|48687
44324|32595|174|12310|44679|201308
28917|6939|7018|4473|13979|8076
210937|1299|3356|28370|267556
58308|6939|42184|204702
28917|6939|1299|212765|211309
22652|174|13786|263047|269680
58308|6939|29670|49933
32653|3741|174|13786|263047
57866|1299|6762|16735|273514
394256|174|2914|226|47065|61574
28917|6939|1299|23520|11139|397529
47147|1299|6939|2852|210367
3170|174|13786|263047|267425
44324|32595|174|984|55201
35600|6939|196610|48927
47160|174|60068|197103|212080
20612|9044|1299|198949|35676
57866|1299|3223|34224|12735
14907|5405|28917|215730|209693
29691|1299|174|210329|215728
196621|6939|200070
207841|57463|12735|8517|213309
28917|6939|1299|8240
41051|57463|12735|8517|2592
204092|6939|28917|47759
34549|3257|1299|20473|47065|61574
15623|1299|8551|44709
15605|57463|12735|214593
34288|1299|1680|20473|47065|61574
35426|215596|62000|41441|210320
58308|6939|48678|47951
37468|174|6453|29208
58308|6939|29208|196653
20055|174|13786|263047|266089
1140|24785|6830|3356|28370|268198
553|57463|12735|8517|48811
28917|6939|1299|9829
49788|174|22381|267470|263047|264389
3170|174|20473|47065|61574
6424|1916|47065|61574
4601|8298|25091|6453|174|3130|47065|61574
32590|174|210|47065|61574
41327|6830|60068|216213|205884
58308|6939|1299|42385
58308|6939|15935
15605|57463|12735|8517|8466
196621|6939|28917|39238|51408
34288|174|52468|262393
32590|37100|33891|60068|211571
23367|1299|35598|52091|206810|56915
12637|57463|12735|209007
28917|6939|1299|32934|54115
35280|2914|6424|44592|49581|209693
262427|174|35598|52091|206810|214721
263237|174|3491|20473|47065|61574
49028|1299|35598|52091|206810|196638
28917|20764|52091|206810|208435
58308|6939|50629|47277
207841|57463|12735|8517|48811
28917|13335|399532
51873|6830|6762|16735|273514
32653|3741|174|1299|6855|39904|47767
204092|6939|28917|39153
2734|22356|28370|263963
3130|174|12956|212721
21232|13030|1299|12956|212721
60326|34927|1299|20473|399970
13237|1299|3356|28370|269016
20253|1299|3223|41327
28917|6939|1299|398106|44273
28917|6939|1299|21277|212692|208293|50597
6730|6830|1299|6855|39904
25220|6939|138997|216211|44324|215172|214955|59449
44324|32595|174|7195|30081
917|60068|1299|3223|41327
58299|22356|28370|268521
16552|1299|35598|52091|206810|210063
39122|174|13786|263047|269488
50629|47311|150249|153176
37497|1299|201814|209896
174|5459|200070
50629|20764|202984|35598|25308|28917|9049|51017
35600|6939|138997|216211|44324|215172|214955|59449
29222|6939|15962|21433
6939|138997|216211|44324|215172|214955
58308|6939|1299|60051|208293|203214|51684
6453|174|13786|263047|269680
12859|57463|12735|47123
6777|57463|12735|34476
28917|6939|1299|20473|205058
139317|44324|32595|174|55022
553|9002|12555|3227
6696|1299|34927|202827
8426|6777|57463|12735|212805
266213|3356|174|5538|8194|29345
34549|1299|6855|39904|47767
64475|6939|200070
204092|6939|42695|43101
20055|1299|3223|34224|12735
2734|22356|28370
28917|6939|1299|20473|27715
327727|174|13786|263047|262578
13237|1299|37468|270551|263047
40994|6939|28917|47759
8426|3257|174|13786|263047
205112|50629|1299|6855|39904|47767
15576|35598|52091|48158
15605|6939|50989
577|33891|44592|49581|209693
29222|1299|3920|206777
34854|1299|3356|28370|53079
28917|6939|1299|23520|263238|273196
7018|3356|28370|53079
14907|1299|3356|28370|268521
6730|6830|3257|49666|205647|49801|204533
59890|3356|21320|5408|47065|61574
22652|174|13786|263047|269488
3130|174|46427|64289|44592|49581|211507
49788|1299|917|214598
12586|3257|174|210|47065|61574
50628|1299|6762|267470|263047
6696|1299|42303|51701|30893
6830|6939|28917|44812
33891|29632|59682
24785|6830|3356|16735|273514
34927|52025|1299|42303|51701|30893
50629|20764|52091|206810|24881|24697
198385|15576|57463|12735|216385
28917|8551|20473|47065|61574
20514|1299|3356|28370|269016
34927|52025|64289|174|3356|28370|28657
59689|30781|1299|6855|39904
139317|44324|32595|174|149522
58299|7195|11432|271150
64475|3320|1299|20473|47065|61574
210312|4601|50869|41051|211509
6424|6762|9002|62000|212815|52053
6894|174|35598|52091|206810|213694
30781|3356|174|3130|47065|61574
139317|44324|32595|174|44297
58308|6939|1299|9584
22652|1299|8551|44709
209|3356|1299|6855|39904|47767
6461|174|32595|44324
19151|174|6453|19318|201813
17660|6453|174|16276|203019
151326|174|35598|52091|206810|197643
58511|3491|5405|8943|200636
47160|6939|28370|269016
1828|1299|56630|209944
139317|44324|32595|174|40676
174|216211|44324|205369
6720|1853|20965|5408|47065|61574
57821|12586|3257|5405|8943|200636
28917|29632|215536
44324|32595|174|2149
6424|6939|28370|263060
4601|50869|41051|212164
559|57463|12735|60707|206271
553|57463|12735|212549
15605|35598|52091|206810|24881
28917|6939|1299|16509|8987
9002|1299|20473|399970
39120|174|6453|4755|7768
58308|6939|6830|23520|26505
28917|6939|207992
2027|47160|174|52468|262393
210937|1299|6762|16735|273514
34927|1299|17676|216211|211575
34872|24961|1299|8551|44709
139317|44324|32595|174|13335|395747
37271|3356|1299|20473|47065|61574
35008|1299|3257|60068|206406|210557
24516|3491|2914|12859|47065|61574
51519|39351|174|2914|226|47065|61574
35426|215596|62000|6777|5405|213642|329263
49544|2914|174|11432|271150|272738
12779|6939|28370|267556
48070|57463|12735|8517
29504|15935|174|6453|29208
1299|3356|13786|263047|271068
209650|34927|1299|3356|8119
199938|1299|3491|22356|28370|28657
204092|1680|20473|47065|61574
2497|1299|23764|35168|212999
48070|6939|29222|204957
52025|174|12956|212721
17350|2914|1299|35598|52091|206810|59815|25299
199524|174|3356|60011|34927|208690
40994|57463|12735|15830|201079
58308|6939|1299|46161
58308|6939|16652
35369|5405|49581|209693
2734|58453|30990|174|37100|327708|32860
328840|327727|174|399697|39967|399697
35426|215596|1299|60068|216213|205884
58299|62255|52091|206810|34786
1280|1299|34927|202532
17350|6453|174|60068|205884
210937|1299|60068|211571
12779|6939|2852|212876
263152|174|35598|52091|206810|214268|196977
917|60068|33891|56630|209944
29222|6939|40994|215472
37697|3491|174|35598|52091|206810
28917|6939|1299|23520|265561|270173|63293
6830|1299|10490|2722|12148|47065|61574
209823|3356|174|20473|47065|61574
21700|174|21320|5408|47065|61574
140627|1299|35598|52091|206810
4230|1299|29695|206557|208835
15605|35598|52091|206810|196767
28917|6939|1299|23520|52286|264764|273041
44324|32595|174|63436
2734|57463|12735|210021|211181|208293|212330|20940|16625
52025|32097|4230|52654|266493|61625
559|60345|50629|3356|3223|44803
28917|6939|7018|22241
3491|174|11432|271150|272738
58057|174|46427|64289|44592|49581|211507
6424|62255|52091|206810|48687
5405|6939|39790
210937|1299|6453|29208
30781|1299|3920|206777
852|174|5538|8194|29345
6830|3491|20473|47065|61574
136557|174|3257|28917|215730|209693
7018|3356|16735|266931|269250|271150
139317|44324|32595|174|47936
139317|44324|32595|174|214043
39351|174|3257|19318|201813
40994|6939|28917|39238|49392|34567
6830|1299|35598|52091|206810|214721|204108
198385|15576|57463|12735|201978|208425
6424|6939|28370|267608
28917|6939|1299|20473|215011
37662|174|201814|209896
44324|32595|174|212081
7474|137409|62000|212815|52053
34019|6939|54429
6424|62255|25308|28917|9049|51017
35426|215596|1299|7545|20473|47065|61574
3170|3491|174|37468|61568|266460|61625
35710|3320|174|52468|271150
3320|1299|29695|206557
3170|7195|28343|2716
205206|1299|3356|16735|2716
553|6939|24796
139317|44324|32595|174|327727|328840
6777|57463|12735|47123|24944
136557|174|60068|211571
271253|1299|3216|51032|41344|39707
22652|174|22381|267470|263047|264389
2500|2914|1299|8551|44709
3356|2914|12859|47065|61574
917|3214|1299|6855|39904|202605
44324|32595|174|204810
20253|1299|6204|44592|49581|209693
23673|6939|138997|216211|44324|215172|214955|59449
1267|33891|60068|211571
15935|174|10490|2722|12148|47065|61574
553|1299|3223|34224|12735
559|35598|52091
1299|6939|30893|204789
49028|1299|174|210|47065|61574
3491|1299|35598|52091|206810|214210
28917|6939|208453|214639
59689|29075|12859|47065|61574
6730|6830|174|60068|197103|212080
35008|1299|60068|211571
58308|6939|1299|42708|201691|216415
139317|44324|32595|174|55286|399122
5511|174|13786|263047|267961
23367|1299|35598|52091|206810|213694
328840|327727|174|35598|52091|206810|35273
513|29222|6939|263047|268105
559|7195|28260|270548|52794|52659
206356|50629|174|216211|211575
293|3356|1299|198949|35676
14907|1299|6762|16735|273514
28917|6939|1299|46475|59730
30781|1299|198949|35676
174|35598|25308|28917|9049|51017
209|3356|9002|62000|212815|52053
58308|6939|1299|199753
3216|174|13786|263047|268546
328964|3491|2914|6424|44592|49581|209693
24516|174|35598|52091|206810|59815
51185|6762|1299|8551|44709
2497|174|13786|263047|267425
210937|1299|3356|28370|267608
2497|1299|35598|52091|206810|56915
199524|174|60068|211571
50877|5405|1299|20473|399970
28917|20473|47065|61574
12859|1299|37468|52468|271150
198249|4601|4492
44324|32595|174|25829
58057|50673|174|52468|262393
44324|32595|174|53667|209864
58308|6939|35826
12779|57463|12735|8517|212167
202032|57463|12735|211201
58057|174|46475|57463|12735|203963
4230|1299|29695|206557
327727|174|35598|52091|206810|59815
1403|577|1299|8551|44709
57866|6830|174|32595|44324
3257|9002|62000|212815|52053
1103|6830|3356|8551|44709
148968|7474|7473|1299|3920|206777
29479|50304|1299|6855|39904|199604
206356|50629|1299|6855|39904
40994|9002|47605|204779|1299|6667|51319|41785
136557|174|35598|52091|206810|24881|24697
49544|1299|174|204548|215728
12859|57463|12735|211201
57111|41327|33891|60068|211571
29222|6939|32097
50304|1299|6855|39904|205968
22652|1299|21351|60132
199524|1299|60068|216213|205884
37721|1299|8551|44709
263152|264409|174|34927|202827
8283|6939|28370|28657
6720|1764|174|52468|271150
63927|1299|60068|197103|212080
1273|1299|6453|8283|211840
34927|12859|47065|61574
8426|6777|57463|12735|43391|51540
25369|1299|21351|60132
41666|20764|52091|206810|210063
31742|174|3130|47065|61574
34800|29632|9002|3356|174|3130|47065|61574
4777|2497|174|35598|52091|206810|210063
41327|174|138997|216211|44324|205369
196621|15576|57463|12735|15830|198417
971|174|52468|271150
49028|1299|174|13786|263047|269488
4826|1299|56630|209944
28917|6939|207841|216198
58308|6939|33891|12306
46450|1299|3257|28917|215730|209693
213151|6424|44592|49581|211507
34927|1299|7195|20473|47065|61574
57381|50304|1299|198949|35676
28917|6939|1299|23520|52253|13335
151326|174|21320|5408|50148
196621|58115|21263|216282
25160|174|22381|267470|263047|264389
971|174|6453|29208
852|33891|60068|211571
40387|1299|4230|2716
48070|57463|12735|42216
59105|9370|2497|174|52468|262393
28917|6939|7018|396973
58308|6939|6830|23520|30689
41722|6939|138997|216211|44324|215172|214955|59449
29222|6939|3170|214670
199524|6762|174|20473|47065|61574
34800|58057|6939|138997|216211|44324|215172|214955|59449
32590|7195|174|204548|215728
32590|1299|20473|47065|61574
42541|1299|174|1916|47065|61574
198385|174|6453|4755|7768
6830|3257|60068|206406|210557
15623|174|3130|47065|61574
4181|1299|35598|52091|206810|56766
29222|6939|60432
204092|6939|28917|6789|200702
12307|29691|13030|28917|215730|209693
28917|6939|1299|39783
7660|2516|1299|20473|47065|61574
28917|6939|1299|20473|8079
41722|12389|1299|10490|2722|12148|47065|61574
206356|6939|138997|216211|44324|215172|214955
6894|174|13786|263047|52793
20253|1299|3356|1680|44709
28917|6939|1299|20940
60068|1299|6855|50698
174|1299|20473|399970
6424|271586|263047
58308|6939|6830|23520|27665|46764
398465|174|28189|266931|271615|273522|271150
56655|1299|174|3130|47065|61574
29504|15935|174|1299|8551|44709
58299|62255|52091|206810|214268|197578
44324|32595|174|6713|37190
28917|6939|7018|7743
34927|52025|174|35598|52091|206810|196638
58057|34549|1299|8551|44709
58511|3257|3356|21320|5408|47065|61574
7018|3356|20473|47065|61574
29075|1299|3257|20473|47065|61574
2914|6424|44592|49581|211507
41666|16276|203019
139317|44324|32595|174|3356|9009
1280|1299|60068|216213|205884
21700|174|35598|52091|206810|213694
28917|6939|1299|3225|50475|43586
139317|44324|32595|174|54419
23367|1299|35598|52091|206810|202279
28917|6461|7473|38001|25192
209|3356|1299|201814|209896
9044|1299|174|37468|61568|266460|61625
34927|1299|35598|52091|206810|35273
12779|57463|12735|9121|34478
139317|44324|32595|174|209594
12637|6939|28917|39134|39561|197695
553|9002|12555|198070
31510|174|204548|215728
210312|4601|50869|59645
1103|6830|174|3130|47065|61574
207841|6939|50989|50683
3130|174|3356|16735|2716
1299|12956|212721
28917|6939|49418
199524|1299|3257|28917|215730|209693
7474|3257|174|210|47065|61574
58308|6939|1299|199508|215629
7474|3257|174|60068|205884
50877|214443|6939|28917|52191
58308|6939|5405|12502
58308|6939|3170|43851
44324|32595|174|197071|214677|211011
28917|6939|25563
19151|174|1299|8551|44709
64475|6939|28370|270962
58511|3257|174|1916|47065|61574
3399|5511|174|216211|211575
39351|1299|8551|44709
12859|57463|12735|8517|5474
4601|6939|28917|8491
28917|6939|12735|13335
15605|6762|1299|20473|47065|61574
58308|6939|1299|42615
58308|6939|1299|12488
58308|13335|399532
140627|1299|4230|52654|266493|61625
213151|137409|62000|212815|52053
2914|174|52468|271150
210312|4601|6939|28917|8491
210312|4601|57463|12735|15830|137922
202032|58115|21263
3170|6461|6424|44592|49581|211507
44324|32595|174|2860|215446
6424|52898|263047|268105
58308|6939|2852|200874
34019|30781|1299|3920|206777
139317|44324|32595|174|40092
23367|1299|29695|206557|204503
6777|35598|52091|206810|214721
136557|174|7195|20473|47065|61574
12637|6939|25192
28917|6939|28370
209|3356|1299|6424|44592|49581|209693
29222|6939|62000|198831|212133
202032|57463|12735|42216|62425|213751
3170|6939|28370|28657
1299|3356|8772|215536
263237|174|60068|205884
37271|174|13786|263047|271068
58308|6939|553|204680|214840
55222|174|35598|52091|206810|34786
44324|32595|174|62807
4601|50869|58299|39910
3216|1299|174|210329|215728
58057|34549|3257|28917|215730|209693
23367|1299|7195|28260|270548|52794|52659
971|174|35598|52091|59815|25299
136557|174|1299|34927|202532
55720|2914|1299|35598|52091|206810|56766
51786|15623|4455|62000|212815|52053
58308|6939|1299|7250
12637|6939|2852|198500
328206|37739|3491|174|60068|205884
2027|47160|174|216211|211575
17639|1299|3257|28917|215730|209693
12956|174|56630|209944
209823|25091|1299|20473|47065|61574
41666|20764|52091|206810|214721
2027|47160|6453|174|37468|61568|266460|61625
20253|1299|6424|44592|49581|209693
140627|137409|62000|212815|52025|212895|210320
3257|174|60068|205884
206356|50629|1299|60068|197103|212080
8660|1267|1299|174|204548|215728
3333|12859|3223|41327
139317|44324|32595|174|201102
23367|1299|4230|52654|266493|61625
5405|6939|42695|43101
3491|174|37468|61568|266460|61625
2914|174|204548|215728
29222|6939|28370|268521
4601|50869|214757|205941
44324|32595|174|20473|328760
34927|6424|44592|49581|209693
48070|30844|21351|60132
44324|32595|174|399646|206042
136557|174|37468|270551|263047
139317|44324|32595|174|199335
28917|6939|49418|213673
37497|3491|174|37468|61568|266460|61625
139317|44324|32595|174|50881
47147|1299|6939|33924
6830|6453|19318|209896
210312|4601|50869|41051|201423
21412|1299|3223|41327
50877|5405|37468|60068|216213|205884
327960|174|35598|52091|206810|213694
328964|3491|1299|3920|206777
5413|1299|3257|204548|215728
15623|1299|20473|47065|61574
971|174|35598|52091
20932|174|60068|205884
35600|30781|1299|10490|2722|12148|47065|61574
28917|6939|1299|20473|149285
20514|1299|3356|28370|28657
23367|1299|29695|206557|208835
28634|4230|1299|201814|209896
44324|32595|174|46974
39122|2603|21320|5408|47065|61574
28917|6939|1299|137366|45287
28917|6939|1299|20473|54874|970|21957
971|174|46475|57463|12735|203963
553|57463|12735|29399
29222|6939|41720|215146
31742|1299|35598|52091|206810
15605|57463|12735|42216|62425|197715
20932|1299|5511|60068|206406|210557
28917|6939|7018|6431
7018|3356|3223|41327
28917|6939|1299|20473|137264
58308|6939|262485|272707
577|1299|10490|2722|12148|47065|61574
3130|174|1299|3920|206777
1299|6939|2852|48091
174|20723|2852|202874
207841|57463|12735|43391|214449
57777|8298|8283|3491|209810|207187|205044
29504|15935|174|5511|49666|58224|214805
6830|1299|35598|52091|206810|59815|25299
136557|174|6461|394737
28917|6939|1299|6855|214396
30844|174|13786|263047
34019|6939|30893|199580
35600|50263|15935|197451|207167|208143
3333|1273|174|52468|271150
50629|57463|12735|9121|34478
327983|37497|3491|174|8551|20473|47065|61574
1403|577|174|1916|47065|61574
41095|3356|1299|22773|8119
56655|1299|174|210|47065|61574
58299|4657|132132|1299|6939|46997|10241|131259
44324|32595|174|210801
3214|6461|62000|212815|52053
44324|32595|174|53667|44421
15605|41327|28917|215730|209693
58308|6939|29208|211731
3130|174|1299|20473|399970
12779|35598|52091|206810|214210
198385|15576|174|210|47065|61574
48070|1299|174|20473|47065|61574
44324|32595|174|53667|213891
31510|174|13786|263047|267425
47692|33891|216067|44244
271253|174|35598|52091|206810|213694
8298|33891|216067|44244
2734|9498|20473|47065|61574
21412|1299|7545|20473|47065|61574
132847|7474|7473|1299|2914|226|47065|61574
58308|6939|1299|29066
23673|137409|62000|212815|52053
204092|50263|15935|200844
42541|62255|52091|206810|39089
29222|6939|56595|215320
20253|1299|56630|209944
34854|1299|3223|41327
198249|57463|12735|29399
35600|6939|28370|269016
34927|1299|35598|52091|206810|214268
42473|1299|60068|197103|212080
20912|6939|138997|216211|44324|215172|214955|59449
16552|1299|6855|39904|202605
22652|174|37468|61568|266460|61625
8283|38930|174|3130|47065|61574
14907|1299|3356|8119
28917|6939|39791|47493
3333|1257|174|22381|267470|263047|264389
58308|6939|553
328840|327727|174|34927|202827
28917|6939|1299|29990
24785|1299|60068|197103|212080
41666|57463|12735|208594
12637|6939|28370|52593
7474|7473|1299|35598|52091|206810|214721|204108
139317|44324|32595|174|53667|202776
58308|6939|1299|60486
51873|9002|1299|201814|209896
28917|6939|1299|20473|401209
15576|57463|12735|8517|206887
23367|1299|3356|28370|263535|268030
328840|327727|174|35598|52091|206810|34786
6424|6939|28917|47759
20253|1299|35598|52091|206810
328840|327727|174|13786|263047|262813|265917
63927|1299|6762|267470|263047
33891|16164|36032
139317|44324|32595|174|7497
20811|28716|1299|56504|47674
53828|2914|174|35598|52091|206810|59815|25299
34854|1299|35598|52091|206810|24881
139317|44324|32595|174|984|55201
6423|20055|174|35598|52091|206810|196638
20055|174|201814|209896
28917|6939|1299|23520|264821|274129
8220|1299|12956|212721
13830|971|174|201814|209896
16552|1299|1680|20473|47065|61574
49605|6762|174|11432|271150|272738
12956|174|14840|2716
30058|216211|44324|215172|214955
7018|3356|13786|263047|268105
553|57463|12735|8517|205782
23367|1299|29695|206557
8758|15576|56630|209944
205206|1299|3356|28370|267608
39351|2603|21320|5408|47065|61574
12859|22356|28370
39351|1299|4637|20473|47065|61574
11039|6461|1299|35598|52091|206810|214721|204108
31510|174|10490|2722|12148|47065|61574
41722|12389|174|140227|44324|205369
210937|1299|20473|399970
44324|32595|174|17497
5413|1299|6855|39904|47767
41811|1273|174|37468|61568|266460|61625
210937|1299|6855|39904
49028|1299|6939|60432
12389|1299|20473|399970
28917|6939|1299|270126
6830|1299|6855|39904|47767
21700|174|35598|52091
210312|4601|50869|52025|201676
6424|6939|2852|204772
28917|6939|1299|20473|199459
8280|6762|174|60068|216213|205884
559|20764|43298|48678|205463|213799
1836|8455|8283|47065|61574
32590|6762|9002|62000|212815|52053
3170|6939|28370|267556
28917|6939|1299|400400
204092|50263|15935|50163
35426|33891|44592|49581|209693
6830|1299|6855|39904|199604
28917|6939|7018|22241|62714
34872|24961|1299|174|37468|61568|266460|61625
553|6939|28917|39238|51408
215596|1299|37468|53062|266493|61625
35600|50263|15935|197451|207167
12779|57463|12735|34476
53828|2914|174|35598|52091|206810|197643
3399|5511|174|20473|47065|61574
58308|6939|28917|197078
34019|47160|62000|6777|20326
2027|47160|6939|24796
15935|174|3356|16735|2716
328512|5713|174|60068|205884
47692|33891|6461|394737
12552|8283|47065|61574
64475|62255|52091|206810|12773|47809|59478
3257|174|13786|263047|269680
49788|1299|7195|20473|47065|61574
58308|9002|46427|64289|44592|49581|211507
41666|57463|12735|31704
7713|174|46427|64289|44592|49581|211507
58308|6939|1299|57660
28917|6939|32097
58308|6939|1299|48132
4764|1299|16164|36032
7713|174|206170|6939|5405|200019
971|174|13786|263047|266089|52793
28917|6939|6830|23520|64126|265695|273867
50629|1299|21351|60132
28917|6939|59970
7018|174|21700|399914
15576|57463|12735|15830|48678
34288|1299|37468|53062|266493|61625
29222|6939|28370|52593
29691|1299|56630|209944
202032|57463|12735|8517|212167
917|60068|174|204548|215728
35426|215596|174|1916|47065|61574
22355|30844|21320|5408|47065|61574
210312|4601|6939|28917|201119
6830|6939|28370|263060
40994|6939|28370|267608
15605|6762|174|5538|8194|29345
