29222|6939|39791|49101|42422
58308|6939|7018|22241|400745
139317|44324|32595|174|53667|206042
49544|3356|1299|198949|35676
49028|35280|6453|174|11432|271150|272738
210312|4601|50869|52025|205514
4601|50869|215828|214079
40387|1299|6453|19318|201813
28917|6939|30893|13214|35634
266213|3356|1299|20473|47065|61574
58308|6939|1299|29066
47160|174|60068|216213|205884
139317|44324|32595|174|7040
44324|32595|174|329109|328297
206356|50629|174|1916|47065|61574
50877|5405|6939|28370|28657
50304|1299|3356|28370|268198
29222|6939|50629
553|6939|25192|20701
3130|174|60068|216213|205884
16347|1299|3257|210329|215728
50877|5405|6939|28370|264426
42473|1299|6204|44592|49581|209693
215596|174|11432|271150|272738
41722|12389|1299|20473|47065|61574
20205|1299|7195|20473|47065|61574
12637|35598|52091|206810|214721
4601|50869|34019|34958
328840|327727|174|35598|25308|28917|204076
327727|174|6453|29208
40994|6939|28370|263535
44324|32595|174|210801
7713|174|20473|47065|61574
680|1299|3920|206777
28917|6939|1299|8151|272325
29222|6939|29670
1299|6939|50989|205966
48070|6939|28917|47478
50304|1299|3356|28370|28657
28917|6939|1299|3223|214673
7018|3257|20473|47065|61574
42473|1299|3356|28370|263963
35600|6939|25192
209|3356|174|32595|44324
44324|32595|174|201902
47311|150249|212001|199376
41666|20764|43298|48678|213865
30844|8283|47065|61574
29222|6939|7018|401623
6696|1299|9002|8772|396416
28917|6939|1299|209551
23367|1299|25091|8298|4601|4492
28917|6939|1299|25759
6424|6939|58308
58308|6939|5405|200209
21700|174|20473|47065|61574
3333|1257|174|210329|215728
12637|1299|6855|39904
42541|62255|52091|206810|210063
1836|33891|44592|49581|209693
17350|2914|12859|47065|61574
13786|3356|1299|3920|206777
14537|3356|1299|3920|206777
50629|174|60068|205884
37721|174|3130|47065|61574
29222|6939|8899|42652|44569
210312|4601|9002|34927|202827
50877|5405|6939|2852|61110
48070|1299|6855|39904
58308|6939|7018|399611
3399|174|20473|47065|61574
4601|50869|41051|25538
35600|6939|16652
7018|6939|54429|401894
6830|174|140227|44324|205369
12859|18678|22381|28343|2716
58057|174|28189|266931|271615|273522|271150
8280|6762|174|21700|399914
28917|6939|1299|14754
24961|1299|8551|20473|47065|61574
12859|1299|21351|60132
34927|52025|174|52468|271150
148968|7474|3257|174|140227|44324|205369
1299|12859|47065|61574
29632|9002|3356|1299|20473|47065|61574
47147|1299|3356|8119
11845|37468|1299|198949|35676
139317|44324|32595|174|51551|44971
553|6939|30893|204789
6696|5511|174|37468|61568|266460|61625
44324|32595|174|200435
34927|1299|25091|8298|4601|4492
394256|174|28189|266931|271615|273522|271150
6830|6939|59689
58308|6939|30893|204789
15412|33891|216067|44244
210312|4601|6939|28917|8926|200019|48753
196621|6939|2852|61110
9044|1299|174|37468|61568|266460|61625
29222|1299|60068|197103|212080
5511|174|32595|44324
28917|6939|1299|20473|397592
559|6939|30893|199580
139317|44324|32595|174|35399
49788|12552|8283|47065|61574
28917|6939|1299|23520|11139|397529
44324|32595|174|212250|208293|203217|59588
553|174|22381|267470|263047|264389
151326|174|28283|268744|2716
29222|6939|48678|212598
6894|33891|216067|44244
4601|50869|58299|212691
48070|6939|28917|8926|200019|48753
8220|1299|29695|206557
398465|1299|174|14840|269288
58308|6939|1299|263444
35320|1299|20473|47065|61574
31510|33891|60068|211571
553|1299|60068|197103|212080
58299|7195|28260|270548|52794|52659
50304|1299|6762|267470|263047
3356|1299|8551|44709
44393|394256|174|22381|267470|263047|264389
199938|1299|37468|60068|216213|205884
15935|174|3356|8119
58308|6939|7018|7287|13965
3741|174|1299|6855|39904
3170|49770|1299|29518
58308|6939|6830|23520|52253
29222|6939|29208|209135
44324|32595|174|53667|152697
6667|33891|216067|44244
34854|1299|16276|203019
44324|32595|174|36436
8280|6762|2914|12859|47065|61574
34019|6939|2852|213152
210312|4601|50869|58299|209114|206072
327727|174|6453|4755|7768
58308|6939|33891|204243
210312|4601|50869|52025|211358
34927|1299|3216|51032|41344|39707
29222|6939|28370|267556
57777|13335|400095
58057|174|210|47065|61574
12779|14840|2716
4601|6939|28917|8926|200019|48753
58308|35598|52091|206810|59815|25299
917|60068|1299|12859|47065|61574
19151|2914|1299|20473|47065|61574
58308|6939|56595|215742
58308|6939|2852|199711
28917|6939|1299|400767
35426|215596|1299|3257|19318|209896
49788|1299|6453|19318|201813
48070|1299|3223|41327
1836|1299|6855|39904|47767
34019|6939|28370|268521
328206|37739|3491|174|60068|216213|205884
139317|44324|32595|174|210477
15562|2914|1299|6939|24796
48070|6939|28370|270962
28917|6939|1299|6400|267896
215596|1299|17676|216211|44324|205369
48070|6939|28917|50009
917|25369|174|22381|267470|263047|264389
199524|1299|37468|270551|263047
34177|3356|1299|12859|47065|61574
28917|6939|1299|203660
34019|47160|174|60068|216213|205884
41327|6939|30893|204789
31510|174|1299|20473|399970
58308|6939|393682
40994|6939|28370|269016
8283|20764|52091|206810|48687
36236|174|140227|44324|205369
31510|174|3356|28370|28657
28917|6939|1299|15305
51185|6762|1299|6855|39904|47767
140627|1299|3356|28370|268521
49544|1299|6855|39904|47767
559|52320|7162|13878|52468|271150
4777|2497|174|5538|8194|29345
28917|6939|1299|9009|215294
16552|16260|174|52468|262393
58057|50673|174|32787|202161
15547|174|22381|267470|263047|264389
58308|6939|1299|39351
11039|6461|1299|198949|35676
19151|174|7311|835|394273
8660|1267|1299|6453|19318|201813
12779|6939|2852|197277
44324|32595|174|6914
6894|174|13335|5408
58308|6939|40994|216321
6667|1299|198949|35676
55222|1299|3356|28370|263060
28917|6939|1299|39855
52025|174|21320|5408|50148
36924|1299|174|20473|47065|61574
28917|6939|1299|52468|265799
398465|1299|3356|28370|264426
19151|174|12956|212721
58308|6939|7018|400072
8455|3356|174|399697|39967|399697
64475|6939|60432
210312|4601|50869|52025|51939
48185|2914|174|3130|47065|61574
6762|3356|21320|5408|47065|61574
16552|1299|3920|206777
29222|6939|7018|22241
12779|35598|52091|206810|56915
207841|61049|2914|1299|198949|35676
199524|1299|3356|8772|215536
4601|50869|215172
44324|32595|174|27258|399252
14537|3356|1299|6855|39904
12779|212815|52053
20932|8283|47065|61574
28917|6939|1299|23520|52228|263785
327960|174|34927|202827
29504|15935|174|28189|266931|271615|273522|271150
1273|174|11432|271150|272738
28917|6939|62000|198825|214029
41327|37271|20473|47065|61574
8218|6461|1299|3920|206777
48070|6939|28917|50045
6762|174|60068|216213|205884
41722|12389|1299|60068|216213|205884
199524|1299|5511|49666|58224|214805
50877|5405|1299|20473|47065|61574
23352|3257|174|201814|209896
20514|1299|7195|28343|2716
42541|1299|174|1916|47065|61574
45352|174|210329|215728
50304|1299|3356|28370|263060
56987|1299|20473|399970
2734|1828|13789|30372|3356|174|393216
58308|9002|8772|215536
210312|4601|6939|28917|39153
29222|6939|41720|213709
215596|1299|3223|34224|12735
19151|174|22381|267470|263047|264389
139317|44324|32595|174|198104
51873|9002|1299|201814|209896
3130|174|1299|25091|8298|4601|4492
35369|5405|29632|215536
58308|6939|1299|6696|25181
132847|1221|4637|3356|21320|5408|47065|61574
49432|48362|1299|174|210329|215728
24516|174|35598|52091|48158
28917|6939|1299|52468|271785
12779|21351|60132
55222|1299|6204|44592|49581|209693
58308|6939|15935|197451
44324|32595|174|22439
6762|174|37468|61568|266460|61625
29140|286|1299|3920|206777
209650|34927|174|210329|215728
59414|3303|174|52468|271150
210312|4601|50869|58299|206478
38001|3491|174|8551|20473|47065|61574
4601|9002|34927|202827
49788|1299|20473|47065|61574
3170|6939|2852|210498
31742|1299|37468|270551|263047
4766|8455|8283|47065|61574
50304|1299|20473|201423
12350|1299|3356|28370|267556
25369|1299|21351|60132
8283|20764|52091|206810|214721|204108
41327|1299|20473|399970
34549|174|22381|267470|263047|264389
35008|1299|6453|19318|209896
49544|3356|174|20473|47065|61574
25369|174|210|47065|61574
36924|1299|4230|2716
1103|3257|174|140227|44324|205369
139317|44324|32595|174|397723
20514|1299|6453|19318|209896
8283|6453|19318|209896
28917|6939|1299|20473|215223
49028|1299|174|60068|216213|205884
917|60068|174|1916|47065|61574
207841|6939|28917|6789|203561
47147|1299|6939|28370|264426
45049|6696|5511|174|37468|61568|266460|61625
58308|6939|6830|23520|263703|269901
15562|2914|174|3130|47065|61574
49544|1299|6461|394737
6830|6939|42695|43101
14907|1299|7195|20473|47065|61574
29222|6939|39791|49101|51449
35600|6939|30893|199580
23764|3356|1299|12859|47065|61574
58308|6939|6830|23520|263703|269928
20514|1299|3356|28370|263535
32097|28283|268744|2716
12779|6461|210|47065|61574
58308|6939|1299|12876
39351|174|22381|267470|263047|264389
28917|6939|1299|20473|150184
553|62255|52091|206810|12773|47809|59478
34288|1299|3356|28370|263535
8220|6453|1299|1680|20473|47065|61574
41327|174|11432|271150
132825|174|14840|269288
49028|1299|3356|28370|53079
199524|3356|174|399697|39967|399697
12637|6939|28370|264426
37100|1299|6855|39904|47767
50629|20764|52091|206810|211692|214268
264409|174|204548|215728
34854|1299|3356|28370|28657
32590|4637|3356|21320|5408|47065|61574
56655|1299|6453|19318|201813
216285|8280|6762|1299|22773|8119
32590|1299|7195|20473|47065|61574
7018|3257|21034
6762|174|8551|20473|47065|61574
41666|20764|52091|206810|208435
28917|6939|1299|198949|12625|15814
24961|1299|174|20473|47065|61574
58308|6939|1299|6400
31510|174|3356|28370|268521
205206|1299|3356|28370|267556
2734|3257|174|140227|44324|205369
28917|6939|1299|54696
16552|1299|33891|216067|44244
37497|3491|1299|3920|206777
559|20764|202984|35598|25308|28917|204076
58308|6939|2852|210367
139317|44324|32595|174|212250|208293|203217|54994
559|59692|12555
14537|3356|1299|6855|39904|47767
20130|23352|3257|174|201814|209896
32590|37100|1299|6855|39904|47767
47147|1299|6939|28370|263535
132825|174|3257|8551|44709
35600|13335|400095
28917|6939|1299|20473|215011
205206|1299|3356|8119
45049|6696|1299|174|37468|61568|266460|61625
58299|21320|5408|47065|61574
263237|174|13335|5408
8529|1299|6762|16735|273514
2500|2914|174|210329|215728
29222|6939|28917|35539
42541|20764|43298|48678|213865
29222|6939|12735|42216|51722|26383
204092|6939|28370|269016
50877|5405|6939|30893
28917|6939|1299|54113
20932|1299|6855|39904|47767
40994|174|60068|216213|205884
1403|577|1299|8551|20473|47065|61574
205206|33891|266493|61625
7713|1299|6855|39904|202605
2497|174|37468|61568|266460|61625
58308|6939|1299|46261|49548
39351|1299|5511|60068|206406|210557
3170|13335|5408
64475|137409|48011|25184|49801|204533
12779|6939|54429|401894
6424|13335|400095
50629|20764|52091|206810|12773|57005
31510|174|1916|47065|61574
6424|6939|50989|33837
199524|1299|13335|400095
6696|1299|20473|399970
34288|174|60068|216213|205884
58308|6939|33891|51191
15935|174|3356|1680|44709
50304|1299|6855|39904|205968
2516|174|3130|47065|61574
28917|6939|1299|213205
16552|1299|6855|39904|47767
49605|6762|174|399697|39967|399697
4601|50869|6939|28370|267556
132337|1299|20473|201423
58308|6939|2852|201648
174|3356|28370|268521
3214|1299|174|3130|47065|61574
58308|6939|3170|43851
28917|6939|7018|7287
48919|9002|21320|5408|47065|61574
28917|6939|1299|52468|264841
34019|6939|50989|48116
13786|174|35598|52091|206810
28917|6939|62000|198831
45049|6696|1299|4230|2716
8283|6762|60068|216213|205884
44324|32595|174|46642
5413|1299|8551|44709
44324|32595|174|141163
28917|6939|1299|6855|196861
139317|44324|32595|174|211691
44324|32595|174|6424|47787|203020
1764|174|60068|205884
3303|174|399697|39967|399697
20912|174|28283|268744|2716
28917|6939|1299|7342
58308|6939|1299|61423
12779|6939|25192|29067
20514|1299|6453|4755|7768
37053|37100|2603|21320|5408|47065|61574
48070|6939|2852|201648
58308|6939|1299|51834
553|6939|24796
213151|34927|1299|60068|197103|212080
58308|6939|33891|204560
42541|1299|56504|47674
6830|7195|28189|266931|269250|271150
15605|6939|30893|205563
58308|6939|7018|25687
398465|1299|201814|209896
6424|6939|2852|213152
6424|6762|1299|6855|39904|199604
29222|6939|214443
7018|3356|28370|53079
202365|50673|174|28189|266931|269250|271150
28917|6939|1299|60068|26383
31510|174|12956|212721
6830|3257|210329|215728
51185|6762|1299|20473|399970
35426|215596|1299|3356|8119
6667|1299|20473|201423
196621|58115|21263|33814
28917|6939|1299|20473|60240
8529|1299|198949|35676
6730|6830|174|10490|2722|12148|47065|61574
57111|41327|2603|21320|5408|50148
20253|1299|174|60068|205884
34019|29169|1299|198949|35676
20253|1299|6855|39904
20912|12637|1299|174|20473|47065|61574
8283|6762|49666|58224|214805
263237|174|204548|215728
47692|3356|174|21700|399914
48919|174|56630|209944
139317|44324|32595|174|48266|61112
44324|32595|174|32505|54785
11039|6461|174|3130|47065|61574
28917|6939|1299|265620|272344
553|1299|5511|60068|206406|210557
28917|6939|1299|14080|26611
15562|2914|1299|3920|206777
32653|3741|33891|60068|211571
7018|1299|42303|51701|30893
999|6453|1299|20473|47065|61574
23367|1299|42303|51701|30893
32590|1299|3356|28370|264426
2518|1299|8551|20473|47065|61574
327983|37497|1299|6855|39904
3130|174|3257|60068|206406|210557
37739|3491|1299|34927|202532
58308|6939|1299|263821
34019|39801|199881
47147|1299|6939|33924
148968|7474|3257|174|14840|269288
16347|1299|6762|60068|205884
264479|7195|33891|216067|44244
58308|6939|1299|57811|201029
55222|1299|3356|28370|267608
35600|6939|28917
60068|174|34927|202827
210937|1299|174|140227|44324|205369
4601|50869|34019|35600
12779|6939|393682
58308|6939|33891|42008|8925
50628|6453|174|11432|271150
13830|971|174|201814|209896
51519|39351|174|60068|205884
29222|6939|16652
47147|1299|3356|8772|215536
29075|1299|3216|51032|41344|39707
12779|6939|29222
58057|50673|174|20473|47065|61574
204092|6939|28917|47478
35369|1764|174|140227|44324|205369
64475|6939|30893|13214|35634
328964|23764|1299|34927|202827
207841|6939|28917|44812
25160|1299|6855|39904
1299|56630|209944
210312|4601|8551|20473|47065|61574
6461|174|8551|20473|47065|61574
12956|1299|10490|2722|12148|47065|61574
1403|577|1299|12956|212721
28917|6939|7018|396912
34288|1299|8551|44709
1764|174|140227|44324|205369
59105|2518|2516|174|20473|47065|61574
28917|6939|1299|23520|263703|273069
148968|7474|7473|1299|7195|20473|47065|61574
58308|6939|1299|5518|51894
40387|1299|56630|209944
7500|2516|1299|12956|212721
28917|6939|1299|9829
28917|6939|1299|4229
12637|6939|200303
9002|1299|3223|34224|12735
8283|6939|25192|26710
210312|4601|50869|6939|60432
44324|32595|208223
13786|174|204548|215728
58308|6939|6830|23520|64126|273198
57695|917|60068|174|21320|5408|47065|61574
4775|4637|33891|216067|44244
139317|44324|32595|174|212250|208293|203217|14789
15605|57463|7713|1299|56308
29222|6939|29208|48926
14907|1299|20473|47065|61574
41327|174|1916|47065|61574
6830|6939|50989|33837
41327|6939|2852|48091
18779|174|210329|215728
49432|48362|1299|8551|44709
58308|6939|1299|36352|27176|215120
29680|174|22381|267470|263047|264389
57695|917|60068|174|56630|209944
50629|6461|137409|63473|200790
16552|1299|34927|202827
48070|6939|25192|29067
35426|215596|62000|215551|30893
394256|174|8551|20473|47065|61574
680|1299|6855|39904|202605
6830|6939|28917|44056
206356|50629|1299|6855|39904
35426|215596|1299|12956|212721
49788|2603|21320|5408|47065|61574
28917|6939|1299|136106|45305|141607
31742|1299|56630|209944
6424|20764|52091
47147|1299|7195|28343|2716
199524|174|21700|399914
206499|34549|174|22381|267470|263047|264389
64475|3216|51032|41344|39707
29504|15935|174|5511|49666|58224|214805
57111|174|6453|4755|20473|47065|61574
58057|28917|215730|209693
4601|50869|41051|209527
34549|3257|174|20473|47065|61574
8426|3257|174|5538|8194|29345
206356|50629|3223|34224|12735
7594|174|16276|203019
59414|6830|34927|202827
28917|6939|1299|34170|138915
58299|37468|53062|266493|61625
210312|4601|50869|6939|200303
55720|2914|1299|6855|39904|47767
34927|56655|1299|174|21700|399914
48070|6939|28917|39134
6461|174|216211|211575
58308|6939|7018|2386|11873
50304|1299|12956|212721
59891|13030|1299|6453|19318|209896
50629|20764|52091|206810|50204
44324|32595|174|53667|216340
35710|48200|6762|174|20473|47065|61574
28917|6939|1299|8473
999|6453|174|8551|20473|47065|61574
20253|1299|6453|29208
41327|6939|2852|204772
28917|6939|1299|39029
57695|917|60068|1299|3356|8119
20080|2914|1299|20473|47065|61574
44324|32595|174|43160|199195
58308|6939|1299|9141|39869
59689|30781|1299|6855|39904
28917|6939|1299|13855|400528|395580
6908|174|6453|19318|201813
207841|6939|28917|8926|200019|48753
34927|56655|1299|7195|28283|268744|2716
13237|1299|3356|28370|263535|268030
58308|6939|1299|199524|62553|205941
28917|6939|1299|30600
12637|35598|52091|206810|208435
6667|1299|25091|8298|4601|4492
25091|1299|3223|41327
28917|6939|1299|20473|137256
210312|4601|50869|34019|202945|210960
57111|41327|16164|36032
40387|1299|7195|28189|266931|271615|273522|271150
174|1299|8551|44709
3170|57463|7713|1299|56308
49432|48362|1299|201814|209896
136557|174|35598|52091|206810
20932|1299|20473|399970
60068|174|3356|8772|215536
28917|6939|6830|59776
28917|6939|1299|3249|31605
215596|1299|6461|394737
29222|6939|35826|205311
6082|2914|1299|8551|44709
13786|174|3130|47065|61574
196621|6939|50989|205966
48919|174|1916|47065|61574
12859|35598|52091|206810|8274
44324|32595|174|204561
6057|174|21320|5408|50148
35600|6939|2852|200874
12637|6939|28917|6789
59919|12779|62255|52091|206810
20932|174|60068|205884
210312|4601|50869|34019|204186
139317|44324|32595|174|53667|198734
12637|6939|29222|41495|206202
207841|6939|2852|48091
398465|3320|3491|5408|47065|61574
32590|7195|33891|216067|44244
48070|1299|8551|44709
8283|6939|59689
210937|1299|6855|39904|47767
207841|6939|28917|44056
40994|6939|60432
28917|6939|1299|23520|264813
47160|6939|28370|269016
35008|1299|3356|1680|44709
58308|6939|3170|203363
33891|3223|34224|12735
9304|33891|216067|44244
132825|174|3257|21034
18106|174|204548|215728
20253|1299|7195|28189|266931|269250|271150
29222|6939|29208|49262
7018|6939|196610|48927
1299|29695|206557
20932|1299|8551|44709
139317|44324|32595|174|37649
4764|1299|6855|39904|199604
1267|1299|5511|60068|206406|210557
48070|6939|50989|205966
6424|6939|29222|513|20940
12307|29691|1299|7545|20473|47065|61574
28917|6939|1299|3301|204847
57111|41327|19318|209896
12637|6939|29222|513|20940
210312|4601|6939|28917|12668|197404
35600|6939|25192|29067
29504|15935|33891|60068|211571
39351|1299|17676|216211|44324|205369
34019|29169|174|140227|44324|205369
59890|174|216211|211575
50304|1299|6855|39904|199604
48070|1299|20473|201423
6082|2914|12859|47065|61574
215596|174|140227|44324|205369
24889|13030|21320|5408|47065|61574
1403|577|33891|216067|44244
29222|6939|273556
34854|1299|37468|52468|262393
44324|32595|174|12252
15605|35598|52091|206810|5598
196621|6939|28917|12668
216285|8280|6762|174|5538|8194|29345
5405|62255|52091|206810|211692|214268|196977
58308|6939|5405|214895
42541|62255|52091|206810|59867
4230|1299|35598|52091|206810
2734|142111|152672|174|3257|6205|197450
8220|1299|198949|35676
60068|174|6461|394737
139317|44324|32595|174|263009|52559|274658
29222|6939|553|212522|20940
210312|4601|50869|41051|208487
44324|32595|174|3320
28917|6939|6830|23520|272935|273948
47147|1299|12859|47065|61574
24961|1299|6855|50698
37239|37468|174|399697|39967|399697
58308|6939|1299|28852
37100|174|5538|8194|29345
55222|174|3257|19318|209896
210312|4601|50869|34019|204092
35600|30781|1299|10490|2722|12148|47065|61574
28917|6939|1299|60068|396319
1299|6939|30893|200690
44324|32595|174|200315|57568
52025|174|210329|215728
28917|6939|1299|394611
58308|6939|7018|16816
20253|1299|29695|206557|205190
28917|6939|1299|208414
559|35598|52091|206810|12773|44884
199524|6762|1299|20473|47065|61574
207841|6939|2852|212876
35600|6939|29222|207688
58308|6939|1299|34927
15605|8298|4601|4492
28917|6939|1299|16276
47147|1299|174|3130|47065|61574
37105|37662|174|6453|29208
36924|1299|3257|20473|47065|61574
3130|174|13335|400095
44324|32595|174|63154
8529|1299|22773|8119
20080|2914|1299|6855|39904|202605
44324|32595|174|53667|213891
36924|1299|8551|44709
23673|6939|1299|20473|399970
12969|1299|3223|34224|12735
174|21700|399914
20253|1299|42303|51701|30893
34927|56655|1299|174|216211|211575
58308|6939|1299|16733
50877|6762|174|11432|271150
52873|12956|174|210|47065|61574
20205|1299|6453|19318|209896
19653|30600|174|52468|262393
44324|32595|174|14148
6894|3257|174|140227|44324|205369
2500|2914|174|20473|47065|61574
7018|1299|16276|203019
58308|6939|559
48919|174|8551|20473|47065|61574
25152|2914|174|20473|47065|61574
58308|6939|28370|267556
1764|174|52468|262393
16347|1299|12956|212721
25160|6424|44592|49581|209693
49028|1299|6762|267470|263047
16552|1299|25091|8298|4601|4492
29222|6939|7018|29992
48070|6939|30893|13214
28917|6939|1299|11664|263812
199524|174|60068|211571
28917|6939|7794
46450|1299|8551|44709
7594|174|60068|197103|212080
12637|6939|28370|267608
28917|6939|1299|23520|10269|265818
199524|174|3356|8551|44709
12637|174|204548|215728
139317|44324|32595|174|27988|272879
1299|6762|49666|58224|214805
262427|174|210329|215728
12779|6939|50989|50683
4601|8298|25091|6453|174|20473|47065|61574
215596|1299|6453|29208
3130|174|3257|19318|209896
2497|174|210|47065|61574
1828|33891|44592|49581|209693
41666|20764|52091|206810
210312|4601|6939|28917|12668
28917|6939|1299|16863
28917|6939|1299|20473|153185|153186
58308|6939|40994
263237|174|3356|8772|215536
6453|1299|20473|47065|61574
8280|6762|174|32595|44324
28634|4230|1299|29695|206557|208835
28917|6939|25400|49278
28917|6939|1299|398105
2027|47160|174|11432|271150
553|6939|28917|48084|59833
55222|174|52468|262393
202365|50673|174|11432|271150|272738
22652|1299|6855|50698
51519|39351|6830|60068|211571
23367|1299|12956|212721
6830|1299|25091|8298|4601|4492
60068|1299|12859|47065|61574
559|8551|20473|47065|61574
577|174|20473|47065|61574
139317|44324|32595|174|263812|208414
8280|6762|174|56630|209944
42541|1299|20473|399970
41327|6939|25192|26710
513|29222|6939|263047|262578
50629|20764|52091|206810|12773|44710
58308|6939|33891|48918
196621|6939|28917|44812
3320|1299|917|214598
210312|4601|6939|28917|197078
213241|9002|1299|198949|35676
17350|6453|1299|8551|20473|47065|61574
28917|6939|1299|14080|264718
39122|2603|21320|5408|47065|61574
19653|30600|1299|6855|50698
6830|6939|2852|204772
28917|6939|1299|10158
151326|174|201814|209896
36924|1299|6461|210|47065|61574
37105|37662|174|3356|16735|273514
58308|6939|3170|212683
44324|32595|174|30103
28917|6939|7794|396917
39122|174|3257|21034
58308|6939|5405|8648
55720|2914|174|37468|61568|266460|61625
28917|6939|1299|8151|20940
49544|2914|174|20473|47065|61574
17350|6453|1299|33891|216067|44244
7018|6939|50989
12859|215551|30893|204789
3320|1299|6204|44592|49581|209693
59891|13030|1299|174|20473|47065|61574
17639|174|21700|399914
2914|174|399697|39967|399697
4601|50869|6939|16652
3170|25180|174|41327|206173
58308|6939|1299|52468|272936
49432|48362|1299|174|1916|47065|61574
60068|174|216211|211575
47147|1299|6939|28370
28917|6939|6830|23520|272935|274105|274027
29222|6939|25192
199938|1299|3356|16735|273514
58308|6939|48678|207582
28917|6939|1299|12252|272111
2734|28283|268744|2716
28917|6939|1299|20473|13696
139317|44324|32595|174|53667|199340
35600|31564|174|35665|200906
34019|6939|30893|200690
28917|6939|1299|13876
29222|6939|7018|32119
137409|174|204548|215728
139317|44324|32595|174|26057
553|7195|28260|270548|52794|52659
58308|6939|6830|23520|263703|274022
28917|6939|1299|20473|400817
4601|50869|41051|208487
1299|3356|8772|215536
199524|1299|3356|28370|268521
8283|6939|2852|61110
6461|1299|21351|60132
58308|6939|6830|23520|273157
139317|44324|32595|174|21826|273843
23367|1299|52320|7162|13878|52468|271150
6424|6939|28917|50045
12307|29691|1299|5511|60068|206406|210557
37239|37468|174|6453|29208
44324|32595|174|211211
49788|1299|3356|28370|263060
58308|6939|6830|23520|274183
38001|3491|174|22381|267470|263047|264389
196621|8758|15576|174|210329|215728
4601|50869|6939|42695
3170|20764|43298|48678|210574
207841|6939|42695|43101
28917|6939|62000
58308|6939|6830|23520|272935|273937
48070|6939|24796
3170|174|22381|267470|263047|264389
58057|174|5459|200070
28917|6939|1299|213291
16552|1299|174|21320|5408|50148
198249|14840|269288
16552|1299|5511|49666|58224|214805
23367|1299|1680|20473|47065|61574
35600|35598|52091|206810|5598
139317|44324|32595|174|30317
41327|6939|39790
139317|44324|32595|174|62628
28917|6939|1299|60068|197103|207877
20205|1299|56630|209944
139317|44324|32595|174|399646
48200|1273|174|3130|47065|61574
6424|6939|24796|63293
47160|174|28189|266931|269250|271150
1140|24785|6830|3356|16735|273514
50629|6461|394737
136557|174|35598|52091|44660
31122|6453|1299|3920|206777
28917|6939|1299|10396|14789
58308|59689|30781|1299|20473|399970
59105|59103|2907|20965|5408|47065|61574
28917|6939|1299|52468|271967
34019|6939|393682
8455|6830|60068|211571
328206|37739|3491|1299|20473|201423
29222|6939|56595|207067
2914|1299|6939|24796|63293
2734|2914|174|37468|61568|266460|61625
55720|3491|174|14840|269288
58308|6939|1299|52423
20205|1299|35598|52091|206810
41666|20764|52091|206810|211692|31069
28917|6939|1299|9141|39869
3170|2914|12859|47065|61574
34927|1299|20473|201423
5405|62255|52091|206810|39089
58308|6939|25400|15765|203673
56655|1299|7195|28260|270548|52794|52659
58299|264409|61832|266460|61625
6830|6939|28917|39153
20253|1299|7195|11432|271150
28917|6939|1299|20473|54874|970|21957
680|1299|20473|47065|61574
3170|174|204548|215728
12637|35598|52091|206810|24881|24697
1403|577|174|20723|2852|202874
20253|1299|56504|47674
6423|20055|174|21320|5408|50148
58308|6939|268944|271441
6453|174|28189|266931|271615|273522|271150
58308|6939|6830|23520|27665|46764
41051|50263|201814|209896
199938|1299|20473|47065|61574
50300|174|201814|209896
56662|20473|2603|21320|5408|47065|61574
41327|201376|199881
64475|6939|28917|6789
1267|1299|6855|39904|202605
4601|50869|41051|205563
37739|3491|174|11432|271150
34927|56655|1299|37468|53062|266493|61625
48200|6762|174|20473|47065|61574
36924|1299|3920|206777
210312|4601|50869|199177
213241|28917|215730|209693
34019|1680|44709
209823|3356|174|3130|47065|61574
199524|174|32595|44324
34549|2603|21320|5408|47065|61574
64475|62255|52091|206810|59867
15562|2914|174|20473|47065|61574
136557|174|34927|202827
140627|1299|29695|206557|208835
41327|6939|28370|268521
28917|6939|1299|37119|13335
29222|6939|2852
58308|6939|1299|21623
1836|1299|20473|201423
215596|174|52468|262393
6424|6939|42695
196621|15576|174|210|47065|61574
49788|1299|60068|216213|205884
917|60068|1299|20473|47065|61574
210312|4601|6939|28917|39238|49392|9098
37100|174|216211|211575
28917|6939|1299|20473|210025
139317|44324|32595|174|327727|328840
1280|2914|174|210329|215728
35600|6939|24796|63293
44324|32595|174|22361|400097
49544|3356|174|11432|271150
34019|6939|25192
8283|6453|60068|216213|205884
209650|34927|1299|60068|211571
49028|1299|6762|49666|58224|214805
44324|32595|174|992
196621|6939|2852|48091
14907|1299|3920|206777
12779|9002|12555|48430
28917|6939|1299|9299|10139|17796
3170|6939|28917|9110
216285|8280|6762|174|20723|2852|202874
174|2914|20473|47065|61574
47692|33891|56630|209944
34927|174|204548|215728
3320|1299|52320|7162|13878|52468|271150
51184|1764|174|21700|399914
12859|6939|29222|41495|206202
44324|32595|174|198725
204092|34019|3303|174|52468|271150
20932|1299|5511|60068|206406|210557
29222|6939|56381|209844
28917|6939|1299|60068|216213|215434
51519|39351|174|138997|216211|44324|205369
553|6939|2852|202874
15605|35598|52091|206810|12773|44884
29222|6939|25192|26710
852|174|20473|47065|61574
3130|174|1299|198949|35676
3701|3356|1299|20473|399970
50629|5511|174|20473|47065|61574
15547|174|52468|262393
577|1299|198949|35676
31510|174|216211|211575
34288|1299|3356|8119
559|35598|52091|206810|35273
37053|37100|1299|10490|2722|12148|47065|61574
174|6453|19318|209896
34019|3303|174|52468|271150
34177|1299|174|3130|47065|61574
6830|6939|50989|50683
48185|1299|3223|41327
58308|6939|1299|51167
28917|6939|1299|20773|44273
1280|1299|22773|8119
16552|1299|6855|39904|199604
50300|174|20473|47065|61574
15547|174|28189|266931|269250|271150
3320|2914|12859|47065|61574
28917|6939|1299|23520|46650|13335
210312|4601|50869|6939|33924
24785|1299|8551|20473|47065|61574
139317|44324|32595|174|401486
59689|29075|1299|8551|44709
6424|6939|29222|204957
29222|174|1916|47065|61574
199938|1299|3356|28370|268198
3170|6939|28917|28775
8283|6939|393682
139317|44324|32595|174|212250|208293|203217
50628|1299|3920|206777
262427|174|21320|5408|50148
44324|32595|174|395301
3491|174|60068|197103|212080
44324|401538|393577|213801
45049|6696|1299|8551|44709
35600|35598|52091
41327|6461|210|47065|61574
28917|6939|7018|4466
2497|1299|34927|202827
37271|174|5459|200070
41327|7195|28189|266931|269250|271150
34019|47160|174|204548|215728
28917|6939|1299|3249|207568
28917|6939|47160|203698|206967
5405|44592|49581|209693
266213|3356|174|60068|216213|205884
49432|48362|1299|3491|20473|47065|61574
14315|6453|1299|12859|47065|61574
559|35598|52091|206810|12773|57005
1836|174|204548|215728
15692|61049|52025|212895|210320
17350|6453|1299|42303|51701|30893
3170|35598|25308|28917|204076
2497|1299|6855|39904|199604
132337|174|210329|215728
35600|20764|43298|48678|213865
4601|50869|34019|25057
28917|6939|1299|23520|263238|273196
50629|215551|30893
3399|5511|1299|198949|35676
205112|28917|215730|209693
28917|6939|1299|39208
328840|327727|174|6453|29208
6830|1299|4230|2716
48070|1299|5511|60068|206406|210557
28917|6939|1299|6400|272867
6908|174|60068|205884
8298|25091|1299|3920|206777
513|25091|8283|47065|61574
6762|174|11432|271150|272738
44324|32595|174|20278
4601|50869|214770
58308|6939|42184|215756
559|35598|52091|206810|12773|52213
16552|1299|198949|35676
5405|3216|51032|41344|39707
139317|44324|32595|174|398439
28917|6939|56595|215320
50629|6461|7473|38001|25192
32590|6453|1299|20473|47065|61574
24516|174|6461|394737
136557|174|3257|21034
52925|3356|1299|20473|47065|61574
6424|199434|1299|3356|263238
22652|1299|6762|267470|263047
47147|1299|3356|16735|273514
29222|6939|9136|206236
2027|47160|174|20473|47065|61574
34177|3356|1299|60068|197103|212080
28917|6939|1299|20473|51191
58308|6939|1299|3223|48254
32590|1299|3920|206777
216285|8280|6762|174|140227|44324|205369
15547|174|28189|266931|271615|273522|271150
34288|174|60068|205884
14907|1299|3257|20473|47065|61574
5413|1299|37468|60068|216213|205884
6830|3356|21320|5408|47065|61574
49432|48362|1299|6762|49666|58224|214805
213151|41051|58299|266493|61625
47147|1299|7545|20473|47065|61574
20205|1299|60068|216213|205884
59105|2518|1299|35598|52091|206810
28917|6939|8943
12859|13335|5408
6057|8455|8283|47065|61574
8283|6453|8551|44709
1299|16164|36032
28917|6939|1299|399672
34800|58057|50673|12859|47065|61574
28917|6939|1299|55410
8455|1299|17676|216211|44324|205369
971|174|210329|215728
59414|6830|3257|19318|201813
58308|6939|29670|213997
52075|6762|174|20473|47065|61574
139317|44324|32595|174|26277
58308|6939|6830|23520|64126|273924
7018|6939|59970
15547|33891|44592|49581|209693
8455|1299|198949|35676
32590|1299|60068|211571
28917|20764|52091|206810|24881|24697
50628|1299|20473|47065|61574
8758|8220|1299|20473|399970
41666|44592|49581|209693
4657|1299|20473|47065|61574
139317|44324|32595|174|11240
207841|37468|53062|266493|61625
47147|1299|3356|28370|263535|268030
40994|6939|50989|48116
49788|1299|8551|44709
52873|12956|174|140227|44324|205369
136557|174|28189|266931|269250|271150
56987|174|21320|5408|50148
199524|174|2914|226|47065|61574
1140|24785|6830|3257|20473|47065|61574
42473|1299|3356|28370|263535|268030
32590|1299|37468|53062|266493|61625
8283|20764|52091|206810|211692|214268
58308|6939|1299|7632|150923
28917|6939|1299|20473|153185|153187
139317|44324|32595|174|21826|269946|274117
9268|4764|1299|29695|206557|208835
12637|6939|30893|200690
6424|52320|7162|13878|52468|271150
28917|6939|1299|20473|142641
49028|1299|37468|60068|216213|205884
204092|6939|29222|207688
2497|174|14840|269288
29222|6939|56595|215320
44324|32595|174|214273
48070|6939|59689
34800|58057|50673|174|1916|47065|61574
199524|6762|174|20473|47065|61574
25369|21320|5408|47065|61574
14907|5405|266493|61625
20612|9044|1299|20473|399970
328512|60171|174|52468|271150
204092|30781|1299|3920|206777
48919|174|6453|29208
4601|50869|41051|204406
20514|1299|5511|60068|206406|210557
58308|6939|25400|198309
58308|6939|6830|23520|52233|262238
6424|37468|60068|216213|205884
4601|6939|28917|12668
59890|174|20473|47065|61574
6830|6939|24796|63293
6424|6762|1299|6855|39904|202605
29504|15935|6461|210|47065|61574
207841|7195|11432|271150|272738
50877|5405|1299|20473|201423
8283|3491|216211|211575
40994|6939|207995
60011|3356|1299|6855|50698
513|29222|6939|8943|44671
4601|50869|41051|215562
49028|1299|174|60068|205884
58308|6939|56595|206324
58308|6939|271150
3130|174|6762|49666|58224|214805
1764|174|11432|271150
37053|37100|1299|201814|209896
28917|6939|40994|198510
1031|999|6453|174|60068|205884
23367|1299|3356|28370|28657
42473|1299|60068|211571
42541|62255|52091|206810|56915
29075|174|1916|47065|61574
28917|6939|1299|39386|24429
8283|20764|29049|49666|205647|49801|204533
6830|174|52468|262393
151326|174|34927|202827
41095|6830|60068|211571
553|62255|52091|206810|211692|214268|197578
328512|37100|1299|6855|39904|202605
64475|6939|28370|264426
44324|32595|174|35986
139317|44324|32595|174|36671
58308|6939|196945
204092|6939|25192
151326|174|3356|28370|268521
28917|8359|57304|209693|207567
49028|1299|7545|20473|47065|61574
36924|1299|3491|216211|211575
139317|44324|32595|174|394110
210312|4601|6939|28917|198297
271253|6453|2914|12859|47065|61574
64475|52320|7162|13878|52468|271150
29222|6939|268047
23367|1299|34927|202532
58057|34549|1299|3920|206777
35600|9002|8772|215536
32590|6453|174|20473|47065|61574
31510|174|7545|20473|47065|61574
1299|6453|4755|7768
23367|1299|29695|206557|205190
209650|34927|1299|3257|19318|201813
199524|174|11432|271150|272738
35600|35598|52091|206810|34786
40994|57463|41327|213013
29222|6939|197580
31742|1299|35598|52091|206810
4601|50869|41051|201423
44324|32595|174|42313|216325
397131|60011|3356|1299|34927|202532
12307|29691|33891|44592|49581|209693
4637|6830|34927|202827
28917|6939|1299|39572
398465|1299|3223|41327
12859|1299|6453|29208
7018|6939|33924
58308|6939|1299|17018|53698
37662|33891|216067|44244
3549|3356|1299|6855|39904|199604
207841|6939|28370|264426
51184|1764|174|399697|39967|399697
50877|5405|1299|3920|206777
49605|6762|174|20473|47065|61574
2497|174|21700|399914
58308|6939|42184|210035
9002|3356|174|3130|47065|61574
29075|1299|3356|28370|267556
28917|6939|1299|44176
202365|50673|174|201814|209896
14907|1299|174|1916|47065|61574
15605|35598|52091|206810|48595
24961|21320|5408|47065|61574
210312|4601|50869|52025|208755
198249|9498|20473|47065|61574
23367|1299|8551|44709
41327|20764|43298|48678|210574
37697|37497|1299|6855|39904|199604
44324|32595|174|26988
28917|6939|1299|31898|41457
3170|6939|28917|24651
37739|3491|174|11432|271150|272738
29222|39801|60983
40387|23473|174|37468|61568|266460|61625
206499|34549|1299|8551|44709
34019|6939|25192|26710
34177|8455|8283|47065|61574
19151|2914|1299|6855|39904|47767
210312|4601|6939|28917|28775
44324|32595|174|397026
28917|6939|1299|7545|133612|18291
2734|7311|835|394273
46450|1299|174|140227|44324|205369
1299|174|210|47065|61574
28917|6939|1299|11664
852|1299|1680|20473|47065|61574
52025|174|204548|215728
15935|174|60068|197103|212080
20205|1299|17676|216211|44324|205369
28917|6939|1299|21351|2472
4181|1299|12956|212721
28917|6939|1299|52468|274055
8220|1299|5511|49666|58224|214805
210312|4601|50869|58299|209114|202545
15605|137409|48011|25184|49801|204533
52320|1299|198949|35676
44324|32595|174|46974
48070|6939|28917|198297
8283|6939|30893|204789
41327|6461|17378|8119
58308|6939|3170|213692
42541|62255|52091|206810|34786|34789|34786
28917|6939|1299|14016|402062|402197
28917|6939|56595|207067
14907|1299|13335|400095
34177|3356|1299|20473|47065|61574
20080|2914|1299|6855|50698
59105|2518|2516|174|210|47065|61574
30844|174|399697|39967|399697
8426|3257|1299|12859|47065|61574
28917|6939|1299|14080|274030
4601|50869|6939|15372|203592
48919|174|22381|267470|263047|264389
139317|44324|32595|174|35986|30612
41811|1273|174|20723|2852|202874
3741|174|20723|2852|202874
29680|174|21320|5408|47065|61574
6461|174|204548|215728
42541|62255|62379
58308|59689|30781|1299|6855|39904|199604
23367|1299|20473|201423
28917|6939|207992
199938|1299|3356|28370|263060
6424|174|8551|20473|47065|61574
58308|6939|1299|52025|212895|54891
7594|174|30844|21351|60132
3130|174|14840|269288
7922|1299|20473|47065|61574
37271|174|22381|267470|263047|264389
48070|1299|3257|20473|47065|61574
11039|6461|1299|3920|206777
34019|6939|28370|263060
917|25369|1299|42303|51701|30893
28917|6939|1299|23379|267700|269965|266815
58299|62255|52091|206810|202279|213203
4601|50869|6939|15372
12969|1299|3356|28370|263535|268030
8455|1299|6855|39904
199524|174|3257|19318|209896
50629|20764|52091|206810|213694
37721|174|21320|5408|47065|61574
199524|1299|33891|216067|44244
7018|1299|6855|39904|199604
58308|6939|48678|209828
2518|1299|60068|216213|205884
28917|6939|41720|198747
12779|20764|43298|48678|213865
60068|1299|56630|209944
59919|12779|39801|199881
58308|6939|33891|202245|212509
6720|1853|20965|5408|47065|61574
58299|20764|52091|206810|196638
40994|9002|12555|48430
17639|1299|8551|20473|47065|61574
196621|6939|28917|12668|197404
18106|2914|1299|3920|206777
28917|6939|6830|23520|64126|272971
57821|12586|3257|174|140227|44324|205369
398465|3320|1299|17676|216211|44324|205369
37721|1299|34927|202532
47147|1299|3257|19318|201813
39122|1299|3257|20473|47065|61574
52025|32097|28283|268744|2716
3356|174|20473|47065|61574
1299|3356|28370|267608
58308|6939|1299|20473
210312|4601|8298|25091|6453|174|3130|47065|61574
7594|3356|2914|12859|47065|61574
58308|6939|263047|264389
41722|20764|12859|47065|61574
58308|6939|1299|262206
32590|37100|174|216211|211575
7018|6939|24796
12637|1299|37468|53062|266493|61625
2734|21859|138415|4229|1299|3786|138195|136800
28917|6939|1299|262206
20253|1299|52320|7162|13878|52468|271150
28917|6939|1299|200217
12637|6939|207995
207841|6939|207995
58308|6939|29222
7018|2914|226|47065|61574
29504|15935|174|216211|211575
58308|6939|1299|201589
5713|174|12956|212721
28917|6939|1299|20473|207649
5405|1299|3920|206777
28917|6939|1299|31915
4601|50869|6939|25192|20701
139317|44324|32595|174|272406
50877|5405|20764|43298|48678|210574
57381|50304|1299|22773|8119
17350|2914|1299|3920|206777
28917|6939|1299|23520|272935|274105
213151|34549|1299|8551|44709
36924|1299|3356|28370
37105|37662|174|3257|21034
38136|50131|36236|2914|12859|47065|61574
553|7195|28343|2716
210937|1299|6453|29208
28917|6939|1299|7843|11351|7828
29222|6939|200712
199524|1299|7195|28260|270548|52794|52659
1140|2603|21320|5408|47065|61574
8283|6453|19318|201813
148968|7474|7473|1299|198949|35676
28917|6939|1299|3301|8464
39122|174|20473|47065|61574
60011|3356|174|3130|47065|61574
64475|6939|30893|205563
51184|1764|5405|61568|266460|61625
3130|174|2914|20473|201423
6424|16735|2716
1299|174|60068|205884
6830|3491|209810|207187|207198
50629|20764|52091|206810|8274
42473|1299|6762|267470|263047
28917|6939|1299|36352|55286
50304|1299|3356|8772|215536
58308|6939|1299|262206|27742
20932|174|210329|215728
37739|3491|174|56630|209944
34927|56655|1299|8943|200636
58308|6939|553|5501
1299|8943|200636
209650|34927|5405|1299|20473|47065|61574
37662|174|6453|29208
4601|50869|41051|213286
28917|6939|1299|23520|5639|27924
174|52468|262393
58057|174|2914|226|47065|61574
39122|1299|3356|28370|53079
148968|1299|60068|211571
9044|1299|20473|399970
11039|6461|174|37468|61568|266460|61625
28917|6939|1299|52423|274239
8298|25091|6453|174|3130|47065|61574
51519|39351|174|140227|44324|205369
210937|1299|21351|60132
139317|44324|32595|174|399646|206042
209|3356|1299|12859|47065|61574
12637|35598|52091
40994|6939|50989|205966
50877|5405|7195|20473|47065|61574
57866|1299|6855|39904
1299|6939|393682
56655|1299|3257|20473|47065|61574
45352|174|3356|28370|28657
58308|6939|6830|23520|64126|274130
263237|174|3130|47065|61574
37271|174|28189|266931|271615|273522|271150
58308|6939|7018|11483
28917|6939|199081|209847|26383
28917|6939|1299|20473|132479|153034
28917|6939|1299|3301|43645
50628|1299|8551|44709
41327|174|52468|271150
25160|41327|24796|12779|197000
6830|1299|34927|202532
58308|6939|1299|52468|273883
60068|174|56630|209944
139317|44324|32595|18423|137409|6461|1299|9498|18229|132215
4601|6939|28917|12668|197404
174|201814|209896
1267|1299|20473|399970
6908|174|5511|60068|206406|210557
327782|5511|174|52468|271150
6908|174|60068|216213|205884
40994|57463|41327|206988
35369|1764|174|52468|271150
47147|1299|6939|30893
16552|1299|3356|28370|268198
12859|1299|198949|35676
37239|37468|174|6453|4755|7768
21232|15576|56630|209944
13786|174|20473|47065|61574
553|14840|269288
6830|1299|37468|270551|263047
6830|6939|54429
28917|6939|1299|265620|270145
58308|6939|1299|54994
58308|6939|7018|397994
29222|174|204548|215728
44324|32595|174|263167
20514|1299|3356|28370|264426
39122|1299|6453|4755|7768
4601|50869|41051|215795
58308|35598|52091|206810|211101
8218|33891|60068|211571
210312|4601|50869|6939|2852|200874
398465|7922|1299|34927|202532
6424|1031|61568|266460|61625
52320|1299|20473|399970
31742|1299|3356|28370|268521
58299|62255|52091|59815|25299
14907|1299|32787|202161
132337|174|37468|53062|266493|61625
28917|6939|196621
51873|6830|174|60068|216213|205884
6424|6939|28917|39238|49392
29504|15935|6461|23352|20473|47065|61574
2152|3356|1299|6855|39904|202605
58308|6939|7018|16793
22652|1299|37468|270551|263047
8283|20764|52091|206810|48595
199524|47311|150249|212001|215379
210312|4601|50869|41051|205563
7594|174|5459|200070
58308|6939|35133|50917|214677|205563
48070|6939|16652
2497|174|140227|44324|205369
28917|6939|7018|22729
3356|1299|20473|399970
28917|6939|1299|20473|58057
41327|6939|30893|200690
28917|6939|1299|3301|59951
12637|6939|28917|39134|39561|197695|210550
50629|6461|210|47065|61574
20764|174|5538|8194|29345
12859|1299|174|20473|47065|61574
28917|6939|62000|207879
3170|25091|8298|4601|4492
24961|1299|6762|16735|273514
42295|33891|216067|44244
35426|215596|1299|3356|28370|268198
44324|32595|174|36027
4601|6939|28917|43714
34019|14840|269288
9268|4764|1299|6461|394737
8220|1299|174|3130|47065|61574
263237|174|7545|20473|47065|61574
8280|6762|174|204548|215728
206356|50629|1299|21351|60132
15935|174|13786|28343|2716
44324|32595|174|396073
8283|20764|52091|206810|56766
132337|174|22381|267470|263047|264389
198385|174|1299|3920|206777
9002|3257|33891|216067|44244
57695|917|60068|1299|3223|41327
28917|6939|1299|21859|62610
206356|50629|174|60068|216213|205884
266213|3356|1299|6855|39904|47767
12779|35598|52091|44660
48070|6939|28917|48084|59833
58511|3257|174|210|47065|61574
50877|5405|6461|394737
44324|32595|174|59895
136557|174|28189|266931|271615|273522|271150
136557|174|3356|9002|8772|396416
398465|7922|1299|198949|35676
5413|1299|6855|50698
51519|39351|174|3257|19318|201813
58308|6939|50629
44324|32595|174|18988|54904
210312|4601|50869|52025|212895
215596|1299|3356|28370|263963
58308|6939|1299|265780
64475|62255|52091|206810|210063
139317|44324|32595|174|22150
58299|14840|2716
34854|1299|6204|44592|49581|209693
28917|6939|1299|7393|393582
58308|6939|7018|20057
6696|1299|174|37468|61568|266460|61625
13030|1299|12956|212721
210312|4601|50869|6939|28370|270962
34177|1299|174|22381|267470|263047|264389
6830|6939|28917|50009
2603|21320|5408|47065|61574
35008|1299|17676|216211|44324|205369
28917|6939|1299|20473|7492
29222|6939|3170|205479
58308|6939|1299|43646
49605|6762|1299|198949|35676
39122|1299|8551|44709
28917|6939|40994|215472
15576|174|52468|262393
34927|1299|60068|216213|205884
513|174|52468|271150
23352|2914|174|3130|47065|61574
58308|6939|3170|215066
12637|6939|25192
36236|174|52468|271150
44324|32595|174|11240
9268|4764|1299|34927|202827
41327|6461|16276|203019
9268|4764|174|14840|2716
3333|1257|174|140227|44324|205369
397131|60011|3356|174|20473|47065|61574
6830|174|1916|47065|61574
139317|44324|32595|174|44222|210374
29680|3257|1299|3920|206777
23764|3356|21320|5408|47065|61574
49788|1299|6453|4755|7768
202365|50673|174|60068|211571
6453|174|140227|44324|205369
4764|174|22381|267470|263047
559|7195|11432|271150|272738
205206|1299|60068|216213|205884
210312|4601|6939|28917|21453|35271
58308|6939|1299|60068
32590|37100|33891|60068|211571
29479|28917|215730|209693
50629|3223|34224|12735
37497|1299|201814|209896
62167|174|210|47065|61574
12779|62255|52091|206810|56766
210312|4601|50869|6939|28370|268198
196621|6939|39790
31742|1299|60068|197103|212080
58308|6939|1299|3249|216408
328964|23764|1299|174|3130|47065|61574
28917|6939|1299|21277|197882
31122|174|140227|44324|205369
44324|32595|174|3257|835|52025|214223
7474|7473|1299|34927|202532
28917|6939|1299|60068|133944
20764|33891|60068|211571
42541|7195|28260|270548|52794|52659
29075|33891|216067|44244
6730|6830|3356|1680|44709
34800|58057|50673|174|1299|20473|47065|61574
29222|6939|29208|60275
28917|215551|30893
35600|35598|25308|28917|9049|51017
263237|174|10490|2722|12148|47065|61574
31742|1299|3356|1680|44709
6424|174|34927|202827
398465|1299|3356|1680|44709
12969|1299|3356|28370|263535
559|35598|52091|206810|57460
47147|1299|17676|216211|44324|205369
559|35598|52091|206810|56766
1299|2914|20473|47065|61574
58308|35598|52091|206810
917|3214|1299|3223|34224|12735
57381|50304|1299|7195|28343|2716
553|6939|30893|199580
4601|50869|6939|28370|268198
58308|6939|15935|56360
14907|1299|21351|60132
35369|5405|61568|266460|61625
20473|2603|21320|5408|47065|61574
3130|174|1299|32787|202161
34927|56655|12859|47065|61574
41327|1680|44709
48185|1299|201814|209896
29222|6939|8194|210213
8888|137409|174|210|47065|61574
44324|32595|174|398947|27884
196621|6939|50989|33837
559|6939|25192|20701
58308|6939|50989|48116
16552|1299|29695|206557|204503
28917|6939|1299|20473|214569
32590|1299|6855|39904|47767
15935|174|6453|4755|7768
215596|1299|12859|47065|61574
51184|1764|174|210329|215728
132337|1299|8551|44709
6762|1299|29695|206557
209650|34927|1299|6855|39904
4601|50869|52025|205649
45049|6696|1299|8551|20473|47065|61574
47692|33891|12859|47065|61574
34549|174|3130|47065|61574
29479|50304|1299|6855|39904|47767
51519|39351|1299|198949|35676
48185|1299|3491|216211|211575
174|1299|6939|24796|63293
44324|32595|174|44788
52320|174|1299|20473|399970
139317|44324|32595|174|1289
12859|35598|52091|206810|211692|214268|197578
20253|1299|3216|51032|41344|39707
28917|6939|1299|20335
58308|6939|33891|202524
34019|6939|25192|20701
45352|1299|3223|34224|12735
28917|20764|52091|206810|50204
58308|6939|3170|211956
34854|1299|6453|4755|7768
57111|174|2914|226|47065|61574
15605|59692|12555
210312|4601|50869|59645|211286
262427|174|3491|20473|399970
7713|174|3356|9002|8772|396416
37662|174|22381|267470|263047|264389
20514|1299|8551|44709
132337|174|204548|215728
210312|4601|50869|44324|198304|204518
58308|6939|1299|23379|267700|269965|266815
51519|39351|174|3257|19318|209896
41327|174|22381|267470|263047
6057|6461|1299|20473|47065|61574
58308|6939|1299|36352
15605|35598|52091|206810|39558
29222|6939|39791|49101|49244
14315|6453|1299|6855|39904
35600|35598|52091|206810|57460
216285|8280|6762|174|22381|267470|263047|264389
50877|5405|6939|2852|212876
199524|174|60068|197103|212080
29222|6939|7794|396917
44324|32595|174|49532
6461|1299|198949|35676
58308|6939|56595|209082
44324|32595|174|25710
20932|1299|3223|41327
4601|50869|44324|139299
25091|5511|174|3130|47065|61574
61049|2914|1299|20473|47065|61574
1031|999|6453|1299|20473|399970
4601|50869|199310|211695
58308|6939|6830|23520|27717|269846
28917|6939|1299|27947|13335
20912|174|204548|215728
58308|6939|33891|202245|212509|212290
328512|37100|1299|198949|35676
264479|6762|1299|6855|39904|199604
21232|15576|174|52468|262393
28917|6939|1299|23520|274183
132825|174|3356|8119
151326|174|210329|215728
44324|32595|174|400164
34800|58057|50673|174|204548|215728
42473|1299|174|14840|269288
12637|1299|3356|8119
6830|6939|16652
5413|1299|6762|267470|263047
40994|57463|41327|201722
205112|50629|6461|23352|20473|47065|61574
210312|4601|50869|6939|2852|201648
28917|6939|1299|401909
12637|6939|15372
3130|174|1299|8551|44709
60068|33891|7195|28343|2716
327727|174|50509|51032|41344|39707
29222|6939|2852|201648
139317|44324|32595|174|984
57695|917|60068|1299|6939|393682
39122|1299|3356|28370|268198
132337|1299|3356|16735|2716
37739|3491|174|60068|216213|205884
16552|3257|1299|20473|201423
209650|34927|1299|12956|212721
559|20764|43298|48678|213865
1299|6939|28370|263060
6453|1299|20473|201423
199524|1299|6453|1031|61568|266460|61625
17660|6453|174|50509|51032|41344|39707
58299|62255|52091|206810|197960
35710|3320|1299|17676|216211|44324|205369
58308|6939|61618|268797
13786|3356|21320|5408|47065|61574
6830|6939|59970
2497|1299|20473|47065|61574
28917|6939|1299|38930|16281
4601|50869|6939|200303
28917|6939|1299|60068|197103|197703
64475|62255|25308|28917|9049|51017
64475|31133|12389|28917|8905|42132
49432|48362|1299|174|140227|44324|205369
32590|1299|174|22381|267470|263047|264389
28917|8359|57304|41720|202704
28917|6939|7018|16576
35008|1299|174|204548|215728
35426|215596|1299|4230|2716
207841|6939|28917|21453|41783
199524|37100|1299|198949|35676
3170|6939|28917|39134
28917|6939|56595|58148
8660|1267|1299|56504|47674
3257|174|22381|267470|263047|264389
1031|8455|8283|47065|61574
513|29222|6939|9120
44324|32595|174|22908
35625|33891|216067|44244
31742|1299|201814|209896
29222|6939|12779|39636
50673|174|1299|20473|47065|61574
210312|4601|50869|6939|29222|513|20940
34019|137409|48011|25184|49801|204533
28917|8359|57304|35168|197556
139317|44324|32595|174|37288
34927|56655|1299|174|3130|47065|61574
39122|1299|3257|19318|209896
174|3356|8119
29222|6939|61618|268797
21412|1299|3257|20473|47065|61574
58308|6939|1299|394161
6762|174|204548|215728
12859|8551|44709
6424|6939|29222|41495
28917|6939|1299|51290
47692|3356|1299|198949|35676
23367|1299|3356|28370|264426
55222|1299|3356|28370
6667|1299|60068|216213|205884
12637|6939|2852|61110
64475|3320|1299|8551|44709
58308|6939|15962|203933
6082|174|60068|216213|205884
59890|174|52468|262393
14907|1299|6453|4755|7768
139317|6939|1299|20473|47065|61574
20205|1299|23764|35168|212999
7018|3491|216211|211575
202365|50673|174|60068|216213|205884
55222|174|22381|267470|263047
28917|6939|1299|6855|207696
12779|33891|60068|211571
28917|6939|1299|20473|209215
58308|6939|52091
46450|1299|17676|216211|211575
7018|3356|23764|35168|212999
1299|3257|19318|209896
19151|2914|1299|8551|44709
58308|6939|1299|16509|14618
207841|6939|42695|52011
18106|2914|1299|198949|35676
29169|174|216211|211575
50628|6453|174|3130|47065|61574
7018|1299|198949|35676
28917|6939|1299|20940|34164
29691|1299|6453|19318|209896
3170|174|10490|2722|12148|47065|61574
50304|1299|2914|226|47065|61574
58308|6939|48678|44547
4601|50869|41051|215153
210312|4601|50869|214508
34927|56655|1299|6461|394737
29222|6939|3170|43851
24482|33891|60068|211571
28917|6939|1299|13443
28917|6939|1299|20473|50611
44324|32595|174|13462
6423|20055|1299|29695|206557
28917|6939|1299|28423
48070|6939|28917|9110
31510|174|1299|20473|47065|61574
7018|3356|28370|264426
56655|1299|37468|52468|262393
28917|6939|7018|395568
48362|1299|3356|28370|263060
5413|1299|174|37468|61568|266460|61625
40994|6939|28917|204623
21232|13030|1299|4230|2716
12389|174|140227|44324|205369
28917|6939|1299|23520|262191|271809
28917|6939|25400|200139
174|6461|9498|20473|47065|61574
28917|6939|1299|52468|266894
7473|1299|34927|202827
4601|50869|41051|212121
28917|6939|1299|41897
58308|6939|29670|207510
34927|1299|56630|209944
3214|1299|174|140227|44324|205369
34177|3356|1299|20473|201423
209650|34927|1299|3356|28370|28657
57695|917|60068|1299|3920|206777
35280|6453|174|10490|2722|12148|47065|61574
58308|6939|7018|397248
58308|6939|1299|400164
29222|6939|263047|271068
6082|2914|1299|20473|47065|61574
64475|31133|35598|25308|28917|204076
6453|174|8551|20473|47065|61574
4601|50869|6939|28917
24785|6830|2914|226|47065|61574
1280|1299|3356|8772|215536
1299|3356|28370|263535
28917|6939|1299|43766
553|1299|3356|28370|264426
7018|6453|60068|216213|205884
137409|6461|21320|5408|47065|61574
28917|6939|1299|56898
5405|6939|30893|205563
40994|21320|5408|47065|61574
30781|3356|174|216211|211575
20205|174|3130|47065|61574
215596|1299|3356|28370|263535|268030
52025|32097|25091|8298|4601|4492
35710|3320|1299|12859|47065|61574
58308|6939|1299|3301|25252
51185|6762|1299|6855|39904
6424|6939|28370|264426
6830|6939|2852|197277
204092|6939|28917|39134
41666|1680|20473|47065|61574
29222|6939|29670|213341
58308|6939|15576
58308|6939|1299|3223
4777|2497|174|52468|271150
58308|6939|28370
47147|9002|21320|5408|47065|61574
199524|12859|47065|61574
3170|6939|28370|267608
37271|28917|215730|209693
35369|1764|174|11432|271150|272738
29169|1299|8551|44709
28917|6939|1299|25260
51088|2914|174|5538|8194|29345
44324|32595|174|400810
28917|6939|1299|45896|38726|131422
23764|3356|174|1916|47065|61574
58308|6939|6830|23520|272935|272908
3130|174|1299|3920|206777
28917|6939|1299|52468|269955
215596|1299|20473|201423
196621|6939|50989|48116
28917|6939|7018|401671
6894|3257|1299|198949|35676
28917|6939|1299|398788|44273
34019|6939|28370|264426
56655|1299|3356|16735|2716
58308|6939|1299|265620|272344
199524|174|22381|267470|263047
28917|6939|3170
57111|41327|266493|61625
39351|1299|20473|47065|61574
7018|174|8899
199524|174|32787|202161
327983|37497|3491|174|10490|2722|12148|47065|61574
58308|6939|1299|12252
199938|1299|3356|16735|2716
35600|6939|2852|198500
4601|50869|6939|30893|204789
139317|44324|32595|174|22612
34927|1299|3257|19318|209896
32590|6424|44592|49581|209693
52075|2914|1299|198949|35676
29222|6939|7018|397650
29222|6939|9120
34549|174|140227|44324|205369
196621|15576|174|52468|271150
4775|1273|174|21320|5408|47065|61574
58308|6939|1299|22442
198385|174|2914|226|47065|61574
56987|12859|47065|61574
60068|1299|17676|216211|211575
28917|6939|1299|8240|206844
14537|174|204548|215728
196621|6939|2852
28917|6939|1299|3308|3573
58308|35598|52091|206810|8274
12779|20473|30893
28917|6939|39791
49788|1299|7195|20473|47065|61574
35008|1299|56630|209944
24785|6830|3356|28370|263060
207841|6939|42695
28917|6939|1299|41528
15935|174|3356|3223|41327
58308|6939|2852|197277
34288|1299|3356|28370|53079
271253|174|35598|25308|28917|204076
6461|1299|34927|202532
12779|6939|29222|513|20940
139317|44324|32595|174|205583
16552|3257|174|8551|20473|47065|61574
196621|6939|28917|25386
58308|29075|174|22381|267470|263047|264389
139317|44324|32595|174|20135
34177|1299|174|1916|47065|61574
50673|174|3257|20473|47065|61574
4601|50869|41051|212834
20514|1299|174|14840|269288
50304|1299|198949|35676
30781|3356|174|3130|47065|61574
11845|30844|174|3130|47065|61574
6894|174|201814|209896
20080|2914|1299|35598|52091|206810
35710|3320|1299|3920|206777
28917|6939|61618|268797
28917|6939|1299|20473|153185|153190
28917|6939|1299|23520|272012
15605|6939|42695
4601|6939|28917|50923
28917|6939|7018|22241
210312|4601|6939|28917|21453|199933
28917|6939|1299|28428
139317|44324|32595|174|210|47065|61574
28917|8359|57304|15935|204860|203299
55222|1299|8551|44709
59414|6830|174|8899
8283|6939|29222|513|20940
49434|9002|1299|3920|206777
22652|1299|3920|206777
204092|6939|2852|61110
28917|6939|1299|21976|40591
58308|6939|3170|214670
398465|1299|3356|28370|53079
28917|6939|7018|4473|13979|8076
6730|6830|2914|20473|47065|61574
12389|174|2914|20473|47065|61574
210312|4601|50869|41051|213586
210312|4601|50869|41051|215004
3491|1299|917|214598
58308|6939|1299|208905|212644
15605|35598|52091|44660
553|62255|52091|206810|12773|47809|50780
513|174|60068|216213|205884
52075|2914|1299|20473|47065|61574
56655|1299|174|210329|215728
35600|6939|2852|197277
8888|137409|12859|47065|61574
199524|174|37468|61568|266460|61625
151326|174|35598|52091|44660
12969|1299|8943|200636
202365|50673|174|204548|215728
28917|6939|1299|11172|270217
6461|174|210329|215728
25220|2603|21320|5408|47065|61574
13786|174|5538|8194|29345
213151|34927|1299|20473|201423
37100|1299|20473|47065|61574
20205|174|60068|205884
37497|174|20723|2852|202874
12779|8772|215536
58308|6939|205479
32590|1299|3356|28370|268198
202032|58115|21263
20253|1299|3356|28370|267608
12350|1299|3356|28370|263535
917|60068|28917|215730|209693
6720|1764|174|210329|215728
6830|3356|8772|215536
202297|13335|5408
29075|6830|60068|216213|205884
28917|6939|1299|52468|52238
3130|174|35598|25308|28917|204076
15935|174|10490|2722|12148|47065|61574
6730|6830|12956|212721
50628|1299|3257|20473|47065|61574
207841|16164|36032
34549|1299|12859|47065|61574
35426|215596|1299|3356|28370|263963
58308|6939|1299|32270
5413|1299|60068|197103|212080
48070|1299|8551|20473|47065|61574
29075|174|52468|262393
34927|56655|1299|6453|19318|201813
215596|1299|37468|270551|263047
41327|6939|50989|48116
202365|50673|174|22381|267470|263047|264389
20253|1299|10490|2722|12148|47065|61574
58308|6939|1299|3249|31605
199524|6762|1299|198949|35676
4601|50869|6939|29222
47147|3320|1299|1680|20473|47065|61574
3491|1299|20473|399970
49788|1299|60068|197103|212080
34800|58057|50673|33891|34927|202532
44324|32595|174|53667|198734
58308|6939|1299|27947|272819
59414|13030|1299|60068|216213|205884
28917|6939|1299|1759|51188
20764|174|60068|197103|212080
8660|1267|1299|20473|399970
209|3356|1299|6855|50698
28634|4230|174|399697|39967|399697
9900|23764|3356|1299|20473|47065|61574
35426|215596|174|216211|211575
17660|6453|174|21320|5408|50148
328206|37739|3491|5408|47065|61574
6939|1299|201814|209896
42541|31133|35598|25308|28917|204076
58308|6939|1299|35207
12586|3257|174|3130|47065|61574
35008|1299|7195|20473|47065|61574
15562|2914|174|5538|8194|29345
64475|62255|52091|206810|214218
199524|37100|1299|20473|47065|61574
58308|6939|1299|13837
15605|35598|52091|206810|196638
52025|174|3356|8119
29222|6939|15935|56360
64475|62255|52091|206810|211101
139317|44324|32595|174|395500
29222|6939|7018|399611
210312|4601|50869|199310|153376
207841|6939|28917|204623
3170|6939|2852|212876
199524|174|22381|267470|263047|264389
23367|1299|6461|394737
38001|3491|174|204548|215728
58308|6939|33891|204419
8220|1299|6461|394737
28917|6939|1299|2518|2515|131971
196621|6939|42695
3320|1299|1680|20473|47065|61574
28917|6939|1299|20115|20001|3456
199938|1299|6762|16735|273514
20514|1299|201814|209896
4601|50869|52025|213982
28917|6939|6830|33915|61351
47147|3320|174|37468|61568|266460|61625
28917|6939|263047|262578
59414|13030|21320|5408|47065|61574
205206|1299|7195|28189|266931|271615|273522|271150
28917|6939|1299|20473|213891
58308|6939|1299|5377
199524|1299|3257|19318|201813
6830|6939|30893|199580
39122|174|5538|8194|29345
59919|9002|1299|201814|209896
64475|6939|50989|48116
15935|13335|400095
210312|4601|50869|58299|206470
29222|6939|29208|56717
10111|1299|8551|44709
4764|1299|35598|25308|28917|204076
6453|1299|20473|399970
42473|1299|8551|20473|47065|61574
139317|44324|32595|174|206310
559|35598|52091|206810|12773
58057|34549|1299|3223|34224|12735
35280|1299|174|37468|61568|266460|61625
8280|6762|174|10490|2722|12148|47065|61574
58308|35598|52091|206810|211692|214268|197578
28917|6939|1299|14717
34019|29169|174|3130|47065|61574
22652|1299|34927|202827
29222|6939|268944|271441
58308|6939|1299|57811
58057|1836|8455|8283|47065|61574
44324|32595|174|393681
327983|37497|1299|6855|39904|202605
44324|32595|174|35916|21769
17660|2914|1299|198949|35676
7713|1299|4230|52654|266493|61625
199524|1299|6762|16735|2716
28917|6939|1299|60486|58193
6696|1299|12859|47065|61574
29479|50304|1299|20473|399970
58511|1299|6855|39904
61218|29632|9002|3356|1299|20473|47065|61574
139317|44324|32595|174|214273
51184|1764|1299|3920|206777
44324|32595|174|57933
12779|6461|394737
6667|174|5538|8194|29345
34549|1299|3920|206777
1836|33891|216067|44244
41327|13335|400095
57111|41327|7311|835|394273
2518|1299|6855|39904|202605
7473|1299|3216|51032|41344|39707
58308|6939|35168|48716
58308|6939|1299|21080
12779|6939|2852
24516|174|6453|4755|7768
29691|1299|3223|34224|12735
398465|3320|1299|3920|206777
50628|1299|6939|28370|268521
37497|1299|60068|211571
12779|1680|44709
28917|6939|1299|56655|202986
28917|6939|1299|23520|264847|64150|272991
58308|6939|1299|15113
34177|2603|21320|5408|47065|61574
6453|174|3130|47065|61574
216285|8280|6762|174|60068|216213|205884
28917|6939|1299|207137
4181|1299|29695|206557|208835
58308|6939|28917|44056
205206|1299|3356|28370|267608
35600|6939|28917|47914
48070|6939|28917
37497|3491|5408|47065|61574
29222|6939|25400|15765
210312|4601|50869|58299|209898|199553|213081
29222|6939|28917|47438
28917|6939|1299|20473|18257
37105|37662|174|204548|215728
9044|1299|5511|60068|206406|210557
12969|1299|4230|2716
51184|1764|174|20473|47065|61574
4601|6939|28917|47914
59689|30781|1299|20473|47065|61574
4181|1299|2914|1916|47065|61574
35008|1299|60068|211571
16552|1299|3356|16735|2716
58308|6939|1299|211393
28917|6939|2852|197277
6424|37468|52468|262393
559|6939|50989|33837
8220|1299|4637|20473|47065|61574
15547|174|22381|267470|263047
58308|6939|7018|36519
35598|174|6453|29208
34288|1299|3356|28370|267608
6830|174|11432|271150|272738
148968|7474|3257|174|20473|47065|61574
34019|7195|28343|2716
58057|174|50509|51032|41344|39707
29075|1299|6453|19318|209896
20514|1299|6762|267470|263047
205206|1299|174|60068|216213|205884
15562|2914|174|399697|39967|399697
52025|1299|21351|60132
33891|212815|52053
553|6939|28370|268521
45049|6696|1299|6855|39904|205968
15562|2914|3257|28917|215730|209693
58511|1299|20473|47065|61574
64475|6939|2852
44324|32595|174|16276
12859|1031|61568|266460|61625
6830|3257|19318|209896
37697|37497|1299|6855|39904|47767
35600|32787|202161
58511|3491|5405|8943|200636
58308|6939|47536|213370
327960|174|6453|4755|7768
7660|2516|1299|2914|226|47065|61574
2518|2914|174|20473|47065|61574
198385|174|210329|215728
32590|1299|29695|206557
327782|37100|1299|10490|2722|12148|47065|61574
3356|1299|12859|47065|61574
41327|1299|198949|35676
28917|6939|1299|3920
7018|6939|2852|61110
12779|6939|2852|204772
3549|3356|174|210329|215728
34927|56655|1299|21351|60132
207841|6939|28917
6453|174|14840|269288
12307|29691|1299|6855|39904|47767
50304|1299|174|21700|399914
60068|1299|6855|50698
47957|3356|174|5538|8194|29345
22652|1299|60068|197103|212080
6720|1764|1299|3920|206777
28917|6939|1299|52468|273883
2734|3257|1299|3920|206777
3170|6939|29222|207688
6830|174|22381|267470|263047|264389
47147|1299|6939|30893|199580
28917|6939|1299|20473|150788
58308|6939|1299|39783
1273|174|140227|44324|205369
25152|2914|174|204548|215728
28917|6939|1299|20473|132479|152930
139317|44324|32595|174|47787
264409|174|201814|209896
17660|6453|174|28189|266931|271615|273522|271150
8220|1299|3491|20473|47065|61574
59890|174|3130|47065|61574
1140|24785|6830|174|11432|271150|272738
139317|44324|32595|174|262901|273630
40387|1299|37468|270551|263047
4601|50869|41051|207852
44324|32595|174|13819
4181|1299|34927|202827
24516|174|37468|61568|266460|61625
31742|1299|3356|28370|53079
31510|174|5511|60068|206406|210557
59890|174|1916|47065|61574
50877|5405|6939|33924
46450|2914|174|37468|61568|266460|61625
174|3356|9002|12555|48430
29222|6939|553|212522|63293
44324|32595|174|2860|215446
28917|6939|1299|30600|31875
58308|6939|47160|214390
7018|6939|30893
23367|1299|7195|28189|266931|269250|271150
48070|1299|3356|28370|263535
28917|20764|52091|206810|57460
39122|1299|3356|1680|44709
139317|44324|32595|174|6424|47787
44324|32595|174|30919
139317|44324|32595|174|56898
7018|1299|12555|210827
58308|6939|1299|20473|211158
28917|20764|43298|48678|210574
57111|41327|21351|60132
559|6939|28370|267608
12779|28283|268744|2716
215596|1299|6453|4755|7768
50629|47311|150249|153176
28917|6939|1299|15830|3819
58057|34549|2603|21320|5408|47065|61574
35600|6939|60432
6730|6830|3356|3216|51032|41344|39707
28917|6939|1299|23520|262191
199524|1299|21351|60132
205206|1299|7195|28189|266931|269250|271150
210312|4601|6939|28917|50045
28917|6939|199081|209847
20514|1299|4230|2716
29222|6939|12779|44219
28917|6939|7018|14858
29222|6939|35168|197556|206026
398465|1299|6855|39904|202605
28917|6939|48678|209828
58308|6939|35168|21299
28917|6939|47160|210979
204092|6939|28917|48084|35816
4601|50869|58299|39910
264479|6762|1299|6855|39904|47767
28917|6939|1299|19332|16921
1267|1299|174|210329|215728
28917|6939|1299|6855|49117
28917|6939|1299|23033|401988
58308|6939|1299|209022
204092|33891|216067|44244
13786|174|10490|2722|12148|47065|61574
327727|174|3356|28370|28657
44324|32595|174|207866
29222|6939|35133|200223
28917|6939|7018|11992
12779|29632|59682
12637|35598|52091|206810|210063
28917|6939|1299|396362
3216|1299|201814|209896
28917|6939|47160|213095
28917|6939|1299|396993|15353
58057|50673|33891|20473|47065|61574
210312|4601|8298|25091|2603|21320|5408|47065|61574
917|60068|33891|6461|394737
3170|174|216211|211575
60068|174|138997|216211|44324|205369
58308|6939|29208|44770
28917|6939|1299|198785
3333|6830|60068|211571
20932|1299|37468|270551|263047
12779|174|138997|216211|44324|205369
29222|6939|41720|198747
140627|1299|3356|28370|263535|268030
20205|1299|34927|202532
559|6939|28370|263060
8220|1299|3356|8772|215536
216285|8280|6762|1299|198949|35676
29222|6939|202297
29222|6939|29208|210631
58308|6939|15935|204860|203385
12779|174|22381|267470|263047|264389
13030|1299|3257|19318|201813
553|1299|56630|209944
13030|1299|60068|216213|205884
328840|327727|174|12956|212721
29222|6939|6424|46516
199524|174|210|47065|61574
55222|174|37468|61568|266460|61625
42541|1299|198949|35676
44324|32595|174|209312
204092|137409|48011|25184|49801|204533
28917|6939|1299|20473|202184
29222|6939|7018|400072
58308|6939|50629|215236
28917|6939|1299|55285
49028|1299|6453|1031|61568|266460|61625
58299|62255|52091|206810|59815
28917|6939|1299|14722
58308|6939|1299|213291
47147|1299|3356|16735|2716
4601|50869|6939|60432
33891|21320|5408|47065|61574
28917|6939|1299|29802
6424|6939|28917|6789|201069|207979
28917|215551|30893|13214|35634
28917|6939|63290
35600|35598|52091|206810|12773|47809|59478
50629|1299|4637|20473|47065|61574
553|6939|16652
6830|44530|41327|213013
15547|174|6453|4755|7768
5405|62255|52091|206810|59815
50304|1299|21351|60132
28917|6939|1299|43646
58308|6939|214443
49605|6762|174|11432|271150
4601|6939|28917|50045
6894|174|138997|216211|44324|205369
25160|174|216211|211575
48070|6939|28917|39153
553|6939|2852|201648
139317|44324|32595|174|153773
58057|50673|174|3257|60068|206406|210557
35600|20764|202984|35598|25308|28917|204076
28917|6939|1299|20115|400985
58057|50673|174|37468|270551|263047
35426|215596|174|11432|271150|272738
28917|6939|1299|270179
7018|3356|28343|2716
58057|174|22381|267470|263047|264389
41722|12389|174|21320|5408|47065|61574
60326|34927|1299|10490|2722|12148|47065|61574
58308|6939|1299|22773|20940
7018|174|21700|399914
55720|2914|174|399697|39967|399697
207841|6939|28917|6789|200702
42541|1299|174|216211|211575
559|13237|196714|199284|33891|3356|34984
51184|1764|174|52468|271150
32590|1299|174|3130|47065|61574
6424|272713|263390|270896
327727|174|399697|39967|399697
28917|6939|1299|396253
6830|6939|200303
34927|1299|2914|226|47065|61574
58308|6939|5405|199710
41666|56630|209944
64475|6939|2852|61110
139317|44324|32595|174|4538
559|1828|12179|393398|3356|1299|23033|50131
15605|35598|52091|206810|196767
216285|8280|6762|174|11432|271150
198385|15576|174|3130|47065|61574
174|1299|22773|8119
44393|394256|174|210329|215728
58308|6939|33891|203380
57777|8298|25091|1299|198949|35676
202365|50673|174|60068|197103|212080
64475|6939|50989|33837
14907|3356|174|140227|44324|205369
328840|327727|174|3356|16735|2716
48070|1299|174|60068|205884
139317|44324|32595|174|53667|212237
58308|6939|1299|3301|2799
16260|174|52468|262393
48070|6939|28917|24651
139317|44324|32595|174|272102|271816
28917|6939|7018|401623
2914|174|140227|44324|205369
20205|1299|3223|34224|12735
5413|1299|6453|29208
58308|6939|56595
48362|1299|3491|20473|47065|61574
28917|6939|1299|29838
57866|1299|6855|39904|202605
5511|174|8551|20473|47065|61574
28917|6939|1299|60068|917|969
204092|6939|29222|204957
5405|37271|20473|47065|61574
39351|174|3356|16735|2716
50673|174|28189|266931|269250|271150
139317|44324|32595|174|53667|202256
210312|4601|50869|52025|214749
1280|1299|198949|35676
28917|6939|1299|23520|264821|274070
28917|6939|29222
28917|6939|6830|60068|51191
1273|174|11432|271150
3356|174|32595|44324
4601|50869|41051|212184
397131|60011|3356|1299|3920|206777
22652|1299|3356|28370|263535
28917|8359|57304|15935|198143
58308|6939|6830|23520|10269
12307|29691|1299|56504|47674
3303|174|52468|271150
327804|37271|2603|21320|5408|47065|61574
44324|32595|174|216371
34177|3356|1299|20473|399970
15935|174|3257|19318|201813
4601|50869|6939|2852|197277
37721|174|8551|20473|47065|61574
29504|15935|174|3356|28370|28657
58308|6939|1299|16509|213151
6762|2914|12859|47065|61574
917|60068|33891|29632|59682
2500|2914|1299|34927|202532
28917|6939|1299|20473|137908
59689|30781|1299|6855|39904|202605
139317|44324|32595|174|21859|62610
23367|1299|174|14840|269288
205206|1299|6855|39904|202605
51519|39351|174|3356|28370|28657
37271|3257|1299|198949|35676
49028|1299|34927|202827
28917|6939|3170|43851
47692|33891|8943|200636
28917|6939|1299|23520|54082
58308|6939|5405|204704
12637|1299|174|20473|47065|61574
139317|44324|32595|174|207866
8426|3257|1299|20473|47065|61574
58308|6939|50629|207160
42541|28283|268744|2716
28917|6939|6830|23520|262191|274247
198249|13030|1299|3920|206777
58308|6939|1299|52468|273127
20764|174|12956|212721
41327|7195|28343|2716
513|174|12956|212721
29222|6939|196610
18106|33891|216067|44244
50300|33891|216067|44244
58308|6939|1299|208905|47962
28917|6939|32097
6461|1299|35598|52091|206810
44324|32595|174|394584
327960|174|14840|2716
206356|50629|56630|209944
22652|174|20723|2852|202874
139317|44324|32595|174|398947|27884
12859|35598|52091|59815
48070|6939|42695
28917|6939|15935|200844
8283|20764|52091|44660
28917|6939|1299|48448
6696|1299|10490|2722|12148|47065|61574
28917|6939|1299|20473|200510
3741|33891|44592|49581|209693
271253|174|201814|209896
64475|62255|52091|206810
196621|6939|16652
37697|3491|174|34927|202827
64475|62255|52091|206810|211692|214268|197578
148968|7474|7473|1299|20473|47065|61574
13830|971|174|3257|21034
50629|2603|21320|5408|50148
58308|6939|1299|213929
41327|174|140227|44324|205369
21700|174|3130|47065|61574
6424|1299|3920|206777
215596|1299|56630|209944
5405|62255|52091|206810|56915
136557|174|11432|271150
15605|6939|50989
58308|35598|52091|206810|56766
57695|917|60068|28917|215730|209693
34288|1299|3356|28370
39351|1299|198949|35676
12859|6939|33924
25091|8283|47065|61574
39122|47311|150249|153176
199524|174|6453|29208
25152|2497|174|8551|20473|47065|61574
9268|4764|1299|5511|49666|58224|214805
12859|35598|52091
6424|1299|6855|39904
50877|5405|47065|61574
213151|34549|174|140227|44324|205369
1403|577|174|210329|215728
57821|12586|3257|174|3130|47065|61574
20514|1299|37468|53062|266493|61625
58308|6939|1299|3223|58744
210312|4601|50869|211008
1299|3356|16735|2716
28917|6939|1299|32097|33387
58308|6939|1299|60068|212238
207841|137409|33891|216067|44244
58308|6939|6830|23520|264821|272807
28917|6939|1299|20473|214610
41327|6461|9498|20473|47065|61574
24785|1299|20473|201423
6667|174|60068|216213|205884
394256|174|6461|394737
29504|15935|174|37468|53062|266493|61625
210312|4601|50869|6939|54429
139317|44324|32595|174|20459
174|12956|212721
199524|174|6453|4755|7768
559|35598|52091|206810|196638
29504|15935|33891|44592|49581|209693
28917|6939|268624|53245
35426|215596|62000|1680|44709
199524|174|28189|266931|269250|271150
327983|37497|3491|1299|34927|202532
139317|44324|32595|174|210684
29222|6939|28370|267608
207841|6939|29222|513|12654
29075|1299|3257|60068|206406|210557
15605|35598|52091|206810|34786
32590|33891|216067|44244
28917|6939|1299|60068|197103|272905
58308|6939|1299|271
680|1299|22773|8119
8283|6939|33924
139317|44324|32595|174|399646|200329
29075|174|52468|271150
12956|1299|60068|216213|205884
39351|1299|3356|28370|268521
7018|1299|59692|12555
50629|264409|61832|266460|61625
199938|1299|6762|49666|58224|214805
25091|28917|215730|209693
328964|37468|174|20473|47065|61574
24785|6830|174|60068|205884
174|35598|52091|206810
15935|174|3356|16735|273514
7018|6453|44592|49581|209693
41327|174|56630|209944
44324|32595|174|53667|14956
12859|1299|8943|200636
210312|4601|50869|6939|28370|269016
42541|1299|17676|216211|44324|205369
64475|6939|207995
29680|174|34927|202827
50629|3223|41327
58308|6939|9136|206236
28917|6939|1299|20473|50763
20514|1299|3356|28370|267608
44324|32595|174|211083
199524|37100|1299|8551|44709
6423|20055|3257|33891|216067|44244
58308|6939|1299|51057
58308|6939|5405|214017
55222|174|201814|209896
58308|6939|6830|23520|11139
34854|1299|201814|209896
29504|15935|174|22381|267470|263047|264389
37468|1299|198949|35676
28917|6939|29670
29222|6939|29670|213674
139317|44324|32595|174|45557
28917|6939|30893|205563
12307|29691|1299|174|210329|215728
139317|44324|32595|174|47674
58308|6939|559|200233
3356|174|140227|44324|205369
49544|1299|34927|202532
196621|6939|28917|20985
8220|1299|8551|20473|47065|61574
37239|22355|5511|174|52468|271150
34927|174|20473|47065|61574
28917|6939|1299|17072
24961|28917|215730|209693
19653|30600|1299|6855|39904
3130|174|21700|399914
44324|32595|174|22150
198249|13030|1299|174|20473|47065|61574
4601|50869|34019|204092
60068|1299|21351|60132
50673|174|1916|47065|61574
17350|3356|7720|44324|215172|214955
553|14840|2716
32590|12956|1299|6855|39904|199604
139317|44324|32595|174|13190
3320|1299|3920|206777
58308|6939|1299|6204|25198
28917|6939|30893|13214
58308|6939|29670|47496
32590|137409|2914|1299|198949|35676
553|7195|20473|47065|61574
28917|8359|57304|200449
50629|6939|24796|63293
28917|6939|1299|5605
8283|6762|60068|205884
29504|15935|13335|5408
44324|32595|174|198104
196621|6939|2852|198500
12637|6939|2852|202874
35008|1299|60068|216213|205884
132825|174|3257|19318|209896
48070|37468|52468|271150
28917|6939|1299|6922|10399
30600|1299|20473|47065|61574
34927|52025|174|21320|5408|50148
39122|1299|3356|28370|28657
13237|1299|6855|39904|47767
559|35598|52091|206810|214210
58299|16276|203019
28917|6939|1299|206610
44324|32595|174|212250|208293|203217|54994
28634|4230|1299|35598|52091|206810
50673|174|204548|215728
28917|6939|1299|57811|201029
3170|6939|28370|268521
12637|6939|28370|269016
64475|6939|59970
28917|6939|1299|20473|63183
202365|50673|174|52468|262393
47147|1299|7195|20473|47065|61574
9002|1299|17676|216211|211575
25160|174|201814|209896
12779|7195|28260|270548|52794|52659
12859|137409|48011|25184|49801|204533
12956|1299|42303|51701|30893
132337|1299|198949|35676
44393|394256|174|6461|394737
8529|1299|3257|20473|47065|61574
28917|6939|1299|197190
213151|34927|1299|20473|399970
4601|50869|210632
57866|1299|56630|209944
28917|6939|1299|19332|270226
13030|1299|3356|16735|2716
28917|6939|1299|20473|54874
5405|6939|30893
58308|6939|1299|214002
8220|3491|1299|198949|35676
28917|6939|62000|198831|210699
3356|174|5538|8194|29345
28917|6939|1299|20473|27218
34019|6939|28370|263535
28917|37468|60068|216213|205884
40994|57463|41327|203726
132847|7474|7473|1299|3920|206777
6830|1299|42303|51701|30893
29222|6939|8899|42652
328206|37739|3491|174|5538|8194|29345
39351|174|10490|2722|12148|47065|61574
1103|33891|216067|44244
58308|6939|1299|28423
12389|1299|20473|47065|61574
42541|1299|3223|34224|12735
29222|6939|52838
6730|6830|9002|12555|210827
3491|174|8551|20473|47065|61574
3491|1299|6855|50698
25369|174|52468|262393
13030|1299|174|60068|205884
29075|1299|6453|4755|7768
44324|32595|174|45250
50629|8551|44709
25369|174|22381|267470|263047|264389
22652|1299|29695|206557
559|62255|62379
1140|24785|6830|3491|216211|211575
29222|6939|61618|267216
7018|6461|210|47065|61574
207841|6939|28370|270962
35369|5405|266493|61625
4601|50869|6939|2852|200874
174|1299|6855|39904|47767
28917|6939|3170|214670
6830|6939|28917|48084|199961
37105|36994|1273|174|20473|47065|61574
23367|1299|37468|60068|216213|205884
29222|6939|50698
28917|6939|1299|131429|13335
139317|44324|32595|174|13335
209650|34927|1299|3223|34224|12735
8283|56630|209944
28917|6939|8194|206362
263237|174|6453|19318|209896
41327|13335|5408
48919|35320|1299|20473|47065|61574
139317|44324|32595|174|36667
2734|7195|20473|47065|61574
199524|1299|16276|203019
28917|6939|1299|36352|26383
3741|174|1299|6855|50698
398465|4826|1299|8551|44709
48070|1299|56630|209944
29075|1299|3356|28370|263535
4775|1273|1299|2914|226|47065|61574
58308|6939|208731
58308|6939|268624|53245
58308|6939|6830|23520|30689
210312|4601|50869|58299|28859
196621|6939|24796
42541|62255|52091|206810|35273
6730|6830|174|35598|52091|206810
11039|6461|1299|34927|202532
559|6939|28370|267556
20253|1299|20473|47065|61574
58057|34549|174|140227|44324|205369
3399|5511|174|210|47065|61574
4181|1299|56504|47674
209650|34927|1299|3356|28370|267608
139317|44324|32595|174|9166
59105|2518|1299|201814|209896
16347|1299|37468|60068|216213|205884
8283|6762|1680|44709
58308|6939|1299|44239
40994|6939|30893|205563
58308|6939|1299|52468|264668|267684
42473|1299|35598|25308|28917|204076
58308|6939|1299|3301|56736
7018|174|60068|216213|205884
3170|6461|214565|64289|212895|210320
20912|12637|1299|20473|201423
52025|1299|6855|39904|47767
50304|1299|3356|28370|263535|268030
58308|6939|1299|13855|400528|395580
12779|33891|216067|44244
30600|1299|6855|39904|47767
196621|6939|60432
58057|50673|174|2914|226|47065|61574
3130|174|3356|28370|267608
553|62255|52091|206810|39558
28917|6939|1299|31898
917|60068|174|5538|8194|29345
204092|6939|28917|198297|51081
52025|174|3356|1680|44709
917|60068|1299|34927|202827
196621|15576|3356|1299|3920|206777
1273|2914|12859|47065|61574
29222|6939|7018|4473|13979|2576
8455|1299|20473|399970
139317|44324|32595|174|54579|394778
5413|1299|6453|4755|7768
20253|1299|3356|28370|263535|268030
5405|62255|52091|206810|211101
28917|6939|1299|13293|12346
210937|1299|3223|34224|12735
47692|33891|266493|61625
58299|62255|52091|206810|196638
52873|12956|1299|12859|47065|61574
213151|34549|1299|3920|206777
6424|7195|28189|266931|271615|273522|271150
41327|6939|25192|29067
34927|56655|1299|25091|8298|4601|4492
199524|6762|1299|12859|47065|61574
58308|6939|1299|197308
58057|50673|174|60068|197103|212080
196621|6939|30893
6424|37468|53062|266493|61625
215596|1299|3257|19318|209896
57866|1299|21351|60132
28917|6939|1299|47169
60068|174|210329|215728
328840|327727|174|35598|52091|206810
48070|7195|28343|2716
132825|174|13335|5408
59689|29075|174|210329|215728
14630|1299|201814|209896
3320|1299|25091|8298|4601|4492
12779|32787|202161
196621|6939|2852|202874
174|6453|4755|20473|47065|61574
4601|50869|6939|2852|213152
16347|1299|8551|44709
17350|6453|1299|6855|39904
1836|5511|174|37468|61568|266460|61625
28917|6939|1299|17639|153322
139317|44324|32595|174|201102
215596|1299|37468|53062|266493|61625
58308|6939|1299|198785
42541|1299|6453|1031|61568|266460|61625
52320|174|140227|44324|205369
8220|6453|1299|60068|216213|205884
513|174|1299|20473|399970
34927|1299|10490|2722|12148|47065|61574
57777|8298|25091|1299|20473|47065|61574
57381|50304|1299|6453|19318|209896
12637|32787|202161
12307|29691|1299|6855|39904
5713|8455|8283|47065|61574
44324|32595|174|12222
57866|1299|42303|51701|30893
28917|6939|1299|20473|207754
58308|6939|1299|21277|197882
204092|16276|203019
60068|1299|3356|28370|263535
20130|23352|3257|174|399697|39967|399697
204092|6939|28917|6789|203561
15623|174|56630|209944
132825|174|28283|268744|2716
132825|174|3257|25091|8298|4601|4492
263237|174|1299|34927|202532
204092|6939|28370|28657
34854|1299|1680|20473|47065|61574
58299|20764|43298|48678|210574
52025|174|35598|52091|206810
1764|1299|3920|206777
29222|1299|60068|216213|205884
32590|12956|1299|6855|39904|202605
136557|174|3356|28370
20612|9044|1299|3920|206777
12637|1299|6855|39904|205968
263152|174|3130|47065|61574
20205|174|210|47065|61574
58308|6939|1299|52468|269853
6894|3257|1299|20473|47065|61574
8283|20764|52091|206810|208435
44324|32595|174|13977|401455
44324|32595|174|32440|40189
58308|6939|1299|44949
327960|327782|5511|174|52468|271150
2914|2603|21320|5408|47065|61574
29222|6939|12735|205893
139317|44324|32595|174|53667|401727
9002|3356|174|399697|39967|399697
28624|3356|1299|6855|39904|202605
139317|44324|32595|174|53667|215502
199938|1299|174|20473|47065|61574
205206|33891|216067|44244
64475|6939|25192
12859|22356|28370|267556
48070|25180|1299|17676|3258
4775|1273|1299|3920|206777
3701|3356|1299|198949|35676
4826|1299|8551|44709
28917|6939|1299|19750
12779|9498|20473|47065|61574
29504|39392|33891|17676|216211|44324|205369
34927|174|2914|20473|47065|61574
58308|6939|1299|7483
41666|20764|52091|206810|24881
9900|23764|3356|21320|5408|47065|61574
139317|44324|32595|174|32505
6894|33891|44592|49581|209693
15547|174|3257|60068|206406|210557
202032|58115|21263|203293
20205|174|3257|21034
132825|174|35598|52091|206810|211692|214268|196977
34854|1299|3356|28370|269016
34854|1299|35598|25308|28917|204076
139317|44324|32595|174|53471
210312|4601|50869|60900
23367|1299|3356|1680|44709
28917|3257|174|3130|47065|61574
28917|6939|2852|212876
45049|6696|5511|174|52468|271150
6696|1299|3920|206777
58308|6939|50629|207252|215666
4764|1299|29695|206557|208835
6461|1299|201814|209896
6830|3257|21034
553|174|204548|215728
6082|174|14840|269288
9268|4764|1299|6855|39904|47767
6830|174|35598|52091|206810
6730|6830|1299|6855|39904
58308|6939|1299|16509|14490
553|1299|3223|34224|12735
35008|1299|29695|206557|208835
30844|5511|1299|3920|206777
8529|1299|3257|204548|215728
58308|6939|6830|23520|262202|263713
52320|1299|3356|8119
58308|6939|28370|267608
204092|6939|2852|210498
4775|1273|174|20473|47065|61574
210312|4601|50869|215828|215375
327960|174|1299|8551|44709
28917|6939|28370|263060
28917|6939|7018|15130
139317|44324|32595|174|396986
3303|174|3130|47065|61574
4764|1299|59692|12555
139317|44324|32595|174|13999|273269
139317|44324|32595|174|22361|400097
6424|6939|28917|198297|51081
44324|32595|174|63293
58308|6939|6830|23520|265561|270173
58308|6939|29222|41495
12389|174|60068|216213|205884
4181|1299|6855|39904|47767
23673|3356|174|204548|215728
28917|6939|1299|8151|28563
47160|6939|25192|29067
61218|29632|9002|3356|174|3130|47065|61574
58299|174|60068|216213|205884
917|25369|174|399697|39967|399697
327727|174|28189|266931|269250|271150
210312|4601|50869|58299|59645
327727|174|56630|209944
47147|1299|56630|209944
6424|6939|28917|48084|199961
8283|20764|52091|206810|210063
207841|6939|28917|39238|51408
51873|6830|1299|3920|206777
3130|174|1299|6855|50698
15605|35598|52091|206810|208435
29691|1299|6453|19318|201813
58308|6939|1299|52468|273877
28917|6939|7018|399756
28917|6939|1299|199508|215629
8220|6453|174|60068|216213|205884
29504|39392|174|1299|3920|206777
28917|6939|1299|20473|402127
210312|4601|50869|34019|12654
58308|6939|50629|207252|202119
3170|6939|28917|47759
34927|1299|20473|47065|61574
28917|6939|1299|20473|151230
28917|6939|1299|23520|15344
198385|174|1299|20473|47065|61574
8529|1299|6855|39904|47767
58308|6939|47674
139317|44324|32595|174|21826|269946|272993
6830|6453|19318|209896
12859|1299|201814|209896
3170|37468|53062|266493|61625
12350|1299|3356|28370|269016
39122|174|60068|205884
6830|6939|30893
6057|174|20473|47065|61574
36924|1299|10490|2722|12148|47065|61574
58308|6939|1299|9146
210312|4601|50869|41051|209527
22652|1299|3356|28370|267608
28917|6939|1299|34170|13335
49028|6830|60068|211571
207841|6939|196610|48927
58299|20764|43298|48678|213865
209650|34927|1299|3356|28370
28917|6939|62000|208226|205563
513|174|1299|20473|47065|61574
31510|174|3130|47065|61574
28917|6939|1299|20473|207890
15605|35598|52091|206810|202279
28917|6939|1299|52468|272883
58308|6939|50629|207252|197634
20253|1299|3920|206777
6830|6453|49666|205647|49801|204533
41327|6461|55081|59678|216096
7594|174|21320|5408|50148
32590|37100|1299|60068|216213|205884
210312|4601|50869|6939|28370
28917|6939|1299|7843|20001|21705
12350|1299|3356|28370|268198
58308|6939|6830|23520|64126|265721|271942|273121
139317|44324|32595|174|54002
49028|1299|3257|60068|206406|210557
28917|6939|1299|52468|271822
6424|6939|28917|8926|200019|48753
29691|1299|174|210|47065|61574
28917|6939|1299|18734|265605
1299|174|20473|47065|61574
23673|9900|23764|1299|3920|206777
58308|6939|6830|204210
35426|215596|1299|37468|53062|266493|61625
16552|2914|1299|35598|52091|206810
971|174|1299|6855|39904|47767
12779|174|60068|216213|205884
28917|6939|273556
48362|1299|174|22381|267470|263047|264389
20932|174|140227|44324|205369
209|3356|1299|3920|206777
196621|15576|174|11432|271150
397131|60011|3356|1299|22773|8119
7018|1299|6855|39904|202605
48070|28283|268744|2716
58308|6939|31319
12779|6939|28370|270962
58308|6939|1299|6855|204690
139317|44324|32595|174|27385
202365|50673|174|138997|216211|44324|205369
58308|6939|1299|396362
3491|1299|198949|35676
49028|1299|2914|226|47065|61574
139317|44324|32595|174|42313|212766
210312|4601|50869|41051|200306
28917|6939|1299|32374
20080|2914|12859|47065|61574
29504|15935|174|3356|8119
58308|6939|1299|20473|44354
205206|33891|16164|36032
50673|174|7311|835|394273
327960|327782|37100|2603|21320|5408|47065|61574
5405|62255|52091|206810|211692|214268
37271|174|6453|29208
29222|6939|8899|42652|213928
44324|32595|174|263812|208414
6667|174|11432|271150
58308|6939|29208|62102
35280|6453|174|3130|47065|61574
6424|13335|5408
20514|1299|3356|28370|268198
20764|174|204548|215728
41666|1680|44709
205206|1299|3257|60068|206406|210557
35598|1299|3223|34224|12735
28624|61568|174|204548|215728
9268|4764|1299|201814|209896
29504|39392|174|1916|47065|61574
58308|6939|1299|212765|211309
204092|6939|196610
47160|174|5538|8194|29345
50629|1031|61568|266460|61625
198385|15576|174|60068|197103|212080
1828|21320|5408|47065|61574
4601|50869|52025|211358
20912|12637|1299|37468|53062|266493|61625
210937|1299|174|60068|205884
28917|6939|62000|198831|207466
28917|6939|1299|27947|27668
58308|6939|6424|46516
34854|1299|42303|51701|30893
36924|1299|22773|8119
21412|1299|17676|216211|44324|205369
29504|15935|174|204548|215728
210312|4601|50869|214329
29222|6939|12735|201978|208425
29222|174|20473|47065|61574
1280|1299|20473|47065|61574
55720|2914|174|204548|215728
3491|2914|12859|47065|61574
12969|1299|3356|28370
28917|22356|28370|273514
20514|1299|3356|28370|269016
49605|6762|174|3130|47065|61574
35280|3356|174|5538|8194|29345
210312|4601|50869|6939|50989
14315|174|20723|2852|202874
28634|4230|1299|201814|209896
12859|1299|174|140227|44324|205369
13030|1299|7195|28189|266931|271615|273522|271150
28917|6939|1299|8240
6667|174|3130|47065|61574
202365|50673|174|1299|20473|201423
139317|44324|32595|174|11172|272318
3257|1299|34927|202532
16552|1299|4230|52654|266493|61625
34854|1299|6453|19318|201813
20055|174|21320|5408|50148
28917|20764|52091|206810|211692|214268
58308|6939|6830|23520|64126|273917
29222|6939|7018|3486
17639|1299|20473|399970
34019|56630|209944
210312|4601|50869|6939|28370|263535
139317|44324|32595|174|397168
58308|6939|1299|20473|215150
12637|6939|28370
28917|6939|1299|20473|47065
58308|6939|1299|20473|48231
139317|44324|32595|174|30919
3333|1257|1299|20473|47065|61574
34019|6939|28370|270962
20912|174|35598|52091|206810
1140|24785|6830|3356|28370|263535|268030
58308|6939|3170|203363|212085
34019|28283|268744|2716
139317|44324|32595|174|12337
1403|577|1299|60068|216213|205884
12859|215551|30893|13214|35634
12637|20764|202984|35598|25308|28917|204076
12307|57118|8283|47065|61574
14537|52925|3356|1299|20473|47065|61574
2516|1299|20473|47065|61574
12779|6939|24796|63293
2914|174|3130|47065|61574
48070|6939|25192
852|174|11432|271150
58299|62255|52091|206810|56766
327960|174|6453|29208
6730|6830|9002|12555
58308|6939|7018|20182
51088|3257|33891|216067|44244
51519|39351|1299|3920|206777
28917|6939|1299|8551|21859
42473|1299|17676|216211|44324|205369
34854|14840|2716
30600|1299|3920|206777
37662|1299|20473|399970
1299|6762|16735|273514
8283|20764|52091|206810|5598
57381|42708|33891|216067|44244
6777|56630|209944
9370|2497|174|52468|262393
58308|6939|28917|48084|199961
58308|6939|29208|60218
58308|6939|28370|263060
58308|6939|7018|16576
139317|44324|32595|174|216471
28917|6939|1299|14616
12586|3257|1299|12859|47065|61574
3170|61049|34927|202827
6461|174|22381|267470|263047|264389
6730|6830|6453|29208
513|174|1299|3920|206777
139317|44324|32595|174|12252
35369|1764|174|216211|211575
28917|6939|1299|1759|51164|20574
12969|1299|6453|19318|201813
34927|60011|3356|174|3130|47065|61574
37105|37662|174|201814|209896
48070|6939|28917|24651|39900
37271|3257|1299|3920|206777
6720|1764|174|52468|271150
28917|6939|1299|214783
4777|2497|1299|34927|202532
209|3356|174|3130|47065|61574
58308|6939|2852
28917|6939|1299|8375|214019
60326|34927|174|210|47065|61574
7594|174|11432|271150|272738
28917|6939|1299|394923
19653|30600|174|21700|399914
28917|6939|1299|5518|34001
3130|174|14840|2716
49432|48362|1299|3257|20473|47065|61574
20253|1299|34927|202827
32590|137409|174|20473|47065|61574
58308|35598|52091|206810|202279
6894|174|6453|29208
4601|50869|58299|216441
64475|62255|52091|206810|48687
553|1299|198949|35676
199524|174|216211|211575
41327|6939|30893|13214|35634
3491|1299|4230|2716
210937|1299|8551|44709
58308|6939|50698
28917|6939|1299|60354
28917|6939|1299|52468|27814|13335
21412|1299|20473|201423
4601|6939|28917|48084|59833
28917|6939|1299|23520|27745
28917|6939|1299|398104|44273
8283|6762|53062|266493|61625
45049|6696|1299|6855|39904
58308|6939|1299|265780|269815
30600|174|20723|2852|202874
21232|15576|174|52468|271150
6830|1299|8551|44709
28917|6939|271150|272738
12859|264409|61832|266460|61625
40387|1299|7195|28189|266931|269250|271150
9900|23764|3356|174|3130|47065|61574
196621|15576|174|60068|216213|205884
34927|1299|6855|39904|202605
5413|1299|3257|19318|209896
2497|1299|25091|8298|4601|4492
139317|44324|32595|174|61098
58308|6939|208453|214639
28917|47065|61574
50629|20764|52091|206810|214210
28917|6939|1299|51834
199524|1299|3356|28370|263963
28917|6939|1299|23520|267823|270003
263152|174|1299|34927|202532
5405|6939|2852|197277
33891|44592|49581|209693
29222|13335|5408
32590|174|210|47065|61574
1299|3356|28370|53079
207841|6939|2852|201648
6730|6830|174|1916|47065|61574
6830|3257|8551|44709
3170|6939|29222
28917|6939|1299|20473|206946
58308|6939|7018|6621|265591
40994|57463|41327|200553
42473|1299|174|37468|61568|266460|61625
44324|32595|174|37468|61568|266460|61625
35600|30781|1299|6855|39904|202605
58308|6939|28917|198297
58308|6939|12735|15830|198417
999|6453|174|28189|266931|271615|273522|271150
28917|6939|1299|20473|214242
199938|1299|20473|399970
58308|6939|6830|23520|64126|272980|274084
28917|6939|62000|208226|205778
34854|1299|6855|39904|202605
44393|394256|174|1299|20473|47065|61574
41327|6939|2852
28917|6939|200462
28917|3257|1299|3920|206777
1299|6855|39904|202605
12637|1299|7195|11432|271150|272738
48070|6939|28917|39238|49392
12637|1299|6855|50698
215596|1299|60068|197103|212080
35600|30781|33891|216067|44244
209650|34927|174|7311|835|394273
29222|6939|48678|209737
58308|6939|1299|46161
28917|6939|1299|23520|272935|271804
41666|20764|52091|206810|211692|214268|197578
6830|9002|12555|212247
4601|50869|56381|209844
58308|6939|1299|16509|14618|54981
48070|6939|30893
28917|6939|1299|23520|27665
35710|3320|1299|10490|2722|12148|47065|61574
60068|33891|34927|202532
28917|6461|7473|38001|25192
58308|6939|6830|31079
1828|33891|60068|211571
40387|1299|3356|22381|267470|263047|264389
58308|59689|29075|174|20473|47065|61574
3491|174|10490|2722|12148|47065|61574
198385|15576|174|20473|47065|61574
28917|6939|28370|28657
59414|6830|174|210329|215728
12307|29691|1299|174|3130|47065|61574
15623|174|3257|21034
49788|1299|37468|53062|266493|61625
51184|1764|174|201814|209896
205206|1299|6453|1031|61568|266460|61625
35710|3320|1299|1680|20473|47065|61574
57777|8298|25091|6453|174|3130|47065|61574
216285|8280|6762|2914|12859|47065|61574
6830|174|138997|216211|44324|205369
28917|6939|1299|400304
42541|62255|52091|206810|48595
2914|174|20473|47065|61574
58308|6939|1299|32934
29222|1299|174|37468|61568|266460|61625
57381|50304|1299|5511|60068|206406|210557
58308|6939|59970
12637|35598|52091|206810|56915
328840|327727|174|35598|52091|48158
14907|1299|3356|28370|28657
198385|15576|174|210|47065|61574
44324|32595|174|201984
3130|174|21320|5408|47065|61574
48070|57463|14840|2716
852|1299|34927|202827
31742|1299|12956|212721
64475|37468|53062|266493|61625
204092|6939|28917|12739
33891|17676|216211|44324|205369
28917|6939|1299|1759|29422
55720|3491|174|28189|266931|269250|271150
3170|3223|41327
210312|4601|50869|59645
6424|6939|29222|513
37662|174|6453|4755|7768
20514|1299|3356|28370|28657
57381|50304|1299|7195|28189|266931|269250|271150
202032|58115|21263|30791
205206|1299|3223|34224|12735
46450|1299|201814|209896
28917|6939|1299|60068|35487|399272
328964|37468|174|399697|39967|399697
4775|1273|174|1916|47065|61574
28917|6939|1299|20473|402185
34854|1299|22773|8119
30781|3356|174|20473|47065|61574
14907|1299|174|37468|61568|266460|61625
4601|50869|52025|212895|205991
50304|1299|174|60068|205884
139317|44324|32595|174|44222|209847|26383
49432|48362|1299|6453|4755|7768
9268|4764|174|28283|268744|2716
44324|32595|174|206067
58308|6939|39791|198002
139317|44324|32595|174|53667|38230
4181|1299|3223|41327
28917|6939|1299|20473|398338
28917|6939|1299|23520|64126|266734|273048
28917|6939|29222|513|20940
44324|32595|174|399646|200329
1764|174|210|47065|61574
28634|4230|1299|21351|60132
5405|6939|58308
57381|50304|1299|3356|20473|47065|61574
28917|6939|1299|62913
12859|6939|42695|52011
139317|44324|32595|174|61407
58308|6939|6830|23520|262202|52392
6082|2914|1299|198949|35676
28917|6939|1299|46261
28917|6939|1299|25773
4601|50869|6939|29222|41495
28917|6939|7018|986
34019|6939|2852|48091
204092|6939|28917|50045
16552|1299|201814|209896
28917|6939|1299|52468|272097
49432|48362|1299|33891|216067|44244
28917|6939|39791|57728
29222|6939|553|204680
49432|48362|1299|3356|28370|269016
12956|174|21320|5408|47065|61574
28917|6939|1299|52468|273034
28917|6939|1299|23520|265580
28917|6939|32097|11867
34927|52025|174|22381|267470|263047
7713|1299|6855|39904
59919|12779|33891|216067|44244
48362|1299|174|210329|215728
35600|6939|28917|198297
28917|6939|28370|267608
49028|1299|7195|28189|266931|271615|273522|271150
28917|6939|1299|19693
58308|6939|1299|15659
46450|1299|6461|394737
36924|1299|32787|202161
23352|3257|174|399697|39967|399697
12859|1299|6855|39904|47767
34800|58057|50673|174|399697|39967|399697
28917|6939|1299|52468|272075
51185|6762|174|37468|61568|266460|61625
7018|6939|39790
37739|3491|174|210|47065|61574
29222|6939|15962|203933
39351|1299|8551|44709
199524|28917|215730|209693
34927|52025|174|3356|1680|44709
28917|6939|1299|6400|262247
20485|174|52468|271150
40387|1299|3356|8119
1299|3356|28370|28657
21232|15576|35598|52091|206810
28917|6939|30893|199580
8220|1299|22773|8119
196621|6939|30893|199580
4601|50869|41051|212510
34177|1299|6453|29208
8888|137409|3356|1299|20473|47065|61574
60068|1299|20473|47065|61574
971|174|1299|6855|39904
48185|3356|174|20473|47065|61574
48070|6939|29222
44324|32595|174|397650
56655|1299|7195|28189|266931|271615|273522|271150
5511|1299|12859|47065|61574
29140|2914|1299|201814|209896
15562|2914|1299|20473|47065|61574
40994|57463|41327|200887
48185|1299|6762|49666|58224|214805
139317|44324|32595|174|395723
2734|137409|63473|200790
28917|6939|1299|23520|273099
48362|1299|7545|20473|47065|61574
1257|1299|10490|2722|12148|47065|61574
40994|6939|30893
28917|215551|30893|205166
1280|1299|34927|202532
4601|6939|28917|9110
6730|6830|3356|8551|44709
61049|174|216211|211575
1299|3491|216211|211575
58308|6939|7018|26305
12956|1299|1680|20473|47065|61574
12779|174|3130|47065|61574
44324|32595|174|17185|25645
49028|1299|8551|44709
196621|58115|21263|202526
139317|44324|32595|174|329344
199524|174|28189|266931|271615|273522|271150
1273|33891|216067|44244
2734|52320|7162|13878|52468|271150
1299|174|32595|44324
28917|6939|1299|262206|18809|26105|264843
28917|6939|6830|33915|209390
207841|6939|28917|39238|49392|34567
38001|3491|174|60068|216213|205884
29222|6939|8194
29222|6939|3170|59410
327727|174|1299|20473|399970
28917|6939|1299|208905|212644
44324|32595|174|44222|209847|26383
59105|2518|1299|6855|39904|47767
151326|174|3356|8119
553|33891|60068|211571
139317|44324|32595|174|51847|61112
29222|6939|7018|3423
29222|6939|24796
44324|32595|174|394634
29222|6939|56595|215742
215596|1299|4230|2716
6424|6939|28917|47914
28917|6939|1299|21859|27418
28917|6939|1299|20473|62707
206356|50629|33891|60068|211571
28917|6939|1299|60068|197103|198517
50628|1299|6762|16735|273514
58308|6939|21430|203376
50673|174|210|47065|61574
28917|6939|1299|35777
44324|32595|174|47674
58308|6939|1299|6503
34854|1299|174|210329|215728
20253|1299|3356|28370|263963
204092|6939|39790
6424|33891|44592|49581|209693
48070|6939|28370|263060
35426|215596|1299|60068|197103|212080
1140|24785|1299|3920|206777
209650|34927|174|3130|47065|61574
199524|174|3356|8119
139317|44324|32595|174|200584
36924|1299|6855|39904
28917|6939|1299|20473|36710
22652|174|21320|5408|50148
6057|174|60068|216213|205884
12350|1299|3356|16735|2716
328964|23764|3356|174|20723|2852|202874
28624|61568|174|3130|47065|61574
196621|15576|174|60068|205884
60068|1299|6855|39904|202605
44324|32595|174|53667|199340
60011|3356|1299|10490|2722|12148|47065|61574
28917|6939|1299|23511
15605|6939|2852|61110
58308|6939|6830|23520|265580
4777|2516|1299|12956|212721
20932|174|3257|21034
139317|44324|32595|174|3573
207841|6939|2852|61110
139317|44324|32595|174|398734
19653|30600|1299|3920|206777
4826|1299|8551|20473|47065|61574
29691|13030|21320|5408|47065|61574
42541|62255|52091|206810|48687
31122|174|20473|47065|61574
41327|6830|60068|216213|205884
12307|29691|1299|6762|16735|273514
137409|174|60068|205884
28917|6939|1299|29066
199938|1299|174|22381|267470|263047|264389
48070|6939|15372
3170|6939|28917|20985
210312|4601|50869|34019|200162
3130|174|210329|215728
917|60068|1299|3920|206777
6762|174|3130|47065|61574
28917|6939|1299|3301|199215
36924|1299|37468|270551|263047
7474|7473|1299|34927|202827
61218|29632|12859|47065|61574
1299|6939|200303
29222|6939|50533|205427
12350|1299|3356|28370|28657
12307|29691|1299|6453|19318|201813
3170|6939|28917|21453|41783
1299|2914|226|47065|61574
7594|174|60068|205884
55222|174|6461|394737
28917|6939|1299|20473|27715
45049|6696|1299|56630|209944
45352|1299|60068|211571
28917|6939|50989|50683
15605|35598|52091
35426|33891|60068|211571
202032|58115|21263|212038
971|174|56630|209944
18106|174|60068|205884
24961|3320|1299|60068|197103|212080
28917|6939|1299|52468|264637
28917|6939|7018|22241|62714
23367|1299|4230|2716
132337|1299|3257|20473|47065|61574
29222|6939|212635
41722|12389|174|1916|47065|61574
34019|6939|2852|210498
28917|6939|6830|23520|272935|267846|273861
57866|1299|20473|47065|61574
37739|3491|174|5538|8194|29345
28917|6939|1299|52468|272936
8455|1299|6453|29208
50629|6939|215172|214955
6830|1299|1680|20473|47065|61574
3130|174|32595|44324
28917|6939|1299|39892
198385|174|60068|216213|205884
28917|6939|1299|20473|63313
48070|37468|53062|266493|61625
58308|6939|33891|211690
58057|174|37468|270551|263047
209650|34927|1299|60068|197103|212080
6830|3491|20473|47065|61574
16552|1299|3356|28370|267608
35008|1299|37468|60068|216213|205884
6762|174|5538|8194|29345
553|62255|52091|206810|213694
29222|6939|62000|208226|205778
55720|2914|1299|6855|39904
20130|23352|2914|174|8551|20473|47065|61574
6730|6830|174|210|47065|61574
40994|6939|29222|41495
39351|174|216211|211575
12859|34927|202532
28917|6939|1299|20473|38008
327727|174|35598|25308|28917|204076
199524|174|6461|394737
174|3257|19318|209896
28917|6939|6830|33915|208240
58308|6939|50629|207252|200229
28917|6939|1299|397516|44273
58308|35598|52091|206810|196638
47147|1299|56504|47674
31122|174|5538|8194|29345
52025|1299|6855|39904
202365|50673|33891|216067|44244
28917|20764|52091|206810|56766
29222|6939|215085
28917|6939|1299|14178|21433
210937|1299|1680|20473|47065|61574
36994|1273|174|3130|47065|61574
58308|6939|39791|49101|49244
8283|6939|2852|210498
41327|6939|15372|203592
28917|6939|1299|36352|40092
262427|174|3257|21034
29075|1299|12956|212721
42473|1299|174|20473|47065|61574
199524|3356|1299|6855|39904|47767
553|9002|12555|212247
16552|1299|3356|28370|263963
58308|6939|2852|48091
58308|6939|1299|15557
7713|174|14840|269288
59105|9370|2497|174|52468|271150
19151|174|50509|51032|41344|39707
12969|1299|56504|47674
23673|3356|174|210329|215728
51519|39351|174|3257|20473|47065|61574
28917|6939|3170|59410
13786|174|210329|215728
22652|1299|6855|39904|47767
47160|6939|28370|264426
36924|6762|174|37468|61568|266460|61625
263237|174|140227|44324|205369
42473|1299|56630|209944
6424|6939|30893
8283|20764|52091
7018|174|11432|271150
58308|6939|1299|16880
1403|577|174|204548|215728
1299|3356|22381|267470|263047|264389
58308|6939|15935|200844
40994|174|216211|211575
139317|44324|32595|174|8452|24835
58308|6939|1299|2589
2914|174|5538|8194|29345
34177|174|56630|209944
22652|1299|34927|202532
24516|3491|1299|3920|206777
58308|6939|8194|12509
50629|6939|28370|264426
24482|2914|1299|60068|216213|205884
1273|174|5538|8194|29345
28917|6939|1299|6855|3573
12779|62255|62379
328206|37739|3491|1299|34927|202532
61049|12859|47065|61574
38880|174|204548|215728
28917|6939|62000|198831|215784
6830|1299|20473|399970
48070|6939|50989
58308|6939|33891|200735
2914|1299|6855|39904|202605
174|13335|400095
29680|3257|1299|34927|202532
15562|2914|174|20723|2852|202874
58299|28917|215730|209693
41722|12389|174|52468|271150
47147|1299|6939|50989|33837
4764|1299|29695|206557
28917|6939|1299|20473|208393
12779|35598|52091|206810|196638
2734|13335|5408
139317|44324|32595|174|28546
28917|6939|1299|20473|139686
48070|1299|3356|28370|263535|268030
263152|174|60068|216213|205884
29075|174|20473|47065|61574
196621|6939|2852|210498
559|6939|59970
6453|30058|216211|44324|215172|214955
50628|6453|174|140227|44324|205369
62167|174|20723|2852|202874
513|174|140227|44324|205369
8283|20764|43298|48678|210574
20514|1299|3356|1680|44709
39392|33891|266493|61625
28917|6939|1299|23520|52286|264764|273041
58308|6939|1299|4637|1221
58308|6939|3170|215323
55720|3491|174|399697|39967|399697
3170|174|138997|216211|44324|205369
29222|6939|28917|25386
5405|28283|268744|2716
394256|174|37468|53062|266493|61625
58308|6939|208453
25220|1299|21351|60132
1764|1299|198949|35676
6720|1764|174|20473|47065|61574
196621|6939|28370|270962
57111|174|140227|44324|205369
34019|31564|174|35665|200906
34927|52025|174|6453|4755|7768
28917|6939|1299|23520|11556|52336
28917|6939|15372
210312|4601|50869|6939|16652
46450|1299|20473|399970
2516|1299|1680|20473|47065|61574
29680|174|210|47065|61574
21700|174|2914|20473|47065|61574
15547|174|12956|212721
56655|1299|21351|60132
8280|6762|174|5538|8194|29345
57695|917|60068|1299|34927|202532
28917|6939|1299|3301|203158
34927|1299|7545|20473|47065|61574
28917|6939|1299|273263
1299|174|37468|61568|266460|61625
58308|6939|1299|199524|51191
47147|1299|6939|28370|267608
196621|6939|28917|39238|49392|9098
202365|50673|33891|20473|47065|61574
8283|6939|2852|212876
48362|1299|3257|20473|47065|61574
58308|6939|1299|394353
35600|1828|12179|393398|3356|1299|23033|50131
39351|174|60068|205884
28917|6939|1299|20473|203943
6830|6939|25192
25160|1299|6855|39904|205968
5405|6939|33924
50629|20764|52091|206810|197643
58308|6939|6830|23520|52468|262179
37662|174|12956|212721
58308|6939|1299|206364
58308|35598|52091|206810|12773|44710
58057|174|3257|21034
46450|1299|174|20473|47065|61574
28917|6939|1299|60068|398991
327983|37497|3491|5408|47065|61574
44324|32595|174|57974|198963
3491|174|60068|216213|205884
28917|6939|1299|201319
64475|62255|52091|206810|197960
64475|62255|52091|206810|50204
7474|3257|1299|20473|47065|61574
28917|6939|1299|53981
3333|12859|3223|34224|12735
28917|6939|1299|20712
37100|33891|60068|211571
12779|35598|52091|59815|25299
398465|174|8551|20473|47065|61574
206499|34549|1299|6855|39904|47767
3130|174|3257|28917|215730|209693
59890|174|60068|197103|212080
198249|264409|61832|266460|61625
29222|6939|15962|50881
35426|215596|1299|3356|28370|264426
210312|4601|50869|52025|214323
7594|3356|1299|8551|44709
327782|37100|174|216211|211575
28917|6939|1299|36352|16628
12859|32787|202161
198385|174|60068|205884
35266|2914|174|20723|2852|202874
48185|2914|174|20473|47065|61574
28917|6939|1299|395035
6453|1299|6855|39904|199604
5405|8772|215536
29222|6939|15935|204860|203385
48070|6939|29222|513|20940
34549|174|1916|47065|61574
59890|174|399697|39967|399697
58299|62255|52091|206810|34786|41875
205206|1299|6855|39904
6057|174|8551|20473|47065|61574
140627|1299|6855|39904
49788|1299|3356|14840|269288
28917|6939|1299|265620|270111
28917|6939|1299|36352|27176|215120
8283|6453|60068|211571
57111|174|1299|12859|47065|61574
59890|60068|1299|198949|35676
34019|47160|174|22381|267470|263047|264389
207841|20764|43298|48678|210574
28917|6939|7018|16793
48362|1299|33891|216067|44244
14907|5405|47065|61574
174|3257|20473|47065|61574
20932|174|204548|215728
139317|44324|32595|174|60239
58308|6939|6830|23520|262191|273849
44324|32595|174|401486
31742|174|210329|215728
398465|174|11432|271150|272738
205206|1299|52320|7162|13878|52468|271150
29222|6939|553|212522
29222|6939|50629|207252|215147
58308|6939|1299|58321|43758
6830|6939|28370|270962
29504|15935|174|3257|19318|209896
852|1299|20473|47065|61574
28917|6939|1299|49222
13030|1299|201814|209896
58308|6939|1299|265583
140627|1299|6855|39904|199604
205206|1299|12956|212721
4601|50869|41051|207076
35369|1764|174|11432|271150
50304|1299|201814|209896
28917|6939|1299|205467
12969|1299|6855|39904|199604
7594|174|5538|8194|29345
35008|1299|6453|29208
58308|6939|33891|39257|209846
34927|1299|56504|47674
20811|52025|212895|210320
210312|4601|50869|52025|216096
57777|8298|25091|33891|60068|211571
8220|1299|3356|21320|5408|47065|61574
28917|6939|7018|6621|265705
58308|6939|1299|4226|401734
52025|174|52468|271150
29222|6939|553|212522|13335
17639|174|28189|266931|269250|271150
58308|6939|553|212522|63293
30781|1299|20473|399970
40994|6939|28917|47914
36924|1299|174|3130|47065|61574
49432|48362|1299|6204|44592|49581|209693
47147|1299|6855|50698
49788|174|216211|211575
15547|174|21320|5408|50148
3130|174|35598|52091|206810
12779|8772|396416
22652|1299|20473|47065|61574
29222|6939|28917|206011
13030|1299|10490|2722|12148|47065|61574
398465|4826|9002|21320|5408|47065|61574
44324|32595|174|32505|397370|6936
14907|1299|174|210329|215728
140627|1299|33891|216067|44244
196621|8758|8220|1299|20473|399970
263152|174|21700|399914
209|3356|1299|34927|202532
44324|32595|174|20473
7018|1299|12555|212247
12637|6939|2852|197451
13030|1299|56504|47674
328206|37739|3491|174|8551|20473|47065|61574
12779|6939|28370|28657
513|174|216211|211575
28917|6939|1299|8781|42298|214178
5413|1299|3257|19318|201813
4601|50869|6939|25192|29067
4764|1299|6855|39904|47767
57111|41327|7195|28260|270548|52794|52659
52873|12956|1299|6855|39904
15576|56630|209944
34927|52025|1299|29695|206557|208835
6830|3356|28370|53079
5713|174|20473|47065|61574
47160|174|52468|262393
16552|6453|174|210|47065|61574
59890|174|204548|215728
151326|174|3356|16735|273514
51873|6830|174|3130|47065|61574
50673|174|2914|226|47065|61574
4601|50869|52025|208915
31742|1299|7545|20473|47065|61574
58308|6939|5405|39614
12859|215551|30893
45049|6696|1299|7195|20473|47065|61574
24482|138997|216211|44324|215172|214955
25220|1299|20473|47065|61574
44324|32595|174|265612
30600|1299|6855|39904|199604
44324|32595|174|57961|205140|14789
23367|1299|34927|202827
49544|1299|174|20473|47065|61574
50673|174|210329|215728
139317|44324|32595|174|63154
39351|1299|3223|41327
59414|6830|3356|1680|44709
4601|50869|6939|2852|199711
57381|50304|1299|6855|39904|47767
64475|6939|30893|200690
37662|174|201814|209896
39122|1299|60068|216213|205884
32590|12956|1299|6855|39904|47767
59919|12779|174|52468|271150
29222|6939|199081
25160|1299|3920|206777
139317|44324|32595|174|14051|23431
1299|3356|16735|273514
6461|1299|20473|201423
7594|174|28189|266931|271615|273522|271150
20932|1299|2914|226|47065|61574
42473|1299|3356|28370|268521
3257|174|21320|5408|47065|61574
28917|6939|1299|23520|272935|273937
6424|28283|268744|2716
398465|1299|3356|28370|263535|268030
28917|6461|17378|8119
34288|1299|201814|209896
6667|33891|60068|211571
12552|33891|60068|211571
6720|33891|60068|211571
16552|37271|174|11432|271150
17639|174|22381|267470|263047|264389
5405|6939|39790
31510|174|3257|19318|201813
28917|6939|25192|20701
64475|9002|12555
29222|1299|33891|216067|44244
58299|8551|44709
207841|61049|174|8551|20473|47065|61574
32590|37100|1299|6855|39904|202605
34854|1299|3356|28370|264426
210312|4601|6939|28917|50009
35008|1299|174|20473|47065|61574
553|1299|3356|28370|263535
199524|1299|6855|39904|47767
28917|6939|1299|23520|272935|267705|271916
8529|6453|174|11432|271150
209823|47311|150249|153176
8220|1299|6453|19318|201813
139317|44324|32595|174|401958
209650|34927|1299|3356|28370|263060
28917|6939|1299|20473|395460
33891|20473|47065|61574
28917|6939|1299|265780|273827
47147|1299|174|140227|44324|205369
139317|44324|32595|174|14178|272300
57821|12586|3257|1299|3920|206777
4601|50869|41051|201445
15576|35598|52091|48158
41327|174|20473|47065|61574
207841|6939|28370|28657
553|62255|52091|206810|59815|25299
139317|44324|32595|174|265609
47147|1299|6855|39904|47767
6830|6939|196610
199524|3356|21320|5408|47065|61574
58308|35598|52091|206810|34786|34789|34786
20514|1299|3223|34224|12735
210312|4601|50869|6939|30893|13214
199524|174|13786|28343|2716
4601|50869|52025|214508
59689|30781|33891|216067|44244
3333|1273|174|52468|271150
28917|8359|57304|48707
34927|56655|1299|22773|8119
20764|174|1916|47065|61574
28917|6939|1299|9584
559|37468|270551|263047
12956|1299|20473|399970
6461|174|5538|8194|29345
64475|3320|1299|17676|216211|44324|205369
50629|6939|28370|270962
398465|1299|3356|28370|267556
6830|6939|28370|268521
35600|6939|30893|200690
29222|6939|48678|209828
4601|6939|28917|8491
199938|1299|17676|216211|44324|205369
44324|32595|174|16637|36974|20940
47160|6939|54429|401894
41666|20764|52091|206810|56766
139317|44324|32595|174|35598|204490|215330
28917|6939|1299|20473|25848
3491|174|210329|215728
59414|13030|33891|216067|44244
28917|6939|1299|23520|262191|27845
198249|9002|34927|202827
14907|1299|2914|226|47065|61574
5405|49581|209693
42541|1680|44709
1299|6939|28370|268521
8220|3491|1299|20473|47065|61574
28917|6939|1299|20473|139216
58308|6939|6830|23520|264847|64150|20940
15605|6939|29222|513|20940
210312|4601|50869|34019|212351
58308|6939|1299|3301|203158
7018|3356|28283|268744|2716
263152|174|2914|12859|47065|61574
16552|1299|8551|44709
327727|174|13786|28343|2716
20912|174|60068|211571
852|174|5538|8194|29345
210312|4601|50869|6939|25192|26710
12969|1299|6453|19318|209896
5405|6939|2852|212876
44324|32595|174|394542|20432
2500|2914|1299|6855|50698
58308|6939|1299|203846
34927|52025|174|37468|61568|266460|61625
63927|1299|174|20473|47065|61574
6830|3257|20473|47065|61574
58308|6939|41720|198747
6082|174|8551|20473|47065|61574
3170|174|5538|8194|29345
58057|1836|1299|198949|35676
41327|174|216211|211575
58308|6939|6830|23520|28088
57381|50304|1299|6453|29208
20764|174|3130|47065|61574
207841|57463|14840|2716
139317|44324|32595|174|399893
34800|58057|50673|174|216211|211575
6424|6939|28917|24651
64475|3320|1299|201814|209896
207841|6939|28370|263535
28917|6939|3170|57782
58308|6939|263047|268105
35008|1299|52320|7162|13878|52468|271150
6730|6830|174|22381|267470|263047|264389
44324|32595|174|201102
58308|6939|1299|54528
34927|52025|32097|32787|202161
44324|32595|174|48519
48362|1299|12956|212721
6830|3356|28370|268521
12859|35598|52091|206810|214210
28917|6939|1299|20473|396476
39351|174|3130|47065|61574
58308|6939|1299|23511
59414|3303|174|60068|205884
58308|6939|24796
12779|29632|215536
36994|1273|174|20473|47065|61574
7713|174|34927|202827
42541|20473|47065|61574
6667|12859|47065|61574
971|174|35598|25308|28917|204076
20253|1299|174|210329|215728
6423|20055|174|37468|61568|266460|61625
28917|6939|1299|212582
148968|1299|12956|212721
64475|6939|28370
3333|1273|174|52468|262393
64475|3320|1299|20473|201423
7594|174|204548|215728
25160|1299|6939|24796|63293
38001|3491|174|11432|271150|272738
6424|6939|28917|48084
29680|174|20723|2852|202874
34019|29169|1299|8551|44709
25152|2497|174|37468|61568|266460|61625
4601|6939|28917|198297|51081
5405|1299|17676|216211|44324|205369
50629|215551|30893|205166
28917|6939|3170|215453
7594|174|28283|268744|2716
58308|6939|1299|60068|206150
51873|6830|2914|226|47065|61574
28917|6939|1299|46261|46978
199524|1299|3356|28370|263060
206356|50629|3223|41327
12389|1299|3920|206777
58308|6939|5405|49910
12969|1299|174|204548|215728
207841|37468|60068|216213|205884
12779|35598|52091|206810|57164
58057|50673|174|22381|267470|263047|264389
9044|1299|3920|206777
4601|50869|44324|211729
29222|6939|198101
2516|1299|34927|202532
20514|1299|174|204548|215728
7018|1299|8551|20473|47065|61574
64475|62255|52091|206810|12773|44884
44324|32595|174|398156
32590|174|20473|47065|61574
577|1299|1680|20473|47065|61574
28917|6939|1299|23520|52471
34927|52025|174|201814|209896
8283|6939|30893|9423
3320|1299|7195|11432|271150
64475|6939|54429
327960|174|3356|3223|34224|12735
35426|33891|44592|49581|209693
28917|6939|1299|398044
28917|6939|1299|20473|153057|153172
58308|6939|1299|20473|214921
37271|174|60068|216213|205884
28917|6939|1299|14080|10620
25152|2497|174|60068|216213|205884
58308|6939|5405|207137
1031|999|6453|174|60068|216213|205884
139317|44324|32595|174|401847
44324|32595|174|207498
58308|6939|9136|206236|207921
28917|6939|7018|54097
29222|6939|31263
58057|174|140227|44324|205369
58308|6939|215782
58299|62255|52091|206810|214218
12779|174|216211|211575
48070|6939|28917|21453|41783
35600|35598|52091|206810|59815
20205|1299|4230|2716
41666|31133|12389|28917|8905|42132|56779
47147|1299|6939|50989
58308|6939|7018|28469
139317|44324|32595|174|53667|44421
42541|31133|12389|28917|8905|42132|56779
210312|4601|50869|41051|213286
20205|1299|4230|52654|266493|61625
327804|37271|174|216211|211575
28917|6939|6830|23520|52468|274006
40994|6939|196610|48927
48919|174|60068|216213|205884
58308|6939|6830|8560
49544|3356|174|5538|8194|29345
64475|6939|28917|39238
3130|174|3356|1680|44709
35600|6939|2852|210498
4601|50869|215828|51202|215828
58057|50673|174|1299|20473|399970
29222|6939|12779
28917|6939|1299|1280
40994|6939|28917|39153
44324|32595|174|201050
58308|6939|29208|206785
2152|3356|1299|6855|39904|47767
139317|44324|32595|174|3819
35280|1299|20473|47065|61574
1828|33891|216067|44244
28917|6939|1299|208905|199270
139317|44324|32595|174|29727
6424|6939|28370|268521
15576|174|60068|197103|212080
58308|6939|1299|3301|29217
29680|174|21320|5408|50148
4181|1299|29695|206557
28917|6939|1299|9141
6461|1299|20473|399970
327960|174|3356|8119
49432|48362|1764|5405|266493|61625
28917|6939|1299|262206|262197|3573
35008|1299|3257|20473|47065|61574
25160|1299|8551|44709
327983|37497|3491|174|3130|47065|61574
50304|1299|6855|50698
50629|20764|52091|206810|210063
4601|50869|58299
271253|6453|1299|3920|206777
207841|6939|28917|198297
148968|1299|3223|41327
20764|174|6453|29208
29222|6939|35133|149020
19151|174|21320|5408|47065|61574
28917|43350|60503|268746|61625
209650|34927|1299|17676|216211|44324|205369
34019|29632|215536
3214|2603|21320|5408|47065|61574
37662|174|28189|266931|271615|273522|271150
50300|174|3130|47065|61574
6830|174|21320|5408|47065|61574
12779|7195|20473|47065|61574
20253|1299|35598|52091|206810
58308|6939|1299|15133
204092|6939|28370|263535
215596|62000|215551|30893|13214|35634
263237|174|35598|52091|206810
28917|6939|1299|44654
3214|1299|174|1916|47065|61574
3399|5511|1299|20473|201423
28917|6939|1299|23520|264821|271982
29222|6939|202585|215842
58308|6939|50629|211664
917|60068|1299|6855|39904|202605
139317|44324|32595|174|202075
139317|44324|32595|174|56718
55720|3491|174|20723|2852|202874
28917|6939|1299|60068|197103|262160
971|174|3257|21034
21700|3257|1299|12859|47065|61574
19151|174|60068|216213|205884
51185|6762|174|201814|209896
50629|20764|29049|49666|205647|49801|204533
394256|174|20473|47065|61574
45049|6696|1299|7545|20473|47065|61574
49544|1299|6855|39904
58299|62255|52091|206810|202497
49544|2914|174|11432|271150|272738
58308|6939|6830|199524|51191
6461|174|21700|399914
328840|327727|174|28189|266931|271615|273522|271150
6730|6830|2914|226|47065|61574
28917|6939|1299|197205
4826|1299|3920|206777
204092|6939|28370|268198
28917|6939|1299|7979
44324|32595|174|54113
58308|6939|32097|33387
58308|6939|33891|197999
45049|6696|1299|34927|202827
140627|1299|4230|52654|266493|61625
199524|1299|35598|25308|28917|204076
12779|35598|52091|206810|59815
139317|44324|32595|174|6914
20253|1299|7195|20473|47065|61574
34019|6939|42695|52011
62167|174|201814|209896
6424|6939|15372|203592
44324|32595|174|51551|44971
13237|33891|216067|44244
15935|6830|60068|216213|205884
28917|6939|1299|19332|273255
28917|6939|25400|15765|203673
3356|6830|60068|216213|205884
58308|6939|6830|23520|272935|28053
328840|327727|174|56630|209944
1267|6762|174|37468|61568|266460|61625
28917|6939|7018|11483
28634|4230|174|20723|2852|202874
3320|1299|3216|51032|41344|39707
20932|1299|35598|25308|28917|204076
28917|6939|1299|38077
31742|1299|3356|28370|263535
1299|2914|1916|47065|61574
8220|1299|3356|28370|28657
1764|174|5538|8194|29345
196621|8758|15576|174|52468|271150
51873|6830|174|140227|44324|205369
204092|6939|28917|12668
14907|1299|8551|44709
136557|174|3356|9002|12555
202365|50673|174|399697|39967|399697
58308|6939|1299|205890
12307|29691|1299|20473|201423
28917|6939|1299|3249|43937
24516|174|35598|52091|206810
7018|174|60068|205884
204092|34019|28283|268744|2716
58308|6939|6830|23520|272012
41327|6939|30893|199580
204092|30781|1299|198949|35676
64475|9002|12555|48430
35008|1299|4230|2716
44324|32595|174|53667|401727
34019|20764|43298|48678|210574
58308|6939|6830|23520|22933
5405|6939|30893|200690
58308|6939|50533|33808
58308|6939|6830|23520|264663
58308|6939|1299|394102|400326
34019|137409|63473|200790
50628|1299|6461|394737
11039|6461|174|204548|215728
32653|3741|174|14840|2716
50628|1299|10490|2722|12148|47065|61574
210312|4601|50869|34019|209090|211781
50628|6453|174|60068|216213|205884
50629|6939|54429
20253|1299|13335|400095
36924|1299|20473|201423
34549|52025|212895|210320
5405|62255|52091|206810|210063
553|1299|37468|270551|263047
50300|174|5538|8194|29345
35600|6939|28917|9110
50300|174|20723|2852|202874
7922|174|52468|271150
62000|1680|44709
215596|1299|7195|28343|2716
199938|1299|3356|28370
50673|174|138997|216211|44324|205369
14907|1299|6453|29208
12859|1299|7545|20473|47065|61574
40994|6939|30893|13214|35634
28917|6939|7018|10439
4601|50869|34019|209523
39122|174|140227|44324|205369
58299|20473|47065|61574
196621|6939|28370
210312|4601|6939|28917|48084|35816
29222|6939|47160|213095
58308|6939|8194|29345
1299|917|214598
35600|23764|35168|212999
41327|6939|2852|200874
37105|37662|1299|8551|44709
28917|6939|1299|23520|263785
139317|44324|32595|174|12189|207134
13830|971|174|60068|211571
209650|34927|9002|21320|5408|47065|61574
4601|50869|41051|200221
13830|971|174|6453|19318|201813
12956|1299|56630|209944
44324|32595|174|42313|212766
59105|2518|1299|6855|39904|202605
210312|4601|50869|6939|42695
28917|6939|1299|20473|211321
33891|8943|200636
5405|62255|52091|206810|35273
1299|6939|196610|48927
205112|33891|216067|44244
4181|1299|20473|47065|61574
204092|6939|28917|35539
49028|1299|3356|16735|2716
2914|1299|35598|52091|206810
8455|1299|6855|39904|202605
29140|286|33891|216067|44244
6908|174|204548|215728
210312|4601|50869|213768|204768
15576|174|1916|47065|61574
50628|3356|174|210|47065|61574
58308|6939|56595|202590
174|3356|16735|273514
41666|20764|52091|206810|211101
50304|1299|6453|4755|7768
4601|50869|51087
136557|174|3356|8551|44709
28917|6939|1299|16509|14618
2914|1299|25091|8298|4601|4492
28917|6939|7018|11992|35892
64475|4601|4492
58308|6939|54429
1103|20965|5408|47065|61574
48070|6939|28917|48084|199961
397131|60011|3356|174|3130|47065|61574
7018|3356|28370|28657
42541|62255|52091|206810|12773|44884
29169|1299|20473|201423
42541|31133|12389|28917|8905|42132
49028|1299|21351|60132
12859|47311|150249|153176
28917|6939|1299|20473|214160
266213|3356|1299|34927|202532
29222|6939|3170|214670
34854|1299|29049|49666|205647|49801|204533
28917|6939|1299|3249|200425
58308|6939|553|204680|208974
196621|15576|174|3130|47065|61574
204092|1680|44709
28917|6939|1299|208905|212616
28917|6939|207995
28917|6939|1299|20473|44446
213151|34549|3257|1299|20473|47065|61574
139317|44324|32595|174|28511
35266|2914|12859|47065|61574
5511|1299|20473|201423
210312|4601|50869|34019|203432
4601|50869|205929
6730|6830|3257|20473|399970
28917|6939|1299|8697|8376
49432|48362|1299|56504|47674
29222|6939|48678|213407
398465|1299|3356|16735|2716
22652|63018|174|210329|215728
262427|174|204548|215728
58308|6939|1299|200217
19653|30600|1299|198949|35676
28917|6939|1299|20473|214871
48070|6939|28370|269016
210312|4601|50869|215828|51202|215828
2497|174|60068|211571
15576|174|11432|271150
28917|6939|3170|212806
51184|1764|174|204548|215728
207841|6939|28917|39153
14907|1299|6855|50698
13237|1299|201814|209896
12956|174|37468|61568|266460|61625
6730|6830|3356|56630|209944
210312|4601|50869|56381
41327|6939|28370|267556
139317|44324|32595|174|395301
16552|1299|16276|203019
23367|1299|22773|8119
34177|1299|3356|28370|267556
553|1299|6453|19318|201813
58308|20764|29049|49666|205647|49801|204533
40994|174|8551|20473|47065|61574
6424|6939|33924
48919|174|399697|39967|399697
139317|44324|32595|174|395461
139317|44324|32595|174|262287|28666|53231
28917|6939|1299|60068|197103|202706
29222|6939|28917|48084|35816
12637|6939|39790
3170|6939|25192|29067
28917|6939|1299|158
63018|174|210329|215728
28917|6939|1299|20473|212279
20130|23352|2914|12859|47065|61574
58308|6939|1299|62214
7018|1299|8551|44709
139317|44324|32595|174|207234
12859|4657|38001|25192
34854|1299|20473|399970
12637|6939|54429
12637|35598|52091|206810|211692|214268|197578
44324|32595|174|16921
28917|6939|1299|20473|28715
45049|6696|1299|10490|2722|12148|47065|61574
28917|6939|1299|23520|27884
58308|6939|8194
28917|6939|59689
271253|6453|174|32595|44324
20811|28716|1299|56504|47674
28917|6939|1299|199408
55222|1299|6855|39904
28917|6939|25400|25225
210312|4601|6939|28917|47759
48070|6939|2852|204772
44324|32595|174|36667
1273|174|210|47065|61574
28917|6939|1299|13876|400097
2497|174|60068|216213|205884
58308|6939|7018|19645
207841|6939|30893|200690
2516|1299|917|214598
23367|1299|17676|216211|44324|205369
3170|6939|196610
15547|174|6453|29208
8218|6461|174|37468|61568|266460|61625
35280|6453|174|11432|271150
6730|6830|6762|267470|263047
28917|6939|1299|396986
204092|6939|28917|8491
29222|6939|7018|396973
6830|6762|16735|273514
13237|1299|3356|28370|264426
56987|174|22381|267470|263047|264389
58299|62255|52091|206810|213694
3214|1299|3223|34224|12735
12859|35598|52091|206810|211692|214268
39122|1299|6762|267470|263047
206499|34549|1299|3223|41327
57111|41327|201376|199881
559|35598|52091|206810|211692|31069
28917|6939|1299|210892
23352|2914|174|210|47065|61574
57111|41327|19318|201813
44393|394256|174|52468|262393
8220|1299|3356|28370|267556
15576|174|204548|215728
20764|174|56630|209944
1299|5511|60068|206406|210557
328840|327727|174|6453|19318|201813
37053|37100|6762|174|37468|61568|266460|61625
58308|6939|6830|23520|262202
50629|20764|52091|206810|39089
37100|1299|3920|206777
29222|6939|268944
44324|32595|174|15235
2027|47160|174|28189|266931|269250|271150
58308|6939|1299|1759|51188
5405|6939|28370|269016
15605|20473|30893
58308|6939|7018|30382
20080|2914|1299|6855|39904|199604
206356|50629|264409|61832|266460|61625
44324|32595|174|215656
140627|1299|3356|28370|264426
7594|174|21320|5408|47065|61574
29075|1299|3920|206777
49028|1299|6461|394737
24516|3491|1299|20473|47065|61574
58308|6939|61618|268364
206356|50629|1299|20473|201423
8220|1299|174|21700|399914
28917|6939|1299|20473|42692
44393|394256|174|2914|226|47065|61574
20612|9044|1299|60068|197103|212080
23367|1299|6855|39904|47767
58308|35598|52091|206810|211692|214268|196977
58308|6939|1299|20473|201235
35280|2914|12859|47065|61574
559|35598|52091|206810|24881
553|1299|6762|49666|58224|214805
50304|1299|6762|49666|58224|214805
58308|6939|1299|40785
327960|174|35598|52091
1031|999|6453|1299|3920|206777
7018|6939|2852|210498
28917|6939|1299|208328
513|174|2914|20473|47065|61574
50877|5405|6939|30893|204789
139317|44324|32595|174|3356|7195|52863
28917|6939|1299|30148
28917|6939|1299|43927
6461|174|35598|52091|206810
37468|174|201814|209896
58308|6939|1299|20473|205417
12859|6830|60068|216213|205884
49788|1299|917|214598
58308|6939|1299|209847
34800|58057|50673|8283|47065|61574
28917|6939|1299|37662|329629|30844
3491|138997|216211|44324|215172|214955
49028|1299|6453|4755|7768
58308|6939|1299|43893
36924|1299|201814|209896
12586|3257|174|216211|211575
204092|6939|2852
58308|6939|50629|207252|214999
1299|6762|1680|44709
29222|6939|35133|57706
6424|6939|28917|8491
210937|1299|20473|399970
12956|1299|8551|44709
48070|6939|2852|213152
6730|6830|5511|49666|58224|214805
3170|6939|28917|34784
48070|1299|3356|28370|267556
553|6939|30893|205563
52025|32097|20473|399970
31742|1299|3257|20473|47065|61574
62167|3356|1299|20473|47065|61574
14315|174|7311|835|394273
29222|6939|41327
52873|12956|174|20473|47065|61574
17350|2914|174|20473|47065|61574
28917|6939|1299|32934
3170|6939|28370|28657
15547|174|37468|270551|263047
28917|6939|1299|20473|48231
2516|1299|37468|60068|216213|205884
50877|5405|6939|30893|205563
8220|1299|8943|200636
35008|1299|7195|28283|268744|2716
14537|174|210329|215728
6696|1299|20473|201423
28917|6939|1299|23520|272935|263730
34019|6939|24796|63293
48070|1299|60068|216213|205884
34019|47160|174|8551|20473|47065|61574
205112|50629|6939|24796
51184|1764|1299|198949|35676
8283|6939|2852
35598|202984|6762|174|37468|61568|266460|61625
28917|6939|1299|31108
3320|1299|13335|400095
31742|1299|3356|28370
7018|6939|200303
8758|3303|174|52468|271150
23367|1299|3356|28370
50304|1299|37468|270551|263047
58308|6939|50989
44324|32595|174|199297
44324|32595|174|395461
58308|6939|1299|55285
14537|33891|216067|44244
139317|44324|32595|174|44166
199524|1299|8551|20473|47065|61574
42473|1299|6453|1031|61568|266460|61625
210312|4601|7195|11432|271150|272738
44324|32595|174|16843
44324|32595|174|54002
32590|1299|33891|216067|44244
4601|8298|25091|1299|20473|47065|61574
151326|174|7311|835|394273
28917|6939|1299|20473|214660
8220|1299|20473|201423
6730|6830|1299|198949|35676
64475|37271|20473|47065|61574
139317|44324|32595|174|2149
44324|32595|174|6461|2000
12859|1299|174|21700|399914
28917|6939|1299|21976|88
58308|6939|1299|20473|51191
12969|1299|3356|28370|267556
29222|6939|15372
3399|5511|174|11432|271150|272738
139317|44324|32595|174|44297
6908|1299|34927|202532
9268|4764|1299|20473|399970
58308|35598|52091|59815|25299
199524|6762|174|3130|47065|61574
6461|174|3130|47065|61574
553|6939|50989|33837
6762|174|22381|267470|263047|264389
21412|1299|8551|44709
1280|1299|174|37468|61568|266460|61625
7018|3356|14840|269288
4601|6939|28917|39238
204092|30781|3356|174|20473|47065|61574
28917|6939|1299|29264
39351|1299|4637|20473|47065|61574
6830|12956|21351|60132
50629|37468|53062|266493|61625
2734|18678|22381|267470|263047
139317|44324|32595|174|24429
210312|4601|50869|44324
3320|33891|216067|44244
210312|4601|50869|200242
198385|174|3130|47065|61574
8455|1299|34927|202532
20514|1299|56504|47674
28917|8359|57304|15935|204860|201931
37239|37468|174|204548|215728
15605|6939|39790
11039|6461|1299|8551|20473|47065|61574
3216|1299|6855|39904
28917|6939|1299|15830|396893
58057|34549|1299|33891|216067|44244
210312|4601|50869|34019|201080
29222|6939|47160|210979
44324|32595|174|400701
14537|52925|3356|1299|6855|39904|199604
198385|174|1916|47065|61574
60326|34927|1299|17676|216211|44324|205369
205206|1299|21351|60132
204092|6939|54429|401894
7018|1299|6855|39904
3170|6939|2852|200874
48185|1299|7545|20473|47065|61574
59919|12779|28283|268744|2716
37468|174|5538|8194|29345
139317|44324|32595|174|207096
8220|1299|6855|39904|199604
42541|62255|52091|206810|211692|214268
48362|1299|174|60068|216213|205884
852|3491|5408|47065|61574
28917|6939|1299|36692
3741|174|14840|2716
41327|6939|2852|61110
52873|12956|174|3130|47065|61574
6830|6939|60432
4601|50869|34019|212783
41327|16164|36032
20205|1299|20473|201423
44324|32595|174|18978
58308|6939|1299|3301
174|3356|28370|28657
139317|44324|32595|174|399646|55223
28917|20764|52091|59815|25299
52025|174|3356|16735|2716
6424|53062|266493|61625
12859|6939|29222
28917|6939|1299|36243
50673|174|22381|267470|263047|264389
29222|6939|200995
4601|50869|199177
28917|6939|1299|52468|271933
210312|4601|50869|6939|30893|205563
132825|174|204548|215728
28917|6939|1299|198949|209830
20205|174|21320|5408|47065|61574
28917|6939|1299|21859|137443
51873|6830|174|8551|20473|47065|61574
327960|327782|37100|174|3130|47065|61574
34177|3356|1299|6855|39904
199938|1299|12859|47065|61574
28917|6939|1299|14586
4181|1299|29695|206557|204503
28917|6939|1299|39386|25019
139317|44324|32595|174|27258|399252
45049|6696|1299|198949|35676
4601|50869|205848
6424|52898|263047|268105
28917|6939|1299|32097|26329
58308|6939|1299|19750
2914|1299|8551|44709
51088|8455|1299|8551|20473|47065|61574
28917|6939|1299|27563|396141
42541|16276|203019
32590|1299|34927|202827
58308|35598|52091|206810|59815
28917|6939|8943|44671
19151|174|20473|47065|61574
12637|6939|2852|200874
58308|6939|1299|212175
58057|174|12956|212721
28917|6939|25192|29067
58308|6939|1299|46475|59730
210937|1299|3356|28370|263060
38880|174|201814|209896
16552|1299|174|14840|269288
34019|29169|174|20473|47065|61574
47147|3320|1299|37468|53062|266493|61625
136557|174|35598|52091|48158
57111|174|3130|47065|61574
58308|6939|7018|4185|13979|14298
51873|6830|174|52468|271150
852|174|60068|216213|205884
49544|1299|174|204548|215728
328840|327727|174|204548|215728
559|33891|44592|49581|209693
28917|6939|1299|20473|54148
50629|20764|52091|206810|196767
210312|4601|6939|28917|39238
35280|6453|174|11432|271150|272738
64475|62255|52091|206810|56915
13030|1299|4230|2716
4601|50869|6939|39790
58308|6939|1299|32270|27887
7195|33891|216067|44244
210937|1299|12956|212721
58308|6939|28917|204623
2516|1299|8551|20473|47065|61574
63927|1299|6762|267470|263047
41666|20764|52091|206810|210063
210312|4601|50869|41051|212164
852|1299|3920|206777
35600|35598|52091|206810|34786|41875
28917|6939|1299|25899|400338
12637|20764|43298|48678|213865
50673|174|28283|268744|2716
50628|1299|3257|60068|206406|210557
7474|7473|1299|7195|20473|47065|61574
55222|1299|4230|52654|266493|61625
28917|6939|1299|835|52025|50224
58308|6939|202297|200299
12956|174|60068|205884
1828|1299|198949|35676
44324|32595|174|214206|18636
44324|32595|174|209847|26383
29222|6939|29670|59645
6424|6762|2914|12859|47065|61574
52925|3356|1299|198949|35676
50304|1299|174|210329|215728
28917|6939|7018|20057
28917|6939|1299|60068|62651
28917|6939|7018|14381
14907|1299|60068|197103|212080
209650|34927|1299|3356|28370|263535|268030
56655|1299|12956|212721
6830|1299|6855|39904
3170|208972|210538|6775|13030|4637|133398
41327|21700|399914
31510|174|60068|216213|205884
6453|174|22381|267470|263047|264389
9002|21320|5408|47065|61574
40994|57463|41327|60989
40994|6939|28917|28775
37497|1299|6855|39904|47767
35600|6939|28917|6789
14315|6453|1299|3920|206777
4775|1273|174|37468|61568|266460|61625
202365|50673|174|2914|20473|47065|61574
28917|6939|1299|52468|273877
32595|174|3130|47065|61574
9044|1299|3223|41327
204092|6939|215172|214955
44324|22356|52468|271150
39392|33891|34927|202532
49544|3356|174|140227|44324|205369
58308|6939|7018|401291
2518|1299|201814|209896
44324|32595|174|53667|211233
41327|6939|28370|264426
55222|1299|3223|41327
559|7195|28260|270548|52794|52659
262427|174|35598|52091|206810
31742|174|1916|47065|61574
28917|6939|1299|20473|133555
58308|6939|47160|213095
57695|917|60068|174|399697|39967|399697
12637|35598|52091|206810|50204
12637|174|21320|5408|47065|61574
35600|35598|52091|48158
49028|1299|33891|216067|44244
58308|59689|30781|1299|10490|2722|12148|47065|61574
28917|6939|1299|25899|33236
4764|1299|20473|399970
3170|33891|216067|44244
36924|1299|6855|39904|202605
58308|6939|28370|268198
6730|6830|174|11432|271150|272738
28917|6939|32097|54203
40994|6939|28917|50923
28917|6939|1299|20473|199695
64475|1680|44709
5511|2914|12859|47065|61574
39351|174|7545|20473|47065|61574
139317|44324|32595|174|12222
6830|174|3130|47065|61574
328964|3491|1299|22773|8119
12969|33891|60068|211571
6762|1299|6855|39904|202605
28917|6939|1299|214002
41327|33891|216067|44244
35426|39801|5511|174|21700|399914
2497|174|210329|215728
6730|6830|3356|28370|268521
28917|6939|1299|7195|266409|61768|274675
32595|174|20473|47065|61574
2516|1299|201814|209896
139317|44324|32595|174|136493
29222|6939|29208|196653
22652|1299|3356|28370
30781|1299|20473|201423
58308|6939|1299|49788|212514|214909
12637|6939|30893|13214
20912|12637|174|20473|47065|61574
58308|6939|8194|201547
39122|1299|60068|197103|212080
22652|33891|60068|211571
29222|6939|53764
199524|1299|6762|1680|44709
52320|1299|20473|47065|61574
3170|6939|2852|197277
139317|44324|32595|174|327727
6424|14840|269288
139317|44324|7720|10111|1299|60068|197103|212080
196621|58115|21263
31510|174|3257|21034
210312|4601|50869|58299|41051|49867
39120|174|6453|4755|7768
139317|44324|32595|174|140627|17456
12859|215551|30893|205563
6830|3356|28370|268198
47147|1299|7195|11432|271150
48362|1299|6762|267470|263047
6453|174|10490|2722|12148|47065|61574
56655|1299|6762|49666|58224|214805
44324|32595|174|62628
58308|6939|42184|204702
58308|6939|29222|207688
6830|6939|2852|197451
58308|6939|7018|394102
17350|2914|1299|198949|35676
3741|174|56630|209944
49605|6762|1299|3920|206777
60068|174|210|47065|61574
58308|6939|1299|36352|399122
29222|6939|553|204680|202539
8455|1299|6453|4755|7768
210312|4601|50869|34019|205816
174|35598|52091
20932|1299|21351|60132
16552|1299|3356|16735|273514
198249|7195|20473|47065|61574
35426|215596|1299|6461|394737
47147|1299|6939|28370|28657
6730|6830|3257|8551|44709
28917|6939|53764
37468|174|204548|215728
210312|4601|50869|41051|213422
58308|6939|6830|23520|272935|273948|274204
31122|6453|1299|20473|47065|61574
917|60068|174|34927|202827
852|1299|29695|206557
57866|1299|1680|20473|47065|61574
9268|4764|174|37468|61568|266460|61625
28917|6939|6830|23520|52468|52242
28917|6939|1299|23520|263714
139317|44324|32595|174|57492
29222|6939|7018|16576
12307|29691|1299|6453|19318|209896
35426|215596|1299|198949|35676
12779|6939|200070
58308|6939|6830|23520|272935|267846|273861
58308|6939|1299|18734|20940
28917|6939|263047
34854|1299|37468|53062|266493|61625
327983|37497|3491|174|37468|61568|266460|61625
398465|174|32595|44324
28917|6939|1299|6855|208414
28917|6939|7018|32629
44324|32595|174|55410|24023
136557|174|35598|52091
6730|6830|3257|37468|270551|263047
8283|29632|215536
6830|174|399697|39967|399697
30600|174|52468|262393
328512|5713|3491|174|37468|61568|266460|61625
31742|1299|60068|216213|205884
41722|20485|1299|6855|39904
15935|6461|210|47065|61574
28917|6939|1299|20473|61387
12637|6939|28370|263060
7660|2516|1299|3920|206777
23367|1299|6762|267470|263047
22652|174|28189|266931|269250|271150
44324|32595|174|91
16347|1299|6855|39904|202605
6830|6939|58308
8529|1299|1680|20473|47065|61574
34019|3303|174|60068|205884
20612|9044|174|52468|271150
38880|6762|174|3130|47065|61574
47160|174|11432|271150
49544|6830|60068|216213|205884
34927|1299|198949|35676
207841|28283|268744|2716
58308|35598|52091|206810|196767
15547|174|3356|28370|28657
58308|6939|1299|11492
394256|174|52468|271150
209|3356|1299|6855|39904|47767
57695|917|60068|174|34927|202827
34927|56655|1299|60068|197103|212080
28917|6939|2852|61110
28917|6939|1299|20473|210041
49544|1299|10490|2722|12148|47065|61574
8220|1299|3356|21320|5408|50148
16552|1299|174|22381|267470|263047|264389
3130|174|10490|2722|12148|47065|61574
216285|8280|6762|174|210|47065|61574
18106|174|210|47065|61574
210312|4601|8298|25091|6453|174|20473|47065|61574
35008|1299|3223|41327
12637|35598|52091|206810|8274
50673|174|5459|200070
13030|1299|3257|19318|209896
24482|33891|216067|44244
513|29222|6939|273556
64475|62255|52091|206810|12773
559|35598|52091|206810|210063
58308|6939|28917|48084|59833
210312|4601|50869|6939|393682
59689|29075|1299|174|37468|61568|266460|61625
40994|57463|41327|205032
3320|1299|201814|209896
58308|6939|6830|33915|209390
5413|1299|174|3130|47065|61574
28917|6939|1299|25899
8359|1299|6855|39904|47767
28917|6939|1299|60068|204903
28917|6939|1299|60068|197103|400903
210312|4601|14840|269288
553|1680|44709
207841|6939|28917|50009
57111|174|6453|9498|20473|47065|61574
42541|62255|52091|206810|57164
58308|6939|1299|208905|198256
15605|35598|52091|206810|50204
28917|6939|1299|59796|39010
35426|215596|1299|6762|267470|263047
12637|6939|15372|203592
28917|6939|7018|396169
8283|6939|50989|50683
44393|394256|174|1916|47065|61574
34177|3356|1299|10490|2722|12148|47065|61574
151326|174|35598|52091|48158
398465|1299|6855|39904|47767
6830|3356|28283|268744|2716
199524|174|3257|8551|44709
49788|1299|7545|20473|47065|61574
25152|2914|1299|8551|44709
35426|215596|174|14840|269288
553|6939|60432
58308|6939|15962|21433
28917|6939|1299|20473|49688
21232|13030|1299|6453|29208
28917|6939|1299|8551|13335
210312|4601|9002|8772|396416
4601|50869|58299|49585
20130|23352|2914|174|37468|61568|266460|61625
139317|44324|32595|174|206262
6082|174|3130|47065|61574
58308|6939|1299|44180
44393|394256|174|37468|61568|266460|61625
28917|6939|1299|43893
198385|174|3356|28370|28657
215596|1299|3223|41327
20932|1299|6453|29208
51088|8455|1299|198949|35676
22355|30844|21320|5408|47065|61574
2734|142111|152672|174|3257|40676|40812
559|7195|20473|47065|61574
52320|1299|2914|226|47065|61574
32590|1299|10490|2722|12148|47065|61574
12637|35598|52091|206810|211101
4777|2497|1299|8551|44709
23367|1299|35598|52091|206810
12779|35598|52091|206810|196638|42702
2497|1299|22773|8119
29504|39392|174|1299|20473|201423
210937|1299|174|210329|215728
53828|2914|174|60068|205884
20253|1299|4637|20473|47065|61574
29222|6939|41073
44324|32595|174|45557
58308|6939|6830|23520|64126|272971
28917|6939|1299|7843|11427|54201
44324|32595|174|36236|6838
40387|1299|35598|52091|206810
11845|37468|1299|3920|206777
28917|6939|29222|41495
5713|33891|216067|44244
174|1299|198949|35676
28917|6939|60432
42541|4601|4492
29222|6939|7018|40289
2027|47160|174|140227|44324|205369
2734|142111|152672|174|3257|40676|397423|400402|62564
4601|50869|34019|201080
205206|1299|6762|49666|58224|214805
20912|12637|1299|34927|202532
58308|6939|9136|206236|208183
132825|174|35598|52091|206810
58308|6939|1299|3301|212632
204092|6939|30893|13214|35634
58308|6939|3170
12637|6939|50989
9044|174|11432|271150
28917|6939|1299|33749
58308|6939|48678|213407
12637|13335|400095
5405|6939|24796|63293
3170|57463|7713|174|56308
1299|13335|5408
57111|41327|6461|394737
58308|6939|6830|23520|272935|267845|64120
16552|1299|6461|210|47065|61574
8283|2914|3223|41327
5405|6939|2852|200874
2500|2914|174|204548|215728
50304|1299|3356|28370|269016
19653|30600|174|204548|215728
58308|6939|553|42873
36924|1299|3491|20473|47065|61574
210937|1299|3356|28370|268198
7018|6453|29208
2734|3257|33891|216067|44244
6830|3491|138997|216211|44324|205369
4601|50869|41051|213249
35426|215596|1299|6453|4755|7768
19653|30600|1299|22773|8119
58308|6939|9136|3573
209|3356|174|5538|8194|29345
58308|6939|1299|263744
14630|2914|1299|20473|47065|61574
49028|1299|56630|209944
28917|6939|1299|20473|203873
58308|6939|25400|49278
2516|1299|29695|206557
44324|32595|174|55286|399122
24961|1299|6855|39904|47767
49544|1299|3257|20473|47065|61574
210312|4601|50869|6939|50989|48116
16552|2914|174|11432|271150
28917|6939|1299|398106
34019|6939|50989|50683
36924|1299|3356|28370|263060
28917|6939|15935|197451|201263
559|264409|61832|266460|61625
6730|6830|3356|16735|2716
58308|6939|1299|28469
57118|8283|47065|61574
28917|6939|1299|20473|151202
3356|174|60068|216213|205884
327727|174|22381|267470|263047|264389
58308|6939|7018|399571
34927|1299|3356|21320|5408|47065|61574
139317|44324|32595|174|53667|215832
58308|6939|1299|54082|263725|264773
139317|44324|32595|174|53366
28917|6939|15935|204860|203385
917|25369|174|210|47065|61574
8660|1267|1299|174|210329|215728
4601|50869|6939|2852|198500
4777|2497|174|34927|202827
64475|8551|44709
42541|62255|52091|59815
139317|44324|32595|174|266445
2500|2914|1299|3920|206777
1299|4230|52654|266493|61625
28917|6939|1299|21859|274778
4601|50869|6939|2852|48091
35008|1299|3356|21320|5408|47065|61574
24961|1299|20473|399970
58308|6939|263047|267961
1103|6830|174|28189|266931|271615|273522|271150
1403|577|1299|34927|202532
2027|47160|174|210|47065|61574
23673|9900|23764|1299|34927|202532
47147|3320|1299|8551|44709
398465|1299|3356|28370|263535
139317|44324|32595|174|22115
19653|30600|174|60068|205884
151326|174|37468|61568|266460|61625
29075|1299|10490|2722|12148|47065|61574
12637|6939|29222|41495
58299|62255|52091|206810|197643
6830|6453|19318|201813
49544|3356|1299|34927|202532
6730|6830|6461|394737
35600|6057|28283|268744|2716
8280|6762|174|11432|271150|272738
49434|9002|21320|5408|47065|61574
16552|3257|174|60068|216213|205884
50629|20764|52091|206810|214721|204108
31742|174|60068|205884
32590|1299|22773|8119
3741|174|210329|215728
7018|3356|16735|2716
36924|6762|174|399697|39967|399697
40994|13335|5408
21700|174|35598|52091
35600|35598|52091|206810|39558
17660|6453|174|20723|2852|202874
1140|24785|6830|3356|28370|268521
40994|6939|50989
48185|1299|3223|34224|12735
4601|7195|20473|47065|61574
7594|174|20473|47065|61574
32590|137409|6461|1299|3920|206777
1299|7195|28189|266931|269250|271150
3399|174|204548|215728
23352|2914|174|8551|20473|47065|61574
32595|174|210|47065|61574
37497|1299|20473|399970
202365|28917|215730|209693
6424|7195|28260|270548|52794|52659
3333|12859|47311|150249|153176
52025|1299|29695|206557
3170|6939|42695|52011
52025|174|28189|266931|269250|271150
28917|6939|1299|20473|153185|153333
28917|6939|1299|8151|272289
8220|1299|3356|28370|53079
28917|6939|54429
207841|6939|28917|206011
34854|1299|3257|20473|47065|61574
139317|44324|32595|174|205847
24785|6830|3356|28370|269016
3491|174|14840|2716
6082|174|140227|44324|205369
513|29222|6939|61618
58308|6939|28917|25386
29222|1299|3920|206777
49432|48362|1299|60068|216213|205884
139317|44324|32595|174|53667
15576|174|210|47065|61574
6461|174|34927|202827
29222|6939|28917|39238
1257|174|204548|215728
29075|2603|21320|5408|47065|61574
23352|2914|1299|34927|202532
6830|3257|56630|209944
28917|6939|1299|394161
2027|35280|6453|174|399697|39967|399697
139317|44324|32595|174|142111
29222|6939|29670|205740
28917|6939|1299|43893|209454
20205|1299|20473|399970
12637|35598|52091|206810|48687
29169|174|60068|205884
8455|1299|8551|44709
28917|6939|1299|60068|35487
8280|6762|174|399697|39967|399697
24785|6830|3257|21034
5405|62255|52091|206810|214721
47147|1299|6855|39904|202605
64475|6939|28917|48084|199961
553|6939|28917|48084|35816
16552|6453|174|28189|266931|271615|273522|271150
553|34927|202532
28917|6939|1299|41564
28917|6939|8194|210213
3170|60068|211571
5413|1299|6855|39904|202605
29222|6939|200462
6894|174|1299|20473|47065|61574
553|7195|28189|266931|271615|273522|271150
31510|174|52468|271150
8529|1299|2914|226|47065|61574
207841|6939|28917|6789
6423|20055|1299|29695|206557|208835
50673|174|7545|20473|47065|61574
28917|6939|7018|397602
4181|1299|3356|8772|215536
28917|6939|6830|5089
44324|32595|174|42313|212986
58057|34549|1299|37468|270551|263047
14537|174|60068|205884
35600|1828|12179|393398|3356|1299|23033|27323
4601|50869|41051|198209
139317|44324|32595|174|21320|5408|47065|61574
139317|44324|32595|174|1916|47065|61574
28917|6939|1299|60068|197103|395893
215596|174|1916|47065|61574
58308|6939|12735|205893
49028|1299|174|204548|215728
50629|3356|21320|5408|47065|61574
34854|1299|3356|28370|263963
40387|1299|3356|1680|44709
8220|1299|3356|28370|268198
12779|35598|52091|206810|211692|214268|197578
553|9002|12555|200624
202032|58115|21263|33814
41327|22356|28370|273514
58308|6939|12735|15830
35600|6939|2852|201648
12779|6939|28370|267556
28917|6939|3170|965
28917|6939|1299|20473|199925
9044|174|60068|205884
32590|1299|3356|8119
35008|1299|3356|21320|5408|50148
19151|174|8551|20473|47065|61574
3320|1299|29695|206557|204503
139317|44324|32595|174|399646|54591
204092|30781|1299|60068|197103|212080
35426|215596|174|56630|209944
5405|62255|52091|206810|213694
174|1299|25091|8298|4601|4492
58308|6939|1299|49222
136557|174|2914|226|47065|61574
204092|6939|2852|213152
327983|37497|1299|6855|39904|199604
48185|1299|6453|4755|7768
41327|174|11432|271150|272738
199524|1299|6855|39904|199604
4601|50869|6939|196610|48927
139317|44324|32595|174|21277|39216
28917|6939|1299|209635
58299|174|210|47065|61574
58308|6939|207767
1299|59692|12555
50304|1299|3356|28370|264426
50629|20764|52091|206810|214721
49788|1299|6453|1031|61568|266460|61625
28917|6939|1299|52468|269853
135895|6939|1299|20473|399970
209|3356|174|1916|47065|61574
20514|1299|3356|28370|263060
28917|6939|1299|23520|11081
398465|1299|37468|270551|263047
4601|50869|58299|59645
29222|6939|9136|34219
29222|6939|263047|264923
28917|6939|1299|21859|63473|209261
12956|174|20723|2852|202874
20612|9044|1299|3223|34224|12735
42541|1299|10490|2722|12148|47065|61574
210312|4601|50869|58299
45352|1299|6855|39904|199604
58308|6939|15935
28917|6939|1299|29551|35042
6730|6830|34927|202827
398465|1299|8943|200636
29222|6939|202297|210951
8529|1299|174|3130|47065|61574
44324|32595|174|20545
58299|174|204548|215728
28917|6939|1299|30600|26793
28917|6939|202297
1267|1299|12956|212721
917|60068|174|11432|271150|272738
40994|174|3130|47065|61574
209650|34927|1299|3356|28370|53079
57777|8298|33891|216067|44244
48070|6939|2852
28917|6939|2852|204772
207841|6939|28370|269016
14315|174|16276|203019
29222|6939|28917|48084|59833
6424|6939|2852
23352|2914|1299|1680|20473|47065|61574
29222|6939|35600|56648
47147|1299|3356|28370
29222|6939|200462|213579
8220|6453|1299|29695|206557
174|1299|6855|39904
28917|6939|1299|20473|139317
577|1299|20473|201423
4601|6939|28917|20985
1140|24785|6830|174|1916|47065|61574
40994|6939|28917|39238
28917|6939|1299|23520|263703|274160
58308|6939|198101
28917|6939|1299|396122
8218|6830|60068|216213|205884
49028|1299|6939|28370|267556
6830|3356|28370|264426
58308|6939|7018|22729
50628|1299|6762|60068|205884
28917|6939|1299|36236|11878
60068|33891|44592|49581|209693
28917|6939|1299|23520|27889
45049|6696|5511|174|11432|271150
28917|6939|1299|23520|263703|269928
327782|5511|174|11432|271150|272738
45049|6696|1299|174|60068|205884
6424|6939|39790
20912|12637|174|3130|47065|61574
140627|1299|3356|28370|263535
398465|174|7195|20473|47065|61574
44324|32595|174|208794|200851
328512|5713|174|216211|211575
553|1299|20473|201423
64475|6939|29222
58057|174|60068|205884
42541|62255|52091|44660
57111|41327|174|204548|215728
28917|6939|1299|11279
28917|6939|1299|44332
58057|50673|174|5459|200070
57695|917|60068|1299|20473|47065|61574
12637|6939|28917|39134|39561|197695
29075|1299|3356|28370
21412|1299|60068|197103|212080
1299|60068|211571
29222|6939|3170
12969|1299|6461|394737
7018|174|32595|44324
6830|7195|28343|2716
28917|6939|6830|23520|64126|274130
199524|33891|216067|44244
8283|20764|52091|206810|57982
29504|15935|174|10490|2722|12148|47065|61574
39122|1299|3920|206777
8455|33891|44592|49581|209693
22652|1299|6453|4755|7768
132825|174|6453|29208
199938|1299|174|140227|44324|205369
29222|6939|25400|49278
58511|1299|60068|216213|205884
58308|6939|271150|272738
28917|6939|1299|208905|210625
58308|6939|1299|208905|206815
553|137409|48011|25184|49801|204533
58308|6939|1299|7250
7713|174|3130|47065|61574
51519|39351|174|60068|197103|212080
263152|174|140227|44324|205369
12956|174|140227|44324|205369
20253|1299|17676|216211|211575
36924|1299|3257|204548|215728
327960|174|3356|28370|28657
206356|50629|174|3130|47065|61574
58308|6939|1299|11019
210312|4601|50869|215509
11039|6461|174|210329|215728
28917|6939|1299|59437
28917|6939|1299|48469
30844|33891|44592|49581|209693
5405|8772|396416
37271|33891|44592|49581|209693
23367|1299|37468|270551|263047
680|1299|201814|209896
63927|1299|6453|29208
12779|35598|52091|206810|56766
199938|1299|7545|20473|47065|61574
20253|1299|7195|28189|266931|271615|273522|271150
21412|174|140227|44324|205369
202365|50673|174|28283|268744|2716
204092|6939|28917|34784
49028|1299|37468|52468|262393
207841|6939|196610
6461|1299|60068|216213|205884
49788|174|140227|44324|205369
44324|32595|174|14178|272300
4601|50869|199310|202335
28917|6939|1299|20473|139073
20205|174|20473|47065|61574
37739|3491|174|60068|205884
29075|174|399697|39967|399697
58308|6939|28917|201119
19151|174|3257|21034
398465|4826|1299|56630|209944
28917|8359|57304|41720|58180
8529|1299|34927|202827
4601|50869|207303
1403|577|1299|10490|2722|12148|47065|61574
31510|174|138997|216211|44324|205369
35369|5405|28283|268744|2716
37271|174|52468|271150
58308|6939|6830|23520|262191|272020
263152|53013|6762|1299|6855|39904|199604
51184|47692|33891|216067|44244
139317|44324|32595|174|398399
132337|1299|60068|197103|212080
6424|6939|28917|21453|201646
57111|41327|7195|28189|266931|271615|273522|271150
44324|32595|174|61098
34019|8551|44709
1140|33891|216067|44244
139317|44324|32595|174|327727|329010
28917|6939|1299|62874|204646
852|174|28189|266931|269250|271150
50877|5405|1299|198949|35676
15605|20764|43298|48678|213865
8298|8283|3320|6855|39904|202605
20055|1299|6855|39904|199604
50877|5405|6939|42695|43101
398465|174|52468|271150
16552|1299|29695|206557|205190
47147|9002|1299|198949|35676
15605|6939|28370|268521
50877|5405|6939|2852|197451
29222|6939|2852|61110
48070|1299|174|210329|215728
58308|6939|6830|23520|263703|270026
4601|50869|6939|28370|264426
48362|1299|174|60068|205884
23367|1299|60068|211571
6830|1299|17676|216211|44324|205369
4764|1299|6762|49666|58224|214805
50131|36236|174|37468|61568|266460|61625
35710|3320|1299|52320|7162|13878|52468|271150
42473|1299|3356|28370|267556
38001|9002|21320|5408|47065|61574
174|37468|53062|266493|61625
196621|6939|28917|52191
58299|62255|52091|206810|211692|214268|197578
3170|174|210329|215728
28917|6939|41073
140627|1299|6855|39904|47767
29632|9002|1299|3920|206777
35600|6939|28917|44056|57629
19151|174|20723|2852|202874
50877|5405|6939|2852|204772
16552|1299|3356|28370|53079
13030|1299|174|22381|267470|263047|264389
398465|3320|1299|25091|8298|4601|4492
4601|6939|28917|204623
210312|4601|50869|41051|215006
151326|174|399697|39967|399697
58308|6939|50629|207252|205941
20055|1299|29695|206557|208835
3701|174|3356|28370|28657
29222|6939|12779|207028
49432|48362|1299|174|60068|216213|205884
8283|3320|6855|39904
58308|6939|5405|207061
58299|62255|52091|206810|208435
12969|1299|3356|8119
49028|1299|7195|28343|2716
202365|50673|174|210|47065|61574
29222|6939|25400|21293
64475|50629|174|3130|47065|61574
28917|6939|1299|6855|214396
29222|6939|3170|49485
50304|1299|174|37468|61568|266460|61625
58308|6939|7018|4473
52320|1299|17676|216211|211575
34927|52025|174|22381|267470|263047|264389
12350|1299|6453|29208
4601|50869|44324|202335
28917|6939|7018|40289
28917|6939|1299|213281
28917|6939|42695|43101
39120|174|12956|212721
4601|50869|6939|28370|268521
2914|1299|198949|35676
55222|174|20723|2852|202874
28917|6939|1299|198949|395831
7594|174|52468|262393
16552|1299|6762|16735|273514
28917|6939|1299|36236
5405|6939|59689
6424|1299|20473|47065|61574
58308|6939|199095
28917|6939|1299|7843|10796|26072
6461|174|60068|205884
327960|174|7311|835|394273
852|1299|8551|20473|47065|61574
209650|34927|1299|3257|20473|47065|61574
5405|6939|28370|28657
28917|6939|1299|20473|199111
28917|6939|6830|23520|262191|273926
15623|1299|198949|35676
271253|6453|174|60068|216213|205884
58308|6939|1299|39869|59491
1299|6939|28370|264426
398465|174|34927|202827
6830|3356|16735|2716
36924|1299|3356|21320|5408|47065|61574
41327|12859|47065|61574
327727|174|35598|52091|48158
20253|1299|20473|399970
29222|6939|262485|272707
204092|6939|28370
12307|29691|1299|174|204548|215728
20205|1299|3356|1680|44709
36924|1299|3356|28370|268521
29222|6939|9136|207592
3257|1299|6855|39904|47767
28917|6939|1299|23520|265590
9268|4764|1299|35598|25308|28917|204076
35600|35598|52091|206810
29222|6939|12735|15830|47952
58308|6939|15935|198143
34927|6830|60068|211571
42541|1299|6762|267470|263047
2914|1299|3920|206777
204092|6939|28917|204623
41722|20485|1299|20473|399970
8283|20764|52091|59815|25299
7018|1299|34927|202532
28917|6939|6830|23520|272935|267845|274123
2497|174|52468|271150
8220|1299|6453|1031|61568|266460|61625
6830|6939|2852|61110
49544|1299|8551|44709
28917|6939|1299|26211
132847|7474|3257|1299|20473|201423
45352|174|37468|61568|266460|61625
58299|56630|209944
2734|3257|1299|34927|202532
263237|174|201814|209896
2914|174|60068|205884
12637|6939|2852|210498
44324|32595|174|8452|24835
58308|6939|42184|43397
23367|1299|3356|16735|2716
44324|32595|174|44222
58308|6939|7018|30614
553|62255|52091|206810|196638|42702
21700|174|34927|202827
40994|6939|28917|50045
44324|32595|174|25122
58308|6939|1299|212477|49592
58308|6939|1299|199524|62553|205941|211281
28917|6939|1299|23520|52468
999|6453|174|22381|267470|263047|264389
58308|6939|50629|44700
8283|6939|59970
6082|2914|1299|6855|39904
202365|50673|174|20723|2852|202874
327727|174|1299|22773|8119
24961|33891|60068|211571
58308|6939|1299|213281
4601|50869|56381
49432|48362|1299|7545|20473|47065|61574
28917|6939|1299|23520|30689
49544|3356|1299|8551|44709
2027|6696|1299|198949|35676
8220|1299|3356|28370|264426
4181|1299|6461|394737
4601|50869|6939|28370
3491|5408|47065|61574
58308|6939|6830|33915
2500|2914|1299|8551|44709
55222|174|14840|2716
35598|174|3257|19318|209896
202032|199181|12637
42541|62255|52091|206810|211692|214268|197578
2516|174|210|47065|61574
34927|60011|3356|1299|6855|39904|47767
140627|1299|3356|28370|28657
48070|6939|29222|207688
28917|6939|1299|20473|38047
1403|577|1299|6855|50698
266213|3356|2914|12859|47065|61574
34927|52025|174|52468|262393
14630|6830|33891|216067|44244
6830|6939|28917|47438
28917|6939|1299|20473|20277
35598|174|210329|215728
6424|174|20723|2852|202874
50131|36236|174|140227|44324|205369
15605|6939|30893|204789
34800|58057|50673|174|7195|20473|47065|61574
58308|6939|6830|23520|64126|265721|273901
3170|32787|202161
553|6939|29222
58308|6939|1299|9009
5713|174|21320|5408|47065|61574
58308|6939|1299|14722
13237|1299|174|22381|267470|263047|264389
4601|50869|6939|393682
28917|6939|1299|2280
62000|215551|30893
7018|6939|28370|268521
9002|1299|56504|47674
209|3356|1299|22773|8119
132847|7474|7473|1299|3216|51032|41344|39707
15576|8220|1299|174|37468|61568|266460|61625
28917|6939|1299|20473|208223
196621|6939|30893|205563
3170|6939|25192|20701
216285|8280|6762|174|8551|20473|47065|61574
58299|7195|28189|266931|271615|273522|271150
2914|1299|33891|216067|44244
57866|1299|3223|41327
34927|174|216211|211575
4181|1299|3223|34224|12735
2027|47160|6461|174|37468|61568|266460|61625
12859|22356|28370
58308|6939|1299|18616
140627|2914|174|210329|215728
140627|1299|6453|19318|201813
30781|1299|6855|39904|202605
28917|6939|3170|201579
49605|6762|1299|20473|47065|61574
136557|174|1299|34927|202532
44324|32595|174|17056
207841|6939|2852
2027|47160|174|8551|20473|47065|61574
16347|1299|6855|39904
6762|1299|8551|44709
174|3491|20473|47065|61574
6830|9002|12555|210827
58308|6939|6830|23520|27665|28067
58308|6939|1299|6424
59414|6830|3257|60068|206406|210557
6082|2914|6424|44592|49581|209693
196621|58115|21263|212038
139317|44324|32595|174|31404
139317|44324|32595|174|25509
29222|6939|39791|47493
327727|174|1299|6939|24796
34854|1299|3223|34224|12735
210937|1299|13335|5408
20055|174|20723|2852|202874
553|1828|12179|393398|3356|1299|23033|27323
23764|1299|201814|209896
6424|6939|28917|47438
12637|1299|16164|36032
29222|174|21700|399914
12552|12859|47065|61574
35600|6939|24796
8529|1299|8551|44709
35600|6939|2852|199711
20253|1299|174|37468|61568|266460|61625
25152|2914|1299|201814|209896
58057|50673|174|28283|268744|2716
6762|174|11432|271150
210937|1299|6855|39904
23367|1299|174|3130|47065|61574
28917|6939|1299|19332|265534
58308|6939|25400|213158
39351|174|3356|28370|28657
29222|6939|29670|48387
6830|6939|2852
50629|6939|28370|268521
20612|9044|1299|20473|47065|61574
19151|174|46427|64289|44592|49581|209693
58299|37271|20473|47065|61574
44324|32595|174|401958
44324|32595|174|53366
12859|6939|215172|214955
8283|12956|212721
398465|174|11432|271150
210312|4601|6939|28917|6789|201069|207979
34288|174|52468|271150
13786|174|35598|25308|28917|204076
17660|2914|1299|6855|39904|199604
42541|37271|20473|47065|61574
28917|6939|1299|29544
40994|1299|3920|206777
328964|23764|1299|60068|211571
34019|6939|30893|199580
44324|32595|174|9146
12779|3257|1299|6855|39904
398465|3320|1299|8551|44709
12779|6939|2852|48091
8220|1299|17676|216211|44324|205369
210312|4601|50869|58299|48971|208200
48362|1299|8551|44709
12637|8772|396416
50304|1299|3356|28370|267608
8283|6939|2852|202874
13030|33891|60068|211571
58308|6939|5405|43902
34288|1299|6762|16735|273514
210312|4601|50869|212934
139317|44324|32595|174|53893
4601|14840|269288
3130|174|50509|51032|41344|39707
559|6939|28917|6789|200702
139317|44324|32595|174|15121
28917|6939|263047|268105
58308|6939|6830|23520|52468|274006
50300|33891|60068|211571
215596|174|20473|47065|61574
50877|42295|33891|216067|44244
29504|15935|6830|60068|216213|205884
44324|32595|174|16637|36974
55720|6939|1299|201814|209896
559|9002|12555|48430
4601|9002|8772|396416
64475|62255|52091|206810|24881|24697
8283|20764|52091|206810|57164
12779|62255|52091|206810|39558
17639|174|210|47065|61574
210937|1299|6855|39904|202605
28917|6939|7018|4473
559|6939|28370|269016
58299|62255|52091|206810|12773|211692|196629
139317|44324|32595|174|12843
209823|6830|60068|211571
28917|6939|1299|25899|396872
12969|1299|20473|399970
28917|6939|8194|51955
28917|6939|1299|20115|22677|397019
6939|6830|60068|216213|205884
38001|3491|174|5538|8194|29345
8220|1299|3356|1680|44709
24785|6830|3356|28370|267556
12779|6939|2852|200874
58308|6939|1299|208893
3491|174|37468|61568|266460|61625
8888|137409|33891|60068|211571
210312|4601|20473|47065|61574
29691|33891|216067|44244
63927|1299|3356|8119
6908|174|3257|21034
44324|32595|174|136493
58308|6939|200070
58308|6939|6830|23520|262931
25369|174|216211|211575
49788|1299|3356|28370
20205|1299|29695|206557|204503
58308|59689|29075|174|204548|215728
559|35598|52091|206810|34786|34789|34786
49028|1299|6939|30893|199580
7018|6939|215172|214955
327727|174|3356|8119
45352|174|399697|39967|399697
210312|4601|50869|58299|216441
24516|174|3257|19318|209896
1764|174|210329|215728
35600|6939|28917|12668|51883
57777|8298|8283|3491|209810|207187|204943
58308|6939|6830|23520|11556|52336
37053|37662|174|52468|271150
47147|1299|6855|39904
12859|7195|11432|271150
48362|1299|2914|226|47065|61574
7018|1299|35598|52091|206810
28917|6939|1299|20473|43131
210312|4601|50869|215828|215849
151326|174|35598|25308|28917|204076
139317|44324|32595|174|3714|1657
39351|1299|3356|16735|2716
58308|6939|28370|269016
139317|44324|32595|174|20986
58308|6939|1299|209255
3549|3356|174|204548|215728
28917|6939|1299|20473|57848
327960|174|50509|51032|41344|39707
42541|1299|20473|47065|61574
29222|6939|209097
24516|174|6453|29208
64475|6939|25192|29067
44324|32595|174|37288
139317|44324|32595|174|398156
58308|6939|1299|27947|13335
58308|6939|6830|23520|272935|267846
37053|37100|1299|20473|47065|61574
51519|39351|6830|60068|216213|205884
59890|174|52468|271150
58308|6939|204310
28917|6939|1299|208905|61102|60068|62651
198385|174|3257|20473|47065|61574
6720|1764|174|21700|399914
55720|9930|1299|33891|216067|44244
40994|6939|42695
196621|6939|28917|39238|51408
40994|6939|28370|264426
58308|6939|1299|399912
210937|1299|3257|20473|47065|61574
58308|6939|1299|43766
6908|174|201814|209896
6830|6939|28917|198297
37271|2603|21320|5408|47065|61574
207841|37468|52468|271150
58308|35598|52091|206810|211692|214268
6730|6830|3356|16735|273514
20253|1299|7195|28260|270548|52794|52659
50673|174|20723|2852|202874
3491|174|399697|39967|399697
58308|6939|25192|20701
32590|1299|3216|51032|41344|39707
3320|1299|198949|35676
58308|9002|12555
58308|6939|1299|212318
62167|174|138997|216211|44324|205369
34854|1299|3356|8119
58308|32787|202161
28917|33891|60068|211571
28917|6939|1299|5391
48070|6939|28917|28775
47147|1299|1680|20473|47065|61574
210312|4601|6939|28917|204623
8280|6762|174|60068|216213|205884
207841|6939|28917|39238|49392|9098
58308|6939|7018|14858
48070|6939|2852|200874
12779|174|1916|47065|61574
16552|37100|1299|198949|35676
151326|174|28189|266931|269250|271150
34927|60011|3356|1299|6855|39904|202605
23367|1299|5511|49666|58224|214805
47147|1299|198949|35676
28917|6939|1299|23033|27323
8220|1299|34927|202827
41666|20764|52091|206810|214210
34019|37271|20473|47065|61574
328840|327727|174|37468|270551|263047
44324|32595|174|213184
28917|6939|1299|49915
199524|174|3356|28370|28657
29222|6939|29208|20708
28917|6939|1299|26073|205479
32590|1299|6762|16735|273514
44324|32595|174|22359
8455|1299|3920|206777
48070|6939|58308
12779|6939|59970
271253|6453|174|14840|269288
6830|3356|28370|267608
42473|1299|3356|28370|263535
28917|6939|1299|198949|12625
48185|1299|22773|8119
1299|201814|209896
57866|6830|60068|211571
28917|6939|1299|30404
57111|174|10490|2722|12148|47065|61574
44324|32595|174|395359
58308|6939|3170|205739
49605|6762|3356|21320|5408|47065|61574
36236|174|37468|61568|266460|61625
210312|4601|50869|41051|203226
139317|44324|32595|174|206312
328840|327727|174|3356|16735|273514
28917|6939|6830|33915|207894
29222|6939|7018|397799
28917|6939|1299|14080|273083
9044|1299|3223|34224|12735
32590|1299|3223|34224|12735
28917|8359|57304|12735
20612|9044|174|3130|47065|61574
44324|32595|174|4538
28917|6939|1299|38930|207843
12859|35598|52091|206810|213694
6830|1299|6855|39904|47767
17660|2914|1299|6855|50698
40387|1299|29695|206557|208835
44393|35710|4809|1299|20473|399970
29222|6939|41720|208229
1031|12859|47065|61574
50673|174|60068|211571
35600|35598|52091|206810|34786|34789|34786
58308|6939|33891|33988
3356|1299|3920|206777
56987|1299|3223|34224|12735
28917|6939|1299|20473|215150
286|3257|5405|8943|200636
49028|1299|34927|202532
52925|3356|1299|3920|206777
60068|33891|20473|47065|61574
12859|6939|54429|401894
3491|1299|3920|206777
8283|6939|2852|213152
7594|174|201814|209896
28917|6939|1299|20473|153057
6424|9002|12555
174|1299|34927|202532
58308|6939|8943|43915
7474|7473|1299|198949|35676
58308|6939|42184|196731
4826|1299|56630|209944
58057|174|28189|266931|269250|271150
3170|1680|44709
210312|4601|50869|210632
50877|5405|6939|25192|26710
151326|174|50509|51032|41344|39707
4181|1299|6453|29208
50628|6453|174|11432|271150|272738
29222|6939|28917|198297|51081
40994|174|52468|271150
12779|6939|2852|61110
3320|174|52468|262393
34019|7195|28189|266931|269250|271150
12637|35598|52091|206810|213694
58308|6939|6830|23520|264821|271982
42541|44592|49581|209693
28917|6939|1299|6424|203020
51184|1764|174|210|47065|61574
29222|6939|15935|197451|201931
41722|20485|174|52468|262393
3333|1257|1299|8551|44709
44324|32595|174|394611
9044|1299|174|204548|215728
58308|59689|30781|1299|20473|47065|61574
263237|174|210|47065|61574
34288|1299|3356|28370|268198
58308|6939|203059
35280|1299|6855|39904
12586|3257|1299|20473|47065|61574
35598|174|21320|5408|50148
28917|6939|268624|262594
34854|1299|7195|28189|266931|269250|271150
57381|50304|1299|6453|4755|7768
2734|17639|141210|138678|9299|3491|174|48678
11039|6461|174|20473|47065|61574
327727|174|3356|28370|268521
328840|327727|174|14840|2716
28917|6939|1299|23520|22933
139317|44324|32595|174|394542|398765
29680|174|216211|211575
44324|32595|174|31241
42473|1299|10490|2722|12148|47065|61574
559|35598|52091|206810|12773|47809|59478
14907|1299|174|210|47065|61574
12307|29691|33891|216067|44244
34927|1299|6855|39904|199604
4601|50869|52025|205514
41666|20764|43298|48678|210574
41327|6461|23352|20473|47065|61574
47160|174|60068|205884
2914|1299|6855|39904|47767
58299|62255|52091|206810|34786
48070|6939|59970
29075|33891|60068|211571
398465|174|56630|209944
49788|1299|6453|29208
12969|1299|3356|28370|268198
3214|28917|215730|209693
215596|1299|34927|202532
34288|174|22381|267470|263047|264389
12637|6939|28370|267556
6762|174|20723|2852|202874
50629|20764|52091|59815|25299
44324|32595|174|61097
58308|6939|6830|23520|11081
28917|6939|7018|26830
36924|1299|6453|4755|7768
28917|6939|7018|22216
20253|1299|1680|20473|47065|61574
28917|6939|1299|44522
4601|8298|25091|1299|10490|2722|12148|47065|61574
139317|44324|32595|174|398343|400509
4601|50869|6939|28370|28657
136557|174|21320|5408|47065|61574
559|7195|28189|266931|269250|271150
139317|44324|32595|174|63293
3170|25180|1299|17676|3258
8280|6762|174|210|47065|61574
263237|174|1299|8551|44709
60068|1299|3223|34224|12735
559|6939|215172|214955
209650|34927|1299|8551|44709
210312|4601|50869|34019|208627
207841|6939|2852|202874
58057|174|6453|19318|209896
30600|1299|6855|39904|202605
58308|6939|1299|398705
3130|174|12389|49666|205647|49801|204533
44324|32595|174|199335
34177|3356|1299|8551|44709
7713|174|2914|226|47065|61574
15605|35598|52091|206810|12773|47809|50780
196621|32787|202161
50628|6453|174|5538|8194|29345
3356|216211|44324|215172|214955
23352|2914|174|20473|47065|61574
58308|6939|7018|398222
4601|50869|41051|201377
139317|44324|32595|174|266593
28917|6939|1299|394380
40994|57463|41327|60530
35008|1299|174|210329|215728
8220|1299|3356|28370|269016
57381|50304|1299|12956|212721
8283|7195|11432|271150
28917|47232|20723|2852|202874
199524|174|21320|5408|50148
4601|50869|6939|58308
4601|50869|200242
58308|6939|1299|3308|3573
39122|174|216211|211575
20912|12637|8772|215536
57821|12586|3257|1299|20473|201423
44324|32595|174|7195|272872
6424|6939|28917|48610|57712
398465|1299|3356|28370
7713|174|8551|20473|47065|61574
35600|6939|28917|20985
58308|6939|199081|209847|215540
263237|174|1299|198949|35676
917|25369|174|52468|271150
394256|174|28189|266931|269250|271150
29222|6939|9136|211479|216351
28917|6939|1299|36352|27176
8529|1299|6855|39904
49028|1299|37468|270551|263047
51873|6830|174|399697|39967|399697
58308|6939|1299|202276
553|62255|52091
34019|6939|30893|205563
57821|12586|3257|1299|34927|202532
12859|1299|174|3130|47065|61574
41327|6939|215172|214955
8220|1299|23764|35168|212999
44324|32595|174|56501
8220|1299|3223|41327
48919|35320|1299|3920|206777
32590|174|399697|39967|399697
12637|35598|52091|206810|202279
41666|50263|201814|209896
210312|4601|50869|213768
29691|1299|6762|16735|273514
24785|6830|3356|28370|263535
34019|266493|61625
12779|7195|28189|266931|269250|271150
917|60068|174|3356|28370|28657
44324|32595|174|395348
9044|1299|174|210329|215728
20514|1299|6855|39904|47767
139317|44324|32595|174|57801
139317|44324|32595|174|401029
58299|62255|52091|206810|59815|25299
58308|6939|1299|11664
12637|6939|30893|199580
174|22381|267470|263047|264389
28917|6939|1299|3225|50475
34927|1299|60068|197103|212080
3170|6939|16652
29222|6939|6424|49941
1140|24785|6830|3356|28370|268198
42473|1299|3356|8119
12637|1299|5511|60068|206406|210557
132337|1299|60068|216213|205884
3257|1299|6855|39904
8283|3491|60068|206406|210557
58308|6939|1299|6424|203020
271253|174|60068|211571
57111|174|1299|20473|201423
210312|4601|50869|215561
42541|62255|52091|206810|24881|24697
45049|6696|1299|6855|39904|199604
174|1299|20473|47065|61574
28917|6939|3170|215323
35369|1764|1299|20473|47065|61574
40994|57463|41327|204947
41722|12389|1299|10490|2722|12148|47065|61574
8455|6830|60068|216213|205884
29222|6461|394737
28917|6939|1299|271938
199524|174|8551|20473|47065|61574
44393|394256|174|8551|20473|47065|61574
12350|1299|3356|8119
34927|1299|6762|267470|263047
49028|1299|6939|28370|28657
28917|6939|56595|205885
7018|3356|16735|266931|269250|271150
35600|6939|2852|197451
49788|12552|33891|60068|211571
6730|6830|174|20723|2852|202874
7018|174|3130|47065|61574
559|6939|42695|52011
3170|8926|174|3320
139317|44324|32595|174|11990|17217
28917|6939|1299|54082|263725|269973
15605|35598|52091|206810|8274
48070|6461|21320|5408|47065|61574
41666|206813|9136|1299|20473|206946
58308|6939|1299|9929|17623
4601|50869|41051|209552
198385|174|60068|211571
34927|12186|1299|22773|8119
28917|6939|1299|36352|60117
20764|8359|1299|8551|44709
60068|1299|3356|8119
28917|6939|1299|20473|54681
57111|174|138997|216211|44324|205369
44393|394256|174|7545|20473|47065|61574
28917|6939|2852|202874
1273|174|1916|47065|61574
553|1299|10490|2722|12148|47065|61574
852|1299|198949|35676
41666|14840|2716
40994|6939|28917|39238|51408
12586|3257|1299|3920|206777
41327|6939|16652
49028|32787|202161
139317|44324|32595|174|213966
139317|44324|32595|174|7195|30081
48070|1299|3920|206777
5511|174|52468|271150
35280|6453|174|60068|205884
58308|6939|1299|52468|27814|13335
6894|174|37468|53062|266493|61625
31742|1299|12859|47065|61574
199524|1299|3356|28370|53079
25091|5511|174|5538|8194|29345
40994|174|140227|44324|205369
19151|174|6453|19318|209896
2500|2914|12859|47065|61574
21232|13030|1299|8551|44709
28917|6939|6830|23520|272401
34854|1299|3356|28370|263535
59105|2518|1299|3920|206777
28917|6939|1299|18734|270137
6830|1299|8551|20473|47065|61574
139317|44324|32595|174|9146
40387|1299|29695|206557
204092|6939|28917|48610
29222|1299|198949|35676
35600|6939|28917|204623
20932|1299|198949|35676
6830|12956|212721
139317|44324|32595|174|33182
44324|32595|174|212318
6057|6461|1299|8551|44709
58308|6939|1299|20712
205206|1299|3356|28370|269016
51184|1764|174|216211|211575
1140|24785|6830|2914|226|47065|61574
34854|1299|3356|28370|268521
12969|1299|37468|270551|263047
23367|1299|3223|41327
41327|6939|28370|269016
61218|29632|9002|1299|3920|206777
139317|44324|32595|174|203623
19151|174|6453|19318|201813
58308|6939|205614
139317|44324|32595|174|3714
41327|174|7545|20473|47065|61574
35008|1299|35598|52091|206810
209650|34927|1299|3257|60068|206406|210557
58308|6939|1299|199753
212483|33891|216067|44244
49028|13335|5408
58299|37468|60068|216213|205884
4775|1273|174|11432|271150|272738
15605|6939|28370|267556
4601|50869|13335|400095
210937|1299|3356|28370|28657
28917|6939|1299|10396
29222|6939|59970
28917|6939|1299|30823|215730
32590|3356|21320|5408|47065|61574
42541|32787|202161
58308|6939|1299|34164
20253|1299|8551|44709
28917|6939|3170|49485
1403|577|6830|34927|202827
58299|62255|52091|206810|50204
8529|1299|37468|270551|263047
8220|6453|174|22381|267470|263047|264389
50629|6461|6057|28283|268744|2716
62167|174|204548|215728
328964|37468|174|11432|271150|272738
22652|1299|6855|39904|199604
12859|9498|20473|47065|61574
394256|174|60068|211571
5511|1299|34927|202532
29222|6939|7018|399756
1764|174|399697|39967|399697
50629|1299|3920|206777
7594|174|56630|209944
45049|6696|1299|6855|39904|202605
34019|29169|174|52468|271150
553|6939|2852|197451
15605|35598|52091|206810|210063
28917|6939|1299|199124
58308|6939|7018|62883
55222|174|3356|1680|44709
34854|1299|3491|20473|47065|61574
20514|1299|3356|8119
59689|29075|174|52468|271150
29222|6939|263047|262578
58308|35598|52091|206810|5598
15935|174|37468|53062|266493|61625
35600|6939|2852|213152
7474|7473|1299|20473|47065|61574
40994|174|14840|269288
28917|6939|1299|32270|27887
198249|9002|12555
28917|6939|1299|21351|2199
199524|47311|150249|212001|199762
139317|44324|32595|174|398843
139317|44324|14840|269288
136557|174|14840|269288
1267|1299|6453|29208
57381|50304|1299|6453|19318|201813
50300|174|52468|271150
271253|6453|174|60068|205884
28917|6939|1299|20473|137264
34854|1299|2914|226|47065|61574
58308|6939|6830|23520|272935
139317|44324|32595|174|6424|47787|203020
139317|44324|32595|174|209594
20253|1299|3223|41327
55222|174|37468|270551|263047
28917|20764|52091|206810|57164
50629|1680|20473|47065|61574
553|9002|30081|174|30081
28917|6939|1299|52468|271936
48185|1299|198949|35676
28917|6939|1299|20473|19451
328512|5713|174|21320|5408|47065|61574
29222|6939|196610|48927
207841|6939|39790
44324|32595|174|62833
6424|6939|28917|8926|41221|207164
36994|1273|1299|20473|399970
55222|1299|22773|8119
48070|6939|28917|35539
50629|1299|20473|399970
60068|1299|20473|399970
139317|44324|32595|174|397142
58308|6939|1299|43927
44324|32595|174|7040
28917|8359|57304|209693|206715
6830|32787|202161
39122|1299|3356|28370|263535
56655|1299|6453|19318|209896
58308|6939|1299|11179
22652|1299|3356|28370|263535|268030
29075|1299|3356|28370|263060
57111|41327|34927|202827
6830|6939|50989
8455|1299|6855|39904|47767
41327|2603|21320|5408|50148
3333|33891|216067|44244
44324|32595|174|48260
31742|1299|6461|394737
28917|57724|12555
28917|6939|1299|208905|208666
15547|3303|174|3130|47065|61574
44324|32595|174|397301
47147|1299|6939|28370|263060
199524|1299|60068|216213|205884
44324|32595|174|396278
48070|1299|3223|34224|12735
9002|1299|198949|35676
40994|6204|208972|210538|6775|13030|4637|133398
7594|174|10490|2722|12148|47065|61574
209|3356|174|20723|2852|202874
23367|1299|21351|60132
28917|6939|1299|208905|199393
6894|174|13335|400095
50877|5405|1299|8551|20473|47065|61574
398465|1299|3257|210329|215728
28917|6939|1299|20473|208884
553|9002|4657|132132|1299|6939|46997|10241|131259
398465|174|20473|30893
199524|1299|6855|50698
64475|3320|1299|10490|2722|12148|47065|61574
12859|215551|30893|199580
42541|7195|11432|271150
4181|1299|6855|39904|202605
49028|1299|174|21320|5408|47065|61574
39392|174|1299|20473|47065|61574
12859|35598|52091|48158
7660|2516|1299|1680|20473|47065|61574
49028|1299|6939|33924
44324|32595|174|36792
29222|6939|9136
4601|8551|20473|47065|61574
47147|1299|3356|28370|268198
8283|20764|52091|206810|211692|31069
28917|6939|1299|5518|12578|208995
559|1828|12179|393398|3356|174|50131
57111|41327|61568|266460|61625
58308|6939|6830|23520|264821|274290
32097|4230|2716
32590|174|3130|47065|61574
6424|6939|2852|200874
12637|6939|42695
3170|6939|25192
16552|1299|35598|52091|206810
4601|50869|41051|212037
32590|1299|3356|28370|28657
3399|5511|174|37468|61568|266460|61625
15943|174|52468|271150
12969|1299|37468|53062|266493|61625
1140|24785|1299|20473|201423
7018|6939|2852|48091
28917|6939|1299|20473|201235
210312|4601|6939|28917|24651
28917|6939|1299|18734|28545|28556
4775|1273|174|60068|197103|212080
58299|9498|20473|47065|61574
34019|47065|61574
58308|6939|33891|207436|203228
28917|6939|1299|11506
58308|6939|63290
14907|1299|37468|270551|263047
6730|6830|3356|28370|263060
7018|6762|49666|58224|214805
29222|6939|28917|43714
2734|34927|208690
14907|1299|198949|35676
35600|35598|52091|206810|39089
42473|1299|3356|28370|268198
16552|3257|174|140227|44324|205369
202032|32787|202161
48070|6939|28917|44056|57629
57777|8298|25091|1299|3920|206777
39122|1299|2914|226|47065|61574
139317|44324|32595|174|396101
199524|174|52468|262393
28917|6939|1299|26858
34927|56655|1299|8551|44709
559|20473|47065|61574
34177|1299|6453|19318|201813
328840|327727|174|1299|6939|24796|63293
28917|6939|1299|27947|273040
12859|22356|28370|270962
6082|174|399697|39967|399697
4601|50869|199310|210352
58308|6939|5405|9182|31348
47957|6830|34927|202827
24785|6830|3257|20473|47065|61574
12969|1299|6855|50698
28917|6939|30893
207841|6939|393682
50300|3356|21320|5408|47065|61574
58308|6939|1299|40061
16347|1299|174|37468|61568|266460|61625
29075|174|140227|44324|205369
58299|32787|202161
29075|174|3257|21034
2734|9304|136897|174|3491|137969|132824
207841|6204|208972|210538|6775|13030|4637|133398
51873|6830|3356|53062|266493|61625
50629|9002|8772|396416
1257|174|210329|215728
50629|20764|52091|206810|5598
6424|6939|29222|513|21449
16347|1299|56504|47674
42473|1299|37468|53062|266493|61625
6830|6939|28917|9110
20514|1299|32787|202161
58308|6939|5405|213162
559|6939|30893|13214
44324|14840|269288
28917|6939|25563
12637|6939|30893|13214|35634
58308|6939|1299|21738
7018|174|399697|39967|399697
28917|6939|1299|20115|23222|21529
207841|6939|28917|48610|57712
1299|56504|47674
20912|174|22381|267470|263047|264389
44324|32595|174|57492
9002|3356|174|11432|271150|272738
35600|6939|42695
58308|6939|553|60824
59105|2518|1299|25091|8298|4601|4492
4826|1299|60068|211571
6453|174|11432|271150|272738
47147|1299|8551|20473|47065|61574
4764|174|22381|267470|263047|264389
22652|1299|59692|12555
28917|6939|1299|20473|63150
28917|6939|15935|198284
139317|44324|32595|174|16276
917|60068|174|56630|209944
44324|32595|174|21320|5408|47065|61574
7713|174|210329|215728
58308|6939|1299|48299
15605|35598|52091|206810|24881|24697
136557|174|3356|28370|268521
64475|1680|20473|47065|61574
132847|7474|7473|1299|34927|202827
58308|6939|1299|198611
28917|6939|7018|2386
1267|33891|216067|44244
3214|6424|44592|49581|209693
15692|2914|174|5538|8194|29345
28917|6939|7018|397994
198385|15576|3356|21320|5408|47065|61574
29222|6939|15935|198284
34854|1299|37468|52468|271150
32590|137409|3356|1299|20473|47065|61574
20514|1299|6461|394737
58308|6939|1299|32270|265619
917|60068|33891|56630|209944
4601|50869|58299|48971|208200
213151|41051|50263|44592|49581|209693
398465|174|60068|205884
204092|34019|61568|266460|61625
139317|44324|32595|174|41427|209847|26383
7474|3257|174|21320|5408|47065|61574
6424|6939|29222|513|12654
42541|1299|37468|270551|263047
7713|174|22381|267470|263047|264389
1299|6939|30893|13214|35634
8283|6762|16735|266931|269250|271150
28917|6939|1299|399868
8283|20764|52091|206810|59815
12956|1299|20473|47065|61574
44324|32595|174|54413
64475|62255|52091|206810|56766
57111|41327|174|52468|271150
21412|174|216211|211575
28917|6939|1299|265530
29504|15935|174|3257|60068|206406|210557
8220|6453|1299|29695|206557|208835
32590|12956|1299|10490|2722|12148|47065|61574
553|62255|52091|206810|211692|214268
139317|44324|32595|174|15235
28917|6939|61618|268492
12859|35598|52091|206810|39558
55222|1299|6855|39904|199604
28917|6939|1299|35661|42612
4601|50869|52025|35100
20485|174|399697|39967|399697
206499|34549|1299|56630|209944
2734|64200|7018|1299|8990
139317|44324|32595|174|13977|400848
4601|50869|52025|212895|215459
50629|6939|28370
58308|6939|1299|131429
58308|6939|6830|23520|27745
44393|394256|174|204548|215728
196621|6939|28917|47759
40387|1299|34927|202827
3491|174|11432|271150
51519|39351|174|2914|226|47065|61574
1031|999|6453|174|20473|47065|61574
47147|1299|3920|206777
49544|1299|174|210329|215728
58308|6939|42184|49552
51873|6830|1299|20473|399970
35008|1299|37468|52468|271150
49028|1299|6939|28370|263060
4601|50869|52025|201676
48185|1299|6855|50698
28917|6939|1299|263744
7660|2516|1299|174|20473|47065|61574
4601|50869|34019|212351
139317|44324|32595|174|18501
24516|3491|5408|47065|61574
58308|6939|1299|2518|2515|131971
22652|1299|3356|28370|267556
52025|32097|32787|202161
8529|1299|7545|20473|47065|61574
32590|37100|33891|216067|44244
34854|1299|20473|47065|61574
1031|999|6453|174|20723|2852|202874
3701|174|20473|47065|61574
50877|214443|6939|28917|52191
6830|9002|12555
3216|1299|20473|399970
58308|6939|8899|42652
6082|174|60068|205884
58299|62255|52091|206810|211101
46450|1299|6855|50698
1299|60068|216213|205884
47160|174|210329|215728
60011|3356|1299|201814|209896
139317|44324|32595|174|13977|401455
34019|47160|174|1916|47065|61574
28917|6939|7018|397248
12637|6939|59970
16347|1299|56630|209944
35426|215596|1299|20473|201423
28917|6939|1299|26673
29169|174|20473|47065|61574
210312|4601|6939|28917|39238|49392|34567
139317|44324|32595|174|18640
3701|174|11432|271150|272738
513|174|28189|266931|271615|273522|271150
3130|174|3491|20473|47065|61574
60068|174|140227|44324|205369
64475|6939|2852|48091
2027|47160|174|60068|205884
28917|6939|1299|20473|203040
28917|6939|1299|33647
61568|174|201814|209896
20253|1299|3356|28370|53079
553|62255|52091|206810|59867
48919|174|52468|271150
37468|174|6762|49666|58224|214805
48070|1299|2914|226|47065|61574
8283|6939|196610|48927
4775|1273|1299|12859|47065|61574
20612|9044|1299|56630|209944
328840|327727|174|5459|200070
44324|32595|174|399646|206042
205206|33891|212815|52053
29222|6939|28917|201119
328840|327727|174|34927|202827
1280|1299|201814|209896
1031|999|6453|174|140227|44324|205369
58308|6939|1299|54103
136557|174|3257|25091|8298|4601|4492
139317|44324|32595|174|2731|400488
20514|1299|174|21320|5408|50148
198385|174|10490|2722|12148|47065|61574
19151|174|14840|2716
22652|174|2914|20473|47065|61574
513|174|11432|271150|272738
28917|6939|1299|23520|52253|13335
58057|174|3257|20473|47065|61574
34019|3216|1299|8402
6730|6830|3356|28370|263963
34927|56655|1299|174|210|47065|61574
28917|8359|57304|15935|203550
59689|30781|1299|8551|44709
139317|44324|32595|174|201984
513|29222|6939|15935|204860|203385
58308|6939|1299|6424|47787|203020
58308|6939|1299|132168
35625|3356|21320|5408|47065|61574
174|3356|28370|267608
262427|174|56630|209944
398465|174|3356|8772|215536
28917|6939|1299|12392
44324|32595|174|20473|328760
20080|2914|174|210329|215728
28917|20764|29049|49666|205647|49801|204533
12779|6939|28370|263535
44324|32595|174|36671
6082|174|5538|8194|29345
20253|1299|3356|1680|44709
28917|6939|1299|8151|272297
58308|6939|7018|401671
139317|44324|32595|174|138538
64475|62255|52091|206810|214721|204108
12637|8298|4601|4492
196621|6939|50989
210312|4601|50869|52025|215212
58308|6939|6830|23520|272935|274105|274027
58308|6939|6830|23520|264821|273009
33891|16164|36032
19151|174|1299|6855|39904
577|1299|34927|202532
58308|6939|1299|199540
327727|174|3257|28917|215730|209693
28917|6939|7018|3423|13979|10616
1299|3216|51032|41344|39707
28917|6939|1299|18734|265540
58308|6939|1299|262206|18809|26105|264843
58299|22356|28370|273514
40994|6939|42695|52011
28917|6939|1299|398465
28917|6939|31263|9026
18106|174|140227|44324|205369
28917|20910|13194|9002|6830
58308|6939|12637|202448
28917|6939|1299|400164
4601|50869|6939|2852|212876
1299|7195|28260|270548|52794|52659
553|62255|52091|206810
917|60068|174|10490|2722|12148|47065|61574
41722|20485|1299|6855|39904|199604
266213|3356|1299|6855|39904|199604
18106|174|20473|47065|61574
8283|20764|52091|206810|197960
12859|2603|21320|5408|47065|61574
7018|6939|30893|13214
58308|6939|1299|3301|201087
513|29222|6939|202585|215842
51519|39351|174|22381|267470|263047
51185|33891|216067|44244
50629|6939|50989|48116
210937|1299|56504|47674
34854|1299|174|3130|47065|61574
513|29222|6939|263047
7018|6939|30893|13214|35634
62167|174|3130|47065|61574
9044|1299|6453|19318|201813
199524|1299|34927|202532
327727|174|5511|60068|206406|210557
12637|1299|7195|28260|270548|52794|52659
58299|174|3130|47065|61574
9268|4764|1299|56504|47674
174|14840|269288
6830|9002|8772|396416
58308|6939|2852|202874
513|174|60068|197103|212080
204092|34019|32787|202161
58308|6939|1299|18734|28477
48070|6939|28917|39238|51408
28917|6939|1299|49206
35600|35598|52091|206810|12773
28917|6939|1299|52468|266728
64475|62255|52091|206810|8274
23367|1299|60068|216213|205884
6730|6830|1299|20473|47065|61574
39122|1299|6461|394737
11845|37468|1299|6855|39904|47767
3356|1299|198949|35676
263237|174|6453|4755|7768
25160|1299|198949|35676
57381|50304|1299|17676|216211|44324|205369
29691|1299|174|204548|215728
58308|6939|1299|208905|210625
35369|5405|4601|4492
136557|174|28283|268744|2716
205112|50629|6461|394737
28917|6939|7018|46677
136557|174|6762|49666|58224|214805
47147|1299|13335|400095
139317|44324|32595|174|395687
6730|6830|9002|12555|44676
58308|6939|1299|13536|19704
139317|44324|32595|174|215656
28917|6939|1299|3301|56736
4181|1299|60068|197103|212080
3130|174|20723|2852|202874
50673|174|3356|8119
29222|1299|6855|39904|199604
6894|3257|1299|20473|399970
6423|20055|1299|29695|206557|204503
202365|50673|174|3356|28370|268521
199524|174|204548|215728
4601|6939|28917|39238|51408
1299|20473|30893
28917|6939|1299|14041|194
34927|52025|174|14840|269288
64475|62255|52091|206810|202497
34854|1299|3356|28370|267556
58308|6939|29670|213674
40994|9002|917|214598
6830|174|60068|216213|205884
44324|32595|18423|137409|6424
199524|33891|60068|211571
31742|1299|20473|201423
198385|174|6453|4755|7768
139317|44324|32595|174|44143
28917|6939|1299|5056|20273
34854|1299|56630|209944
42473|1299|3356|28370|267608
397131|60011|3356|1299|198949|35676
51873|6830|174|52468|262393
3170|212175|174|212175
28917|6939|1299|60068|212786
6424|1680|44709
58308|6939|1299|27947|52468
23367|1299|3356|28370|263963
51184|47692|33891|8551|44709
12637|35598|52091|206810|34786
1140|24785|6830|3356|28370|263060
39122|174|3130|47065|61574
50877|5405|6939|2852|213152
12779|174|60068|205884
29691|1299|20473|47065|61574
286|1299|198949|35676
28917|9498|20473|47065|61574
6453|1299|6855|39904|202605
6830|6939|30893|13214|35634
6424|6939|28917|6789|203561
205206|33891|8943|200636
4601|50869|58299|34924
36924|1299|59692|12555
28917|6939|1299|39063|29108
29680|174|60068|205884
28917|6939|1299|28118|14789
28917|6939|1299|399077
37497|3491|174|60068|197103|212080
15692|2914|12859|47065|61574
28917|6939|1299|20473|212217
6830|174|28189|266931|269250|271150
11845|37468|1299|6855|39904|202605
6762|1299|12859|47065|61574
20253|1299|60068|197103|212080
1299|37468|53062|266493|61625
8426|3257|1299|3920|206777
61568|174|10490|2722|12148|47065|61574
6830|3356|21320|5408|50148
28917|6939|1299|20473|215965
29222|6939|28917
40994|6939|28917|48084
328840|327727|174|17378|8119
58308|6939|7018|10934
58308|6939|6830|60068|62651
1764|5405|61568|266460|61625
6424|6939|28917|201119
47692|33891|20473|47065|61574
6082|174|21700|399914
29222|1299|6855|39904|47767
5413|1299|6855|39904|199604
58308|6939|1299|20473|150788
132825|174|201814|209896
48185|1299|174|60068|205884
24785|6830|174|37468|61568|266460|61625
6424|6939|28917|47759
7018|6939|24796|63293
44324|32595|174|20940
28917|6939|7018|4185|13979|14298
57866|6830|60068|216213|205884
17639|174|60068|205884
42473|1299|3356|20473|47065|61574
204092|6939|59689
139317|44324|32595|174|16349
47692|3356|174|210|47065|61574
136557|174|56630|209944
9268|4764|174|52468|262393
199938|1299|3356|28370|269016
44324|32595|174|398843
41666|31133|12389|28917|8905|42132
28917|6939|1299|52468|265632
58308|6939|1299|14522|52458
9044|174|60068|216213|205884
29222|6939|28917|197078
34927|1299|6453|60068|216213|205884
62167|33891|216067|44244
6830|3356|8551|20473|47065|61574
28917|6939|1299|54994
53828|2914|174|60068|216213|205884
12859|8298|4601|4492
6453|174|204548|215728
28917|6939|1299|23520|272935|271943
4601|50869|44324|199018
48185|1299|20473|399970
6453|174|399697|39967|399697
64475|6939|28370|270962
262427|174|1299|8551|44709
42473|1299|3356|16735|2716
8283|6762|1680|20473|47065|61574
680|1299|6855|39904
199938|1299|174|204548|215728
44324|32595|174|21826|269946|274117
41327|215551|30893
17639|174|35598|52091|206810
29504|15935|174|210329|215728
30781|1299|60068|197103|212080
34019|6939|24796
263152|174|20473|47065|61574
262427|174|6461|394737
53013|6762|1299|6855|39904|199604
2027|49434|33891|216067|44244
28917|6939|1299|24429
34800|58057|50673|174|21320|5408|47065|61574
4777|2497|174|60068|205884
132825|174|7311|835|394273
5405|62255|52091|206810|24881|24697
196621|6939|2852|197451
199524|1299|6762|267470|263047
34854|1299|174|22381|267470|263047|264389
15576|174|60068|205884
44324|32595|174|139057
210312|4601|50869|52025|210100
28917|6939|1299|45204|13335
4601|50869|213768|205634
7018|3257|60068|206406|210557
29222|6939|50989|48116
210312|4601|50869|58299|41051
394256|174|60068|197103|212080
24516|174|3257|25091|8298|4601|4492
64475|6939|29222|513|20940
6762|1299|34927|202532
58308|6939|1299|49788|212514|215295
28917|6939|1299|52468|273966
6830|6939|196610|48927
4601|50869|41051|201911
8220|1299|16164|36032
29075|1299|20473|201423
327983|37497|3491|174|210|47065|61574
44393|401753|34872|8283|47065|61574
9044|1299|6453|4755|7768
57866|1299|22773|8119
44324|32595|174|13190
58308|6939|12859
40994|1299|34927|202532
28917|6939|1299|198818
28917|6939|1299|11664|274012
58308|6939|1299|52468|271933
12859|1828|12179|393398|3356|1299|23033|50131
12637|1299|60068|197103|212080
271253|3356|1299|6855|39904|202605
204092|13335|5408
6696|1299|4230|2716
23673|9900|23764|3356|174|10490|2722|12148|47065|61574
16552|1299|29695|206557
6830|6939|28370|264426
29504|15935|6461|17378|8119
28917|6939|1299|23520|272935|267846
174|2914|20473|399970
199938|1299|6204|44592|49581|209693
35266|3257|33891|216067|44244
3701|174|60068|216213|205884
5413|1299|20473|47065|61574
58057|174|60068|216213|205884
21232|13030|33891|216067|44244
57866|5511|174|37468|61568|266460|61625
174|204548|215728
271253|6453|174|10490|2722|12148|47065|61574
44324|32595|174|400529
28917|8359|57304|15935|56360
12389|1299|198949|35676
19151|174|210329|215728
6424|16164|36032
6424|174|204548|215728
58057|50673|174|3356|8119
3257|174|32595|44324
327727|174|3257|21034
63927|1299|20473|399970
6730|6830|174|210329|215728
1299|25091|8298|4601|4492
1299|7195|28283|268744|2716
2914|174|32595|44324
28917|6939|1299|20473|1024
4601|50869|6939|29222|41495|206202
35710|3320|1299|60068|197103|212080
139317|44324|32595|174|27951
23367|1299|6453|29208
6424|174|3356|28370|28657
28917|6939|1299|23520|262191|264647
57866|5511|174|3130|47065|61574
6696|1299|56630|209944
4181|1299|4230|2716
34800|58057|50673|174|32787|202161
28624|3356|1299|6855|39904|47767
3170|174|1299|198949|35676
199524|1299|201814|209896
5405|6939|28370
398465|4826|1299|8551|20473|47065|61574
35008|1299|8551|44709
8280|6762|174|8551|20473|47065|61574
207841|6939|28917|39238|49392
1299|4230|2716
58308|6939|1299|52468|272034
28917|6939|1299|20473|211843
4601|50869|44324|198304
28917|6939|28370|270962
577|1299|6855|50698
50629|6939|30893
57866|6830|33891|216067|44244
50629|20764|52091|206810|208435
28917|6939|199095
23367|1299|6762|16735|273514
29222|6939|12779|204664
34927|1299|6762|16735|273514
207841|6939|30893|199580
58511|1299|20473|201423
207841|6939|28917|50923
29691|1299|6855|39904
6908|174|140227|44324|205369
52025|174|60068|211571
35008|1299|21351|60132
3257|1299|6939|24796|63293
559|35598|52091|206810|202279
207841|6939|28917|44056|57629
23367|1299|174|210|47065|61574
553|6939|28370|264426
210312|4601|50869|41051|215448
50673|174|60068|197103|212080
12637|35598|52091|206810|59815|25299
28917|6939|6830|23520|265561|270173
44324|8298|4601|4492
1221|4637|33891|216067|44244
31510|174|6461|394737
4601|6939|28917|39134|39561|197695
29222|6939|553|204680|202329
59890|60068|33891|20473|47065|61574
210937|1299|3223|41327
52873|12956|174|204548|215728
41666|20764|52091|206810|35273
50300|174|399697|39967|399697
15605|6939|28370|269016
48070|6939|28370
553|62255|52091|206810|214218
8283|6939|2852|201648
6082|174|35598|52091|206810
12779|6939|28370|269016
47147|1299|4637|20473|47065|61574
50629|20764|52091|44660
56655|1299|60068|216213|205884
58308|6939|7018|2386|30313
58308|6939|1299|36352|60117
58308|6939|1299|3308|42789
58308|6939|7018|3573
28917|8551|44709
12350|1299|37468|270551|263047
37721|174|52468|271150
35280|1299|10490|2722|12148|47065|61574
32590|12956|1299|3920|206777
12779|35598|52091|206810|211692|214268|196977
28917|6939|1299|20473|199465
58308|6939|35133|210558
58308|6939|1299|17676|4725
6424|6939|28917|21453|35271
34927|1299|7195|20473|47065|61574
198385|174|138997|216211|44324|205369
18106|174|210329|215728
17660|2914|174|11432|271150|272738
64475|6939|42695|52011
553|1299|6939|393682
29479|50304|1299|21351|60132
35600|6939|28917|201119
52320|1299|17676|216211|44324|205369
553|174|5538|8194|29345
51519|39351|174|6453|29208
12779|6939|30893|205563
34927|56655|1299|3223|41327
58308|6939|50629|207252|215147|210796
132825|174|60068|211571
7018|13335|400095
6730|6830|3356|28370
51519|39351|1299|20473|399970
58308|6939|1299|265620|270111
45049|6696|1299|34927|202532
12637|6939|393682
50877|5405|6939|54429|401894
151326|174|3356|16735|2716
553|62255|52091|206810|48687
28917|20764|52091|206810|12773|211692|196629
210937|1299|37468|53062|266493|61625
58308|6939|1299|26673
4181|1299|20473|399970
36924|1299|60068|216213|205884
327983|37497|1299|6855|39904|47767
44324|32595|174|58453|9505|135062
64475|264409|61832|266460|61625
6424|6762|1299|6855|39904|47767
20130|23352|2914|174|3130|47065|61574
3214|1299|60068|197103|212080
58308|6939|50629|207252|215147|213413
210312|4601|50869|52025|212895|402182
31742|1299|3356|16735|2716
58308|6939|6830|23520|272935|267705|271916
12637|35598|52091|206810|39089
1299|7195|28189|266931|271615|273522|271150
210937|1299|174|1916|47065|61574
28917|6939|1299|5617|200750
58308|6939|7018|3379
12859|33891|60068|211571
58308|6939|553|212522|20940
61568|174|20473|47065|61574
199524|1299|2914|226|47065|61574
215596|174|20723|2852|202874
24785|1299|6762|16735|273514
29222|6939|200303
57821|12586|3257|1299|12859|47065|61574
2914|174|204548|215728
6830|1299|3920|206777
139317|44324|32595|174|36436
207841|6939|28370|267608
13830|971|174|6453|29208
6082|174|210329|215728
139317|44324|32595|174|273298
44324|32595|174|399893
28917|8359|57304|202032
53828|2914|1299|6855|39904
7018|3356|20473|47065|61574
40994|6939|393682
199524|174|20723|2852|202874
48070|1299|6453|60068|216213|205884
210312|4601|50869|52025|214420
210937|6830|3257|21034
139317|44324|32595|174|43872
17350|6453|174|210|47065|61574
398465|1299|37468|53062|266493|61625
16347|1299|6453|19318|209896
28917|6939|1299|16509|14618|60900
24482|44324|215172|214955
1031|999|6453|174|21320|5408|47065|61574
42473|1299|3223|41327
34177|33891|216067|44244
28634|4230|1299|6855|39904|199604
58308|6939|1299|211826
28917|6939|1299|20473|36744
917|25369|174|216211|211575
28917|6939|1299|20473|63538
28917|6939|1299|21080
52025|1299|29695|206557|208835
58308|6939|28917|52191
4601|50869|215296
2518|33891|216067|44244
42541|62255|52091|206810|214721
41327|7195|20473|47065|61574
29222|6939|29208|199350
35008|1299|3356|22381|267470|263047|264389
263237|174|21320|5408|47065|61574
36924|1299|3356|28370|268198
198249|8551|20473|47065|61574
204092|6939|50989|205966
28917|6939|1299|9009|208414
34019|6939|2852|197277
28917|6939|12735|14789
50629|6939|42695
40994|2914|1299|20473|47065|61574
210312|4601|50869|41051|213249
48070|137409|48011|25184|49801|204533
202365|50673|33891|34927|202532
57381|50304|1299|2914|226|47065|61574
20253|1299|60068|216213|205884
29222|6939|42695
28917|6939|1299|20521
8280|6762|174|20723|2852|202874
48362|1299|6453|19318|209896
2734|2914|12859|47065|61574
47311|150249|212001
8455|3356|174|216211|211575
7018|3356|28370|269016
49028|1299|3356|28370|263060
6730|6830|174|52468|271150
6830|3356|53062|266493|61625
39122|174|210|47065|61574
42473|1299|6453|19318|201813
196621|6939|28917|50923
1299|17676|216211|211575
64475|6939|30893|204789
64475|62255|52091|206810|5598
204092|6939|50989|33837
20205|1299|3920|206777
6424|1916|47065|61574
59689|30781|1299|10490|2722|12148|47065|61574
58308|6939|7018|2386
58308|6939|29208|49262
49028|13335|400095
13030|1299|20473|47065|61574
553|6939|2852|61110
139317|44324|32595|174|27988|271949
58308|6939|1299|206264
58308|6939|6830|23520|270068
513|6730|6830|174|37468|61568|266460|61625
6830|6939|28370|28657
394256|174|1299|198949|35676
28917|20764|52091|59815
34927|33891|216067|44244
28917|6939|1299|20473|215007
34854|22356|52468|271150
3130|174|1299|34927|202532
58308|6939|33891|211417
8283|6939|2852|204772
58308|6939|7018|401202
6424|6939|28917|21453|41783
328840|327727|174|3356|3223|41327
6424|1299|6855|39904|47767
49544|3356|174|204548|215728
328206|37739|3491|174|60068|197103|212080
36924|1299|198949|35676
36924|1299|3356|28370|264426
35600|6939|28370|267608
31742|1299|20473|47065|61574
327782|37100|174|3130|47065|61574
44324|32595|174|54419
12779|6939|29222|41495
41722|12389|174|60068|216213|205884
52873|12956|1299|20473|399970
28917|6939|1299|202045
559|28283|268744|2716
28917|6939|1299|262210
48185|1299|6762|267470|263047
7713|174|1916|47065|61574
45049|6696|1299|8943|200636
20912|12637|1299|7195|20473|47065|61574
44324|32595|174|33059
12637|6939|28370|270962
14537|13786|174|20723|2852|202874
23367|1299|23764|35168|212999
13830|971|174|1299|6855|50698
1836|174|52468|271150
199524|1299|29695|206557|205190
58308|29075|174|3130|47065|61574
139317|44324|32595|174|1299|25091|8298|4601
58057|34549|174|22381|267470|263047|264389
5405|62255|52091|206810
64475|62255|52091|206810|202279|213203
3214|12859|47065|61574
60068|1299|34927|202532
174|3130|47065|61574
29504|15935|174|3356|3223|34224|12735
210312|4601|50869|52025|53723
51519|39351|174|3356|16735|2716
57777|9002|8772|396416
7018|1299|4230|2716
3333|6830|60068|216213|205884
271253|6453|30058|216211|44324|215172|214955
28917|6939|1299|27947
8220|1299|3216|51032|41344|39707
28917|6939|1299|21859|135377
58308|6939|7018|36040
210312|4601|50869|52025|210338
206356|50629|37468|53062|266493|61625
46450|1299|3920|206777
20253|1299|29695|206557|204503
58299|1680|44709
12307|29691|1299|56630|209944
8283|20764|52091|206810|50204
29222|6939|28917|9110
28917|6939|1299|398465|23511
52025|174|14840|269288
58308|6939|1299|3249|35106
139317|44324|32595|174|48260
4181|1299|3356|1680|44709
28917|6939|1299|60068|200325
8966|21320|5408|47065|61574
35280|1299|6855|39904|47767
29140|286|1299|20473|47065|61574
327727|174|35598|52091|44660
42541|1299|12956|212721
12859|8551|20473|47065|61574
48919|174|3257|21034
5405|16276|203019
34927|56655|1299|60068|216213|205884
7018|6939|50989|33837
35710|2603|21320|5408|47065|61574
8220|1299|6855|50698
48070|1299|6453|29208
58308|6939|31263|9026
58057|50673|174|21320|5408|47065|61574
50304|1299|37468|53062|266493|61625
41327|61568|266460|61625
8283|20764|52091|206810|12773
4601|6939|28917|21453|48149
20205|174|22381|267470|263047|264389
6830|1299|22773|8119
4601|9002|12555
58308|6939|28917|8926
34019|9002|12555
139317|44324|32595|174|40676
15605|6939|50989|205966
29222|6939|7018|7287
24785|6830|174|3130|47065|61574
7713|174|210|47065|61574
58308|6939|553
28917|6939|1299|23520|265620
210312|4601|50869|6939|25192
32590|1299|20473|399970
35600|13335|5408
11039|6461|1299|1680|20473|47065|61574
3130|174|3257|9498|20473|47065|61574
29691|1299|174|20473|47065|61574
28917|6939|52838
6730|6830|60068|216213|205884
58308|6939|5405|213425|20802
23367|1299|2914|226|47065|61574
58308|6939|29208
58308|6939|1299|6922|10399
12859|13335|400095
9900|23764|3356|1299|12859|47065|61574
140627|1299|4230|2716
327727|174|6453|19318|209896
58308|6939|8194|206362
28917|6939|1299|48707
28917|20764|52091|206810|59867
28917|20764|52091|206810|211101
28917|6939|1299|20326
8455|1299|174|3130|47065|61574
20253|1299|6204|44592|49581|209693
7660|2516|1299|20473|47065|61574
42473|1299|6453|60068|216213|205884
13030|1299|7195|28189|266931|269250|271150
5413|1299|8551|20473|47065|61574
58308|6939|1299|199508|215629
29222|6939|8899|42652|3573
28917|6939|1299|52468|3790|273147
58308|6939|1299|8151|28403
139317|44324|32595|174|270068
35598|1299|21351|60132
28917|6939|1299|205958
513|29222|6939|207767
4601|50869|199310|215172
48185|21320|5408|47065|61574
20205|174|3257|9498|20473|47065|61574
293|3356|1299|3920|206777
29504|15935|174|35598|52091|206810
3491|174|3130|47065|61574
328840|327727|174|3257|28917|215730|209693
6720|1764|1299|20473|47065|61574
136557|174|3257|19318|209896
23367|1299|3216|51032|41344|39707
28917|6939|25400|198309
6453|174|32595|44324
8220|1299|3356|28370|263535
328964|37468|1299|20473|47065|61574
58308|6939|6830|23520|262191|274039
58308|6939|1299|20473|205398
328840|327727|174|12389|49666|205647|49801|204533
28917|6939|7018|395500
9002|1299|20473|399970
55222|174|35598|52091|206810
40994|174|210|47065|61574
1103|6830|60068|211571
12389|1299|174|37468|61568|266460|61625
140627|2914|174|3130|47065|61574
3399|174|5538|8194|29345
28917|6939|1299|60068|197103|400905
42541|2603|21320|5408|50148
44324|32595|174|4261
17660|2914|1299|20473|47065|61574
209823|3356|174|20473|47065|61574
42473|1299|6453|4755|7768
24961|8283|47065|61574
58308|6939|6830|23520|64126|274068
6424|16735|273514
28917|6939|1299|52468|272034
553|174|60068|205884
210312|4601|50869|6939|29222
37739|3491|1299|20473|201423
49028|1299|6939|28370|268521
8455|28917|215730|209693
553|1299|3356|28370|263535|268030
58308|6939|5405|12337
34927|52025|1299|6855|39904|199604
139317|44324|32595|174|396278
48070|6939|28917|39134|39561|197695|210550
19151|174|7545|20473|47065|61574
28917|6939|1299|32913
6730|6830|3356|28370|263535
55720|3491|174|28189|266931|271615|273522|271150
42541|62255|52091|59815|25299
6453|174|20473|47065|61574
58308|6939|1299|3308|201503
34927|1299|6461|210|47065|61574
1299|6855|39904|205968
58308|20764|43298|48678|210574
48070|6939|28917|206011
57777|8298|8283|3491|209810|207187|207198|206429
4601|50869|199310|153376
30600|174|21700|399914
58057|50673|174|3257|22773|8119
58299|174|210329|215728
52925|3356|1299|6855|39904
999|6453|174|5538|8194|29345
44393|394256|174|52468|271150
56655|1299|174|1916|47065|61574
263152|174|3491|20473|47065|61574
34854|8298|4601|4492
56655|1299|60068|197103|212080
3399|174|210329|215728
20253|1299|34927|202532
4601|50869|52025|401441
50629|20764|52091|206810|211692|214268|197578
328964|23764|1299|8551|20473|47065|61574
28917|6939|1299|13767|13951
198385|174|6453|19318|209896
5405|61568|266460|61625
2516|1299|29695|206557|205190
559|6830|60068|216213|205884
139317|44324|32595|174|9457|138199
3130|174|399697|39967|399697
13237|1299|3356|28370|268198
19151|2914|1299|6855|50698
59919|12779|21351|60132
28917|6939|1299|6855|56973
28917|6939|1299|45896|55313
1299|3356|21320|5408|47065|61574
139317|44324|32595|174|53587|22552
50877|5405|6939|25192|20701
41327|174|3130|47065|61574
210312|4601|50869|6939|200070
196621|6939|28917|198297|51081
8280|6762|1299|3920|206777
28917|6939|1299|20473|153185|153189
15623|174|3130|47065|61574
206356|50629|1299|4637|20473|47065|61574
58308|6939|1299|32913
210312|4601|50869|41051|201911
28917|6939|1299|21859|63473|205563
6057|174|204548|215728
29222|6939|39791|57728
29222|6939|33924
48185|1299|6453|29208
50877|5405|20473|47065|61574
49432|48362|1299|6762|16735|2716
6830|174|20723|2852|202874
139317|44324|32595|174|61097
327727|174|28283|268744|2716
28917|6939|1299|32723
199524|174|138997|216211|44324|205369
32653|3741|33891|44592|49581|209693
59414|3303|174|3130|47065|61574
58308|6939|50629|207252|216267
51088|8455|1299|20473|47065|61574
28917|6939|1299|20473|62766
58308|6939|1299|12189
1836|33891|60068|211571
58308|6939|33891|15945
293|3356|1299|198949|35676
29222|6939|15935|201727
40994|6939|200303
215596|1299|3356|28370|267556
7018|6939|30893|199580
58308|6939|1299|33749
58308|6939|553|204680
214443|6939|28917|52191
2497|1299|21351|60132
7018|32787|202161
58308|6939|1299|271938
6424|174|3356|28370|268521
35598|174|3356|28370|28657
40994|6939|28917|197078
5713|12859|47065|61574
6696|1299|1680|20473|47065|61574
198385|174|1299|198949|35676
3257|1299|6939|24796
327727|174|6461|394737
50628|6453|174|60068|205884
37468|174|60068|205884
1299|33891|216067|44244
41666|14840|269288
16347|1299|6762|49666|58224|214805
2497|1299|42303|51701|30893
3130|174|7195|20473|47065|61574
37271|174|11432|271150
4601|6939|28917|21453|201646
58057|1836|33891|60068|211571
328840|327727|174|3257|21034
148968|1299|174|204548|215728
55222|174|204548|215728
44324|32595|174|53667|210025
209823|25091|8283|47065|61574
1031|999|6453|174|28189|266931|271615|273522|271150
35600|6939|28370|263535
30781|3356|174|140227|44324|205369
24516|174|3257|8551|44709
35280|6453|174|140227|44324|205369
148968|1299|201814|209896
20764|174|1299|20473|399970
29222|6939|62000|207879
22652|1299|6453|29208
18106|21320|5408|47065|61574
139317|44324|32595|174|2901
139317|44324|32595|174|263157
680|1299|6855|39904|47767
29691|1299|3356|8119
58308|6939|1299|45102
196621|6939|215172|214955
917|60068|3491|1299|6855|39904|202605
35266|1299|6855|39904|199604
58308|6939|29670|57024
58057|174|1916|47065|61574
44324|32595|174|53667|202776
49028|1299|174|37468|61568|266460|61625
51873|6830|60068|216213|205884
12779|62255|52091|206810|214721
58308|13335|5408
1299|3356|28370|263963
6461|174|140227|44324|205369
3130|174|1916|47065|61574
139317|44324|32595|174|11172
48185|3356|174|210|47065|61574
28917|6939|1299|19637
22652|174|6461|394737
58308|6939|50989|33837
39122|1299|6855|39904|47767
6424|37517|1299|174|37309
29222|174|52468|271150
20253|1299|37468|60068|216213|205884
6424|28343|2716
12779|22356|28370|273514
57381|50304|1299|3356|16735|273514
3130|174|3356|16735|273514
28917|6939|1299|23520|52468|272058
196621|6939|28917
28917|6939|1299|13335|395747
22355|5511|174|8551|20473|47065|61574
32590|1299|2914|226|47065|61574
58308|6939|47787|203020
917|60068|33891|3223|41327
2027|47160|6939|25192|29067
41327|6939|25192
37721|33891|216067|44244
41327|14840|269288
1103|3257|174|20473|47065|61574
20514|1299|3356|16735|2716
12779|6939|24796
47147|1299|6453|19318|209896
20253|1299|201814|209896
31510|174|3356|16735|2716
3320|1299|4230|2716
29504|39392|174|1299|198949|35676
8283|16276|203019
58308|6939|28917|6789
17350|3356|174|20473|47065|61574
25091|1299|20473|201423
12779|6939|25192|20701
199524|1299|3356|28370|264426
6730|6830|3257|21034
5405|266493|61625
44324|32595|174|18907
39351|1299|3356|16735|273514
48070|6939|30893|205563
2516|1299|3920|206777
42541|1299|3257|19318|209896
58308|6939|33891|201011
12956|174|8551|20473|47065|61574
398465|4826|1299|35598|52091|206810
11039|6461|1299|8551|44709
49544|2914|174|11432|271150
29222|6939|7018|35980
28917|6939|1299|20473|400586
35426|215596|1299|37468|270551|263047
202365|50673|174|28189|266931|271615|273522|271150
12779|6939|54429
44324|32595|174|19237
15623|174|1916|47065|61574
44324|32595|174|39063|29108
42541|62255|52091|206810|59815|25299
7018|6939|28370|267556
40994|57463|41327|203847
852|1299|60068|216213|205884
559|1828|12179|393398|3356|1299|23033|27323
49028|1299|10490|2722|12148|47065|61574
137409|12859|47065|61574
8283|6939|29222
58308|6939|1299|31242|198050
4601|50869|44324
3701|174|5538|8194|29345
12779|35598|52091|59815
207841|57463|22356|52468|271150
8220|1299|20473|399970
4181|1299|3920|206777
37105|36994|1273|1299|20473|47065|61574
1403|577|1299|6762|49666|58224|214805
44324|32595|174|56898
559|35598|52091|206810|214721|204108
29222|6939|24796|63293
174|1299|32787|202161
28917|6939|7018|19106
58057|174|11432|271150|272738
7018|174|52468|271150
58308|6939|1299|23520|262191
12969|1299|3356|28370|267608
8220|1299|3356|28370|263060
28917|20764|52091|206810|24881
917|25369|174|11432|271150|272738
28917|6939|1299|23520|267823|270003|273131
44393|58057|50673|12859|47065|61574
30600|1299|34927|202532
28917|6939|28370|264426
42541|62255|52091
28917|6939|1299|11019|33059
139317|44324|32595|174|17497
28917|6939|1299|20473|205417
57111|41327|56630|209944
37662|174|3356|16735|273514
32590|12956|2914|12859|47065|61574
6461|1299|56630|209944
7713|174|1299|8551|44709
35426|215596|174|3257|21034
57866|12859|47065|61574
136557|174|204548|215728
139317|44324|32595|174|393684
4181|1299|6855|39904|199604
15692|2914|174|20723|2852|202874
7594|174|1916|47065|61574
210937|1299|6762|16735|2716
30781|33891|216067|44244
199524|174|12956|212721
199938|1299|6453|29208
58308|6939|205081
14315|6453|1299|6855|39904|47767
3170|6939|28370|270962
3216|1299|37468|270551|263047
6830|6939|2852|199711
35426|215596|1299|17676|216211|44324|205369
2500|2914|174|11432|271150|272738
20514|1299|6855|50698
3701|3356|1299|6855|50698
24516|174|3257|60068|206406|210557
58308|6939|1299|395403
29222|6939|7018|11992|399599
34854|1299|32787|202161
60068|1299|20473|201423
20932|21320|5408|47065|61574
58308|6939|6830|23520|46650|20940
59689|29075|174|3130|47065|61574
58308|6939|50629|3624
35008|1299|33891|216067|44244
7018|6939|30893|204789
44324|32595|174|20986
139317|44324|32595|174|26388
44324|32595|174|40676
50877|5405|56630|209944
44324|32595|174|402062|400164
199938|1299|6461|394737
35600|35598|52091|206810|50204
58308|6939|1299|399672
28917|6939|6830|34549|213045
28917|6939|1299|6855|50881
47692|33891|37468|270551|263047
34019|9002|12555|48430
139317|44324|32595|174|53667|152697
28917|6939|3170|213692
7018|3356|28370|263535|268030
17660|2914|12859|47065|61574
210312|4601|6939|28917|43714
3549|3356|1299|8551|44709
199524|174|3257|19318|201813
58308|6939|6830|33915|200428
8218|6461|1299|198949|35676
28917|6939|1299|46475|59730
47147|3320|1299|60068|216213|205884
8283|6453|29208
8660|1267|6762|174|37468|61568|266460|61625
58308|6939|1299|25122
1764|1299|20473|47065|61574
2500|7660|11537|20965|5408|47065|61574
1403|577|1299|198949|35676
47147|1299|6204|44592|49581|209693
58299|62255|52091|206810|35273
3170|20764|43298|48678|213865
47147|1299|6453|19318|201813
680|1299|34927|202532
28917|6939|1299|212477|207847
8660|1267|1299|174|204548|215728
33891|917|214598
52075|6762|174|5538|8194|29345
199524|1299|3356|28370|267556
58308|6939|52838|269035
28917|6939|56595|202590
35600|6939|29222|41495
58308|39801|29222|204957|199058
50629|20764|52091|206810|39558
12779|6939|25192
28917|6939|41720|213709
216285|8280|6762|174|10490|2722|12148|47065|61574
1273|174|60068|216213|205884
28917|6939|1299|39570
28917|6939|1299|19332
58308|6939|1299|36192
57777|8298|25091|6453|174|399697|39967|399697
6696|1299|174|21320|5408|47065|61574
28917|6939|62000|198831|210013
29222|6939|50629|211664
58308|6939|1299|55410
2734|3257|1299|198949|35676
20205|174|60068|216213|205884
35369|28917|215730|209693
202365|50673|174|11432|271150
34927|56655|1299|3257|20473|47065|61574
58308|6939|7018|14381
28917|6939|7018|15084
199524|174|11432|271150
48070|6939|28370|268521
29222|6939|32097|64236
398465|3320|1299|20473|399970
8220|1299|4230|2716
58511|12859|47065|61574
8660|1267|1299|6855|39904
8220|6453|3356|21320|5408|47065|61574
50629|20764|52091|206810|59815|25299
63927|1299|60068|197103|212080
15605|6939|29222
9900|23764|1299|198949|35676
6830|16276|203019
553|6461|23352|20473|47065|61574
58511|1299|174|20473|47065|61574
44324|32595|174|17497
35600|35598|52091|206810|208435
29222|9002|197068
204092|6939|393682
48185|1299|17676|216211|44324|205369
20253|1299|32787|202161
57777|9002|8772|215536
8220|1299|9002|8772|396416
28917|6939|1299|20473|13717
58308|6939|50629|207252|215576
42541|62255|52091|206810|12773|57005
12969|33891|44592|49581|209693
1273|174|56630|209944
5405|6939|25192|20701
8529|1299|20473|399970
206356|50629|1299|8551|44709
2497|174|201814|209896
2914|1299|6855|50698
47147|1299|12956|212721
58308|6939|9136|213068
58308|6939|33891|38938
20055|1299|6855|39904|202605
58308|59689|29075|174|52468|262393
58308|59689|30781|33891|60068|211571
57381|50304|1299|174|3130|47065|61574
2497|174|11432|271150
48362|2603|21320|5408|47065|61574
28917|6939|1299|20473|201353
6667|1299|60068|197103|212080
204092|6939|28917|9110
151326|174|3356|28370|28657
58308|6939|6830|23520|10269|265818
20130|23352|2914|174|20473|47065|61574
4601|50869|34019|202945|210960
6894|174|20723|2852|202874
6730|6830|13335|5408
29479|50304|1299|6855|39904
327727|174|201814|209896
6830|6939|28917|25386
44324|32595|174|26269
32590|7922|174|52468|271150
62167|174|10490|2722|12148|47065|61574
6424|6939|42695|52011
398465|1299|3356|16735|273514
31742|1299|3920|206777
6424|4601|4492
55222|174|56630|209944
398465|1299|60068|211571
2518|1299|20473|47065|61574
28917|6939|1299|137366|45287
28917|6939|1299|20473|398883
4777|2497|1299|3920|206777
4181|1299|20473|201423
28917|6939|1299|20473|20420
5511|174|37468|61568|266460|61625
58057|174|52468|271150
58308|6939|50629|59645
2516|174|1916|47065|61574
30781|1299|20473|47065|61574
199524|1299|20473|399970
28917|6939|1299|25899|26793
6424|8551|44709
48070|6939|28370|264426
398465|3320|1299|52320|7162|13878|52468|271150
8529|1299|3257|60068|206406|210557
327782|37100|2603|21320|5408|47065|61574
28917|6939|1299|5617|42598
6461|28917|215730|209693
58299|62255|52091|206810|24881|24697
48070|1299|3356|28370|267608
28917|6939|1299|18734|28548
28917|6939|1299|60068|197103|209843
57381|50304|1299|3356|28370|28657
971|174|1299|8551|44709
42541|1299|174|140227|44324|205369
57111|41327|174|52468|262393
20253|1299|7545|20473|47065|61574
28917|6939|1299|8926
58308|6939|7018|396973
19151|33891|60068|211571
28917|13335|400095
42541|1299|20473|201423
22652|1299|3356|28370|263963
28917|6939|1299|20473|200936
12779|35598|52091|206810|202279
29222|6939|263047|267425
20253|1299|174|21320|5408|50148
210937|6830|44530|41327|198434
28917|20764|52091|206810|56915
58308|6939|1299|5518|12578|208995
6830|13335|5408
51873|6830|3257|21034
37105|37662|174|21320|5408|50148
13030|1299|3920|206777
44324|32595|174|263157
23367|1299|3356|28370|268198
52025|174|3356|28370|28657
3320|1299|13335|5408
139317|44324|32595|174|206067
34927|1299|201814|209896
29222|6939|553|204680|214840
32590|137409|12859|47065|61574
49544|1299|3257|204548|215728
3216|1299|8551|44709
58308|6939|6830|23520|52471
29222|6939|200462|215163
3170|6939|28917|24651|39900
48362|1299|3356|28370|53079
50628|1299|3257|210329|215728
4181|1299|21351|60132
210312|4601|50869|52025
20932|1299|6855|39904|202605
29504|15935|174|37468|270551|263047
59919|12779|4601|4492
41666|20764|52091|206810|211692|214268|196977
4601|50869|41051|206633
35600|6939|28917|44812
210937|1299|20473|201423
21412|1299|3920|206777
139317|44324|32595|174|396026
28917|6939|47160|205669
32590|6453|174|399697|39967|399697
57821|12586|3257|1299|198949|35676
210312|4601|50869|34019|207910
52320|174|20473|47065|61574
15605|6939|42695|52011
140627|1299|29695|206557|204503
553|1299|6461|394737
12859|6939|50989
35600|16276|203019
136557|174|10490|2722|12148|47065|61574
35710|3320|174|52468|271150
50877|5405|6939|2852|48091
28917|6939|1299|23520|46198
49432|48362|1299|20473|399970
20205|1299|21351|60132
148968|1299|3257|60068|206406|210557
58308|6939|6830|23520|52286|264764|273041
28917|6939|1299|20473|198510
16552|6453|174|28189|266931|269250|271150
33891|34927|202532
34854|1299|33891|216067|44244
28917|6939|1299|23520|272935|28053
59890|174|21700|399914
24961|1299|6855|39904|199604
3491|5405|8943|200636
6461|1299|8551|44709
58308|6939|1299|29774
28917|6939|1299|7843|22516|395500
553|9002|9304|136897|174|3491|137969|132824
210312|4601|50869|52025|212895|206290
41327|7195|28189|266931|271615|273522|271150
37271|174|60068|205884
58308|6939|1299|15704
207841|61049|12859|47065|61574
20764|174|2914|226|47065|61574
58308|6939|1299|26073
35710|3320|1299|7195|20473|47065|61574
58308|6939|1299|17072|272336
62167|12859|47065|61574
28917|6939|1299|14754|263812
140627|2914|1299|198949|35676
57381|50304|1299|7545|20473|47065|61574
2518|1299|6855|39904
210312|4601|50869|199310|202335
48070|1299|198949|35676
58308|6939|6830|23520|272935|274105
15605|35598|52091|206810|24881
58308|6939|1299|32806
37739|3491|174|3130|47065|61574
7713|174|7195|20473|47065|61574
6057|174|210329|215728
41327|6939|28370|267608
64475|6939|50989|50683
3214|1299|20473|47065|61574
21412|174|52468|271150
204092|6939|28917|39153
48070|1299|3356|28370|263963
58511|8455|8283|47065|61574
8298|25091|33891|60068|211571
42541|14840|269288
44324|32595|174|53667|214660
210312|4601|50869|34019|35600|56648
34854|1299|6762|16735|273514
44324|32595|174|3360
19151|174|60068|205884
205112|50629|50263|201814|209896
12779|6939|28370
6908|174|14840|269288
24516|174|3257|19318|201813
12779|3257|174|20473|47065|61574
28917|6939|1299|264788
6908|1299|8551|44709
44324|32595|174|7497|24151|23596
37271|174|140227|44324|205369
5405|20764|43298|48678|210574
29504|39392|33891|34927|202532
58308|6939|6830|23520|27665|27789|274008
6453|174|201814|209896
4601|50869|52025|212895
3130|174|37468|270551|263047
19653|30600|1299|34927|202532
28917|6939|1299|23520|267853
28917|6939|1299|60068
58308|6939|33891|62359
44324|32595|174|396026
398465|174|60068|216213|205884
12956|174|56630|209944
4601|6939|28917|6789
151326|174|3356|3223|34224|12735
60326|34927|174|3130|47065|61574
210937|6830|174|37468|61568|266460|61625
39122|1299|3356|28370|263963
42541|52320|7162|13878|52468|271150
139317|44324|32595|174|5719
210937|1299|7545|20473|47065|61574
16552|6453|174|60068|205884
57695|917|60068|174|20723|2852|202874
35008|1299|3356|16735|273514
135895|4826|1299|8551|44709
44324|32595|174|35598|204490|215330
202032|58115|21263|202526
20205|1299|3257|60068|206406|210557
37739|3491|174|60068|197103|212080
139317|44324|32595|174|30150
40994|6939|30893|200690
34800|58057|50673|174|12956|212721
58308|6939|1299|11019|29789
6830|3356|1680|44709
210312|4601|6939|28917|39134|39561|197695
34019|47160|174|210329|215728
327960|327782|37100|1299|3920|206777
29504|15935|174|56630|209944
49788|174|22381|267470|263047|264389
57111|174|8551|20473|47065|61574
58308|6939|29208|60266
57695|917|60068|174|5538|8194|29345
28917|6939|1299|20473|62184
34549|1299|198949|35676
28917|6939|1299|201589
559|35598|52091|206810|59815
58308|6939|1299|20473|207615
34019|6461|23352|20473|47065|61574
553|1299|6453|4755|7768
37105|37468|174|11432|271150|272738
917|3214|1299|60068|197103|212080
5413|1299|20473|399970
31742|1299|3356|8772|215536
15623|1299|20473|201423
44324|32595|174|54994
52320|1299|60068|197103|212080
1299|6939|30893|204789
28917|6939|7018|398837
50300|3257|1299|20473|47065|61574
32590|174|22381|267470|263047|264389
29222|6939|29208
5405|4601|4492
553|1299|6453|29208
20932|174|52468|271150
17350|3356|174|399697|39967|399697
35600|6939|28370|270962
28917|6939|1299|203532
40994|6939|28917|43714
6908|1299|20473|47065|61574
35600|6939|28370|268198
1403|577|174|1916|47065|61574
28917|6461|394737
4601|50869|34019|207910
12969|1299|6453|4755|7768
39122|1299|3223|34224|12735
49432|48362|1299|3356|28370
7018|6939|28370|269016
3130|174|3356|16735|2716
59919|12779|56630|209944
23367|1299|3356|28370|268521
28917|6939|1299|209847
34177|1299|3356|28370
50673|33891|20473|47065|61574
8283|6939|200303
28917|6939|1299|18734|13591
4601|50869|204003
44324|32595|174|53667|215832
559|6939|58308
20205|1299|17676|216211|211575
20253|1299|17676|216211|44324|205369
21412|174|210|47065|61574
50304|1299|6762|16735|273514
29632|12859|47065|61574
28917|6939|1299|20940
4601|50869|58299|41051|49867
6082|174|10490|2722|12148|47065|61574
20253|1299|21351|60132
58308|6939|6830|23520|263238|274004
47147|3320|1299|20473|399970
49788|1299|198949|35676
44324|32595|174|209847|215540
209|3356|174|60068|205884
917|60068|174|138997|216211|44324|205369
35600|35625|3257|174|20473|47065|61574
210312|4601|50869|52025|212895|214205
62167|174|28283|268744|2716
44324|32595|174|42366
58057|50673|174|210|47065|61574
13030|1299|6453|1031|61568|266460|61625
58308|6939|7794|396917
3170|6939|200303
199938|1299|3356|28370|267556
6939|1299|20473|47065|61574
39351|1299|20473|399970
64475|7195|11432|271150
58308|35598|52091|206810|35273
1273|1299|8551|44709
58308|6939|1299|262206|52262
8283|6939|25192|29067
20080|2914|1299|3920|206777
48070|1299|3491|216211|211575
57821|12586|3257|174|210|47065|61574
139317|44324|32595|174|33059
49432|48362|1299|6762|267470|263047
4775|1273|174|60068|216213|205884
28917|6939|1299|8151|272327
28917|6939|1299|20473|216430
34177|1299|3257|60068|206406|210557
210312|4601|50869|58299|209898|199553|211894
6424|174|21320|5408|50148
60068|174|1916|47065|61574
25152|2914|12859|47065|61574
37053|37100|174|216211|211575
20055|174|34927|202827
56655|1299|6453|29208
34927|60011|3356|1299|201814|209896
6082|174|21320|5408|47065|61574
58308|6939|1299|8240
39351|174|3257|19318|201813
139317|44324|32595|174|46265
50131|36236|174|52468|271150
6830|3257|49666|205647|49801|204533
44324|32595|174|209594
3170|7195|11432|271150|272738
47957|6830|60068|211571
207841|6939|28917|8926|41221|207164
398465|4826|1299|201814|209896
207841|20764|43298|48678|213865
58308|6939|56595|211879
28917|6939|1299|46161
28917|6939|1299|21559|271945|269931|272015
28917|6939|1299|23520|10269
12859|6939|29222|513|20940
139317|44324|32595|174|46642
16552|1299|60068|197103|212080
9268|4764|1299|8943|200636
34927|174|60068|205884
57381|50304|1299|3356|28370|269016
327960|174|201814|209896
553|1299|12859|47065|61574
3170|6939|2852
58308|6939|7018|4473|13979|8076
210312|4601|50869|52025|214451
12859|1299|10490|2722|12148|47065|61574
31742|174|21320|5408|47065|61574
553|1299|8551|44709
5405|62255|52091|206810|196767
206356|50629|13335|400095
58308|6939|29208|209135
34927|174|21320|5408|47065|61574
28917|6939|1299|32097|22295|40776
32590|1299|34927|202532
44324|32595|174|398399
209650|34927|1299|3356|28370|264426
2497|1299|12859|47065|61574
57866|9002|21320|5408|47065|61574
199524|174|1916|47065|61574
51185|6762|1299|42303|51701|30893
47147|1299|174|22381|267470|263047|264389
6830|1299|201814|209896
31122|174|60068|205884
22652|1299|3356|28370|263060
28917|6939|1299|208905|198256
44324|32595|174|398113
12779|174|5538|8194|29345
12779|6939|2852|197451
47147|1299|6939|196610|48927
7018|3356|28370|263060
58308|6939|6830|23520
6762|174|216211|211575
328840|327727|174|22381|267470|263047
34019|30781|1299|20473|47065|61574
28917|6939|6830|23520|64126|273220
206356|50629|33891|216067|44244
4601|50869|52025|210100
22652|1299|6453|60068|216213|205884
36924|1299|56630|209944
44324|32595|174|22168
58308|6939|1299|52468|273034
204092|6939|30893|200690
29075|1299|17676|216211|44324|205369
394256|174|21320|5408|47065|61574
42541|62255|52091|206810|214218
4181|1299|3356|14840|269288
6830|174|8899
513|29222|6939|15935
263237|174|1299|25091|8298|4601|4492
1140|12859|47065|61574
28917|6939|48678|211804|208913
8283|6939|42695|52011
28917|20764|52091|206810|48595
40994|21320|5408|50148
44324|32595|174|327727
19653|30600|174|52468|271150
28917|6939|1299|270122
44324|32595|174|394814
58308|6939|207487|18607
6424|6939|30893|200690
140627|1299|3356|28370|268198
31742|1299|6453|1031|61568|266460|61625
20253|1299|6453|19318|201813
3333|1257|1299|3920|206777
263152|264409|174|204548|215728
5405|62255|52091|206810|57164
29222|6939|63290
553|1299|3356|28370
12637|35598|52091|206810|197643
3356|174|10490|2722|12148|47065|61574
6424|6939|2852|210498
15605|35598|52091|206810|211692|214268|197578
58308|6939|1299|265620|270145
174|6453|19318|201813
196621|8758|15576|56630|209944
17660|2914|1299|10490|2722|12148|47065|61574
4601|50869|34019|209090|211781
25369|174|11432|271150|272738
3170|9304|136237|174|137995|136237
553|6774|36947|174|36891
29075|1299|60068|197103|212080
34927|60011|3356|1299|198949|35676
58308|6939|1299|53991
327960|174|56630|209944
7018|174|204548|215728
12637|1299|7545|20473|47065|61574
7713|1299|12956|212721
40994|6939|28370|268521
48185|33891|44592|49581|209693
58308|6939|6830|23520|265540
40994|6939|16652
20932|12859|47065|61574
1836|1299|20473|399970
4601|50869|58299|209898|211894
58308|9002|197068
1403|577|1299|3920|206777
40994|57463|41327|2593
36924|1299|6855|39904|199604
28917|6939|1299|32806
28917|6939|1299|36352|399275
6082|2914|1299|6855|50698
58308|6939|50629|207252|215147
35008|1299|6762|49666|58224|214805
29222|6939|61618|267320
28917|6939|1299|32270
58308|6939|1299|1759|29422|207006
6730|6830|9002|12555|3227
34927|56655|1299|2914|226|47065|61574
50629|6461|23352|20473|47065|61574
13786|3356|1299|6855|39904|199604
32590|1299|6855|39904|202605
42473|1299|6855|39904|202605
3170|6939|24796
47147|1299|174|14840|269288
58308|6939|7018|21433
58308|6939|1299|42201
4601|50869|58299|209807
28917|20764|52091|206810|211692|214268|196977
48185|33891|216067|44244
13786|174|12956|212721
3257|174|8551|20473|47065|61574
44324|32595|174|205847
12637|6939|58308
23367|1299|3356|28370|263535
3491|1299|6855|39904
23367|1299|3223|34224|12735
7720|10111|1299|12859|47065|61574
6424|6939|28917|39238|51408
9900|23764|1299|34927|202532
34019|6939|200303
49605|6762|174|20723|2852|202874
3130|174|60068|211571
8283|3491|209810|207187|202551
12637|57463|14840|2716
8758|15576|174|210329|215728
198385|15576|56630|209944
28917|6939|271150
553|3320|174|37468|61568|266460|61625
40994|6939|28917|198297
28917|6939|15935|197451|201931
24961|174|204548|215728
28917|6939|1299|23520|262202|3573
28917|6939|1299|20473|207618
210312|4601|7195|11432|271150
139317|44324|32595|174|984|55201
35600|35598|52091|206810|59815|25299
15935|174|216211|211575
50629|20764|52091|206810|57982
999|6453|174|60068|216213|205884
12637|6939|25192|26710
44393|394256|174|1299|3920|206777
59890|60068|33891|34927|202532
2027|47160|174|52468|262393
29169|174|140227|44324|205369
553|1299|6453|19318|209896
58308|6939|1299|3301|198476
15935|174|28189|266931|269250|271150
28917|6939|1299|3249|35106
7018|1299|12555|48430
553|6939|29222|207688
29504|39392|33891|21320|5408|47065|61574
28917|6939|1299|8375
28917|6939|6424|134450
28917|6939|1299|13768
44324|32595|174|32934
29222|6939|7018|22787
32595|174|37468|61568|266460|61625
45049|6696|33891|216067|44244
28917|6939|1299|20473|153185|152922
20205|174|210329|215728
328840|327727|174|6453|19318|209896
40994|57463|41327|211222
328512|5713|174|22381|267470|263047|264389
58308|6939|25400|15765
204092|6939|28917|21453|48149
29691|13030|12859|47065|61574
11039|6461|1299|201814|209896
271253|174|399697|39967|399697
139317|44324|32595|174|46437
23673|9900|23764|3356|1299|20473|47065|61574
1299|3920|206777
4601|50869|205369
28917|6939|1299|23520|46650|401400
48070|1299|3356|28370
28917|6939|1299|20473|142553
44324|32595|174|13335
553|6939|28917|39238
6461|33891|60068|211571
25160|174|32595|44324
6461|1299|20473|47065|61574
15547|3303|174|52468|271150
553|174|3130|47065|61574
8283|13335|5408
199938|1299|174|216211|211575
28917|6939|1299|52468|267790|273122
3170|16164|36032
58308|6939|39791|57728
12637|1299|34927|202532
139317|44324|32595|174|16601
50304|12859|47065|61574
13830|971|174|35598|25308|28917|204076
29222|6939|15935|198143
48070|6939|50989|48116
210312|4601|50869|6939|54429|401894
44324|32595|174|16509
57381|50304|1299|6453|1031|61568|266460|61625
41327|6939|50989
553|62255|52091|206810|12773|44884
64475|7195|28343|2716
174|14840|2716
58308|6939|6424|134450
28917|6939|1299|23520|5639
20205|174|2914|20473|47065|61574
28917|6939|54429|401894
40994|6939|28917|20985
28917|6939|1299|11172
35600|137409|48011|25184|49801|204533
4601|50869|6939|29222|513|20940
20514|1299|56630|209944
28917|6939|7018|396973
29222|6939|15962
44324|32595|174|16276|64476
20932|1299|6453|19318|209896
49434|9002|1299|198949|35676
28917|6939|6830|6730|213081|211535
139317|44324|32595|174|209847
3216|1299|3223|41327
139317|44324|32595|174|400701
12637|1299|3216|51032|41344|39707
28917|6939|268624|263601
44324|32595|174|54706
35266|1299|6855|39904|202605
202365|50673|174|2914|226|47065|61574
20912|12637|1299|20473|47065|61574
41666|20764|52091|206810|196638|42702
20253|1299|174|22381|267470|263047|264389
7018|6939|28370|264426
139317|44324|32595|174|20473|42962|136796
28917|6939|1299|38930
327727|174|20723|2852|202874
6453|174|28189|266931|269250|271150
40994|6939|28917|201119
14907|5405|61568|266460|61625
15623|174|204548|215728
44324|32595|174|202978
62167|174|210329|215728
58308|6939|6830|23520|264847|64150|272991
44324|32595|174|2018|8094
35369|1764|174|5538|8194|29345
28917|6939|1299|20473|40216
139317|44324|32595|174|214206|18636
24785|6830|3356|28370|53079
28917|6939|1299|57811
35600|6939|28917|48084|35816
2734|142111|152672|174|3491|4229|21859|154049
4601|50869|52025|212895|203766
207841|6939|30893|204789
45049|6696|1299|174|216211|211575
35600|6939|28917|12668
28917|6939|1299|39351
35600|35598|52091|206810|196638|42702
52320|12956|1299|20473|399970
35280|1299|198949|35676
49028|1299|3356|8119
20205|1299|6762|49666|58224|214805
3320|1299|60068|216213|205884
6908|1299|6855|39904
7018|1299|20473|47065|61574
29479|50304|1299|60068|211571
60326|34927|1299|3920|206777
207841|6939|28917|197078
50877|5405|6939|58308
202365|50673|174|6461|394737
1273|174|8551|20473|47065|61574
58308|6939|2852|213152
34854|1299|3216|51032|41344|39707
28917|6939|1299|20473|18750
139317|44324|32595|174|55655|64315
29504|15935|174|3356|3223|41327
56655|1299|3356|20473|47065|61574
559|35598|52091|206810|39089
132825|174|35598|25308|28917|204076
49605|6762|174|210|47065|61574
139317|44324|32595|174|204561
6830|2914|226|47065|61574
5405|32787|202161
40994|57463|41327|206182
139317|44324|32595|174|19624
51873|6830|174|60068|197103|212080
58308|6939|1299|14041|194
3491|174|20473|47065|61574
28917|6939|35826
18106|174|201814|209896
139317|44324|32595|174|13977|399353
58308|6939|33891|60068
51184|47692|3356|21320|5408|47065|61574
398465|174|216211|44324|205369
28917|6939|7018|29992
513|174|1299|20473|201423
577|174|204548|215728
31510|174|3356|3223|34224|12735
6830|6939|30893|9423
58308|6939|200303
33891|60068|211571
28917|3257|174|140227|44324|205369
44324|32595|174|31404
4826|15412|33891|216067|44244
42541|1299|6461|394737
47147|1299|6762|49666|58224|214805
4601|50869|52112
41327|6461|6057|28283|268744|2716
199524|1299|3356|28370|269016
28917|6939|1299|8764
48362|1299|6453|19318|201813
24785|1299|10490|2722|12148|47065|61574
60068|33891|6461|394737
24961|1299|6855|39904|202605
559|32787|202161
35426|215596|62000|215551|30893|13214|35634
57381|50304|2603|21320|5408|47065|61574
35600|30781|1299|3920|206777
58308|59689|29075|174|210329|215728
42708|33891|60068|211571
17350|3356|1299|3920|206777
6453|174|50509|51032|41344|39707
559|34927|202827
327960|327782|37100|1299|10490|2722|12148|47065|61574
58308|35598|52091|206810|39558
42473|1299|3356|28370
58308|21351|60132
28917|6939|1299|20473|212270
196621|58115|21263|34125
12350|1299|3356|28370|264426
20253|1299|3356|28370|264426
20612|9044|1299|60068|216213|205884
28917|6939|6830|23520|64126|273924
210312|4601|50869|41051|215777
32097|4230|52654|266493|61625
559|35598|52091|206810|24881|24697
28917|6939|6830|59622
28917|6939|1299|57660
55222|174|34927|202827
35266|3257|5405|8943|200636
28917|6939|1299|23520|28088
6894|174|3130|47065|61574
48070|1299|3356|8119
207841|6939|59689
6667|6830|60068|216213|205884
44324|32595|174|270068
34019|6696|1299|3920|206777
35600|6939|28917|28775
206356|50629|1299|198949|35676
34800|58057|50673|33891|216067|44244
44324|32595|174|17072|272336
5405|6939|25192
29504|39392|33891|20473|47065|61574
2914|174|37468|61568|266460|61625
16552|1299|20473|201423
513|29222|6939|200995
559|35598|52091
13830|971|174|5459|200070
6461|1299|60068|211571
37105|37468|1299|3920|206777
6667|33891|44592|49581|209693
14537|13786|174|204548|215728
15605|6939|200303
19653|30600|1299|8551|44709
6057|174|5538|8194|29345
210312|4601|50869|34019|35600|39432
398465|174|37468|53062|266493|61625
3170|7195|28189|266931|271615|273522|271150
41811|1273|33891|216067|44244
204092|6939|28917|43886
29222|6939|29670|212520
206356|50629|1299|6855|39904|47767
6423|20055|174|201814|209896
8283|6762|52468|271150
139317|44324|32595|174|28539
51519|2603|21320|5408|47065|61574
25091|1299|20473|47065|61574
14630|2914|174|20473|47065|61574
3549|3356|1299|32787|202161
28917|6939|7018|26305
139317|44324|32595|174|20278
28917|37468|270551|263047
215596|1299|6855|39904|47767
28917|6939|1299|7029
7720|44324|215172|214955
8220|1299|174|204548|215728
50629|20764|52091|206810|197960
199524|1299|6204|44592|49581|209693
58308|6939|29208|209847
39351|1299|6453|19318|201813
48070|6939|39790
28917|6939|6830|199524|51191
3257|1299|8551|20473|47065|61574
204092|37468|53062|266493|61625
5413|1299|25091|8298|4601|4492
34177|33891|60068|211571
58308|6939|1299|198818
51184|1764|174|3130|47065|61574
3257|33891|216067|44244
8888|137409|174|210329|215728
271253|6453|174|140227|44324|205369
13786|174|20723|2852|202874
59890|174|140227|44324|205369
553|6939|28370|270962
57866|1299|3920|206777
47147|1299|174|21320|5408|47065|61574
25160|2914|12859|47065|61574
44324|32595|174|3356|7195|52863
3170|20473|47065|61574
28917|6939|1299|20473|400671
205206|1299|174|204548|215728
23367|1299|4230|52654|266493|61625
174|11432|271150|272738
7713|174|11432|271150
44324|32595|174|266445
28917|6939|1299|20473|216225
28917|6939|1299|20144
28917|6939|1299|52468|269935
50629|20764|52091|206810|202279
7018|6939|59689
1299|3356|28370|263060
41327|6939|33924
3130|174|8551|20473|47065|61574
64475|62255|52091|206810|12773|57005
58308|6939|1299|59796|39010
58308|6939|1299|56655|136258
28917|6939|7018|19645
35266|1299|201814|209896
58308|6939|29208|203488
64475|6939|2852|213152
28917|6939|199399
6082|2914|1299|34927|202532
50673|174|6461|394737
20253|1299|174|14840|269288
24961|1299|8551|44709
47957|3356|174|3130|47065|61574
64475|3320|1299|3920|206777
15605|32787|202161
4601|50869|41051|205415
207841|6939|2852|213152
47147|1299|174|1916|47065|61574
35598|174|3257|60068|206406|210557
28917|6939|1299|7713
29691|33891|44592|49581|209693
58308|6939|208453|213998
8283|44592|49581|209693
28917|6939|1299|19679
57777|8298|25091|1299|10490|2722|12148|47065|61574
28917|6939|48678|207582
3170|35598|52091|48158
58308|6939|6830|23520|272935|267845|273224
28917|6939|1299|20473|398549
15576|35598|52091|206810|35273
139317|44324|32595|174|399646|13317
20253|1299|3356|28370
2734|37468|60068|216213|205884
12637|35598|52091|48158
1299|8551|44709
44324|32595|174|11990|17217
204092|6939|42695|43101
28917|6939|1299|20473|401896|201640|213413
57111|41327|6461|17378|8119
215596|174|28189|266931|269250|271150
40994|174|22381|267470|263047|264389
3320|1299|34927|202827
44324|32595|174|50131
199524|174|35598|52091|206810
199524|1299|3356|1680|44709
60011|3356|174|20723|2852|202874
41722|20485|174|3257|21034
132825|174|20723|2852|202874
22652|174|37468|61568|266460|61625
199524|174|5538|8194|29345
37271|174|52468|262393
44324|32595|174|30021
36924|1299|6453|29208
58308|6939|5405|213425
13237|1299|3356|28370|28657
6830|3257|20473|399970
58308|6939|6830|23520|52228|13335
6453|1299|3920|206777
50304|1299|8943|200636
34927|52025|174|3356|16735|2716
2500|2914|1299|6855|39904
35008|1299|8551|20473|47065|61574
28624|3356|1299|3920|206777
58308|6939|1299|16509|8987
28917|6939|1299|23520|263248
49028|1299|20473|47065|61574
139317|44324|32595|174|62902
25091|33891|216067|44244
2734|58453|30990|174|30844|328895
28917|6939|1299|20473|137521
4601|50869|58299|209898|199553|211894
3170|174|140227|44324|205369
17350|3356|1299|20473|47065|61574
210937|1299|17676|216211|44324|205369
49028|1299|174|21320|5408|50148
37739|3491|1299|6855|50698
28917|6939|1299|23520|265539
36924|1299|35598|52091|206810
8529|1299|12956|212721
35008|1299|8943|200636
2734|142111|152672|174|3257|63023
63927|1299|6453|4755|7768
3170|4788|21351|60132
28917|6939|1299|20473|153185|137436
2027|47160|6939|54429|401894
58308|6939|1299|7979
58308|6939|33891|61438|214517
58299|62255|52091|206810|12773|47809|50780
34019|6939|39790
12637|1299|17676|216211|44324|205369
58308|6939|197580
1257|1299|20473|399970
44324|32595|174|4134|140329
917|60068|1299|23764|35168|212999
12637|6939|28917|6789|201069|207979
8660|1267|1299|5511|60068|206406|210557
917|60068|1299|17676|216211|211575
34288|1299|3356|28370|28657
513|29222|6939|7794
29222|6939|21430|199220
6730|6830|3257|20473|47065|61574
40994|6939|28917|12668|197404
1299|7545|20473|47065|61574
47147|1299|34927|202532
3257|1299|198949|35676
58308|6939|35168|197556|206026
58308|6939|1299|15830|3819
58057|50673|174|3356|28370|268521
41327|6461|394737
29222|3356|21320|5408|47065|61574
60326|28917|215730|209693
44324|32595|174|398748
28917|6939|1299|205809
29222|6939|39791
210937|1299|10490|2722|12148|47065|61574
209650|34927|1299|6461|394737
559|37468|52468|271150
41327|3223|34224|12735
12637|6939|28370|268198
6830|174|60068|205884
28917|6939|1299|7250
13237|1299|3356|28370|267556
917|60068|174|3356|8772|215536
140627|1299|3356|28370|267608
15623|6830|60068|216213|205884
40994|57463|41327
513|29222|6939|61618|268364
48362|1299|3356|28370|264426
16552|1299|56504|47674
20080|2914|174|3130|47065|61574
25091|6453|174|5538|8194|29345
35369|5405|6939|215172|214955
29222|6939|42184|8454
48362|1299|37468|270551|263047
58308|6939|1299|17676|4725|17509
5511|174|210|47065|61574
37100|1299|201814|209896
3701|174|210329|215728
4777|2497|174|21320|5408|47065|61574
6424|6939|29222|41495|206202
12586|3257|174|210|47065|61574
328206|37739|3491|174|34927|202827
196621|6939|28917|47438
28917|6939|1299|20473|44354
205112|50629|3223|41327
2497|174|8551|20473|47065|61574
4764|1299|62081|198408
199524|1299|6762|16735|273514
553|9002|34927|202827
29680|174|28283|268744|2716
35600|35598|52091|206810|197643
139317|44324|49581|209693
199938|1299|6855|39904
174|1299|6939|24796
132847|1221|4637|1299|201814|209896
58308|6939|33891|201035
58308|6939|7018|22715
58308|6939|1299|36236
3130|174|13335|5408
20912|174|201814|209896
151326|174|16276|203019
34019|47160|174|216211|211575
44324|32595|174|3266
48070|1299|4637|20473|47065|61574
3170|16276|203019
3130|174|20473|47065|61574
7594|174|11432|271150
13030|33891|216067|44244
139317|44324|32595|174|211211
328964|3491|1299|198949|35676
29222|6939|28370|263060
24785|1299|8551|44709
20205|1299|29695|206557|205190
28917|6939|1299|20473|395332
48362|1299|3356|28370|268521
553|6939|50989|48116
49028|1299|174|210329|215728
40994|6939|28917|47438
58308|6939|200995
28917|6939|1299|52468|28461
31510|174|3356|3223|41327
56655|1299|8943|200636
198385|174|7311|835|394273
207841|6939|24796|63293
3170|6939|29222|513|20940
999|6453|174|21320|5408|47065|61574
31742|174|21320|5408|50148
1299|7195|11432|271150
41666|20764|52091|206810|59867
199524|3356|1299|6855|39904|202605
19151|2914|12859|47065|61574
327960|174|210329|215728
6696|5511|174|52468|271150
12637|6939|28917|39134
205206|1299|29695|206557|205190
12859|6939|29222|204957
37721|33891|60068|211571
23764|1299|3920|206777
39120|174|6453|29208
44324|32595|174|26057
28917|6939|39791|47493
12637|35598|52091|44660
207841|61049|2914|1299|3920|206777
29222|6939|29208|198605
29222|6939|9136|211479
49605|6762|174|5538|8194|29345
20612|8758|3303|21320|5408|47065|61574
31742|1299|1680|20473|47065|61574
35600|35598|52091|206810|214721|204108
1299|29695|206557|204503
139317|44324|32595|174|46455|12056
44324|32595|174|53667|205398
139317|44324|7720|10111|1299|20473|47065|61574
12779|6939|28370|267608
31510|174|60068|205884
20253|1299|2914|226|47065|61574
12779|35598|52091|206810|210063
29222|6939|2852|197451
577|6830|34927|202827
328840|327727|174|28283|268744|2716
210312|4601|50869|58299|49585
63927|1299|6855|39904|199604
58308|6939|3170|215453
58308|6939|1299|40185
28917|6939|1299|270126
139317|44324|32595|174|19406
42473|1299|2914|226|47065|61574
210312|4601|50869|34019|51306
1299|6204|44592|49581|209693
58308|6939|5405|41981
3170|6939|28917|8491
44324|32595|174|33544|22729
31122|6453|1299|198949|35676
28917|6939|1299|23520|27694
15605|6939|2852|48091
5405|6939|54429
58308|6939|1299|48448
24785|6830|174|52468|271150
28917|6939|1299|23520|267823
34927|1299|6855|50698
4601|50869|213768|204768
3356|174|3130|47065|61574
49788|1299|12859|47065|61574
136557|174|201814|209896
50877|6762|174|399697|39967|399697
139317|44324|32595|18423|137409|6424
6424|7195|28189|266931|269250|271150
15605|35598|52091|206810|12773|211692|196629
8529|1299|60068|216213|205884
6762|174|60068|197103|212080
58308|6939|6830|60068|212238
16552|1299|37468|270551|263047
28917|6939|262485
553|6939|2852|212876
44324|32595|174|51561
6424|6939|60432
3491|174|210|47065|61574
20612|9044|174|1916|47065|61574
29222|1299|34927|202827
198249|9002|8772|215536
2497|1299|6855|39904|47767
174|3257|9498|20473|47065|61574
20764|174|216211|211575
199938|1299|3356|28370|268521
34019|264409|61832|266460|61625
35280|6453|174|210|47065|61574
14315|6453|1299|20473|47065|61574
56655|1299|20473|399970
29222|6939|3170|212683
205206|1299|6453|29208
62167|174|6461|394737
4601|50869|52025|51939
38001|3491|1299|20473|47065|61574
6696|1299|174|216211|211575
44324|32595|174|395512
39351|1299|60068|216213|205884
58308|6939|1299|14080|264718
16552|1299|3491|216211|211575
6461|1299|917|214598
3701|174|35598|52091|206810
7018|3356|28370|263535
1140|24785|1299|10490|2722|12148|47065|61574
398465|174|60068|197103|212080
57866|1299|198949|35676
39122|12859|47065|61574
50629|1299|198949|35676
58057|34549|3257|174|20473|47065|61574
6667|174|20473|47065|61574
29504|15935|174|3257|21034
28917|6939|1299|54082|64150|63293
35600|20473|47065|61574
55222|1299|6855|39904|202605
12779|35598|52091|48158
28917|6939|1299|23520|52468|262179
58308|6939|5405|202656
48070|6939|28917|197078
21412|1299|198949|35676
28917|6939|1299|23520|27665|14789
174|35598|52091|206810|211692|214268|196977
1299|20473|201423
34019|6939|42695
58308|6939|25400|31264
210312|4601|50869|41051|201732
58308|6939|61618|267320
19151|174|56630|209944
58308|6939|1299|394923
28917|6939|200712
199524|3356|1299|6855|39904|199604
207841|61049|174|22381|267470|263047|264389
7018|1299|56630|209944
28917|6939|1299|60068|216213
58299|62255|52091|206810|214210
12307|29691|1299|8551|44709
263237|174|2914|20473|201423
139317|44324|32595|174|395512
327782|37100|174|140227|44324|205369
34019|6939|2852|197451
44324|32595|174|20473|42962|136796
210937|1299|174|22381|267470|263047|264389
47147|2914|174|399697|39967|399697
28917|6939|1299|20473|209300
44324|32595|174|14051|400097
58308|6939|1299|12025|40289
56655|1299|174|3130|47065|61574
58308|6939|1299|56655|212085
60068|1299|6939|28370|263060
3170|174|20723|2852|202874
44324|32595|174|205583
132825|174|22381|267470|263047
35600|35598|52091|206810|210063
29222|6939|199095
917|25369|1299|20473|47065|61574
59689|30781|33891|60068|211571
7594|174|14840|2716
35426|215596|174|11432|271150
38001|3491|174|28189|266931|269250|271150
57111|174|1299|198949|35676
58308|6939|1299|16509|14618|60900
59414|6830|174|52468|262393
513|29222|6939|12735|14789
29691|1299|3257|20473|47065|61574
58308|6939|6830|23520|27696|271971
50629|1680|44709
58308|6939|1299|62917
917|60068|33891|7195|20473|47065|61574
327960|327782|37100|174|140227|44324|205369
3320|174|52468|271150
57111|41327|37468|270551|263047
40994|6939|29222|513|20940
37697|37497|1299|8551|44709
29222|1299|35598|52091|206810
8220|1299|3356|28370|263963
2497|1299|3223|34224|12735
3216|1299|6855|39904|47767
7018|1299|6855|39904|47767
205206|1299|3356|28370|263963
28917|6939|1299|6855|203208
58308|6939|197301|202361
204092|30781|1299|8551|44709
52075|2914|3356|21320|5408|47065|61574
48919|174|204548|215728
15605|6939|28370|270962
398465|4826|1299|60068|216213|205884
7594|174|50509|51032|41344|39707
50877|5405|6939|28370|269016
31742|1299|6762|49666|58224|214805
51185|6762|1299|22773|8119
58308|6939|33891|213913
49028|1299|29049|49666|205647|49801|204533
14537|13786|174|60068|216213|205884
1299|35598|25308|28917|204076
210937|1299|3356|28370|268521
6082|174|11432|271150
58308|6939|6830|23520|27665|14789
7713|1299|8551|44709
559|35598|52091|206810|39558
513|29222|6939|15935|56360
35426|215596|1299|3223|41327
8283|3491|20473|399970
31510|174|30844|21351|60132
44324|32595|174|395506
28917|6461|6057|28283|268744|2716
31742|1299|17676|216211|44324|205369
28917|6939|1299|15557|205461
12637|1299|6855|39904|202605
50628|52025|212895|210320
1299|3356|28370|267556
209|3356|2914|12859|47065|61574
136557|174|399697|39967|399697
4601|50869|52025|214420
207841|6939|28917|21453|199933
8283|50263|201814|209896
210312|4601|50869|6939|2852|202874
196621|6939|28917|6789|200702
45049|6696|1299|56504|47674
28917|6939|1299|20940|36183
8455|1299|7545|20473|47065|61574
553|1299|13335|400095
513|29222|6939|214443
28917|6939|32097|22295|206042
28917|6939|39791|49101|211274
50629|20764|52091|206810|48595
174|20473|30893
58308|6939|30893|199580
207841|6939|25192|20701
22652|1299|3356|28370|264426
3170|35598|52091|206810
58308|6939|33891|206564
5405|6939|215172|214955
44324|32595|174|398734
263152|174|216211|44324|205369
28917|6939|1299|20473|198219
6830|3356|8551|44709
62167|174|22381|267470|263047
19653|2914|12859|47065|61574
139317|44324|32595|174|42313|212986
29222|6939|263047|268105
23764|1299|12859|47065|61574
327727|174|32787|202161
210312|4601|50869|215248
41666|20764|52091|206810|214721
50877|5405|3216|51032|41344|39707
917|60068|174|20473|47065|61574
35600|6939|30893|13214|35634
58308|6939|40994|215472
58308|6939|21430
55720|3491|174|34927|202827
139317|44324|32595|174|55644
20205|1299|32787|202161
12859|1299|3257|19318|209896
44324|32595|174|205544
28917|6939|1299|198949|48851
28917|6939|1299|21277|210767
2734|16735|53062|266493|61625
1140|24785|1299|60068|197103|212080
12389|174|21320|5408|47065|61574
28917|6939|1299|12293
12779|52320|7162|13878|52468|271150
2914|174|8551|20473|47065|61574
174|3356|3223|41327
59414|13030|1299|3920|206777
137409|174|60068|216213|205884
12350|1299|6453|19318|209896
39351|174|12956|212721
42473|1299|60068|197103|212080
1273|1299|20473|47065|61574
40994|57463|22356|52468|271150
8220|3491|174|14840|269288
132337|1299|3920|206777
4637|1299|201814|209896
293|3356|1299|201814|209896
1299|3257|204548|215728
2914|1299|34927|202532
6424|6939|28917|39238|49392|9098
47957|28917|215730|209693
29222|6939|7018|6431
41666|20764|52091|206810|196767
57111|41327|215551|30893|13214|35634
50628|1299|3257|204548|215728
28917|6939|1299|20473|40574
553|9002|12555|210827
51519|39351|174|3356|28370|268521
210312|4601|50869|41051|25538
57381|50304|1299|3356|28370|267608
207841|6939|2852|198500
35426|215596|174|60068|205884
206356|50629|1299|20473|399970
49028|1299|4230|2716
6424|6939|28370|28657
52075|33891|216067|44244
202032|8772|215536
44324|32595|174|26388
4601|6939|28917|197078
12859|7195|28189|266931|271615|273522|271150
34854|1299|6762|267470|263047
40994|6939|28917|206011
12859|1299|8551|44709
398465|4826|1299|3920|206777
58308|6939|6830|58299|211286
210937|1299|174|20473|47065|61574
207841|7195|28189|266931|271615|273522|271150
327782|5511|174|8551|20473|47065|61574
6762|1299|201814|209896
58308|6939|1299|5518
14315|174|1299|8551|44709
6424|6762|1299|198949|35676
12779|6939|2852|202874
1280|1299|12859|47065|61574
60068|1299|34927|202827
50629|20473|47065|61574
58308|6939|39791|49101|51449
50628|1299|20473|399970
23367|1299|6461|210|47065|61574
28917|37271|20473|47065|61574
577|1299|8551|44709
58057|174|21700|399914
29680|174|1916|47065|61574
327804|37271|174|60068|216213|205884
8220|1299|3356|8119
8283|6939|25192
29222|6939|7018|400005
8220|6453|174|28189|266931|271615|273522|271150
63927|1299|60068|211571
40994|174|28189|266931|269250|271150
328512|5713|174|140227|44324|205369
64475|20473|47065|61574
6667|28917|215730|209693
29222|6939|56595|209082
35600|21351|60132
29222|6939|28370
20055|174|201814|209896
17350|3356|21320|5408|47065|61574
29680|174|5538|8194|29345
6720|1764|174|210|47065|61574
6424|6939|28917|21453|199933
559|6939|28370|28657
139317|44324|32595|18423|137409|6461|1299|25091|8298|4601
39122|174|20723|2852|202874
1828|1299|20473|47065|61574
7500|2497|1299|8551|44709
209650|34927|174|22381|267470|263047|264389
28917|6939|1299|200478
3356|2914|12859|47065|61574
174|11432|271150
49028|25091|8298|4601|4492
58308|6939|1299|397774
6830|6939|28370|263535
12859|22356|28370|28657
208972|33891|216067|44244
207841|6939|2852|197451
136557|174|37468|61568|266460|61625
6424|21320|5408|47065|61574
58308|59689|29075|174|216211|211575
205206|1299|8551|44709
3170|6939|393682
16552|1299|8551|20473|47065|61574
139317|44324|32595|174|209847|215540
29222|6939|197301|202361
28917|6939|1299|6855|29148
46450|1299|3257|60068|206406|210557
28917|6939|1299|17072|272336
8220|1299|60068|211571
1299|9002|8772|215536
1299|6939|28370|263535
28917|6939|393682
204092|6939|28917|39238
29504|15935|6830|34927|202827
56655|1299|7195|28283|268744|2716
271253|6453|174|399697|39967|399697
58308|6939|9136|211479
55222|174|3356|16735|273514
398465|1299|6855|39904|199604
55720|3491|174|37468|61568|266460|61625
44324|32595|174|43160|201121
42541|9498|20473|47065|61574
34927|1299|4230|52654|266493|61625
205206|1299|37468|270551|263047
58308|6939|7018|26153
28917|6939|1299|18734|28545
28917|6939|1299|20473|14270
204092|30781|1299|20473|399970
7018|3356|28370
56987|1299|6855|39904|199604
28917|6939|1299|23520|10269|264640
37105|36994|1273|1299|20473|399970
35600|6939|42695|52011
136557|174|14840|2716
58308|6939|6830|23520|46650
58308|6939|28917|43714
42473|1299|174|210329|215728
58308|6939|33891|209040
58308|6939|7018|22216
41327|1299|20473|201423
59105|2518|1299|8551|20473|47065|61574
16552|1299|56630|209944
28917|6939|1299|8151|270219
12859|1299|20473|47065|61574
398465|174|21320|5408|47065|61574
3130|174|3257|21034
40387|1299|29695|206557|204503
6830|60068|211571
28917|6939|1299|32097|401132
35369|1764|1299|198949|35676
42541|8551|20473|47065|61574
28917|6939|1299|31242
50629|174|3130|47065|61574
49605|6762|1299|6855|39904|202605
13237|1299|3356|16735|273514
20055|174|37468|61568|266460|61625
148968|1299|174|210329|215728
35600|35598|52091|206810|57164
199938|1299|3257|60068|206406|210557
51088|2914|174|399697|39967|399697
50629|215551|30893|13214|35634
47692|3356|1299|10490|2722|12148|47065|61574
151326|174|35598|52091|206810|211692|214268|196977
12350|1299|6453|4755|7768
58308|6939|6830|59776
398465|1299|33891|216067|44244
58308|6939|1299|62255|215828
34019|6939|60432
15605|6939|28370|264426
58308|6939|1299|44654
24785|6830|174|20473|47065|61574
139317|44324|32595|174|19750
28917|6939|1299|54600
55720|2914|1299|6855|50698
1299|3356|216211|211575
210312|4601|50869|41051|200372
28917|37468|53062|266493|61625
35008|1299|174|37468|61568|266460|61625
58308|6939|54429|401894
38001|3491|1299|198949|35676
47147|1299|174|37468|61568|266460|61625
49028|1299|3356|28370|263535|268030
3257|28917|215730|209693
35008|1299|3356|14840|269288
28917|6939|47160
6057|6461|1299|3920|206777
9268|4764|1299|8551|44709
6730|6830|174|20473|47065|61574
23367|1299|29695|206557|208835
398465|4826|15412|33891|216067|44244
48362|1299|174|3130|47065|61574
328206|37739|3491|174|11432|271150
15935|174|30844|21351|60132
58057|50673|174|20723|2852|202874
58308|6939|48678|211804|208913
50304|1299|3356|20473|47065|61574
2027|6696|1299|20473|201423
28917|6939|7018|22317
4601|50869|44324|198304|204518
29222|43531|1200
9044|174|22381|267470|263047|264389
50629|6939|42695|43101
140627|2914|174|20473|47065|61574
40994|174|11432|271150
12859|22356|28370|273514
553|8551|44709
13237|1299|3356|28370|267608
48070|6939|28917|21453|48149
58308|6939|6830|23520|267708|274330
6424|30844|21351|60132
59414|13030|1299|198949|35676
28917|6939|1299|25899|25905
7018|1299|25091|8298|4601|4492
44324|32595|174|33811
139317|44324|32595|174|53667|216340
12859|14840|2716
44324|32595|174|397496
48362|1299|6461|394737
263152|174|2914|20473|399970
50628|1299|4230|2716
32590|1299|60068|216213|205884
58308|6939|33891|12337
28917|6939|1299|262206|18809
12859|1299|6855|39904|202605
31742|1299|3356|28370|263535|268030
51088|8455|1299|6855|39904
138997|216211|44324|215172|214955
3356|174|11432|271150|272738
58308|35598|52091|206810|214721|204108
28917|6939|1299|23520|262191|274039
28917|8359|57304|209693
28917|6939|2852|200874
58308|6939|1299|56898
28917|6939|1299|23520|264821|274129
139317|44324|32595|174|2018|8094
34019|6939|2852|200874
132337|1299|20473|47065|61574
12350|1299|6855|39904|47767
3399|5511|1299|20473|399970
59689|30781|1299|6855|39904|47767
28917|6939|1299|20473|44421
64475|62255|52091|206810|57164
999|6453|174|140227|44324|205369
7018|6939|50989|205966
34854|1299|3356|28370|267608
553|174|20473|47065|61574
6894|174|10490|2722|12148|47065|61574
13830|971|174|210329|215728
34019|7195|28189|266931|271615|273522|271150
5413|1299|6453|1031|61568|266460|61625
59414|6830|3356|28370|28657
35280|6453|174|204548|215728
5713|3491|174|37468|61568|266460|61625
36994|3356|21320|5408|47065|61574
64475|12859|47065|61574
12969|1299|3223|41327
41722|20485|174|52468|271150
3130|174|6461|394737
35280|1299|8551|44709
44324|32595|174|213035
58299|137409|48011|25184|49801|204533
263152|174|60068|211571
3399|5511|174|52468|262393
44324|32595|174|44222|209847
174|35598|52091|44660
61568|174|21320|5408|50148
35600|6939|42695|43101
35600|6939|196610|48927
199524|1299|20473|47065|61574
4601|50869|211024
12969|1299|12956|212721
37468|1299|6855|39904|202605
28917|6939|1299|60068|197103|203748
48070|1299|6762|267470|263047
20253|1299|3356|28370|267556
4601|50869|58299|209898|199553
58299|62255|52091|206810|12773|57005
40994|57463|41327|57264
16347|1299|3257|60068|206406|210557
58308|6939|1299|6424|47787
55222|1299|7195|28260|270548|52794|52659
29632|8455|8283|47065|61574
50628|33891|216067|44244
34927|60011|3356|1299|20473|47065|61574
3130|174|35598|52091
1836|8455|8283|47065|61574
21412|1299|2914|226|47065|61574
40994|6939|196610
44324|32595|174|397423
8660|1267|1299|6453|19318|209896
5511|1299|20473|399970
132825|174|35598|52091|48158
20205|1299|6762|267470|263047
6908|2603|21320|5408|47065|61574
50877|5405|6939|2852
52873|12956|1299|10490|2722|12148|47065|61574
28624|4230|33891|216067|44244
40994|6939|28370|267556
28917|6939|1299|21859|149042
207841|7195|11432|271150
8218|6461|174|210329|215728
28917|6939|1299|273299
4775|6453|1299|29695|206557
3130|174|35598|52091|44660
2516|1299|198949|35676
1299|3356|28370|264426
34177|174|37468|53062|266493|61625
57866|5511|174|52468|271150
35598|174|204548|215728
44324|32595|174|20473|47065
210312|4601|8298|25091|1299|3920|206777
58308|6939|1299|20473|398549
4230|1299|29695|206557|204503
28917|6939|1299|60610|201471
7594|3356|1299|34927|202532
327804|37271|174|5538|8194|29345
15576|174|3130|47065|61574
205206|1299|174|22381|267470|263047|264389
12779|2603|21320|5408|47065|61574
20253|1299|37468|270551|263047
35008|1299|3356|16735|2716
35598|174|3356|8119
46450|1299|20473|201423
8529|1299|3257|210329|215728
6830|3356|3216|51032|41344|39707
139317|44324|32595|174|55022
58308|6939|212635
209|3356|1299|6855|39904|199604
6696|1299|6855|39904
64475|6939|200070
34927|56655|1299|37468|52468|262393
15605|35598|52091|206810|12773|47809|59478
132337|8966|21320|5408|47065|61574
6667|1299|20473|399970
28917|6939|1299|20473|398565
4901|11537|20965|5408|47065|61574
2914|1299|6855|39904|199604
6424|174|210329|215728
7594|174|37468|61568|266460|61625
28917|6939|1299|20473|136184
28917|6939|1299|4213
31742|174|20723|2852|202874
48919|35320|1299|198949|35676
35625|3257|174|20473|47065|61574
35600|35598|52091|206810|59867
29222|6939|50989|50683
28917|6939|6830|23520|262191|274248
2497|1299|20473|201423
210312|4601|50869|52112
35266|1299|35598|52091|206810
12859|2603|21320|5408|50148
5405|6939|2852|197451
34288|1299|60068|197103|212080
513|29222|6939|35168|48716
12779|174|201814|209896
174|37468|270551|263047
553|1299|3920|206777
140627|1299|5511|49666|58224|214805
6762|1299|6855|39904
49544|18779|174|210329|215728
398465|1299|3257|60068|206406|210557
44393|394256|174|20473|47065|61574
48070|1299|174|3130|47065|61574
20514|1299|29049|49666|205647|49801|204533
271253|6453|174|8551|20473|47065|61574
4601|9498|20473|47065|61574
44324|32595|174|262901|273630
559|35598|52091|206810|50204
28634|4230|1299|34927|202827
58308|4601|4492
20253|1299|60068|211571
2497|2603|21320|5408|47065|61574
553|6461|4637|20473|47065|61574
28917|6939|1299|25400|49082
14907|1299|174|20473|47065|61574
6730|6830|174|14840|2716
22652|174|3356|8119
28917|6939|1299|52468|274169
58308|6939|28917|50009
41327|6939|393682
3130|174|1299|6939|24796|63293
58308|6939|1299|209635
50304|1299|60068|211571
47147|1299|9002|8772|396416
6830|6939|2852|213152
42541|1299|174|20473|47065|61574
28917|6939|1299|20473|398549|216321
15605|6939|29222|207688
209|3356|174|201814|209896
271253|174|35598|52091|206810
553|1299|6939|28370|263060
12779|37271|20473|47065|61574
15935|174|52468|262393
1273|1299|198949|35676
6082|174|204548|215728
4775|1273|174|3130|47065|61574
327804|37271|3257|1299|198949|35676
35426|215596|1299|6855|39904|47767
48362|1299|3356|28370|268198
1299|37468|60068|216213|205884
394256|174|12956|212721
210312|4601|50869|41051|214763
17660|2914|174|37468|61568|266460|61625
42541|62255|52091|206810|211101
12637|1299|174|22381|267470|263047|264389
50877|5405|6939|30893|13214
1299|22773|8119
3257|174|5538|8194|29345
6830|6939|28917|47759
58308|6939|1299|31898
28917|6939|1299|205890
41327|4601|4492
20130|23352|2914|174|210|47065|61574
47160|174|3130|47065|61574
513|29222|6939|50698
6830|3356|22381|267470|263047|264389
6424|9002|12555|48430
41095|33891|216067|44244
3170|174|1299|20473|47065|61574
151326|174|20723|2852|202874
48070|20473|47065|61574
28917|6939|1299|16509
3491|1299|6855|39904|202605
398465|4826|1299|20473|47065|61574
16347|1299|37468|270551|263047
20055|1299|21351|60132
6730|6830|174|8899
7018|6939|2852|201648
33891|29632|59682
28917|6939|7018|4473|13979|2576
205206|1299|7195|28260|270548|52794|52659
48070|6939|29222|513|21449
3399|5511|1299|3920|206777
204092|6939|28917|197078
42473|1299|174|140227|44324|205369
49788|1299|3356|8119
148968|7474|3257|1299|20473|201423
4601|50869|6939|2852|204772
8455|21320|5408|47065|61574
35600|6939|28370|263060
398465|7922|1299|3920|206777
34927|5405|1299|20473|47065|61574
59689|30781|1299|3920|206777
196621|15576|174|1916|47065|61574
28917|20764|52091|206810|196638
51519|39351|1299|6855|39904
50629|20764|52091|206810|196638|42702
7713|174|21320|5408|47065|61574
559|25180|1299|198949|211049
553|62255|52091|206810|208435
50304|1299|7195|28189|266931|269250|271150
32590|1299|3356|16735|273514
58299|34549|1299|3920|206777
48070|1299|60068|197103|212080
28917|6939|1299|18616
17350|2914|174|5538|8194|29345
210312|4601|9002|12555
28917|6939|1299|20473|54721
41666|20764|52091|206810|213694
210312|4601|50869|59645|216355
58057|174|8551|20473|47065|61574
8298|25091|1299|3223|41327
28917|6939|28370
44324|32595|174|53667|212237
49028|1299|3257|20473|47065|61574
13237|1299|37468|270551|263047
28917|6939|1299|62874|203020
45352|174|204548|215728
58308|6939|28917|47438
196621|6939|25192
12956|1299|3216|51032|41344|39707
42541|62255|52091|206810|34786
8298|25091|2603|21320|5408|47065|61574
48362|1299|174|204548|215728
36924|1299|174|22381|267470|263047|264389
852|174|37468|61568|266460|61625
6830|6939|39790
28917|6939|1299|3249
58308|6939|29208|62083
7474|7473|1299|3216|51032|41344|39707
12779|7195|28343|2716
8283|20764|52091|206810|8274
204092|6939|28917|50009
1267|1299|6855|39904
174|12389|49666|205647|49801|204533
42541|37468|53062|266493|61625
62167|3356|1299|3920|206777
139317|44324|32595|174|12310|44679|201308
513|29222|6939|199095
60068|1299|9002|8772|396416
48070|1299|12956|212721
58308|6939|7018|400393
139317|44324|32595|174|54994
34927|56655|1299|7195|28189|266931|271615|273522|271150
56655|1299|174|204548|215728
29680|174|20473|47065|61574
50629|9002|8772|215536
48362|1299|198949|35676
35008|1299|6453|19318|201813
58308|6939|1299|52468|271977
48185|3356|174|3130|47065|61574
204092|6939|28917|48084|199961
20205|1299|60068|211571
207841|6939|28917|25386
64475|6939|29222|41495|206202
9268|4764|1299|33891|216067|44244
6696|1299|20473|47065|61574
60326|34872|60144|1299|174|37468|61568|266460|61625
29222|6939|39790
28917|6939|1299|21351|394485
2500|2914|174|5538|8194|29345
28917|6939|7018|4196
28917|6939|1299|51407
513|29222|6939|61618|268492
28917|6939|1299|20473|202929
6424|9304|136237|174|137995|136237
35600|6939|50989|205966
20932|33891|216067|44244
199524|1299|6453|60068|216213|205884
139317|44324|32595|174|400702
12307|29691|1299|12956|212721
22652|174|22381|267470|263047|264389
8298|25091|1299|10490|2722|12148|47065|61574
24785|6830|174|11432|271150
2734|13335|400095
48070|6939|28917|21453|201646
29222|6939|6830
12956|3356|21320|5408|47065|61574
210312|4601|50869|44324|139299
3216|12389|28917|215730|209693
19151|33891|216067|44244
47692|33891|60068|211571
553|6939|30893|13214|35634
210312|4601|6939|28917|20985
51873|24889|13030|21320|5408|47065|61574
58308|6939|6830|23520|11139|399915
140627|1299|3356|28370|53079
4181|1299|8551|20473|47065|61574
12859|57463|14840|269288
58308|6939|29208|209847|26383
513|29222|6939|262365|263433|268967
28917|6939|6424
15935|6461|23352|20473|47065|61574
28917|6939|1299|60068|197103|400883
44324|32595|174|46265
553|62255|52091|206810|24881|24697
45049|6696|1299|20473|399970
44324|32595|174|31775
213241|9002|21320|5408|47065|61574
6424|6939|50989
139317|44324|32595|174|6621|265705
559|35598|52091|206810|48595
49432|48362|1299|174|22381|267470|263047|264389
52025|174|28189|266931|271615|273522|271150
6667|174|60068|205884
151326|174|3257|60068|206406|210557
59414|6830|174|204548|215728
58308|6939|1299|199524
28917|6939|209097
139317|44324|32595|174|51847|215269
28624|61568|174|10490|2722|12148|47065|61574
44324|32595|174|53667|201517
140627|2914|3356|21320|5408|47065|61574
8280|6762|1299|34927|202532
58308|6939|2852|197451
7594|174|216211|44324|205369
39351|1299|6855|39904
34288|1299|20473|399970
5413|1299|198949|35676
12779|6939|50989|33837
31510|174|3257|19318|209896
58308|6939|33891|20830
44324|32595|174|32244|201682
3491|1299|34927|202827
58308|6939|1299|9929|4808
199524|47311|150249|212001
6830|9002|197068
12956|1299|6855|39904|199604
8283|6939|28370|264426
196621|6939|30893|13214|35634
15605|6939|30893
34019|3223|41327
328964|3491|1299|8551|44709
30781|5511|174|37468|61568|266460|61625
31742|1299|33891|216067|44244
42541|1299|3920|206777
21700|174|21320|5408|50148
12779|35598|52091|206810|34786
64475|7195|28189|266931|269250|271150
31742|1299|6762|267470|263047
59891|13030|12859|47065|61574
8283|6939|30893|13214
58308|6939|1299|32723
28917|6939|1299|23520|265561
210312|4601|6939|28917|6789
42541|62255|52091|206810|211692|214268|196977
29222|6939|47160|205669
4601|6939|28917|47438
40387|1299|8551|44709
6830|3356|16735|266931|269250|271150
12956|1299|20473|201423
553|174|60068|216213|205884
41722|12389|174|3130|47065|61574
577|6830|60068|216213|205884
196621|6939|2852|199711
58299|62255|52091|206810|214721
6830|6939|28917|48084
60068|33891|12859|47065|61574
58308|6939|48678|212598
58308|6939|1299|25956
34854|1299|6855|39904|199604
59103|2907|20965|5408|47065|61574
20205|174|37468|61568|266460|61625
29222|6939|30893
49028|1299|6939|30893
4601|50869|215828|215375
3491|174|22381|267470|263047|264389
29140|286|1299|198949|35676
6424|174|3130|47065|61574
49028|1273|6204|44592|49581|209693
1273|174|14840|269288
12779|56630|209944
59414|6830|174|399697|39967|399697
44324|32595|174|15121
12859|37468|60068|216213|205884
6424|6939|59689
196621|9002|8772|215536
29504|39392|33891|266493|61625
513|29222|6939|263047|269680
31742|174|140227|44324|205369
38001|3491|174|35598|52091|206810
49544|1299|174|60068|205884
28917|6939|1299|23520|262191|266774
8283|6774|36947|174|36891
28917|6939|56595|215742
1257|1299|198949|35676
58308|6939|1299|20473|199459
2518|2914|174|37468|61568|266460|61625
51519|39351|1299|4637|20473|47065|61574
2914|174|210329|215728
12779|35598|52091|206810|48687
9900|23764|3356|174|1916|47065|61574
63927|1299|12956|212721
204092|6939|28917|47759
35008|1299|3920|206777
28917|6939|1299|42313
50304|1299|3356|28370
917|60068|33891|917|214598
12859|1299|12956|212721
50877|5405|6939|25192
6082|2914|30058|216211|44324|215172|214955
31510|174|1299|3920|206777
28917|6939|1299|34628
17639|174|14840|2716
30781|1299|6855|39904|47767
25091|12859|47065|61574
328206|37739|3491|174|60068|205884
29504|15935|174|20473|47065|61574
58308|6939|50629|207252|207196
58308|6939|1299|60068|216213|215427
34177|1299|3257|20473|47065|61574
6424|62255|52091|206810
15576|3356|21320|5408|47065|61574
553|29632|215536
58308|6939|7018|29992
42541|1299|6855|39904|47767
4601|50869|52025|208755
35266|2914|3356|21320|5408|47065|61574
34800|58057|50673|174|1299|20473|201423
196621|6939|28917|50045
34800|58057|50673|174|3356|28370|28657
29680|174|11432|271150|272738
34288|174|1916|47065|61574
28917|6939|6830|204210
34927|60011|3356|1299|6855|39904|199604
29222|6939|25400|200139
28917|6939|1299|137366|137363
58299|62255|52091|206810|34786|34789|34786
6908|174|35598|25308|28917|204076
51519|39351|174|37468|270551|263047
139317|44324|32595|174|394449
37053|37100|1299|8551|44709
210312|4601|50869|34019|204092|208567
29222|6939|60432
917|60068|1299|9002|8772|396416
28917|6939|1299|198949|25773
50628|1299|12956|212721
57111|41327|7195|28189|266931|269250|271150
35598|174|28189|266931|271615|273522|271150
30781|1299|6855|39904|199604
174|140227|44324|205369
58308|6939|7794
136557|174|37468|53062|266493|61625
139317|44324|32595|174|216371
37105|36994|3356|21320|5408|47065|61574
14315|2914|174|5538|8194|29345
6424|6939|25192|26710
8220|1299|2914|226|47065|61574
6424|6939|28370|263535
28917|6939|1299|12189|400672
48070|6939|24796|63293
22652|174|3356|16735|273514
6908|174|20473|47065|61574
2516|1299|2914|226|47065|61574
559|6939|30893|204789
3303|21320|5408|47065|61574
12779|16276|203019
148968|7474|7473|1299|34927|202532
44324|32595|174|14960|19551
40994|6939|50989|33837
174|1299|6855|50698
58308|6939|1299|20473|40138
140627|1299|3223|41327
559|56630|209944
58308|6939|1299|16552
17639|1299|20473|47065|61574
139317|44324|32595|174|395506
209|3356|1299|198949|35676
12859|1299|174|210329|215728
48070|1299|3356|28370|53079
139317|44324|32595|174|44222|209847
2497|174|52468|262393
271253|6453|1299|20473|47065|61574
64475|6461|210|47065|61574
207841|6939|16652
28917|6939|1299|52468|23031|23246
50673|174|3257|60068|206406|210557
3170|6939|54429|401894
207841|20473|47065|61574
55222|174|3356|28370|28657
28917|6939|1299|60068|397032
41666|33891|216067|44244
139317|44324|32595|174|402062|400164
28917|6939|1299|12189
52025|174|12956|212721
28917|6939|7018|7743
4775|6453|1299|29695|206557|204503
23367|1299|3356|28370|263535|268030
57695|917|60068|174|1916|47065|61574
35426|215596|1299|6453|29208
28917|3257|1299|198949|35676
44324|32595|174|397384
56655|1299|7195|28189|266931|269250|271150
35008|1299|6762|16735|273514
14907|1299|34927|202827
5413|1299|12859|47065|61574
58308|35598|52091|206810|34786
132825|174|399697|39967|399697
58308|6939|1299|396993
58308|6939|7018|7287
35600|6939|2852|212876
6453|1299|12859|47065|61574
40387|1299|6762|267470|263047
196621|9002|12555
28917|6939|1299|203846
12859|6461|7473|38001|25192
35598|174|52468|271150
151326|174|21320|5408|50148
4601|50869|41051|211509
29222|6939|42184|196731
12859|1299|37468|270551|263047
37497|3491|174|210|47065|61574
12956|6830|60068|216213|205884
2914|30058|216211|44324|215172|214955
4181|3491|5408|47065|61574
58308|6939|6830|6730|213081|211535
28917|6939|42695
136557|174|35598|25308|28917|204076
139317|44324|32595|174|17451
36924|1299|60068|211571
23473|174|37468|61568|266460|61625
19151|2914|174|20473|47065|61574
8280|6762|1299|20473|47065|61574
6461|174|60068|216213|205884
48185|1299|3257|60068|206406|210557
58057|34549|1299|17676|216211|44324|205369
29504|39392|174|3130|47065|61574
6830|6939|28917|43714
3130|174|60068|197103|212080
8220|1299|29695|206557|208835
39122|1299|3257|60068|206406|210557
58308|6939|1299|213138|202169
12637|59692|12555
44324|32595|174|48266|61112
23367|1299|10490|2722|12148|47065|61574
196621|6939|28370|264426
3170|6939|39790
971|174|6453|4755|7768
35008|1299|12859|47065|61574
59105|2518|1299|60068|216213|205884
8283|35598|52091|48158
210312|4601|50869|57777
210937|1299|3356|28370|267608
37468|1299|3920|206777
12637|1299|6855|39904|47767
15692|2914|3257|28917|215730|209693
44324|32595|174|393770
328512|5713|174|210329|215728
215596|1299|20473|399970
553|52320|7162|13878|52468|271150
49788|1299|6453|19318|209896
52925|3356|1299|6855|39904|199604
139317|44324|32595|174|44372
34927|1299|3356|28370|267608
58308|6939|1299|12025|402106
28917|6939|1299|20473|401815
49432|48362|1299|174|20473|47065|61574
39351|174|6453|29208
28917|6939|1299|11492
30781|1299|3920|206777
12779|35598|52091|206810|211692|214268
34019|6939|30893|204789
58308|6939|1299|1759
20253|1299|3257|60068|206406|210557
35008|1299|198949|35676
20912|12637|20473|47065|61574
4230|174|20723|2852|202874
6424|37517|1299|6758|37649
29222|6939|271150
3214|1299|10490|2722|12148|47065|61574
17350|3356|174|3130|47065|61574
41327|6939|30893|205563
58308|6939|1299|26073|401698
12637|6939|25192|29067
7720|10111|1299|8551|44709
271253|6453|174|1916|47065|61574
4601|50869|44324|216299
210312|4601|50869|205369
8283|6939|28370|270962
57381|50304|1299|7195|20473|47065|61574
24516|174|37468|53062|266493|61625
58308|6939|1299|60068|200325
3320|1299|56630|209944
553|6939|28917|48084
44324|32595|174|25829
262427|174|7311|835|394273
58308|39801|29222|204957|202051
29075|1299|60068|216213|205884
37739|3491|174|1916|47065|61574
58308|6939|1299|20473|35085|210960
199524|174|2914|20473|47065|61574
58308|6939|1299|63139
34927|174|140227|44324|205369
24482|6453|1299|20473|47065|61574
44324|32595|174|62807
139317|44324|32595|174|17056
1299|6939|50989|33837
44324|32595|174|397723
64475|6939|33924
577|33891|60068|211571
327727|174|210329|215728
1221|4637|1299|201814|209896
6730|6830|9002|12555|48430
205206|1299|174|60068|205884
34854|1299|7195|20473|47065|61574
40994|9002|12555
31742|1299|3356|28370|264426
559|47065|61574
33891|216067|44244
8283|3320|6855|39904|202605
51873|6830|174|10490|2722|12148|47065|61574
56987|174|210329|215728
28917|6939|1299|3223|202673
44324|32595|174|7497
32590|1299|12956|212721
32590|4637|6461|174|37468|61568|266460|61625
58057|174|60068|197103|212080
49788|174|1916|47065|61574
8283|6939|42695
20205|1299|29049|49666|205647|49801|204533
50877|5405|6939|42695
4775|1273|174|8551|20473|47065|61574
327960|174|35598|52091|44660
553|1299|3356|28370|267556
31122|174|60068|216213|205884
328840|327727|174|210329|215728
204092|6939|28917|24651
3170|57463|14840|2716
28917|6939|1299|15164|22379
7018|6939|28370|263060
50628|33891|60068|211571
1299|6453|19318|209896
25091|6453|174|20473|47065|61574
50877|5405|1299|174|37468|61568|266460|61625
34927|56655|1299|174|20473|47065|61574
15562|2914|12859|47065|61574
21700|174|60068|205884
28917|6939|6830|23520|54082|263725|271981
139317|44324|32595|174|13249
35426|215596|1299|3356|28370|263535|268030
47147|1299|3356|28370|268521
8283|20764|43298|48678|213865
28917|6939|1299|20473|211437
4601|50869|6939|25192
42541|1299|201814|209896
51873|6830|6762|16735|273514
58308|6939|1299|36692
28917|6939|1299|14522
263237|174|1299|12859|47065|61574
210312|4601|50869|199310|207529
58308|6939|15935|197451|201263
139317|44324|32595|174|15695
44324|32595|174|263237|266830|28120
58299|174|60068|197103|212080
15605|35598|52091|206810|35273
58308|6939|1299|49604
136557|174|11432|271150|272738
50877|5405|6939|24796|63293
3356|1299|6855|39904|199604
12307|29691|1299|60068|216213|205884
31510|33891|216067|44244
29222|6939|39791|49101
59689|29075|174|20473|47065|61574
58308|6939|29670|213341
42473|1299|6855|39904
58308|6939|1299|26211
5413|1299|35598|52091|206810
559|6939|24796|63293
35008|1299|3257|60068|206406|210557
64475|62255|52091|59815
58308|6939|1299|210937|11930
34019|6939|215172|214955
263237|174|2914|226|47065|61574
8283|20764|52091|206810|34786
50304|1299|6855|39904
28917|6939|1299|21738|200242
999|6453|1299|20473|399970
174|210329|215728
13830|971|174|1299|6855|39904
59414|6830|6762|267470|263047
210312|4601|50869|199310
16552|1299|174|3130|47065|61574
6424|6939|28917|20985
58308|6939|1299|32374
4601|6939|28917|39134|39561|197695|210550
210312|4601|50869|51087
16347|1299|33891|216067|44244
34927|1299|6762|49666|58224|214805
58308|6939|42184
50629|1031|266493|61625
14907|1299|12859|47065|61574
45352|4657|33891|216067|44244
44324|32595|174|393524
15605|6939|30893|13214|35634
1299|174|140227|44324|205369
15547|33891|216067|44244
9268|4764|1299|6855|50698
207841|6939|28917|47478
202365|50673|174|21320|5408|47065|61574
14537|13786|174|3130|47065|61574
58308|6939|1299|134521
28917|6939|1299|11172|265586
57695|917|60068|1299|21351|60132
28917|6939|1299|46475|142036
29169|174|399697|39967|399697
44393|394256|174|1299|8551|44709
47147|1299|6939|200303
58308|6939|29670
34927|56655|1299|6762|49666|58224|214805
28917|20764|52091|206810|196638|42702
41327|174|10490|2722|12148|47065|61574
29169|1299|198949|35676
29222|6939|29208|209847|26383
28917|22356|52468|271150
139317|44324|32595|174|394814
28917|6939|7018|46488
28917|6939|1299|60068|216213|216349
2497|174|204548|215728
16552|1299|174|60068|205884
37497|1299|6855|39904|202605
12859|22356|28370|263535
37100|1299|6855|39904
6830|4637|20473|47065|61574
29680|3257|1299|20473|47065|61574
6830|6939|28917|198297|51081
210312|4601|50869|52025|57851
58308|6939|7018|40289
29222|6939|2852|212876
37053|37662|174|399697|39967|399697
31122|2603|21320|5408|47065|61574
4764|1299|6855|39904
1103|6830|3356|28370|268521
34927|6830|60068|216213|205884
35600|9002|12555|48430
680|2914|174|5538|8194|29345
11845|37468|174|11432|271150|272738
28917|6939|1299|20473|212237
34177|33891|44592|49581|209693
15935|174|3356|16735|2716
12779|35598|52091|206810|196767
34019|47160|174|3130|47065|61574
45352|1299|6855|39904|47767
216285|8280|6762|174|60068|197103|212080
6830|6939|28917|201119
34177|1299|174|20473|47065|61574
25220|1299|8551|44709
58308|6939|6830|23520|54082
7922|1299|198949|35676
28917|6939|1299|23520|27665|263222|274045
577|3491|5408|47065|61574
47160|174|8551|20473|47065|61574
34854|14840|269288
198249|52320|7162|13878|52468|271150
58057|50673|174|7195|20473|47065|61574
28917|6939|1299|1759|51164|210167
6082|2914|1299|3920|206777
63927|1299|3920|206777
1299|7195|20473|47065|61574
25091|33891|60068|211571
210937|1299|3356|28370|267556
28917|6939|1299|23520|22724
58308|6939|7018|25996
58308|6939|6830|23520|52228|263785
12307|29691|1299|20473|399970
42541|1299|3257|19318|201813
12637|1299|22773|8119
44324|32595|174|210477
28917|6939|1299|210021
35008|1299|201814|209896
58308|6939|1299|60068|208414
64475|6204|208972|210538|6775|13030|4637|133398
34927|1299|6855|39904|47767
28917|6939|1299|394353
16552|1299|29695|206557|208835
3257|174|399697|39967|399697
35369|1764|1299|3920|206777
59891|13030|1299|20473|47065|61574
38001|3491|174|201814|209896
44324|32595|174|15326
271253|6453|174|20473|47065|61574
6830|3356|25091|8298|4601|4492
28917|6939|1299|40785
21700|174|1299|8551|44709
174|20473|47065|61574
24516|174|3356|28370|28657
15547|174|210329|215728
3701|174|204548|215728
31510|174|1299|8551|44709
6424|6939|2852|202874
852|174|28189|266931|271615|273522|271150
58308|6939|1299|210892
553|6939|25192|29067
51184|47692|33891|12859|47065|61574
38001|3491|174|20473|47065|61574
35598|174|3356|16735|273514
139317|44324|32595|174|54706
7018|3356|53062|266493|61625
210312|4601|50869|41051|207529
44324|32595|174|53667|199343
12389|174|20473|47065|61574
12637|174|3130|47065|61574
28917|6939|1299|23520|11139|399915
30600|174|37468|61568|266460|61625
20485|174|3257|21034
199524|1299|3356|28370|263535
25160|1299|6855|39904|47767
28917|6939|6830
139317|44324|32595|174|3356|7195|52863|270956
58308|6939|1299|26375
28917|6939|1299|29551|202701|200486
50673|174|3130|47065|61574
139317|44324|32595|174|205148
917|60068|174|21320|5408|47065|61574
44324|32595|174|53667|200329
210312|4601|50869|6939|39790
34927|1299|20473|399970
44324|32595|174|9457
139317|44324|32595|174|13819
12969|1299|6762|267470|263047
2734|3257|174|201814|209896
28917|6939|7018|6621|28613
58308|6939|1299|208905|206446|35793
58308|6939|7018|401623
209650|34927|174|20473|47065|61574
559|37468|53062|266493|61625
38136|50131|36236|174|140227|44324|205369
210312|4601|50869|205154
6453|1299|33891|216067|44244
49432|48362|1299|3356|28370|263963
6830|1299|60068|197103|212080
4608|1221|4637|33891|216067|44244
13786|2914|12859|47065|61574
58308|6939|33891|47147|197540
3170|174|20473|47065|61574
58308|6939|268624
559|14840|269288
58308|6939|7018|1751
56655|1299|3356|8772|215536
205206|1299|29695|206557|204503
7660|2516|1299|34927|202532
8220|1299|12859|47065|61574
6453|1299|201814|209896
8280|6762|174|3130|47065|61574
49544|2603|21320|5408|47065|61574
58308|35598|52091|206810|48687
28917|8298|4601|4492
53828|3257|1299|20473|47065|61574
8283|20764|52091|206810|39558
139317|44324|32595|174|204810
50877|52025|212895|210320
1299|3257|20473|47065|61574
6720|1764|1299|174|37468|61568|266460|61625
6423|20055|174|34927|202827
58308|6939|268624|262594|269603
2734|25091|8298|4601|4492
8455|6830|34927|202827
264479|6762|1299|6855|39904
12307|29691|1299|17676|216211|44324|205369
513|29222|6939|29670
3170|6939|28917|204623
15935|174|52468|271150
42473|1299|3356|1680|44709
28917|6939|1299|262206|28036
6453|1299|198949|35676
41327|174|8551|20473|47065|61574
50877|5405|62255|52091|206810
35600|6939|200303
6830|174|10490|2722|12148|47065|61574
64475|6939|29222|204957
28917|266493|61625
1299|174|21320|5408|50148
207841|6939|28917|28907
8660|1267|1299|8551|44709
6424|52468|271150
37100|6762|174|37468|61568|266460|61625
199524|1299|60068|197103|212080
34927|52025|1299|21351|60132
5405|62255|52091|44660
28917|6939|1299|63270|397301
1299|10490|2722|12148|47065|61574
204092|6939|50989
12859|6939|25192|20701
50673|174|37468|270551|263047
48070|16164|36032
48070|6939|28917|6789|200702
198249|13030|1299|198949|35676
12859|1828|13789|30372|3356|174|393216
58308|6939|1299|12709
32653|3741|174|204548|215728
1103|6830|174|11432|271150|272738
139317|44324|32595|174|44222
14315|174|8551|20473|47065|61574
210312|4601|50869|41051|211509
30600|174|210329|215728
31742|1299|20473|399970
57695|917|60068|1299|20473|201423
41327|6461|32787|202161
39351|174|204548|215728
30844|3257|1299|20473|47065|61574
6908|174|14840|2716
49544|1299|174|37468|61568|266460|61625
64475|3320|3491|5408|47065|61574
8298|12859|47065|61574
28917|6939|1299|20473|151418
6908|1299|6762|16735|273514
14907|1299|34927|202532
3170|2603|21320|5408|47065|61574
50304|1299|6855|39904|47767
205206|1299|174|210329|215728
1299|52320|7162|13878|52468|271150
44324|32595|174|137409|7578
49028|1299|37468|52468|271150
31742|1299|25091|8298|4601|4492
28917|6939|1299|208905|47962
31510|174|37468|270551|263047
58308|6939|29208|211731
58308|6939|1299|17072|278
140627|1299|6855|50698
207841|6939|54429|401894
577|1299|8551|20473|47065|61574
148968|1299|6461|394737
4601|50869|214675
50629|20764|52091|206810|211101
44324|32595|174|54804
51184|1764|174|140227|44324|205369
48070|1299|3356|28370|264426
28917|6939|1299|398109
58308|6939|1299|20473|203913
34927|56655|1299|6453|29208
44324|32595|174|19624
58308|6939|7018|22241
210312|4601|9002|8772|215536
28917|6939|1299|398106|44273
29691|1299|6762|267470|263047
23673|9900|23764|3356|174|3130|47065|61574
6830|3356|28370|263963
34177|1299|3356|28370|268521
6830|2914|20473|47065|61574
12956|174|210|47065|61574
6082|2914|1299|6855|39904|47767
15935|174|1299|8551|44709
210312|4601|50869|6939|58308
34927|1299|3920|206777
49432|48362|1299|20473|47065|61574
4601|50869|6939|59970
28917|6939|1299|136897
57777|8298|8283|3491|209810|207187
4601|50869|58299|209114|202545
50629|20764|52091|206810|56915
22652|1299|17676|216211|44324|205369
10111|1299|3920|206777
29222|6939|50989|33837
4601|6939|28917|44812
3170|6939|28370|264426
58308|6939|1299|54082|263725|272916
4601|50869|52025|214749
139317|44324|32595|174|200165
12779|3257|1299|6855|39904|47767
1280|1299|8551|20473|47065|61574
139317|44324|32595|174|16921
35426|215596|1299|8551|20473|47065|61574
58308|6939|7018|20074
23367|1299|174|22381|267470|263047|264389
139317|44324|32595|174|32505|54785
50629|20764|52091|206810|24881
28917|6939|35826|62815
58308|6939|6830|23520|262199
34019|6939|59970
24482|6424|44592|49581|209693
6696|1299|7545|20473|47065|61574
28917|6939|1299|12488
52320|1299|3920|206777
3130|174|6453|29208
199938|1299|174|210329|215728
28917|6939|7018|7764
35369|5405|9498|20473|47065|61574
6830|6939|28917|39238|49392|9098
327960|327782|37100|1299|20473|47065|61574
6423|20055|1299|8551|44709
49605|6762|1299|6855|39904
42473|1299|3216|51032|41344|39707
58308|6939|40994|205563
28917|6939|1299|3301|50273
13030|1299|3356|1680|44709
49028|1299|12859|47065|61574
58308|6939|42184|196932
28917|6939|1299|20473|205152
58308|6939|50629|207252|215093
50877|5405|1299|17676|216211|44324|205369
57381|50304|1299|174|37468|61568|266460|61625
6424|174|60068|197103|212080
24516|174|3356|8119
28917|6939|50989|48116
12779|9002|34927|202827
210312|4601|6939|28917|8926|41221|207164
58308|6939|199399
28917|6939|1299|141039|209854
8280|6762|1299|8551|44709
57777|8298|25091|1299|8551|44709
10111|1299|198949|35676
48070|6939|28917|6789
34927|56655|1299|3356|16735|2716
34019|6939|2852|212876
40994|57463|41327|13182
6730|6830|1299|8551|44709
28917|6939|1299|20473|199682
58308|6939|6830|23520|46198
47160|174|11432|271150|272738
4777|2497|1299|198949|35676
58308|6939|41073
25160|174|20473|47065|61574
8283|20764|52091|206810|211101
8220|1299|6762|267470|263047
553|62255|52091|206810|197960
398465|1299|25091|8298|4601|4492
39351|174|60068|216213|205884
58308|6939|28917|48610|57712
5405|62255|52091|206810|59815|25299
12859|6939|16652
4601|50869|199310|199073
4230|1299|6855|39904
44324|32595|174|206795
174|6762|49666|58224|214805
15547|8220|1299|198949|35676
37662|174|52468|271150
29222|6939|31319
28917|6939|1299|20473|153057|153171
6696|1299|6762|16735|273514
35710|3320|1299|201814|209896
49788|1299|3356|28370|267608
51088|8455|1299|6855|50698
24785|6830|3491|216211|211575
4181|1299|174|20473|47065|61574
199524|1299|1680|20473|47065|61574
50877|5405|6939|59689
21412|174|20473|47065|61574
12859|6461|394737
7594|174|210|47065|61574
397131|60011|3356|1299|20473|399970
50304|1299|3257|20473|47065|61574
8218|6461|1299|60068|216213|205884
28917|6939|1299|20473|27345|23077
39351|174|3257|19318|209896
13786|174|56630|209944
327960|174|12956|212721
28917|6939|1299|60068|212508
28917|6939|7018|32673
8359|1299|20473|399970
58308|6939|1299|7029
14537|3356|1299|20473|47065|61574
28917|6939|29222|207688
39351|6830|60068|211571
58308|6939|1299|14080|263710
34549|174|216211|211575
16347|1299|6855|50698
44324|32595|174|199391
35280|6453|174|21700|399914
7018|1299|20473|399970
7018|12956|212721
12859|7195|11432|271150|272738
47147|3320|1299|3920|206777
210937|1299|3356|28370|269016
1299|3356|20473|47065|61574
44324|32595|174|214043
28917|6939|1299|60068|399244|142594
13786|3356|1299|198949|35676
2027|47160|6939|30893|200690
513|174|52468|262393
4826|1299|198949|35676
6424|6939|2852|201648
58308|6939|215085
327983|37497|3491|174|20473|47065|61574
28917|6939|1299|23316
196621|8758|9002|1299|198949|35676
58308|6939|262485|272707
44324|32595|174|267613|13335
9900|23764|8455|8283|47065|61574
215596|174|60068|216213|205884
204092|6939|24796|63293
28917|6939|7018|400005
397131|60011|3356|174|140227|44324|205369
28917|6939|1299|12709
25091|5511|174|140227|44324|205369
35426|215596|1299|3920|206777
3257|174|140227|44324|205369
28917|3257|174|1916|47065|61574
40994|6663|29049|49666|205647|49801|204533
57381|50304|1299|37468|53062|266493|61625
29222|6939|28917|39238|49392
35600|35598|52091|206810|12773|47809|50780
9002|3356|1299|20473|47065|61574
33891|19318|209896
209650|34927|1299|6453|29208
58308|6939|1299|34927|210667|204375
8220|1299|6204|44592|49581|209693
12307|29691|13030|12859|47065|61574
28917|6939|1299|22604
132847|7474|7473|1299|198949|35676
35600|15557|206865|3215|5511|174|199727|12645
34927|52025|174|35598|52091|206810
58308|6939|6830|23520|27665|263222|274045
31510|174|56630|209944
12779|6939|50989|205966
35008|1299|23764|35168|212999
6830|13335|400095
29222|6939|25400|25225
553|6939|28370|263535
58308|6939|12735|212805
32590|174|216211|211575
196621|6939|54429|401894
58308|6939|2852|210498
199524|1299|9002|8772|215536
207841|52025|212895|210320
44324|32595|174|35986|30612
7922|1299|3920|206777
34927|1299|6461|394737
28917|6939|1299|21859|62610|213734
207841|6939|28917|6789|201069|207979
132825|174|22381|267470|263047|264389
58308|6939|5405|48918
28917|6939|35489
174|50509|51032|41344|39707
8218|6461|174|216211|211575
3491|1299|201814|209896
4826|1299|60068|216213|205884
328512|37100|1299|6855|39904
206499|34549|1299|3223|34224|12735
6453|3356|21320|5408|47065|61574
199524|174|3491|20473|47065|61574
14537|33891|60068|211571
50629|6461|17378|8119
1257|174|140227|44324|205369
47147|1299|6939|60432
59105|2518|2914|174|20473|47065|61574
12637|6939|50989|33837
34019|2603|21320|5408|47065|61574
60068|1299|3920|206777
4601|50869|215828
8455|1299|10490|2722|12148|47065|61574
58057|174|56630|209944
16347|1299|6855|39904|47767
58308|6939|1299|52468|265632
60068|1299|6939|393682
210312|4601|50869|199310|211695
8218|6461|1299|20473|47065|61574
553|1299|3356|28370|263963
28917|6939|1299|20473|204291
6830|9002|12555|198070
20253|1299|8551|20473|47065|61574
50628|1299|3223|34224|12735
49544|3356|1299|201814|209896
64475|62255|52091|206810|12773|211692|196629
216285|8280|6762|174|56630|209944
34177|1299|3491|20473|47065|61574
28917|6939|1299|54994|140591
20205|1299|3491|20473|47065|61574
28917|6939|1299|27947|52468
139317|44324|32595|174|54419
6730|6830|6453|4755|7768
18106|174|399697|39967|399697
971|174|35598|52091|206810
20612|9044|1299|3223|41327
3356|1299|20473|47065|61574
2518|1299|25091|8298|4601|4492
174|1299|20473|399970
34927|174|22381|267470|263047|264389
28917|6939|1299|60486
559|35598|52091|44660
12779|33891|44592|49581|209693
28917|6939|1299|13536|19704
12956|1299|35598|52091|206810
58308|6939|1299|60068|216213|215568
51184|1764|1299|20473|47065|61574
22652|1299|29695|206557|205190
60068|33891|29632|59682
13237|33891|60068|211571
58057|50673|174|1299|20473|47065|61574
266213|3356|174|3130|47065|61574
8455|1299|174|140227|44324|205369
50629|8298|4601|4492
44324|32595|174|22850|64112|394353
1299|42303|51701|30893
2734|16735|266931|269250|271150
58511|1299|6855|39904|202605
28917|6939|1299|20473|398810
50763|28917|215730|209693
58308|6939|6830|23520|6639
12637|6939|2852|198500
20485|1299|6855|39904|47767
34177|1299|6762|16735|2716
57866|6830|174|60068|205884
28917|6939|1299|11830|271891
8298|25091|1299|3223|34224|12735
12859|37468|53062|266493|61625
41666|20764|52091|206810|48595
8283|3320|6855|39904|199604
28917|6939|1299|60068|197103|198234
47147|1299|3356|28370|263963
553|6939|54429|401894
41666|37468|53062|266493|61625
2516|3356|216211|44324|215172|214955
34177|1299|3356|28370|53079
58299|44592|49581|209693
3399|5511|174|216211|211575
58308|6939|1299|19551
41666|20764|52091|206810|48687
7713|1299|174|37468|61568|266460|61625
58308|6939|1299|39855
139317|44324|32595|174|53667|147071
58057|50673|174|138997|216211|44324|205369
58308|6939|6830|23520|263248
42541|9002|12555
14907|1299|174|3130|47065|61574
3170|6461|17378|8119
6424|62255|52091|48158
28917|6939|1299|22773|20940
132337|4766|8455|8283|47065|61574
328206|37739|3491|1299|6855|50698
2518|1299|6855|39904|47767
44324|32595|174|204810
205206|1299|6762|267470|263047
28917|3257|174|216211|211575
12637|35598|52091|206810|34786|34789|34786
42473|1299|35598|52091|206810
207841|6939|54429
40994|57463|41327|43648|208499
58057|50673|174|3257|20473|47065|61574
42541|62255|52091|206810|202279
14907|1299|201814|209896
2497|1299|34927|202532
21700|174|210|47065|61574
3130|174|1299|6855|39904|47767
202365|50673|174|3257|22773|8119
29222|6939|7018|25996
34927|52025|174|56630|209944
210312|4601|50869|6939|30893
58308|6939|1299|14522
23673|9900|23764|3356|174|20473|47065|61574
2518|2516|174|20473|47065|61574
210937|1299|3356|28370|263535
917|60068|1299|25091|8298|4601|4492
6082|174|210|47065|61574
58308|6939|1299|13768
25091|3356|174|20473|47065|61574
4764|174|14840|2716
29222|6939|8194|51955
28917|6939|1299|16906
12779|174|20473|47065|61574
49788|1299|56630|209944
58308|6939|1299|3308|47527
64475|62255|52091|206810|39089
266213|3356|174|20473|47065|61574
1140|6830|60068|216213|205884
40994|1299|198949|35676
58308|6939|1299|199544
266213|3356|1299|6855|39904|202605
58511|1299|198949|35676
139317|44324|32595|174|198507
28917|6939|1299|36236|399827
16552|1299|9002|8772|396416
34019|33891|216067|44244
29691|1299|34927|202827
44324|32595|174|13335|395747
680|2914|174|20473|47065|61574
39392|174|1299|20473|201423
5413|1299|6762|16735|273514
32590|174|52468|271150
199524|174|201814|209896
6830|3257|21700|399914
28917|6939|1299|52468|267787
23367|1299|29695|206557
28917|6939|62000|198831|212133
207841|6939|28917|34784
58308|6939|1299|205184
4775|1273|174|5538|8194|29345
15562|2914|1299|201814|209896
6730|6830|3356|29695|206557|204503
50304|1299|3356|28370|263535
22652|1299|20473|399970
28917|6939|1299|20473|207615
6424|273522|271150
3491|1299|60068|216213|205884
28917|6939|1299|20473|153185|153331
58308|6939|1299|27947|272890
38880|6939|1299|20473|399970
196621|6939|2852|213152
139317|44324|32595|174|41625
44324|32595|174|397168
42541|137409|48011|25184|49801|204533
139317|44324|32595|174|202521
28917|6939|1299|54829
23764|3356|174|10490|2722|12148|47065|61574
3333|1257|174|3130|47065|61574
4601|50869|34019|203432
3741|174|6762|49666|58224|214805
44324|32595|174|212250|208293|203217|14789
48070|6939|28917|48084|35816
23764|3356|174|3130|47065|61574
15935|33891|60068|211571
174|3257|8551|44709
35369|5405|6939|28370|267608
210312|4601|50869|58299|209807
34854|1299|60068|211571
58308|6939|28370|28657
328964|3491|1299|3920|206777
5713|174|60068|197103|212080
20912|12637|1299|7545|20473|47065|61574
52873|12956|1299|198949|35676
28917|6939|6830|23520|64126|273198
559|6939|33924
35600|212815|52053
28917|6939|7018|28469
13030|1299|198949|35676
28917|6939|1299|20473|401566
398465|174|140227|44324|205369
34019|16276|203019
50628|1299|174|1916|47065|61574
58299|8551|20473|47065|61574
28917|6939|1299|32934|54115
204092|6939|28917|44812
28917|6939|1299|393417
48362|1299|60068|216213|205884
58308|6939|1299|42708|201691|216415
49028|1299|6939|28370|263535
12350|1299|174|22381|267470|263047|264389
57111|52025|212895|210320
58308|6939|1299|3301|199902
12637|6939|24796
50629|215551|30893|199580
28917|6939|21430
29222|6939|29208|62102
328206|37739|3491|174|10490|2722|12148|47065|61574
39351|1299|3356|8119
34927|52025|174|210329|215728
58308|6939|1299|14080|269902
35600|6939|28370
6894|174|210|47065|61574
680|20965|5408|47065|61574
58308|6939|7018|19065
58308|6939|7018|7743
28917|6939|7018|1341
8283|6939|2852|198500
196621|6939|28917|204623
47147|1299|60068|197103|212080
24785|6830|3356|28370
271253|3356|1299|6855|39904
20514|1299|174|22381|267470|263047|264389
852|174|14840|269288
553|6939|28370|267608
58308|6939|1299|8375
204092|37468|60068|216213|205884
42473|1299|198949|35676
398465|1299|6204|44592|49581|209693
61568|6762|1299|8551|44709
2734|20473|47065|61574
28917|6939|1299|23520|11556
19151|174|21320|5408|50148
64475|14840|2716
38880|1299|6453|4755|7768
28917|6939|1299|30517|46293
58308|6939|208016
58308|6939|7018|25993
29504|15935|174|52468|262393
3170|37468|52468|271150
327960|174|35598|52091|48158
28917|6939|1299|23520|263703|272018
39801|5511|174|21700|399914
4601|50869|52025|212895|214205
8283|12956|10429|22381|267470|263047|264389
58308|6939|1299|4538
327727|174|60068|211571
64475|6939|29222|207688
9002|3356|174|11432|271150
28917|6939|1299|210937|62599
34019|32787|202161
12307|29691|1299|20473|47065|61574
47147|1299|6939|393682
12637|57463|22356|52468|271150
28917|6939|197580
20932|174|21700|399914
210937|1299|3920|206777
12779|174|22381|267470|263047
49788|1299|6762|267470|263047
7713|174|204548|215728
28917|6939|3170|205739
553|9498|20473|47065|61574
136557|174|52468|271150
577|1299|60068|216213|205884
58308|6939|262365|263433|268967
64475|6939|29222|41495
12779|31133|35598|25308|28917|204076
29680|174|35598|52091|206810
28917|6939|1299|13767
56662|20473|174|20473|47065|61574
15605|35598|52091|206810|56915
12637|35598|52091|206810|196767
28917|6939|1299|9009
1299|29695|206557|208835
8660|1267|33891|60068|211571
266213|3356|1299|201814|209896
28917|6939|1299|15557
4601|50869|6939|50989|205966
216285|8280|6762|174|204548|215728
44324|32595|174|13249
199938|1299|33891|216067|44244
50300|174|140227|44324|205369
50629|1299|20473|47065|61574
204092|34019|8551|44709
42541|1299|60068|197103|212080
6453|1299|6855|39904|47767
28917|6939|1299|20473|54041
29169|174|3130|47065|61574
58308|6939|1299|20326
58308|6939|35133|57706
132825|2914|1299|6855|39904|199604
553|62255|52091|206810|12773|211692|196629
29222|174|216211|211575
15547|174|1299|8551|44709
139317|44324|32595|174|43160
34019|44592|49581|209693
6730|6830|174|14840|269288
49028|6461|16276|203019
28917|6939|1299|20473|214216
23367|1299|7195|28189|266931|271615|273522|271150
5405|62255|52091|206810|197643
59105|2518|1299|8551|44709
15935|174|22381|267470|263047|264389
35280|6453|174|20473|47065|61574
6424|6939|2852|197451
14537|3356|1299|6855|39904|202605
210937|1299|6453|4755|7768
553|6939|2852|199711
59890|60068|1299|20473|47065|61574
202984|6762|174|37468|61568|266460|61625
28917|6939|1299|136468
2152|3356|1299|8551|44709
139317|44324|32595|174|6405
15605|56630|209944
41666|20764|52091|59815|25299
44324|32595|174|27659
6894|174|20473|47065|61574
37697|3491|174|16276|203019
24961|1299|3920|206777
49028|1299|20473|30893
5405|6939|28370|264426
12779|62255|52091|206810
139317|44324|32595|174|6461|2000
19653|30600|1299|6855|39904|47767
6424|6939|30893|13214|35634
58308|6939|33891|12306
25220|33891|216067|44244
28917|6939|1299|201902
35710|48200|1273|174|3130|47065|61574
3491|174|16276|203019
48070|6939|15372|203592
51873|6830|174|21700|399914
52873|12956|1299|3920|206777
52075|6762|174|20723|2852|202874
49788|1299|17676|216211|44324|205369
50628|1299|60068|197103|212080
4181|1299|6855|50698
12956|1299|17676|216211|44324|205369
20932|174|3356|28370|28657
58308|6939|2852|198500
398465|174|37468|61568|266460|61625
917|25369|174|52468|262393
28917|6939|1299|21859|63473|55223
139317|44324|32595|174|25122
8283|20764|52091|206810|196767
8220|3491|174|201814|209896
28917|6939|1299|16509|14618|54981
57111|174|21700|399914
20932|1299|6855|39904
12779|35598|52091|206810|208435
48919|174|52468|262393
199524|174|21320|5408|47065|61574
48070|6939|2852|197451
35280|6453|1299|6855|50698
28917|6939|7018|20074
20912|174|52468|271150
15605|35598|52091|206810|213694
6057|174|60068|197103|212080
34019|6939|2852|199711
5405|62255|52091|206810|196638|42702
139317|44324|32595|174|15094
20055|3257|33891|216067|44244
52873|12956|174|20723|2852|202874
57821|12586|3257|174|1916|47065|61574
58308|6939|1299|21277|210767
50628|3356|174|20473|47065|61574
29222|6939|2852|200874
210312|4601|50869|215828|59449
58308|6939|6830|23520|52286
14907|21320|5408|47065|61574
12350|34177|33891|44592|49581|209693
6830|3356|28370
14907|1299|6461|394737
6720|1764|174|60068|205884
20253|1299|4230|2716
210312|4601|50869|58299|209898|199553|208948
513|174|14840|269288
136557|174|52468|262393
11039|6461|1299|4230|2716
28917|6939|1299|20473|200959
196621|6939|28917|28775
271253|6453|174|28189|266931|269250|271150
6424|212175|174|212175
174|32787|202161
4601|50869|41051|17160
48070|1299|3356|28370|268521
58057|1836|1299|201814|209896
559|35598|52091|206810|12773|44710
209650|34927|1299|6855|39904|47767
28917|6939|196945
398465|1299|3356|28370|268198
35600|6939|39790
6424|6939|29222|207688
4601|50869|199310
48362|1299|6762|16735|2716
34019|37468|60068|216213|205884
44324|32595|174|21859
28917|6939|25192|26710
42541|1299|6855|39904|202605
17350|6453|1299|60068|216213|205884
58308|6939|6830|23520|52286|264764|273897
205206|1299|22773|8119
39351|174|6453|4755|7768
50304|1299|3356|28370|267556
51519|39351|174|3130|47065|61574
31122|174|3130|47065|61574
3170|7195|20473|47065|61574
327960|174|32787|202161
16552|37271|33891|216067|44244
139317|44324|32595|174|7195|272872
328840|327727|174|1299|8551|44709
7018|1299|29695|206557|208835
49028|1299|6855|50698
13030|1299|8551|44709
12956|174|32595|44324
58308|6939|33891|47540
174|3356|8551|44709
213151|34549|174|216211|211575
12956|174|28189|266931|269250|271150
42541|1299|3257|20473|47065|61574
3303|33891|216067|44244
42541|62255|52091|206810|57460
49788|1299|5511|60068|206406|210557
28917|6939|1299|13999
56655|1299|8551|44709
139317|44324|32595|174|395348
50629|20764|52091|206810|196638
47147|1299|21351|60132
328964|37468|2914|174|32595|44324
58308|6939|1299|14616
57866|6830|174|399697|39967|399697
199524|37100|1299|3920|206777
51088|8455|1299|60068|216213|205884
8283|20764|52091|206810|35273
29222|6939|196945
1257|1299|8551|44709
45049|6696|1299|174|140227|44324|205369
28917|6939|1299|835|52025|210338
215596|1299|12956|212721
917|60068|174|20723|2852|202874
3741|174|35598|52091
23673|9900|23764|1299|12859|47065|61574
4601|50869|41051|214763
28917|6939|1299|4229|21859|396986
8455|1299|20473|201423
28917|6939|1299|8151|28403
139317|44324|32595|174|36352|136258
29691|1299|20473|201423
28917|6939|1299|835|52025|215760
44324|32595|174|399646|13317
210312|4601|50869|41051|212888
2518|2516|174|210|47065|61574
58308|6939|207995
5405|6939|28370|267556
36924|1299|3223|41327
210312|4601|50869|6939|42695|52011
48070|6939|28917|8491
559|6939|24796
58308|6939|31263|8822
20764|174|60068|205884
58308|6939|1299|8473
553|6939|2852|213152
62167|174|37468|270551|263047
29691|1299|37468|270551|263047
58299|62255|52091|59815
40994|32787|202161
29222|6939|56595|202590
50304|1299|1680|20473|47065|61574
28917|6939|1299|62874|22400
852|174|60068|205884
4601|50869|34019|35600|39432
39120|174|204548|215728
3170|6461|137409|63473|200790
28917|6939|1299|23520|262191|273027
49544|28917|215730|209693
139317|44324|32595|174|212250|208293|203217|59588
29222|6939|204310
58308|6939|29670|59645
22652|174|3356|28370|28657
29632|9002|21320|5408|47065|61574
12859|6939|39790
50304|1299|3356|28370|53079
8529|1299|174|140227|44324|205369
6830|6939|28917
13830|971|174|20723|2852|202874
1836|1299|12859|47065|61574
35266|1299|60068|216213|205884
34288|174|3130|47065|61574
174|3356|3223|34224|12735
3320|6830|34927|202827
6908|1299|6855|39904|202605
8220|3491|174|37468|61568|266460|61625
58299|62255|52091|48158
41327|14840|2716
28917|8551|20473|47065|61574
34854|13335|400095
28917|6939|1299|20473|142438
205206|1299|6453|4755|7768
59689|29075|174|3257|21034
204092|6939|28917|43714
16552|37100|1299|3920|206777
7594|174|28189|266931|269250|271150
210312|4601|50869|214420
58308|6939|263047|264923
680|1299|174|37468|61568|266460|61625
28917|6939|1299|20473|44754
398465|174|3130|47065|61574
59891|13030|33891|60068|211571
50629|6939|28370|263060
34800|58057|50673|174|3356|8119
8220|6453|1299|20473|47065|61574
29680|174|60068|216213|205884
58308|6939|1299|209578
28917|6939|1299|58321
34927|174|52468|271150
9044|174|52468|271150
44324|215172|214955
28917|6939|1299|5617|214666
199524|1299|8551|44709
42473|1299|3356|28370|269016
42541|1299|174|60068|205884
3701|3356|1299|3920|206777
23673|9900|23764|8455|8283|47065|61574
15935|13335|5408
56987|174|204548|215728
20764|174|1299|198949|35676
32590|1299|174|1916|47065|61574
51873|6830|60068|211571
50300|33891|44592|49581|209693
44324|32595|174|15695
49432|48362|1299|17676|216211|44324|205369
58057|1836|1299|6855|39904|47767
41327|29632|59682
199524|1299|3356|28370|267608
57695|917|60068|1299|25091|8298|4601|4492
553|62255|62379
25220|33891|20473|47065|61574
7018|1299|12859|47065|61574
28917|6939|1299|23520|28545
28917|20764|52091|206810|208435
28917|6939|1299|20473
40994|1299|20473|47065|61574
6830|137409|48011|25184|49801|204533
29222|174|60068|205884
215596|1299|3257|19318|201813
553|6939|28370
12859|1299|6855|39904
49544|2914|1299|35598|52091|206810
41722|12389|174|20473|47065|61574
7018|6939|2852|202874
7018|1299|22773|8119
28917|6939|7018|22617
1299|37468|270551|263047
1280|2914|12859|47065|61574
58308|6939|6830|23520|64126|265695|273867
553|1299|6855|39904|47767
139317|44324|32595|174|395359
39122|1299|3356|28370|269016
917|60068|174|21320|5408|50148
64475|6939|39790
3303|174|35598|52091|206810
58308|6939|28370|264426
64475|37468|60068|216213|205884
55222|174|22381|267470|263047|264389
57111|174|1299|3920|206777
139317|44324|32595|174|263801
6424|6939|28917|12668|197404
19151|174|5538|8194|29345
205206|1299|201814|209896
1299|6461|210|47065|61574
48919|174|3356|28370|28657
6424|6939|28917|204623
4601|6939|30893|9423
207841|30844|21351|60132
12956|1299|29695|206557|204503
28917|6939|1299|206364
58308|6939|30893|13214|35634
34927|1299|37468|270551|263047
29222|6939|21430|203376
51873|6830|174|60068|205884
37271|174|216211|211575
553|9002|12555|48430
1140|24785|6830|3356|28370|267608
50629|23764|35168|212999
15623|3303|21320|5408|47065|61574
328840|327727|174|21320|5408|50148
8283|20764|52091|206810|12773|52213
4601|50869|214420
37497|3491|174|8551|20473|47065|61574
6424|6939|50989|50683
49432|48362|1299|5511|60068|206406|210557
559|6939|30893|13214|35634
39122|1299|3257|19318|201813
12779|6939|30893|204789
28917|6939|1299|8551|20940
6730|6830|7195|20473|47065|61574
6082|2914|1299|6939|24796|63293
6830|3356|8119
14907|1299|20473|201423
3549|3356|1299|20473|399970
151326|174|28189|266931|271615|273522|271150
3130|174|56630|209944
5405|62255|52091|48158
196621|6939|28917|9110
56655|1299|20473|47065|61574
28917|6939|1299|20473|26080
34854|1299|4637|20473|47065|61574
8455|1299|174|60068|205884
206356|50629|6461|394737
12186|1299|22773|8119
37105|37468|174|20473|47065|61574
50629|9002|12555
139317|44324|32595|174|27659
62167|174|12956|212721
6424|6939|28917|206011
58308|39801|29222|41495
15935|174|37468|270551|263047
34927|174|210|47065|61574
28917|6939|1299|17018|53698
50629|215551|30893|204789
47957|3356|1299|3920|206777
28917|6939|1299|33932
398465|1299|20473|399970
15605|6939|54429
22652|1299|8551|20473|47065|61574
31122|174|1916|47065|61574
13786|174|60068|216213|205884
35280|1299|33891|216067|44244
14907|1299|42303|51701|30893
29691|1299|3356|16735|273514
25091|3356|174|5538|8194|29345
29222|6939|35826
196621|15576|174|140227|44324|205369
15605|35598|52091|59815
328512|5713|174|204548|215728
2027|47160|174|1916|47065|61574
31742|174|3257|21034
553|6939|28917|48084|199961
205206|1299|3356|16735|273514
4601|50869|214508
35426|215596|1299|3356|28370|28657
513|29222|6939|64475
28917|6939|1299|20473|206824
58308|6939|1299|16276
139317|44324|32595|174|20473|47065|61574
12859|1299|60068|197103|212080
28917|6939|7018|401763
23367|1299|7195|28343|2716
262427|174|16276|203019
3170|9304|136897|174|3491|137969|132824
20932|1299|60068|197103|212080
15605|35598|52091|206810|56766
29075|1299|8551|44709
44324|32595|174|17072|272286
12859|1299|17676|216211|44324|205369
47160|6939|54429
6830|3356|28370|28657
553|62255|52091|206810|211692|214268|196977
3491|1299|60068|197103|212080
37497|3491|174|37468|61568|266460|61625
28917|6939|1299|23520|272935|267845|64120
29222|6939|7018|397248
20612|9044|174|60068|216213|205884
8220|6453|1299|16276|203019
136557|174|32595|44324
139317|44324|32595|174|39537
12859|28917|215730|209693
210312|4601|50869|41051|200221
28917|6939|1299|20473|153185|136725
47147|1299|6939|30893|13214|35634
202032|58115|21263|205844
6830|174|201814|209896
58057|174|399697|39967|399697
559|35598|52091|206810|202497
210312|4601|50869|52025|212895|203766
20253|1299|174|21320|5408|47065|61574
42541|62255|52091|206810|59815
559|35598|52091|206810|211692|214268
57111|174|20473|47065|61574
28917|6939|1299|25697
139317|44324|32595|174|401555
29222|6939|62000|198831|215784
513|174|21700|399914
17350|2914|174|210329|215728
8220|1299|3356|28370|268521
55222|1299|25091|8298|4601|4492
263237|174|3257|20473|47065|61574
199524|1299|17676|216211|44324|205369
6762|174|1916|47065|61574
44324|32595|174|262287|28666|53231
148968|1299|6453|19318|209896
34800|58057|50673|174|2914|226|47065|61574
58308|6939|9136|34219
15605|35598|52091|206810|197643
59414|6830|174|22381|267470|263047|264389
559|62255|52091|206810
139317|44324|32595|174|394542|20432
12779|35598|52091|206810|39558
57777|8298|25091|1299|3223|34224|12735
15935|174|5511|49666|58224|214805
327804|37271|174|3130|47065|61574
398465|1299|3356|28370|263963
34288|1299|6453|29208
198385|174|2914|20473|47065|61574
20514|1299|6855|39904
20514|1299|20473|399970
58308|6939|1299|400475
28917|6939|1299|9299|10139
58308|6939|1299|262206|27773
58308|29075|174|399697|39967|399697
48070|9304|136237|174|137995
58308|59689|30781|33891|44592|49581|209693
49028|1299|3356|28370
39351|174|37468|270551|263047
33891|3223|41327
44324|32595|174|30150
58308|6939|50629|207252|213579
5713|174|140227|44324|205369
6424|9304|136897|174|3491|137969|132824
20514|1299|22773|8119
2734|59692|12555
3333|1257|174|22381|267470|263047|264389
59890|174|60068|205884
6830|137409|63473|200790
328840|327727|174|1299|6939|24796
1299|174|21700|399914
52025|174|56630|209944
1836|1299|21351|60132
28917|6939|7018|22839
15547|174|52468|271150
5405|62255|52091|206810|48595
12859|6461|17378|8119
58308|6939|12735|8517
513|29222|6939|199399
39392|174|2914|226|47065|61574
34854|1299|3356|28370|263060
20253|1299|2914|20473|47065|61574
6830|174|216211|211575
7594|174|35598|52091|48158
57866|1299|37468|270551|263047
57381|50304|1299|3356|28370|263535|268030
23764|1299|174|3130|47065|61574
28917|6939|48678|47951
44324|32595|174|202075
6424|6939|28917|12668|51883
5713|174|3130|47065|61574
210312|4601|50869|203704
559|35598|52091|48158
12859|1299|6762|49666|58224|214805
28917|6939|2852|198500
28917|6939|1299|60664
64475|62255|52091|206810|214210
48070|6939|2852|48091
139317|44324|32595|174|53667|211233
58308|6939|1299|14178|21433
23764|1299|198949|35676
57866|1299|3216|51032|41344|39707
23367|1299|174|140227|44324|205369
15623|1299|3920|206777
206356|50629|12859|47065|61574
57381|50304|1299|6855|50698
17350|3356|2914|12859|47065|61574
28917|8359|57304|41720|208229
24961|1299|10490|2722|12148|47065|61574
48185|12859|47065|61574
12307|29691|1299|174|22381|267470|263047|264389
28917|6939|1299|51057
6830|9002|12555|48430
205206|1299|7195|28283|268744|2716
1103|24785|1299|198949|35676
14907|1299|35598|25308|28917|204076
271253|6453|174|3130|47065|61574
29222|6939|6830|33915|208240
64475|62255|52091|206810|39558
28917|6939|1299|62917
49432|48362|1299|3356|8119
12779|62255|52091|206810|214210
49028|1299|6939|28370|267608
136557|174|8551|20473|47065|61574
36924|1299|33891|216067|44244
7713|1299|201814|209896
210312|4601|50869|58299|209185
64475|3320|1299|20473|47065|61574
58308|6939|1299|20473|199097
198385|174|6453|19318|201813
58308|6939|1299|20473|151361
58308|6939|1299|20473|212996
29222|174|52468|262393
32590|1299|21351|60132
6894|174|5538|8194|29345
23367|1299|174|20473|47065|61574
28917|6939|1299|23520|262931
328840|327727|174|28189|266931|269250|271150
196621|6939|30893|9423
35266|2914|174|20473|47065|61574
328840|327727|174|1299|20473|399970
29222|6939|3170|213692
39392|174|20473|47065|61574
34854|1299|174|20473|47065|61574
29222|6939|50533
139317|44324|32595|174|32473
6830|6939|30893|205563
12969|1299|3356|16735|2716
148968|7474|3257|174|1916|47065|61574
199524|174|399697|39967|399697
58308|6939|1299|5605
971|174|37468|270551|263047
139317|44324|32595|174|395748
215596|1299|6762|16735|273514
6762|174|21320|5408|47065|61574
58308|6939|7018|32673
140627|2914|12859|47065|61574
999|6453|174|20723|2852|202874
30844|21320|5408|47065|61574
58308|6939|6830|23520|272112|274072
4601|50869|41051|212164
8529|1299|8551|20473|47065|61574
21700|174|35598|52091|44660
196621|6939|28917|35539
34019|14840|2716
29222|6939|28370|269016
15605|57463|14840|269288
139317|44324|32595|174|16276|64476
6830|9002|12555|44676
58308|6939|1299|201319
8283|20764|52091|206810|24881
28917|6939|1299|23520|27884|272009
58308|6939|1299|23033|401988
12637|6939|215172|214955
44324|32595|174|55022
60171|174|52468|271150
59890|3356|21320|5408|47065|61574
29222|6939|32097|11867
28917|6939|1299|36352
6423|20055|1299|3223|34224|12735
327960|174|28189|266931|269250|271150
12859|1828|12179|393398|3356|1299|23033|27323
553|1299|3356|8119
210312|4601|50869|41051|215153
4601|50869|34019|211868
44324|32595|174|2731|400488
132825|174|6453|4755|7768
48919|174|60068|205884
28917|6939|1299|396993
28917|6939|28370|268198
7018|3356|21320|5408|47065|61574
58057|50673|33891|34927|202532
29075|6762|174|37468|61568|266460|61625
28917|6939|1299|44273
60326|34872|24961|1299|20473|47065|61574
57111|41327|174|22381|267470|263047
39122|1299|6855|50698
39122|1299|60068|211571
209|3356|7720|44324|215172|214955
15605|6939|33924
28917|6939|1299|17676|4725
139317|44324|32595|174|400519
204092|6939|28917|47438
12859|20473|47065|61574
13030|12859|47065|61574
328206|37739|3491|1299|20473|399970
58299|34927|202532
210312|4601|50869|41051|206633
49028|1299|8551|20473|47065|61574
2914|1299|201814|209896
139317|44324|32595|174|17267
58511|3257|174|60068|205884
36924|1299|1680|20473|47065|61574
199524|1299|3356|16735|2716
327727|174|14840|2716
58308|6939|3170|203589
327727|174|52468|271150
23367|1299|174|37468|61568|266460|61625
36924|6762|174|11432|271150
28917|6939|1299|23520|267797
28624|3356|1299|20473|47065|61574
44324|32595|174|984|55201
28917|6939|1299|20473|214921
263237|174|216211|44324|205369
553|6939|28917|6789|200702
48070|6939|28917|28907
44324|32595|174|327727|329010
9044|1299|8551|44709
49432|48362|1299|174|216211|211575
12637|6939|50989|205966
29140|174|52468|271150
140627|1299|6461|394737
28917|6939|1299|58065
28917|6939|1299|23520|265561|270173|63293
50629|1299|6855|39904
210312|4601|50869|34019|25057
46450|1299|6453|29208
328840|327727|174|1299|22773|8119
28917|6939|1299|198218
328206|37739|3491|174|3130|47065|61574
58308|6939|9136|207943
210937|1299|34927|202827
139317|44324|32595|174|209589
28917|6939|1299|23520|262191|272153
12969|1299|3356|28370|269016
50877|6762|174|11432|271150|272738
34927|52025|32097|25091|8298|4601|4492
44324|32595|174|42366|212799
21700|174|22381|267470|263047|264389
20205|1299|22773|8119
59105|2518|1299|34927|202532
34927|174|210329|215728
6696|33891|216067|44244
2497|174|34927|202827
198249|13030|12859|47065|61574
28917|6939|1299|18734|11888
44324|32595|174|401847
34019|47160|174|60068|205884
6830|3257|37468|270551|263047
151326|174|12956|212721
34927|60011|3356|1299|6855|39904
3170|7195|28260|270548|52794|52659
17660|2914|174|5538|8194|29345
34854|1299|35598|52091|206810
199524|1299|6453|29208
59414|6830|3257|19318|209896
207841|20764|202984|35598|25308|28917|204076
50673|174|1299|198949|35676
2516|6830|60068|211571
2734|58453|30990|174|30844|328436
3170|6939|28370|263060
23764|3356|1299|20473|47065|61574
8283|6939|28917
28917|6939|1299|14754|52356
35008|1299|60068|197103|212080
148968|1299|6453|29208
24516|174|60068|211571
52025|174|6453|29208
207841|32787|202161
28917|6939|1299|27589|11110
215596|174|60068|205884
58057|34549|174|216211|211575
8283|6939|2852|48091
4764|1299|12956|212721
53828|2914|12859|47065|61574
58308|6939|1299|25400
3399|33891|216067|44244
50629|6939|207995
28917|6939|1299|23520|263238|265775
50629|6939|33924
48185|1299|6855|39904|47767
4601|50869|41051|197885
31742|1299|3257|19318|201813
9044|1299|20473|201423
55222|1299|6855|50698
12779|6939|2852|213152
28917|6939|1299|23520|273221
327983|37497|3491|174|1916|47065|61574
50877|5405|6939|2852|200874
8220|1299|174|60068|205884
13237|1299|20473|399970
57381|50304|1299|7195|28260|270548|52794|52659
6730|6830|1299|21351|60132
37468|28917|215730|209693
398465|174|14840|269288
577|174|3130|47065|61574
34854|1299|3356|8772|215536
3170|6461|23352|20473|47065|61574
34019|6461|394737
50629|6939|42695|52011
31742|1299|6453|4755|7768
49028|1299|56504|47674
58308|6939|15935|197451|201931
28917|6939|1299|396993|50224
174|52468|271150
28917|6939|1299|60068|30536
28917|6939|1299|62874|50495
34288|174|399697|39967|399697
328206|37739|3491|174|37468|61568|266460|61625
29222|1299|60068|211571
34288|1299|6453|19318|209896
34800|58057|50673|174|3257|22773|8119
59414|3303|174|20473|47065|61574
64475|62255|52091|206810|197643
41666|3216|51032|41344|39707
4601|50869|41051|200306
48362|1299|3356|28370
28917|6939|1299|20473|399970
204092|6939|28917|47914
577|1299|12859|47065|61574
6424|6939|28917|21453|48149
14907|1299|20473|399970
37105|37662|174|12956|212721
58308|6939|1299|31915
17639|1299|60068|197103|212080
29222|6939|28917|47759
2907|20965|5408|47065|61574
28917|6939|1299|20473|211158
19151|174|204548|215728
41666|1031|266493|61625
34927|56655|1299|7195|20473|47065|61574
139317|44324|32595|174|3130|47065|61574
56655|1299|7545|20473|47065|61574
29222|6939|8194|206600
139317|44324|32595|174|53667|14956
4601|50869|6939|50989|48116
28917|6939|1299|32097|56971
210312|4601|50869|6939|28370|268521
28917|6939|1299|20473|25048
29222|6939|29208|209847
64475|6939|2852|212876
34854|1299|174|216211|211575
37105|37662|174|210329|215728
20912|12637|56630|209944
199938|1299|8551|44709
199524|1299|60068|211571
1299|3356|8119
12859|6939|42695|43101
20514|1299|3356|28370|53079
271253|3356|1299|6855|39904|199604
12389|174|1916|47065|61574
50629|1299|8551|44709
44324|32595|174|42313|207502
47147|3320|1299|17676|216211|44324|205369
39122|1299|17676|216211|44324|205369
53828|2914|174|35598|52091|206810
21700|174|52468|271150
28917|8359|57304|15935|56747
207841|6939|28917|39134
12859|35598|52091|206810|196638
58308|6939|1299|8764
28917|37468|52468|262393
263152|174|60068|197103|212080
48362|1299|3356|28370|263535|268030
28917|6939|1299|6855|214945
58308|6939|1299|25759
6424|6939|28917|43714
20514|1299|3356|16735|273514
15547|174|399697|39967|399697
8283|20764|52091|206810|59815|25299
39351|1299|37468|270551|263047
213151|34549|174|22381|267470|263047
64475|6939|2852|204772
48070|41313|6821|1299|29208|205347
29691|1299|5511|60068|206406|210557
36924|1299|3356|28370|28657
62167|174|2914|20473|47065|61574
328840|327727|174|22381|267470|263047|264389
136557|174|35598|52091|206810|211692|214268|196977
52873|12956|6830|60068|216213|205884
513|29222|6939|8943|43915
48362|1299|174|140227|44324|205369
47147|1299|174|60068|205884
210312|4601|9498|20473|47065|61574
553|1299|12956|212721
3216|1299|56504|47674
58308|6939|1299|55410|38266
59689|30781|5511|174|37468|61568|266460|61625
198385|174|22381|267470|263047|264389
210312|4601|50869|6939|28917
20205|1299|6453|4755|7768
394256|174|2914|226|47065|61574
327960|174|28283|268744|2716
41722|20764|174|210329|215728
7018|174|20473|47065|61574
198385|174|201814|209896
37739|3491|1299|198949|35676
4601|50869|41051|212977
34288|1299|3356|28370|267556
9900|23764|1299|12859|47065|61574
58308|6939|35133
44324|32595|174|398843|401431
28917|6939|2852|199711
52025|32097|4230|52654|266493|61625
328964|3491|1299|34927|202532
28917|8359|57304|15935|204860|203385
50877|5405|28283|268744|2716
14537|12859|47065|61574
12859|22356|28370|268521
58308|35598|52091|206810|12773
28917|6939|1299|20473|203521
58308|6939|1200
37721|174|204548|215728
34927|60011|3356|1299|3920|206777
25220|3356|174|20473|47065|61574
12956|174|21700|399914
28917|6939|1299|23379|10617
4601|50869|34019|12654
24516|174|20723|2852|202874
28917|6939|1299|23520|262202|263713
2027|47160|174|5538|8194|29345
1221|4637|3356|21320|5408|47065|61574
3333|2603|21320|5408|47065|61574
60011|3356|174|140227|44324|205369
199524|174|3257|28917|215730|209693
7018|1299|21351|60132
28917|6939|1299|270122|270111
151326|174|3491|20473|399970
22652|174|3130|47065|61574
6908|1299|198949|35676
58308|6939|1299|54600
47147|1299|6855|39904|199604
199524|6762|1299|34927|202532
58308|6939|1299|25400|49082|204224
6082|2914|1299|6939|24796
139317|44324|32595|174|40727
58308|6939|6830|23520|46650|401400
23367|1299|56630|209944
58057|174|21320|5408|50148
2497|174|5538|8194|29345
20612|9044|174|22381|267470|263047|264389
204092|6939|28917|6789|200702
34927|60011|3356|174|20723|2852|202874
15935|6461|6057|28283|268744|2716
44324|32595|174|13977|400848
12779|6939|2852|199711
41327|8551|44709
44324|32595|174|20459
6830|44530|41327|198434
5511|174|3130|47065|61574
58308|6939|8194|206600
559|6939|28370|263535
15692|2914|174|399697|39967|399697
8758|15576|56630|209944
266213|3356|6830|60068|216213|205884
47160|6939|28370|270962
28917|6939|1299|20473|52025
35600|6939|28917|6789|200702
40994|57463|41327|200497
34927|52025|32097|28283|268744|2716
29479|50304|33891|216067|44244
13237|1299|6453|4755|7768
44324|32595|174|203623
11845|30844|3257|1299|20473|47065|61574
58308|6939|29670|60802
24516|174|204548|215728
47147|6830|34927|202827
47147|3320|1299|13335|400095
205206|1299|6461|394737
29222|6939|25192|29067
28917|6939|1299|198279|35444
30781|1299|10490|2722|12148|47065|61574
8283|3491|209810|207187|207198
1299|6939|50989
28917|6939|1299|52468|271882
139317|44324|32595|174|10578
36924|1299|3257|19318|209896
42541|2603|21320|5408|47065|61574
47147|1299|3257|19318|209896
58308|6939|215296
28917|6939|1299|20473|60601
29075|1299|3356|28370|268198
12859|25180|1299|198949|211049
3491|174|201814|209896
35426|215596|1299|3257|19318|201813
44393|58057|50673|174|399697|39967|399697
398465|174|210|47065|61574
58308|6939|42695|43101
28917|6939|39791|198002
852|174|22381|267470|263047|264389
46450|1299|6855|39904|47767
209650|34927|1299|3356|28370|263535
58308|6939|30893|9423
64475|20764|43298|48678|210574
28917|6939|39790
202032|57463|22356|52468|271150
4601|9002|8772|215536
12859|14840|269288
209650|34927|174|204548|215728
39392|174|21700|399914
48070|1299|3356|16735|273514
139317|44324|32595|174|398980
34800|58057|50673|174|28189|266931|269250|271150
3701|174|35598|25308|28917|204076
56655|1299|3920|206777
35600|4601|4492
513|174|1299|8551|44709
58308|6939|28917|6789|200702
207841|6939|28917|21453|35271
29222|6939|7018|2386|11873
49432|48362|1299|174|3130|47065|61574
58308|6939|42184|8454
34927|56655|1299|3356|8119
3399|33891|60068|211571
50673|33891|34927|202532
4601|50869|6939|30893|205563
58308|6939|25400|200139
6830|174|11432|271150
60068|3491|1299|6855|39904|199604
34927|1299|3257|60068|206406|210557
20253|1299|23764|35168|212999
2518|2516|174|3130|47065|61574
3130|174|204548|215728
852|1299|29695|206557|205190
56987|1299|8551|44709
38880|6762|174|21320|5408|47065|61574
22652|174|204548|215728
7018|6939|58308
29691|1299|2914|226|47065|61574
4601|8298|8283|2914|20473|47065|61574
28917|6939|7018|35980
139317|44324|32595|174|397601
971|174|6453|29208
29222|1299|20473|47065|61574
58308|6939|53764
58308|6939|1299|14080|3573
28624|61568|174|210329|215728
199524|21320|5408|47065|61574
42541|1299|7545|20473|47065|61574
139317|44324|32595|174|51110
34800|29632|12859|47065|61574
8283|6939|200070
28917|6939|1299|20473|398223
139317|44324|32595|174|11172|273278
40387|1299|56504|47674
29222|6939|28917|8926
398465|1299|174|22381|267470|263047|264389
263152|174|210|47065|61574
4230|1299|29695|206557|208835
58308|6939|6830|44239
60068|28917|215730|209693
139317|44324|32595|174|267784
12859|6204|208972|210538|6775|13030|4637|133398
327727|174|52468|262393
28917|6939|1299|23520|263703|269820
29222|6939|553|60824
58308|6939|5405|9182
34019|35598|52091
7018|6453|49666|205647|49801|204533
58308|6939|7018|394896
44393|394256|174|21320|5408|50148
28917|6939|1299|20473|62517
7594|174|216211|211575
58308|6939|1299|48620
204092|30781|3356|174|216211|211575
15935|174|8551|20473|47065|61574
206356|50629|8551|44709
28917|6939|1299|21859|42969
5405|52320|7162|13878|52468|271150
28917|6939|1299|20473|396015
49788|174|60068|205884
28917|6939|1299|60068|201207|212238
42541|1299|174|204548|215728
3170|174|22381|267470|263047
58308|6939|8943
917|60068|1299|20473|399970
216285|8280|6762|174|32595|44324
3216|1273|174|37468|61568|266460|61625
50629|20764|52091|206810|211692|31069
8283|6939|54429
29222|6939|207767
8220|1299|3223|34224|12735
44324|32595|174|60239
202365|50673|174|7195|20473|47065|61574
553|7195|11432|271150|272738
28917|20764|52091|206810|39089
28917|6939|1299|23520|263703|274022
58308|6939|268624|263601
55222|174|210329|215728
38880|174|37468|61568|266460|61625
7713|33891|216067|44244
327727|174|204548|215728
553|20473|30893
58308|6939|7018|1999
852|174|3130|47065|61574
59105|2518|2914|174|37468|61568|266460|61625
49605|6762|1299|6855|39904|47767
58308|6939|196621
47147|1299|6939|50989|48116
47147|3320|1299|8551|20473|47065|61574
139317|44324|32595|174|273264
8283|2914|20473|47065|61574
44324|32595|174|210743
31742|1299|8551|20473|47065|61574
8283|6461|210|47065|61574
199524|174|3130|47065|61574
917|60068|3491|1299|6855|39904|199604
58308|6939|21430|199220
47147|6830|60068|216213|205884
39392|174|140227|44324|205369
14907|1299|6855|39904
196621|6939|28917|39238|49392
29222|6939|41720|47152|208753
35598|174|201814|209896
49788|1299|37468|270551|263047
328840|327727|174|13335|5408
6830|3491|209810|207187|207198|206429
139317|44324|32595|174|11172|265625
210312|4601|50869|41051|212488
58308|6939|33891|204704
4181|1299|8943|200636
12956|1299|201814|209896
37100|1299|6855|39904|202605
48070|6939|29222|41495|206202
28917|6939|7018|396922
60068|174|5538|8194|29345
12779|62255|52091|48158
3130|174|2914|226|47065|61574
132825|174|3257|28917|215730|209693
58308|6939|8194|210213
6730|6830|60068|211571
207841|13335|5408
210937|1299|3491|20473|47065|61574
6424|20473|47065|61574
15605|35598|25308|28917|9049|51017
28917|20764|52091|206810|211692|214268|197578
34872|8283|47065|61574
35280|1299|34927|202827
8220|1299|5511|60068|206406|210557
49544|3356|174|3130|47065|61574
5511|1299|6855|39904
20612|9044|1299|3257|20473|47065|61574
4764|1299|8551|44709
6082|174|20473|47065|61574
20612|9044|174|11432|271150
46450|1299|6855|39904
28917|6939|56595|206324
1828|1299|8551|44709
28917|6939|1299|22908
6453|174|21320|5408|50148
28917|6939|47160|214390
56662|34549|174|3130|47065|61574
1140|24785|6830|3356|28370|269016
4601|6939|28917|198297
50629|6939|28370|263535
6423|20055|174|35598|52091|206810
50877|5405|37271|20473|47065|61574
52025|174|37468|270551|263047
196621|6939|28917|47914
202365|50673|174|1299|3920|206777
3491|1299|10490|2722|12148|47065|61574
8283|20764|52091|206810|211692|214268|197578
29222|6939|62000|198831|210013
56655|1299|10490|2722|12148|47065|61574
28917|6939|1299|20473|214772
6057|174|50509|51032|41344|39707
58308|6939|1299|20940
12389|1299|2914|226|47065|61574
34019|29169|1299|20473|47065|61574
151326|174|60068|211571
42541|1299|6762|49666|58224|214805
29680|174|399697|39967|399697
28917|6939|1299|8151|28400
57777|8298|8283|3491|209810|207187|205044
58308|6939|6830|33915|61351
2027|35280|6453|174|21700|399914
29222|6939|12735|8517
4764|1299|201814|209896
328512|5713|174|3257|21034
8298|8283|3491|209810|207187
4601|50869|41051|215004
34800|29632|9002|1299|198949|35676
34927|1299|8551|44709
32590|6453|174|14840|269288
7018|174|210329|215728
3701|3356|1299|6855|39904|202605
48362|1299|201814|209896
37739|3491|1299|20473|47065|61574
6730|6830|174|3130|47065|61574
37662|174|22381|267470|263047
553|32787|202161
28917|6939|1299|209578
12779|6939|29222|204957
55222|174|28189|266931|269250|271150
32590|37100|1299|20473|47065|61574
680|1299|35598|52091|206810
12637|35598|52091|206810|59867
139317|44324|32595|174|395866
34927|174|60068|216213|205884
139317|44324|32595|174|25710
4601|50869|58299|209898|199553|208948
1299|7195|11432|271150|272738
32590|37100|174|3130|47065|61574
55222|1299|29695|206557|204503
2027|47160|174|28189|266931|271615|273522|271150
28917|6939|56595
44324|32595|174|212081
40994|6939|15372|203592
29222|6939|29208|203488
8529|6453|174|11432|271150|272738
58308|6939|33891|57395
48919|174|138997|216211|44324|205369
8283|57866|28917|215730|209693
209650|34927|1299|10490|2722|12148|47065|61574
19151|2914|1299|6855|39904|202605
20514|1299|7195|28283|268744|2716
8298|25091|1299|198949|35676
207841|6939|28917|21453|48149
13830|971|174|6453|19318|209896
28917|6939|1299|20473|215507
50304|1299|60068|216213|205884
139317|44324|32595|174|20473|40138
58308|6939|7018|6621|265705
28917|6939|7018|32119
44324|32595|174|55644
50673|174|201814|209896
28917|6939|1299|52468
31510|174|2914|20473|47065|61574
30844|174|20473|47065|61574
6730|6830|33891|216067|44244
34019|6939|16652
58057|174|35598|25308|28917|204076
58308|6939|1299|20473|211321
3130|174|6453|4755|7768
6424|20473|30893
49544|1299|6855|39904|199604
58308|6939|56595|215320
5413|1299|34927|202532
28917|6939|56595|211879
3130|174|1299|12859|47065|61574
64475|34927|202532
210312|4601|6939|28917
58308|6939|1299|37680|328596
28917|6939|1299|6855
3320|174|37468|61568|266460|61625
12859|35598|52091|206810|214721
28917|6939|1299|34628|34652
8283|6939|196610
28917|6939|28370|268521
132825|174|3356|28370|268521
139317|44324|32595|174|8452|24835|36935
16552|3257|174|3130|47065|61574
12859|15557|206865|3215|5511|174|199727|12645
34288|1299|3356|28370|268521
45049|6696|1299|174|21320|5408|47065|61574
47147|6461|6424|44592|49581|209693
205206|1299|7195|28343|2716
4826|1299|35598|52091|206810
6424|62255|25308|28917|9049|51017
39122|1299|6855|39904|202605
29691|1299|174|216211|211575
50304|1299|7195|28260|270548|52794|52659
29222|6939|7018|36040
37468|3257|174|3130|47065|61574
28917|6939|1299|20473|216301
210312|4601|6939|30893|205563
35600|6939|50989|33837
4601|50869|6939|28370|267608
2152|3356|1299|22773|8119
139317|44324|32595|174|36027
23673|3491|174|37468|61568|266460|61625
28917|6939|1299|23520|272935|271808
47147|1299|6939|50989|205966
3170|6939|28917|21453|201646
20205|1299|60068|197103|212080
1299|174|22381|267470|263047|264389
205206|1299|198949|35676
58308|6939|1299|18734|13591
917|60068|174|6461|394737
44324|32595|174|43160
56655|1299|174|210|47065|61574
12969|1299|3216|51032|41344|39707
14907|1299|174|216211|211575
60326|206499|34549|174|140227|44324|205369
31510|174|210|47065|61574
58308|6939|1299|21859
28917|6939|1299|20473|21629
34854|1299|6855|50698
1299|3257|60068|206406|210557
12779|35598|52091|206810|214721|204108
49544|33891|60068|211571
3399|5511|174|52468|271150
28917|6939|1299|198611
35369|5405|6939|28370|269016
29504|15935|6461|6057|28283|268744|2716
29222|6939|7018|22056
4230|33891|216067|44244
7474|3257|174|60068|205884
28917|6939|3170|203363
50131|36236|2914|12859|47065|61574
57695|917|60068|174|140227|44324|205369
28917|6939|1299|23520|267713
58511|3491|174|37468|61568|266460|61625
24785|6830|3491|20473|47065|61574
37239|37468|174|12956|212721
2734|32787|202161
553|6939|2852|200874
12779|7195|11432|271150|272738
202365|50673|12859|47065|61574
47957|44530|6830|60068|216213|205884
18106|33891|60068|211571
64475|3320|174|52468|271150
21232|13030|1299|6453|4755|7768
8220|1299|7545|20473|47065|61574
139317|44324|32595|174|26801
271253|174|34927|202827
49028|6830|34927|202827
12637|6939|29222|207688
3356|1299|6855|39904|202605
58308|6939|7018|62907
199524|174|1299|20473|399970
14907|1299|3257|19318|209896
559|37271|20473|47065|61574
3320|1299|8551|44709
8455|1299|20473|47065|61574
6730|6830|3356|29695|206557
58308|6939|2852|212876
58308|6939|200462|213579
8220|1299|3920|206777
16552|1299|3223|34224|12735
44324|32595|174|270126|270215
12637|16276|203019
271253|6453|1299|34927|202532
6453|174|60068|216213|205884
29222|6939|35168|21299
29504|15935|174|1299|8551|44709
29222|6939|30893|205563
264479|6762|1299|6855|39904|202605
47147|1299|6453|29208
4764|174|52468|262393
48070|20473|30893
174|35598|25308|28917|204076
215596|1299|1680|20473|47065|61574
64475|7195|11432|271150|272738
58308|6939|1299|208328
35600|6939|59970
3170|6939|15372|203592
204092|6939|28370|267608
199524|174|3257|21034
12779|35598|52091|206810|59867
20764|174|20473|47065|61574
44324|32595|174|29727
210312|4601|50869|41051|207852
559|29632|215536
1280|1299|3920|206777
132825|174|1299|8551|44709
22652|1299|12956|212721
139317|44324|32595|174|208765
1764|5405|266493|61625
58308|6939|1299|22497
199524|137409|12859|47065|61574
28917|6939|1299|20473|131667
6830|3356|3223|34224|12735
139317|44324|32595|174|14
7018|6939|393682
7713|174|5538|8194|29345
58308|6939|1299|20473|47065
8758|3303|21320|5408|47065|61574
57866|1299|8551|20473|47065|61574
28917|6939|1299|23520|26505
12779|35598|52091|206810|214721
148968|1299|21351|60132
58308|6939|1299|48469
139317|44324|32595|174|132839
29222|6939|15935|197451|201263
4601|50869|52025|212895|402182
327960|174|37468|53062|266493|61625
140627|1299|6204|44592|49581|209693
37739|3491|174|34927|202827
28624|61568|174|201814|209896
4601|20473|47065|61574
19653|30600|174|210|47065|61574
60011|3356|1299|22773|8119
3170|64049|174|55410|141549
553|264409|61832|266460|61625
50629|6939|50989
139317|44324|32595|174|1089
328206|37739|3491|174|20473|47065|61574
29680|174|8551|20473|47065|61574
196621|6939|28917|206011
51519|39351|174|3356|8119
35710|3320|1299|37468|53062|266493|61625
5405|62255|52091|206810|214721|204108
31510|174|21320|5408|47065|61574
8218|6461|174|1916|47065|61574
139317|44324|32595|174|53667|202776
9044|1299|12956|212721
58308|6939|1299|3249|200425
139317|44324|8298|4601|4492
6720|1764|1299|198949|35676
553|9002|197068
917|60068|1299|6855|50698
29222|6939|52838|268086
6894|174|3257|20473|47065|61574
2027|47160|174|22381|267470|263047|264389
210312|4601|50869|41051|201423
2734|37468|52468|271150
2518|1299|6855|39904|199604
50304|1299|7195|20473|47065|61574
28917|6939|1299|54103
28917|6939|1299|23520|272935|267862
29222|6939|15935|197451
1031|999|6453|174|3130|47065|61574
215596|174|3257|21034
62167|174|1299|3920|206777
40994|57463|41327|206732
49028|1299|35598|52091|206810
42541|35598|52091|206810|196638
15605|35598|52091|206810|59867
29222|6939|62000|208226
7474|3257|174|140227|44324|205369
199938|15943|174|52468|271150
34927|52025|1299|29695|206557|204503
58308|35598|52091|206810|12773|44884
139317|44324|32595|174|13580
58308|6939|1299|28428
23367|1299|33891|216067|44244
24516|174|6762|49666|58224|214805
12859|44592|49581|209693
42473|1299|5511|60068|206406|210557
1280|1299|8551|44709
207841|6939|28917|48610
28917|6939|1299|271
19151|174|3130|47065|61574
58308|6939|6830|23520|14813
1299|6855|39904
4826|1299|20473|399970
28917|6939|1299|207023
34927|1299|3356|28370|53079
23367|1299|174|60068|205884
28917|6939|1299|18734|28477
58057|50673|174|2914|20473|47065|61574
6830|6939|54429|401894
50629|20764|52091|206810|59815
139317|44324|32595|174|200315|57568
31510|174|6453|4755|7768
3216|33891|60068|211571
35426|215596|174|28189|266931|269250|271150
35008|1299|17676|216211|211575
199524|174|1299|198949|35676
210937|1299|3356|28370|53079
33891|7195|28343|2716
20080|2914|1299|6855|39904
20253|1299|174|20473|47065|61574
2500|2914|1299|6855|39904|47767
14537|174|3130|47065|61574
16552|4637|33891|216067|44244
40994|6939|28917|12668
64475|6939|28370|28657
12779|6939|2852|212876
59414|6830|3257|21034
2500|2914|1299|198949|35676
139317|44324|32595|174|397384
28917|6939|200303
35600|35598|52091|206810|202497
28917|20764|52091|206810|213694
6830|3356|56630|209944
42541|62255|52091|206810|12773|47809|59478
49544|1299|6855|50698
44324|32595|174|270120
6908|174|8551|20473|47065|61574
139317|44324|32595|174|398343
132847|7474|3257|1299|20473|47065|61574
48919|174|21700|399914
28917|6939|1299|48299
28917|6939|1299|60051|208293|203214|51684
58308|6939|6830|23520|272969
139317|44324|32595|174|53667|214660
28917|6939|1299|400940
20080|2914|174|37468|61568|266460|61625
57695|917|60068|1299|6855|39904|202605
28917|6939|1299|23520|11139|397382
210312|4601|50869|41051|211715
4601|50869|6939|59689
35008|1299|7195|28189|266931|269250|271150
41666|20764|52091|206810|50204
58308|6939|1299|1759|29422
23673|9900|23764|3356|21320|5408|47065|61574
55222|1299|29695|206557|208835
28917|6939|7018|10934
29222|39801|199881
3491|174|14840|269288
7713|174|52468|271150
40387|1299|6453|29208
6830|174|204548|215728
327983|37497|3491|1299|3920|206777
1140|24785|1299|20473|47065|61574
50629|57724|12555
207841|7195|28189|266931|269250|271150
513|29222|6939|12735|8517
44324|32595|174|57974|266
4181|1299|60068|211571
28917|6939|7018|25687
28917|6939|1299|399912
58308|6939|6830|23520|265539
210312|4601|50869|215828
35600|6939|29222|41495|206202
328840|327727|174|50509|51032|41344|39707
37662|174|399697|39967|399697
139317|44324|32595|174|394634
5405|13335|5408
28917|6939|1299|22442
553|9002|12555|48876
47957|3356|174|210|47065|61574
12779|35598|52091|206810|202497
23367|1299|6855|39904
398465|3320|1299|198949|35676
2497|1299|6855|39904|202605
198385|174|140227|44324|205369
31742|1299|60068|211571
44324|32595|174|8285|199152
210937|1299|20473|47065|61574
205112|50629|20473|47065|61574
5405|62255|52091|206810|34786
29680|174|52468|271150
47147|1299|3216|51032|41344|39707
8359|1299|8551|44709
58308|6939|1299|10396|397566
29222|6939|54429|401894
199524|1299|12859|47065|61574
16347|1299|3223|34224|12735
28917|6939|1299|1759|205250
9268|4764|174|28189|266931|269250|271150
59919|52025|212895|210320
32653|3741|174|1299|6855|39904
202365|8283|47065|61574
40994|13335|400095
12859|35598|52091|206810|35273
6830|3356|28370|267556
40994|57463|41327|214443
29075|1299|3223|41327
28917|6939|1299|131429|396986
29632|9002|3356|174|20473|47065|61574
327960|174|22381|267470|263047|264389
28917|6939|1299|34305
210312|4601|50869|41051|201445
202032|137409|48011|25184|49801|204533
40994|57463|41327|43648
44324|32595|174|36352|136258
64475|3320|174|37468|61568|266460|61625
14907|1299|60068|216213|205884
3214|1299|3257|20473|47065|61574
29222|6939|28917|39153
6830|1299|10490|2722|12148|47065|61574
2914|6424|44592|49581|209693
28917|6939|1299|201216
917|60068|5511|1299|198949|35676
398465|6939|1299|20473|47065|61574
55222|174|60068|211571
58308|6939|6830|23520|272401
136557|174|3356|16735|2716
44324|32595|174|4058
39122|174|22381|267470|263047|264389
11039|6461|1299|60068|211571
7922|1299|34927|202532
31742|174|210|47065|61574
12859|29632|59682
12956|174|204548|215728
6082|174|37468|61568|266460|61625
29479|50304|1299|56630|209944
34927|1299|174|1916|47065|61574
37053|37100|33891|60068|211571
204092|34019|2603|21320|5408|50148
8220|3491|174|204548|215728
3130|174|6453|60068|216213|205884
37468|174|399697|39967|399697
34019|3303|174|3130|47065|61574
28917|6939|15935
58299|62255|52091|206810|196767
139317|44324|13335|400095
29504|15935|174|1299|22773|8119
207841|6939|28917|48084|59833
20514|1299|6453|29208
42541|33891|216067|44244
44324|32595|174|209532
24516|174|3356|16735|273514
6894|33891|60068|211571
58308|6939|6830|23520|15344
6762|1299|20473|47065|61574
8220|1299|6453|29208
44324|32595|174|16601
60068|174|3356|28370|28657
12969|1299|3356|28370|263963
5405|62255|52091|206810|24881
45049|6696|1299|12859|47065|61574
199524|1299|29695|206557
7713|1299|6461|394737
1273|174|60068|197103|212080
205206|1299|3356|16735|2716
28917|6939|30893|200690
58308|6939|28370|268521
24961|1299|12956|212721
6730|6830|3356|53062|266493|61625
35600|6939|29222|204957
20612|9044|174|20473|47065|61574
14537|174|5538|8194|29345
40994|6939|28917|44812
50304|1299|3356|28370|268521
58308|6939|29208|34222
28917|2603|21320|5408|50148
44324|32595|174|21826|273155
210312|4601|50869|6939|2852|204772
39392|174|60068|216213|205884
58308|6939|1299|63270|397301
5511|174|399697|39967|399697
29222|6939|35826|62815
12637|1299|198949|35676
21232|15576|35598|52091|48158
24516|174|201814|209896
34927|1299|3356|28370
51088|6461|6424|44592|49581|209693
2497|1299|917|214598
28917|6939|7018|400393
28917|47311|150249|153176
3320|1299|7195|11432|271150|272738
553|1299|6762|267470|263047
917|60068|1299|3356|8119
20253|1299|6453|60068|216213|205884
12956|1299|34927|202532
559|37468|60068|216213|205884
32590|12956|174|3130|47065|61574
58308|6939|1299|396993|208812
3170|174|3130|47065|61574
35600|6939|28917|206011
28917|6939|1299|20473|39792
327960|174|21320|5408|50148
28917|201054|198408
29691|1299|20473|399970
11039|6461|1299|20473|47065|61574
12859|6939|25192|26710
4601|50869|6939|54429|401894
28917|6939|7018|30232
58308|6939|1299|203092
58057|34549|1299|6855|39904|47767
29222|6939|62000|198831|207466
174|3356|9002|8772|396416
41666|8298|4601|4492
60011|3356|1299|8551|44709
12859|6939|30893|13214|35634
52075|6762|174|37468|61568|266460|61625
39122|1299|6453|29208
37497|3491|1299|198949|35676
24482|2914|1299|10490|2722|12148|47065|61574
23764|1299|8551|20473|47065|61574
139317|44324|32595|174|57974|62661
8283|2914|3223|34224|12735
35600|9002|34927|202827
64475|6939|30893|13214
29222|6939|3170|205739
50629|20764|52091|206810
139317|44324|32595|174|36352
29222|6939|8194|206362
205206|1299|35598|25308|28917|204076
58057|174|204548|215728
35280|3356|174|20473|47065|61574
12859|1299|174|216211|211575
36924|1299|56504|47674
3320|1299|17676|216211|44324|205369
58308|6939|1299|136106|45305|141607
4601|50869|52025|205378
327804|37271|174|11432|271150
6730|6830|174|28189|266931|271615|273522|271150
64475|62255|52091|206810|12773|47809|59478
47147|3320|33891|216067|44244
8283|2603|21320|5408|50148
17639|1299|6453|4755|7768
29222|6939|15605
28624|3356|1299|6855|39904
8888|137409|174|204548|215728
5713|174|10490|2722|12148|47065|61574
15605|8772|396416
35426|215596|174|210|47065|61574
15605|20764|43298|48678|210574
3356|174|1916|47065|61574
7594|3356|1299|3920|206777
53828|3257|1299|198949|35676
12350|1299|5511|60068|206406|210557
58308|6939|29208|215588
46450|33891|60068|211571
16552|6453|174|201814|209896
34019|6696|1299|198949|35676
12956|174|52468|271150
28917|6939|1299|20473|206586
6424|174|210|47065|61574
29691|1299|174|210329|215728
12969|1299|8551|44709
50629|50263|201814|209896
28917|52320|7162|13878|52468|271150
22652|1299|198949|35676
29075|1299|3356|8119
58308|6939|29208|205400
29222|6939|28917|12668
1299|6453|29208
58308|6939|1299|23487|27738
59890|60068|33891|216067|44244
4601|6939|28917|39238|49392|34567
135895|137409|174|204548|215728
30844|174|5538|8194|29345
15605|6939|2852|210498
202365|50673|174|1299|20473|399970
12637|35598|52091|206810
6730|6830|3356|8119
28917|6939|6424|46516
58308|6939|1299|20473|206586
174|28189|266931|271615|273522|271150
58511|3257|3356|21320|5408|47065|61574
207841|6939|50989|33837
15547|174|60068|211571
25152|2914|1299|198949|35676
198249|13030|21320|5408|47065|61574
6830|3491|216211|211575
6908|174|6453|4755|7768
44324|32595|174|400702
8220|6453|174|20473|47065|61574
20473|174|20473|47065|61574
210312|4601|50869|6939|50989|50683
204092|34019|3223|41327
34177|1299|3356|28370|264426
44324|32595|174|11172|265625
559|35598|52091|59815|25299
210312|4601|50869|58299|207271
20764|33891|216067|44244
137409|2914|1299|198949|35676
22652|1299|20473|201423
19653|30600|174|37468|61568|266460|61625
6424|271586|263047|264389
41327|6939|59970
58308|6939|1299
58308|20764|43298|48678|213865
28917|6939|1299|23520|27717|267809
29504|15935|174|3257|19318|201813
28917|6939|1299|20473|205398
49028|1299|7195|20473|47065|61574
41327|37468|60068|216213|205884
28917|6939|1299|21351
58308|6939|202297|210951
139317|44324|32595|174|3360
29222|39801|58308
29222|6939|7018|11992
58057|1836|1299|20473|399970
29222|6939|51826
6424|6939|16652
28917|6939|7018|154126
28917|6939|1299|262206|27773
35600|35598|52091|206810|56915
28917|6939|1299|22439
48362|1299|3356|28370|267556
513|174|11432|271150
6424|174|5538|8194|29345
44393|394256|174|60068|211571
174|210|47065|61574
16552|3257|1299|20473|399970
210312|4601|6939|28917|47914
22652|33891|216067|44244
5405|56630|209944
53828|2914|174|140227|44324|205369
44324|32595|174|401429
29222|6939|15962|21433
44324|32595|174|394542|398765
12779|3257|1299|20473|47065|61574
6667|2603|21320|5408|47065|61574
32590|1299|3356|28370|263060
58308|6939|202297
34927|60011|3356|174|140227|44324|205369
559|35598|52091|206810|211101
20514|1299|13335|5408
28917|6939|50989|205966
140627|1299|3356|28370|269016
4601|50869|52025|209552
64475|6939|2852|197277
6696|1299|174|210|47065|61574
58308|35598|52091|206810|57460
6424|14840|2716
210312|4601|6939|28917|21453|201646
4601|50869|199310|215502
263237|174|30844|21351|60132
215596|1299|3356|28370|53079
28917|6939|1299|400400
40994|174|11432|271150|272738
327727|174|1299|8551|44709
6082|2914|1299|6855|39904|199604
13030|1299|3356|8119
58308|6939|263047|271068
34927|56655|1299|4637|20473|47065|61574
28917|6939|42695|52011
207841|6939|28370|268198
3170|6939|2852|201648
48070|6939|215172|214955
21232|15576|174|210329|215728
207841|6939|28917|48084|199961
215596|174|216211|211575
44324|32595|174|57974|401452
44324|32595|174|212250|208293|203217
1031|999|6453|174|22381|267470|263047|264389
202365|50673|174|5538|8194|29345
41327|34927|202532
513|29222|6939|200712
559|13335|5408
64475|31133|12389|28917|8905|42132|56779
20912|174|28189|266931|269250|271150
199524|1299|6453|19318|201813
16552|1299|4230|2716
205112|50629|33891|60068|211571
34800|58057|50673|174|37468|270551|263047
35600|6939|28370|28657
513|29222|6939|262365
44324|32595|174|393857
58308|6939|1299|14080|273083
48070|6939|2852|197277
47957|3356|1299|198949|35676
28917|6939|1299|20473|203913
37271|174|204548|215728
28917|6939|1299|7545|133612
28917|6939|47787|203020|208414
140627|2914|1299|20473|47065|61574
24961|1299|21351|60132
47147|1299|2914|226|47065|61574
44324|32595|174|27988|272879
58057|50673|174|7311|835|394273
8426|6777|47065|61574
28917|6939|30893|9423
28917|6939|1299|23520|263703|270026
5405|62255|52091|59815
210312|4601|50869|6939|28370|263060
559|6939|28370|268521
58308|6939|5405|48918|34172
999|6453|174|10490|2722|12148|47065|61574
48070|6939|30893|200690
2914|5405|8943|200636
50629|33891|44592|49581|209693
394256|174|1299|20473|47065|61574
8220|1299|1680|20473|47065|61574
4601|50869|52025|216096
3701|3356|1299|6855|39904|47767
56987|1299|6855|39904|47767
29075|174|3130|47065|61574
151326|174|3356|1680|44709
28917|6939|1299|12876
44324|32595|174|397735
24516|3491|1299|198949|35676
49544|2914|174|5538|8194|29345
57777|8298|25091|2603|21320|5408|47065|61574
20485|1299|20473|399970
3356|1299|33891|216067|44244
3170|6939|28917|39153
28917|6939|1299|141039
4601|50869|58299|209898
5511|174|21700|399914
58308|6939|1299|46261|46978
28917|6939|1299|23520|52286|264764
58308|6939|268047
271253|6453|174|20723|2852|202874
199524|174|10490|2722|12148|47065|61574
199524|3356|1299|6855|39904
16552|1299|6855|39904|202605
58308|6939|29208|210631
198385|29075|12859|47065|61574
44324|32595|174|11900
46450|1299|6855|39904|202605
35600|30781|33891|60068|211571
12779|62255|52091
328512|5713|174|20473|47065|61574
5405|20473|47065|61574
3549|3356|1299|22773|8119
58057|1836|174|204548|215728
58308|6939|6830|23520|64126|266734|273048
58299|1680|20473|47065|61574
47147|1299|60068|216213|205884
8298|8283|3491|209810|207187|207198
215596|174|52468|271150
207841|6939|28917|8491
58308|6939|35133|50917|215318
8283|6939|207995
6830|6762|267470|263047
6762|1299|6855|39904|47767
49432|48362|1299|10490|2722|12148|47065|61574
35369|1764|1299|8551|44709
28917|6939|7018|32031
327782|37100|1299|3920|206777
50673|174|32787|202161
35426|215596|1299|6855|39904|199604
199524|1299|3257|20473|47065|61574
52320|174|5538|8194|29345
2734|16735|266931|271615|273522|271150
58308|6939|39791
7473|1299|3920|206777
327960|174|28189|266931|271615|273522|271150
29222|6939|199081|209847|26383
28917|6939|7018|36610
34927|56655|1299|174|140227|44324|205369
44324|32595|174|44891
49432|48362|1299|20473|201423
24516|174|3356|1680|44709
4826|1299|201814|209896
15547|3303|21320|5408|47065|61574
35008|1299|2914|1916|47065|61574
45352|1299|3216|51032|41344|39707
44324|32595|174|33182
16552|1299|3356|28370|267556
20205|174|52468|271150
47311|150249|153176
57695|917|60068|1299|6855|50698
28917|6939|1299|20473|393368
6830|6939|28370|267556
328512|5713|174|60068|211571
34854|1299|3356|28370|53079
28917|6939|1299|20473|394335
136557|174|3356|28370|267608
28917|6939|1299|140224
34927|1299|6855|39904|205968
34927|56655|1299|6762|16735|273514
12859|7195|28343|2716
58308|20473|47065|61574
398465|1299|6453|4755|7768
6830|6939|30893|13214
29222|6939|553
58308|6939|1299|208905|208666
28917|6939|6830|33915|58083
58308|6939|1299|52468|264851
3320|1299|29695|206557|205190
58308|6939|1299|42615
47147|1299|6762|16735|273514
3170|6939|54429
58057|34549|1299|6855|39904|202605
28917|6939|6830|23520|27665|27789|274008
37739|3491|1299|3920|206777
5405|6939|2852|201648
2500|2914|174|37468|61568|266460|61625
8220|1299|29695|206557|205190
263152|174|10490|2722|12148|47065|61574
4230|174|399697|39967|399697
28917|6939|7018|397650
50877|5405|6939|24796
207841|16276|203019
23673|9900|23764|1299|198949|35676
3170|6939|28917|43886
398465|1299|3257|19318|209896
29691|1299|174|22381|267470|263047|264389
3491|1299|8551|44709
34549|1299|6855|39904|47767
8283|6939|30893|13214|35634
28917|6939|3170|215066
49028|1273|16019|59970
29222|6939|56595|43442
5405|1299|20473|201423
132847|7474|3257|174|20473|47065|61574
64475|3320|1299|20473|399970
20253|1299|9002|8772|396416
47160|6939|28370|28657
47147|1299|174|60068|216213|205884
132337|174|1916|47065|61574
3701|3356|1299|6855|39904
28917|6939|1299|20473|205058
35600|6939|393682
34800|29632|9002|3356|174|20473|47065|61574
29222|6939|7018|46488
28917|6939|1299|23520|52228|13335
28917|6939|1299|199524|51191
7500|2497|174|35598|52091|206810
20205|174|28283|268744|2716
204092|6939|30893
8529|1299|174|20473|47065|61574
31122|6453|1299|20473|201423
58308|6939|6830|60284
327983|37497|3491|1299|20473|47065|61574
29222|6939|48678|47951
39122|174|60068|216213|205884
35600|30781|1299|6855|39904
64475|7195|28189|266931|271615|273522|271150
3356|174|11432|271150
15576|174|20473|47065|61574
1299|6855|50698
7018|3356|22381|267470|263047|264389
44324|32595|174|46437
18106|174|60068|216213|205884
6939|1299|20473|399970
28917|6939|268944
28917|6939|1299|6855|200828
49544|1299|201814|209896
2518|2914|12859|47065|61574
28917|6939|7018|62907
58057|50673|174|204548|215728
139317|44324|32595|174|52438
38001|3491|174|210|47065|61574
58308|6939|6424
49788|1299|12956|212721
28917|6939|1299|20473|397493
12859|1299|20473|201423
216285|8280|6762|174|210329|215728
207841|61049|2914|1299|20473|47065|61574
44324|32595|174|53471
202365|50673|174|3356|8119
6830|174|20473|47065|61574
553|6939|58308
34549|3257|1299|20473|399970
136557|174|1299|198949|35676
28917|6939|1299|198949
58308|6939|33891|43771
8298|28917|215730|209693
14537|13786|174|60068|197103|212080
46450|1299|6453|4755|7768
58057|1836|1299|20473|47065|61574
28917|6939|1299|20473|399264
44324|32595|174|132839
50629|44592|49581|209693
39351|1299|12956|212721
148968|1299|35598|52091|206810
13830|971|174|34927|202827
49788|1299|34927|202532
28917|6939|1299|6206
28917|6939|200462|213579
199524|1299|3356|28370|263535|268030
44324|32595|174|57801
44324|32595|174|7195|30081
20764|174|7545|20473|47065|61574
41327|174|22381|267470|263047|264389
17350|6453|1299|16276|203019
6830|1299|56630|209944
39122|1299|10490|2722|12148|47065|61574
207841|6939|28917|12739
263152|174|21320|5408|47065|61574
15605|35598|52091|206810|59815|25299
58308|6939|29670|212520
24482|28917|215730|209693
199524|3356|1299|201814|209896
6424|6939|28917|48084|59833
37105|37662|174|22381|267470|263047
23367|1299|6204|44592|49581|209693
29075|1299|1680|20473|47065|61574
31510|174|34927|202827
28917|6939|1299|12337
917|60068|33891|8298|4601|4492
34872|24961|1299|20473|47065|61574
6057|174|60068|205884
3491|174|204548|215728
28917|6939|7018|54495
58308|6939|7018|36610
139317|44324|32595|174|21859
513|29222|6939|12735
37271|174|20723|2852|202874
34177|1299|12956|212721
577|174|1916|47065|61574
58308|6939|5405|12502
12779|6939|29222|207688
398465|1299|56630|209944
136557|174|7195|20473|47065|61574
559|35598|52091|206810
204092|6939|2852|48091
398465|3320|1299|12859|47065|61574
8220|1299|56630|209944
41722|12389|174|210|47065|61574
16552|1299|3356|28370|263060
25220|3356|174|210|47065|61574
58308|6939|40994|198510
44324|32595|174|399544
7594|174|7195|20473|47065|61574
14907|1299|6855|39904|202605
34927|1299|17676|216211|44324|205369
58308|6939|1299|8697|8376
47692|33891|1299|201814|209896
12779|6939|2852|201648
50628|3356|21320|5408|47065|61574
4601|50869|6939|28370|263060
204092|6939|50989|50683
136557|174|12956|212721
553|1299|21351|60132
58308|6939|7018|32031
20253|1299|6762|16735|273514
34800|58057|6939|1299|20473|399970
7018|6939|2852|213152
207841|6939|30893|205563
8455|1299|6453|1031|61568|266460|61625
51185|6762|1299|8551|44709
12307|29691|1299|198949|35676
25152|6939|1299|20473|47065|61574
3320|1299|21351|60132
58308|6939|31263
41327|1031|266493|61625
140627|1299|6453|19318|209896
1299|174|14840|269288
204092|6939|25192|26710
41811|1273|174|37468|61568|266460|61625
16552|1299|20473|47065|61574
6894|174|56630|209944
34927|1299|3356|28370|269016
19151|2914|1299|3920|206777
917|60068|33891|20473|47065|61574
139317|44324|32595|174|263194|262259
57111|174|3491|20473|47065|61574
35600|35598|52091|206810|211101
2914|174|11432|271150
28917|6939|1299|20473|200268
6720|1764|5405|266493|61625
28917|3257|174|20473|47065|61574
29222|6939|35133|210558
58308|6939|1299|835|52025|215760
28917|6939|15372|203592
139317|44324|32595|174|42228
8280|6762|174|60068|197103|212080
23367|1299|3356|28370|267556
48070|6939|28917|20985
58308|6939|1299|54113
207841|6939|28917|47914
28917|6939|1299|15164
174|2914|12859|47065|61574
34927|1299|3356|28370|268198
7473|1299|198949|35676
29222|6939|208453
6908|174|6453|19318|209896
32590|4637|3257|1299|34927|202532
16552|1299|34927|202532
132825|174|5459|200070
52075|2914|12859|47065|61574
49432|48362|1299|3356|28370|267608
29504|15935|174|22381|267470|263047
50304|1299|3356|16735|2716
58308|6939|1299|9584
28917|6939|1299|11019
47147|3320|1299|20473|201423
328840|327727|174|52468|262393
213151|34549|1299|3223|34224|12735
50628|1299|174|37468|61568|266460|61625
28917|6939|215172|214955
29222|6939|50629|59645
35426|215596|174|52468|262393
60011|3356|1299|198949|35676
58308|59689|30781|33891|216067|44244
57695|917|60068|174|3356|8772|215536
32590|37100|1299|10490|2722|12148|47065|61574
17350|2914|6424|44592|49581|209693
21232|13030|1299|201814|209896
37721|1299|8551|44709
29222|6939|553|5501
1257|174|22381|267470|263047|264389
3130|174|3356|8772|215536
64475|62255|52091|206810|59815|25299
210312|4601|50869|52025|35100
62167|174|22381|267470|263047|264389
206499|34549|1299|33891|216067|44244
34800|58057|50673|174|138997|216211|44324|205369
59105|2518|1299|174|37468|61568|266460|61625
28917|6939|1299|20473|46793
6424|6939|28917|39153
58308|6939|39791|49101|42422
8283|20764|52091|206810|12773|211692|196629
34800|29632|9002|3356|174|3130|47065|61574
7018|3356|3223|41327
23367|1299|7195|28260|270548|52794|52659
12637|35598|52091|206810|12773|52213
29222|6939|29208|34222
13030|1299|174|3130|47065|61574
13830|971|174|52468|271150
9044|1299|3356|8119
49544|3356|1299|6855|50698
8283|6939|29222|41495
2497|174|3130|47065|61574
58308|6939|268944
140627|1299|60068|211571
40994|57463|41327|215687
48919|174|3130|47065|61574
28917|6939|1299|20473|7365
3320|174|399697|39967|399697
209|3356|1299|6855|39904|202605
35600|6939|28917|35539
196621|58115|21263|41504
136557|174|216211|211575
17639|1299|60068|216213|205884
34019|47160|174|140227|44324|205369
58308|6939|32097|54203
40994|6663|3216|51032|41344|39707
58308|6939|1299|206924|204318
58308|59689|30781|1299|20473|201423
12859|35598|52091|206810|56766
6730|6830|174|60068|205884
20253|1299|29695|206557
207841|6939|28917|12668
199524|1299|29695|206557|204503
41666|29632|215536
12859|6939|50989|50683
29222|6939|7018|22241|400745
139317|44324|32595|174|43160|201121
49544|6830|60068|211571
7018|3356|8772|215536
1299|23764|35168|212999
25369|174|11432|271150
398465|1299|3257|19318|201813
34927|1299|35598|52091|206810
4764|174|28189|266931|271615|273522|271150
58299|62255|52091|206810|12773|44710
6830|174|28283|268744|2716
64475|56630|209944
2518|1299|174|37468|61568|266460|61625
3130|174|52468|271150
210312|4601|6939|28917|39134
7018|3356|16735|266931|271615|273522|271150
2734|18678|22381|267470|263047|264389
58057|174|22381|267470|263047
139317|44324|32595|174|36236
207841|6939|28917|35539
60326|34927|1299|20473|47065|61574
49544|1299|3257|210329|215728
28917|6939|1299|20115|397418
28917|6939|1299|23520|262191|269907
58308|6939|15576|60311
1273|174|21700|399914
28917|6939|1299|53334
7018|6939|30893|200690
3130|174|28283|268744|2716
398465|7922|2914|12859|47065|61574
7473|1299|7195|20473|47065|61574
31742|1299|6855|39904|47767
5713|174|216211|211575
28917|6939|7018|30614
139317|44324|32595|174|206795
5405|6939|2852
12956|174|5538|8194|29345
19653|30600|1299|6855|39904|199604
32590|37100|1299|6855|39904
55222|1299|6855|39904|47767
28917|6939|1299|395423
28917|6939|1299|44788
20764|12859|47065|61574
57866|6830|3257|20473|47065|61574
38880|6762|174|210|47065|61574
28917|6939|1299|6855|47749
4601|50869|6939|2852
971|174|5459|200070
58308|59689|29075|174|8551|20473|47065|61574
140627|1299|34927|202827
29222|6939|553|203703
58308|6939|1299|21859|62610
553|1299|6762|16735|273514
41722|12389|1299|20473|399970
210312|4601|50869|207303
1257|1299|22773|8119
212483|12859|47065|61574
397131|60011|3356|1299|12859|47065|61574
6730|6830|3356|3223|34224|12735
29222|1299|34927|202532
25091|6453|174|399697|39967|399697
42541|1299|6453|29208
136557|174|60068|211571
328840|327727|174|3356|28370|28657
12637|6939|2852|48091
50629|215551|30893|205563
58299|62255|52091|206810|48687
58308|6939|263047|269680
40994|9002|34927|202827
44324|32595|174|272373
58308|6939|6830|23520|10269|264640
12552|33891|44592|49581|209693
12859|1299|3257|19318|201813
6424|6939|30893|199580
44324|32595|174|395748
40994|57463|41327|207227
52320|33891|216067|44244
7500|2497|174|52468|262393
4601|8298|8283|3491|216211|211575
4601|50869|52025|212895|206290
28917|6939|1299|20473|46170
8529|1299|174|216211|211575
29222|6939|21430
48070|15412|9304|17639|141210|138678|9299|3491|174|48678
42473|1299|6855|50698
56987|6762|174|37468|61568|266460|61625
20764|8359|1299|20473|399970
47147|1299|16276|203019
8220|3491|174|10490|2722|12148|47065|61574
1140|24785|6830|3356|28370|53079
28917|6939|1299|20473|212034
42541|1299|3223|41327
44324|32595|174|53667|210842
12779|62255|52091|206810|35273
34177|1299|6762|267470|263047
41666|22356|52468|271150
37239|22355|5511|174|8551|20473|47065|61574
28917|6939|1299|198949|16365
58308|6939|1299|13443
4601|50869|34019
174|7545|20473|47065|61574
16552|1299|7195|20473|47065|61574
32590|174|52468|262393
34019|201376|199881
8283|3491|209810|207187|205044
199938|1299|6855|39904|47767
24785|1299|3920|206777
44324|32595|174|263194|262259
210312|4601|50869|34019|35600|61025
28917|6939|1299|20473|213901
7713|174|56630|209944
12637|6939|24796|63293
5392|50877|5405|62255|52091|206810
29222|6939|40994|205563
35369|1764|174|60068|205884
398465|174|20473|47065|61574
3701|3356|1299|20473|47065|61574
48070|1299|3356|16735|2716
58308|6939|1299|270179
210312|4601|50869|41051|209552
132337|1299|3223|34224|12735
40994|174|28189|266931|271615|273522|271150
8283|6453|4755|7768
8283|20764|52091|206810|196638|42702
28917|6939|1299|207415
34927|1299|6453|1031|61568|266460|61625
29222|6939|29208|211731
48362|1299|3356|28370|263963
35426|215596|174|52468|271150
59890|60068|1299|20473|201423
58308|6939|1299|20473|35085
4775|1273|174|52468|271150
12859|35598|52091|206810|12773|47809|50780
58308|6939|1299|51290
1273|174|20723|2852|202874
8220|1299|33891|216067|44244
59890|174|210|47065|61574
44324|32595|174|20278|395092
41327|6939|60432
12779|35598|52091|206810|213694
50673|174|12956|212721
55222|174|6453|4755|7768
51185|28917|215730|209693
35008|1299|12956|212721
35600|30781|1299|6855|39904|199604
58308|6939|1299|22439
32590|1299|20473|47065|61574
58299|22356|52468|271150
23367|1299|3356|28370|263060
204092|34019|14840|2716
212483|8455|8283|47065|61574
13030|1299|7195|11432|271150
917|60068|174|216211|211575
35008|1299|7195|28260|270548|52794|52659
196621|6939|42695|43101
199524|1299|3920|206777
28917|6939|263047|267961
28917|20910|13194|174|60068|210906
28917|6939|1299|23520|27884|265735
58057|174|201814|209896
9044|1299|60068|216213|205884
21700|174|6453|4755|7768
6424|6939|28917|44056|57629
1299|174|204548|215728
57866|1299|6762|16735|273514
49028|1299|6939|30893|13214|35634
204092|6939|30893|199580
58308|6939|35133|149020
64475|6939|50989|205966
49028|1299|60068|216213|205884
852|1299|29695|206557|204503
32590|1299|6855|50698
5405|6939|42695
5405|6939|2852|210498
3130|174|3257|20473|47065|61574
35600|35598|52091|206810|12773|44710
28917|6939|1299|21738
553|6939|59689
49788|12552|12859|47065|61574
34927|1299|917|214598
58308|6939|29670|48387
6424|272713|263390|269273
28917|6939|1299|20473|22915
6696|1299|17676|216211|44324|205369
8298|8283|3491|209810|207187|207198|206429
198249|9002|917|214598
139317|44324|32595|174|140627|17456|395400|23676
23367|1299|37468|52468|262393
29691|1299|174|1916|47065|61574
55720|3491|174|16276|203019
29222|6939|35489
58308|6939|6830|23520|46650|13335
49028|1299|174|210|47065|61574
12779|6939|30893|200690
28917|6939|1299|46261|49548
58308|6939|6830|23520|11139|14694
1140|24785|6830|174|5538|8194|29345
20612|9044|1299|6453|19318|201813
31742|1299|6855|39904
34019|6939|2852
205206|1299|37468|52468|262393
135895|6939|1299|20473|47065|61574
5405|6939|2852|202874
4601|50869|205154
35600|6939|2852|61110
57381|50304|1299|3920|206777
58308|59689|29075|1299|20473|47065|61574
47147|1299|174|20473|47065|61574
49544|1299|6453|29208
52320|33891|60068|211571
30844|33891|60068|211571
20932|1299|6453|4755|7768
8220|1299|3356|14840|269288
35008|1299|3356|8772|215536
12307|29691|33891|60068|211571
8298|8283|3491|209810|207187|202551
29222|6939|2852|48091
8529|33891|60068|211571
4601|6939|28917|43886
28917|6939|1299|20473|22665
6696|5511|174|11432|271150|272738
41327|7195|28260|270548|52794|52659
44324|32595|174|62810
28917|6939|1299|23487|27738
553|6939|2852|48091
3257|174|216211|211575
34927|60011|3356|1299|12859|47065|61574
139317|44324|32595|174|14051|400097
8283|3491|209810|207187|204943
210312|4601|8298|8283|3491|216211|211575
14630|2914|3356|21320|5408|47065|61574
29222|6939|42184|196932
559|6939|28917|6789
28917|34927|202827
328512|37100|1299|8551|44709
42541|62255|25308|28917|9049|51017
15605|35598|52091|206810|12773
44324|32595|174|398980
20612|9044|1299|5511|60068|206406|210557
30844|174|140227|44324|205369
20932|1299|6453|1031|61568|266460|61625
48070|6939|2852|210498
327960|174|22381|267470|263047
28917|6939|1299|1759
47147|3320|174|399697|39967|399697
207841|6939|28917|39134|39561|197695
48362|1299|20473|47065|61574
8283|3491|209810|207187|206420
50629|6939|54429|401894
28917|6939|6830|23520|64126|265721|271942|273121
50628|6453|174|204548|215728
58308|6939|1299|20473|213891
47147|1299|6939|28370|267556
51185|6762|174|399697|39967|399697
45049|6696|5511|174|11432|271150|272738
58308|6939|33891|198570
28917|6939|263047|271068
8220|1299|174|20473|47065|61574
174|56630|209944
58308|6939|7018|18439
12969|1299|3356|28370|263060
58308|59689|30781|1299|3920|206777
209|3356|1299|16276|203019
139317|44324|32595|174|52580
6424|6939|54429|401894
62167|174|21320|5408|47065|61574
42541|20764|43298|48678|210574
216211|44324|215172|214955
29222|9002|12555
47147|9002|3356|174|20473|47065|61574
56655|1299|22773|8119
2914|1299|20473|47065|61574
5511|174|11432|271150
35008|1299|6453|1031|61568|266460|61625
28917|6939|1299|132168
7018|6939|28370|28657
42541|62255|52091|206810|213694
58299|62255|25308|28917|9049|51017
47147|1299|3356|28370|53079
35008|1299|34927|202532
204092|6939|58308
44324|32595|174|6400
3214|1299|3920|206777
8283|20764|52091|206810|12773|44710
47160|174|28189|266931|271615|273522|271150
28917|6939|1299|46887|400164
12637|6939|16652
47957|3356|21320|5408|47065|61574
6908|174|5538|8194|29345
8220|1299|10490|2722|12148|47065|61574
12350|34177|174|204548|215728
48070|9304|136237|174|137995|136237
17660|2914|1299|34927|202532
34927|56655|1299|12956|212721
31742|174|20473|47065|61574
132825|174|34927|202827
44324|32595|174|211691
8455|1299|60068|197103|212080
58308|6939|39791|47493
28917|6939|1299|5391|8585|57388
8426|21320|5408|47065|61574
29691|1299|56504|47674
58308|6939|1299|210909
327782|37100|174|5538|8194|29345
50304|1299|174|204548|215728
35600|35598|52091|206810|196767
34019|212815|52053
28917|6939|1299|52468|265684
397131|60011|3356|1299|8551|44709
553|6939|24796|63293
34927|1299|9002|8772|396416
917|60068|5511|1299|20473|47065|61574
57111|174|1299|20473|399970
140627|1299|20473|399970
34288|8218|21320|5408|47065|61574
4764|174|16276|203019
210312|4601|50869|6939|50989|205966
6830|174|52468|271150
6424|6939|196610|48927
2518|1299|35598|52091|206810
25220|1299|20473|201423
25160|174|22381|267470|263047
210312|4601|50869|58299|209898
49544|1299|6762|60068|205884
12956|1299|60068|197103|212080
28917|6939|1299|19009|26889
44324|32595|174|56718
44324|32595|174|207096
28917|6939|1299|39783
47160|174|140227|44324|205369
34927|1299|17676|216211|211575
36924|1299|3223|34224|12735
58308|6939|6830|23520|263703
12389|1299|60068|197103|212080
49028|1299|174|32595|44324
28917|6939|1299|201035
8220|3491|174|210329|215728
2497|174|20723|2852|202874
7594|174|22381|267470|263047
3741|33891|216067|44244
34019|4601|4492
6424|174|20473|47065|61574
38880|6762|174|20473|47065|61574
58308|6939|1299|264788
12350|1299|3356|28370|263060
50628|1299|60068|216213|205884
28917|25180|1299|198949|211049
29691|8758|3303|174|52468|271150
40994|6939|42695|43101
2914|1299|10490|2722|12148|47065|61574
29222|6939|207992
6894|174|60068|197103|212080
8220|1299|12956|212721
6730|6830|44530|41327|198434
58308|6939|1299|30404
4181|1299|201814|209896
2734|264409|61832|266460|61625
8218|6461|174|3130|47065|61574
48070|6939|28370|267608
59105|2518|1299|6855|50698
12859|7195|28260|270548|52794|52659
44324|32595|174|53667|147071
49432|48362|1299|3356|28370|263535|268030
7018|1299|1680|20473|47065|61574
50629|20764|52091|206810|211692|214268|196977
559|3320|6855|39904
29222|6939|35168|197556
34927|1299|33891|216067|44244
3130|174|3356|3223|41327
202365|50673|174|3257|20473|47065|61574
20253|1299|6855|39904|202605
137409|174|210|47065|61574
3257|1299|20473|201423
199524|47311|150249|212001|205018
34800|58057|50673|174|10490|2722|12148|47065|61574
22652|1299|6855|39904
44324|32595|174|25467
20205|1299|12859|47065|61574
2734|63270|174|3356|36207
35600|20473|30893
59414|6830|3356|8119
8283|6939|25192|20701
262427|174|6453|4755|7768
48070|1299|60068|211571
204092|30781|1299|20473|201423
31742|1299|6453|29208
29222|6939|3170|212806
34927|52025|174|3356|16735|273514
47160|6939|33924
40387|1299|174|210329|215728
327983|37497|3491|174|60068|197103|212080
50629|174|1916|47065|61574
28917|6939|1299|36236|41378|399888|142438
139317|44324|32595|174|6400
210312|4601|6939|30893|9423
58308|6939|5405|25291
35600|6939|50989|50683
48070|30844|21351|60132
50629|20764|52091|206810|59867
139317|44324|32595|174|53667|200329
58308|6939|6830|23520|265590
513|29222|6939|268944|271441
196621|6939|28917|48084|35816
55222|174|12956|212721
8529|1299|20473|201423
44324|32595|174|61407
28917|6939|39791|49101|51449
58308|6939|33891|61098
29504|15935|174|201814|209896
58308|6939|7018|401763
47147|1299|6453|4755|7768
205206|33891|14840|269288
59891|13030|1299|198949|35676
28917|6939|1299|60068|197103|328159
2734|32098|28509|174|398465|399296
28917|6939|1299|397519
44324|32595|174|273264
34019|13335|400095
50673|174|140227|44324|205369
29222|1299|20473|399970
35280|6453|174|8551|20473|47065|61574
28917|6939|1299|20473|16840
20055|1299|6855|39904
207841|6939|28917|50045
40994|9002|197068
57777|8298|25091|1299|3223|41327
12586|3257|174|140227|44324|205369
13030|1299|6762|49666|58224|214805
3130|174|35598|52091|206810|211692|214268|196977
55222|1299|21351|60132
58308|6939|1299|262206|18809
59414|13030|1299|8551|44709
28917|6939|1299|51167
28917|6939|1299|60068|197103|329324
20932|174|20473|47065|61574
28917|6939|1299|52468|263232
44393|394256|174|6453|29208
40994|57463|41327|214169
29691|1299|60068|216213|205884
204092|6939|15372
58308|6939|1299|52468|272075
28917|6939|6830|23520|27717|274255
47147|1299|3356|28370|28657
11845|37468|1299|8551|44709
209650|34927|6830|60068|216213|205884
48362|1299|174|20473|47065|61574
58308|6939|1299|262206|262197|3573
44324|32595|174|33544
50877|5405|6939|28370|267556
8220|1299|6461|210|47065|61574
1299|29049|49666|205647|49801|204533
28917|6939|1299|60068|197103|270475
23367|1299|3356|28370|267608
58308|6939|1299|199150
971|174|60068|211571
28917|6939|1299|21277|212573
29222|6939|61618
25220|1299|3920|206777
28917|6939|1299|9141|211742
209650|34927|9002|1299|198949|35676
20130|23352|2914|1299|34927|202532
40994|6939|29222|207688
28917|6939|7018|6621|265591
6667|1299|174|37468|61568|266460|61625
917|60068|1299|3223|41327
34927|52025|32097|4230|2716
58308|6939|6830|23520|263703|271855
49028|1299|3356|28370|267556
174|60068|197103|212080
263237|174|60068|197103|212080
139317|44324|32595|174|25645
174|6453|8551|44709
50304|1299|20473|47065|61574
4181|1299|60068|216213|205884
58308|6939|1299|23033|399275
58308|6939|33891|60068|212238
30844|174|201814|209896
58308|6939|1299|35847
4601|50869|54148
3320|1299|37468|53062|266493|61625
25091|5511|174|399697|39967|399697
6424|174|56630|209944
17639|174|14840|269288
58308|6939|1299|400940
1257|174|20473|47065|61574
41722|20764|174|204548|215728
12779|20764|43298|48678|210574
28917|6939|1299|20473|213007
17350|6453|174|60068|205884
8283|6762|16735|273514
1299|4637|20473|47065|61574
6696|1299|174|140227|44324|205369
148968|7474|3257|174|60068|205884
198249|13030|1299|174|3130|47065|61574
34019|6939|50989|205966
25091|5511|174|20473|47065|61574
20253|1299|5511|49666|58224|214805
216285|8280|6762|1299|8551|44709
136557|174|3257|8551|44709
21700|174|37468|61568|266460|61625
20205|174|28189|266931|271615|273522|271150
553|6939|54429
327960|174|3356|28370|268521
12859|6939|42695
50629|174|140227|44324|205369
202365|50673|174|20473|47065|61574
2027|47160|174|60068|216213|205884
58299|62255|52091|206810|8274
20932|1299|10490|2722|12148|47065|61574
58308|6939|1299|8240|206844
139317|44324|32595|174|22439
23367|1299|6855|39904|199604
41327|6461|52320|7162|13878|52468|271150
206356|50629|215551|30893|13214|35634
58308|6939|52838|268086
3170|6939|28917|43714
21700|174|8551|20473|47065|61574
852|174|11432|271150|272738
4601|8298|25091|1299|198949|35676
47147|1299|201814|209896
12350|34177|33891|216067|44244
6830|6939|28917|44812
28917|20764|52091|206810|48687
57695|917|60068|174|6461|394737
199938|1299|3356|28370|28657
204092|6939|28917|21453|41783
398465|1299|3356|28370|269016
132825|174|16276|203019
8283|8298|4601|4492
32590|1299|3356|28370|53079
3170|6939|28917|52191
58308|6939|3170|399275
35600|6939|215172|214955
263237|174|12956|212721
58308|6939|50629|207252|216079
205112|50629|174|399697|39967|399697
4601|6939|28917|206011
7018|6939|50989|48116
59689|29075|174|52468|262393
3130|174|3356|28370|28657
6696|1299|37468|53062|266493|61625
6730|6830|174|399697|39967|399697
16347|1299|20473|399970
56655|1299|3356|22381|267470|263047|264389
28917|6939|1299|197308
4601|50869|59645|211286
5405|9498|20473|47065|61574
48070|6939|28917|44812
58299|174|399697|39967|399697
48362|1299|20473|201423
12956|1299|6855|39904|47767
44324|32595|174|400519
34549|1299|56630|209944
57381|50304|1299|60068|197103|212080
58308|6939|50629|35675
32653|3741|174|22381|267470|263047|264389
41327|6939|50989|205966
20205|1299|25091|8298|4601|4492
559|9498|20473|47065|61574
394256|174|201814|209896
37662|174|3356|16735|2716
2027|47160|6939|24796|63293
28917|6939|1299|20473|46464
3170|37468|52468|262393
44324|32595|174|394110
52025|174|6453|4755|7768
5405|62255|52091|206810|211692|31069
48070|6939|30893|13214|35634
204092|6939|24796
50673|28917|215730|209693
132337|12859|47065|61574
57111|41327|174|22381|267470|263047|264389
58308|6939|1299|59437
20764|174|140227|44324|205369
15605|35598|52091|206810|57460
17350|6453|1299|6855|39904|199604
196621|8758|15576|174|204548|215728
7713|174|3356|8772|215536
58308|6939|1299|3249
58057|174|2914|20473|47065|61574
29222|6939|32097|54203
48070|6939|29222|41495
286|33891|216067|44244
48070|1299|6453|19318|201813
58057|1836|174|210329|215728
34927|1299|174|60068|216213|205884
58308|6939|1299|43519
2914|174|35598|52091|206810
207841|6939|28917|48084|35816
25152|2497|1299|3920|206777
327727|174|16276|203019
33891|19318|201813
6424|174|60068|216213|205884
14907|1299|6855|39904|47767
24785|6830|3356|28370|267608
44324|32595|174|13977|399353
44324|32595|174|39537
1403|577|174|20473|47065|61574
196621|6939|54429
215596|1299|3356|28370|28657
7660|2516|174|3130|47065|61574
6696|5511|174|11432|271150
513|29222|6939|204310
58299|14840|269288
50673|174|2914|20473|47065|61574
206356|50629|6461|210|47065|61574
28917|6939|263047|267425
15605|35598|52091|206810|12773|44710
48919|174|1299|20473|47065|61574
44324|32595|174|51110
29222|6939|42184|215756
28917|6939|1299|25956
59689|30781|1299|20473|201423
16552|1299|3356|8119
680|33891|216067|44244
3356|1299|22773|8119
47147|1299|6939|215172|214955
42541|1299|60068|216213|205884
44324|32595|174|210684
34019|47160|174|60068|197103|212080
29222|6939|7018|401291
20514|1299|16276|203019
28917|6939|1299|12025|40289
971|174|6453|19318|209896
3320|1299|12859|47065|61574
28917|6939|7018|1751
35008|1299|20473|201423
28917|6939|1299|63139
16552|1299|3356|8772|215536
199938|1299|3356|28370|53079
3130|174|11432|271150|272738
28917|6939|1299|20473|211431
28917|6939|1299|29990
14907|1299|174|204548|215728
28917|6939|1299|6206|15020
58308|6939|7018|22317
42541|62255|52091|206810|196638|42702
29222|174|210329|215728
22652|1299|12859|47065|61574
63927|1299|8551|44709
210937|1299|37468|60068|216213|205884
33891|1680|20473|47065|61574
61568|6762|1299|6855|39904|47767
8283|6939|60432
37053|5713|174|3257|21034
559|35598|52091|206810|57164
20912|12637|174|140227|44324|205369
513|174|8551|20473|47065|61574
7660|2516|1299|29695|206557
2734|21700|399914
46450|1299|6855|39904|199604
7018|1299|34927|202827
174|6453|9498|20473|47065|61574
58308|6939|41720|47152|208753
5405|6939|2852|48091
41327|20764|43298|48678|213865
58308|35598|52091|206810|39089
5511|1299|6855|39904|47767
41666|13335|5408
28917|6939|39791|49101
35008|1299|3491|20473|47065|61574
58308|6939|1299|51569
23367|1299|6057|28283|268744|2716
59891|13030|1299|12956|212721
58308|6939|1299|20473|197626
39122|1299|20473|201423
1828|6461|174|20473|47065|61574
44324|32595|174|138538
48070|6939|28917|21453
13830|971|174|37468|61568|266460|61625
11845|30844|174|216211|211575
37271|174|6453|4755|7768
12779|3257|1299|198949|35676
35008|1299|20473|399970
44324|32595|174|19750
58308|6939|1299|393705
20932|1299|20473|47065|61574
9002|1299|201814|209896
35280|6453|1299|20473|47065|61574
25369|1299|20473|47065|61574
20205|1299|16276|203019
6830|6939|28370|267608
34800|58057|50673|174|6461|394737
8283|6939|30893|205563
6830|6939|28917|50045
14315|2914|174|3130|47065|61574
40994|9002|8772|396416
42473|1299|3356|28370|263060
57381|42708|33891|60068|211571
34927|1299|174|21320|5408|50148
2734|9002|8772|215536
24785|6830|3356|28370|263535|268030
49544|2914|12859|47065|61574
36924|1299|6855|39904|47767
210312|4601|50869|41051|205415
28917|6939|1299|23520|270068
4601|50869|41051|209460
28917|6939|7018|395742
148968|1299|20473|399970
2914|1299|60068|216213|205884
2518|1299|34927|202827
58299|34549|1299|8551|44709
210312|4601|50869|41051|201377
35600|6939|28917|50923
4764|174|28189|266931|269250|271150
3741|174|14840|269288
202365|50673|174|3130|47065|61574
64475|6939|28917|48084|35816
1299|6939|215172|214955
58299|174|20473|47065|61574
2734|3257|1299|20473|47065|61574
28917|6939|1299|5504
44324|32595|174|14
19151|174|5511|49666|58224|214805
398465|7922|1299|20473|47065|61574
1299|6939|30893|199580
12389|1299|10490|2722|12148|47065|61574
1280|1299|12956|212721
45049|6696|1299|174|210|47065|61574
41666|20764|52091|206810|214721|204108
28917|6939|9120
28917|6939|1299|23520|270200|272314
3491|1299|3223|34224|12735
139317|44324|32595|174|57974|266
215596|1299|20473|47065|61574
3170|6939|2852|199711
49432|48362|1299|6453|19318|201813
59414|6830|9002|12555|198070
50673|174|10490|2722|12148|47065|61574
20253|1299|3356|28370|263060
29222|6939|268624
6894|174|17378|8119
39351|174|1916|47065|61574
13830|971|174|35598|52091|206810
398465|174|21700|399914
6667|1299|3920|206777
20514|1299|33891|216067|44244
40994|6939|58308
12859|35598|25308|28917|9049|51017
2027|47160|174|52468|271150
29504|15935|174|8551|20473|47065|61574
28917|6939|1299|21859|62610|213618
199524|174|60068|216213|205884
58308|212815|52053
20764|8359|1299|6855|39904
20514|1299|174|210329|215728
28917|6939|8194|206600
7474|3257|174|3130|47065|61574
59890|174|10490|2722|12148|47065|61574
4601|50869|6939|2852|202874
327960|174|35598|52091|206810
6830|6939|28917|52191
4601|50869|34019|209090|205690
12779|6939|200303
58308|6939|2852|200874
50304|1299|8551|20473|47065|61574
58308|6939|1299|60068|51191
48185|1299|20473|47065|61574
58308|6939|1299|54696
31742|1299|6855|39904|202605
6908|174|3130|47065|61574
48185|1299|3257|20473|47065|61574
37662|174|60068|211571
45049|6696|1299|3257|20473|47065|61574
59689|29075|174|204548|215728
139317|44324|32595|174|396073
57777|8298|8283|3491|209810|207187|202551
151326|174|6762|49666|58224|214805
198249|13030|1299|10490|2722|12148|47065|61574
60011|3356|1299|12859|47065|61574
204092|6939|30893|205563
4764|1299|16164|36032
6720|1764|5405|61568|266460|61625
57111|174|1299|20473|47065|61574
48070|6939|28370|267556
12956|1299|198949|35676
29222|6939|7018|19106
12637|6939|54429|401894
57381|50304|1299|3356|8119
40387|1299|4230|52654|266493|61625
210312|4601|50869|6939|207995
34927|52025|1299|8551|44709
29504|15935|6461|394737
139317|44324|32595|174|53667|199343
35280|1299|35598|52091|206810
398465|3320|1299|20473|47065|61574
3257|174|60068|216213|205884
207841|6939|24796
6424|6939|50989|205966
174|60068|216213|205884
151326|174|22381|267470|263047
29504|15935|174|1299|20473|399970
6424|6939|28917|44812
22652|174|28189|266931|271615|273522|271150
210937|1299|56630|209944
20253|1299|174|1916|47065|61574
263152|264409|174|201814|209896
22652|1299|56630|209944
58308|6939|1299|61327
559|35598|52091|206810|5598
31510|174|7311|835|394273
28917|6939|62000|208226|202986
48070|1828|13789|30372|3356|174|393216
45049|6696|1299|6762|16735|273514
35426|215596|1299|1680|20473|47065|61574
3214|1299|20473|201423
4601|50869|202939
28917|6939|1299|21559|271945|269931|272027
204092|6939|60432
196621|6939|30893|200690
139317|44324|32595|174|30021
29222|6939|28370|28657
15605|34927|202827
852|1299|35598|52091|206810
35600|35598|52091|59815|25299
12637|6939|2852|197277
20205|1299|6453|29208
18106|174|37468|61568|266460|61625
29222|6939|2852|210367
8283|6453|9498|20473|47065|61574
28917|6939|1299|20473|30514
37271|3257|1299|34927|202532
58308|6939|1299|8151|20940
58308|6939|1299|47768
3320|1299|20473|47065|61574
12637|6939|2852|213152
6830|1299|60068|216213|205884
44324|32595|174|53667|209864
28917|6939|6830|203446|214279
50673|12859|47065|61574
12859|6939|29222|41495
394256|174|1916|47065|61574
6730|6830|174|21700|399914
35600|9002|8772|396416
5713|174|204548|215728
21700|174|60068|216213|205884
20912|174|56630|209944
204092|6939|28917|206011
29222|6939|29208|60218
3399|5511|174|3130|47065|61574
44324|32595|174|12189
47160|174|22381|267470|263047|264389
41722|20485|1299|6855|39904|47767
35369|1764|174|210|47065|61574
11039|4901|11537|20965|5408|47065|61574
50629|20764|52091|206810|56766
33891|1299|201814|209896
917|60068|1299|3356|28370|263060
50628|1299|17676|216211|44324|205369
44324|7720|10111|1299|60068|197103|212080
31510|174|37468|53062|266493|61625
28917|6939|1299|14469
15605|35598|52091|206810|211692|214268
35600|35598|52091|206810|48687
56655|1299|198949|35676
58308|6939|1299|20473|208884
18106|174|22381|267470|263047|264389
44324|32595|174|206262
58308|6939|1299|207415
28917|6939|1299|6855|13036
48070|6939|28917|25386
28917|6939|1299|44239
14907|1299|12956|212721
513|29222|6939|263047|268105
12859|35598|52091|59815|25299
58308|6939|7018|395568
3320|1299|60068|211571
139317|44324|32595|174|400529
12637|6939|30893|204789
139317|44324|32595|174|209532
327960|174|204548|215728
1299|12956|212721
28917|6939|1299|20473|206699
28917|6939|1299|8151|270205
6424|1299|60068|216213|205884
513|174|3257|20473|47065|61574
9044|1299|60068|197103|212080
1299|6453|19318|201813
25369|1299|42303|51701|30893
7018|1299|201814|209896
3170|6939|28917
3491|174|20723|2852|202874
19151|174|3356|8119
207841|6939|15372|203592
28917|6939|7018|2386|30313
28917|6939|1299|20473|197626
56987|1299|6855|39904
196621|6939|200303
50304|1299|3356|22381|267470|263047|264389
58308|6939|33891|21083
15935|174|1299|20473|399970
57695|917|60068|1299|9002|8772|396416
48070|20764|43298|48678|210574
30600|174|20473|47065|61574
28917|8359|57304|199081
47160|174|216211|211575
999|6453|1299|198949|35676
12779|6939|28370|264426
48070|6939|28917|198297|51081
25160|174|399697|39967|399697
28917|6939|1299|13837
207841|6939|25192|26710
29140|2603|21320|5408|47065|61574
8529|1299|21351|60132
41327|266493|61625
44324|32595|174|53667|38230
8283|6939|28370|267556
7018|6939|2852
5511|1299|20473|47065|61574
28917|6939|1299|8523
4601|50869|215828|59449
28917|6939|1299|11019|29789
6830|34927|202827
2734|3257|174|20473|47065|61574
50629|6939|24796
49432|48362|1299|3356|28370|53079
61049|2914|1299|198949|35676
577|1299|3920|206777
28917|6939|7018|22241|400745
1403|577|6830|60068|216213|205884
28917|6939|1299|60068|197103|329334
60068|1299|3223|41327
64475|13335|400095
328840|327727|174|32787|202161
42473|1299|6453|29208
30600|174|210|47065|61574
680|2914|174|3130|47065|61574
34288|1299|6855|39904|202605
48070|6939|42695|43101
16347|1299|60068|216213|205884
139317|44324|32595|174|31241
20205|1299|12956|212721
34854|1299|8551|20473|47065|61574
34927|52025|32097|4230|52654|266493|61625
9002|6830|60068|211571
39351|1299|10490|2722|12148|47065|61574
209|3356|174|210|47065|61574
8529|28917|215730|209693
37468|33891|60068|211571
37662|1299|8551|44709
210312|4601|6939|28917|201119
49432|48362|1299|3920|206777
48070|6939|25192|20701
559|6939|50989|205966
32653|3741|174|1299|6855|39904|47767
196621|6939|28917|201119
48919|174|10490|2722|12148|47065|61574
6453|174|5538|8194|29345
328840|327727|174|52468|271150
11537|20965|5408|47065|61574
29222|6939|31263|9026
28917|6939|41720
58308|6939|30893|205563
23764|1299|60068|211571
61049|174|140227|44324|205369
42541|13335|5408
34177|1299|3356|28370|267608
4777|2497|174|52468|262393
28917|6939|2852
58511|33891|216067|44244
56655|1299|4637|20473|47065|61574
34019|6461|210|47065|61574
29222|6939|50629|207252
30600|1299|198949|35676
28917|6939|3170|205479
4601|50869|41051|401315
42541|62255|52091|206810|214210
196621|6939|28370|269016
35008|1299|3223|34224|12735
15605|20473|47065|61574
28917|6939|1299|23520|263703
7594|174|35598|52091|44660
28917|6939|1299|34170|138915|140666
174|10490|2722|12148|47065|61574
8283|47065|61574
58308|6939|6830|23520|262191|274248
12779|35598|52091|206810|59815|25299
58308|6939|50533|205321
42541|1299|174|210329|215728
16552|1299|6461|394737
28917|20473|47065|61574
35598|174|6453|4755|7768
215596|174|14840|269288
1299|174|60068|216213|205884
202297|47232|174|6453|29208
14907|1299|7545|20473|47065|61574
29222|6939|3170|57782
8298|8283|2914|20473|47065|61574
34177|1299|3356|28370|268198
60068|33891|3223|41327
328206|37739|3491|1299|198949|35676
33891|7195|20473|47065|61574
14315|6453|1299|6855|39904|199604
58308|6939|1299|60068|62651
34854|1299|174|21320|5408|47065|61574
50877|5405|1299|20473|399970
4601|37271|20473|47065|61574
57695|917|60068|1299|3356|28370|267608
35266|1299|1680|20473|47065|61574
4601|50869|6939|2852|210498
58308|6939|1299|62597
20253|1299|6453|19318|209896
47160|174|1916|47065|61574
12779|6939|30893|13214
4601|50869|6939|2852|61110
35710|3320|1299|8551|44709
58308|6939|1299|9929
28917|6939|199081|209847|215540
20912|174|52468|262393
28917|6939|1299|20473|212996
58308|6939|1299|12293
48070|32787|202161
29222|6939|50989
55720|2914|1299|6855|39904|199604
6696|1299|6855|50698
28917|6939|1299|58321|43758
14630|1299|6855|39904
204092|34019|20473|47065|61574
41327|34927|202827
53828|2914|1299|6855|39904|47767
34927|1299|3356|8119
58308|6939|200462
58308|6939|1299|57660
12779|137409|48011|25184|49801|204533
24516|174|34927|202827
264479|6762|1299|8551|44709
29680|174|3356|8551|44709
58308|6939|1299|56655|202986
29222|6939|29670|213997
28917|6939|1299|835|52025|203069
44324|32595|174|399646|54591
34288|1299|3223|41327
31510|174|1299|6855|39904
29680|174|201814|209896
49028|1299|3356|28370|267608
6830|1299|198949|35676
4637|3257|1299|34927|202532
29680|174|52468|262393
58308|6939|1299|46475
12859|6939|29222|207688
28917|6939|1299|23520|272969
39120|174|210329|215728
58308|6939|1299|197190
6762|1299|37468|270551|263047
44324|32595|174|53667
12779|6939|28370|263060
6730|6830|3356|3223|41327
398465|4826|1299|60068|211571
3130|174|3356|28370|268521
286|1299|3920|206777
6730|6830|9002|8772|396416
6424|6939|28917|47478
52025|1299|3223|34224|12735
28917|6939|1299|200107
14907|3356|21320|5408|47065|61574
204092|6939|28917|198297
266213|3356|21320|5408|47065|61574
1299|37468|52468|271150
2516|1299|174|20473|47065|61574
44324|32595|174|3819
6424|174|21320|5408|47065|61574
36924|1299|34927|202827
23367|1299|6453|1031|61568|266460|61625
21700|3257|1299|20473|399970
58308|6939|1299|15164|22379
28917|6939|262485|272707
24961|1299|1680|20473|47065|61574
139317|44324|32595|174|40092
136557|174|1299|8551|44709
50629|20764|52091|206810|48687
37053|5713|8455|8283|47065|61574
25160|174|10490|2722|12148|47065|61574
3356|1299|6855|39904|47767
58308|6939|48678|47951
39351|174|210329|215728
58308|6939|1299|23520|14638
20932|1299|6762|267470|263047
3320|1299|20473|201423
22652|1299|7195|20473|47065|61574
202365|50673|174|32787|202161
58308|6939|1299|42615|398338
41327|6939|28370|263535
58308|6939|1299|400400
28917|6939|1299|215078
8220|1299|6453|60068|216213|205884
34927|1299|4637|20473|47065|61574
58299|62255|52091|206810|56915
1299|6762|60068|205884
196621|58115|21263|30791
58308|6939|8194|51955
20932|174|216211|211575
58308|6939|6830|200308
35600|6939|28917|39153
50304|1299|4230|2716
58308|6939|33891|42008
3170|15557|206865|3215|5511|174|199727|12645
6424|34927|202532
58308|6939|7018|396922
6082|2914|3257|28917|215730|209693
44324|32595|174|44143
205206|1299|3356|28370|53079
139317|44324|32595|174|13693
139317|44324|32595|174|19453
29222|6939|207487|18607
48070|39326|1299|4213|64260
20253|1299|6461|394737
58308|6939|48070|60894
3356|1299|6855|39904
12859|7195|20473|47065|61574
6730|6830|9002|12555|212247
28917|6939|7018|16816
28917|6939|1299|20473|401155
29479|50304|1299|8551|44709
2027|47160|6939|33924
4601|50869|58299|41051
35600|35598|52091|59815
6424|6939|2852|212876
35320|1299|198949|35676
394256|174|6453|29208
136557|174|3130|47065|61574
28917|6939|7018|26153
4601|50869|208453
34288|1299|6855|39904|47767
2500|2914|174|3130|47065|61574
4601|50869|6939|28370|270962
7500|2497|174|14840|269288
398465|3320|1299|60068|197103|212080
132825|174|3356|16735|2716
199524|1299|12956|212721
20932|1299|3223|34224|12735
1299|3223|34224|12735
58308|6939|6830|23520|263714
50304|1299|52320|7162|13878|52468|271150
63927|1299|8551|20473|47065|61574
35600|6939|28917|12668|197404
42541|1299|6855|39904
35426|215596|1299|20473|399970
6830|174|210|47065|61574
6730|6830|174|5538|8194|29345
136557|174|1299|12859|47065|61574
58308|6939|39791|49101|211274
132337|1299|20473|399970
1299|3356|21320|5408|50148
28917|6939|1299|23520|27884|262146
28917|6939|1299|20473|197730
40994|23764|35168|212999
29222|6939|3170|211956
24482|2914|1299|8551|44709
59689|30781|1299|198949|35676
50877|5405|6939|2852|197277
42541|62255|52091|206810|24881
48919|33891|216067|44244
139317|44324|32595|174|20545
139317|44324|32595|174|56501
28917|6939|1299|23520|272942
58299|174|1916|47065|61574
8283|6939|30893|199580
12779|264409|61832|266460|61625
7018|6939|2852|212876
12779|13335|400095
58308|6939|1299|9929|17816
8280|6762|174|140227|44324|205369
32590|37100|6762|174|37468|61568|266460|61625
139317|44324|32595|174|210156
210937|1299|174|216211|211575
7713|174|11432|271150|272738
12969|1299|6855|39904|202605
46450|1299|174|3130|47065|61574
4601|50869|215828|215849
58299|62255|52091|206810|57460
5405|35598|52091|206810|196638
210312|4601|50869|6939|2852|61110
6762|1299|6855|39904|199604
41327|6939|2852|210498
61218|29632|9002|21320|5408|47065|61574
7575|6461|174|37468|61568|266460|61625
3333|1257|1299|20473|399970
3549|3356|1299|6855|39904
3356|1299|201814|209896
58308|6939|33891|201962
34854|1299|20473|201423
148968|1299|174|21320|5408|50148
28917|6939|12637
205206|1299|174|37468|61568|266460|61625
58308|6939|1299|36352|16628
216285|8280|6762|174|3130|47065|61574
58308|6939|7018|35980
51088|8455|1299|10490|2722|12148|47065|61574
12859|33891|216067|44244
28917|6939|1299|14080
139317|44324|32595|174|22359
20205|174|140227|44324|205369
7713|174|1299|20473|399970
199524|1299|3356|16735|273514
15547|174|3356|8119
139317|44324|32595|174|55286
3170|8551|20473|47065|61574
12637|35598|52091|206810|12773|44710
139317|44324|32595|174
47160|6939|30893|200690
28917|6939|1299|21859|63473|40776
28917|6939|1299|11172|28418
17639|174|201814|209896
58057|50673|174|12956|212721
58308|6939|1299|206610
2734|2914|1299|35598|52091|206810
1764|174|60068|216213|205884
58308|6939|1299|20473|203145
2027|47160|6939|28370|269016
139317|44324|32595|174|33544|22729
6830|1299|21351|60132
6830|6453|4230|2716
6667|1299|201814|209896
14907|1299|174|21700|399914
151326|174|22381|267470|263047|264389
28917|6939|6830|23520|273189
28917|6939|196610
29222|6939|12735
58308|6939|47160|207225
210312|4601|50869|41051|198209
56987|174|52468|262393
6830|7195|20473|47065|61574
15605|35598|52091|206810|12773|52213
9900|23764|3356|174|10490|2722|12148|47065|61574
49028|1299|6939|54429
58308|6939|6830|23520|272935|263730
15935|174|1299|22773|8119
28917|6939|61618|267443
4601|50869|6939|30893|200690
29504|15935|174|60068|197103|212080
6830|6939|2852|202874
139317|44324|32595|174|398748
15547|8455|8283|47065|61574
264409|174|399697|39967|399697
204092|13335|400095
199524|1299|20473|201423
198249|20473|47065|61574
28917|6939|1299|20473|199285
4181|1299|34927|202532
3214|1299|6762|267470|263047
28917|6939|1299|36352|399502
210312|4601|50869|41051|215795
17660|6453|174|16276|203019
4764|1299|6855|39904|202605
58308|6939|1299|3249|43937
12637|1299|33891|216067|44244
49028|1299|6939|393682
31510|33891|44592|49581|209693
34927|60011|3356|1299|6855|50698
58308|6939|6830|23520|26505
34019|6939|2852|202874
58308|6939|1299|60068|396319
553|4601|4492
1299|1680|20473|47065|61574
6830|3491|209810|207187
6762|174|140227|44324|205369
5713|174|60068|211571
4601|6939|28917|48084|35816
12779|35598|52091|206810|8274
34549|3257|1299|20473|47065|61574
215596|174|210|47065|61574
45352|1299|201814|209896
51519|39351|174|22381|267470|263047|264389
28917|6939|1299|7545|55328
1299|6939|30893|205563
20612|9044|1299|6453|4755|7768
210312|4601|6939|28917|9110
215596|174|210329|215728
34927|1299|3257|204548|215728
207841|6939|28917|201119
4764|1299|3257|60068|206406|210557
28917|6939|1299|60068|197103|272768
24785|6830|3356|16735|273514
64475|6939|54429|401894
28917|6939|1299|20473|214514
8220|1299|35598|25308|28917|204076
58308|6939|7018|54495
328512|5713|33891|216067|44244
8283|23764|35168|212999
37271|174|5538|8194|29345
44393|394256|174|21320|5408|47065|61574
58308|6939|5405|29014
35600|6939|50989|48116
34927|56655|2603|21320|5408|47065|61574
37468|33891|216067|44244
8283|20764|52091|206810|56915
34288|1299|6855|39904|199604
20912|12637|1299|198949|35676
1273|174|3130|47065|61574
28917|6939|1299|52468|264635
132337|1299|3223|41327
553|6939|42695
48362|1299|6762|49666|58224|214805
4601|50869|199310|207314
58308|6939|1299|32787
28917|6939|1299|1759|51188|3274
29504|15935|174|3356|1680|44709
35600|6939|28917|48084
4764|174|399697|39967|399697
55222|174|52468|271150
34854|1299|7195|28189|266931|271615|273522|271150
32590|37100|2603|21320|5408|47065|61574
40994|174|5538|8194|29345
199524|1299|6461|394737
50877|5405|6939|54429
4777|2516|1299|201814|209896
35600|6939|28370|267556
48185|1299|37468|270551|263047
39351|1299|6855|39904|205968
3741|174|22381|267470|263047|264389
207841|6939|29222|204957
12637|35598|52091|206810|56766
139317|44324|32595|174|17185
17639|174|20473|47065|61574
9268|4764|1299|12956|212721
58308|35598|52091|206810|213694
38001|3491|1299|3920|206777
44324|32595|174|272102|271816
48070|1299|6453|19318|209896
917|60068|174|140227|44324|205369
559|35598|52091|59815
28917|6939|1299|20473|402087
6730|6830|9002|12555|198070
29222|6939|393682
44324|32595|174|140627|17456
559|6939|25192
38001|3491|174|60068|205884
28917|6939|1299|401909|393336
3170|6939|15372
139317|44324|32595|174|22850|64112|394353
58308|6939|6830|23520|273189
58057|174|60068|211571
3170|6461|210|47065|61574
48919|174|60068|197103|212080
34019|3223|34224|12735
215596|1299|8551|20473|47065|61574
559|6939|30893|205563
34927|1299|3356|28370|263060
6730|6830|32787|202161
28917|6939|1299|8551|11414
41666|20764|52091|206810|12773|44710
14630|6830|174|37468|61568|266460|61625
49605|6762|1299|6855|39904|199604
49788|12552|33891|44592|49581|209693
34927|52025|174|204548|215728
1299|6855|39904|199604
3170|6939|33924
58308|6939|263047|267425
210937|1299|13335|400095
22652|1299|17676|216211|211575
6424|6939|215172|214955
28917|6939|1299|23520|27696
4777|2497|174|210|47065|61574
3130|174|216211|44324|205369
28917|20764|52091|206810|202497
271253|6453|174|5538|8194|29345
57111|41327|8551|44709
29222|6939|263047
29222|6939|50629|47277
559|137409|48011|25184|49801|204533
28917|6939|1299|11830
6453|174|1916|47065|61574
37468|174|11432|271150|272738
58308|6939|1299|9141|211742
15623|1299|8551|44709
42473|1299|174|204548|215728
6667|1299|20473|47065|61574
4637|33891|216067|44244
28917|6939|268624|262594|269603
29222|6939|47160|203698|206967
2914|12859|47065|61574
58308|6939|196610|48927
28917|6939|1299|23520|27696|271971
47692|3356|174|20473|47065|61574
34288|1299|6453|4755|7768
4601|6939|28917|8926|41221|207164
48185|33891|60068|211571
41327|19318|201813
44324|32595|174|62005
52873|12956|1299|34927|202532
3170|6939|28370|263535
199524|174|140227|44324|205369
6830|174|28189|266931|271615|273522|271150
12859|1299|6762|267470|263047
5511|174|140227|44324|205369
28917|6939|6830|31079
34288|1299|3356|28370|264426
12859|6461|6057|28283|268744|2716
17660|2914|1299|6855|39904|202605
32590|4637|1299|201814|209896
34019|6939|30893|13214
12637|6939|200070
41327|174|138997|216211|44324|205369
1403|577|174|3130|47065|61574
28917|6939|1299|20473|201243
34019|1680|20473|47065|61574
202365|50673|174|5459|200070
210312|4601|50869|199310|215172
44324|32595|174|21826
48070|6939|30893|9423
20253|1299|37468|52468|271150
48185|1299|3257|204548|215728
2500|2914|1299|201814|209896
204092|34019|21351|60132
6424|6939|28917|28775
6453|174|210329|215728
199524|1299|35598|52091|206810
3399|47311|150249|153176
4230|1299|6855|39904|199604
37100|2603|21320|5408|47065|61574
559|7195|28189|266931|271615|273522|271150
6453|1299|8551|20473|47065|61574
50304|1299|6453|19318|209896
58308|6939|1299|29119
8529|1299|6762|49666|58224|214805
4601|6939|28917|39238|49392
4601|50869|52025|210338
139317|44324|32595|174|396949
29222|6939|7018|399571
1280|1299|3223|34224|12735
14630|1299|6855|39904|47767
58308|6939|52927|267933
58308|6939|6830|23520|263703|269820
35600|6939|2852|202874
57821|12586|3257|1299|20473|47065|61574
207841|6939|2852|200874
29222|6939|62000|198053
174|3257|21034
136557|174|3356|28370|28657
35280|1299|201814|209896
6830|6939|28917|39238
59891|13030|1299|8551|44709
5511|1299|198949|35676
209650|34927|174|1916|47065|61574
58308|6939|1299|36137
62167|174|8551|20473|47065|61574
206356|50629|3356|21320|5408|47065|61574
20253|1299|3223|34224|12735
28917|6939|1299|25899|40583
7018|174|37468|61568|266460|61625
6424|174|35598|52091|206810
136557|174|216211|44324|205369
41095|3356|1299|22773|8119
139317|44324|32595|174|42366|212799
30600|1299|8551|44709
6908|174|10490|2722|12148|47065|61574
50628|1299|174|20473|47065|61574
2734|57463|215248
196621|6939|24796|63293
398465|1299|3356|28370|263060
28917|6939|1299|14593
8283|7195|11432|271150|272738
209823|3356|21320|5408|47065|61574
35600|6939|196610
15605|35598|52091|206810|214721|204108
6730|6830|174|60068|197103|212080
29222|6939|8283|57984
20205|174|21320|5408|50148
1299|29695|206557|205190
50877|5405|6939|42695|52011
41327|174|5538|8194|29345
34854|1299|21351|60132
47957|3356|1299|20473|47065|61574
44324|32595|174|44297
58308|6939|1299|58317
28917|6939|1299|132168|63689
3130|174|140227|44324|205369
9900|23764|1299|20473|47065|61574
20253|1299|3356|8772|215536
6057|174|60068|211571
35600|6939|28917|198297|51081
23352|2914|1299|20473|47065|61574
139317|44324|32595|174|3266
559|35598|52091|206810|34786|41875
25091|1299|8551|44709
1828|1299|3920|206777
35266|1299|6855|39904|47767
4601|50869|34019|200162
132825|174|3257|60068|206406|210557
28917|6939|1299|39869|59491
58308|6939|1299|208905|47956
28917|6939|7018|398222
205206|1299|56504|47674
20253|1299|174|204548|215728
12859|1299|20473|399970
15605|6939|42695|43101
1103|6830|3356|28370|28657
39351|1299|20473|201423
31742|1299|3356|28370|268198
41666|20764|52091|59815
2734|3257|174|8551|20473|47065|61574
210312|4601|50869|13335|400095
852|1299|29695|206557|208835
58308|6939|1299|54829
28917|6939|7018|2386|11873
19151|174|1299|6855|50698
204092|30781|33891|60068|211571
32590|1299|35598|52091|206810
28917|6939|48678|213407
58308|6939|32097|22295|206042
28917|6939|41720|208229
199524|174|34927|202827
20253|1299|16164|36032
29680|174|3130|47065|61574
202032|58115|21263|34125
204092|6939|25192|20701
58308|6939|1299|3223|214673
4601|9002|12555|48430
17639|1299|198949|35676
49788|1299|3356|28370|53079
50300|3257|1299|3920|206777
207841|61049|174|216211|211575
6424|6939|200303
58308|6939|3170|59410
42473|1299|60068|216213|205884
35600|6939|25192|26710
204092|6939|28917|39238|49392
16552|16260|174|52468|271150
6461|1299|3920|206777
7594|174|7311|835|394273
58308|6939|7018|6621
41327|6939|2852|197277
6830|6939|33924
34854|1299|174|37468|61568|266460|61625
48362|1299|5511|60068|206406|210557
7018|174|52468|262393
31510|174|3356|16735|273514
6830|6939|28917|48084|59833
13786|174|60068|197103|212080
48070|6939|28917|21453|199933
8283|6939|215172|214955
29222|6939|12735|57844
35600|35625|33891|216067|44244
2497|174|21320|5408|47065|61574
28917|6939|1299|20473|401637
5405|62255|52091|59815|25299
64475|62255|52091|206810|59815
58308|6939|1299|208905|199270
5405|6939|30893|204789
28917|6939|1299|42615|398338
35426|215596|1299|8551|44709
12350|1299|20473|399970
44324|32595|174|55003
36924|1299|60068|197103|212080
37271|33891|216067|44244
3170|6939|28917|21453|48149
553|6939|33924
553|174|140227|44324|205369
139317|44324|32595|174|265612
36924|1299|7545|20473|47065|61574
58308|6939|1299|14080|274030
36924|1299|3356|8119
58308|59689|30781|1299|8551|44709
8455|1299|35598|52091|206810
196621|15576|174|60068|197103|212080
48070|6939|2852|202874
47232|174|6453|29208
58308|6939|6830|23520|272935|267845|274123
577|33891|216067|44244
394256|174|204548|215728
210937|1299|6453|19318|201813
29222|13335|400095
8283|20764|52091|206810|57460
29222|6939|8943|44671
28917|6939|1299|199610
12779|62255|52091|44660
29222|6939|29208|44770
28917|6939|1299|21277|212692|208293|50597
37697|3491|174|28189|266931|271615|273522|271150
1273|174|216211|211575
58308|6939|5405
57381|50304|1299|174|204548|215728
34288|1299|20473|47065|61574
58308|6939|56595|43442
34927|60011|3356|174|20473|47065|61574
16552|3257|174|20473|47065|61574
4809|1299|20473|399970
58057|34549|1299|6855|39904
28917|6939|1299|265840
31742|174|22381|267470|263047|264389
49028|1299|6762|16735|273514
174|21320|5408|50148
41666|49581|209693
28917|6939|7018|22787
8943|33891|216067|44244
198249|199524|1299|199524
37468|33891|44592|49581|209693
12307|29691|1299|3920|206777
60068|1299|23764|35168|212999
58308|6939|29208|48926
35426|215596|174|28189|266931|271615|273522|271150
6762|1299|22773|8119
10111|1299|60068|197103|212080
44324|32595|174|27385
8283|6939|30893
139317|44324|32595|174|212318
3214|1299|7545|20473|47065|61574
209823|33891|216067|44244
3491|1299|3223|41327
553|6461|210|47065|61574
57695|917|60068|1299|3356|28370|263535
58308|6939|28917|20985
174|216211|44324|205369
4601|50869|215248
210312|4601|50869|213376
28917|6939|1299|206264
6424|6939|50989|48116
29222|6939|62000|198825
35280|6453|174|399697|39967|399697
51519|39351|1299|3223|34224|12735
34927|1299|174|3130|47065|61574
23673|9900|23764|1299|20473|47065|61574
12779|35598|52091|206810|5598
139317|44324|32595|174|62005
47147|1299|8551|44709
44324|32595|174|3714
327960|174|20723|2852|202874
28917|6939|1299|20473|55207
8220|1299|3257|20473|47065|61574
48070|6939|200303
196621|6939|28917|48084|199961
12637|34927|202827
28917|6939|263047|269680
553|6939|28917|198297|51081
58308|6939|33891|8741
199524|1299|13335|5408
18106|33891|44592|49581|209693
20932|1299|12956|212721
14315|2914|174|20473|47065|61574
28917|6939|6830|23520|272935|273948|274204
28917|6939|1299|20473|61126
58308|6939|41720|58180
199524|1299|23764|35168|212999
199524|1299|37468|53062|266493|61625
28624|61568|174|60068|216213|205884
2734|396356|262287|174|52468|262287
58308|6939|6830|23520|46650|14432
6424|6939|28917|39238
58299|62255|52091|206810|210063
199524|174|20473|47065|61574
7594|174|210329|215728
35008|1299|174|60068|205884
1299|3356|28370|268521
286|3257|33891|216067|44244
23367|1299|3356|16735|273514
36924|1299|6453|60068|216213|205884
7594|174|35598|25308|28917|204076
5405|29632|215536
3320|1299|34927|202532
263237|174|1299|20473|47065|61574
559|35598|52091|206810|196767
44393|394256|174|201814|209896
28917|6939|1299|25122
206356|50629|20473|47065|61574
28917|6939|1299|20473|45275
196621|6939|2852|204772
34927|1299|3356|28370|28657
328512|5713|174|10490|2722|12148|47065|61574
28917|6939|1299|20473|201489
12389|174|210|47065|61574
28917|6939|1299|20473|400478
29222|6939|6424|39384
44324|32595|174|13999|273269
28917|6939|1299|18734|20940
2497|174|399697|39967|399697
210312|4601|50869|34019|209090
29222|6939|6424|207990
4764|1299|6204|44592|49581|209693
28917|6939|1299|23520|263824
204092|6939|28917|39238|49392|9098
29222|6939|28917|47914
4601|6939|28917|6789|203561
328512|37100|1299|3920|206777
59890|60068|33891|12859|47065|61574
17639|174|28189|266931|271615|273522|271150
28917|6939|1299|23520|264663
40994|9002|8772|215536
205206|1299|60068|211571
1299|6461|394737
28917|6939|7018|397556
198385|174|216211|211575
553|1299|20473|399970
58308|6939|215085|202585
559|1680|44709
34854|1299|174|21320|5408|50148
15623|1299|20473|399970
21232|13030|1299|6762|267470|263047
53828|3257|1299|3920|206777
58308|6939|1299|14265
999|6453|174|20473|47065|61574
58299|29632|215536
58308|6939|1299|38077
28917|6939|1299|210021|14789
35008|1299|7545|20473|47065|61574
15935|174|3356|28370|28657
58308|6939|262485
58308|6939|6830|23520|22724
29222|6939|52927|267933
62167|174|60068|211571
41327|9002|197068
12779|31133|12389|28917|8905|42132|56779
58299|33891|216067|44244
204092|6939|16652
49544|3356|1299|3920|206777
58308|6939|29208|199350
328840|327727|174|35598|52091|44660
37271|174|3130|47065|61574
3216|1299|174|204548|215728
48070|6939|2852|61110
58308|6939|9120
13237|1299|3356|28370|53079
12637|6939|29222|204957
23367|1299|3356|28370|53079
28917|6939|1299|15557|204426
47692|3356|174|216211|211575
210937|1299|3356|28370|264426
40994|6939|28917
137409|174|20473|47065|61574
207841|6939|15372
28917|6939|1299|20115
44324|32595|174|47787
34288|174|204548|215728
48070|1299|3356|28370|28657
57111|174|21320|5408|47065|61574
29680|3257|1299|198949|35676
28917|6939|1299|61423
28917|6939|1299|32798
57777|8298|8283|3320|6855|39904|202605
139317|44324|32595|174|7203
28917|6939|15935|56360
58308|6939|1299|1759|51164|210167
28917|6939|6830|23520|272935|267845|273224
16552|3257|174|216211|211575
51519|39351|1299|6855|39904|47767
25160|1299|6855|39904|199604
29222|6939|50629|207252|213579
6461|174|20473|47065|61574
1299|13335|400095
1764|174|216211|211575
58308|6939|1299|11172|270217
293|3356|1299|34927|202532
1273|1299|2914|226|47065|61574
198249|8551|44709
6830|6939|28917|48084|35816
209650|34927|174|216211|211575
44324|32595|174|15094
917|3214|1299|6855|39904|202605
6830|1299|20473|47065|61574
34800|58057|50673|174|1299|198949|35676
50300|3257|1299|198949|35676
136557|174|6453|29208
199938|1299|3356|28370|263535
52320|1299|201814|209896
559|6939|39790
60068|33891|17676|216211|44324|205369
8283|6461|32787|202161
58308|6939|6830|23520|264821|274070
48070|20764|43298|48678|213865
5405|1299|8551|20473|47065|61574
64475|13335|5408
553|1299|60068|216213|205884
31742|1299|198949|35676
64475|6939|24796
559|3320|6855|39904|47767
7713|1299|5511|49666|58224|214805
205206|1299|6855|50698
199938|1299|3223|41327
49432|48362|1299|3356|28370|263535
20912|174|28189|266931|271615|273522|271150
35008|1299|10490|2722|12148|47065|61574
48362|1299|174|1916|47065|61574
4601|8298|25091|1299|60068|216213|205884
48919|174|20473|47065|61574
9268|4764|1299|62081|198408
28917|25091|8298|4601|4492
58299|62255|52091
2497|1299|20473|399970
8455|33891|216067|44244
58308|6939|1299|394611
6423|20055|1299|16164|36032
28917|6939|1299|212318
47147|1299|3356|28370|269016
13830|971|174|7311|835|394273
28917|6939|7018|64230
4777|2497|174|11432|271150
11845|30844|21320|5408|47065|61574
29222|6939|29670|60729
41327|37468|270551|263047
29222|6939|202297|200299
58308|6939|1299|36352|27176
38880|4826|1299|3920|206777
41666|20764|52091|206810|39089
29222|6939|50533|205321
28917|6939|1299|20473|400503
44324|32595|174|7413
58308|6939|1299|60486
7018|6939|2852|199711
139317|44324|32595|174|207136
32590|4637|3257|1299|198949|35676
44324|32595|174|19382
5413|1299|35598|25308|28917|204076
199938|1299|174|210|47065|61574
2914|1299|1680|20473|47065|61574
49544|3356|174|20723|2852|202874
50877|5405|6939|30893|13214|35634
44324|32595|174|53667|142597
34019|62255|52091|206810
35600|6939|30893
58308|6939|1299|199610
60011|3356|1299|6855|39904|202605
49788|174|3130|47065|61574
55720|2914|1299|6939|24796|63293
28917|6939|61618|267320
327960|174|3356|16735|2716
44324|32595|174|42228
22652|1299|6204|44592|49581|209693
28917|6939|1299|3301|29217
3170|6939|28370|267556
49028|1299|6453|19318|209896
58308|6939|1299|12488
24961|6830|60068|216213|205884
37105|36994|1273|174|3130|47065|61574
50629|33891|216067|44244
58308|35598|52091
58308|6939|6830|23520|272935|271804
174|3257|19318|201813
58308|6939|1299|43893|209454
3491|174|34927|202827
263237|174|2914|20473|47065|61574
132847|7474|3257|174|1916|47065|61574
22355|5511|174|52468|271150
28917|6939|1299|20940|63949
58057|1836|1299|8551|44709
3130|174|1299|20473|399970
29222|6939|56595
58057|174|3491|20473|47065|61574
20253|1299|37468|53062|266493|61625
4601|6939|30893|205563
13786|174|60068|211571
215596|174|21320|5408|50148
56655|1299|7195|20473|47065|61574
6762|174|201814|209896
58308|6939|1299|5518|34001
41051|58299|21320|5408|47065|61574
29075|174|22381|267470|263047|264389
41722|12389|174|2914|20473|47065|61574
57111|41327|4601|4492
327727|174|35598|52091
28917|6939|1299|20473|62311
28917|6939|262365
6730|6830|9002|197068
50628|1299|7545|20473|47065|61574
2497|174|22381|267470|263047|264389
3130|174|28189|266931|271615|273522|271150
58308|6939|1299|211181
58308|6939|1299|60068|201207|212238
58308|6939|7018|46488
44324|32595|174|265609
42541|47065|61574
39351|174|20473|47065|61574
20253|1299|6453|4755|7768
37100|174|140227|44324|205369
34927|1299|3356|8772|215536
20612|9044|1299|2914|226|47065|61574
41666|20764|52091|206810|8274
28917|6939|1299|23520|54082|263725|274085
8455|1299|174|37468|61568|266460|61625
3491|174|11432|271150|272738
42541|14840|2716
7018|6762|267470|263047
204092|6939|29222|513|20940
12637|35598|52091|206810|59815
23367|1299|20473|47065|61574
20514|1299|21351|60132
136557|174|22381|267470|263047|264389
58308|6939|1299|54509
3130|174|22381|267470|263047
28917|6939|1299|60068|216213|200216
53828|2914|174|37468|61568|266460|61625
213151|34549|1299|198949|35676
58308|6939|7018|54097
59105|2518|1299|34927|202827
34927|1299|3356|1680|44709
263237|174|8551|20473|47065|61574
28917|6939|1299|40824
35600|35598|52091|206810|202279
7660|2516|174|20473|47065|61574
513|174|204548|215728
3130|174|1299|6939|24796
28917|6939|1299|23520|52233|262238
35008|1299|7195|28189|266931|271615|273522|271150
57381|50304|1299|20473|201423
34177|1299|6453|4755|7768
58308|6939|1299|58317|48448
28917|6939|1299|20473|210932
3216|1299|22773|8119
45049|6696|1299|6461|394737
17660|2914|1299|6855|39904
24961|1299|174|3130|47065|61574
6894|174|8551|20473|47065|61574
48070|6939|50989|33837
28917|6939|7018|6621
29222|6939|262365|263433|268967
48070|6939|28917|47438
271253|6453|174|21320|5408|50148
139317|44324|32595|174|29802|401880
210312|4601|264409|61832|266460|61625
204092|6939|28370|268521
1299|8551|20473|47065|61574
56662|8283|47065|61574
57111|174|1299|34927|202532
1299|3223|41327
40994|57463|41327|201847
29075|1299|20473|47065|61574
23367|1299|8551|20473|47065|61574
6424|6939|28917|21453
53828|3257|1299|34927|202532
12779|174|52468|271150
28917|6939|7018|399571
559|6939|30893|200690
3170|6939|28370
20514|1299|37468|52468|262393
58308|6939|3170|201579
28917|6939|6830|23520|64126|272980|274084
205206|1299|3223|41327
5511|174|52468|262393
210937|1299|174|37468|61568|266460|61625
14537|52925|3356|1299|6855|39904
28917|20764|52091|206810|214210
39122|1299|3356|28370|267556
29504|15935|174|13786|28343|2716
58308|6939|6830|23520|272935|267845|274105
3549|3356|1299|33891|216067|44244
41666|20764|52091|206810|57164
49544|3356|1299|20473|47065|61574
204092|6939|2852|200874
3741|174|204548|215728
44324|32595|174|22115
199524|1299|174|37468|61568|266460|61625
3130|174|20473|30893
45352|1299|3223|41327
51873|6830|2914|20473|47065|61574
29222|6939|56595|205885
3130|174|5459|200070
28917|6939|1299|20473|209300|24239
58308|6939|62193
34854|1299|5511|60068|206406|210557
41327|7311|835|394273
13237|1299|6855|39904
196621|6939|28917|197078
29222|174|3130|47065|61574
206356|50629|13335|5408
6730|6830|3257|60068|206406|210557
56662|13030|12859|47065|61574
513|174|2914|226|47065|61574
8455|8283|47065|61574
57381|50304|1299|3356|22381|267470|263047|264389
58308|6939|1299|20473|200959
148968|1299|3223|34224|12735
44324|32595|174|273205
32590|37100|1299|3920|206777
8298|8283|3491|209810|207187|205345
1853|20965|5408|47065|61574
41666|20764|52091|206810|57460
28917|6939|1299|23520|14638|35892
136557|174|3356|8119
199938|1299|60068|211571
41327|6939|25192|20701
28917|6939|1299|52468|264851
20055|174|35598|52091|206810
44324|32595|174|1289
28917|6939|1299|24909
58308|6939|1299|30823|215730
3333|12859|215551|30893|13214|35634
35600|35598|52091|206810|12773|57005
58308|6939|7018|397602
174|1299|12859|47065|61574
58308|6939|1299|58065
37680|41327|24796|12779|197000
15605|6939|2852|201648
58308|6939|3170|206924
28917|6939|1299|15133
28917|6939|202297|210951
216285|8280|6762|174|37468|61568|266460|61625
57111|174|56630|209944
1273|174|32595|44324
28917|6939|15935|201727
28917|6939|1299|52468|273177
64475|62255|52091|206810|12773|44710
12779|8551|44709
29222|6939|29670|49933
50673|174|3356|28370|268521
29222|6939|7794
139317|44324|32595|174|140577
28917|6939|1299|60068|206150
49028|1299|174|1916|47065|61574
1836|1299|8551|44709
20205|1299|8551|44709
28917|6939|33924
44324|32595|174|142111
209650|34927|1299|20473|47065|61574
29504|15935|174|6453|29208
31742|1299|3257|19318|209896
58308|6939|1299|9009|44239
513|29222|6939|263047|267961
50304|1299|6453|1031|61568|266460|61625
3741|174|201814|209896
28917|6939|1299|397522
5413|1299|3257|204548|215728
327960|174|60068|211571
48919|174|210329|215728
34927|56655|1299|3920|206777
57866|1299|6855|39904|47767
58308|6939|7018|46677
58308|6939|1299|7632|131728
57111|174|14840|269288
3257|3356|21320|5408|47065|61574
28917|6939|262365|267933
2497|1299|198949|35676
15605|35598|52091|206810|202497
1140|24785|6830|3356|28370|28657
41051|58299|266493|61625
32590|1299|3356|28370|269016
57777|8298|8283|3491|209810|207187|205345
32590|21320|5408|47065|61574
22652|1299|3223|34224|12735
12637|6939|50989|50683
15605|6939|28370|267608
44324|32595|174|40092
61049|174|20473|47065|61574
5413|2603|21320|5408|47065|61574
40994|174|35598|52091|206810
58057|174|20473|47065|61574
28917|6939|1299|20473|139589
58308|6939|1299|44788
7018|3356|16735|273514
58511|1299|20473|399970
4601|6939|28917|44056|57629
205112|50629|6939|33924
8298|8283|3491|209810|207187|205044
41666|20764|52091|206810|39558
28917|6939|1299|20473|25820
139317|44324|32595|174|52341
49028|1299|174|21700|399914
28917|6939|1299|139341
28917|6939|1299|8781|396986
58308|6939|40994|203997
151326|174|204548|215728
45352|174|3257|21034
263152|174|1299|198949|35676
12779|35598|52091|206810|211692|31069
58308|6939|1299|17072
207841|6939|50989
58308|6939|553|204680|202329
6696|1299|174|3130|47065|61574
2734|16276|203019
210312|4601|50869|58299|209898|199553
7594|174|20723|2852|202874
58308|6939|33891|196819
139317|44324|32595|174|62833
58308|6057|28283|268744|2716
58308|6939|1299|33549
174|34927|202827
58308|6939|1299|6128|54004|21835
8283|20764|52091|206810|197643
20055|1299|29695|206557
44324|7720|10111|1299|8551|44709
3170|3491|174|37468|61568|266460|61625
28917|6939|1299|25899|63386
35008|1299|3356|20473|47065|61574
6424|6762|1299|6855|39904
17350|3356|174|20723|2852|202874
3170|41313|6821|1299|29208|205347
139317|44324|32595|174|54804
3491|174|60068|205884
39351|1299|3356|28370|28657
29222|6939|54429
29222|6939|28370|264426
44324|32595|174|41625
199524|1299|3356|28370|268198
41666|20764|52091|206810|197643
47147|3320|1299|10490|2722|12148|47065|61574
6730|6830|4637|20473|47065|61574
12350|1299|3356|28370|267608
12779|6939|2852|210498
202365|50673|174|60068|205884
8283|6939|2852|199711
28917|6939|1299|48237|35819|42943
39122|174|56630|209944
47147|1299|6855|39904|205968
37497|1299|6855|39904|199604
132825|2914|1299|6855|39904|202605
14537|33891|44592|49581|209693
4601|50869|211008
1299|174|3130|47065|61574
23367|1299|201814|209896
15562|2914|6424|44592|49581|209693
139317|44324|32595|174|47787|203020
205206|1299|3356|28370|263535|268030
8220|3491|174|399697|39967|399697
7594|174|35598|52091
28917|6939|6830|23520|52286|264764|273897
20764|174|1299|20473|47065|61574
397131|60011|3356|1299|201814|209896
39122|1299|3356|28370|268521
58308|59689|29075|174|52468|271150
28917|6939|1299|20473|198558
20764|174|10490|2722|12148|47065|61574
7500|2497|174|399697|39967|399697
9002|3356|174|20473|47065|61574
39122|1299|3356|28370|264426
210312|4601|6939|28917|44812
28917|6939|1299|60068|33059
7660|2516|3356|216211|44324|215172|214955
13830|971|174|1299|8551|44709
28917|6939|1299|3301|198476
31742|1299|37468|53062|266493|61625
12637|6939|33924
34019|6830|60068|211571
553|6939|29222|41495|206202
34800|58057|50673|174|5459|200070
398465|1299|6453|29208
28917|6939|1299|58317
3399|174|37468|53062|266493|61625
34177|1299|3356|8119
28917|6939|1299|30823
6461|174|56630|209944
1299|16276|203019
44324|32595|174|398636
680|1299|8551|44709
58308|6939|28917|50045
49544|2914|174|20723|2852|202874
61049|2914|1299|3920|206777
29479|50304|1299|201814|209896
39122|1299|20473|47065|61574
140627|1299|201814|209896
28917|6939|1299|47583
23673|9900|23764|3356|1299|12859|47065|61574
44324|32595|174|395723
6730|6830|9002|12555|210259
7713|1299|20473|399970
49432|48362|1299|174|60068|205884
58308|6939|1299|212582
34927|1299|3257|210329|215728
41327|6939|24796
8220|1299|174|1916|47065|61574
12956|174|11432|271150
44324|32595|174|3573
328840|327727|174|60068|211571
58308|6939|15962
58308|6939|1299|37468|270553
199524|174|52468|271150
34927|1299|3223|41327
196621|6939|28917|44056|57629
29222|6939|553|204680|208974
1299|6453|60068|216213|205884
328964|37468|174|210329|215728
28917|6939|1299|8551|12222
23367|1299|174|21320|5408|47065|61574
8359|1299|6855|39904
49432|48362|1299|3356|28370|268521
34019|6939|28370|267608
47147|1299|6939|50989|50683
28917|6939|1299|22497
513|174|1299|198949|35676
199524|1299|3223|41327
139317|44324|32595|174|212081
8283|14840|269288
29222|6939|7018|28469
48185|1299|3257|210329|215728
48919|174|140227|44324|205369
35600|35625|3356|21320|5408|47065|61574
215596|174|22381|267470|263047|264389
58308|35598|52091|206810|24881
9268|4764|174|16276|203019
5405|6461|210|47065|61574
29222|6939|47536|213370
139317|44324|32595|174|14148
210312|4601|50869|6939|30893|200690
29504|39392|174|1299|20473|47065|61574
29222|6939|39791|198002
132847|7474|7473|1299|20473|47065|61574
58057|50673|33891|216067|44244
6424|6939|28917|197078
28917|7195|20473|47065|61574
51519|39351|174|7545|20473|47065|61574
28917|6939|1299|396356
198385|174|37468|270551|263047
7018|3356|216211|44324|205369
58299|62255|52091|206810|5598
139317|44324|32595|174|57974|401452
28917|6939|1299|23487
210312|4601|6939|28917|24651|39900
398465|1299|3216|51032|41344|39707
35426|215596|174|20723|2852|202874
30058|216211|44324|215172|214955
3170|7195|28189|266931|269250|271150
48070|7195|20473|47065|61574
210312|4601|50869|52025|205378
29222|6939|12735|208594
44324|32595|174|53667|399266
35710|3320|1299|198949|35676
48070|64049|174|55410|141549
34854|1299|6855|39904|47767
62167|174|6453|29208
58299|62255|52091|206810|57982
199524|1299|37468|52468|271150
51519|39351|174|10490|2722|12148|47065|61574
35600|35598|52091|206810|8274
61049|174|8551|20473|47065|61574
34927|1299|1680|20473|47065|61574
6830|6939|25192|20701
13030|1299|6453|19318|209896
34927|174|37468|61568|266460|61625
286|1299|20473|47065|61574
57866|1299|6855|39904|199604
1299|9002|8772|396416
8220|1299|20473|47065|61574
6830|3356|3223|41327
41095|6830|34927|202827
210312|4601|50869|205929
210312|4601|50869|52025|214347
20205|1299|7195|28260|270548|52794|52659
34927|1299|174|22381|267470|263047|264389
6453|1299|29695|206557|204503
58308|6939|1299|52468|271822
50304|8455|8283|47065|61574
58308|6939|47160|210979
48185|1299|6855|39904
23673|3491|174|28189|266931|271615|273522|271150
140627|1299|29695|206557
40994|57463|41327|205005
6762|174|399697|39967|399697
139317|44324|32595|174|44788
5405|6939|2852|204772
2914|3356|21320|5408|47065|61574
49028|1299|6939|30893|13214
56662|28917|215730|209693
136557|174|210|47065|61574
28917|8359|57304|208437
29504|39392|33891|1680|20473|47065|61574
39392|174|1299|198949|35676
16552|3257|174|60068|205884
36924|1299|12956|212721
132825|174|35598|52091|44660
8283|49581|209693
210312|4601|50869|41051|212037
20080|2914|1299|34927|202532
139317|44324|32595|174|55003
28917|6939|1299|20473|211966
559|6939|30893
6730|6830|174|11432|271150
6424|62255|62379
513|20965|5408|47065|61574
58308|6939|3170|214199
34854|1299|7195|28343|2716
6082|174|22381|267470|263047|264389
34927|1299|60068|211571
58308|6939|1299|3301|34576
4601|50869|56381|208814
24961|1299|198949|35676
52320|174|60068|205884
50629|29632|59682
4601|50869|213376
20205|1299|3356|8772|215536
3356|1299|32787|202161
24516|3491|5405|8943|200636
7018|6453|4755|7768
28917|6939|1299|62597
57695|917|60068|174|216211|44324|205369
48070|7195|28260|270548|52794|52659
42541|1680|20473|47065|61574
24482|6453|174|20473|47065|61574
553|62255|52091|206810|34786|41875
12637|6939|30893
22652|1299|6855|39904|202605
28917|6939|1299|21777
5392|3356|174|20723|2852|202874
8455|1299|56504|47674
6762|1299|3920|206777
28917|6939|1299|20473|133492
44393|394256|174|210|47065|61574
148968|7474|3257|1299|20473|47065|61574
15605|35598|52091|206810|196638|42702
51519|39351|1299|3223|41327
34549|1299|6855|39904|202605
3130|174|3356|9002|8772|396416
58308|6939|24796|63293
16347|1299|35598|25308|28917|204076
29140|174|20473|47065|61574
210312|4601|8298|25091|1299|10490|2722|12148|47065|61574
8280|6762|1299|22773|8119
6830|6461|394737
40994|57463|41327|24796
12779|62255|52091|206810|8274
2497|3356|21320|5408|47065|61574
28917|6939|1299|60068|197103|216385
58308|6939|1299|52468|271948
6830|174|210329|215728
8283|1031|61568|266460|61625
20514|1299|6204|44592|49581|209693
139317|44324|32595|174|57225
7018|1299|29695|206557|205190
9002|3356|174|140227|44324|205369
4601|50869|6939|200070
16552|37271|174|11432|271150|272738
28917|6939|1299|395954
37239|37468|33891|60068|211571
139317|44324|32595|174|201896
34019|29169|174|60068|205884
7018|6939|54429
44324|32595|174|41564
3170|6939|28917|44056|57629
28917|6939|1299|8151|270177
28917|6939|1299|20473|149285
139317|44324|32595|174|21433
28917|6939|1299|4226|401734
29222|6939|15935|197451|202872
6720|1764|174|216211|211575
58057|50673|174|1299|198949|35676
209823|6830|60068|216213|205884
207841|6939|28917|52191
35600|57463|22356|52468|271150
139317|44324|32595|174|398636
1299|6453|1031|61568|266460|61625
57695|917|60068|1299|34927|202827
29222|6939|62000|198831
37105|37468|1299|198949|35676
28917|6939|1299|397522|44273
51088|8455|1299|34927|202532
28917|20764|52091|206810|59815|25299
50629|13335|400095
12350|1299|3356|28370|268521
34927|1299|3491|20473|47065|61574
52025|174|22381|267470|263047
577|1299|10490|2722|12148|47065|61574
47147|1299|6939|30893|13214
47160|174|52468|271150
28917|6939|1299|6424
8283|20764|52091|206810|24881|24697
7660|2516|1299|917|214598
35426|215596|174|5538|8194|29345
3491|174|28189|266931|271615|273522|271150
28917|6939|1299|23520|263238|273195
132825|174|50509|51032|41344|39707
7473|1299|20473|47065|61574
35008|1299|4637|20473|47065|61574
5413|1299|201814|209896
57866|1299|3223|34224|12735
6424|37517|1299|5511|37309
6453|2914|12859|47065|61574
140627|2914|174|37468|61568|266460|61625
7474|3257|174|14840|269288
58308|6939|1299|39290
24961|1299|17676|216211|44324|205369
6424|6762|1299|3920|206777
28917|6939|1299|20473|206081
24961|1299|6855|39904
50673|174|60068|216213|205884
139317|44324|32595|174|61506
209|3356|21320|5408|47065|61574
28917|6939|1299|60051|208293|203214
17660|6453|174|204548|215728
28917|6939|6830|23520|272935|272908
12859|1299|3920|206777
6461|33891|216067|44244
1299|6939|24796|63293
35710|3320|6830|34927|202827
50877|5405|6939|2852|199711
60068|174|11432|271150|272738
553|1299|3356|28370|268521
28917|6939|7018|2685
4826|3356|216211|44324|215172|214955
4764|1299|23764|35168|212999
6696|1299|42303|51701|30893
139317|44324|32595|174|27747
28917|6939|1299|21351|886
204092|6939|2852|201648
20932|174|399697|39967|399697
28917|6939|40994|212085
58308|6939|47160
8298|25091|1299|20473|47065|61574
41327|6939|28370|263060
60068|3491|1299|6855|39904|202605
202032|16276|203019
7018|3491|20473|47065|61574
24516|174|35598|52091|44660
44324|32595|174|35598|204490|206306
210312|4601|50869|6939|2852|212876
49605|6762|2914|12859|47065|61574
15935|174|12956|212721
196621|6939|28370|267608
20932|1299|8551|20473|47065|61574
50628|1299|56504|47674
999|6453|174|3130|47065|61574
64475|14840|269288
28917|6939|1299|207265
22652|1299|29695|206557|208835
35600|6939|25192|20701
32590|4637|6830|34927|202827
9044|174|210|47065|61574
6730|6830|3356|8772|215536
41666|8926|1299|3320
44324|32595|174|263009|52559|274658
42473|1299|12956|212721
58308|6939|1299|400760
139317|44324|32595|174|199297
29222|6939|263047|264389
210312|4601|8298|25091|1299|60068|216213|205884
12637|35598|52091|206810|57460
21320|5408|47065|61574
58308|6939|6424|207990
917|60068|1299|198949|35676
8220|1299|201814|209896
30600|174|60068|205884
58308|6939|7018|22617
35710|3320|174|399697|39967|399697
513|174|20473|47065|61574
210312|4601|6939|28917|39238|49392
559|6939|54429|401894
34019|2603|21320|5408|50148
2518|1299|8551|44709
41051|50263|44592|49581|209693
29222|6939|21430|33943
28917|6939|1299|5617|42673
29222|6939|32097|22295|206042
28917|6939|1299|20473|36369
139317|44324|32595|174|209312
28917|6939|1299|20473|53966
148968|1299|6453|4755|7768
14630|2914|12859|47065|61574
39122|174|1916|47065|61574
8220|1299|6855|39904
58308|6939|6830|23520|262202|3573
42473|1299|174|216211|211575
22652|174|21320|5408|47065|61574
41327|6939|24796|63293
8283|12859|47065|61574
210937|1299|174|210|47065|61574
22652|174|210329|215728
6720|1764|174|204548|215728
12779|34927|202827
209650|34927|1299|3223|41327
28917|6939|1299|36352|399122
8283|3491|209810|207187
35369|5405|20473|47065|61574
15935|174|20473|47065|61574
3491|1299|6855|39904|199604
1280|1299|35598|52091|206810
23673|3491|174|35598|52091|206810
210312|4601|6939|28917|21453|41783
2500|2914|174|11432|271150
1299|6939|50989|50683
3303|174|60068|205884
60068|174|204548|215728
5405|8943|200636
34019|6939|28370
28917|6939|1299|20473|146950
553|1299|3223|41327
50304|2603|21320|5408|47065|61574
680|33891|44592|49581|209693
12779|4601|4492
28917|6939|1299|28469
28917|6939|47160|213873
207841|6939|2852|210498
58308|6939|33891|39257
327960|327782|5511|174|11432|271150
32590|1299|20473|201423
44324|32595|174|44166
34800|58057|50673|174|3356|28370|268521
42473|1299|3257|20473|47065|61574
29222|6939|12735|51559
3491|1299|20473|201423
28917|20764|52091|206810
34854|1299|174|1916|47065|61574
263237|174|20473|47065|61574
29691|1299|3920|206777
210312|4601|50869|6939|15372
34019|6939|30893
2734|58453|30990|174|37662|36958
58308|6939|1299|42473
42473|1299|20473|399970
999|6453|174|60068|205884
9268|4764|1299|25091|8298|4601|4492
39122|1299|6855|39904|199604
50877|5405|6461|210|47065|61574
204092|6939|42695|52011
3491|1299|56630|209944
49028|1299|201814|209896
49605|6762|174|11432|271150|272738
49028|1299|7195|11432|271150|272738
1299|6939|28370
3491|1299|12859|47065|61574
34927|56655|1299|20473|399970
40994|57463|41327|200553|213844
209|3356|1299|20473|47065|61574
58308|6939|1299|207023
216285|8280|6762|1299|20473|47065|61574
196621|6939|15372|203592
28917|6939|1299|52468|273923
8529|1299|174|1916|47065|61574
28917|6939|1299|397516
207841|6939|28917|21453
6461|174|1916|47065|61574
28917|6939|7018|18439
58308|6939|197301
38880|174|210329|215728
139317|44324|32595|174|213184
35598|174|6461|394737
4601|50869|6939|30893|13214|35634
28917|6939|1299|52468|23031
58308|6939|553|204680|202539
2497|1299|4230|2716
34927|52025|137409|48011|25184|49801|204533
139317|44324|32595|174|210743
1299|174|210329|215728
28917|6939|1299|199524|62553|205941
8280|6762|174|201814|209896
55222|1299|3356|28370|263535
8280|174|1299|8551|44709
50673|174|5538|8194|29345
22652|1299|29695|206557|204503
28917|6939|1299|54528
41666|16276|203019
28917|6939|1299|20473|396088
12969|1299|6453|29208
139317|44324|32595|174|55410
216285|8280|6762|174|21700|399914
58308|6939|1299|56655
5405|62255|52091
28917|6939|1299|20473|63910
6894|174|37468|270551|263047
4775|1273|174|11432|271150
971|174|37468|61568|266460|61625
58308|6939|33891|202245
196621|15576|13335|400095
64475|62255|52091|48158
6461|1299|4230|2716
33891|56630|209944
28917|6939|1299|23520|11139|14694
50629|174|216211|211575
12859|22356|28370|267608
34927|56655|1299|10490|2722|12148|47065|61574
49432|48362|1299|37468|270551|263047
4601|50869|6939|30893|199580
174|17378|8119
8283|33891|216067|44244
31742|1299|6855|39904|199604
16552|1299|3356|28370|269016
57695|917|60068|1299|20473|399970
29222|6939|40994|212085
58057|174|6453|4755|7768
202365|50673|174|12956|212721
174|1916|47065|61574
29222|6939|48678|211804|208913
2516|1299|10490|2722|12148|47065|61574
35426|215596|1299|3356|28370|268521
397131|60011|3356|1299|20473|47065|61574
28917|6939|1299|14522|52458
8529|1299|174|60068|205884
28917|6939|1299|6400|271940
394256|174|22381|267470|263047|264389
327983|37497|1299|8551|44709
6762|1299|29695|206557|208835
55222|1299|20473|399970
852|1299|8551|44709
262427|174|6453|29208
199524|174|3257|60068|206406|210557
8218|21320|5408|47065|61574
50877|5405|1299|10490|2722|12148|47065|61574
50304|1299|7195|28343|2716
196621|6939|25192|20701
2914|3257|5405|8943|200636
22652|1299|201814|209896
5405|6939|42695|52011
50877|5405|49581|209693
32590|12956|1299|20473|47065|61574
4601|50869|6939|2852|201648
14537|2603|21320|5408|47065|61574
28917|6939|1299|213138
58308|6939|1299|54082|263725|269973
198385|174|3491|20473|399970
6696|1299|8551|44709
28917|6939|1299|10396|394590
49432|48362|1299|6762|16735|273514
35600|6939|30893|204789
58308|29075|2603|21320|5408|47065|61574
207841|6939|215172|214955
6894|2603|21320|5408|47065|61574
58057|50673|174|60068|211571
559|35598|52091|206810|208435
4601|50869|52025|214347
58308|6939|6830|23520|27884
47147|1299|3356|28370|267608
2518|1299|3920|206777
49544|2914|174|204548|215728
20932|1299|201814|209896
7018|174|5538|8194|29345
398465|1299|3356|28370|28657
57111|174|52468|271150
60068|1299|198949|35676
4181|1299|2914|226|47065|61574
44393|394256|174|60068|197103|212080
5405|6939|28370|267608
45352|1299|6855|39904|202605
199524|1299|917|214598
398465|1299|3257|204548|215728
204092|6939|28917|6789
1764|174|20473|47065|61574
327983|37497|174|20723|2852|202874
48070|1299|17676|216211|44324|205369
57111|174|60068|216213|205884
29222|6939|28917|50009
2516|1299|12956|212721
553|6939|50989|50683
8283|1031|266493|61625
58308|6939|6424|203020
48362|1299|174|216211|211575
286|3257|28917|215730|209693
12307|29691|1299|6453|4755|7768
41327|6939|28370|270962
28917|6939|1299|23033|50131
44324|32595|18423|137409|6461|1299|9498|18229|132215
17660|2914|174|11432|271150
6830|6939|28370|269016
20764|174|201814|209896
58308|6939|15605
5413|1299|174|60068|205884
327804|37271|3257|1299|20473|47065|61574
21232|33891|60068|211571
28917|6939|1299|52468|269805
28917|6939|1299|12252|64120
174|22381|267470|263047
58308|6939|1299|18678
28917|6939|1299|25148
49028|1299|6939|60432
29075|1299|198949|35676
58308|6939|1299|14080|265652
21412|174|1916|47065|61574
57695|917|60068|1299|3223|34224|12735
58308|6939|6830|23520|272935|267705
1836|1299|20473|47065|61574
210312|4601|50869|6939|30893|204789
29222|6939|553|204310
559|6939|50989|50683
553|6939|39790
58308|6939|7018|399201
196621|6939|25192|29067
57381|50304|1299|174|140227|44324|205369
139317|44324|32595|174|4134|140329
136557|174|7311|835|394273
28917|6939|47787|203020
44324|32595|174|208905
2027|6696|1299|20473|47065|61574
37468|1299|6855|39904|47767
41327|6939|50989|33837
44324|32595|174|208765
28917|6939|196610|48927
1273|174|52468|262393
174|3257|25091|8298|4601|4492
2516|3356|21320|5408|47065|61574
139317|44324|32595|174|54502
24516|174|35598|52091
48070|6939|25192|26710
206356|50629|174|216211|211575
58308|6939|1299|13335
60011|3356|1299|6855|39904|47767
2734|3257|174|3130|47065|61574
34177|1299|6453|1031|61568|266460|61625
58299|4657|132132|1299|6939|46997|10241|131259
24482|2914|1299|198949|35676
12956|1299|22773|8119
28917|6939|39791|49101|49244
28917|6939|2852|210498
57111|174|216211|211575
17660|6453|174|22381|267470|263047|264389
210312|4601|6939|28917|43886
58057|1836|1299|3920|206777
34549|1299|10490|2722|12148|47065|61574
28917|6939|1299|4637|1221
210312|4601|50869|41051|212470
271253|6453|174|22381|267470|263047|264389
53828|2914|174|201814|209896
20253|1299|3257|20473|47065|61574
2497|2914|12859|47065|61574
28917|6939|1299|11889
327782|37100|1299|20473|47065|61574
210312|4601|50869|6939|25192|29067
559|6939|25192|26710
57111|174|7195|20473|47065|61574
34927|52025|174|60068|211571
58057|174|138997|216211|44324|205369
58057|50673|174|140227|44324|205369
28917|6939|1299|23520|64126|265695|63293
28917|6939|1299|11179
41327|21351|60132
55222|174|35598|25308|28917|204076
328964|37468|174|60068|205884
264409|174|210329|215728
34854|34927|202532
28917|6939|1299|29551
210312|4601|50869|52025|209477
16552|2914|174|20723|2852|202874
64475|62255|52091|206810|57460
34927|56655|1299|6453|4755|7768
139317|44324|32595|174|213035
58308|6939|6830|23520|262148
8220|1299|35598|52091|206810
559|35598|52091|206810|34786
20253|1299|22773|8119
34854|1299|3356|28370|263535|268030
57695|917|60068|174|20473|47065|61574
553|6939|28917|39238|49392
58308|35598|52091|206810|56915
21412|1299|56630|209944
132825|174|210329|215728
42541|1299|174|210|47065|61574
3170|6939|196610|48927
47692|3356|174|140227|44324|205369
34019|29169|1299|20473|201423
29222|6939|205005
132825|174|28189|266931|269250|271150
20055|1299|3223|34224|12735
3130|174|34927|202827
42473|1299|174|3130|47065|61574
398465|4826|1299|198949|35676
59891|13030|1299|6453|29208
48070|37468|60068|216213|205884
204092|6939|30893|204789
196621|58115|21263|206970
1299|6762|16735|2716
327727|174|3356|3223|41327
58308|6939|28917
58308|6939|1299|400513
3701|174|37468|61568|266460|61625
28792|3257|5405|8943|200636
139317|44324|32595|174|26269
44324|32595|174|33480
58308|6939|1299|19009|26889
917|60068|1299|3223|34224|12735
57695|917|60068|1299|23764|35168|212999
39801|5511|174|37468|61568|266460|61625
44324|32595|174|28546
37271|33891|60068|211571
3170|174|60068|216213|205884
28917|6939|1299|33549
28917|6939|1299|20473|396500
8283|20764|52091|206810|196638
28917|6939|1299|39572|209929
12859|35598|52091|44660
2914|174|20723|2852|202874
3170|6939|28917|28907
35369|1764|174|204548|215728
58308|6939|1299|201706|47723
215596|174|21320|5408|47065|61574
39122|1299|8551|20473|47065|61574
199524|1299|6762|49666|58224|214805
25160|1299|20473|47065|61574
44324|32595|174|8304
139317|44324|32595|174|201050
58308|6939|263047
13237|1299|3356|8119
47147|1299|33891|216067|44244
48070|1299|174|22381|267470|263047|264389
41327|174|204548|215728
41722|20764|174|12956|212721
28917|6939|1299|6855|12767
44324|32595|174|206310
327960|174|14840|269288
6830|1299|6855|39904|199604
1299|6939|28370|28657
8283|6939|28370|263535
14537|13786|174|35598|52091|206810
6894|174|6453|4755|7768
64475|7195|20473|47065|61574
47160|174|210|47065|61574
12859|6939|24796|63293
9900|23764|3356|174|20473|47065|61574
48919|174|60068|211571
58308|6939|57913
13786|174|210|47065|61574
50673|174|3257|22773|8119
513|29222|6939|268047
35008|1299|29695|206557|204503
34549|1299|17676|216211|44324|205369
34927|12859|47065|61574
42473|1299|33891|216067|44244
57111|41327|7195|28343|2716
207841|6939|28917|39134|39561|197695|210550
58308|6939|33891|49435
57777|8298|8283|3491|209810|207187|207198
7018|6939|30893|205563
20514|1299|35598|25308|28917|204076
44324|32595|174|401555
36924|1299|3257|19318|201813
210312|4601|50869|52025|209552
204092|29632|59682
12779|20473|47065|61574
16552|1299|60068|216213|205884
47147|1299|6939|30893|205563
28917|6939|1299|20473|399840
6830|6939|25192|29067
327983|37497|1299|201814|209896
8283|6939|2852|197277
17350|3356|1299|22773|8119
52025|32097|4230|2716
42541|62255|52091|206810|12773|44710
12779|62255|52091|206810|213694
57111|41327|50263|201814|209896
51088|8455|1299|3920|206777
139317|44324|209022|52025
56655|1299|3356|8119
14907|3356|174|3130|47065|61574
8455|1299|12956|212721
559|35598|52091|206810|48687
204092|6939|28917|6789|201069|207979
33891|14840|269288
44324|32595|174|35598|35196|206174
39122|1299|3491|20473|47065|61574
49544|33891|216067|44244
39122|1299|12956|212721
47147|3320|1299|56630|209944
34019|47160|6461|174|37468|61568|266460|61625
6696|1299|6461|394737
37053|37100|1299|3920|206777
266213|3356|174|20723|2852|202874
45352|174|22381|267470|263047|264389
210312|4601|50869|6939|50989|33837
44324|32595|174|17185
35600|6939|29222
58057|50673|174|10490|2722|12148|47065|61574
21412|174|3130|47065|61574
28917|6939|1299|265540
29075|174|216211|211575
12586|3257|3356|21320|5408|47065|61574
21412|9002|21320|5408|47065|61574
210312|4601|50869|58299|35206
58299|7195|28189|266931|269250|271150
58511|1299|6855|39904|47767
34288|1299|37468|270551|263047
14907|1299|10490|2722|12148|47065|61574
139317|44324|32595|174|397496
28917|6939|1299|265780|269815
577|1299|20473|47065|61574
199524|1299|198949|35676
4777|2497|174|60068|216213|205884
14537|13786|174|35598|25308|28917|204076
1299|20473|214587
28624|3356|21320|5408|47065|61574
1299|6855|39904|47767
4601|50869|52025|53723
553|62255|52091|206810|214721
29691|1299|6453|29208
32590|1299|6855|39904
39351|1299|3920|206777
209650|34927|1299|3356|28370|269016
58057|1836|1299|6855|39904
60068|5511|1299|20473|47065|61574
327782|5511|174|11432|271150
206499|34549|1299|198949|35676
199524|174|7195|20473|47065|61574
196621|6939|28917|39238
204092|34019|3223|34224|12735
971|174|7311|835|394273
58308|6939|1299|201706|208677
34927|56655|1299|17676|216211|44324|205369
12969|33891|216067|44244
3257|5405|8943|200636
28917|6939|28370|267556
559|35598|25308|28917|9049|51017
34927|56655|1299|3223|34224|12735
58308|6939|7018|4473|13979|2576
3130|174|210|47065|61574
28917|6939|2852|48091
28917|6939|1299|40185
29632|9002|3356|174|3130|47065|61574
16552|1299|6855|39904
328206|37739|3491|1299|3920|206777
151326|174|14840|269288
12307|29691|1299|174|20473|47065|61574
58308|6939|1299|939
22652|1299|3356|28370|53079
50304|1299|7195|28189|266931|271615|273522|271150
4601|50869|34019|205816
36994|1273|1299|20473|47065|61574
327804|37271|174|201814|209896
139317|44324|32595|174|33811
12859|6939|30893
28917|6939|1299|60068|25645
41327|6939|2852|213152
210312|4601|50869|41051|17160
3170|6939|2852|202874
12637|6939|2852|201648
25091|6453|174|3130|47065|61574
199524|1299|3257|19318|209896
28917|20764|52091|206810|59815
28917|6939|1299|20473|138401
1103|6830|174|11432|271150
34019|61568|266460|61625
1299|3491|20473|47065|61574
19151|174|37468|61568|266460|61625
29222|6939|50629|207252|202119
139317|44324|32595|174|17072|272336
28917|6939|1299|20473|132479|153033
151326|174|5459|200070
58308|6939|33891|215606
16552|1299|3356|216211|211575
60011|3356|1299|3920|206777
40994|6939|28917|39238|49392|34567
58308|35598|52091|206810|197643
559|6939|207995
23367|1299|8943|200636
15623|174|210|47065|61574
47147|1299|7195|11432|271150|272738
328840|327727|174|1299|6855|50698
39351|174|3356|16735|273514
139317|44324|32595|174|20940
57381|50304|1299|10490|2722|12148|47065|61574
28917|6939|24796
204092|6939|50989|48116
7018|1299|60068|216213|205884
6424|6939|28917
29222|6939|29670|47496
12859|35598|52091|206810|24881|24697
213151|34549|174|22381|267470|263047|264389
5405|6939|207995
20932|1299|6762|49666|58224|214805
28917|20764|52091|44660
28917|6939|29670|57024
9002|1299|8551|44709
23367|1299|20473|399970
4181|1299|8551|44709
553|62255|52091|206810|59815
7713|1299|6855|39904|47767
559|20764|43298|48678|210574
1299|198949|35676
199938|1299|37468|270551|263047
139317|44324|32595|174|393524
56655|1299|174|21700|399914
4775|1273|1299|198949|35676
28917|6939|3170|211956
7500|2497|174|28283|268744|2716
3170|174|201814|209896
48070|6939|29222|513|12654
58299|7195|11432|271150|272738
327727|174|28189|266931|271615|273522|271150
58308|6939|1299|3301|204847
40994|57463|41327|197825
28917|6939|1299|20473|134666
29691|1299|6453|4755|7768
198385|174|52468|271150
6830|3356|20473|47065|61574
7594|174|34927|202827
46450|1299|6762|60068|205884
28917|6939|1299|7843|11426|26450
44324|32595|174|28539
58308|6939|7018|11992
28917|6939|1299|7632|9905
58308|6939|6830|23520|272935|273948
139317|44324|32595|174|53667|205398
28917|6939|1299|30600|22379
17639|174|52468|271150
263237|174|3356|3223|34224|12735
210312|4601|50869|6939|59689
34927|52025|174|37468|270551|263047
37239|37468|174|201814|209896
32590|3257|174|20473|47065|61574
49028|1299|3223|34224|12735
4230|1299|8551|44709
5405|20764|43298|48678|213865
64475|33891|216067|44244
8220|1299|6453|19318|209896
328964|37468|174|11432|271150
139317|44324|32595|174|22360
58308|6939|6830|23520|5639|27924
42541|1299|3257|60068|206406|210557
35426|215596|1299|7195|28343|2716
12859|56630|209944
1764|174|10490|2722|12148|47065|61574
38001|3491|174|210329|215728
3170|174|6453|29208
35426|215596|174|210329|215728
28917|6939|1299|60068|395092
513|29222|39801|199881
32590|174|140227|44324|205369
3130|174|12956|212721
174|16276|203019
58308|6939|1299|9829
29222|6939|1200
50877|5405|6939|2852|201648
559|9002|12555
28917|6939|1299|23520|52233
28917|6939|1299|42313|207876
41327|6939|30893
559|6461|23352|20473|47065|61574
58308|6939|1299|20940|36183
40994|6939|215172|214955
34288|1299|12956|212721
151326|174|3257|21034
34927|60011|3356|1299|22773|8119
196621|6939|25192|26710
6424|6939|28917|24651|39900
57381|50304|1299|174|210329|215728
398465|1299|4230|2716
28917|6939|1299|10396|397566
394256|174|3257|20473|47065|61574
31510|174|5538|8194|29345
6424|6939|196610
1299|174|1916|47065|61574
9268|4764|174|28189|266931|271615|273522|271150
29691|1299|3223|41327
12637|35598|52091|206810|34786|41875
28917|6939|1299|20115|20001
44324|32595|174|273298
15605|16276|203019
12307|29691|1299|3223|34224|12735
58308|6939|5405|59745
29222|6939|28370|263535
28917|6939|1299|23520|270200
28917|6939|6830|23520|263703|269901
8298|25091|6453|174|399697|39967|399697
139317|44324|32595|174|393681
553|62255|52091|206810|57164
58308|6939|9136
47692|33891|216067|44244
51519|39351|174|216211|211575
28917|6939|1299|213802
28917|6939|1299|23520|267797|263765
28917|6939|1299|25400|49082|204224
12779|34927|202532
6453|1299|29695|206557|205190
148968|1299|23764|35168|212999
28917|6939|1299|52468|264836
6730|6830|3257|19318|201813
41327|19318|209896
15605|35598|52091|48158
34019|35598|52091|44660
198249|4601|4492
58308|6939|200462|215163
34927|52025|174|12956|212721
58299|62255|52091|206810|211692|214268|196977
139317|44324|32595|174|24992
48070|6939|29222|513
394256|174|21320|5408|50148
48070|6939|28917|52191
14537|3356|1299|8551|44709
215596|174|204548|215728
28917|6939|1299|39567
5413|1299|7545|20473|47065|61574
28917|6939|1299|52468|265863
7474|3257|1299|20473|201423
44324|32595|174|52438
28917|6939|7018|29298
42708|33891|216067|44244
28917|6939|1299|20473|401896|201640
7018|6939|2852|197451
139317|44324|32595|174|16509
28917|6939|25400|31264
34288|1299|8551|20473|47065|61574
58308|6939|1299|46261
262427|174|35598|52091|48158
20912|12637|1299|8551|20473|47065|61574
6830|60068|216213|205884
28917|6939|1299|3308|47527
174|13786|28343|2716
44324|32595|174|33154|398461
9044|1299|198949|35676
34549|6424|44592|49581|209693
58308|6939|63290|40335
50629|6461|9498|20473|47065|61574
29222|6939|12779|44652
59891|13030|1299|174|204548|215728
34177|3356|1299|3920|206777
57821|12586|3257|174|20473|47065|61574
31510|174|22381|267470|263047|264389
1273|174|60068|205884
207841|6939|25192
58308|6939|1299|36086
6830|174|14840|2716
29222|6939|42184|43397
328206|37739|3491|174|1916|47065|61574
58308|6939|12735
2497|174|11432|271150|272738
64475|6939|42695
3333|1257|174|20473|47065|61574
20253|1299|3356|28370|268521
4601|50869|41051|215777
28917|6939|7018|22600
15576|174|140227|44324|205369
29222|174|140227|44324|205369
28917|6939|1299|23520|6503|28469
207841|6939|28917|47438
28917|6939|39791|49101|42422
64475|6939|28370|267608
50629|20764|52091|206810|24881|24697
210312|4601|50869|6939|2852|213152
15935|174|204548|215728
12350|1299|37468|53062|266493|61625
44393|394256|174|12956|212721
58511|3257|174|1916|47065|61574
44324|32595|174|17267
28917|6939|41720|212467
52025|174|52468|262393
58308|6939|1299|44656
28917|6939|1299|20473|197992
6424|37271|20473|47065|61574
216285|8280|6762|174|20473|47065|61574
2734|9304|136237|174|137995
198385|174|3491|20473|47065|61574
64475|9498|20473|47065|61574
35426|215596|174|21320|5408|50148
29075|1299|7545|20473|47065|61574
37239|37468|174|210329|215728
6424|6939|15372
28917|6939|1299|16552
2497|1299|8551|44709
58308|6939|1299|400767
19151|2914|1299|6855|39904|199604
999|6453|1299|3920|206777
12389|28917|215730|209693
139317|44324|32595|174|15326
5405|47065|61574
20080|2914|174|204548|215728
3257|1299|201814|209896
29479|9002|3356|174|399697|39967|399697
47147|9002|1299|8551|20473|47065|61574
58299|62255|52091|206810|12773
12859|1299|6453|4755|7768
132825|174|21320|5408|50148
327727|174|12389|49666|205647|49801|204533
58308|6939|6830|23520|52228
28917|6939|1299|28852
34019|13335|5408
29222|6939|28917|198297
132847|7474|3257|174|399697|39967|399697
33891|266493|61625
139317|44324|32595|174|17185|25645
1140|24785|6830|3356|28370|267556
35710|3320|174|37468|61568|266460|61625
50673|174|28189|266931|271615|273522|271150
3491|174|1916|47065|61574
44324|32595|174|398439
8888|137409|6461|1299|3920|206777
210312|4601|50869|41051|204406
174|28189|266931|269250|271150
12969|1299|3356|16735|273514
7594|174|37468|53062|266493|61625
139317|44324|32595|174|20473|328760
20253|1299|33891|216067|44244
64475|3320|1299|60068|216213|205884
28917|6939|1299|20473|153057|153168
44324|32595|174|55655|64315
28917|6939|1299|23033|204957
5405|1299|10490|2722|12148|47065|61574
7018|174|1916|47065|61574
199524|1299|6855|39904|202605
553|6939|28917|198297
398465|1299|174|21320|5408|50148
28917|6939|1299|62214
3130|174|3356|8119
16552|1299|1680|20473|47065|61574
56987|174|52468|271150
6461|21320|5408|47065|61574
2914|174|21320|5408|47065|61574
15605|137409|63473|200790
28917|6939|6830|23520|64126|265695|273867
8220|6453|1299|8551|20473|47065|61574
29504|15935|174|7311|835|394273
64475|20764|43298|48678|213865
23352|3257|5405|8943|200636
59890|174|210329|215728
9268|4764|1299|56630|209944
7594|174|60068|211571
28917|8359|57304|35168|21299
48362|1299|60068|197103|212080
25091|1299|60068|216213|205884
207841|6939|29222|41495|206202
58308|35598|52091|206810|50204
1267|1299|6855|39904|47767
210312|4601|50869|202939
12779|6939|30893|199580
12859|6939|393682
263152|174|60068|205884
2497|1299|3223|41327
6830|1299|20473|201423
28917|6939|1299|23520|52253
139317|44324|32595|174|31775
52873|12956|1299|6855|39904|47767
42473|1299|6453|19318|209896
20253|1299|13335|5408
6424|8772|215536
11845|30844|174|5538|8194|29345
2734|4800|174|7632|9905|139455
2497|1299|6855|39904
6830|6939|28917|44056|57629
29504|15935|174|12956|212721
196621|58115|209042
28917|6939|1299|3301|201087
4181|1299|174|60068|205884
58057|1836|5511|174|37468|61568|266460|61625
59689|29075|12859|47065|61574
6453|1299|29695|206557
58308|6939|2914|20473|399970
3399|5511|174|11432|271150
44324|49581|209693
20764|28917|215730|209693
52075|33891|44592|49581|209693
205206|1299|3356|28370|268521
20514|1299|6762|49666|58224|214805
6424|6939|28917|48084|35816
9268|4764|174|399697|39967|399697
24482|52025|212895|210320
51873|6830|3257|20473|47065|61574
58308|6939|12735|42216|51722|26383
3170|6939|25192|26710
40387|1299|6762|49666|58224|214805
59689|30781|1299|6855|39904|199604
1031|999|6453|1299|198949|35676
559|1828|13789|30372|3356|174|393216
205112|50629|3223|34224|12735
64475|6939|2852|201648
29222|6939|30893|199580
21412|1299|21351|60132
4637|3257|174|3130|47065|61574
52025|174|3356|16735|273514
29222|6939|15372|203592
210312|4601|50869|213768|205634
28917|6939|207767
58308|6939|12735|15830|137922
36924|1299|6461|394737
44324|32595|174|205035
21232|15576|174|204548|215728
327960|327782|37100|174|216211|211575
20912|12637|1299|17676|216211|44324|205369
60068|174|3130|47065|61574
21700|174|1916|47065|61574
6424|1031|266493|61625
327727|174|7311|835|394273
577|1299|25091|8298|4601|4492
29504|15935|174|60068|216213|205884
12586|3257|1299|198949|35676
17660|2914|174|3130|47065|61574
50304|1299|174|1916|47065|61574
35598|174|52468|262393
29222|1299|20473|201423
58308|6939|5405|207137|209854
6057|6461|1299|198949|35676
5405|1299|174|37468|61568|266460|61625
48070|6939|42695|52011
34288|1299|174|37468|61568|266460|61625
28917|6939|1299|20473|51044
553|174|210329|215728
4601|8298|25091|1299|20473|201423
29222|6939|2852|210498
1273|1299|20473|399970
39120|174|6461|394737
6830|6939|28917|35539
28917|6939|198101
553|62255|52091|206810|211692|31069
28917|6939|1299|9009|215427
48070|57463|22356|52468|271150
139317|44324|32595|174|394584
37739|3491|174|8551|20473|47065|61574
35280|3356|174|399697|39967|399697
1273|174|21320|5408|47065|61574
6667|174|1916|47065|61574
58057|174|6453|19318|201813
34288|1299|60068|211571
15547|174|204548|215728
32590|12956|1299|8551|44709
28917|6939|1299|20473|208022
48070|1299|33891|216067|44244
58308|6939|7018|22787
5511|174|14840|269288
12969|1299|6855|39904|47767
6424|6939|28917|25386
19151|174|35598|52091|206810
3257|174|210|47065|61574
327960|174|6461|394737
44324|32595|174|21277|39216
12637|6939|50989|48116
58057|34549|1299|201814|209896
60011|3356|21320|5408|47065|61574
35600|1828|12179|393398|3356|174|50131
209823|12859|47065|61574
46450|1299|12956|212721
60068|33891|56630|209944
207841|6939|200070
8220|1299|174|210329|215728
39351|6830|60068|216213|205884
4775|6453|1299|201814|209896
28917|6939|1299|204805
12779|12389|49666|205647|49801|204533
44324|32595|174|210156
12586|3257|1299|34927|202532
58308|6939|5405|15498
12779|62255|52091|206810|211692|214268|197578
132825|174|35598|52091
199524|5511|174|37468|61568|266460|61625
28917|6939|1299|18734|28545|28509
4775|1273|174|210|47065|61574
394256|174|52468|262393
210312|4601|50869|54148
34019|6939|2852|61110
209|3356|1299|20473|399970
57866|1299|60068|197103|212080
6730|6830|1299|20473|399970
58308|39801|60983
58308|6939|1299|35908
29691|1299|56630|209944
3170|6939|28917|6789
48362|1299|3356|8119
51519|39351|174|210329|215728
35280|1299|6855|39904|202605
28917|6939|56595|43442
2497|174|60068|205884
58308|6939|61618|267443
55222|174|6453|29208
29222|6939|8194|29345
49028|1299|3356|28370|268521
58308|6939|28917|9110
50629|56630|209944
29222|6939|25400|198309
559|7195|11432|271150
139317|44324|32595|174|16637|36974|20940
58308|6939|50629|207252|197469
50300|174|210|47065|61574
28917|6939|1299|20473|19879
34800|58057|50673|174|1299|3920|206777
58308|6939|2852|61110
7713|174|1299|3920|206777
48070|57463|7713|174|56308
41666|20764|52091|206810|202279
139317|44324|32595|174|3320
58308|6939|1299|9141
4775|1273|174|10490|2722|12148|47065|61574
29222|6939|62000
28917|6939|1299|9146
263152|264409|174|210329|215728
28917|34927|202532
29504|39392|33891|264409|61832|266460|61625
210312|4601|50869|6939|30893|13214|35634
199938|1299|6762|267470|263047
24482|2914|1299|3920|206777
29222|6939|64475
139317|44324|32595|174|267613|13335
210937|1299|8551|20473|47065|61574
24961|1299|20473|201423
215596|174|28189|266931|271615|273522|271150
29075|1299|174|37468|61568|266460|61625
210312|4601|8298|25091|1299|20473|47065|61574
28917|6939|63290|40335
58299|62255|52091|206810|48595
34800|58057|50673|174|7545|20473|47065|61574
29222|6939|29208|215588
58308|35598|52091|48158
59414|6830|174|28283|268744|2716
39392|174|1299|3920|206777
12779|35598|52091|206810|214210
19151|2914|174|140227|44324|205369
56655|1299|2914|226|47065|61574
40994|6939|28917|198297|51081
328840|327727|174|5511|60068|206406|210557
50673|174|20473|47065|61574
16552|1299|42303|51701|30893
44324|32595|174|50144
327960|174|3356|16735|273514
3257|174|1916|47065|61574
29504|15935|174|30844|21351|60132
53828|2914|174|21320|5408|47065|61574
57866|1299|4230|2716
28917|6939|1299|6503|6621|265515
59891|13030|33891|216067|44244
132825|174|56630|209944
48070|6939|28917|44056
48070|1299|1680|20473|47065|61574
35600|6939|29222|513|20940
7018|3356|21320|5408|50148
2734|47787|6424|207990
210937|1299|174|3130|47065|61574
57866|1299|10490|2722|12148|47065|61574
50304|1299|5511|60068|206406|210557
58057|34549|1299|12859|47065|61574
48070|1299|6762|49666|58224|214805
41722|12389|1299|20473|201423
64475|16276|203019
50304|1299|20473|399970
8220|1299|21351|60132
139317|44324|32595|174|205035
58308|6939|1299|61273
58308|6939|29670|205740
58057|50673|174|210329|215728
327727|174|37468|270551|263047
12350|1299|6762|267470|263047
210312|4601|6939|28917|39134|39561|197695|210550
47147|1299|35598|25308|28917|204076
22652|1299|2914|226|47065|61574
25160|174|3130|47065|61574
58308|6939|1299|3249|207568
50629|57463|14840|269288
13830|971|174|52468|262393
6908|174|20723|2852|202874
8283|6939|28370
28917|6939|1299|60068|197103|200371
58308|6939|35489
398465|3320|1299|60068|216213|205884
917|60068|33891|7195|28343|2716
15576|3356|1299|3920|206777
8220|1299|3356|28370|263535|268030
35598|174|22381|267470|263047|264389
132825|174|12956|212721
3170|6939|28917|21453|199933
51185|6762|1299|6855|50698
6461|6424|44592|49581|209693
2734|9304|136897|174|1299|36137
23352|2914|12859|47065|61574
2516|1299|12859|47065|61574
6830|3356|29695|206557|204503
28917|6939|28370|269016
151326|174|6461|394737
44324|32595|174|206262|57722
139317|44324|32595|174|204413
58308|6939|1299|43578
139317|44324|32595|174|2860|215446
50304|1299|3356|8119
58308|6939|1299|212477
58308|6939|7018|6431
14907|1299|3356|8119
56655|1299|56630|209944
1828|1299|60068|197103|212080
58308|6939|8899|42652|44569
6424|272713|263390
44324|32595|174|13999
58308|6939|6830|23520|52286|264764
44324|32595|174|9166
58308|6939|1299|210333
35426|215596|174|1916|47065|61574
28917|6939|1299|35908
29222|6939|3170|215066
12779|2603|21320|5408|50148
58308|6939|5405|5539
196621|58115|21263|203293
55222|174|13786|28343|2716
39351|174|60068|197103|212080
3170|7195|28343|2716
62167|3356|1299|198949|35676
29222|6939|29208|60266
63927|1299|6855|39904|47767
48070|6939|28370|263535
135895|137409|174|210329|215728
28917|8359|57304|15935|215806
139317|44324|32595|174|53667|399266
139317|44324|32595|174|399275
58308|6939|61618
31510|174|1299|6855|39904|47767
58308|6939|6830|23520|52233
64475|6461|394737
28917|6939|1299|23520|262199
47147|1299|6939|30893|200690
44324|209022|52025
4601|50869|52025|214451
48185|1299|8551|44709
56655|1299|174|216211|211575
50300|174|11432|271150|272738
4601|50869|6939|30893
50629|1299|6855|39904|205968
58511|1299|3920|206777
35369|1764|174|3130|47065|61574
28917|6939|1299|40061
60011|3356|1299|20473|47065|61574
196621|4601|4492
28917|6939|62000|208226
39122|1299|3356|8119
139317|44324|32595|174|27951|274100
4601|50869|34019|204092|208567
2027|47160|6939|28370|28657
20764|174|210|47065|61574
206356|50629|34927|202532
58308|6939|1299|270126
271253|6453|174|28189|266931|271615|273522|271150
198249|37271|20473|47065|61574
44324|32595|174|20473|40138
6424|6939|25192
3257|1299|20473|47065|61574
42541|62255|52091|206810
7018|3356|28370|268198
174|2914|226|47065|61574
28917|6939|1299|20473|33760
3170|37468|60068|216213|205884
6730|6830|6762|16735|273514
60068|1299|25091|8298|4601|4492
3170|6939|42695|43101
50629|37468|60068|216213|205884
4601|50869|41051|212470
28917|6939|48070|60894
58308|6939|3170|212806
917|60068|174|216211|44324|205369
6453|1299|34927|202532
50877|6762|3356|21320|5408|47065|61574
3170|6774|36947|174|36891
28917|6939|1299|52468|274144
50673|174|1299|20473|201423
29222|6939|7018|397602
59890|174|3257|21034
28917|6939|3170|214199
59689|29075|174|216211|211575
140627|1299|56630|209944
21412|1299|10490|2722|12148|47065|61574
32590|1299|3356|28370|267556
35600|35598|52091|206810|214721
25160|174|22381|267470|263047|264389
34800|29632|8455|8283|47065|61574
34800|29632|9002|1299|3920|206777
58308|6939|6830|23520|265620
210312|4601|6939|28917|44056|57629
34019|6939|33924
327727|174|3356|16735|2716
28917|6939|1299|52468|264826
139317|44324|32595|174|36236|6838
58308|6939|553|204680|214840
34927|60011|3356|1299|10490|2722|12148|47065|61574
28917|6939|1299|27947|267881
3333|12859|215551|30893
58308|6939|5405|57575
28917|6939|1299|8151
58308|6939|7018|13965
8888|137409|6461|21320|5408|47065|61574
37053|37662|174|52468|262393
553|20764|202984|35598|25308|28917|204076
513|29222|6939|263047|271068
58308|6939|7018|11992|399599
3320|1299|35598|52091|206810
4601|50869|214675|208790
213241|9002|1299|3920|206777
1267|1299|6453|19318|209896
1140|24785|6830|3356|28370
64475|6939|215172|214955
196621|6939|207995
58308|6939|1299|136468
5413|1299|3257|20473|47065|61574
513|29222|6939|52927|267933
6830|174|8551|20473|47065|61574
53828|2914|174|20473|47065|61574
35600|6939|28917|47438
48362|1764|5405|266493|61625
28917|6939|1299|208905|206446|35793
4601|50869|58299|206470
29222|6939|6424|208277
28917|6939|7018|399201
28917|6939|1299|394102|400326
44324|32595|174|27988|271949
6424|6762|1299|8551|44709
28917|6939|1299|23520|265540
917|3214|1299|6762|267470|263047
14907|5511|174|52468|271150
58299|28283|268744|2716
58308|6939|6830|23520|262178
40994|6939|28917|39238|49392|9098
4181|1299|35598|52091|206810
28917|6939|1299|8551|714
50877|5405|6939|215172|214955
210312|4601|50869|6939|29222|41495|206202
25152|2497|1299|20473|47065|61574
1403|577|174|37468|61568|266460|61625
28917|6939|1299|13293
28917|6939|2852|197451
40994|57463|41327|204504
64475|6939|30893
9930|1299|33891|216067|44244
50877|5405|6939|28370|267608
51519|39351|174|3356|16735|273514
8426|3257|1299|20473|399970
327727|174|13335|5408
64475|62255|52091|206810|214721
58308|6939|1299|16509
57777|13335|5408
210312|4601|50869|34019|204092|202945
8455|1299|6855|39904|199604
28917|6939|1299|9299|20940
139317|44324|32595|174|401429
28917|6939|1299|23520|14813
37271|174|28189|266931|269250|271150
263237|174|3257|60068|206406|210557
327960|174|3257|21034
25152|2914|174|3130|47065|61574
36924|1299|20473|399970
139317|44324|32595|174|199391
38136|50131|36236|174|52468|271150
58057|34549|52025|212895|210320
28917|6939|40994|205563
58308|6939|7018|4185
148968|1299|16276|203019
41666|20764|52091|206810|59815|25299
47692|3356|1299|3920|206777
44324|32595|174|200165
47147|1299|37468|60068|216213|205884
263152|174|8551|20473|47065|61574
34927|1299|174|20473|47065|61574
50629|20764|52091|206810|34786
8529|1299|60068|197103|212080
12637|20473|47065|61574
139317|44324|32595|174|62807
29222|6939|62000|208226|202986
398465|1299|6762|267470|263047
28917|6939|7018|1999
58057|174|34927|202827
50629|16276|203019
8280|6762|174|20473|47065|61574
553|62255|52091|206810|202279
204092|29632|215536
12956|1299|3920|206777
28917|6939|1299|6400|273157
28917|6939|1299|37680|328596
42473|1299|174|1916|47065|61574
28917|6939|1299|23520|264821|271799
204092|34019|4601|4492
28917|6939|1299|43012
29632|9002|1299|198949|35676
31742|1299|3356|8119
58057|174|21320|5408|47065|61574
553|1299|20473|47065|61574
2027|6696|1299|3920|206777
136557|174|21320|5408|50148
16552|1299|3216|51032|41344|39707
58308|6939|1299|203660
37105|37662|174|60068|211571
210312|4601|50869|6939|29222|41495
15935|174|3257|19318|209896
60326|34872|24961|21320|5408|47065|61574
148968|7474|3257|174|60068|216213|205884
42541|13335|400095
28917|6939|1299|3301|34576
328206|37739|3491|174|210|47065|61574
37721|174|140227|44324|205369
4230|1299|6855|39904|47767
16552|1299|6855|50698
53828|2914|1299|6855|39904|202605
7594|174|35598|52091|206810
9002|1299|3920|206777
4601|50869|41051|207529
28917|6939|1299|34164
513|174|22381|267470|263047|264389
6424|6939|2852|197277
5405|6939|42695|43101
3170|6939|2852|198500
12859|7195|28189|266931|269250|271150
971|174|30844|21351|60132
39392|33891|7195|20473|47065|61574
50629|20764|52091|206810|202497
199524|6762|174|140227|44324|205369
328840|327727|174|37468|53062|266493|61625
28917|6939|1299|43578
44324|32595|174|2901
58308|6939|15935|197451|202872
48070|7195|11432|271150
4777|2497|174|11432|271150|272738
58308|6939|5405|21245
34800|58057|50673|174|3257|60068|206406|210557
20612|9044|174|11432|271150|272738
196621|6939|28370|28657
58308|6939|25192
28917|6939|1299|270126|270215
3549|3356|1299|6855|50698
58308|6939|1299|39648
35600|30781|1299|198949|35676
151326|174|35598|52091|206810
58308|6939|1299|8375|214019
56987|174|399697|39967|399697
34854|1299|12956|212721
48070|1299|37468|270551|263047
21700|174|14840|269288
58308|6939|35133|50917|209094
5413|1299|6855|39904
132825|174|12389|49666|205647|49801|204533
139317|44324|32595|174|53667|210842
25152|2914|174|210329|215728
28917|6939|1299|398788
196621|33891|44592|49581|209693
215596|1299|6855|39904
139317|44324|32595|174|46974
917|60068|1299|21351|60132
204092|6939|28917
12859|6939|200303
4601|50869|41051|203226
21320|33891|216067|44244
20485|1299|8551|44709
5413|1299|6855|39904|47767
62167|174|20473|47065|61574
44530|6830|60068|216213|205884
3356|174|60068|205884
139317|44324|7720|10111|1299|198949|35676
48070|6939|28917|8926|41221|207164
2518|1299|198949|35676
38001|3491|174|37468|61568|266460|61625
58308|6939|25400|25225
58308|6939|25192|26710
34288|1299|3920|206777
50629|33891|60068|211571
28917|6939|1299|16921
58308|6939|1299|265540
21700|174|35598|52091|206810
20485|1299|6855|39904
59414|6830|60068|211571
37468|1299|8551|44709
3257|174|60068|205884
58308|59689|30781|1299|6855|39904|202605
394256|174|1299|8551|44709
50304|1299|6453|29208
4764|1299|60068|211571
16552|1299|20473|399970
28917|6939|1299|20473|401466
48185|1299|20473|201423
44324|32595|174|198507
40994|6939|33924
28917|6939|1299|27947|264836
12389|1299|20473|201423
196621|6939|42695|52011
28917|6939|1299|395359
46450|3356|21320|5408|47065|61574
1031|999|6453|174|10490|2722|12148|47065|61574
553|20473|47065|61574
58308|6939|1299|393417
58308|6939|6830|23520|262191|274247
46450|1299|174|210|47065|61574
207841|6939|29222|513|21449
4826|1299|20473|47065|61574
40387|1299|174|204548|215728
29222|6939|47787|203020
44324|32595|174|54579|394778
58308|6939|6830|23520|52468|273859
58308|6939|1299|200107
4764|1299|56630|209944
31510|174|60068|197103|212080
398465|1299|3356|28370|268521
199938|1299|20473|201423
16552|1299|17676|216211|44324|205369
8283|3320|6855|39904|47767
1299|3257|210329|215728
14907|1299|8551|20473|47065|61574
35266|1299|198949|35676
28917|6939|1299|42201
28917|6939|1299|20473|957
210312|4601|50869|199310|199073
44324|32595|174|12843
207841|6939|30893|13214
58308|6939|1299|24429
41327|3356|174|20473|47065|61574
24516|174|3356|16735|2716
28917|6939|1299|21859|63473
28917|6939|6830|33915
11039|6461|1299|34927|202827
209|3356|1299|201814|209896
15576|13335|400095
7713|174|1299|20473|47065|61574
28917|6939|1299|208398|215024
56655|2603|21320|5408|47065|61574
216285|8280|6762|174|201814|209896
1403|577|1299|20473|399970
29222|6939|30893|13214
28716|1299|56504|47674
151326|174|3356|3223|41327
199524|1299|9002|8772|396416
58308|6939|1299|210937|62599
35426|215596|1299|3223|34224|12735
58308|6939|64475
209650|34927|174|210|47065|61574
174|5511|49666|58224|214805
139317|44324|32595|174|43766
62167|174|2914|226|47065|61574
140627|2914|174|399697|39967|399697
12350|1299|3356|16735|273514
41722|20764|174|201814|209896
3333|12859|3223|41327
28917|6939|1299|29169|209453
5405|62255|52091|206810|39558
174|7311|835|394273
36924|1299|3257|60068|206406|210557
58308|6939|1299|393559
57695|917|60068|1299|3356|28370|263060
28917|6939|1299|15830|7342
327727|174|1299|6855|50698
513|29222|6939|61618|267216
23367|1299|6453|4755|7768
58308|6939|6830|23520|6503|28469
50304|1299|174|216211|211575
30844|5511|2914|12859|47065|61574
12956|1299|6855|50698
29075|174|60068|205884
35598|174|12956|212721
6830|6939|2852|200874
44324|32595|174|53667|206042
58308|6939|7018|395500
12779|35598|52091|206810
15935|174|3257|21034
48070|6939|50989|50683
15547|174|3257|19318|209896
24516|174|12956|212721
139317|44324|32595|174|18907
19151|174|60068|197103|212080
64475|6939|28917|48084|59833
30781|33891|60068|211571
199524|174|28283|268744|2716
34927|1299|3356|16735|273514
28917|6939|1299|205184
20253|1299|7195|28343|2716
64475|8551|20473|47065|61574
39122|1299|6762|49666|58224|214805
174|30844|21351|60132
513|29222|6939|212635
2734|142111|152672|174|3356|10753
48070|1299|3356|28370|269016
50629|174|399697|39967|399697
3701|11537|20965|5408|47065|61574
14537|52925|3356|1299|3920|206777
57866|1299|20473|201423
48185|1299|3257|19318|209896
28917|6939|1299|23520|262202|52392
58308|6939|1299|835|52025|203069
56655|12859|47065|61574
58308|6939|1299|265840
37105|37662|174|28189|266931|269250|271150
9370|2497|174|52468|271150
19151|2914|1299|198949|35676
50629|6939|16652
139317|44324|32595|174|13335|395747
3491|1299|20473|47065|61574
48070|20764|202984|35598|25308|28917|204076
22652|174|1916|47065|61574
35600|6939|30893|13214
3130|174|16276|203019
35600|35598|52091|206810|214210
31742|174|216211|211575
30844|174|1916|47065|61574
28917|6939|1299|32270|265619
48362|1299|174|210|47065|61574
49788|1299|1680|20473|47065|61574
17639|174|210329|215728
28917|6939|1299|29066|199491
50877|6762|174|20473|47065|61574
58308|6939|33891|59716
12779|6939|42695
136557|174|22381|267470|263047
44324|32595|174|6621
139317|44324|32595|174|11805
48362|1299|3920|206777
35600|6939|50989
1836|1299|6855|39904
28917|6939|1299|53991
28917|6939|7018|22715
553|6939|200070
210312|4601|50869|6939|2852
559|137409|63473|200790
6057|6461|21320|5408|47065|61574
58308|6939|1299|21277|212692|208293|50597
59105|2518|1299|6855|39904|199604
198385|174|1299|8551|44709
56987|1299|37468|270551|263047
25160|174|21700|399914
4601|50869|6939|33924
12637|1299|8943|200636
49544|2914|174|37468|61568|266460|61625
6424|6939|28917|39238|49392|34567
35600|35598|52091|206810|211692|214268|196977
6830|3257|60068|206406|210557
35426|215596|174|204548|215728
45049|6696|1299|174|3130|47065|61574
210312|4601|50869|58299|212691
58308|6939|7018|3486
57111|41327|215551|30893
35369|1764|174|20473|47065|61574
14907|1299|60068|211571
55222|174|3356|28370|268521
6830|6939|28370|263060
29504|15935|174|28189|266931|269250|271150
42473|1299|7545|20473|47065|61574
6830|6939|42695
1273|174|10490|2722|12148|47065|61574
48919|174|3257|20473|47065|61574
42473|1299|3223|34224|12735
210312|4601|50869|216375
22652|1299|3356|28370|269016
15623|6830|60068|211571
22652|1299|3356|28370|268198
5413|1299|2914|226|47065|61574
20514|1299|34927|202827
58308|6939|31263|206207
14630|2914|1299|3920|206777
4601|6939|28917|6789|200702
12307|29691|1299|6762|267470|263047
58308|6939|35826|62815
210312|4601|50869|208453
262427|174|35598|52091
8280|6762|1299|198949|35676
2516|174|20473|47065|61574
38880|8283|47065|61574
7922|2914|12859|47065|61574
4601|50869|41051|211715
15605|47065|61574
62167|174|60068|197103|212080
52025|174|3356|28370|268521
28917|6939|6424|207990
21700|174|201814|209896
44324|32595|174|394449
28917|6939|1299|29119
58308|35598|52091|44660
6424|6939|30893|204789
28917|8455|8283|47065|61574
5413|1299|17676|216211|44324|205369
28917|6939|3170|206924
50877|5405|6939|30893|200690
29222|6939|3170|203363|212085
20205|1299|10490|2722|12148|47065|61574
34927|56655|1299|6453|19318|209896
28917|6939|1299|14016
28917|2603|21320|5408|47065|61574
50877|5405|1299|8551|44709
12956|174|11432|271150|272738
215596|1299|6762|16735|2716
64475|6461|23352|20473|47065|61574
42473|1299|201814|209896
50673|174|1299|20473|399970
28917|6939|1299|16733
6696|1299|6855|39904|202605
210312|4601|50869|52025|401441
28917|6939|1299|31242|198050
7594|174|22381|267470|263047|264389
8758|15576|174|204548|215728
64475|6939|28370|267556
44324|32595|174|50881
139317|44324|32595|174|141163
29222|6939|28917|44056|57629
17350|6453|1299|29695|206557|205190
12859|6461|23352|20473|47065|61574
6894|174|60068|216213|205884
58308|59689|30781|1299|6855|39904
5405|62255|52091|206810|208435
25091|2603|21320|5408|47065|61574
4601|50869|34019|35600|61025
6461|174|28189|266931|271615|273522|271150
12350|1299|12956|212721
48070|6939|393682
64475|6939|2852|200874
34177|174|20473|47065|61574
28917|6939|1299|7483
48070|6939|28917|34784
12956|1299|6855|39904|202605
28917|6939|1299|52468|274278
24785|1299|20473|399970
48362|1299|6204|44592|49581|209693
45352|1299|35598|25308|28917|204076
1828|1299|60068|216213|205884
29222|6939|197301
47160|174|204548|215728
398465|1299|3223|34224|12735
8283|20764|52091|206810|214721
19151|174|6453|4755|7768
139317|44324|32595|208223
28917|6939|25400|3292|208202
139317|44324|32595|174|8926
28917|6939|268624|61823
32590|4637|3257|5405|8943|200636
44324|32595|174|7203
35600|6939|2852|48091
58308|6939|7018|15130
8283|3491|138997|216211|44324|205369
6424|44592|49581|209693
58308|6939|1299|56655|216321
35426|215596|1299|3356|28370|267556
58308|6939|5405|48031
24516|174|56630|209944
44324|32595|174|204979
29075|1299|6453|19318|201813
19653|30600|1299|35598|52091|206810
35426|39801|5511|174|37468|61568|266460|61625
28917|6939|1299|18734|28545|28549
44324|32595|174|19982
34177|1299|2914|226|47065|61574
58057|50673|174|28189|266931|271615|273522|271150
25091|1299|3920|206777
64475|62255|52091|206810|48595
48070|1299|6855|50698
4601|50869|213423
28917|6939|1299|27947|52257
29691|1299|12956|212721
35008|1299|6453|4755|7768
12307|29691|1299|3257|20473|47065|61574
12859|47065|61574
17639|174|37468|61568|266460|61625
42541|62255|52091|206810|39558
2500|2914|1299|20473|47065|61574
3170|6204|214941|174|29802
55222|174|21320|5408|50148
64475|62255|62379
58308|6939|16652
44324|32595|174|3356|7195|52863|270956
35266|1299|20473|47065|61574
34177|1299|3491|216211|211575
14907|12859|47065|61574
58057|174|6453|29208
61218|29632|8455|8283|47065|61574
210312|4601|6939|28917|6789|203561
4601|50869|52025|214323
58308|6939|196610
29222|6939|40994|204136
1273|1299|3920|206777
577|1299|201814|209896
37721|1299|3920|206777
28917|6939|25400|21293
327804|5713|12859|47065|61574
8298|25091|1299|60068|216213|205884
37739|3491|174|20473|47065|61574
40994|6939|28370|268198
3170|13335|400095
17350|3356|1299|201814|209896
28917|6939|1299|6855|35096
8283|20764|52091|206810|214210
35600|6939|2852
209823|25091|1299|3920|206777
28917|6939|1299|23520|269804|269893
12969|1299|174|22381|267470|263047|264389
58511|1299|8551|44709
29691|1299|17676|216211|44324|205369
50304|1299|60068|197103|212080
37105|37468|174|60068|205884
28917|6939|1299|131429
48362|1299|3356|28370|267608
6667|1299|34927|202532
41327|6461|7473|38001|25192
2497|2914|174|20473|47065|61574
210937|1299|174|204548|215728
64475|6939|42695|43101
35600|6939|33924
12859|37271|20473|47065|61574
6453|174|60068|205884
57111|41327|1680|44709
23367|1299|6855|39904|202605
58308|6939|28370|263535
16347|1299|22773|8119
32590|1299|8551|20473|47065|61574
37239|37468|1299|6855|39904|47767
28917|6939|1299|214415
30844|174|216211|211575
29222|6939|12637|202448
2914|174|201814|209896
210312|4601|6939|28917|35539
58308|39801|199881
34927|56655|1299|174|210329|215728
8283|20764|52091|206810|59867
35598|33891|216067|44244
55720|2914|1299|6939|24796
6730|6830|174|138997|216211|44324|205369
4764|1299|25091|8298|4601|4492
20253|1299|35598|25308|28917|204076
28917|6939|48678|209737
34019|6830|60068|216213|205884
207841|6939|28917|24651|39900
48185|1299|12956|212721
58299|52320|7162|13878|52468|271150
6424|21320|5408|50148
57381|50304|1299|37468|270551|263047
4181|1299|6855|39904
28917|8359|57304|15935|51968
45049|6696|1299|9002|8772|396416
44324|32595|174|44372
58308|6939|1299|54082|263725|274023
25160|174|140227|44324|205369
30844|3257|1299|198949|35676
7660|2516|1299|37468|60068|216213|205884
28917|6939|1299|6855|202876
174|3356|1680|44709
39122|1299|6855|39904
58308|6939|7018|154126
210937|1299|37468|270551|263047
31122|174|216211|211575
28917|6939|1299|18678|262589|272937
559|6939|42695|43101
28917|6939|48070|204208|47272|215574
394256|174|210|47065|61574
44324|32595|174|35399
39392|174|1916|47065|61574
196621|6939|2852|200874
45049|6696|1299|3356|8772|215536
29222|6939|41720|212467
29222|6939|553|204680|208854
7018|3356|8119
12779|6939|33924
28917|6939|1299|20473|211721
12779|6939|16652
59890|60068|1299|20473|399970
20055|1299|29695|206557|204503
8529|1299|174|37468|61568|266460|61625
205206|1299|3356|28370|263535
41722|20485|1299|8551|44709
513|174|3257|21034
4181|1299|6453|4755|7768
49028|1299|174|20473|47065|61574
14907|3356|174|20473|47065|61574
3491|174|32595|44324
6762|1299|6855|50698
42473|1299|20473|47065|61574
12859|1299|37468|52468|271150
16552|2914|12859|47065|61574
12552|8283|47065|61574
139317|44324|32595|174|400812
58308|6939|1299|27947|264836|265762
44324|32595|174|32473
139317|44324|32595|174|55286|399122
22652|1299|21351|60132
4601|50869|52025|215212
28917|6939|1299|34927|210667|204375
58308|6939|6830|23520|14638
28917|20764|52091|206810|197960
47147|1299|3356|28370|267556
48070|1299|6855|39904|47767
6762|1299|20473|201423
28917|6939|1299|10396|30526
55222|174|12389|49666|205647|49801|204533
40387|1299|6855|39904
34927|52025|174|3356|28370|268521
271253|6453|174|21700|399914
4764|1299|8943|200636
205206|1299|20473|399970
17350|6453|1299|1680|20473|47065|61574
2027|47160|6939|28370|270962
6830|3356|28370|263535|268030
28917|6939|1299|20473|136535
34019|37468|53062|266493|61625
34927|60011|3356|1299|20473|399970
8529|1299|3920|206777
31510|174|22381|267470|263047
327960|327782|37100|1299|198949|35676
202032|57463|14840|269288
209650|34927|1299|3356|28370|268198
60068|1299|3356|28370|263060
49028|1299|20473|399970
398465|174|13335|400095
5405|62255|52091|206810|211692|214268|197578
174|6453|60068|216213|205884
22652|174|20473|47065|61574
12637|35598|52091|206810|211692|214268
29222|6939|62000|198825|214029
12956|1299|12859|47065|61574
58308|6939|1299|213138
6830|6939|2852|48091
4601|50869|41051|203852
4601|50869|41051|215006
44324|32595|174|5719
8283|6939|30893|200690
204092|6939|200070
4601|50869|59645
553|9002|19551|1299|19551
60011|3356|1299|34927|202532
28917|6939|1299|6758|33874|14789
28917|6939|35826|205311
3491|174|35598|52091|206810
35600|1828|13789|30372|3356|174|393216
42473|9002|21320|5408|47065|61574
210312|4601|50869|41051|207076
48362|1299|6453|29208
30844|3257|1299|20473|201423
57381|50304|1299|20473|47065|61574
58308|6939|50629|47277
6894|174|1916|47065|61574
207841|6939|28917|24651
140627|1299|12956|212721
39122|1299|1680|20473|47065|61574
58057|50673|12859|47065|61574
4601|50869|41051|215448
44324|32595|174|29802|401880
216285|8280|174|1299|8551|44709
3399|174|56630|209944
14907|1299|3223|41327
28917|6939|1299|197690
15935|6461|17378|8119
3320|1299|29695|206557
57381|50304|1299|3356|28370|267556
35280|6453|174|20723|2852|202874
5405|62255|52091|206810|5598
34177|3356|1299|6855|39904|47767
8220|6453|174|210|47065|61574
327960|174|3491|20473|399970
44324|32595|174|44222|215540
28917|6939|1299|20473|402238
58308|6939|61618|268492
58308|6939|1299|201902
28917|61568|266460|61625
48070|1299|6855|39904|199604
49028|1299|3356|28370|264426
6461|174|52468|262393
39351|1299|3223|34224|12735
42541|62255|52091|206810|208435
28917|6939|1299|36192
148968|1299|5511|49666|58224|214805
5405|1680|44709
39351|2603|21320|5408|47065|61574
49544|1299|6453|4755|7768
58308|6939|1299|208905|212616
48185|1299|56504|47674
34549|1299|37468|270551|263047
58308|6939|6830|23520|265561
9044|33891|60068|211571
25220|3320|174|37468|61568|266460|61625
28917|6939|1299|396993|208812
6696|1299|7195|20473|47065|61574
28917|6939|1299|2589
58308|6939|200712
2734|9002|197068
59105|2518|1299|20473|47065|61574
917|60068|1299|34927|202532
1299|20473|399970
29479|50304|1299|22773|8119
7713|174|1299|12859|47065|61574
139317|44324|32595|174|53667|213891
199938|1299|174|1916|47065|61574
8283|20764|52091|206810|12773|57005
58308|6939|7018|3423|13979|10616
58308|6939|1299|13293
140627|1299|3356|28370|263060
28917|6939|1299|23520|27665|46764
35710|4809|1299|20473|399970
32097|32787|202161
49432|48362|1299|6461|394737
139317|44324|7720|10111|1299|12859|47065|61574
12350|1299|3356|28370|263535|268030
398465|3320|1299|8551|20473|47065|61574
25091|6453|174|140227|44324|205369
58308|6939|5405|208208
42473|1299|6855|39904|47767
207841|6939|2852|199711
29222|6939|50629|3624
139317|44324|32595|174|200435
47147|1299|10490|2722|12148|47065|61574
7018|1299|10490|2722|12148|47065|61574
15547|174|1299|20473|399970
293|3356|174|20473|47065|61574
327727|174|14840|269288
50304|1299|174|140227|44324|205369
50628|1299|198949|35676
28917|6939|1299|209255
28917|6939|1299|202276
199524|174|1299|3920|206777
28917|6939|1299|20473|215848
41327|174|399697|39967|399697
28917|6939|1299|211181
1299|34927|202532
38880|6939|1299|20473|47065|61574
8283|2914|20473|201423
47147|1299|174|32595|44324
50629|9002|12555|48430
28917|6939|1299|208905|13448
50629|20764|52091|206810|57164
3170|6939|28917|6789|201069|207979
577|1299|20473|399970
13237|1299|3356|28370|263963
327727|174|35598|52091|206810|211692|214268|196977
139317|44324|32595|174|32440|40189
5405|62255|52091|206810|48687
852|1299|34927|202532
48070|6939|28917|21453|35271
20205|1299|3223|41327
20205|174|204548|215728
8283|6762|16735|2716
148968|1299|8551|44709
29222|6939|215085|207682
39392|33891|264409|61832|266460|61625
1299|3257|21700|399914
8283|20764|52091|59815
62167|174|1299|198949|35676
44324|32595|174|329344
28917|6939|1299|9141|39869|59491
58308|6939|33891|61303
28917|6939|1299|208905|212616|215283
15605|6939|50989|50683
23367|1299|60068|197103|212080
12637|6939|28917
50673|174|399697|39967|399697
205112|12859|47065|61574
139317|44324|32595|174|53667|209864
271253|6453|174|11432|271150|272738
14907|1299|3257|19318|201813
12586|3257|174|20473|47065|61574
29222|6939|30893|9423
3399|5511|174|20473|47065|61574
1764|174|21700|399914
12779|6939|28370|268521
28917|6939|1299|58317|48448
28917|6204|44592|49581|209693
29222|6939|41720|58180
44324|7720|10111|1299|20473|47065|61574
28917|6939|1299|20473|401870
44324|32595|174|200584
28917|6939|263047|264389
49028|1299|6939|28370|264426
28917|6939|1299|23520|262191|273221
29222|6939|7018|11992|35892
204092|6939|2852|197451
20764|174|1299|20473|201423
32590|1299|3356|28370
215596|1299|6762|267470|263047
8283|6939|24796
50629|1299|6855|39904|47767
30781|1299|198949|35676
28917|6939|1299|31898|54253
553|62255|52091|206810|35273
58308|6939|1299|396993|15353
4455|33891|216067|44244
210312|4601|50869|215172
680|1299|198949|35676
58308|6939|42695|52011
8529|33891|216067|44244
51088|8455|1299|6855|39904|47767
55720|2914|1299|6855|39904|202605
50877|5405|14840|269288
174|3257|28917|215730|209693
553|13335|5408
50629|174|60068|216213|205884
49028|1299|6453|29208
6424|6939|25192|29067
49028|1299|6939|30893|205563
34927|1299|3257|20473|47065|61574
64475|6939|28370|268521
327782|37100|1299|198949|35676
34019|6939|28370|28657
28624|3356|1299|6855|39904|199604
8888|137409|174|20473|47065|61574
15605|35598|52091|206810|214210
6424|6939|28917|35539
12779|35598|52091|206810|197643
58308|6939|5405|215389
28917|6939|1299|3308|42789
271253|174|210329|215728
210312|4601|50869|6939|2852|210498
41327|174|210329|215728
4764|174|14840|269288
8283|2914|16164|36032
1280|2914|174|204548|215728
20514|1299|3356|28370|267556
28917|6939|6830|23520|64126|274168
29169|1299|20473|47065|61574
35600|35598|52091|206810|211692|31069
3741|33891|60068|211571
210312|4601|50869|58299|39910
44324|32595|174|37649
57111|174|7545|20473|47065|61574
52025|174|37468|61568|266460|61625
3399|5511|174|399697|39967|399697
34019|6939|42695|43101
46450|1299|174|204548|215728
12637|6939|25192|20701
41666|20764|52091
58057|6939|1299|20473|399970
196621|6939|28917|39238|49392|34567
58308|6939|1299|10158
28917|20764|52091|206810|35273
8888|137409|2914|1299|198949|35676
28917|6939|1299|14265
50629|6939|200303
34927|56655|1299|3356|8772|215536
204092|1680|20473|47065|61574
6424|6939|2852|199711
58057|1836|1299|20473|201423
209650|34927|1299|174|60068|205884
209|3356|1299|6855|39904
139317|44324|32595|174|199335
24785|6830|174|5538|8194|29345
7018|174|20723|2852|202874
8220|1299|174|37468|61568|266460|61625
6730|6830|174|28189|266931|269250|271150
45049|6696|1299|3920|206777
28917|6939|1299|35847
1764|174|204548|215728
28917|6939|1299|63199
58308|6939|6830|23520|64126|274168
3701|174|60068|205884
210312|4601|50869|52025|213982
6894|174|204548|215728
553|6939|30893|200690
20912|12637|8772|396416
6424|6939|28917|48610
28917|6939|1299|60068|51191
50300|174|216211|211575
13237|5405|61568|266460|61625
28917|6939|1299|203055
20514|1299|25091|8298|4601|4492
64475|29632|59682
12637|35598|52091|59815|25299
17639|174|204548|215728
64475|6939|16652
210312|4601|50869|6939|30893|199580
34019|20473|47065|61574
20205|1299|6461|394737
139317|44324|32595|174|54413
58308|6939|12735|208594
34854|1299|6855|39904
44393|394256|174|3257|20473|47065|61574
210312|4601|50869|34019
28634|4230|1299|29695|206557|204503
553|62255|52091|206810|34786|34789|34786
34927|1299|3491|216211|211575
7018|1299|60068|197103|212080
58308|6939|6830|23520|52468
174|3257|60068|206406|210557
58308|6939|1299|42303
5405|1299|60068|197103|212080
6830|6939|2852|201648
7018|6453|19318|209896
48362|1299|6762|16735|273514
58299|137409|63473|200790
40994|57463|41327|16004
4230|1299|29695|206557
7474|3257|174|8551|20473|47065|61574
48070|1299|20473|47065|61574
327727|174|3356|16735|273514
44324|32595|174|63436
31742|174|3130|47065|61574
58308|6939|1299|32097|33387
28917|6939|1299|21976
8220|6453|1299|29695|206557|205190
41666|12859|47065|61574
48070|6939|28917|43886
35008|1299|29695|206557|205190
28917|6939|1299|7632|131728
4601|50869|58299|35206
6453|174|21700|399914
207841|61049|2603|21320|5408|47065|61574
28917|6939|1299|23520|263238|271933
37271|3257|1299|20473|47065|61574
28917|6939|1299|52468|262234
136557|174|5459|200070
2152|3356|1299|6855|39904
35369|8218|21320|5408|47065|61574
28917|6939|6830|23520|64126|265721|273901
58308|6939|30893|13214
139317|44324|32595|174|204979
37105|37468|174|5538|8194|29345
3333|1257|1299|10490|2722|12148|47065|61574
6830|6939|393682
209650|34927|1299|37468|270551|263047
15576|174|52468|271150
199524|1299|3356|28370
28917|6939|1299|5617|62321
52075|8455|8283|47065|61574
44324|32595|174|400812
58308|6939|33924
59105|2518|33891|216067|44244
12969|1299|174|210329|215728
42473|1299|6762|49666|58224|214805
34019|6939|28370|267556
58308|6939|61618|267216
37497|3491|174|20473|47065|61574
174|37468|61568|266460|61625
3320|3491|5408|47065|61574
58308|6939|1299|60664
14537|174|10490|2722|12148|47065|61574
917|60068|174|3130|47065|61574
202365|50673|174|10490|2722|12148|47065|61574
58308|6939|15962|50881
12969|1299|5511|60068|206406|210557
29222|6939|3170|399275
28917|6939|268624
1403|577|1299|201814|209896
13030|1299|6453|4755|7768
28917|6939|1299|20473|199459
12859|3216|51032|41344|39707
513|29222|6939|35168|197556|206026
4601|50869|214329
34019|30781|1299|198949|35676
37239|22355|30844|21320|5408|47065|61574
15935|33891|44592|49581|209693
196621|6939|28370|263535
6424|137409|48011|25184|49801|204533
12637|1299|3920|206777
205112|50629|6461|210|47065|61574
50628|33891|44592|49581|209693
40994|57463|41327|62093
210312|4601|6939|28917|34784
49432|48362|1299|6453|29208
20612|9044|1299|8551|44709
7018|2914|20473|47065|61574
8283|6939|54429|401894
39122|1299|3356|16735|273514
1299|6424|44592|49581|209693
12859|1299|174|60068|205884
553|6939|2852|204772
2734|63270|1299|15164|62725
41327|6939|54429|401894
50304|1299|22773|8119
8529|1299|174|21700|399914
58308|6939|5405|147049
49028|1299|198949|35676
6696|1299|198949|35676
8220|6453|1299|29695|206557|204503
210312|4601|50869|34019|209523
34549|1299|6855|39904
58308|6939|1299|8926
58299|62255|52091|44660
28917|6939|1299|16880
6730|6830|3257|49666|205647|49801|204533
553|6939|42695|43101
139317|44324|32595|174|4261
34177|1299|3356|28370|263535|268030
28634|4230|1299|8551|44709
28917|6939|1299|23520|264821|274290
45352|1299|6855|39904
12307|29691|1299|6453|29208
34854|1299|174|204548|215728
12637|57463|14840|269288
28917|6939|1299|42615
6453|174|16276|203019
39122|1299|7545|20473|47065|61574
57111|41327|6461|7473|38001|25192
4764|1299|29695|206557|204503
28917|6939|1299|54082|263725|264773
327804|5713|3491|174|37468|61568|266460|61625
31742|1299|3216|51032|41344|39707
12779|174|10490|2722|12148|47065|61574
42541|3216|51032|41344|39707
44324|32595|174|12189|207134
6424|16276|203019
50673|174|11432|271150|272738
28917|6939|1299|17293
199524|1299|3356|28370|28657
49028|1299|6939|30893|200690
16347|1299|6453|4755|7768
328964|23764|1299|35598|52091|206810
28917|6939|1299|3223|196763
3130|174|3257|19318|201813
204092|6939|2852|199711
29075|12859|47065|61574
35008|1299|37468|270551|263047
398465|1299|8551|44709
6830|3491|209810|207187|202551
12637|6939|30893|205563
6730|6830|9002|12555|200624
917|60068|1299|20473|201423
28917|6939|1299|60068|400799
3399|174|201814|209896
6424|6762|1299|6855|50698
34927|52025|174|28189|266931|269250|271150
25152|2914|174|399697|39967|399697
328512|5713|174|3130|47065|61574
28917|6939|1299|23520|263238|52274
3170|7195|11432|271150
58308|6939|6424|49941
6830|174|21700|399914
199524|37100|1299|6855|39904|202605
40994|174|34927|202827
58299|206813|9136|1299|20473|206946
46450|1299|12859|47065|61574
4601|50869|213768|214161
44324|32595|174|30567
3170|6939|28917|21453
20612|9044|1299|174|204548|215728
55222|1299|23764|35168|212999
28624|61568|174|210|47065|61574
210312|4601|50869|56381|208814
44324|32595|174|21433
23367|1299|174|1916|47065|61574
559|33891|216067|44244
28917|6939|1299|29636
58057|34549|1299|198949|35676
20080|2914|1299|6855|39904|47767
48070|6939|30893|199580
28917|6939|1299|62240
28917|6939|1299|54509
35600|9002|917|214598
64475|6939|2852|210498
28917|6939|1299|5518
139317|44324|32595|174|53667|210025
28634|4230|1299|6855|39904|47767
49788|1299|3356|28370|268198
34177|1299|6762|49666|58224|214805
58308|6939|1299|835|52025|50224
139317|44324|32595|174|36792
28917|6939|1299|23118
20764|174|2914|20473|47065|61574
49788|1299|3356|16735|2716
41666|20764|52091|206810|5598
21700|174|3356|28370|28657
6720|1764|174|140227|44324|205369
58308|6939|29222|41495|206202
4601|50869|34019|208627
3170|6939|2852|48091
6424|6939|28917|12668
44324|32595|174|272102|273011
11039|6461|1299|56630|209944
63927|1299|6855|39904
14907|1299|35598|52091|206810
35280|1299|6855|39904|199604
37100|1299|198949|35676
29222|1299|8551|44709
61049|52025|212895|210320
41327|56630|209944
45352|174|3257|60068|206406|210557
48185|1299|6855|39904|202605
1280|1299|174|20473|47065|61574
28917|6939|1299|30600|3801
12779|8551|20473|47065|61574
47160|6939|24796
35266|1299|6855|39904
28917|6939|7018|30382
8758|15576|174|52468|271150
58308|6939|1299|39208
32590|37100|174|140227|44324|205369
24516|3491|1299|34927|202532
28917|6939|1299|401026
28917|6939|1299|6855|12344
204092|34019|14840|269288
151326|174|14840|2716
262427|174|399697|39967|399697
9268|4764|1299|3216|51032|41344|39707
20253|1299|6855|50698
58308|6939|50533
398465|1299|6453|1031|61568|266460|61625
58299|3216|51032|41344|39707
213151|41051|50263|201814|209896
11845|30844|174|201814|209896
58308|6939|1299|14593
12637|35598|52091|206810|57164
35369|5405|47065|61574
7018|6939|60432
971|174|20723|2852|202874
29222|1299|6855|39904
21232|13030|1299|12956|212721
28917|6939|199081
210312|4601|50869|34019|211868
34854|1299|6762|49666|58224|214805
199938|1299|60068|216213|205884
58308|6939|199081|209847
28917|6461|23352|20473|47065|61574
6453|1299|16276|203019
58308|6939|1299|14080|26611
58308|6939|1299|41564
36924|1299|34927|202532
29222|6939|2852|204772
19151|174|201814|209896
58308|6939|6830|23520|265561|270173|63293
8283|2914|37468|60068|216213|205884
29680|3257|1299|20473|201423
51185|6762|1299|6855|39904|202605
8529|1299|20473|47065|61574
50673|33891|216067|44244
28917|6939|1299|3308
29479|50304|1299|3223|41327
210312|4601|50869|34019|212783
20932|1299|17676|216211|44324|205369
1031|999|6453|1299|20473|47065|61574
50629|12859|47065|61574
1257|1299|3920|206777
48070|1299|35598|52091|206810
31742|1299|3356|28370|267608
49788|1299|10490|2722|12148|47065|61574
51088|3257|5405|8943|200636
7018|6939|28370|267608
4601|8298|25091|6453|174|3130|47065|61574
29222|6939|25400
20253|1299|3356|8119
50628|1299|3491|216211|211575
202365|50673|174|140227|44324|205369
1299|5511|49666|58224|214805
139317|44324|32595|174|399646|40776
39392|33891|21320|5408|47065|61574
28917|6939|1299|3301|199902
58308|6939|1299|25148
28917|6939|1299|8560
24516|174|14840|2716
58299|61568|266460|61625
15623|6830|34927|202827
198249|9002|197068
205206|1299|3356|28370
28917|6939|1299|23520|46650|20940
61218|6939|1299|201814|209896
12859|35598|52091|206810
29691|1299|198949|35676
8220|1299|29695|206557|204503
29222|6939|42184
32590|37100|1299|198949|35676
58308|6939|1299|31898|54253
29222|6939|9136|208395
41051|58299|61568|266460|61625
13030|1299|34927|202532
210312|4601|50869|44324|198304
559|6939|16652
32590|4637|3257|1299|3920|206777
44324|32595|174|8926
28917|6939|1299|265583
58308|6939|1299|396253
24516|174|5459|200070
34019|47160|174|52468|271150
15605|35598|52091|206810|211692|214268|196977
58308|6939|6830|203446|214279
28917|6939|1299|20473|400181
199524|37100|1299|6855|39904
16552|1299|174|37468|61568|266460|61625
3356|174|52468|271150
58308|6939|56595|205885
58308|6939|25400|50270
328964|23764|1299|20473|47065|61574
51519|39351|174|12956|212721
1267|1299|8551|44709
15605|35598|52091|206810|12773|57005
28917|6939|1299|3301
21412|174|210329|215728
3399|174|37468|270551|263047
553|8551|20473|47065|61574
15605|35598|52091|206810|202279|213203
204092|6939|2852|212876
174|2914|20473|201423
11845|37468|1299|6855|39904
45049|6696|1299|37468|53062|266493|61625
5713|174|201814|209896
28917|6939|1299|32787|20940
24482|2914|1299|20473|47065|61574
6453|1299|42303|51701|30893
58308|6939|6830|23520|262191|273926
58308|6939|8899|42652|3573
5405|62255|62379
41327|6939|2852|201648
401753|34872|8283|47065|61574
3130|174|13786|28343|2716
48070|13335|5408
28917|6939|1299|20473|142561
57111|174|60068|197103|212080
37497|3491|1299|20473|47065|61574
139317|44324|32595|174|42313|216325
58057|174|32595|44324
32097|25091|8298|4601|4492
58308|6939|1299|14754
35600|6939|28917|48084|59833
8220|1299|6453|4755|7768
139317|44324|32595|174|208905
58057|1836|174|52468|271150
29479|50304|1299|6855|39904|199604
6453|174|210|47065|61574
58308|6939|1299|399077
28917|6939|1299|54082|263725|272916
29680|3257|1299|20473|399970
52075|33891|60068|211571
12637|6939|2852|204772
136557|174|3356|8772|215536
51519|39351|1299|8551|44709
28917|6939|1299|17676|4725|17509
28917|3257|1299|20473|201423
28917|6939|1299|20473|206885
29222|6939|48678|44547
57866|1299|201814|209896
31510|174|2914|226|47065|61574
8283|2914|20473|399970
56655|1299|17676|216211|44324|205369
210312|4601|50869|41051|216339
207841|6939|28917|43714
49028|1299|6939|215172|214955
6730|6830|174|52468|262393
207841|6939|30893|9423
58308|6939|28917|12668|51883
25369|174|52468|271150
28917|6939|50989|33837
16347|1299|6762|16735|273514
210312|4601|50869|6939|28370|267608
28917|6461|210|47065|61574
6908|1299|3920|206777
29222|6939|29208|205400
8283|6939|50989|48116
40994|6939|28370|270962
4601|6939|28917|21453|35271
58308|6939|1299|9141|39869|59491
34800|58057|50673|174|28189|266931|271615|273522|271150
328840|327727|174|6453|4755|7768
6762|174|21700|399914
4601|50869|6939|29222|207688
4181|1299|198949|35676
210312|4601|50869|199310|210352
6423|20055|1299|6855|39904
58308|6939|1299|1759|51188|3274
12637|1299|10490|2722|12148|47065|61574
4601|50869|6939|28370|263535
58308|6939|7018|64230
6830|3356|28370|269016
64475|32787|202161
44324|32595|174|28929
59414|13030|1299|20473|47065|61574
8220|3491|174|35598|52091|206810
139317|44324|32595|174|397735
15605|35598|52091|206810|34786|34789|34786
34019|3303|174|52468|262393
29222|6939|40994|203997
44324|32595|174|51847|215269
553|9002|12555
6453|1299|1680|20473|47065|61574
40994|6939|28370
58308|6939|6830|23520|27717
1836|1299|198949|35676
35008|1299|3356|8119
58308|6939|1299|48851
20612|9044|174|210|47065|61574
35280|6453|1299|198949|35676
6423|20055|1299|6855|39904|199604
34927|1299|3356|28370|263535
29222|6939|7018|32673
198385|174|22381|267470|263047
1140|24785|1299|8551|20473|47065|61574
12637|35598|52091|206810|35273
25152|2914|1299|35598|52091|206810
207841|37468|52468|262393
12350|34177|174|210329|215728
47692|3356|1299|20473|47065|61574
28917|6939|3170|399275
44324|32595|174
12389|174|3130|47065|61574
16552|6453|174|60068|216213|205884
28917|6939|262365|263433|268967
46450|1299|22773|8119
34927|1299|8943|200636
28917|6939|29670|213997
47692|33891|8551|44709
136557|174|60068|197103|212080
50877|5405|6939|28370
58308|35598|52091|206810|214210
196621|6939|2852|197277
139317|44324|32595|174|16637|36974
174|138997|216211|44324|205369
49788|174|20473|47065|61574
49028|31564|174|35665|200906
58308|6939|5405|212895
7018|6939|50989|50683
20764|174|1299|3920|206777
6908|1299|6855|39904|47767
22652|174|11432|271150
44324|32595|174|267784
513|174|210329|215728
204092|6939|200303
215596|1299|3356|28370|264426
40994|6939|28917|6789
41327|6939|28370|28657
5413|1299|56630|209944
210937|1299|201814|209896
44324|32595|174|397601
8218|6461|1299|20473|201423
28917|6939|1299|263821
58299|62255|52091|206810|202279
28917|6939|64475
23367|1299|3356|8772|215536
15547|174|3257|19318|201813
28917|6939|1299|46475
16552|1299|60068|211571
1299|6762|267470|263047
3130|174|21320|5408|50148
28917|6939|1299|39290
553|1299|3356|28370|268198
58308|6939|28917|198297|51081
196621|15576|8220|1299|174|37468|61568|266460|61625
34927|52025|174|3356|28370|28657
44324|32595|174|140577
205206|1299|6762|16735|273514
5405|14840|2716
20514|1299|23764|35168|212999
35600|6939|200070
58299|174|60068|205884
3320|1299|22773|8119
2914|3257|28917|215730|209693
58308|35598|52091|59815
6720|1764|174|52468|262393
3130|174|2914|20473|47065|61574
4601|50869|6939|207995
199524|1299|6453|4755|7768
20130|23352|2914|1299|1680|20473|47065|61574
4764|1299|5511|49666|58224|214805
41327|6461|6424|44592|49581|209693
58308|6939|7018|22056
62000|215551|30893|13214|35634
47160|174|60068|197103|212080
209650|34927|1299|6453|4755|7768
14315|6453|1299|34927|202532
49432|48362|1299|3356|28370|263060
30600|1299|6855|39904
139317|44324|32595|174|394855
327960|327782|5511|174|8551|20473|47065|61574
2152|3356|1299|201814|209896
37497|174|204548|215728
8220|3491|1299|3920|206777
41327|174|60068|197103|212080
12637|47065|61574
174|60068|205884
8283|3491|209810|207187|205345
5405|1299|198949|35676
210312|4601|50869|6939|2852|199711
139317|44324|32595|174|63436
58308|6939|28917|47759
15605|35598|52091|206810
20932|1299|7545|20473|47065|61574
28917|6939|1299|60068|197103|396043
210937|1299|3356|8119
37053|37100|174|3130|47065|61574
52873|12956|1299|6855|39904|202605
49788|1299|16276|203019
1828|18779|174|210329|215728
42541|8551|44709
213151|41051|58299|33891|216067|44244
28917|6939|7018|21433
327727|174|34927|202827
23367|1299|174|21320|5408|50148
210312|4601|50869|44324|211729
42541|62255|52091|206810|5598
29222|6939|61618|268492
3130|174|37468|61568|266460|61625
553|62255|52091|206810|34786
52025|137409|48011|25184|49801|204533
20080|2914|1299|10490|2722|12148|47065|61574
15605|6939|215172|214955
57381|50304|1299|20473|399970
34927|1299|8551|20473|47065|61574
3356|1299|34927|202532
28917|6939|1299|23520|14638
58308|6939|1299|21777
45049|6696|1299|1680|20473|47065|61574
1273|1299|20473|201423
3170|34927|202532
6730|6830|3356|28370|269016
28917|6939|1299|62904
36924|1299|12859|47065|61574
199524|37100|1299|6855|39904|47767
7018|6939|2852|200874
139317|44324|32595|174|201902
44324|32595|174|22360
28917|6939|1299|211826
139317|44324|32595|174|14522
7660|2516|174|21700|399914
17639|9304|33891|216067|44244
28917|12859|47065|61574
47147|3320|1299|20473|47065|61574
34854|1299|60068|197103|212080
20130|23352|2914|1299|20473|47065|61574
4601|50869|6939|54429
553|7195|28189|266931|269250|271150
28917|6939|1299|23520|265592
44324|32595|174|41427|209847|26383
139317|44324|32595|174|42313|207502
58299|62255|52091|206810|24881
12779|35598|52091
37053|37100|33891|216067|44244
196621|15576|174|216211|211575
2497|174|22381|267470|263047
34288|1299|20473|201423
49028|6830|60068|216213|205884
6424|6939|28370
58308|6939|7018|396169
210312|4601|50869|52025|208915
8218|6461|174|5538|8194|29345
44324|7720|10111|1299|12859|47065|61574
19653|30600|174|20473|47065|61574
34800|58057|50673|174|60068|211571
29075|1299|3356|28370|267608
12859|1299|5511|60068|206406|210557
20514|1299|37468|270551|263047
20253|1299|3356|28370|268198
48185|1299|174|3130|47065|61574
58299|6204|208972|210538|6775|13030|4637|133398
58308|6939|28917|44056|57629
204092|6939|28917|21453|201646
513|29222|6939|268944
44324|32595|174|17451
58308|35598|52091|206810|208435
174|5511|60068|206406|210557
48185|1299|60068|216213|205884
20253|1299|198949|35676
210312|4601|50869|211024
49432|48362|1299|198949|35676
199524|174|60068|205884
60326|34927|1299|20473|201423
139317|44324|32595|174|272102|273011
20205|1299|3356|16735|2716
28917|6939|205479
213241|9002|1299|8551|20473|47065|61574
44324|32595|174|27951
6830|9002|12555|200624
28917|6939|3170|203363|212085
2516|174|21700|399914
40994|6939|30893|199580
6830|3356|28370|263060
7660|2516|6939|1299|20473|399970
328964|37468|174|5538|8194|29345
28917|6939|1299|23520|264821|272807
48362|1299|20473|399970
12637|6939|2852|199711
50629|6939|393682
34800|58057|50673|174|52468|262393
12350|1299|6855|39904|202605
140627|1299|6855|39904|202605
28917|6939|1299|52468|274063
60068|33891|917|214598
40994|6939|28370|267608
139317|44324|32595|174|19382
196621|6939|59970
28917|6939|1299|32798|16716
7474|3257|174|1916|47065|61574
328840|327727|174|3356|3223|34224|12735
6082|2914|1299|6855|39904|202605
16347|1299|6855|39904|199604
1267|1299|174|204548|215728
205206|33891|19318|201813
5713|174|22381|267470|263047|264389
41811|1273|1299|8551|44709
28917|6939|1299|400513
37497|174|210329|215728
6057|174|21700|399914
210312|4601|50869|44324|199018
29222|6939|42184|210035
139317|44324|32595|174|18988|54904
28917|6939|1299|60068|197103|268918
971|174|52468|262393
49028|1299|3356|28370|263535
553|6939|2852
553|6939|207995
29222|6939|6424
28917|6939|1299|32097|22295|205563
17350|3356|1299|34927|202532
6762|174|210|47065|61574
58308|6939|5405|47583
20205|1299|2914|226|47065|61574
8220|6453|2914|12859|47065|61574
12779|14840|269288
6453|1299|60068|216213|205884
37100|33891|216067|44244
139317|44324|32595|174|29802
34927|1299|37468|53062|266493|61625
58308|6939|1299|46887|400164
29222|6939|40994|215472
9044|1299|3257|20473|47065|61574
28917|6939|1299|15830
24516|174|3257|21034
3741|174|22381|267470|263047
15935|33891|216067|44244
29222|6939|208453|213998
47147|1299|20473|47065|61574
210312|4601|6939|28917|206011
29222|6939|50629|207160|207510
263152|174|2914|20473|47065|61574
327983|37497|3491|1299|198949|35676
35008|1299|6461|210|47065|61574
8283|6939|58308
49544|1299|60068|216213|205884
37721|174|37468|61568|266460|61625
8455|1299|8551|20473|47065|61574
42541|62255|52091|206810|39089
559|35598|52091|206810|59867
271253|174|204548|215728
3170|6939|28917|198297|51081
17660|6453|174|201814|209896
47147|3320|1299|12859|47065|61574
58308|6939|273556
31742|174|60068|216213|205884
48070|6939|54429
22652|1299|7195|28343|2716
9268|4764|174|22381|267470|263047
12779|6939|39790
35598|1299|3223|41327
28917|6939|7018|3573
206499|34549|1299|6855|39904|202605
58308|6939|1299|36352|399275
58308|6939|7018|11992|35892
62167|174|1916|47065|61574
28917|6939|7018|11992|399599
35600|6939|28370|264426
559|16276|203019
49028|1299|3920|206777
174|1299|3920|206777
15935|174|22381|267470|263047
174|3257|22773|8119
47147|1299|6939|28370|268521
266213|3356|1299|6855|39904
6423|20055|1299|21351|60132
58308|6939|1299|36352|40092
28917|6939|1299|23520
16347|1299|6453|1031|61568|266460|61625
4601|50869|59645|216355
139317|44324|32595|174|30103
51873|6830|174|210|47065|61574
64475|62255|52091|59815|25299
58308|6939|1299|33932
58308|6939|33891|206231
174|3491|20473|399970
12969|1299|6762|49666|58224|214805
49028|1299|37468|53062|266493|61625
262427|174|60068|211571
5511|174|5538|8194|29345
6730|2603|21320|5408|47065|61574
49544|3356|174|52468|271150
6424|47065|61574
139317|44324|32595|174|57974|198963
207841|6939|28370
34927|52025|32097|20473|399970
28917|6939|1299|3301|209041
58308|6939|1299|39029
35008|1299|2914|226|47065|61574
559|6939|28370|264426
6908|2914|12859|47065|61574
210937|1299|6453|19318|209896
4601|50869|41051|200372
20205|1299|29695|206557
6830|3356|16735|273514
207841|6939|29222
58308|6939|33891|20940
5405|6939|28370|263535
49432|48362|1299|3356|28370|267556
44324|32595|174|210|47065|61574
20514|1299|60068|211571
210312|4601|6939|28917|198297|51081
7594|3356|1299|198949|35676
271253|6453|174|21320|5408|47065|61574
35266|1299|3216|51032|41344|39707
6830|5511|49666|58224|214805
210937|6830|2914|20473|47065|61574
29222|6939|29670|207510
12586|3257|174|1916|47065|61574
210312|4601|50869|6939|59970
3170|6939|28370|269016
553|6939|42695|52011
64475|6939|30893|199580
34927|56655|1299|7195|28189|266931|269250|271150
42541|56630|209944
12859|29632|215536
199524|174|3491|20473|399970
210312|4601|6939|28917|48084|199961
52025|1299|8551|44709
28917|6939|1299|27563|26793
49788|1299|3920|206777
6830|3257|19318|201813
28917|6939|1299|23520|263703|272951
3170|6939|28917|44812
32590|12956|174|210|47065|61574
34927|1299|6855|39904
3170|174|56630|209944
41666|1031|61568|266460|61625
58308|6939|7018|397799
202365|50673|174|3356|28370|28657
9268|4764|1299|3257|60068|206406|210557
28917|6939|1299|44180
34927|1299|3356|28370|268521
15623|1299|20473|47065|61574
8283|6939|28370|267608
46450|1299|20473|47065|61574
19653|3356|21320|5408|47065|61574
4775|6453|174|399697|39967|399697
61568|174|210|47065|61574
28917|6939|1299|20473|148971
28917|6939|1299|20473|211024
58308|6939|50989|50683
6082|174|21320|5408|50148
207841|6939|2852|204772
12956|174|28189|266931|271615|273522|271150
20253|1299|8943|200636
327804|37271|174|60068|205884
8283|6939|29222|207688
8218|6461|174|60068|197103|212080
37271|174|14840|269288
44324|32595|174|19453
263237|174|3356|1680|44709
47147|1299|174|21700|399914
2497|1299|201814|209896
13237|1299|3356|28370|269016
28917|6939|1299|44656
196621|6939|200070
48919|174|37468|53062|266493|61625
58308|6939|1299|3920
58308|6939|1299|3301|43645
61049|174|22381|267470|263047|264389
49788|1299|6762|16735|273514
28917|6939|1299|21559|271945
207841|34927|202532
553|1299|3356|28370|267608
50628|1299|6762|267470|263047
44324|32595|174|24992
49028|1299|3356|28370|263963
577|174|37468|61568|266460|61625
215596|62000|215551|30893
35280|6453|1299|34927|202532
42541|30844|21351|60132
28917|20764|52091|206810|202279
398465|1299|6461|394737
44324|32595|174|207234
8426|3257|1299|20473|201423
58308|59689|29075|174|140227|44324|205369
20253|1299|20473|201423
48070|4657|38001|25192
58308|6939|42695
48070|1299|6762|16735|273514
20205|174|14840|269288
47160|6461|174|37468|61568|266460|61625
48070|1299|174|1916|47065|61574
20764|174|138997|216211|44324|205369
7594|174|14840|269288
48070|6939|196610
28917|6939|1299|8781
209650|34927|1299|174|60068|216213|205884
206356|50629|174|140227|44324|205369
8283|2914|28283|268744|2716
20205|1299|7545|20473|47065|61574
28917|6939|1299|14080|269902
58308|6939|215085|207682
44324|32595|174|398343
263237|174|1299|3920|206777
25152|2914|174|37468|61568|266460|61625
58308|6939|6830|33915|58083
37239|37468|174|6762|49666|58224|214805
52320|1299|20473|201423
20932|1299|60068|216213|205884
5713|174|210329|215728
1764|1299|174|37468|61568|266460|61625
4764|1299|21351|60132
58299|174|216211|211575
50763|8943|33891|216067|44244
2027|47160|6939|28370|264426
12637|6939|42695|43101
139317|44324|32595|174|400810
3356|174|16276|203019
50304|1299|7545|20473|47065|61574
58308|6939|5405|48031|136258
4181|1299|56630|209944
14907|1299|6855|39904|199604
28917|6939|1299|60068|400519
44324|32595|174|43766
34854|1299|7545|20473|47065|61574
12779|62255|52091|206810|211692|214268
21232|15576|35598|52091|206810|35273
58299|29632|59682
36924|1299|174|21320|5408|50148
28917|6939|1299|23520|263703|271855
209650|34927|1299|60068|216213|205884
4601|6939|28917|28775
3701|174|34927|202827
12637|6939|28917|6789|200702
215596|1299|3920|206777
58057|34549|1299|10490|2722|12148|47065|61574
35266|1299|3920|206777
23764|3356|174|20473|47065|61574
60144|1299|174|37468|61568|266460|61625
37662|174|52468|262393
553|48284|8220|1299|20115|22677|208527
3333|1257|174|204548|215728
6830|174|32595|44324
40994|6939|30893|13214
57381|50304|1299|6855|39904|205968
48185|1299|6461|210|47065|61574
4764|1299|6461|394737
28917|6939|1299|45102
28917|6939|3170|212683
328964|37468|174|201814|209896
139317|44324|32595|174|50881
513|21320|33891|216067|44244
34288|1299|2914|226|47065|61574
58057|174|11432|271150
41327|174|60068|205884
58299|62255|52091|206810|211692|31069
15576|174|216211|211575
28917|6939|15935|197451|202872
213151|34549|174|1916|47065|61574
8220|1299|6855|39904|202605
210312|4601|50869|213423
139317|44324|32595|174|399544
917|60068|33891|216067|44244
28917|6939|31263
58308|6939|1299|50304
917|60068|174|11432|271150
137409|6461|1299|3920|206777
139317|44324|32595|174|59402
136557|174|21700|399914
37468|1299|20473|47065|61574
29222|6939|8943|43915
398465|3320|1299|20473|201423
28917|6939|1299|212765|211309
28917|6939|1299|23520|262191|262245
174|6453|29208
15935|174|201814|209896
398465|1299|6855|50698
8426|33891|216067|44244
58308|6939|6830|23520|267713
58057|34549|1299|56630|209944
34927|1299|3356|16735|2716
36924|1299|174|37468|61568|266460|61625
19653|30600|174|210329|215728
29222|6939|41720
58308|6939|1299|19679
41722|12389|1299|60068|197103|212080
42473|1299|3356|28370|264426
32590|6453|2914|12859|47065|61574
20253|1299|3356|28370|28657
6424|6939|25192|20701
35600|6939|28370|268521
49544|3356|174|210329|215728
28917|8359|57304|203786
35600|6939|207995
28917|6939|1299|23520|264847|64150|20940
44324|32595|174|398343|400509
58308|6939|7018|3423
50877|6762|174|3130|47065|61574
4601|6939|28917|47759
6424|174|216211|44324|205369
3356|1299|60068|197103|212080
207841|6939|28917|28775
210312|4601|50869|6939|2852|198500
1299|3356|1680|44709
6830|3257|204548|215728
15623|1299|60068|197103|212080
58308|6939|8899|42652|213928
553|62255|52091|206810|211101
6830|1299|6855|39904|202605
50304|1299|3356|16735|273514
15605|35598|52091|206810|211692|31069
34800|58057|50673|174|1299|20473|399970
6696|1299|6855|39904|205968
6730|6830|174|60068|216213|205884
35600|30781|1299|8551|44709
44324|32595|174|35598|48108|208626
44324|32595|174|14522
6830|3356|28370|263535
28917|6939|1299|262206|52262
31122|8455|8283|47065|61574
58308|6939|1299|52468|23031|23246
559|6939|60432
44324|32595|174|27747
58308|6939|3170|205479
49028|1299|20473|201423
6461|174|52468|271150
51873|6830|3356|8551|44709
39122|1299|3356|28370|263535|268030
174|6453|4755|7768
40994|57463|41327|208376
64475|62255|52091|206810|34786|41875
50304|1299|3356|1680|44709
20205|174|1916|47065|61574
37721|174|210329|215728
35600|39801|199881
6777|47065|61574
47147|3320|1299|60068|197103|212080
6730|6830|174|140227|44324|205369
139317|44324|32595|174|401486|214183|40662
50304|1299|174|3130|47065|61574
50628|6453|174|1916|47065|61574
140627|1299|3356|28370
210312|4601|6939|28917|47438
31742|1299|10490|2722|12148|47065|61574
58299|62255|52091|206810|39558
6461|174|201814|209896
14537|13786|174|10490|2722|12148|47065|61574
6057|174|32595|44324
17639|1299|3257|20473|47065|61574
29222|6939|32097|33387
32590|1299|12859|47065|61574
15576|174|60068|216213|205884
513|174|28189|266931|269250|271150
29075|1299|3356|28370|268521
210312|4601|6939|28917|39238|51408
9044|1299|56630|209944
36924|1299|3216|51032|41344|39707
1299|3356|28370|269016
58308|6939|1299|21738|200242
12637|8772|215536
2914|174|210|47065|61574
25220|3356|174|3130|47065|61574
34019|9498|20473|47065|61574
12637|1299|20473|201423
58308|6939|7018|397568
58308|6939|28917|206011
917|60068|174|210329|215728
4601|50869|57777
2734|64200|7018|1299|25540
58308|6939|35133|200223
28917|6939|1299|13335
34854|1299|6762|16735|2716
198385|174|3257|60068|206406|210557
14537|8455|8283|47065|61574
30600|1299|22773|8119
44324|32595|174|12337
35280|6453|1299|3920|206777
32590|12956|174|210329|215728
210312|4601|37271|20473|47065|61574
50629|34927|202532
20205|1299|3257|20473|47065|61574
6424|37468|52468|271150
58308|6939|50629|207252|205563
28917|6939|1299|60068|216213|215568
553|62255|52091|206810|214721|204108
36924|1299|3356|28370|263535|268030
7474|3257|174|210|47065|61574
44324|32595|174|18678|273114
553|1299|6204|44592|49581|209693
48185|1299|174|20473|47065|61574
58308|6939|1299|18678|262589|272937
205206|1299|7195|11432|271150|272738
4777|2497|1299|20473|201423
58308|35598|52091|206810|57164
199938|1299|198949|35676
28634|4230|1299|6855|39904
207841|6939|29222|513|20940
58308|6939|3170|57782
49544|1299|3920|206777
1267|1299|6453|19318|201813
40994|3257|33891|216067|44244
7018|6939|196610
3320|1299|29695|206557|208835
6057|174|399697|39967|399697
58057|50673|8283|47065|61574
513|174|5538|8194|29345
45352|1299|8551|44709
4181|1299|25091|8298|4601|4492
132825|174|3356|1680|44709
39351|174|138997|216211|44324|205369
6830|6453|8551|44709
6730|6830|1299|3920|206777
57381|50304|8455|8283|47065|61574
210312|4601|50869|44324|216299
34927|28917|215730|209693
15562|2914|1299|6939|24796|63293
139317|44324|32595|174|16437
41666|20764|29049|49666|205647|49801|204533
37497|3491|1299|34927|202532
202297|23764|35168|212999
34288|1299|6762|49666|58224|214805
29222|6939|6424|203020
39122|1299|3356|16735|2716
24516|174|14840|269288
59414|6830|174|52468|271150
58057|50673|174|6461|394737
58299|266493|61625
206499|34549|1299|6855|39904
28917|6939|1299|262206|23243|26617|269964
32590|1299|201814|209896
28917|6939|1299|20473|53841
39122|1299|20473|399970
4601|50869|52025|57851
28917|6939|1299|56911
210937|1299|2914|226|47065|61574
28917|14840|2716
58057|174|7545|20473|47065|61574
199938|1299|3356|28370|264426
32590|1299|56630|209944
5413|1299|1680|20473|47065|61574
140627|1299|3257|60068|206406|210557
57866|28917|215730|209693
29222|6939|3170|214199
199524|1299|25091|8298|4601|4492
42473|1299|4230|2716
58308|6939|7018|7764
48070|6939|30893|204789
44324|32595|174|11172|273278
41666|20764|52091|206810|12773|44884
55222|174|14840|269288
28917|6939|1299|20473|50827
42541|62255|52091|206810|197643
29222|6939|47674
199524|47311|150249|212001|200160
139317|44324|32595|174|47936
205206|1299|3356|28370|268198
49544|2914|174|210329|215728
553|6939|29222|41495
34549|174|22381|267470|263047
50629|49434|212815|52053
48070|1299|20473|399970
35369|1764|1299|174|37468|61568|266460|61625
40994|6939|54429
8280|6762|174|37468|61568|266460|61625
58057|50673|174|1916|47065|61574
20514|1299|6855|39904|199604
13237|1299|6453|29208
55720|2914|1299|8551|44709
29075|1299|3356|28370|264426
64475|62255|52091|206810|211692|214268
28917|6939|7018|3423
139317|44324|32595|174|33480
32653|3741|174|14840|269288
15547|8220|1299|3920|206777
28917|6939|1299|26073
553|62255|52091|206810|50204
20612|8758|15576|174|52468|271150
58308|6939|9136|208395
14537|13786|174|210329|215728
8529|1299|12859|47065|61574
2497|1299|23764|35168|212999
15562|2914|1299|198949|35676
28917|6939|1299|3301|212632
174|3356|8772|215536
28917|6939|1299|3223
44324|32595|174|18001
42541|7195|11432|271150|272738
6830|6939|2852|210498
58308|6939|39791|49101
59891|13030|21320|5408|47065|61574
48919|174|210|47065|61574
4601|6939|28917|201119
37100|1299|8551|44709
29222|6939|12735|14789
5405|6939|2852|213152
39122|1299|198949|35676
44324|32595|174|30317
28917|6939|25400
12637|35598|52091|206810|196638
1764|174|52468|271150
48070|6939|28917|6789|201069|207979
28917|6939|1299|25575
29222|6939|2852|213152
58299|21320|5408|50148
58308|6939|7018|4196
12350|34177|33891|60068|211571
29140|174|3130|47065|61574
29504|39392|174|20473|47065|61574
12350|1299|8551|44709
34927|9002|1299|198949|35676
28917|6939|1299|23520|46650
28917|8359|57304|35168|197556|206026
13830|971|174|35598|52091
553|9002|206119|3257|174|214941|208185
205206|1299|37468|52468|271150
58308|6939|7018
6424|6939|28917|39134|39561|197695
196621|6939|28917|198297
8455|1299|6855|50698
44324|32595|174|47787|203020
4777|2497|2914|174|20473|47065|61574
9002|1299|1680|20473|47065|61574
209823|25091|1299|198949|35676
553|6939|50989
29222|6939|15935|200844
553|1299|201814|209896
199938|1299|3257|20473|47065|61574
53828|2914|174|20723|2852|202874
28917|6939|1299|20473|140938
1836|174|210329|215728
37100|1299|10490|2722|12148|47065|61574
58308|6939|1299|26073|205479
16552|1299|12956|212721
58057|1836|1299|12859|47065|61574
7594|174|140227|44324|205369
202365|50673|174|3257|60068|206406|210557
327960|327782|37100|174|5538|8194|29345
58308|6939|6830|23520|11139|397382
28917|6939|1299|63473
6424|7195|28343|2716
6424|9304|136237|174|137995
205206|2603|21320|5408|47065|61574
15623|174|60068|205884
205206|1299|3356|28370|263060
37739|3491|5408|47065|61574
49432|48362|1299|174|204548|215728
28917|6939|41720|47152|208753
25369|174|399697|39967|399697
17639|1299|8551|44709
4601|50869|34019|201281
553|33891|216067|44244
14907|1299|33891|216067|44244
2497|1299|8551|20473|47065|61574
28917|6939|1299|20473|208914
36924|1299|3356|28370|53079
3399|2603|21320|5408|47065|61574
207841|7195|28260|270548|52794|52659
8283|13335|400095
139317|44324|32595|174|51847|151338
28917|6939|6830|23520|263238|274004
5413|1299|56504|47674
16347|3356|174|399697|39967|399697
6730|6830|3356|28370|263535|268030
34872|24961|21320|5408|47065|61574
16347|1299|3257|204548|215728
6424|6939|28917|43886
8218|6461|1299|8551|44709
59891|13030|1299|6453|4755|7768
39392|33891|17676|216211|44324|205369
32590|33891|60068|211571
559|8551|44709
327727|174|12956|212721
50304|33891|216067|44244
2734|16735|273514
44324|32595|174|206312
6424|268746|61625
47147|1299|5511|60068|206406|210557
14630|2914|1299|198949|35676
3170|174|1299|3920|206777
513|174|56630|209944
28917|6939|1299|11664|264733
52025|212895|210320
44324|32595|174|40727
204092|34019|35598|52091|206810
139317|44324|32595|174|21826
210312|4601|50869|6939|29222|204957
28917|6939|1299|3223|58744
52873|12956|1299|8551|44709
58308|6939|1299|20473|25820
35598|174|60068|211571
139317|44324|32595|174|214043
34549|174|399697|39967|399697
48070|6939|33924
29222|58115|209042
3170|1828|13789|30372|3356|174|393216
271253|174|3257|21034
34019|6939|2852|201648
5413|1299|4230|2716
28917|6939|1299|20473|212279|212425
207841|6939|28917|39238
12637|174|20473|47065|61574
12969|1299|3356|28370|53079
20612|9044|1299|174|210329|215728
28917|6939|7018|7287|13965
34927|56655|1299|37468|52468|271150
8283|6939|15372
28917|20764|52091
28917|6939|1299|395403
29680|3257|1299|12859|47065|61574
44324|32595|174|396101
5405|6939|25192|29067
64475|29632|215536
6424|6939|30893|13214
34288|1299|6762|267470|263047
199938|1299|37468|53062|266493|61625
4777|2497|174|35598|52091|206810
29222|6939|47160
8283|7195|20473|47065|61574
139317|44324|32595|174|59895
13237|5405|266493|61625
40387|1299|6453|19318|209896
44324|32595|174|9457|138199
48070|34927|202532
29222|6939|7018|62907
3130|174|37468|53062|266493|61625
210312|4601|50869|41051|203852
917|60068|174|204548|215728
204092|30781|3356|174|3130|47065|61574
3170|44592|49581|209693
6696|1299|6855|39904|47767
5713|174|138997|216211|44324|205369
57695|917|60068|1299|56630|209944
25220|1299|198949|35676
139317|44324|32595|174|18001
57381|50304|1299|4230|2716
28917|6939|1299|20473|210659
205206|1299|7195|11432|271150
41722|52025|212895|210320
210312|4601|50869|58299|209114
6730|6830|1299|34927|202532
58299|62255|62379
198385|174|12956|212721
196621|9002|34927|202827
328840|327727|174|6461|394737
28917|6939|1299|203182
3320|1299|60068|197103|212080
28917|20764|43298|48678|213865
41666|37468|60068|216213|205884
28917|6939|1299|20473|215311
12637|6939|2852|212876
28917|6939|1299|25899|399575
44324|32595|174|398885
35426|215596|1299|20473|47065|61574
28917|6939|1299|50304
57381|50304|1299|3356|28370|263535
271253|6453|174|11432|271150
210312|4601|50869|6939|28370|264426
20932|1299|6762|16735|273514
6424|6939|28917|34784
35266|1299|8551|20473|47065|61574
28917|6939|1299|147049
41051|58299|56630|209944
394256|174|37468|61568|266460|61625
293|3320|33891|216067|44244
61568|6762|1299|6855|39904|202605
6730|6830|1299|20473|201423
48070|13335|400095
28917|6939|50989
1299|3356|28370|263535|268030
58308|6939|1299|62904
3491|174|56630|209944
48185|1299|3257|19318|201813
34019|29169|174|399697|39967|399697
8455|1299|12859|47065|61574
32595|174|21320|5408|47065|61574
45352|1299|12956|212721
20514|1299|12956|212721
29504|15935|174|52468|271150
139317|44324|32595|174|137409|7578
15692|2914|3356|21320|5408|47065|61574
5413|1299|174|1916|47065|61574
31742|1299|3223|41327
7594|174|3130|47065|61574
19151|2914|1299|6855|39904
51519|39351|1299|6855|39904|205968
58308|6939|30893
8426|3257|1299|198949|35676
3170|6939|28917|39134|39561|197695|210550
20932|1299|20473|201423
34019|6939|200070
40994|6939|28917|47759
58308|6939|1299|200478
45049|6696|1299|6855|39904|47767
4775|1273|174|56630|209944
19151|174|1299|8551|44709
209|3356|174|16276|203019
553|1299|6855|39904
34019|35598|52091|206810
58308|6939|1299|48707
553|1299|37468|53062|266493|61625
28917|6939|58308
58308|6939|199081
44324|32595|174|25645
199524|1299|3216|51032|41344|39707
37239|37468|33891|44592|49581|209693
8280|6762|174|11432|271150
28917|6939|32097|64236
58308|6939|202585|215842
44324|32595|174|46455|12056
204092|34019|2603|21320|5408|47065|61574
28917|6939|2852|201648
553|6939|28917|6789
28917|6939|7018|400072
139317|44324|32595|174|60497
13786|174|60068|205884
58511|3257|174|20473|47065|61574
51184|47692|33891|20473|47065|61574
2516|6939|1299|20473|47065|61574
9268|4764|1299|29695|206557
23764|8455|8283|47065|61574
29222|6939|271150|272738
17639|1299|2914|226|47065|61574
20514|1299|6453|19318|201813
139317|44324|32595|174|53667|201517
139317|44324|32595|174|400164
37271|174|201814|209896
48070|1299|3491|20473|47065|61574
6830|3356|4230|2716
8283|6939|16652
17350|3356|1299|198949|35676
1299|6939|24796
28917|6939|1299|52468|27814
50629|1299|21351|60132
58308|6939|29670|60729
4601|50869|58299|209114|206072
21232|13030|1299|6453|19318|201813
28917|6939|1299|6400|274192
204092|56630|209944
40387|1299|6453|4755|7768
28917|6939|1299|60068|208414
28917|6939|1299|20473|204934
52320|174|210329|215728
553|1299|3356|28370|263060
39351|174|22381|267470|263047
28917|6939|1299|52423
47311|150249|212001|205018
28917|6939|1299|399814
44324|32595|174|13693
136557|174|3356|16735|273514
8426|3257|174|60068|205884
139317|44324|32595|174|205544
1140|24785|1299|6762|16735|273514
4764|1299|34927|202827
35600|35598|52091|206810|35273
139317|44324|32595|174|393857
28917|6939|1299|20473|151674
206356|50629|215551|30893
7018|1299|33891|216067|44244
7474|3257|174|60068|216213|205884
559|14840|2716
1280|1299|174|3130|47065|61574
12859|16276|203019
58308|6939|1299|52468|271967
28917|6939|1299|21623
6830|6453|29208
58308|59689|30781|5511|174|37468|61568|266460|61625
207841|6939|50989|50683
16552|1299|3356|1680|44709
8220|1299|6855|39904|47767
4777|2497|174|28283|268744|2716
207841|6939|29222|513
29504|39392|33891|7195|20473|47065|61574
48185|1299|6453|1031|61568|266460|61625
52873|12956|1299|20473|47065|61574
42541|62255|52091|206810|12773
137409|33891|60068|211571
30600|1299|6855|50698
37697|3491|174|60068|211571
12969|1299|3356|1680|44709
34019|21351|60132
50673|174|21320|5408|47065|61574
2734|27364|2914|174|21555
44324|32595|174|32505
12637|6939|59689
58308|6939|1299|262206|18809|13335
28917|6939|1299|23520|262191|264835
7500|2497|174|37468|61568|266460|61625
58308|6939|40994|212085
6424|6939|28917|50009
44324|32595|174|214206
12350|1299|3356|28370
7660|2516|1299|8551|20473|47065|61574
3170|6939|60432
139317|44324|32595|174|39063|29108
58308|6939|1299|214415
136557|174|60068|205884
37497|3491|174|10490|2722|12148|47065|61574
40994|6939|28917|25386
58308|6939|41720|213709
60068|33891|216067|44244
12779|35598|52091|206810|39089
23367|1299|37468|52468|271150
4601|50869|6939|42695|52011
6696|1299|8943|200636
7713|1299|3356|16735|273514
210312|4601|50869|207907
58308|35598|52091|206810|210063
513|174|1299|34927|202532
328512|5713|174|201814|209896
44324|32595|174|52580
28917|29632|215536
58308|6939|48678|209737
20932|33891|60068|211571
8220|6453|174|60068|205884
132825|174|14840|2716
28917|6939|1299|52468|269838
1403|577|33891|60068|211571
60326|34872|24961|8283|47065|61574
28917|6939|1299|23520|11139
47147|1299|174|216211|211575
7594|3356|1299|6855|50698
28917|6939|1299|7632|150923
55720|2914|174|210329|215728
35600|6939|2852|204772
139317|44324|32595|174|49532
174|1299|20473|201423
15623|4455|33891|216067|44244
36924|1299|2914|226|47065|61574
28917|6939|1299|23520|270111
47311|150249|212001|199762
58308|6939|6830|23520|264821|274129
37271|174|11432|271150|272738
4601|50869|6939|50989|50683
21232|13030|1299|6453|19318|209896
31742|174|204548|215728
28917|6939|28370|263535
50300|174|60068|205884
327727|174|1299|6939|24796|63293
5413|1299|60068|216213|205884
34019|7195|20473|47065|61574
9044|1299|2914|226|47065|61574
44393|394256|174|28189|266931|269250|271150
58308|6939|1299|52468
199524|1299|29695|206557|208835
47692|33891|6461|394737
6461|174|11432|271150|272738
199524|174|1299|20473|47065|61574
40994|57463|41327|47178
139317|44324|32595|174|25829
58299|62255|52091|206810|12773|44884
29504|15935|33891|216067|44244
12859|137409|63473|200790
6762|1299|198949|35676
4601|50869|216375
12859|3223|41327
58308|6939|28917|48084
49432|48362|1299|12956|212721
3333|1273|174|37468|61568|266460|61625
29222|6939|8943
32590|1299|25091|8298|4601|4492
140627|1299|3223|34224|12735
198385|174|6453|29208
852|33891|60068|211571
39122|174|3257|9498|20473|47065|61574
28917|6939|1299|18678
3320|1299|10490|2722|12148|47065|61574
32590|1299|174|20473|47065|61574
58057|34549|174|399697|39967|399697
6830|9002|12555|3227
139317|44324|32595|174|9457
35625|5511|174|37468|61568|266460|61625
206356|50629|1299|20473|47065|61574
7660|2516|1299|12859|47065|61574
3170|6939|28917|25386
58308|6939|1299|14080|10620
3491|174|5538|8194|29345
45049|6696|1299|20473|201423
6424|174|10490|2722|12148|47065|61574
64475|62255|52091|206810|213694
14907|33891|216067|44244
22652|1299|35598|52091|206810
139317|44324|32595|174|18978
15576|174|210329|215728
28917|6939|1299|15692
6830|6939|50989|205966
28917|6939|1299|265780
6830|174|37468|61568|266460|61625
3491|174|37468|270551|263047
3701|3356|1299|34927|202532
49028|1299|60068|197103|212080
44324|32595|174|6424|47787
35600|35598|52091|44660
36924|1299|7195|20473|47065|61574
15935|174|7311|835|394273
32590|1299|4230|2716
55222|1299|29695|206557
28917|6939|1299|11049
680|2914|12859|47065|61574
199524|1299|4230|52654|266493|61625
15935|6461|394737
6730|6830|13335|400095
48362|1299|6453|4755|7768
12969|1299|6855|39904|205968
917|25369|1299|21351|60132
44324|32595|174|212148
28917|6939|1299|36236|64114
58308|6939|1299|1759|205250
49788|1299|3356|28370|267556
58308|6939|60432
29222|6939|2852|202874
12859|6939|54429
58308|6939|7018|15084
7594|174|60068|216213|205884
207841|6939|29222|207688
3170|8551|44709
4601|8298|25091|6830|60068|216213|205884
39392|174|3130|47065|61574
12779|35598|52091|206810|24881
58308|6939|3170|210495
16347|1299|34927|202827
6424|6939|24796
271253|6453|1299|198949|35676
3399|28917|215730|209693
205206|1299|6855|39904|199604
6461|174|399697|39967|399697
3701|3356|1299|8551|44709
29075|174|21700|399914
37497|3491|174|3130|47065|61574
14907|1299|6762|16735|273514
58308|6939|12735|201978|208425
28917|6939|52838|269035
49788|174|204548|215728
14537|13786|174|60068|205884
207841|6939|28917|43886
40994|57463|41327|211661
553|6939|30893|13214
28917|6939|1299|20473|138564
1299|6939|28370|267608
1299|6939|30893|13214
5511|174|216211|211575
58308|6939|6830|60068|51191
1299|6939|50989|48116
58299|6830|60068|211571
6830|6939|28917|204623
7713|174|1299|34927|202532
136557|174|20473|47065|61574
28917|6939|1299|23520|272935|267845
917|25369|21320|5408|47065|61574
3356|174|399697|39967|399697
28917|6939|1299|14016|402062
34800|58057|28917|215730|209693
35426|215596|1299|12859|47065|61574
139317|44324|32595|174|397026
50628|1299|6762|49666|58224|214805
12637|35598|52091|59815
57111|174|60068|205884
3170|6939|2852|213152
29222|6939|42184|204702
209650|34927|1299|3356|8119
49788|1299|20473|399970
40994|57463|14840|269288
29504|39392|174|21700|399914
44324|32595|174|51847|151338
6461|1299|60068|197103|212080
559|35598|52091|206810|197643
23367|1299|12859|47065|61574
14630|1299|6855|39904|202605
14630|1299|8551|44709
34854|1299|198949|35676
47692|3356|21320|5408|47065|61574
1257|1299|20473|47065|61574
44324|32595|174|36352
12637|35598|52091|206810|214721|204108
12779|6939|207995
58299|8926|1299|3320
30600|174|3130|47065|61574
28917|6939|1299|20473|46407
31742|1299|6204|44592|49581|209693
971|174|204548|215728
2518|1299|6855|50698
41327|44592|49581|209693
58308|6939|1299|5504
47160|174|20473|47065|61574
553|29632|59682
6830|6939|28917|28775
210312|4601|50869|41051|212184
263152|264409|174|399697|39967|399697
52320|1299|60068|216213|205884
28917|6939|1299|52468|273832
3356|174|210|47065|61574
58308|6939|1299|36352|26383
174|399697|39967|399697
49788|174|210329|215728
25091|3356|174|3130|47065|61574
28917|6939|6830|23520|262191|272020
28917|6939|1299|58453|9808|2010
64475|62255|52091
34854|1299|174|210|47065|61574
58308|59689|30781|1299|6855|39904|47767
139317|44324|32595|174|21826|273155
207841|6939|28917|198297|51081
30600|1299|35598|52091|206810
263237|174|6762|49666|58224|214805
29222|6939|205081
25091|1299|3223|34224|12735
25160|174|60068|205884
29222|6939|25192|20701
12956|1299|25091|8298|4601|4492
44324|32595|174|11172
35600|35598|52091|206810|24881
4764|1299|33891|216067|44244
40994|6939|28917|44056|57629
58308|6939|29208|20708
209650|34927|1299|3356|28370|263963
6830|3356|29695|206557
58308|6939|1299|210015
44324|32595|174|395866
64475|3320|1299|60068|197103|212080
30600|174|204548|215728
32590|174|32595|44324
58308|6939|6830|33915|29263
34800|58057|50673|33891|20473|47065|61574
3257|174|20473|47065|61574
263237|174|6453|29208
34854|1299|6453|19318|209896
29222|6939|28370|270962
40994|57463|41327|205330
51185|6762|1299|6855|39904|199604
4601|50869|6939|29222|204957
29504|15935|174|6453|4755|7768
35600|35598|52091|206810|211692|214268
58308|6939|5405|198913
28917|14840|269288
327727|174|3356|3223|34224|12735
48070|37468|61568|266460|61625
34927|56655|1299|3356|22381|267470|263047|264389
47957|3356|1299|20473|201423
13786|174|1299|6855|50698
20253|1299|12956|212721
4775|6453|1299|29695|206557|208835
48362|1299|60068|211571
58308|6939|3170|57483
139317|44324|32595|174|26988
25220|1299|201814|209896
553|1299|17676|216211|44324|205369
41722|12389|174|60068|205884
2734|9304|136237|174|137995|136237
23367|1299|17676|216211|211575
3399|5511|1299|6855|39904|47767
6908|174|11432|271150|272738
44324|32595|174|53893
28917|6939|1299|20473|33309|26679
29222|6939|9136|206236|208183
8283|20764|52091|206810|12773|44884
58308|6939|1299|47583
6424|1828|13789|30372|3356|174|393216
7660|2516|1299|29695|206557|205190
15605|6939|30893|200690
553|1299|3356|28370|53079
23352|2914|1299|3920|206777
6730|6830|3356|28370|267556
40994|16276|203019
28917|6939|29222|41495|206202
58299|62255|52091|206810
44324|32595|174|8452|24835|36935
13030|1299|174|20473|47065|61574
3491|1299|32787|202161
24516|174|35598|25308|28917|204076
4230|1299|201814|209896
12389|174|52468|271150
29075|1299|3356|28370|269016
20932|1299|6855|39904|199604
12637|174|140227|44324|205369
7500|2497|174|34927|202827
42541|62255|52091|206810|12773|47809|50780
28917|6939|1299|60610
21700|174|6453|29208
28917|6939|1299|23520|262191|273078
58308|6939|6830|23520|27884|265735
29691|33891|60068|211571
174|35598|52091|48158
58308|29075|174|20473|47065|61574
12859|1299|60068|216213|205884
42541|62255|52091|48158
31510|174|204548|215728
44324|32595|174|394855
17350|6453|1299|20473|47065|61574
577|174|210329|215728
34288|1299|6855|39904
52025|174|22381|267470|263047|264389
34019|6939|50989
31742|1299|3223|34224|12735
6453|174|11432|271150
48070|1299|174|204548|215728
29222|16276|203019
1299|37468|52468|262393
3701|174|60068|211571
1140|24785|6830|174|20473|47065|61574
47147|1299|3356|28370|264426
139317|44324|32595|174|208794|200851
35600|6939|54429|401894
28917|6939|1299|17072|278
41666|20764|52091|206810|202497
139317|44324|32595|174|139057
12779|174|140227|44324|205369
213151|34927|12859|47065|61574
209650|34927|1299|2914|226|47065|61574
8455|1299|174|20473|47065|61574
23352|2914|1299|198949|35676
61568|174|3130|47065|61574
4601|7195|11432|271150
58308|6939|1299|835|52025|210338
8426|33891|44592|49581|209693
28917|6939|1299|6696|25181
28917|6939|1299|20473|205008
213151|34927|1299|20473|47065|61574
28917|6939|1299|3308|201503
207841|6939|58308
4775|6453|174|21320|5408|50148
44324|32595|174|55286
204092|6939|2852|204772
28917|6939|1299|20473|202540
58308|35598|52091|206810|196638|42702
29075|1299|3223|34224|12735
327804|37271|33891|60068|211571
917|60068|33891|12859|47065|61574
7713|174|3491|20473|47065|61574
64475|6939|50989
6696|1299|6855|39904|199604
48070|7195|28189|266931|269250|271150
12637|6939|28370|268521
132337|174|20473|47065|61574
62167|174|1299|20473|201423
8283|20764|52091|206810|202497
4601|8551|44709
32590|1299|6855|39904|199604
28917|6939|7018|394896
28917|6939|1299|29774|21538
44324|32595|174|1089
20912|12637|1299|3920|206777
39122|1299|37468|270551|263047
202365|50673|174|37468|270551|263047
48070|9304|136897|174|3491|137969|132824
6830|6939|28917|20985
40994|1299|8551|44709
6424|9498|20473|47065|61574
3491|1299|1680|20473|47065|61574
44324|32595|174|44222|210374
4601|50869|41051|212888
15935|174|3356|28370|268521
140627|1299|6453|29208
199938|1299|174|3130|47065|61574
262427|174|3257|60068|206406|210557
20253|1299|4230|52654|266493|61625
35600|35625|5511|174|37468|61568|266460|61625
34800|58057|50673|174|20723|2852|202874
49028|1299|12956|212721
29222|6939|48678|207582
140627|2914|174|204548|215728
30844|33891|216067|44244
40994|57463|41327|202152
58057|174|3130|47065|61574
28917|6939|30893|204789
6424|6939|28370|263060
148968|7474|3257|174|8551|20473|47065|61574
6730|6830|12859|47065|61574
28917|6939|1299|23520|262191|264653
8298|25091|1299|8551|44709
139317|44324|32595|174|398843|401431
559|35598|52091|206810|211692|214268|196977
6424|6939|28917|39134|39561|197695|210550
206356|50629|6461|23352|20473|47065|61574
39122|174|2914|20473|47065|61574
44324|32595|174|29802
50673|174|3356|28370|28657
48362|1299|56504|47674
29222|6939|12735|15830|137922
58057|50673|174|201814|209896
20205|1299|6762|16735|273514
328206|37739|3491|174|56630|209944
1299|20473|47065|61574
174|6461|394737
28917|6939|1299|20473|212529
34800|29632|9002|3356|1299|20473|47065|61574
206356|50629|1299|3920|206777
11845|30844|174|399697|39967|399697
33891|6461|394737
29222|6939|263047|267961
35600|35598|52091|206810|196638
3130|174|35598|52091|48158
513|29222|6939|61618|267320
6830|7195|28189|266931|271615|273522|271150
28917|6939|1299|23520|262178
28917|6939|1299|20473|201726
196621|9002|917|214598
59105|9370|2497|174|52468|262393
553|28283|268744|2716
28917|6939|29670|213674
59414|6830|174|35598|52091|206810
41327|6939|28370
55222|174|3356|8119
6057|174|3130|47065|61574
55222|174|3257|60068|206406|210557
8283|6939|28370|268198
12637|20473|30893
28917|6939|1299|393559
29504|15935|13335|400095
6720|1764|174|201814|209896
58308|6939|1299|7342
971|174|52468|271150
29222|6461|210|47065|61574
20253|1299|29695|206557|208835
58299|62255|52091|206810|57164
58308|6939|33891|48918|43722
41327|1299|20473|47065|61574
47692|3356|174|3130|47065|61574
45352|174|3356|28370|268521
44324|32595|174|11805
199938|1299|56504|47674
44324|32595|174|397903
28917|6939|1299|23520|28545|28512
34854|1299|17676|216211|44324|205369
39392|174|60068|205884
37739|3491|174|10490|2722|12148|47065|61574
852|174|20723|2852|202874
35600|35598|52091|206810|213694
917|60068|1299|6939|28370|263060
4601|50869|34019|204092|202945
18106|28917|215730|209693
559|6939|25192|29067
210312|4601|8551|44709
41327|174|52468|262393
28917|6939|1299|20473|215527
29680|174|28189|266931|269250|271150
204092|6939|29222
60068|33891|7195|20473|47065|61574
139317|44324|7720|10111|1299|8551|44709
199524|1299|17676|216211|211575
57777|8298|8283|3491|216211|211575
35600|30781|1299|6855|39904|47767
28917|6939|1299|27947|264836|265762
32590|1299|3356|8772|215536
58308|6939|6830|23520|264821|271799
47147|3320|1299|198949|35676
3170|6461|52320|7162|13878|52468|271150
215596|1299|8551|44709
3741|174|12956|212721
35280|3356|174|3130|47065|61574
39351|174|140227|44324|205369
20514|1299|6855|39904|202605
58308|6939|1299|52468|273832
32590|137409|6461|21320|5408|47065|61574
8283|20764|52091|206810|12773|47809|50780
12637|1299|6855|39904|199604
28917|6939|1299|20473|214732
50673|174|7195|20473|47065|61574
23367|1299|3356|8119
28917|6939|7018|401291
28917|6939|1299|20473|19285
44324|32595|174|14051|23431
196621|6939|2852|201648
58299|13335|400095
35008|1299|917|214598
4601|50869|6939|50989|33837
207841|6939|200303
44324|32595|174|202521
48070|7195|11432|271150|272738
8283|2914|21351|60132
7018|3356|28370|267608
49544|1299|20473|47065|61574
12859|1299|16164|36032
58308|6939|1299|265530
8218|6461|174|140227|44324|205369
139317|44324|32595|174|41564
8220|1299|34927|202532
35598|174|28189|266931|269250|271150
37662|174|210329|215728
58057|34549|1299|3223|41327
210312|4601|50869|58299|34924
29222|6939|30893|200690
28917|6939|7018|3379
6720|1764|174|60068|216213|205884
20253|1299|6762|267470|263047
50628|6453|174|210329|215728
2734|20473|30893
41327|1299|3920|206777
5413|1299|22773|8119
553|1299|6762|16735|2716
34927|56655|1299|5511|60068|206406|210557
139317|44324|32595|174|55410|24023
28917|6939|1299|23520|27665|263222
12779|6461|23352|20473|47065|61574
204092|6939|28370|267556
28634|4230|33891|216067|44244
52873|12956|174|60068|205884
58299|50263|201814|209896
58308|6939|553|212522|13335
35426|215596|174|20473|47065|61574
8283|35598|52091|206810
29169|174|52468|271150
58308|6939|263047|262578
4601|50869|58299|209114
28917|6939|1299|23520|27665|28067
8426|6777|56630|209944
24516|174|1299|8551|44709
8283|3320|6855|50698
59689|30781|1299|20473|399970
41327|29632|215536
327804|5713|174|3257|21034
8426|3257|174|22381|267470|263047|264389
210312|4601|50869|41051|212121
199524|1299|59692|12555
57111|41327|33891|216067|44244
58308|6939|215172|214955
34854|1299|3920|206777
49028|1299|3356|28370|269016
3130|174|11432|271150
34927|1299|6453|4755|7768
1140|24785|1299|8551|44709
16347|1299|6453|29208
5405|6939|30893|13214|35634
29222|6939|7018|22729
196621|9002|197068
328206|37739|3491|1299|12859|47065|61574
51088|2914|174|20473|47065|61574
9268|4764|1299|59692|12555
58308|6939|6830|23520|46650|399273
37239|37468|33891|216067|44244
40994|57463|7713|1299|56308
12350|1299|6453|1031|61568|266460|61625
210312|4601|50869|41051|212834
3216|1273|174|52468|262393
8426|3257|174|60068|216213|205884
28917|6939|1299|52025|54681
44324|32595|174|12310|44679|201308
8529|2603|21320|5408|47065|61574
209|3356|174|399697|39967|399697
46450|1299|198949|35676
3170|6461|137409|48011|25184|49801|204533
4775|1273|174|21700|399914
29222|6939|3170|57483
39392|33891|1680|20473|47065|61574
58299|62255|52091|206810|59867
32590|1299|1680|20473|47065|61574
31742|1299|3356|28370|28657
19653|30600|1299|20473|47065|61574
50629|215551|30893|200690
34800|58057|50673|174|210329|215728
199938|1299|3356|28370|263963
28917|6939|1299|23520|27884|273054
58308|6939|1299|44332
328840|327727|174|13786|28343|2716
41327|24796|12779|197000
49788|1299|3356|28370|264426
28917|6939|1299|20473|207755
58308|6939|7018|986
28917|6939|1299|262206|27742
207841|6939|50989|205966
4777|2497|174|20723|2852|202874
39351|1299|6453|19318|209896
58308|6939|553|204680|208854
12637|35598|52091|206810|48595
58511|1299|201814|209896
58308|6939|32097
4601|50869|34019|51306
44324|32595|174|216471
44393|394256|174|28189|266931|271615|273522|271150
28917|6939|1299|6503
12779|6939|30893
44324|32595|174|396986
204092|6939|30893|13214
3170|6939|215172|214955
52075|2914|1299|3920|206777
58308|6939|29208|198605
20205|1299|198949|35676
553|6939|50989|205966
32590|1299|3356|28370|263535|268030
4601|6939|28917|21453|199933
58308|6939|6424|208277
140627|1299|3216|51032|41344|39707
28917|6939|1299|43519
64475|62255|52091|206810|34786|34789|34786
13830|971|174|37468|270551|263047
20080|2914|1299|201814|209896
28917|6939|1299|20473|40138
20485|174|52468|262393
49028|1299|7195|28189|266931|269250|271150
44324|32595|174|21826|273843
1273|174|52468|271150
199938|1299|12956|212721
44324|32595|174|263801
196621|6939|28370|268198
37105|37662|33891|216067|44244
199524|1299|7545|20473|47065|61574
28917|6939|1299|49604
7713|9002|3356|174|11432|271150|272738
28917|6939|1299|20473|401209
28917|6939|1299|20473|153185
34927|56655|1299|3356|20473|47065|61574
6908|174|12956|212721
28917|6939|1299|208398
12859|6939|207995
20080|2914|1299|8551|44709
58308|6939|1299|44522
28917|6939|1299|23520|263238|272966
29222|6939|3170|201579
49605|6762|174|60068|216213|205884
204092|6939|207995
4601|50869|6939|2852|197451
28917|6939|40994|203997
4777|2497|1299|20473|47065|61574
42473|1299|20473|201423
58308|35598|52091|206810|48595
7018|6453|19318|201813
58308|6939|6830|33915|207894
58308|29075|1299|20473|47065|61574
35600|35598|52091|206810|48595
3356|1299|20473|201423
58308|6939|5405|206583
207841|4657|38001|25192
58308|6939|25400
20253|1299|174|140227|44324|205369
34927|56655|1299|7195|28260|270548|52794|52659
28917|6939|32097|33387
28917|6939|1299|3301|25252
28917|6939|1299|210333
36924|1299|174|1916|47065|61574
9268|4764|174|14840|269288
48070|6939|29222|204957
198249|13030|1299|60068|216213|205884
199938|1299|60068|197103|212080
14537|13786|174|20473|47065|61574
46450|1299|34927|202532
16347|1299|60068|211571
132337|6939|1299|20473|47065|61574
2734|21859|138415|4229|1299|3356|41095|17561
6762|1299|20473|399970
49028|1299|17676|216211|44324|205369
398465|3320|1299|1680|20473|47065|61574
6424|6939|28370|270962
6696|1299|34927|202827
39122|1299|3356|28370
53828|3257|33891|216067|44244
13030|1299|174|204548|215728
44324|32595|174|395687
58308|6939|32097|11867
64475|62255|52091|206810|57982
41722|20485|174|399697|39967|399697
207841|6939|28917|48084
31510|174|5511|49666|58224|214805
28917|6939|52838|268086
559|35598|52091|206810|59815|25299
3130|174|1299|22773|8119
8280|6762|174|210329|215728
5511|174|11432|271150|272738
6424|8772|396416
28917|6939|1299|20473|209220
42473|1299|6855|39904|199604
139317|44324|32595|174|33544
15935|174|3257|60068|206406|210557
50629|6939|28370|267556
327727|174|22381|267470|263047
1299|6939|33924
971|174|35598|52091
49028|1299|174|22381|267470|263047|264389
28917|6939|6830|23520|64126|274068
559|35598|52091|206810|202279|213203
57866|5511|174|52468|262393
31742|1299|8551|44709
50629|6204|208972|210538|6775|13030|4637|133398
44324|32595|174|2149
42541|1299|8551|44709
2027|2603|21320|5408|47065|61574
2734|37468|270551|263047
28917|6939|7018
3399|5511|174|140227|44324|205369
140627|1299|3356|28370|267556
34927|1299|6453|29208
28917|6939|1299|399486|198831|212844
4601|50869|199310|207529
210312|4601|50869|6939|2852|197451
40994|6939|54429|401894
34019|6939|30893|13214|35634
28917|6939|1299|20473|400550
139317|44324|32595|174|6713|37190
7713|174|37468|61568|266460|61625
2734|1031|266493|61625
58308|6939|2852|204772
2734|63270|1299|3356|36207
3356|7720|44324|215172|214955
58308|6939|1299|52468|272032
140627|2914|1299|3920|206777
58308|20473|30893
42473|1299|56504|47674
16552|1299|12859|47065|61574
28917|6939|1299|60051|208293|203214|13335
215596|1299|198949|35676
57381|50304|1299|3356|16735|2716
12350|1299|6855|39904
198249|9002|12555|48430
48185|1299|8551|20473|47065|61574
42541|7195|28189|266931|271615|273522|271150
12859|22356|28370|264426
49028|1299|3356|16735|273514
62167|174|6453|4755|7768
4601|50869|6939|30893|13214
136557|174|1299|20473|47065|61574
28917|6939|1299|20473|49867
35600|35598|52091|206810|12773|44884
28917|6939|1299|20473|151361
36924|1299|3356|28370|267608
58308|6939|56595|207067
3170|35598|25308|28917|9049|51017
40387|1299|25091|8298|4601|4492
58308|6939|12637|199699
6453|1299|6855|50698
40994|6939|28917|6789|200702
210312|4601|50869|214675|208790
28917|6939|7018|62883
58308|6939|1299|6758|33874|14789
58308|35598|52091|206810|24881|24697
28917|6939|1299|35207
6424|6939|28917|50923
45352|1299|20473|399970
15692|2914|6424|44592|49581|209693
29691|1299|60068|197103|212080
199524|1299|3356|8119
8283|14840|2716
8283|6939|28370|269016
35280|6453|174|210329|215728
2497|1299|60068|216213|205884
3130|174|1299|6855|39904
9268|4764|1299|6762|49666|58224|214805
204092|6939|59970
42541|62255|52091|206810|202497
44324|32595|174|401486|214183|40662
58308|6939|6830|23520|27694
52873|12956|1299|6855|50698
3170|60068|206406|210557
64475|7195|28260|270548|52794|52659
3320|174|20723|2852|202874
29222|6939|29670|208135
210312|4601|6939|28917|21453|48149
58308|6939|41720
263237|174|3491|20473|47065|61574
12859|1031|266493|61625
29222|6939|28370|268521
15605|8772|215536
206499|34549|1299|37468|270551|263047
1273|174|37468|61568|266460|61625
210312|4601|8298|25091|1299|20473|201423
58308|6939|553|212522
52873|12956|174|399697|39967|399697
29691|1299|21351|60132
35008|1299|4230|52654|266493|61625
29222|6939|263047|269680
58308|6939|33891|204038
553|6939|29222|204957
3549|3356|174|399697|39967|399697
12859|6939|25192|29067
38001|3491|174|11432|271150
28917|6939|1299|21859|139057
34927|1299|3356|28370|264426
151326|174|35598|52091
38880|33891|216067|44244
62167|174|6762|49666|58224|214805
29222|6939|48070|60894
29222|6939|62000|198831|210699
48070|6939|60432
140627|1299|8551|44709
3333|12859|34927|202532
4637|6461|174|37468|61568|266460|61625
40994|6939|28917|48084|199961
8283|2914|62240|205479
58308|6939|33891|50696
44324|32595|174|50297
58308|6939|1299|56655|210951
132337|33891|216067|44244
3333|1257|1299|198949|35676
52320|174|204548|215728
6696|1299|16164|36032
6082|2914|1299|25091|8298|4601|4492
7018|1299|37468|270551|263047
6461|174|14840|2716
327983|37497|174|204548|215728
5413|1299|6762|49666|58224|214805
50628|6453|174|20473|47065|61574
12969|1299|174|14840|269288
132825|174|3356|16735|273514
58057|174|20723|2852|202874
58308|6939|1299|52025|54681
263237|174|210329|215728
513|29222|6939|263047|267425
12969|1299|6855|39904
28917|6939|1299|199524
35600|35598|52091|206810|12773|52213
37721|174|20473|47065|61574
553|62255|52091|206810|196638
28917|6939|1299|8402
35426|215596|1299|6855|50698
28917|6939|1299|263444
64475|62255|52091|206810|196638|42702
23673|3491|174|28189|266931|269250|271150
140627|2914|1299|34927|202532
58308|6939|1299|208905|212616|215283
6453|174|21320|5408|47065|61574
553|6939|25192
25091|1299|198949|35676
198385|174|204548|215728
328206|37739|3491|174|11432|271150|272738
3214|52025|212895|210320
57381|50304|1299|174|1916|47065|61574
28624|3356|1299|198949|35676
12779|6939|25192|26710
6461|1299|8551|20473|47065|61574
3130|174|3356|28370
50628|1299|174|3130|47065|61574
58308|6939|268624|262594|269677
58308|6939|7018|2685
28917|6939|1299|48152
137409|3356|1299|20473|47065|61574
40994|174|60068|205884
25220|33891|266493|61625
328840|327727|174|3356|28370|268521
58308|6939|1299|29774|21538
559|35598|52091|206810|56915
50628|1299|12859|47065|61574
17350|6453|1299|6855|39904|202605
58299|7195|20473|47065|61574
3216|1273|174|52468|271150
35266|2914|174|3130|47065|61574
25091|41327|24796|12779|197000
328512|37100|1299|20473|47065|61574
215596|1299|3356|28370|268198
48070|6939|2852|198500
328512|5713|174|60068|197103|212080
1140|24785|6830|3491|20473|47065|61574
398465|1299|6762|49666|58224|214805
12637|1299|7195|20473|47065|61574
263152|174|56630|209944
58308|6939|1299|3301|207538
34927|56655|1299|20473|201423
1299|3356|28370|268198
40994|6939|15372
20912|12637|1299|10490|2722|12148|47065|61574
553|62255|52091|206810|196767
34927|56655|1299|3356|16735|273514
12779|6939|42695|52011
51088|12859|47065|61574
50629|6939|28370|267608
559|29632|59682
30781|33891|44592|49581|209693
139317|44324|32595|174|50297
35426|215596|1299|6762|16735|2716
553|62255|52091|59815
17350|3356|174|140227|44324|205369
148968|1299|4230|2716
28917|6939|1299|52468|264668|267684
58308|6939|1299|3301|50273
44324|32595|174|20473|47065|61574
2027|47160|174|11432|271150|272738
58308|6939|50629|49855
206356|50629|37468|60068|216213|205884
49432|48362|1299|6453|19318|209896
28917|6939|1299|6855|204690
58308|6939|6830|23520|52468|269934|274125
40994|57463|41327|205051
139317|44324|32595|174|3257|835|52025|214223
34019|6939|207995
5392|3356|1299|22773|8119
58308|6939|6830|23520|11139|397529
62167|174|1299|20473|47065|61574
1299|17676|216211|44324|205369
13030|1299|174|210329|215728
37053|37100|1299|60068|216213|205884
42541|62255|52091|206810|34786|41875
9268|4764|1299|60068|211571
15576|35598|52091|206810
48070|6939|196610|48927
32590|1299|8551|44709
204092|6939|28917|44056|57629
6424|264409|61832|266460|61625
28917|6939|7018|14654
37739|3491|174|37468|61568|266460|61625
6730|6830|3356|28370|268198
32590|37100|1299|201814|209896
34927|9002|21320|5408|47065|61574
58308|6939|25400|3292|208202
29222|6939|42184|49552
13030|1299|6453|29208
58308|6939|28917|35539
7473|1299|34927|202532
11845|30844|174|140227|44324|205369
50877|5405|6939|28370|263535
35426|215596|1299|56630|209944
58308|6939|1299|42385
58308|6939|1299|60051|208293|203214
196621|15576|56630|209944
7500|2516|1299|201814|209896
44324|32595|174|213966
48070|6939|28917|48084
6461|174|11432|271150
28917|6939|1299|393705
51519|39351|174|6453|4755|7768
44324|32595|174|401780
20764|174|6453|4755|7768
42541|29632|59682
29222|6939|28917|48084|199961
215596|1299|6855|39904|199604
139317|44324|32595|174|30567
202032|58115|21263|41504
7720|10111|1299|3920|206777
28917|6939|1299|394977
204092|6939|25192|29067
58308|6939|1299|42313
58308|6939|7018|398837
199524|3491|174|37468|61568|266460|61625
51873|6830|174|20473|47065|61574
7713|1299|3356|16735|2716
12350|1299|6453|19318|201813
28917|6939|1299|20473|135646
6424|174|216211|211575
34019|30781|1299|3920|206777
34019|6939|54429|401894
28917|6939|1299|199150
42473|1299|3356|28370|53079
58308|35598|52091|206810|214721
20205|1299|1680|20473|47065|61574
199938|1299|201814|209896
917|60068|33891|3223|34224|12735
6830|12859|47065|61574
58308|6939|1299|22773
58308|6939|1299|58453|9808|2010
44324|32595|174|43872
34854|1299|3356|28370
28917|6939|1299|52468|273190
64475|62255|52091|206810|208435
28917|6939|1299|208893
6424|64049|174|55410|141549
7018|6939|28370|263535
6830|174|14840|269288
328512|5713|174|138997|216211|44324|205369
28917|6939|7018|20182
48070|6939|28370|28657
28917|6939|1299|398104
7018|1299|917|214598
29222|6939|25400|3292|208202
50629|13335|5408
41327|6939|54429
8220|1299|60068|216213|205884
57381|50304|1299|4637|20473|47065|61574
12956|174|216211|211575
3399|5511|1299|34927|202532
199524|174|14840|2716
8660|1267|1299|6855|39904|202605
6830|6939|28370
22652|1299|1680|20473|47065|61574
6424|174|140227|44324|205369
3170|6939|28917|50009
20612|9044|1299|6453|19318|209896
207841|6939|28370|268521
1257|174|3130|47065|61574
48070|6939|28917|204623
8218|6461|174|22381|267470|263047|264389
917|60068|174|399697|39967|399697
19151|174|6461|394737
12779|7195|11432|271150
7660|11537|20965|5408|47065|61574
207841|6939|28917|21453|201646
29222|6939|12637|60087
8283|6939|42695|43101
47147|3320|3491|5408|47065|61574
58057|50673|174|7545|20473|47065|61574
6830|6939|24796
553|6939|28370|267556
15605|35598|52091|206810|59815
28917|6939|1299|20473|399866
3257|174|14840|269288
4777|2497|174|14840|269288
44324|32595|174|3130|47065|61574
58057|174|1299|8551|44709
24785|1299|60068|197103|212080
8283|6939|39790
50673|174|216211|211575
50877|5405|1299|60068|197103|212080
52873|12956|174|210329|215728
28917|6939|1299|12252|136907
35426|215596|174|22381|267470|263047|264389
13830|971|174|56630|209944
210312|4601|50869|44324|202335
58308|35598|52091|206810|34786|41875
12637|137409|48011|25184|49801|204533
28917|6939|1299|55410|38266
58308|6939|47160|213873
198249|9002|8772|396416
28917|20764|52091|206810|214721|204108
28917|6939|1299|25899|397301|6649
559|6939|50989|48116
1031|999|6453|174|28189|266931|269250|271150
6894|174|2914|226|47065|61574
28917|6939|24796|63293
23673|9900|23764|3356|174|1916|47065|61574
3701|174|11432|271150
3170|6939|28917|50045
174|60068|211571
58308|6939|7018|399756
196621|6939|33924
204092|6939|42695
327960|327782|5511|174|11432|271150|272738
207841|37468|61568|266460|61625
5511|174|20473|47065|61574
139317|44324|32595|174|19237
15547|3303|174|20473|47065|61574
28917|6939|6830|33915|200428
28917|6939|15935|197451
29075|1299|3356|28370|28657
264479|6762|1299|29695|206557
32653|3741|174|210329|215728
48185|1299|174|37468|61568|266460|61625
6730|6830|174|216211|211575
12859|6939|50989|48116
28917|6939|40994|216321
41666|20764|52091|44660
139317|44324|32595|174|32934
44324|32595|174|24429
28917|6939|1299|199524|62553|205941|211281
6830|6939|28917|47914
132825|174|6461|394737
11845|37468|174|11432|271150
1764|174|3130|47065|61574
264479|6762|1299|198949|35676
12637|6939|28917|6789|203561
204092|6939|28917|48084|59833
14907|1299|3223|34224|12735
271253|3356|1299|6855|39904|47767
6730|6830|1299|6855|39904|199604
7018|6461|394737
57866|1299|20473|399970
209650|34927|1299|20473|201423
2500|2914|1299|35598|52091|206810
199938|1299|3356|28370|263535|268030
58308|6939|6830|34549|213045
63927|1299|198949|35676
20514|1299|6453|1031|61568|266460|61625
139317|44324|32595|174|397423
209|3356|174|20473|47065|61574
139317|44324|32595|174|7497|24151|23596
216285|8280|6762|174|11432|271150|272738
6424|33891|216067|44244
327727|174|21320|5408|50148
33891|37468|270551|263047
3741|174|1299|6855|39904|47767
553|37271|20473|47065|61574
5413|1299|3491|20473|47065|61574
29222|6939|553|34878|58069
28917|6939|1299|397709
47311|150249|212001|200160
58308|6939|6830|23520|27665|27789
4601|8298|25091|2603|21320|5408|47065|61574
8283|6939|28370|268521
20932|1299|3920|206777
6057|174|56630|209944
6830|174|5538|8194|29345
1267|1299|56504|47674
59689|29075|1299|20473|47065|61574
51873|6830|174|216211|211575
35600|6939|30893|205563
3491|1299|6855|39904|47767
28917|6939|1299|23520|262148
12637|6939|196610
264479|6762|1299|29695|206557|208835
29075|33891|44592|49581|209693
12859|49581|209693
58308|6939|1299|20473|401637
20514|1299|3356|28370|268521
31510|174|3356|8119
62167|174|216211|211575
12859|6939|25192
14537|52925|3356|1299|6855|39904|47767
64475|3320|1299|198949|35676
58308|6939|1299|23520|46198
44324|32595|174|22612
48070|1299|3356|20473|47065|61574
35710|3320|1299|34927|202532
29222|6939|28917|44812
28917|6939|1299|47768
28917|6939|1299|20473|54874|970
204092|3216|51032|41344|39707
32590|12956|174|204548|215728
41666|20764|52091|206810|56915
12637|35598|52091|206810|5598
44324|32595|174|399275
4601|50869|207907
58308|6939|6830|23520|263703|272018
57381|50304|1299|6855|39904
15605|35598|52091|206810|12773|47809
58308|6939|1299|265780|273827
25160|1299|6939|24796
4764|1299|3216|51032|41344|39707
48070|6939|28370|268198
58308|6939|29670|49933
5413|1299|10490|2722|12148|47065|61574
44324|32595|174|399646|40776
917|60068|1299|6939|393682
139317|44324|32595|174|16843
28917|6939|1299|208905|47956
41666|20764|52091|206810|12773
58308|6939|39790
20514|1299|37468|52468|271150
23367|1299|7195|20473|47065|61574
31510|174|1299|20473|201423
6730|6830|3356|8551|20473|47065|61574
37105|37662|174|28189|266931|271615|273522|271150
58308|6939|553|34878|58069
3491|1299|34927|202532
8283|2603|21320|5408|47065|61574
23367|1299|3920|206777
39122|1299|3356|28370|267608
210312|4601|6939|28917|8491
28917|6939|1299|37662|329246
3320|1299|37468|270551|263047
58308|6939|6830|23520|27889
36924|1299|3356|28370|263963
1280|2914|174|399697|39967|399697
20514|1299|3356|28370|263963
44324|32595|174|36236
28917|6939|1299|52468|273127
61568|174|210329|215728
28917|6939|1299|26073|401698
12859|6939|28370|263060
17350|3356|174|5538|8194|29345
58308|6939|29208|196653
22652|1299|6762|49666|58224|214805
34927|52025|1299|29695|206557
28917|6939|1299|16509|14490
20764|174|60068|216213|205884
41666|20764|52091|206810|24881|24697
20253|1299|6855|39904|199604
42541|1299|6453|4755|7768
58308|6939|1299|60068|216213|200216
44324|32595|174|204413
59890|60068|1299|3920|206777
57695|917|60068|174|3130|47065|61574
553|20764|43298|48678|213865
7018|13335|5408
2152|3356|1299|6855|50698
28917|6939|1299|14080|270018
8283|6939|29222|41495|206202
53828|2914|1299|6855|39904|199604
210312|4601|50869|6939|2852|48091
139317|44324|32595|174|398113
16552|30844|21320|5408|47065|61574
4601|50869|203704
6424|6939|29222
40994|174|52468|262393
7713|174|1299|198949|35676
327983|37497|1299|60068|211571
196621|6939|196610|48927
20764|174|3257|20473|47065|61574
55222|174|3356|16735|2716
28917|6939|1299|20473|397244
57695|917|60068|1299|12859|47065|61574
5405|62255|52091|206810|202497
51519|39351|174|1916|47065|61574
3303|174|52468|262393
3130|174|28189|266931|269250|271150
50629|6461|52320|7162|13878|52468|271150
4775|1273|1299|20473|399970
28917|6939|7018|397799
8280|6762|174|22381|267470|263047|264389
199938|1299|3223|34224|12735
20612|9044|1299|12956|212721
196621|6939|28370|268521
40994|6939|28917|35539
58308|6939|6830|23520|272935|267845|272083
11039|6461|1299|35598|52091|206810
2914|174|11432|271150|272738
58308|6939|1299|3301|206884
6730|6830|3356|28370|53079
7018|3356|28370|267556
58308|6939|1299|29802
204092|6939|28370|263060
56655|1299|3223|34224|12735
29075|174|6453|29208
58308|6939|1299|36352|399502
59105|2518|2914|12859|47065|61574
559|35598|52091|206810|8274
29222|6939|56595|58148
4181|1299|6453|1031|61568|266460|61625
57381|50304|1299|3356|28370|264426
6762|174|56630|209944
39351|12859|47065|61574
12859|6939|24796
1299|34927|202827
58057|34549|174|3130|47065|61574
34927|1299|3223|34224|12735
63927|1299|174|60068|205884
28917|215730|209693
139317|44324|32595|174|35598|204490|206306
1140|24785|6830|174|11432|271150
21232|13030|1299|6453|1031|61568|266460|61625
51185|6762|1299|201814|209896
29680|174|14840|269288
20130|23352|2914|1299|198949|35676
5413|1299|60068|211571
6423|20055|1299|6855|39904|202605
17350|2914|174|399697|39967|399697
132825|174|28189|266931|271615|273522|271150
58308|6939|1299|8151
210312|4601|50869|6939|28370|267556
25091|3356|174|399697|39967|399697
49432|48362|1299|60068|211571
34549|3257|1299|20473|201423
37497|3491|174|1916|47065|61574
204092|6939|33924
210937|1299|60068|197103|212080
57463|8455|8283|47065|61574
29691|1299|6855|39904|47767
7018|6939|2852|197277
41327|264409|61832|266460|61625
174|28283|268744|2716
42473|1299|3920|206777
28917|6939|1299|20115|33588
17350|6453|1299|6855|39904|47767
40994|57463|41327|198059
198385|174|20473|47065|61574
34177|1299|3356|28370|28657
58308|6939|1299|398446
15935|174|60068|216213|205884
29222|6939|30893|204789
263237|174|6461|394737
28917|6939|1299|20473|17138
8283|3491|209810|207187|207242
28917|6939|1299|199540
29222|6939|61618|268364
28917|6939|1299|3301|207538
28917|6939|1299|21859
12307|29691|13030|21320|5408|47065|61574
5405|6939|16652
51184|47692|33891|266493|61625
12637|6939|2852
6830|1299|35598|52091|206810
40994|174|201814|209896
28917|6939|1299|20473|208679
8529|1299|6855|39904|199604
40994|6939|28917|39238|49392
3130|174|22381|267470|263047|264389
44324|32595|174|60497
210312|4601|50869|199310|207314
58308|29075|1299|10490|2722|12148|47065|61574
139317|44324|32595|174|212148
51088|28917|215730|209693
4601|6939|28917|47478
17660|6453|174|14840|269288
44324|32595|174|397142
6424|6939|30893|205563
30844|174|3130|47065|61574
28917|6939|1299|20473|401778
41666|20764|52091|206810|34786
7018|2914|20473|201423
35598|174|3257|19318|201813
28917|6939|1299|12025|402106
19151|174|6762|1680|44709
58308|6939|1299|396993|50224
23764|1299|34927|202532
28917|6939|205081
9268|4764|1299|29695|206557|204503
2027|47160|174|216211|211575
394256|174|210329|215728
12779|9002|12555
174|13335|5408
64475|6939|25192|20701
60011|3356|174|20473|47065|61574
58299|174|138997|216211|44324|205369
58299|13030|1299|20473|47065|61574
37105|37662|174|22381|267470|263047|264389
3170|6461|394737
20965|5408|47065|61574
139317|44324|32595|174|51561
53828|2914|174|8551|20473|47065|61574
58299|62255|52091|206810|214721|204108
44324|32595|174|21859|62610
48362|1299|3356|28370|263535
59414|6830|6453|29208
28917|6939|1299|20473|213116
22652|174|60068|205884
20055|1299|8551|44709
47147|1299|6939|30893|204789
7713|33891|60068|211571
15547|3303|174|60068|205884
58308|6939|12735|51559
49432|48362|1299|3356|28370|264426
174|216211|211575
216285|8280|5408|47065|61574
29222|6939|40994|216321
327960|174|12389|49666|205647|49801|204533
28917|6939|59970
210312|4601|50869|214675
12307|29691|1299|3356|8119
210937|1299|6762|267470|263047
58057|50673|174|3356|28370|28657
328512|5713|174|12956|212721
263237|174|216211|211575
29222|6939|40994
327983|37497|174|210329|215728
20912|12637|57463|14840|269288
4657|33891|216067|44244
35710|3320|1299|20473|201423
1764|174|201814|209896
394256|174|1299|3920|206777
28917|6939|1299|20473|212073
57111|41327|174|210329|215728
139317|44324|32595|174|401780
28917|6939|6830|23520|262191|273849
30600|174|140227|44324|205369
139317|44324|32595|174|50144
8283|6939|15372|203592
199524|1299|3223|34224|12735
57111|174|3257|20473|47065|61574
40994|6939|28917|48084|59833
4764|1299|35598|52091|206810
25091|1299|10490|2722|12148|47065|61574
44324|32595|174|20546
1031|999|6453|174|8551|20473|47065|61574
6908|1299|6855|50698
139317|44324|32595|174|62810
58308|35598|52091|206810|202497
34927|52025|174|28189|266931|271615|273522|271150
29075|174|3356|28370|28657
37239|37468|1299|6855|39904|202605
4601|50869|58299|206478
47147|1299|3257|20473|47065|61574
58308|6939|1299|212477|23061
8298|8283|3491|209810|207187|206420
49432|48362|1299|174|210|47065|61574
207841|7195|20473|47065|61574
33891|8551|44709
202365|50673|174|1299|198949|35676
136557|174|3356|1680|44709
210937|6830|174|52468|271150
50304|1299|4637|20473|47065|61574
37739|3491|1299|12859|47065|61574
2497|1299|3920|206777
37739|3491|1299|20473|399970
6730|6830|174|201814|209896
4181|1299|5511|49666|58224|214805
29222|6939|39791|49101|211274
28917|6939|1299|60068|216213|215427
28917|6939|7018|401202
28917|6939|61618
40994|57463|41327|213338
28917|6939|1299|8657|3243|13335
7594|174|37468|270551|263047
553|6939|28370|269016
139317|44324|32595|174|211083
135895|137409|33891|60068|211571
513|174|60068|205884
58308|6939|1299|209551
5405|6939|24796
29222|1299|21351|60132
44324|32595|174|53667|215502
263152|174|2914|20473|201423
6894|174|35598|52091
40387|1299|3223|34224|12735
36924|1299|21351|60132
4601|50869|60900
198385|174|6461|394737
199938|1299|3920|206777
58308|6939|1299|52468|273966
37662|174|28189|266931|269250|271150
271253|174|20723|2852|202874
34177|1299|3356|28370|263060
213151|41051|58299|61568|266460|61625
6830|6939|15372
12956|174|210329|215728
20912|174|210329|215728
50877|5405|6939|2852|202874
6830|6939|30893|204789
216285|8280|6762|1299|3920|206777
28917|6939|1299|22773
62167|174|140227|44324|205369
49605|6762|1299|34927|202532
44324|32595|174|1299|25091|8298|4601
206499|52025|212895|210320
28917|6939|16652
6696|1299|8551|20473|47065|61574
210937|1299|3356|28370
16552|1299|10490|2722|12148|47065|61574
398465|3320|1299|10490|2722|12148|47065|61574
199938|1299|3257|19318|201813
8283|2914|37271|20473|47065|61574
20080|2914|1299|198949|35676
60068|174|20473|47065|61574
210937|1299|6204|44592|49581|209693
58308|6939|1299|5056|20273
28917|6939|1299|60068|212238
58308|6939|1299|3308
37271|174|20473|47065|61574
4601|6939|28917|48084|199961
58308|6939|1299|37119|13335
14630|2914|174|3130|47065|61574
6730|6830|3356|28370|264426
37497|1299|6855|39904
398465|174|20723|2852|202874
42541|62255|52091|206810|202279|213203
58308|6939|1299|60068|216213
40994|6939|29222
58057|34549|1299|8551|44709
397131|60011|3356|21320|5408|47065|61574
210312|4601|50869|215828|214079
23764|1299|20473|47065|61574
34854|1299|12859|47065|61574
58308|6939|1299|30823
28917|6939|1299|20473|39617
8660|1267|1299|6855|39904|47767
210312|4601|50869|215296
5713|174|3257|21034
28917|6939|1299|20473|397546
553|62255|52091|206810|56766
42541|37468|60068|216213|205884
45049|6696|1299|174|20473|47065|61574
31742|1299|6855|50698
58308|6939|1299|20473|215507
7018|3356|28370|268521
4601|50869|41051|201732
30781|1299|6855|39904
58308|6939|1299|207265
50304|1299|6855|39904|202605
3170|6939|24796|63293
28917|6939|1299|52468|266812
16347|1299|198949|35676
49028|1299|6453|19318|201813
3356|174|201814|209896
58308|6939|33891|29141
5405|6461|394737
49432|48362|1299|3356|28370|268198
49028|1299|174|3130|47065|61574
28917|6939|1299|52468|265775
28917|6939|25400|15765
13830|971|174|30844|21351|60132
38001|3491|174|28189|266931|271615|273522|271150
52873|12956|174|5538|8194|29345
4601|264409|61832|266460|61625
23367|1299|56504|47674
36924|1299|3257|210329|215728
21700|174|35598|52091|48158
4777|2497|174|8551|20473|47065|61574
513|174|7195|20473|47065|61574
34854|1299|3356|28370|268198
32653|3741|33891|216067|44244
35600|6939|28917|47759
139317|44324|32595|174|63089
327804|37271|33891|216067|44244
1403|577|1299|20473|201423
394256|174|7545|20473|47065|61574
5413|1299|3920|206777
28917|6939|1299|16509|213151
553|1299|3356|28370|28657
4601|50869|6939|25192|26710
199524|174|14840|269288
44324|32595|174|140627|17456|395400|23676
1280|2914|174|37468|61568|266460|61625
210937|1299|174|21320|5408|47065|61574
49544|1299|198949|35676
207841|6939|28370|263060
29222|6939|7018|62883
37468|174|6453|4755|7768
44393|394256|174|6453|4755|7768
9002|1299|17676|216211|44324|205369
13786|3356|1299|20473|47065|61574
327727|174|35598|52091|206810
34854|1299|34927|202827
4601|50869|58299|209898|199553|213081
58511|3257|174|5538|8194|29345
28917|6939|2852|213152
139317|44324|32595|174|48266
209823|25091|1299|20473|47065|61574
8529|1299|10490|2722|12148|47065|61574
44324|32595|174|401029
58308|6939|1299|29544
44324|32595|174|53587|22552
6424|6939|28917|12739
47147|1299|6939|54429
23352|2914|174|21320|5408|47065|61574
29222|6939|62000|208226|205563
57695|917|60068|1299|17676|216211|211575
6730|6830|174|37468|61568|266460|61625
15935|6830|34927|202827
35426|215596|1299|6855|39904
139317|44324|32595|174|25467
58308|6939|33891|61438
6423|20055|1299|20473|399970
57866|1299|35598|52091|206810
28917|6939|1299|142132
35600|6939|28917|48084|199961
4601|50869|34019|204186
28917|6939|1299|40824|394094
139317|44324|32595|174|22908
4601|52320|7162|13878|52468|271150
207841|6939|30893|13214|35634
29222|6939|200070
39351|174|3257|60068|206406|210557
7594|174|35598|52091|206810|211692|214268|196977
553|62255|52091|206810|24881
207841|6939|33924
2734|16735|2716
4601|50869|41051|212488
4775|1273|174|60068|205884
513|174|7545|20473|47065|61574
44324|32595|174|26801
56655|1299|6453|4755|7768
35598|174|399697|39967|399697
139317|44324|32595|174|43160|199195
28917|6939|1299|44949
28917|6939|1299|6424|47787
3491|174|21700|399914
29222|6939|47787|203020|208414
213151|41051|58299|21320|5408|47065|61574
49544|3356|1299|10490|2722|12148|47065|61574
28917|6939|1299|21859|63473|213771
19653|30600|174|20723|2852|202874
6082|174|11432|271150|272738
210312|4601|50869|41051|215980
6762|174|10490|2722|12148|47065|61574
16552|1299|6762|49666|58224|214805
47147|1299|37468|53062|266493|61625
58299|62255|52091|206810|39089
50304|47311|150249|153176
28792|3257|33891|216067|44244
32653|3741|174|12956|212721
16552|2914|174|11432|271150|272738
196621|6939|30893|13214
34800|58057|50673|174|22381|267470|263047|264389
58057|174|6461|394737
8283|6762|52468|262393
64475|6939|24796|63293
8280|6762|174|216211|211575
58308|6939|6830|23520|54082|263725|271981
29504|39392|174|60068|205884
16347|1299|3223|41327
148968|7474|7473|1299|3920|206777
50877|5405|20764|43298|48678|213865
28917|6939|7018|397568
28917|6939|1299|8657|15525|204057
139317|44324|32595|174|53667|142597
12779|31133|12389|28917|8905|42132
44324|32595|174|19406
7720|10111|1299|198949|35676
20912|12637|57463|22356|52468|271150
36924|1299|3356|28370|267556
15605|35598|52091|206810|34786|41875
917|60068|1299|3356|28370|263535
6461|174|28189|266931|269250|271150
58308|6939|1299|27947|264836
60068|174|11432|271150
58308|6939|15935|198284
6424|271586|263047
328964|3491|1299|20473|47065|61574
32590|12956|174|399697|39967|399697
28917|6939|1299|20473|208260
57111|41327|33891|60068|211571
24785|6830|3356|28370|268198
6830|3356|16735|266931|271615|273522|271150
21700|3257|1299|20473|47065|61574
58308|59689|29075|1299|174|37468|61568|266460|61625
293|2914|12859|47065|61574
28917|6939|6830|23520|64126|272980
28917|6939|1299|23520|52468|273102
28917|6939|1299|23520|27717
7594|174|399697|39967|399697
6424|6939|2852|204772
29504|39392|174|2914|226|47065|61574
3170|6939|2852|197451
57381|50304|1299|3356|28370
15562|2914|3257|5405|8943|200636
8298|33891|216067|44244
8220|3491|174|3130|47065|61574
35600|35598|52091|206810|211692|214268|197578
41327|20473|47065|61574
6830|6939|200070
58308|6939|1299|262223
559|37468|52468|262393
34854|1299|37468|270551|263047
48070|57463|14840|269288
6830|6939|28917|12668|51883
28917|6939|1299|20473|59467
3170|6461|6057|28283|268744|2716
57381|50304|1299|3356|28370|268521
8426|3257|174|1916|47065|61574
58299|7195|28343|2716
58308|6939|28917|39153
4181|1299|3356|8119
28917|33891|216067|44244
139317|44324|32595|174|45250
198249|58115|21263|41504
57381|50304|1299|3356|28370|53079
210312|4601|9002|12555|48430
2497|174|60068|197103|212080
28917|6939|1299|20115|23132|402037
3130|174|60068|205884
23367|1299|6855|50698
210312|4601|6939|28917|48084|59833
5413|1299|12956|212721
31742|1299|3356|28370|267556
58308|6939|1299|11172|265586
58308|6939|33891|202092
398465|1299|3356|28370|267608
58308|6939|1299|21277|13335
39351|174|2914|226|47065|61574
20932|174|210|47065|61574
35008|1299|29695|206557
139317|44324|32595|174|35986
34549|174|5538|8194|29345
28917|6939|1299|23520|272112|274072
139317|44324|32595|174|20546
12859|1680|44709
32097|20473|399970
206356|50629|1680|20473|47065|61574
13237|1299|3356|28370|268521
32590|137409|174|210|47065|61574
42541|62255|52091|206810|196767
58308|6939|6830|23520|64126|273220
16552|37100|1299|20473|47065|61574
56655|1299|6762|267470|263047
148968|7474|3257|174|5538|8194|29345
33891|264409|61832|266460|61625
58057|1836|1299|21351|60132
3257|174|3130|47065|61574
35369|5405|56630|209944
11845|30844|33891|44592|49581|209693
28917|6939|1299|19332|273286
28917|6461|32787|202161
34288|174|210329|215728
3130|174|7545|20473|47065|61574
44324|32595|174|399646
16347|3356|174|20723|2852|202874
28917|6939|1299|20473|207748
6453|1299|6855|39904
6762|174|20473|47065|61574
59890|174|201814|209896
52025|1299|6855|39904|199604
50673|174|11432|271150
917|60068|5511|1299|3920|206777
8220|1299|3356|28370
28917|6939|56595|209082
51519|39351|174|204548|215728
13830|971|174|204548|215728
12956|174|20473|47065|61574
327983|37497|1299|20473|399970
204092|6939|2852|197277
398465|174|1916|47065|61574
196621|9002|12555|48430
6696|1299|34927|202532
44324|32595|174|16349
4601|6939|28917|34784
397131|60011|3356|1299|10490|2722|12148|47065|61574
60068|1299|3356|28370|267608
20912|12637|47065|61574
50629|20764|52091|206810|12773|211692|196629
44324|32595|174|27951|274100
28917|6939|1299|397774
41327|6461|214565|64289|212895|210320
7594|174|52468|271150
58308|6939|33891|44946
207841|6939|28917|20985
139317|44324|32595|174|272373
29680|174|140227|44324|205369
58308|6939|1299|53981
58308|6939|7018|32119
196621|6939|50989|50683
199938|1299|174|60068|205884
48070|7195|28189|266931|271615|273522|271150
42541|7195|28189|266931|269250|271150
28917|6939|3170|57483
971|174|6453|19318|201813
206499|34549|174|399697|39967|399697
4777|2497|174|3130|47065|61574
215596|174|56630|209944
64475|62255|52091|206810|202279
139317|44324|32595|174|54270
58308|6939|6830|23520|270200|272314
28917|6939|1299|20473|395648
553|1299|3356|28370|269016
40994|6939|50989|50683
6830|6939|30893|200690
58308|6939|6830|23520|52253|13335
196621|58115|21263|205844
1299|6939|28370|267556
12956|1299|6855|39904
12779|3257|1299|3920|206777
6667|174|11432|271150|272738
47147|1299|20473|201423
3170|6461|6424|44592|49581|209693
174|3356|16735|2716
12969|1299|3356|28370|28657
20764|2603|21320|5408|47065|61574
58308|6939|6830|23520|272935|271808
7594|3356|1299|20473|47065|61574
559|35598|52091|206810|196638|42702
207841|57463|14840|269288
64475|44592|49581|209693
58308|6939|1299|20473|63538
28917|6939|1299|23520|272935|267845|274105
58057|50673|174|216211|211575
28917|6939|1299|20473|200202
28917|8359|57304|48678|42216
58308|6939|56595|58148
139317|44324|32595|174|37468|61568|266460|61625
40387|1299|6855|39904|47767
58308|6939|1299|60051|208293|203214|51684
58308|59689|29075|12859|47065|61574
207841|6939|28370|267556
30600|174|52468|271150
3491|1299|35598|52091|206810
207841|6939|28917|9110
139317|44324|401538|393577|213801
60326|34927|174|20473|47065|61574
34019|29169|174|216211|211575
28917|6939|1299|20473|399992
6424|6939|2852|48091
41327|6939|2852|212876
34177|1299|3356|28370|269016
29140|174|399697|39967|399697
28917|6939|1299|20473|213447
139317|6939|1299|20473|399970
34927|56655|1299|174|1916|47065|61574
24516|174|21320|5408|50148
58057|50673|174|28189|266931|269250|271150
63927|1299|20473|47065|61574
3356|1299|6855|50698
17350|2914|174|3130|47065|61574
58308|6939|1299|20473|202986
204092|6939|29222|41495|206202
1140|24785|1299|20473|399970
207841|6939|28917|12668|197404
15935|174|210329|215728
42541|1299|2914|226|47065|61574
6830|33891|216067|44244
49544|1299|6855|39904|202605
55222|174|3257|19318|201813
32590|37100|1299|8551|44709
31742|1299|3356|28370|263963
34019|3303|174|399697|39967|399697
58299|174|10490|2722|12148|47065|61574
60068|174|399697|39967|399697
20932|174|1916|47065|61574
58308|6939|1299|36352|55286
28917|6939|1299|61327
48070|6939|2852|199711
196621|33891|60068|211571
28917|6939|1299|42313|204816
199524|1299|7195|28343|2716
64475|62255|52091|206810|211692|31069
48185|1299|3920|206777
48070|6939|28917|39134|39561|197695
22652|174|3356|16735|2716
8283|2914|1916|47065|61574
28917|6939|1299|23520|272935|267845|272083
20080|2914|174|20473|47065|61574
559|35598|52091|206810|214721
32590|4637|3257|174|3130|47065|61574
36924|1299|17676|216211|44324|205369
139317|44324|32595|174|397903
4601|50869|52025|209477
1403|577|1299|20473|47065|61574
12637|6939|42695|52011
199524|1299|5511|60068|206406|210557
60011|3356|1299|20473|399970
49028|1299|4230|52654|266493|61625
50877|5405|9498|20473|47065|61574
50629|28917|215730|209693
44324|32595|174|209589
34854|1299|10490|2722|12148|47065|61574
207841|6939|59970
139317|44324|7720|10111|1299|3920|206777
29222|6939|31263|206207
139317|44324|32595|174|35916|21769
139317|44324|32595|174|7413
44324|32595|174|55410
44324|32595|174|48266
3320|1299|8551|20473|47065|61574
37105|37662|174|6453|4755|7768
58057|34549|3257|1299|20473|47065|61574
60068|33891|3223|34224|12735
58308|6939|33891|20546
40387|1299|60068|211571
58308|6939|268624|61823
28917|6939|1299|6128|54004|21835
28917|6939|6830|23520|52468|273859
44324|32595|174|205148
216285|8280|6762|174|399697|39967|399697
59105|2518|1299|6855|39904
55720|3491|174|22381|267470|263047|264389
29222|6939|29670|60802
20485|1299|6855|39904|199604
29222|6939|7018
34854|1299|8551|44709
7018|6461|9498|20473|47065|61574
4601|6939|28917|39238|49392|9098
42541|7195|20473|47065|61574
28917|6939|8943|43915
24516|174|210329|215728
31742|1299|3257|60068|206406|210557
44324|32595|174|399646|55223
4608|7575|6461|174|37468|61568|266460|61625
31510|174|201814|209896
50877|5405|6939|2852|210498
31510|174|140227|44324|205369
3216|1299|174|210329|215728
2734|32098|28509|174|23520|28545
40994|6939|28917|12668|51883
12350|1299|3356|28370|53079
24961|12859|47065|61574
29222|6939|50629|35675
20205|174|52468|262393
6057|174|140227|44324|205369
1280|1299|174|204548|215728
41722|20764|33891|60068|211571
28917|6939|268047
29504|15935|174|3356|16735|2716
50673|174|1299|3920|206777
12859|22356|28370|269016
57777|8298|8283|3491|209810|207187|206420
40994|6939|28917|52191
28917|6939|1299|20473|142281
12779|35598|52091|206810|48595
20514|1299|35598|52091|206810
31510|174|10490|2722|12148|47065|61574
58308|6939|1299|396122
3701|174|201814|209896
139317|44324|32595|174|13462
42541|62255|52091|206810|196638
12859|1828|12179|393398|3356|174|50131
34927|1299|3356|28370|263963
58308|6939|1299|20940|34164
29691|1299|174|140227|44324|205369
3170|6939|42695
34288|174|20473|47065|61574
29222|6939|29208|206785
34927|1299|174|60068|205884
263152|174|1299|3920|206777
139317|44324|32595|174|8285|199152
57381|50304|1299|174|216211|211575
58299|4601|4492
28917|6939|1299|3223|48254
4777|2497|2914|12859|47065|61574
35710|3320|1299|20473|47065|61574
58308|35598|52091|206810|12773|52213
151326|174|56630|209944
37468|174|11432|271150
9268|4764|1299|23764|35168|212999
28917|6939|1299|209022
59891|13030|1299|174|3130|47065|61574
24785|6830|3356|28370|28657
6894|3257|174|20473|47065|61574
37468|174|20473|47065|61574
48070|1299|3356|28370|263060
6424|6939|28917|6789
38880|6762|174|140227|44324|205369
9002|3356|174|5538|8194|29345
44324|32595|18423|137409|6461|1299|25091|8298|4601
8220|1299|25091|8298|4601|4492
5405|6939|30893|13214
57381|50304|1299|3257|20473|47065|61574
58299|174|140227|44324|205369
55222|174|28189|266931|271615|273522|271150
41327|6939|15372
64475|62255|52091|206810|211692|214268|196977
41327|33891|60068|211571
20612|9044|1299|174|37468|61568|266460|61625
49434|33891|216067|44244
57381|50304|1299|3356|28370|263060
28917|6939|1299|20473|211224
58308|6939|7018|14654
15605|6939|59970
6424|37517|1299|174|37649
28917|6939|3170|203589
12969|1299|6453|1031|61568|266460|61625
2497|1299|56630|209944
29222|6939|29208|62083
3549|3356|1299|6855|39904|202605
3170|9304|136237|174|137995
29075|174|204548|215728
6730|6830|44530|41327|213013
209|3356|174|10490|2722|12148|47065|61574
44324|32595|174|212551
37697|37497|1299|6855|39904
16552|37100|6762|174|37468|61568|266460|61625
58308|6939|21430|33943
559|6461|394737
328840|327727|174|16276|203019
58308|35598|52091|206810|211692|31069
44324|32595|174|52341
44324|32595|174|57974|62661
19151|174|14840|269288
16552|1299|37468|53062|266493|61625
58057|1836|33891|216067|44244
38880|4826|1299|198949|35676
49544|2914|174|60068|205884
29222|6939|7018|15084
44324|32595|174|53667|139791
58057|1836|33891|44592|49581|209693
61218|29632|9002|1299|198949|35676
28917|6939|1299|20473|153319
327960|174|5459|200070
6424|6939|28370|267608
35600|35598|52091|206810|202279|213203
58308|6939|5405|60169
205112|50629|6939|24796|63293
34019|47160|174|52468|262393
6424|6939|2852|198500
8283|3491|209810|207187|201265
28917|6939|1299|3223|41378
210312|4601|6939|28917|50923
58308|35598|52091|206810|59867
3214|1299|2914|226|47065|61574
22652|1299|10490|2722|12148|47065|61574
17639|174|399697|39967|399697
58057|50673|174|3130|47065|61574
48362|1299|17676|216211|44324|205369
17639|174|60068|216213|205884
58308|23764|35168|212999
28917|6939|1299|62874
58308|6939|6830|23520|27696
12389|1299|20473|399970
206499|34549|174|140227|44324|205369
29680|174|28189|266931|271615|273522|271150
28917|6939|1299|39648
139317|44324|32595|174|202978
5405|1299|20473|399970
553|9002|197589|174|6762|3269|198013
42541|29632|215536
3491|1299|25091|8298|4601|4492
22652|174|5538|8194|29345
52320|1299|8551|44709
139317|44324|32595|174|270120
28917|6939|1299|20473|204844
64475|62255|52091|206810|24881
6720|1764|174|10490|2722|12148|47065|61574
15605|35598|52091|206810|197960
12779|62255|52091|59815|25299
25152|2497|174|210|47065|61574
28917|6939|1299|23520|6639
58308|6939|7018|10439
6424|7195|11432|271150
29222|6939|7018|25993
28917|6939|1299|20473|153185|149510
4601|6939|28917|24651
1273|174|34927|202827
20932|174|3130|47065|61574
50877|5405|6939|16652
139317|44324|32595|174|992
139317|44324|32595|174|329109|328297
8220|1299|17676|216211|211575
25160|174|210|47065|61574
4601|6939|28917|39134
210937|1299|33891|216067|44244
44324|32595|174|272406
58308|6939|1299|395035
2497|1299|1680|20473|47065|61574
31510|174|6453|29208
327727|174|5459|200070
56655|1299|5511|60068|206406|210557
14315|6453|1299|201814|209896
59105|2518|2516|174|3130|47065|61574
58308|6939|1299|54082|64150|63293
6082|174|20723|2852|202874
32590|12956|1299|6855|39904
204092|6939|29222|41495
1299|60068|197103|212080
58308|6939|6830|60068
34927|174|3130|47065|61574
8283|6939|50989
202032|8298|4601|4492
6830|6939|207995
7713|1299|6762|267470|263047
139317|44324|32595|174|263237|266830|28120
20932|1299|174|37468|61568|266460|61625
210312|4601|50869|6939|42695|43101
45049|6696|1299|20473|47065|61574
28917|6939|1299|20473|400644
1828|6461|174|5538|8194|29345
35369|1764|174|60068|216213|205884
35600|44592|49581|209693
58308|6939|7018|20057|64011
56655|1299|37468|52468|271150
21700|174|21320|5408|47065|61574
28917|6939|1299|20473|399976
56655|1299|20473|201423
17350|2914|1299|35598|52091|206810
13030|1299|7195|20473|47065|61574
174|7195|20473|47065|61574
56655|1299|174|20473|47065|61574
7474|7473|1299|3920|206777
5413|1299|21351|60132
28917|6939|1299|400475
59891|13030|1299|174|210329|215728
9268|4764|1299|35598|52091|206810
28917|6939|1299|23520|262191|270088
50629|20764|52091
28917|6939|268624|262594|269677
49028|35280|6453|174|11432|271150
4601|6939|28917|50009
11845|30844|33891|216067|44244
42541|1299|174|3130|47065|61574
39122|174|204548|215728
14537|174|20473|47065|61574
553|6939|30893
58308|6939|1299|49206
60068|5511|1299|198949|35676
9268|4764|1299|6204|44592|49581|209693
17350|6453|1299|6855|50698
3257|174|201814|209896
199524|47311|150249|153176
29222|6939|3170|206924
48070|6939|2852|212876
59689|29075|174|8551|20473|47065|61574
6424|6939|28917|198297
58308|6939|1299|20473|150184
28917|6939|1299|134521
8660|1267|1299|6453|29208
58299|12859|47065|61574
7018|3356|9002|8772|396416
49028|1299|6939|30893|204789
20612|9044|1299|20473|201423
553|6939|59970
12779|6939|29222|41495|206202
15605|35598|52091|206810|39089
41327|50263|201814|209896
4601|50869|58299|209185
58308|6939|6830|23520|11556
58057|50673|174|52468|262393
48070|212175|174|212175
57381|50304|1299|201814|209896
44324|32595|174|59402
199938|1299|6453|4755|7768
204092|30781|3356|174|140227|44324|205369
7500|2497|174|52468|271150
44324|32595|174|18640
20205|1299|8551|20473|47065|61574
22652|174|3356|28370|268521
50300|174|52468|262393
210937|1299|6461|394737
28917|6939|1299
553|62255|52091|59815|25299
37697|3491|174|28189|266931|269250|271150
15605|20764|202984|35598|25308|28917|204076
5405|14840|269288
139317|44324|32595|174|57961|205140|14789
5405|7195|20473|47065|61574
41327|2603|21320|5408|47065|61574
49788|1299|3356|16735|273514
50628|1299|56630|209944
28917|6939|1299|11019|30361
28917|6939|1299|6424|47787|203020
198249|13030|1299|174|60068|205884
61218|29632|9002|3356|174|20473|47065|61574
8220|1299|42303|51701|30893
58308|6939|1299|36236|11878
8283|50509|51032|41344|39707
3356|174|20723|2852|202874
12956|2914|12859|47065|61574
139317|44324|32595|174|58453|9505|135062
37239|37468|1299|6855|39904
139317|44324|32595|174|206262|57722
52320|1299|6855|39904
17660|6453|174|399697|39967|399697
58308|6939|12735|15830|47952
28917|6939|1299|210937|11930
34288|1299|198949|35676
50304|1299|3356|28370|263963
20253|1299|174|210|47065|61574
28917|6939|1299|203410
4777|2497|174|37468|61568|266460|61625
28917|6939|7018|36040
58308|6939|12735|14789
59414|6830|5511|49666|58224|214805
20912|12637|1299|60068|197103|212080
48362|1299|3356|28370|28657
31122|174|8551|20473|47065|61574
29222|6939|47160|214390
41666|20764|52091|206810|59815
42541|34927|202532
205206|1299|3356|28370|28657
37662|174|3257|21034
58308|6939|6830|23520|64126|265695|63293
28917|6939|1299|8151|278
209650|34927|1299|3356|28370|267556
52320|6461|21320|5408|47065|61574
28917|6939|1299|15830|400498
50629|20764|52091|206810|57460
5405|1299|8551|44709
57111|174|2914|20473|47065|61574
2734|137409|48011|25184|49801|204533
6730|6830|3356|28370|267608
12859|6461|210|47065|61574
34019|6696|1299|20473|47065|61574
8426|33891|60068|211571
559|6939|42695
51519|39351|1299|20473|47065|61574
1403|577|1299|1680|20473|47065|61574
23367|1299|29695|206557|204503
6424|6939|28370|267556
327727|174|37468|53062|266493|61625
263152|174|216211|211575
58308|6939|28917|48084|35816
57111|41327|6461|6057|28283|268744|2716
39392|33891|20473|47065|61574
14315|6453|3356|21320|5408|47065|61574
3257|1299|20473|399970
20912|12637|8298|4601|4492
15605|6939|50989|48116
28917|6939|1299|47887
1299|32787|202161
6461|174|37468|61568|266460|61625
136557|174|140227|44324|205369
35600|6939|28917|50045
28917|6939|25192
58308|6939|1299|34628|34652
47957|3356|174|20473|47065|61574
28917|6939|1299|20473|58093
213151|41051|58299|56630|209944
34854|1299|174|140227|44324|205369
28917|6939|1299|20473|206290
58308|6939|6830
174|32595|44324
8283|6939|24796|63293
37100|1299|60068|216213|205884
36236|2914|12859|47065|61574
263152|174|2914|226|47065|61574
49432|48362|1299|60068|197103|212080
1299|6939|30893
9044|174|20473|47065|61574
6720|1764|174|3130|47065|61574
38136|50131|36236|174|37468|61568|266460|61625
49544|1299|20473|201423
58308|6939|8943|44671
139317|44324|32595|174|210801
22652|174|3356|1680|44709
58308|6939|262365
8529|1299|56504|47674
34927|174|7311|835|394273
8220|3491|174|20723|2852|202874
8283|34927|202532
139317|44324|22356|52468|271150
3491|174|28189|266931|269250|271150
28917|6939|1299|23520|264821|273009
917|60068|174|210|47065|61574
58308|6939|1299|41897
28917|6939|1299|11664|20002
35280|6453|174|21320|5408|47065|61574
4775|1273|1299|20473|47065|61574
210312|4601|50869|34019|209090|205690
41666|20764|52091|206810|196638
49432|48362|1299|2914|226|47065|61574
61568|6762|1299|6855|39904|199604
196621|6939|28917|39153
20612|9044|174|60068|205884
58308|6939|1299|11172
35008|1299|174|3130|47065|61574
29222|6939|2852|199711
136557|174|3356|9002|12555|48430
58308|6939|3170|49485
28917|6939|204310
37100|174|20473|47065|61574
8218|6461|174|204548|215728
3399|5511|174|14840|269288
28917|6939|1299|20473|899
64475|62255|52091|206810|12773|47809|50780
6082|174|14840|2716
34800|58057|50673|174|60068|197103|212080
34177|174|204548|215728
553|62255|52091|206810|8274
28917|6939|41720|58180
28917|6939|263047|264923
58308|6939|1299|198218
60011|3356|1299|6855|39904
12637|6939|29222
58308|39801|29222|204957
6908|174|6453|29208
196621|6939|15372
20253|1299|3356|16735|273514
57381|50304|1299|7195|28189|266931|271615|273522|271150
50628|6830|60068|216213|205884
132825|174|37468|61568|266460|61625
6720|1764|1299|8551|44709
3130|174|52468|262393
24516|3491|2914|12859|47065|61574
8283|3491|38001|25192
1299|174|216211|211575
2027|6696|1299|20473|399970
34177|174|210329|215728
553|174|21320|5408|47065|61574
3130|174|5538|8194|29345
58308|6939|1299|52468|23031
55222|174|3257|21034
28917|6939|1299|20473|35085
12586|3257|1299|20473|201423
20253|1299|12859|47065|61574
36924|1299|3257|21700|399914
7594|174|8551|20473|47065|61574
8283|6939|28370|263060
8218|6461|174|20473|47065|61574
16552|37100|1299|201814|209896
7474|3257|174|20473|47065|61574
12637|35598|52091|206810|12773
28917|6939|1299|52580
139317|44324|32595|174|4058
6830|6939|50989|48116
6830|6453|60068|216213|205884
28917|6939|1299|20473|215168
57866|1299|8551|44709
28917|6939|1299|20473|150805
25160|1299|6855|39904|202605
28917|6204|208972|210538|6775|13030|4637|133398
20130|23352|2914|1299|3920|206777
20612|9044|33891|60068|211571
328206|37739|3491|1299|20473|47065|61574
57381|50304|1299|3356|28370|268198
16552|30844|8283|47065|61574
50304|1299|10490|2722|12148|47065|61574
1280|1299|174|140227|44324|205369
58308|6939|1299|208414
14907|5405|32787|202161
12956|1299|29695|206557|208835
48185|1299|60068|197103|212080
60326|206499|34549|1299|198949|35676
210937|1299|6762|16735|273514
64475|6939|28917|198297
139317|44324|32595|174|48519
37697|3491|174|204548|215728
210312|4601|6939|28917|6789|200702
29504|15935|174|3356|28370|268521
58308|6939|1299|262206|28036
1836|1299|3920|206777
139317|44324|32595|174|263167
64475|6939|28370|263535
553|6939|28370|28657
8283|6762|16735|266931|271615|273522|271150
7474|3257|174|399697|39967|399697
42473|1299|3356|16735|273514
15605|35598|52091|206810|48687
57777|8298|12859|47065|61574
210312|4601|50869|52025|212895|205991
28917|6939|1299|20473|202986
24785|6830|3356|28370|268521
1299|3356|28370
917|25369|174|11432|271150
196621|6939|28370|267556
58308|6939|1299|270126|270215
34927|1299|12956|212721
28917|6939|1299|23520|272935|267705
210937|1299|5511|60068|206406|210557
57111|174|1916|47065|61574
31742|1299|3356|28370|263060
1299|62081|198408
28917|13335|5408
34927|174|1916|47065|61574
60011|3356|1299|6855|39904|199604
215596|1299|3356|8119
41666|20485|35598|52091|206810
139317|44324|32595|174|11900
51873|6830|1299|198949|35676
47147|1299|3356|28370|263060
20912|12637|174|21320|5408|47065|61574
199524|1299|6855|39904
174|46427|64289|44592|49581|209693
207841|61049|174|20473|47065|61574
64475|62255|52091|206810|34786
2734|47787|6424|203020
1140|24785|6830|3257|21034
42473|1299|3491|216211|211575
136557|174|5538|8194|29345
328840|327727|174|14840|269288
8283|6461|394737
553|16276|203019
28917|6939|1299|32097|399646
140627|1299|3356|1680|44709
28917|6939|1299|212477
16347|1299|6453|19318|201813
7500|2497|174|20723|2852|202874
35426|215596|174|140227|44324|205369
28917|6939|1299|52468|273229
4601|6939|28917|21453|41783
6830|6939|25192|26710
3491|174|60068|211571
44393|394256|174|37468|53062|266493|61625
34800|58057|50673|174|7311|835|394273
1299|21351|60132
132847|7474|3257|174|3130|47065|61574
47147|6830|60068|211571
40994|6939|28370|263060
22652|1299|8551|44709
12779|6939|30893|13214|35634
210312|4601|50869|34019|35600
9268|4764|1299|21351|60132
6730|6830|174|204548|215728
6830|5511|60068|216213|205884
42541|1299|60068|211571
20253|1299|56630|209944
35369|1764|174|210329|215728
28917|6939|1299|34927
3356|174|204548|215728
1140|24785|6830|174|52468|271150
209|3356|174|21700|399914
29222|6939|262365
49544|3356|174|11432|271150|272738
37697|3491|174|35598|52091|206810
42541|62255|52091|206810|211692|31069
2914|174|60068|216213|205884
6894|174|60068|205884
28624|61568|174|140227|44324|205369
7018|174|11432|271150|272738
28917|6939|61618|268364
139317|44324|32595|174|28999
58308|6939|40994|204136
216285|8280|6762|1299|34927|202532
6424|6762|1299|20473|47065|61574
215596|62000|1680|44709
6730|6830|1299|6855|39904|47767
17660|2914|1299|3920|206777
559|35598|52091|206810|213694
210937|1299|3356|28370|263963
215596|174|5538|8194|29345
327983|37497|3491|174|8551|20473|47065|61574
2734|40511|6461|7018|27434
28917|6939|1299|3225|50475|43586
58057|50673|174|399697|39967|399697
6423|20055|1299|6855|39904|47767
12859|215551|30893|200690
139317|44324|32595|174|32244|201682
45352|174|21320|5408|50148
40994|6939|29222|41495|206202
20055|1299|20473|399970
28917|6939|1299|23520|46650|14432
28917|6939|1299|400760
140627|1299|35598|25308|28917|204076
4826|9002|21320|5408|47065|61574
7713|174|1299|25091|8298|4601|4492
44324|32595|174|329082
44324|32595|174|266593
328840|327727|174|399697|39967|399697
28917|6939|1299|32270|265547
35280|1299|6855|50698
6424|6939|28917|52191
210312|4601|50869|204003
4601|50869|41051|213422
29479|50304|1299|6855|39904|202605
7018|3356|3223|34224|12735
28917|6939|1299|32787
29222|6939|8194|201547
20612|9044|1299|198949|35676
266213|3356|1299|3920|206777
12637|35598|52091|206810|202279|213203
28917|6939|1299|23520|28545|28509
559|4601|4492
559|6939|200303
6461|1299|1680|20473|47065|61574
28917|6939|40994|204136
20932|1299|6453|19318|201813
174|3356|9002|12555
25160|2603|21320|5408|47065|61574
28917|6939|1299|20473|211968
6424|6939|28917|9110
58308|6939|29208|60275
207841|6939|29222|41495
4601|6939|28917|6789|201069|207979
60068|174|10490|2722|12148|47065|61574
4601|50869|6939|28370|269016
4230|1299|34927|202827
210312|4601|50869|41051|197885
58308|6939|33891|211319
21412|1299|20473|399970
20205|1299|201814|209896
58308|6939|6830|23520|54082|263725|274085
207841|7195|28343|2716
58308|6939|1299|14080
49432|48362|1299|3356|28370|28657
28917|6939|1299|20473|36268
328840|327727|174|201814|209896
15605|6939|30893|13214
51873|6830|174|37468|61568|266460|61625
20253|1299|3356|28370|263535
28917|6939|25400|50270
51519|39351|1299|20473|201423
174|5459|200070
58308|6939|6830|23520|272935|267862
58308|6939|1299|201216
196621|6939|28917|48084|59833
24961|3320|174|399697|39967|399697
58308|6939|6830|23520|64126|272980
24961|47311|150249|153176
28917|6939|1299|60068|917
29222|6939|12637
16552|1299|3223|41327
293|3356|174|201814|209896
8283|6939|2852|197451
28917|6939|1299|16509|200227
21700|174|140227|44324|205369
58299|7195|11432|271150
210937|1299|60068|216213|205884
12350|1299|6762|49666|58224|214805
34927|56655|1299|174|204548|215728
58308|6939|15935|201727
3549|3356|1299|201814|209896
28917|6939|1299|23520|267708
24961|1299|20473|47065|61574
12637|1299|8551|20473|47065|61574
204092|6939|28917|48610|57712
6762|174|32595|44324
12350|1299|3356|28370|263963
29222|6939|215172|214955
199524|174|210329|215728
202032|58115|21263|216282
13030|1299|174|14840|269288
28917|6939|1299|20473|395522
971|174|34927|202827
6696|1299|56504|47674
24785|1299|198949|35676
57111|41327|44592|49581|209693
140627|1299|35598|52091|206810
28917|6939|1299|4538
28917|6939|1299|211393
206356|50629|174|60068|205884
205206|1299|6855|39904|47767
202365|50673|174|7311|835|394273
58057|174|210329|215728
28917|6939|1299|8151|270206
58308|6939|28917|44812
137409|174|210329|215728
204092|34019|47065|61574
47147|1299|3356|28370|263535
398465|1299|3356|8119
2497|1299|35598|52091|206810
136557|174|60068|216213|205884
210312|4601|50869|56381|209844
28917|6939|1299|23520|263238|272883
29222|6939|28917|50045
28917|20764|52091|206810|214721
199524|174|56630|209944
207841|6939|60432
34927|1299|3257|19318|201813
12637|57463|7713|1299|56308
12779|47065|61574
44324|32595|174|62902
12637|20764|43298|48678|210574
58308|6939|9136|207592
28917|6939|1299|21559|271945|269931|271968|271989
28634|4230|1299|29695|206557
34927|52025|174|3356|8119
50629|57463|14840|2716
20080|2914|3356|21320|5408|47065|61574
513|29222|6939|61618|267443
215596|1299|3356|28370|268521
2518|1299|34927|202532
5405|6939|25192|26710
20932|1299|3257|20473|47065|61574
39351|174|3356|28370|268521
64475|28283|268744|2716
327727|174|17378|8119
44324|32595|174|16437
58308|6939|1299|21859|42969
210312|4601|8298|25091|6830|60068|216213|205884
44324|32595|174|6405
58308|6939|50989|205966
28917|6939|1299|1759|29422|207006
58308|6939|6424|39384
35280|1299|42303|51701|30893
6667|1299|2914|226|47065|61574
37721|174|60068|216213|205884
58308|59689|30781|1299|198949|35676
28917|6939|1299|20473|147048
35600|35598|52091|206810|24881|24697
28917|6939|7018|25996
35426|215596|174|21320|5408|47065|61574
40994|6939|59689
140627|1299|3356|8119
139317|44324|32595|174|394611
6461|174|32595|44324
50300|174|11432|271150
28917|6939|1299|60068|197103|264846
48919|174|1299|8551|44709
5405|6939|2852|199711
48185|1299|10490|2722|12148|47065|61574
46450|1299|174|210329|215728
20764|174|210329|215728
28917|16276|203019
58308|6939|7018|396912
28917|6939|1299|23520|27717|269846
210937|1299|198949|35676
58308|6939|12637|60087
6424|32787|202161
210312|4601|50869|52025|205649
6830|6939|215172|214955
35600|20764|43298|48678|210574
49028|1299|6939|200303
10111|1299|20473|47065|61574
37721|174|216211|211575
58057|174|10490|2722|12148|47065|61574
139317|44324|32595|174|33154|398461
15605|35598|52091|206810|57982
44324|32595|174|26277
34800|58057|50673|174|2914|20473|47065|61574
48070|6939|28917|47759
1273|1299|34927|202532
40994|57463|41327|41827
210937|1299|12859|47065|61574
48070|57463|7713|1299|56308
20764|8359|1299|6855|39904|47767
59689|30781|33891|44592|49581|209693
6830|1299|3216|51032|41344|39707
51519|39351|174|3257|60068|206406|210557
42473|1299|21351|60132
12779|6939|50989
6667|1299|10490|2722|12148|47065|61574
196621|6939|28917|43714
29222|6939|199399
40387|1299|4230|2716
210312|4601|50869|41051|47509
50877|5405|62255|62379
34549|1299|3223|34224|12735
59919|12779|1680|44709
3170|6939|28917|198297
398465|1299|12956|212721
19653|30600|1299|6855|39904|202605
132337|1299|3356|8119
210937|1299|60068|211571
12307|29691|1299|3356|16735|273514
51873|6830|174|1916|47065|61574
20205|1299|3356|16735|273514
199524|1299|56630|209944
49432|48362|1764|5405|61568|266460|61625
15605|6939|30893|199580
44393|394256|174|1299|198949|35676
4764|174|28283|268744|2716
207841|6939|2852|197277
58308|6939|6830|23520|27665
39351|1299|2914|226|47065|61574
28917|6939|40994
28917|6939|31263|206207
28917|6939|31263|8822
202297|13335|400095
398465|1299|35598|52091|206810
29222|6939|208453|214639
25160|174|210329|215728
28917|6939|1299|210909
28917|6939|15576|60311
1273|1299|12859|47065|61574
4181|1299|12859|47065|61574
7713|174|10490|2722|12148|47065|61574
210312|4601|7195|20473|47065|61574
15605|6939|28370|263535
34800|58057|50673|174|210|47065|61574
58308|6939|1299|3301|8464
40994|6939|24796
41666|20764|52091|206810|211692|214268
3701|3356|1299|12859|47065|61574
29222|6939|31263|8822
28917|6939|1299|52468|269989
28917|8359|57304|39531
6461|174|14840|269288
44324|32595|174|63089
8283|20764|52091|206810
56655|1299|6461|394737
199524|1299|7195|20473|47065|61574
45352|1299|3356|8119
3170|6939|2852|61110
34927|174|6461|9498|20473|47065|61574
60068|174|21320|5408|50148
20055|1299|16164|36032
44324|32595|174|153773
6908|174|210329|215728
28917|6939|1299|23520|46650|399273
29075|1299|3257|20473|47065|61574
559|35598|52091|206810|211692|214268|197578
57695|917|60068|174|21320|5408|50148
139317|44324|32595|174|53667|139791
24482|47311|150249|153176
139317|44324|32595|174|35598|48108|208626
148968|7474|3257|174|3130|47065|61574
42541|1299|6762|16735|273514
28917|6939|1299|25400
34177|1299|6762|16735|273514
3170|174|60068|205884
15605|35598|52091|59815|25299
28917|6939|1299|60610|48686
35280|6453|174|60068|216213|205884
34927|52025|174|6453|29208
1140|24785|6830|3356|28370|263535
60068|174|216211|44324|205369
58308|6939|6830|23520|270111
6461|6830|34927|202827
48919|174|216211|211575
210312|4601|50869|6939|28370|28657
12637|30844|21351|60132
5408|47065|61574
51519|39351|174|60068|216213|205884
64475|6939|25192|26710
29222|6939|29670|57024
58308|6939|6823
9002|6830|60068|216213|205884
8283|20764|52091|206810|12773|47809|59478
12779|35598|52091|206810|35273
16552|6453|174|21320|5408|50148
1403|577|3491|5408|47065|61574
266213|3356|174|5538|8194|29345
58308|6939|1299|27947
29222|6939|6424|134450
58308|6939|50533|205427
207841|6939|50989|48116
196621|6939|2852|212876
140627|2914|1299|10490|2722|12148|47065|61574
60068|174|21320|5408|47065|61574
42473|1299|8551|44709
28917|20764|52091|206810|211692|31069
205206|1299|3356|28370|264426
34927|56655|1299|7545|20473|47065|61574
29222|6939|7018|11483
35008|1299|20473|47065|61574
1103|3257|174|3130|47065|61574
2734|3257|174|21320|5408|47065|61574
58308|6939|1299|201035
202365|50673|174|7545|20473|47065|61574
139317|44324|32595|174|7497
49028|1299|3356|28370|28657
917|60068|1299|3356|28370|267608
31742|1299|3356|16735|273514
58308|6939|199081|209847|26383
199524|6762|1299|3920|206777
137409|33891|216067|44244
6424|1299|201814|209896
21320|33891|60068|211571
327960|174|37468|61568|266460|61625
44324|32595|174|61506
49544|21320|5408|47065|61574
40994|6939|28370|28657
28917|6939|1299|3223|211428
20253|1299|6855|39904|47767
58308|6939|1299|270122|270111
29222|6939|32097
20253|1299|25091|8298|4601|4492
21412|1299|20473|47065|61574
6830|6939|28917|197078
22652|1299|3223|41327
209650|34927|1299|3920|206777
35600|13237|196714|5405|199284|15725|49885
202365|50673|174|1916|47065|61574
9044|174|3130|47065|61574
23367|1299|3356|28370|269016
204092|6939|28917|20985
398465|3320|1299|37468|53062|266493|61625
3356|174|21700|399914
15623|174|20473|47065|61574
216285|8280|6762|1299|6855|50698
327727|174|30844|21351|60132
5405|1299|20473|47065|61574
13830|971|174|1299|6855|39904|47767
34927|52025|1299|6855|39904|47767
58308|6939|1299|32270|265547
55222|174|6762|49666|58224|214805
50628|1299|8551|20473|47065|61574
12637|1299|20473|47065|61574
28917|6939|1299|27947|272890
58308|6939|51826
210312|4601|50869|34019|34958
51519|39351|12859|47065|61574
58308|6939|50629|207252
56655|1299|25091|8298|4601|4492
1299|35598|52091|206810
58308|6939|28370|270962
202365|50673|174|1299|20473|47065|61574
139317|44324|32595|174|8304
28917|6939|1299|23520|27665|27789
4181|1299|29695|206557|205190
35710|3320|1299|8551|20473|47065|61574
7018|1299|6855|50698
139317|44324|32595|174|14960|19551
44324|32595|174|3714|1657
28917|6939|1299|206924|204318
28917|6939|1299|8151|19373
60068|5511|1299|3920|206777
14315|6453|1299|20473|399970
553|6939|200303
34019|49581|209693
52025|1299|29695|206557|204503
58308|6939|7018|397556
7474|3257|174|5538|8194|29345
58308|6939|6830|23520|27665|263222
38001|3491|174|14840|269288
28917|6939|1299|14080|3573
29479|50304|47311|150249|153176
139317|44324|32595|174|12189
1403|577|1299|12859|47065|61574
28917|6939|1299|6400|264817
20514|1299|3356|28370
49028|1299|174|140227|44324|205369
28917|6939|1299|6204|25198
139317|44324|32595|174|44891
46450|1299|6762|49666|58224|214805
6424|6939|393682
34927|52025|1299|6855|39904
207841|20473|30893
40994|2914|12859|47065|61574
29222|6939|7018|3573
58308|6939|6830|23520|263785
44324|32595|174|6621|265705
12859|6939|60432
32590|1299|3356|28370|263535
28917|6939|6830|23520|52468|269934|274125
57695|917|60068|1299|198949|35676
28917|6939|1299|51569
12637|13335|5408
4601|50869|212934
209|3356|1299|8551|44709
293|3356|1299|20473|47065|61574
44324|32595|174|18501
3170|57463|14840|269288
12637|1299|201814|209896
58308|6939|1299|23487
44324|32595|174|327727|328840
136557|174|37468|270551|263047
31510|174|1299|198949|35676
852|1299|201814|209896
6461|174|60068|197103|212080
139317|44324|32595|174|13999
28917|6939|202297|200299
14315|6453|1299|198949|35676
48362|1299|10490|2722|12148|47065|61574
3170|6461|55081|59678|216096
35600|6939|28917|197078
28917|6939|7018|22056
9002|1299|60068|216213|205884
12779|62255|52091|206810|24881|24697
58308|6939|7018|395742
6696|1299|3257|20473|47065|61574
34854|1299|3223|41327
50877|5405|6939|25192|29067
29075|174|210329|215728
6730|6830|174|28283|268744|2716
139317|44324|32595|174|35598|35196|206174
196621|6939|28917|6789
28917|6939|1299|8151|19373|22894
7018|1299|29695|206557|204503
3356|174|216211|211575
44324|32595|174|25509
15605|6939|28370
139317|44324|32595|174|32505|397370|6936
12859|3223|34224|12735
3214|1299|198949|35676
17350|2914|174|204548|215728
6424|6939|28917|6789|200702
139317|44324|32595|174|28929
1299|3257|19318|201813
6762|1299|42303|51701|30893
50629|20764|52091|59815
29075|1299|20473|399970
12859|3216|1299|8402
52320|1299|6855|39904|47767
199524|1299|6453|19318|209896
12779|6939|215172|214955
9268|4764|1299|6855|39904|202605
20253|1299|174|3130|47065|61574
6830|9002|12555|210259
28917|6939|1299|6503|22894
48070|1299|6453|4755|7768
28917|6939|1299|48851
3130|174|30844|21351|60132
58299|49581|209693
1764|1299|8551|44709
60326|34927|12859|47065|61574
2914|1299|6855|39904
32590|1299|174|37468|61568|266460|61625
5413|1299|3491|216211|211575
29222|6939|30893|13214|35634
2027|47160|6939|54429
8283|3491|209810|207187|207198|206429
12389|174|60068|205884
8218|33891|216067|44244
8529|6453|174|399697|39967|399697
327804|37271|3257|1299|3920|206777
207841|6939|28917|47759
29222|6939|8194|12509
34177|1299|6453|19318|209896
10111|1299|12859|47065|61574
28917|6939|1299|55222
34019|6939|54429
28917|6939|1299|35415|205186
29504|39392|174|140227|44324|205369
24516|174|3356|28370|268521
34549|1299|201814|209896
6908|1299|6855|39904|199604
28917|6939|1299|199753
559|34927|202532
210312|4601|50869|41051|212510
28917|6939|1299|29774
50629|6939|50989|50683
50628|1299|20473|201423
8283|20764|52091|206810|211692|214268|196977
33891|8298|4601|4492
58308|6939|29222|204957
48070|6939|28917|6789|203561
56655|1299|37468|53062|266493|61625
6696|1299|3356|8772|215536
204092|6939|28370|264426
16552|3257|174|1916|47065|61574
210312|4601|50869|41051|212977
58308|6939|1299|1759|51164|20574
44324|32595|174|54502
553|6939|25192|26710
202365|50673|174|210329|215728
58308|6939|6830|23520|267853
37662|174|21320|5408|50148
327804|37271|174|140227|44324|205369
139317|44324|32595|174|54113
34800|29632|9002|21320|5408|47065|61574
34549|1299|33891|216067|44244
971|174|1299|6855|50698
210312|4601|8298|25091|1299|198949|35676
6424|20764|52091|206810|196638
20130|23352|2914|174|21320|5408|47065|61574
20253|1299|6057|28283|268744|2716
28917|6939|1299|9009|44239
553|6939|215172|214955
37697|37497|1299|6855|39904|202605
28917|6939|1299|199544
559|6830|60068|211571
44324|32595|174|53667|44421
58308|6939|5405|213425|33832
29222|6939|35600|61025
34927|56655|1299|56630|209944
38880|6762|1299|20473|47065|61574
20253|1299|3356|16735|2716
199524|1299|34927|202827
3130|174|17378|8119
28917|6939|1299|52025|212895|54891
29222|6939|28917|204623
15935|174|28189|266931|271615|273522|271150
132825|174|3356|28370|28657
64475|6939|28917|6789|200702
34927|1299|3356|28370|263535|268030
7720|10111|1299|60068|197103|212080
51088|2914|174|3130|47065|61574
12637|56630|209944
37468|174|210329|215728
174|6762|1680|44709
6424|6939|28370|269016
35426|215596|1299|6762|16735|273514
41722|12389|174|140227|44324|205369
40994|57463|41327|202975
39351|1299|3257|20473|47065|61574
49788|1299|8551|20473|47065|61574
50877|5405|6939|30893|199580
23367|1299|198949|35676
28917|6939|1299|14080|265652
199524|1299|4230|2716
34927|1299|3356|28370|267556
28917|6939|7018|6431
202032|58115|21263|206970
139317|44324|32595|174|17072|272286
174|3356|28370
328964|37468|3257|174|3130|47065|61574
44324|32595|174|47936
28917|6939|1299|23520|273157
917|60068|33891|44592|49581|209693
28917|6939|1299|27589
6908|174|22381|267470|263047|264389
58308|6939|35826
3170|6939|59970
58308|6939|6830|23520|27717|274255
35600|6939|28917|43714
12307|29691|1299|60068|197103|212080
4601|50869|41051|213586
206356|50629|50263|201814|209896
4601|7195|11432|271150|272738
5405|6939|54429|401894
28917|6939|1299|48620
64475|62255|52091|206810|196767
4637|1299|56504|47674
58057|50673|174|1299|3920|206777
12637|35598|52091|206810|202497
9002|1299|8551|20473|47065|61574
35369|1764|174|52468|262393
35426|215596|1299|34927|202532
12956|174|60068|216213|205884
57381|50304|1299|8551|44709
28917|6939|1299|36137
34019|34927|202532
28917|6939|1299|54082|263725|274023
58308|59689|29075|174|3257|21034
28917|6939|1299|61273
35008|1299|6461|394737
4637|3257|5405|8943|200636
18106|4657|1299|20473|47065|61574
40994|6939|30893|204789
44324|32595|174|53667|202256
3491|1299|22773|8119
48070|1299|3356|1680|44709
59689|29075|174|140227|44324|205369
28917|6939|1299|20473|205618
6762|1299|29695|206557|205190
29222|6939|207995
21412|1299|7545|20473|47065|61574
28917|6939|1299|15704
28917|6939|1299|23520|263703|269946
204092|6939|28370|270962
55720|2914|1299|201814|209896
28917|6939|61618|267216
3320|1299|42303|51701|30893
58308|6939|6830|23520|52468|52242
32590|1299|60068|197103|212080
14907|5405|14840|269288
2497|174|20473|47065|61574
58308|6939|1299|20473|36268
37662|174|204548|215728
34800|58057|50673|174|28283|268744|2716
20253|1299|37468|52468|262393
917|60068|1299|56630|209944
50304|1299|3223|34224|12735
31742|1299|6762|16735|273514
28917|6939|6830|58299|211286
17350|6453|174|60068|216213|205884
57821|12586|3257|174|216211|211575
39122|174|3356|28370|28657
4601|6939|28917|39153
139317|44324|32595|174|397650
20205|174|28189|266931|269250|271150
28917|6939|1299|20473|210387
4764|174|37468|61568|266460|61625
6696|1299|174|60068|205884
34927|60011|3356|1299|34927|202532
8298|8283|3491|209810|207187|204943
559|20965|5408|47065|61574
28917|56630|209944
8283|20764|52091|206810|213694
210312|4601|52320|7162|13878|52468|271150
50304|1299|3920|206777
19653|30600|174|399697|39967|399697
3549|3356|174|20723|2852|202874
28917|6939|1299|33522
28917|8359|57304|15935
6894|174|210329|215728
28917|6939|215782
3356|1299|10490|2722|12148|47065|61574
25160|174|204548|215728
47147|1299|6762|267470|263047
6730|6830|3257|22773|8119
28917|6939|62000|198825
8283|6939|29222|204957
29222|6939|62000|198831|212133
28917|6939|1299|62044
58299|62255|52091|206810|196638|42702
29222|6939|12735|15830
3216|1299|3223|34224|12735
6830|3257|22773|8119
1764|174|11432|271150|272738
209650|34927|1299|3257|19318|209896
4601|50869|34019|35600|56648
30781|1299|8551|44709
6424|266460|61625
398465|1299|56504|47674
206356|50629|5511|174|20473|47065|61574
852|33891|216067|44244
23367|3257|174|399697|39967|399697
12779|35598|52091|206810|211101
32590|6453|174|60068|216213|205884
31510|174|20473|47065|61574
139317|44324|32595|174|273205
35266|1299|8551|44709
35369|8218|33891|216067|44244
8298|25091|1299|20473|201423
15605|203489|9002|41327|214169
28917|6939|1299|20473|208505
210312|4601|50869|41051|401315
328840|327727|174|7311|835|394273
58308|6939|1299|21277|212573
29222|6939|205479
44324|32595|174|21826|269946|272993
198249|7195|11432|271150|272738
204092|6939|15372|203592
12637|1299|7195|11432|271150
196621|58115|21263|216282
58308|6939|35133|50917|214677
28917|6939|1299|20473|32434
6730|6830|1299|6855|39904|202605
34288|1299|3223|34224|12735
3214|1299|174|216211|211575
58308|6939|1299|204805
7713|174|3257|20473|47065|61574
4601|6939|28917
22652|1299|60068|216213|205884
47957|33891|216067|44244
8426|3257|174|3130|47065|61574
58308|6939|1299|11279
513|174|3356|28370|28657
5413|1299|174|20473|47065|61574
577|1299|6762|49666|58224|214805
210312|4601|50869|6939|25192|20701
35600|9002|12555
56655|1299|3223|41327
29222|6939|50989|205966
14537|52925|3356|1299|198949|35676
213151|34549|174|3130|47065|61574
28917|6939|7018|394102
209650|34927|1299|201814|209896
513|174|3130|47065|61574
44324|32595|174|1916|47065|61574
34872|24961|8283|47065|61574
35426|215596|174|60068|216213|205884
559|6939|54429
4601|50869|41051|47509
15935|174|35598|52091|206810
28917|6939|1299|198710
29222|6939|7018|154126
37468|174|12956|212721
58308|6939|1299|31242
34800|58057|50673|174|140227|44324|205369
23673|6939|1299|20473|47065|61574
2027|47160|6939|24796
28917|6939|3170|210495
209|3356|174|140227|44324|205369
28917|6939|1299|20473|51939
210312|4601|50869|6939|29222|207688
12859|1299|174|204548|215728
56655|1299|3356|16735|273514
44324|32595|174|57974
210312|4601|50869|34019|201281
34800|58057|50673|174|20473|47065|61574
132825|174|3257|19318|201813
29075|174|8551|20473|47065|61574
57866|1299|20473|30893
44324|7720|10111|1299|3920|206777
29222|6939|15935
44324|7720|10111|1299|198949|35676
60326|34927|174|1916|47065|61574
139317|44324|32595|174|44222|215540
207841|6939|25192|29067
1140|24785|6830|174|37468|61568|266460|61625
55222|174|28283|268744|2716
57777|32787|202161
136557|174|1916|47065|61574
64475|62255|52091|206810|35273
8283|6939|2852|200874
139317|44324|32595|174|91
56655|1299|174|140227|44324|205369
44324|32595|174|28511
58308|6939|12735|57844
199524|3356|174|20723|2852|202874
58308|6939|1299|45147|63859
42473|1299|174|60068|205884
34177|3356|1299|198949|35676
45049|6696|1299|6855|50698
39351|1299|6855|39904|47767
50304|1299|6453|19318|201813
20253|1299|3356|28370|269016
58308|6939|1299|18734|28548
28917|6939|1299|52468|272032
50673|174|52468|262393
20612|9044|1299|3356|8119
45049|6696|1299|42303|51701|30893
35369|8218|33891|60068|211571
4601|50869|58299|207271
61568|174|60068|216213|205884
21412|174|204548|215728
35598|174|56630|209944
3356|174|210329|215728
42541|62255|52091|206810|8274
37105|37662|1299|20473|399970
64475|6939|28370|269016
28917|6939|1299|202196
20932|1299|6461|394737
49544|2914|174|3130|47065|61574
196621|6939|196610
4601|50869|58299|28859
28917|6939|1299|7393
28917|6939|1299|60068|206216
28917|6939|7018|3486
20080|2914|1299|33891|216067|44244
58308|6939|6830|5089
48070|6939|54429|401894
48070|6939|28917|47914
15935|174|3356|3223|34224|12735
13030|1299|6762|267470|263047
58308|6939|1299|396986
8283|6461|9498|20473|47065|61574
7720|10111|1299|20473|47065|61574
29691|1299|174|3130|47065|61574
28917|6939|1299|29802|205749
14907|3356|174|20723|2852|202874
2497|174|35598|52091|206810
58308|6939|1299|39063|29108
56662|25091|12859|47065|61574
553|62255|52091|206810|48595
12637|1299|56504|47674
41327|6939|50989|50683
6453|174|20723|2852|202874
198249|13030|1299|20473|47065|61574
8426|3257|174|20473|47065|61574
58308|6939|1299|397709
59105|2518|1299|198949|35676
13237|1299|3356|28370|263535
28917|6939|1299|23520|273871
12969|1299|3356|28370|264426
50304|1299|174|20473|47065|61574
4637|3257|1299|3920|206777
28917|201814|209896
64475|20473|30893
559|6939|50989
58308|59689|29075|1299|8551|44709
34927|56655|1299|6762|267470|263047
1299|174|21320|5408|47065|61574
39351|174|3257|20473|47065|61574
16260|174|52468|271150
14537|13786|174|5538|8194|29345
12956|174|3130|47065|61574
8220|6453|174|21320|5408|50148
198249|13335|400095
23764|3356|174|20723|2852|202874
7660|2516|1299|198949|35676
13030|1299|7195|11432|271150|272738
58308|6939|1299|13767|13951
35426|215596|1299|3356|28370|53079
44324|32595|174|20135
210312|4601|8298|8283|2914|20473|47065|61574
44324|32595|174|10578
199524|1299|42303|51701|30893
8426|3257|174|201814|209896
196621|6939|30893|204789
35266|2914|174|5538|8194|29345
199524|174|3257|9498|20473|47065|61574
58308|6939|6830|23520|272935|271943
58308|6939|1299|205763
58308|6939|1299|17639|153322
199524|47311|150249|212001|199376
553|6939|2852|210498
9044|1299|6453|19318|209896
22652|174|210|47065|61574
3333|1257|1299|22773|8119
44324|32595|174|6713|37190
23764|1299|35598|52091|206810
29222|6939|50629|207160
209650|34927|1299|20473|399970
29222|1299|22773|8119
199938|1299|3257|19318|209896
15605|35598|52091|206810|214721
44324|32595|174|395500
207841|6939|30893
29504|39392|174|60068|216213|205884
132825|174|6762|49666|58224|214805
28917|6939|7018|36519
19151|174|3356|28370|28657
28917|6939|1299|23520|52238
58308|6939|7018|6621|28613
28917|6939|1299|29447
6461|1299|34927|202827
29222|4601|4492
5405|6939|2852|61110
28917|6939|7018|399611
513|21320|33891|60068|211571
4601|50869|213768
28917|6939|7018|19065
139317|44324|32595|174|32505|62917
207841|6939|28917|12668|51883
3214|1299|174|20473|47065|61574
35600|6939|28370|269016
57381|50304|1299|3356|28370|263963
12637|35598|52091|206810|211692|214268|196977
8220|1299|8551|44709
28917|6939|1299|23520|262191|27951
59891|13030|1299|3920|206777
5413|1299|3257|210329|215728
28917|6939|1299|32934|63293
58308|6939|1299|14080|270018
3130|174|1299|20473|47065|61574
6894|3257|1299|12859|47065|61574
3130|174|201814|209896
50877|5405|6939|39790
1140|24785|6830|174|60068|205884
58308|6939|7018|400005
28917|6939|1299|20473|394935
29222|6939|28917|20985
139317|44324|32595|174|57974
7018|1299|29695|206557
35710|3320|33891|216067|44244
40387|1299|201814|209896
5405|20764|52091
28917|6939|1299|19551
34549|1299|8551|44709
12637|35598|52091|206810|211692|31069
4601|50869|34019|209090
28917|6939|1299|23520|262202
12969|1299|3356|28370|268521
4637|3257|1299|198949|35676
6908|174|35598|52091|206810
3257|1299|3920|206777
58057|34549|3257|1299|20473|201423
49028|1299|3223|41327
42473|1299|1680|20473|47065|61574
28917|6939|1299|20473|153057|153170
2914|1299|6939|24796
5511|1299|3920|206777
12779|39801|199881
6830|6461|210|47065|61574
136557|174|210329|215728
210312|4601|50869|214770
51088|2603|21320|5408|47065|61574
28917|20764|52091|206810|210063
47147|1299|174|204548|215728
12637|35598|52091|206810|39558
58057|50673|174|1299|20473|201423
513|29222|6939|207487|18607
37239|37468|1299|8551|44709
50304|1299|17676|216211|44324|205369
47147|9002|3356|174|3130|47065|61574
52873|12956|3356|21320|5408|47065|61574
28917|6939|200070
1299|7195|28343|2716
210312|4601|50869|41051|215562
46450|33891|216067|44244
58308|6939|7018|4466
58308|6939|6830|23520|270200
58308|6939|32097|64236
28917|6939|7018|25993
29222|6939|61618|267443
58299|62255|52091|206810|12773|47809|59478
41722|12389|1299|174|37468|61568|266460|61625
1403|577|1299|8551|44709
4601|6939|28917|24651|39900
40994|6939|28917|48084|35816
49028|1299|3356|28370|268198
28917|6939|1299|15659
44324|32595|174|984
47160|6939|24796|63293
15605|35598|52091|206810|57164
553|9002|12555|198070
3257|1299|12859|47065|61574
136557|174|1299|3920|206777
50629|6939|28370|28657
35600|6939|54429
28917|6939|1299|21277|13335
9268|4764|174|22381|267470|263047|264389
56655|1299|6762|16735|273514
34854|1299|7195|28260|270548|52794|52659
37468|174|6453|29208
327727|174|6453|19318|201813
58308|6939|6830|23520|273871
6424|7195|20473|47065|61574
852|2914|12859|47065|61574
28917|6939|1299|6400
47311|150249|212001|215379
2516|6939|1299|20473|399970
58308|6939|50629|207160|207510
7018|1299|3920|206777
34177|174|37468|270551|263047
140627|1299|3356|28370|263963
58308|6939|1299|20473|52025
1299|6939|54429
58308|13335|400095
58308|6939|7018|397650
58308|6939|1299|23033|204957
29222|6939|3170|203363
20080|2914|174|20723|2852|202874
50629|20764|52091|206810|35273
28917|6939|1299|14593|40714
32590|1299|198949|35676
8283|20473|47065|61574
20253|1299|6453|1031|61568|266460|61625
8220|1299|56504|47674
20764|174|3491|20473|47065|61574
48070|6939|28917|39238
174|8551|20473|47065|61574
28917|6939|1299|15113
6830|3491|209810|207187|201265
47957|3356|1299|20473|399970
199524|1299|10490|2722|12148|47065|61574
44324|32595|174|201896
210312|4601|50869|205848
57695|917|60068|1299|6939|28370|263060
12637|1299|8551|44709
58308|6939|6830|23520|262191|272153
29504|15935|174|3356|16735|273514
22652|174|11432|271150|272738
139317|44324|32595|174|329082
29222|6939|9136|206236|207921
28917|6939|1299|20473|35085|210960
61049|2603|21320|5408|47065|61574
28917|6939|7018|20057|64011
29222|58115|21263
12637|35598|25308|28917|9049|51017
210312|4601|6939|28917|47478
47147|1299|20473|399970
28917|6939|1299|27947|272819
398465|1299|6855|39904
4601|50869|6939|50989
210937|1299|3356|28370|263535|268030
204092|30781|1299|20473|47065|61574
49028|1299|174|216211|211575
139317|44324|32595|174|398885
57381|50304|1299|6762|267470|263047
64475|62255|52091|44660
1299|6057|28283|268744|2716
34549|1299|3223|41327
559|3320|6855|39904|202605
210312|4601|50869|213768|214161
39122|1299|3356|28370|263060
3170|3223|34224|12735
198249|7195|11432|271150
58308|59689|29075|174|3130|47065|61574
42473|1299|3491|20473|47065|61574
44324|32595|174|54270
58308|6939|47160|205669
28917|6939|48678|212598
271253|6453|1299|20473|399970
28917|6939|7018|13965
9044|1299|20473|47065|61574
29222|174|60068|216213|205884
58308|6939|47787|203020|208414
6830|3491|209810|207187|204943
140627|1299|25091|8298|4601|4492
12859|22356|52468|271150
28917|6939|1299|52468|271948
11845|30844|33891|60068|211571
207841|61049|174|140227|44324|205369
204092|44592|49581|209693
5405|62255|52091|206810|202279
17660|6453|174|210329|215728
327804|37271|174|11432|271150|272738
4601|8298|25091|1299|3920|206777
37497|1299|8551|44709
50629|1299|20473|201423
8455|1299|60068|216213|205884
999|6453|174|28189|266931|269250|271150
971|174|201814|209896
58308|6939|6830|23520|27717|267809
12956|1299|29695|206557|205190
35008|1299|1680|20473|47065|61574
45049|6696|1299|17676|216211|44324|205369
47957|3356|1299|10490|2722|12148|47065|61574
6730|6830|3356|28370|28657
1140|24785|6830|174|3130|47065|61574
28917|6939|1299|262287|396356
139317|44324|32595|174|20473|47065
8888|6939|1299|20473|399970
209650|34927|1299|3356|28370|268521
28917|6939|1299|26375
293|20965|5408|47065|61574
1273|174|20473|47065|61574
398465|174|5538|8194|29345
29222|6939|553|34878
3549|3356|1299|6855|39904|47767
28917|6939|1299|36086
12779|35598|52091|206810|24881|24697
35008|1299|6762|267470|263047
4637|3356|21320|5408|47065|61574
36924|6762|174|11432|271150|272738
139317|44324|32595|174|397301
12969|1299|201814|209896
1299|3356|14840|269288
917|60068|33891|17676|216211|44324|205369
553|1299|7545|20473|47065|61574
198249|58115|209042
31510|174|3257|20473|47065|61574
40994|6939|28917|9110
7018|6939|28370
58308|6939|1299|15164
4601|50869|6939|42695|43101
4230|1299|21351|60132
40387|1299|3356|16735|2716
58308|6939|1299|19693
8220|1299|60068|197103|212080
58308|6939|1299|60068|133944
28917|6939|29670|49933
210937|52025|212895|210320
6057|174|34927|202827
6424|7195|11432|271150|272738
328840|327727|174|30844|21351|60132
29222|6939|25400|31264
58308|6939|1299|20473|210659
29222|6939|35168|48716
7018|1299|60068|211571
28917|6939|7018|4185
4181|1299|1680|20473|47065|61574
60503|6939|1299|20473|399970
6908|174|5511|49666|58224|214805
64475|62255|52091|206810|196638
5413|1299|6453|60068|216213|205884
44324|32595|174|28999
58308|6939|6830|23520|264813
2497|174|56630|209944
139317|44324|32595|174|20473
63927|1299|60068|216213|205884
28917|6939|6424|203020
139317|44324|32595|174|42366
28917|6939|1299|12252
59414|6830|6453|4755|7768
23764|1299|34927|202827
20130|23352|3257|5405|8943|200636
559|6939|28370
44324|32595|174|209847
205206|33891|19318|209896
52075|6762|174|3130|47065|61574
12859|1299|3257|20473|47065|61574
24516|174|7311|835|394273
57111|174|1299|25091|8298|4601|4492
44324|32595|174|7195
58057|174|216211|211575
6830|174|60068|197103|212080
8280|6762|1299|6855|50698
42473|1299|174|22381|267470|263047|264389
48070|1299|3356|28370|268198
28917|6939|29222|204957
34019|8218|21320|5408|47065|61574
60326|34927|174|216211|211575
12637|35598|52091|206810|24881
12637|35598|52091|206810|214210
174|20723|2852|202874
12779|6939|50989|48116
60068|174|20723|2852|202874
47147|1299|20473|30893
6908|174|22381|267470|263047
14907|2914|174|37468|61568|266460|61625
58308|6939|33891|51839
41666|20764|52091|206810|12773|52213
28917|6939|1299|23520|52228
58308|6939|29670|208135
41327|174|60068|216213|205884
559|35598|52091|206810|12773|47809|50780
3356|1299|16276|203019
34800|58057|50673|174|3130|47065|61574
28917|6939|1299|20473|142130
34288|174|52468|262393
24785|6830|174|1916|47065|61574
28917|6939|1299|52468|271977
3170|6939|2852|204772
34927|52025|1299|3223|34224|12735
20205|1299|20473|47065|61574
139317|44324|32595|174|6621
29222|6939|3170|965
202032|58115|21263|56984
204092|34019|266493|61625
28917|6939|15935|198143
42541|62255|52091|206810|56766
132337|174|210|47065|61574
15935|174|6453|29208
25160|174|60068|216213|205884
577|174|20723|2852|202874
29222|6939|3170|210495
29691|1299|8551|44709
57381|50304|1299|174|20473|47065|61574
39122|174|210329|215728
42541|7195|28343|2716
40994|174|20473|47065|61574
13030|21320|5408|47065|61574
8280|5408|47065|61574
58308|6939|56381|209844
34927|1299|12859|47065|61574
5405|6939|30893|199580
4601|50869|52025
139317|44324|32595|174|20278|395092
35280|1299|3920|206777
23352|2914|174|37468|61568|266460|61625
6720|33891|216067|44244
28917|6939|1299|7545
28917|6939|1299|213929
7018|6762|16735|273514
20253|1299|7195|11432|271150|272738
148968|7474|3257|174|210|47065|61574
9268|4764|1299|6855|39904|199604
1031|999|6453|174|5538|8194|29345
2497|1299|6855|50698
8220|3491|174|20473|47065|61574
6424|6939|28917|44056
28917|3257|1299|20473|47065|61574
34800|58057|50673|174|201814|209896
58308|6939|1299|13999
15562|2914|1299|34927|202532
16347|1299|42303|51701|30893
29222|32787|202161
9268|4764|1299|6855|39904
6424|33891|60068|211571
8529|1299|17676|216211|44324|205369
61568|174|140227|44324|205369
577|1299|12956|212721
3130|174|7311|835|394273
28917|6939|1299|3301|206884
5405|62255|52091|206810|196638
58308|6939|1299|20521
58308|6939|7018|30232
139317|44324|32595|174|19982
40994|6939|24796|63293
48070|6939|28917|43714
199938|1299|3356|28370|267608
6424|6939|42695|43101
28917|6939|1299|208905|206815
4764|1299|56504|47674
559|20473|30893
32590|12956|1299|198949|35676
35598|174|3257|21034
58299|13335|5408
42541|62255|52091|206810|214721|204108
139317|44324|32595|174|393770
16552|1299|3356|28370
34800|58057|50673|174|3257|20473|47065|61574
8283|2914|226|47065|61574
6424|6939|28917|28907
215596|174|11432|271150
553|6939|2852|197277
204092|6939|54429
7018|3356|3216|51032|41344|39707
28917|6939|1299|20473|54874|57439
57381|50304|12859|47065|61574
34854|13335|5408
3320|1299|20473|399970
52320|174|3130|47065|61574
40994|57463|41327|31617
34177|1299|3356|28370|263963
29222|6939|553|42873
57381|50304|1299|3356|8772|215536
3356|21320|5408|47065|61574
29691|1299|7545|20473|47065|61574
41722|12389|1299|2914|226|47065|61574
58308|6939|6830|33915|208240
559|6939|28370|270962
32590|1299|3356|28370|268521
25152|2497|174|52468|271150
24482|33891|44592|49581|209693
50877|5405|6939|207995
37053|37100|1299|198949|35676
210312|4601|50869|41051|209460
12779|13335|5408
58308|6939|28917|47914
23367|1299|37468|53062|266493|61625
209|3356|174|60068|216213|205884
37697|3491|174|210329|215728
24961|1299|174|37468|61568|266460|61625
12779|7195|28189|266931|271615|273522|271150
210312|4601|50869|58299|209898|211894
553|1299|3257|20473|47065|61574
28917|6939|1299|41231
31742|1299|3356|28370|269016
210312|4601|50869|52025|214508
6696|1299|174|20473|47065|61574
42473|1299|3356|28370|28657
17639|174|21320|5408|47065|61574
28917|6939|200462|215163
199938|1299|174|21320|5408|47065|61574
28917|6939|1299|60284
34019|29632|59682
29222|6939|12555|48430
6830|2914|3223|34224|12735
58308|6939|7018|22600
2734|9498|20473|47065|61574
33891|12859|47065|61574
29222|174|399697|39967|399697
12389|1299|60068|216213|205884
28917|20764|52091|206810|8274
57866|1299|34927|202532
58308|6939|35133|50917|214677|212085
216285|8280|6762|174|216211|211575
9044|174|11432|271150|272738
8298|25091|6830|60068|216213|205884
34872|60144|1299|174|37468|61568|266460|61625
57111|174|1299|8551|44709
148968|7474|3257|174|21320|5408|47065|61574
58308|6939|7018|1341
24785|1299|20473|47065|61574
28917|6939|1299|60068|399244
28624|61568|174|20473|47065|61574
31122|6453|1299|20473|399970
19653|30600|174|3130|47065|61574
28917|6939|1299|52468|273123
29222|6939|12859
19151|174|1299|6855|39904|47767
6830|2914|20473|399970
29222|6939|56595|211879
28624|61568|174|20723|2852|202874
34927|56655|1299|20473|47065|61574
12637|6939|28370|263535
215596|1299|6855|50698
58308|6939|1299|23118
9044|174|1916|47065|61574
28917|6939|1299|20115|40264|14440
553|7195|11432|271150
205206|1299|4230|2716
49788|1299|2914|226|47065|61574
52925|3356|1299|6855|39904|47767
3741|174|3257|19318|201813
202365|50673|174|216211|211575
4601|6939|28917|35539
1299|6939|60432
29222|6939|2852|197277
28917|6939|1299|939
3214|1299|6855|39904|202605
553|62255|52091|206810|214210
34927|60011|3356|1299|8551|44709
139317|44324|32595|174|209847|26383
25220|33891|19318|201813
13830|971|174|6453|4755|7768
16347|1299|6762|267470|263047
50304|1299|8551|44709
327960|174|16276|203019
7713|174|60068|197103|212080
3399|5511|1299|20473|47065|61574
553|174|216211|211575
14907|33891|44592|49581|209693
17350|3356|174|60068|216213|205884
8220|1299|3356|28370|267608
28917|6939|1299|16509|8987
49544|3356|174|60068|205884
35008|1299|29049|49666|205647|49801|204533
58308|6939|1299|16509|200227
41722|12389|1299|3920|206777
139317|44324|32595|174|214206
9002|3356|174|52468|271150
58308|6939|6830|23520|14638|35892
58308|6939|1299|205958
328840|327727|174|3356|8119
29479|50304|1299|6855|50698
6082|174|201814|209896
58308|6939|7018|19106
6908|174|11432|271150
40387|1299|3223|41327
20055|1299|6855|39904|47767
36924|1299|6855|50698
28917|6939|62000|198053
32590|4637|1299|56504|47674
13237|1299|8551|44709
139317|44324|32595|174|18678|273114
210312|4601|50869|52025|212895|215459
17660|2914|174|20473|47065|61574
34288|1299|60068|216213|205884
28917|6939|1299|18734|16960
139317|44324|32595|174|50131
48070|16276|203019
40994|57463|41327|211084
42541|62255|52091|206810|50204
6424|6939|28917|39134
57821|12586|3257|3356|21320|5408|47065|61574
29222|6939|7018|395568
8298|25091|6453|174|20473|47065|61574
37105|37662|174|3356|16735|2716
28917|6939|1299|20473|8079
37100|174|3130|47065|61574
58308|6939|1299|39567
680|33891|60068|211571
37053|37100|174|140227|44324|205369
3170|2603|21320|5408|50148
5413|1299|20473|201423
266213|3356|1299|198949|35676
174|5538|8194|29345
37053|37100|174|5538|8194|29345
58308|6939|48070|204208|47272|215574
49028|1299|6939|28370
28917|6939|1299|52468|271923
36924|1299|20473|47065|61574
29222|6939|262485
48362|1764|5405|61568|266460|61625
15605|6939|25192
16552|1299|3356|28370|263535
2497|174|28283|268744|2716
50673|8283|47065|61574
37721|1299|20473|47065|61574
34927|56655|1299|198949|35676
28917|6939|1299|398705
28917|6939|1299|8151|272329
58308|6939|1299|29264
132847|7474|7473|1299|34927|202532
61568|174|20723|2852|202874
132337|174|60068|211571
6424|6939|54429
42541|264409|61832|266460|61625
19151|2914|1299|34927|202532
34019|6939|25192|29067
6424|6939|207995
58308|6939|28917|50923
28917|6939|1299|22773|54706
64475|6939|28917|198297|51081
205206|1299|29695|206557|208835
49788|1299|20473|201423
198249|34927|202532
28917|6939|1299|31898|26954
4764|1299|6855|50698
21700|174|20723|2852|202874
199938|1299|3356|8119
8298|8283|3491|209810|207187|207242
48362|1299|3356|28370|269016
1140|24785|1299|198949|35676
51185|6762|174|20723|2852|202874
49432|48362|2603|21320|5408|47065|61574
210312|4601|50869|199310|215502
34019|3303|174|20473|47065|61574
44324|13335|400095
328964|37468|174|204548|215728
6424|272713|263390|264054|272619
25091|6830|60068|216213|205884
52320|1299|5511|49666|58224|214805
37721|1299|198949|35676
196621|15576|174|20473|47065|61574
48070|25180|1299|198949|211049
136557|174|20723|2852|202874
52873|12956|1299|6855|39904|199604
40994|6461|9498|20473|47065|61574
12637|6939|28370|28657
57381|50304|1299|198949|35676
50304|1299|56630|209944
56987|1299|6855|39904|202605
553|174|52468|271150
58308|6939|553|34878
13237|1299|3356|28370
57866|5511|174|32595|44324
394256|174|6453|4755|7768
17639|1299|3920|206777
328840|327727|174|35598|52091|206810|211692|214268|196977
29222|6939|35133
57111|174|210|47065|61574
139317|44324|32595|174|7195
6424|174|201814|209896
57111|41327|20764|43298|48678|213865
57777|8298|8283|3491|209810|207187|207242
36924|1299|8551|20473|47065|61574
21232|33891|44592|49581|209693
20514|1299|3223|41327
210312|4601|50869|6939|2852|197277
49544|3356|174|60068|216213|205884
2497|174|1916|47065|61574
28917|20764|52091|206810|39558
19653|30600|174|140227|44324|205369
28917|20764|52091|206810|5598
35600|30781|1299|20473|47065|61574
58308|6939|6830|23520|272935|267845
49028|35280|6453|174|399697|39967|399697
8758|9002|1299|198949|35676
52025|174|201814|209896
62167|3356|21320|5408|47065|61574
44324|32595|174|57225
34177|1299|3356|28370|263535
513|29222|6939|8943
196621|58115|21263|56984
58308|6939|1299|4229
40994|6939|29222|204957
15605|35598|52091|206810|211101
41327|215551|30893|13214|35634
13030|1299|6453|19318|201813
34927|60011|3356|21320|5408|47065|61574
9900|23764|1299|3920|206777
34019|6939|50989|33837
328840|327727|174|35598|52091
8283|20764|52091|206810|39089
210312|4601|50869|6939|196610|48927
13237|1299|3356|28370|263060
7018|3356|1680|44709
32653|3741|174|201814|209896
58308|16276|203019
196621|15576|3356|1299|20473|47065|61574
206499|34549|1299|201814|209896
58308|6939|35826|205311
28917|6939|208731
28917|6939|1299|3301|2799
210312|4601|50869|52025|201676
7018|3356|28370|263963
12956|174|399697|39967|399697
28917|6939|1299|398446
61568|6762|1299|6855|39904
28917|6939|1299|262223
513|174|138997|216211|44324|205369
17660|6453|174|28189|266931|269250|271150
1267|33891|60068|211571
28917|6939|1299|20473|203145
28917|6939|8194|201547
139317|44324|32595|174|22168
36924|1299|3356|28370|263535
3320|1299|7195|20473|47065|61574
58308|6939|12637
35598|1299|8551|44709
28917|6939|268944|271441
24516|174|30844|21351|60132
9268|4764|1299|16164|36032
39351|174|3356|8119
34019|47160|174|20473|47065|61574
35598|1299|20473|399970
45049|6696|1299|16164|36032
6424|6939|59970
39122|1299|3223|41327
28917|6939|1299|262206|18809|13335
199938|1299|10490|2722|12148|47065|61574
28917|6939|1299|3223|5605
6423|20055|174|20723|2852|202874
199938|1299|21351|60132
4601|50869|41051|215980
37468|1299|6855|39904
28917|6939|1299|213138|202169
29680|174|11432|271150
44324|32595|174|32505|62917
49028|1273|3216|51032|41344|39707
398465|4826|1299|20473|399970
139317|44324|32595|174|212551
205206|1299|29695|206557
6730|6830|3257|19318|209896
58299|62255|52091|206810|211692|214268
58308|6939|1299|3301|199215
44324|32595|174|207136
58308|6939|3170|965
29222|6939|50629|215236
4601|50869|215509
58511|3257|174|140227|44324|205369
4601|50869|41051|216339
41666|13335|400095
28917|6939|1299|23520|52286
28917|6939|1299|397515
58308|6939|30893|200690
271253|174|16276|203019
8660|1267|1299|12956|212721
58308|6939|25400|21293
6057|174|201814|209896
41051|58299|33891|216067|44244
328512|37100|1299|6855|39904|47767
34927|1299|6204|44592|49581|209693
55222|1299|3223|34224|12735
37105|37468|174|11432|271150
196621|16276|203019
29222|6939|47160|213873
30600|174|399697|39967|399697
47147|1299|174|210329|215728
14537|3356|1299|198949|35676
28917|6939|1299|212175
6424|6939|2852|61110
28917|6939|1299|20473|131662
6424|1299|198949|35676
49673|3216|33891|60068|211571
4601|50869|215561
8660|1267|33891|216067|44244
15576|3356|1299|20473|47065|61574
210937|1299|6762|49666|58224|214805
58308|6939|1299|44176
28917|6939|6830|23520|272935
36924|1299|3356|28370|269016
8283|3491|20473|47065|61574
58308|6939|1299|12189|400672
139317|44324|32595|174|57933
50304|1299|3223|41327
15605|57463|14840|2716
204092|6939|28917|21453
60068|33891|8298|4601|4492
35280|6453|174|5538|8194|29345
40994|57463|41327|200818
40387|1299|12956|212721
58308|6939|1299|58321
136557|174|6461|394737
12779|6939|42695|43101
58299|174|22381|267470|263047|264389
1836|1299|201814|209896
28917|6939|1299|14525
29222|6939|40994|198510
328964|23764|1299|201814|209896
41722|12389|1299|198949|35676
57111|41327|3223|34224|12735
44324|32595|174|13580
29222|6939|25400|50270
28917|6939|1299|14080|263710
24482|2603|21320|5408|47065|61574
34019|6939|28370|269016
210312|4601|50869|6939|15372|203592
60326|34927|1299|60068|197103|212080
15623|174|210329|215728
328840|327727|174|20723|2852|202874
24785|6830|174|11432|271150|272738
37468|2914|174|32595|44324
57111|41327|20764|43298|48678|210574
139317|44324|32595|174|198725
58057|174|5538|8194|29345
8298|8283|3491|216211|211575
3170|37468|61568|266460|61625
3399|174|30844|21351|60132
3303|174|20473|47065|61574
206356|50629|8551|20473|47065|61574
29222|6939|3170|215453
28917|6939|50698
44324|32595|174|11172|272318
174|21320|5408|47065|61574
6830|6453|4755|7768
58308|6939|1299|12337
6424|1299|8551|44709
28917|6939|1299|23033|399275
5405|62255|52091|206810|56766
42473|1299|6762|16735|273514
44324|32595|174|396949
12637|174|210329|215728
139317|44324|32595|174|207498
50673|174|60068|205884
50629|8551|20473|47065|61574
44324|32595|174|393684
58511|1299|6762|16735|273514
553|62255|52091|206810|197643
35600|35598|52091|206810|56766
58308|6939|7018|26830
29222|6939|12735|212805
58308|6939|28917|197078
136557|174|3257|19318|201813
58308|6939|29222|513|20940
22652|174|140227|44324|205369
199938|1299|2914|226|47065|61574
50629|6461|32787|202161
58308|6939|41720|208229
8283|6453|60068|197103|212080
32595|174|1916|47065|61574
513|29222|6939|8194
139317|44324|32595|174|270126|270215
204092|6939|2852|202874
49788|1299|3257|20473|47065|61574
3741|174|1299|8551|44709
58308|6939|29208|56717
3399|5511|1299|6855|39904
559|6939|393682
8220|1299|3356|20473|47065|61574
28917|6939|1299|42303
6453|1299|29695|206557|208835
58057|174|52468|262393
1140|6830|60068|211571
49605|6762|1299|8551|44709
58308|6939|25192|29067
35320|1299|3920|206777
6762|174|210329|215728
196621|9002|8772|396416
6830|6939|2852|212876
51519|39351|174|20473|47065|61574
28917|6939|1299|42473
6830|5511|60068|206406|210557
12956|1299|29695|206557
15935|174|56630|209944
55720|2914|1299|35598|52091|206810
16347|1299|4230|2716
40994|13046|1299|3326|43009
31510|174|210329|215728
8283|20764|52091|206810|202279
28917|6939|48678|44547
44324|32595|174|51847|61112
3130|174|3356|3223|34224|12735
35426|33891|216067|44244
61568|174|204548|215728
51873|6830|12859|47065|61574
1403|577|1299|25091|8298|4601|4492
